"canonical_direction","fold","train","test","seed"
1,1,0.886313310741654,0.939589344438785,0
2,1,0.832642960129674,0.391784377638519,0
3,1,0.734007816044284,0.565827021921759,0
5,1,0.709030383686811,0.386540922294679,0
4,1,0.696133908523096,0.61183502381311,0
1,2,0.89090674615571,0.891858075678682,0
2,2,0.826390287624461,0.569224483201731,0
3,2,0.73758141590979,0.483619538143951,0
5,2,0.707320941084758,0.51775444898714,0
4,2,0.703715643037884,0.541204693607476,0
1,3,0.890648631946123,0.848060404030868,0
2,3,0.826021202536366,0.865208473591012,0
3,3,0.749957793757506,0.545470150725848,0
5,3,0.715806961255983,0.505688945602016,0
4,3,0.676389154086743,0.657032478202947,0
1,4,0.886888251206513,0.95132032538147,0
2,4,0.828958325321524,0.412822429692299,0
3,4,0.737702118576704,0.527600711560898,0
5,4,0.711745738907306,0.783307596997016,0
4,4,0.717543677294015,0.1682429398631,0
1,5,0.895012229056626,0.729596547934131,0
2,5,0.832454510939283,0.746441708839911,0
3,5,0.732611304911375,0.712113554237602,0
5,5,0.716245721047722,0.675058808506099,0
4,5,0.717842607712834,0.104532358371934,0
1,6,0.910388022023925,0.470077182319411,0
2,6,0.818066915846851,0.636909339730111,0
3,6,0.754995333994402,0.668268954162942,0
5,6,0.712041760313686,0.25138012429471,0
4,6,0.709322367681864,0.246190497869698,0
1,7,0.897909478029704,0.722417362044487,0
2,7,0.842045275451378,0.147257873880957,0
3,7,0.751749232320054,0.515114003268024,0
5,7,0.721819000985964,0.434325138106607,0
4,7,0.695873765491253,0.593718556238769,0
1,8,0.892183532747693,0.845324735301088,0
2,8,0.837131436329058,0.59455799605296,0
3,8,0.732873376534226,0.526087767174449,0
5,8,0.730148052943853,0.302592265950742,0
4,8,0.677870303498522,0.512978182981537,0
1,9,0.894331262746843,0.698848641443169,0
2,9,0.828200556921233,0.750237597923338,0
3,9,0.743705685870507,0.41835566941056,0
5,9,0.731515302852017,-0.186942765487007,0
4,9,0.683628589894293,0.810747525361171,0
1,10,0.891367476019987,0.912186850533915,0
2,10,0.840751120796095,0.503783157021163,0
3,10,0.743817383194295,0.177920664625759,0
5,10,0.704019726184335,0.696253244691372,0
4,10,0.714256885126726,0.468817177860564,0
1,11,0.891228947475927,0.840171955966654,0
2,11,0.831526730088684,0.676717104256208,0
3,11,0.735878851717376,0.720961556298523,0
5,11,0.714274731618474,0.313016995234655,0
4,11,0.71388460164924,0.131754263468246,0
1,12,0.893266805232374,0.845175869285435,0
2,12,0.832123253617566,0.558041803050305,0
3,12,0.74437782953239,0.569179523688809,0
5,12,0.714340936888338,0.495779624712884,0
4,12,0.697026768362124,0.546765547200534,0
1,13,0.893099548597726,0.893168038848759,0
2,13,0.825085686751431,0.380714974206449,0
3,13,0.756884275182199,0.354748727521742,0
5,13,0.726931836676747,0.0797234426268098,0
4,13,0.710954037878366,0.270376480482872,0
1,14,0.893463546865877,0.793187536402051,0
2,14,0.840698669339042,0.591717378792367,0
3,14,0.73872386383118,0.639074804650902,0
5,14,0.70450160056616,0.468354584048635,0
4,14,0.690927516796336,0.638459153940108,0
1,15,0.892859579360693,0.871095320841512,0
2,15,0.827748827423602,0.631123322270796,0
3,15,0.746908787761512,0.268292582504777,0
5,15,0.713052278680801,0.537515811115553,0
4,15,0.702102762477653,0.518922264398266,0
1,1,0.884288406933301,0.884424753654559,1
5,1,0.738581626725975,0.508444624996683,1
2,1,0.710223254598623,0.756461230922043,1
3,1,0.658706522534617,0.495288638894172,1
4,1,0.666852195490756,0.694963434536942,1
1,2,0.883418500008072,0.912309415657257,1
5,2,0.747964152677541,0.310860409426683,1
2,2,0.724862117242441,0.322775695690903,1
3,2,0.674516954175217,0.454354454763617,1
4,2,0.663933475769559,0.69212696866233,1
1,3,0.886296448377839,0.908616398088299,1
5,3,0.76274944490192,0.657692247570944,1
2,3,0.680372905099075,0.370583280000746,1
3,3,0.685551608582532,0.582852556007629,1
4,3,0.671790484070605,0.250466145259134,1
1,4,0.882534977927233,0.93577199024594,1
5,4,0.753143637818019,0.554458440718995,1
2,4,0.717403406140694,0.445437534605785,1
3,4,0.656086806306977,0.678310022098958,1
4,4,0.672107623405253,-0.00669290324345254,1
1,5,0.894947340111525,0.726515020082925,1
5,5,0.767738954374904,-0.0976755568090886,1
2,5,0.712755019047321,0.229853252056128,1
3,5,0.67387686625387,0.233438847067965,1
4,5,0.691477134256214,0.332464520042603,1
1,6,0.889850695967909,0.734012094819861,1
5,6,0.70819464357796,0.43898177084187,1
2,6,0.773351561149162,0.626767633283667,1
3,6,0.690236872848168,0.276344013149856,1
4,6,0.631037400641844,0.175823390313459,1
1,7,0.879002353255428,0.9748503086555,1
5,7,0.756041100255249,0.521887731156285,1
2,7,0.70896128639473,0.610023529989487,1
3,7,0.662925247864775,0.562095004984188,1
4,7,0.666576990889912,0.500107221185016,1
1,8,0.880663686540927,0.934105535936198,1
5,8,0.771148484515129,0.20657048554001,1
2,8,0.686172628991646,0.770427192450146,1
3,8,0.656753953405964,0.600745345692605,1
4,8,0.672046293148898,0.445955170909956,1
1,9,0.888947133249449,0.714737334245022,1
5,9,0.73462642096466,0.393812610195329,1
2,9,0.709608616476238,0.740456264868965,1
3,9,0.655872830888075,0.573646077561565,1
4,9,0.65622156896821,0.557751930755862,1
1,10,0.884795352956494,0.884022839161599,1
5,10,0.74122730961321,-0.11423630608547,1
2,10,0.733376078437607,0.596636328953491,1
3,10,0.643981655688698,0.654637124307172,1
4,10,0.676983973925837,0.454786388867262,1
1,11,0.887416492597431,0.828746723163261,1
5,11,0.770968960041253,0.436189951211006,1
2,11,0.70432037316891,0.0330950309128091,1
3,11,0.674414320409648,0.0766073030786507,1
4,11,0.669197944215412,0.637378107178066,1
1,12,0.883298850874764,0.909394365769838,1
5,12,0.741985186692784,0.54003611078756,1
2,12,0.7028815788664,0.677934821402709,1
3,12,0.67655447799769,0.681014338458676,1
4,12,0.682202108760531,0.501677458208707,1
1,13,0.88212339426624,0.898043825711239,1
5,13,0.776766246091882,0.37380140556277,1
2,13,0.698621866046042,0.743195801129021,1
3,13,0.667897857541101,0.403356179032302,1
4,13,0.688957796296504,0.48047145010262,1
1,14,0.892851274057928,0.678882125148745,1
5,14,0.772498930714087,0.622973978659179,1
2,14,0.688988412990824,0.783147784175734,1
3,14,0.671904121018178,0.546820187037981,1
4,14,0.676211164000007,0.45020945930483,1
1,15,0.88759000255827,0.763855617123875,1
5,15,0.754136982401457,0.658740775418686,1
2,15,0.69353094979328,0.728195822454469,1
3,15,0.666544206109433,0.416200908965634,1
4,15,0.67454986002897,0.342761005864077,1
1,1,0.891299665690448,0.903555127659989,2
2,1,0.782482363257685,0.678686548313313,2
3,1,0.765193177745328,0.692305586438519,2
5,1,0.749282978370425,0.137593795225582,2
4,1,0.723568592483841,0.305219249996398,2
1,2,0.885682659789591,0.941384551247139,2
2,2,0.797786155958244,0.686765714345485,2
3,2,0.761879988623321,0.488721561858483,2
5,2,0.746997460840606,0.236780326189074,2
4,2,0.718037398711082,0.660652744592581,2
1,3,0.893871652495008,0.805991622973621,2
2,3,0.780722717186278,0.743302621546329,2
3,3,0.773550811234031,0.608334132054212,2
5,3,0.741037104424138,0.40953855367288,2
4,3,0.721635735428091,0.586885077577509,2
1,4,0.897946732543818,0.720835245182688,2
2,4,0.796975634286226,0.560453249169959,2
3,4,0.764510195724463,0.326067111677744,2
5,4,0.7427986367584,0.472247055478609,2
4,4,0.711248807914853,0.725981898453152,2
1,5,0.884950413148628,0.95431569981669,2
2,5,0.798575505242511,0.690079743976193,2
3,5,0.756462752416952,0.478836875714815,2
5,5,0.736557429323401,0.455301774270508,2
4,5,0.716398716781953,0.258197705273172,2
1,6,0.893146310808799,0.757543919169099,2
2,6,0.793003659397376,0.623290603038011,2
3,6,0.766720238941606,0.682515661976316,2
5,6,0.72595865729688,0.390003902037973,2
4,6,0.71811263819867,0.382810682492049,2
1,7,0.894663044234942,0.796777116165789,2
2,7,0.797458241838026,0.555662553389251,2
3,7,0.767224427704218,0.264479982342196,2
5,7,0.739877554564036,0.450688127276697,2
4,7,0.722637366092639,0.0554829415328203,2
1,8,0.888539194453535,0.820957117756814,2
2,8,0.801271539763772,0.406894005726344,2
3,8,0.757344839975843,0.558443971774191,2
5,8,0.739655991619476,0.0383858764288629,2
4,8,0.710056768198346,0.389640167015332,2
1,9,0.89735332817894,0.745318249759051,2
2,9,0.796675378158159,0.598205585788428,2
3,9,0.76816669274529,0.29955198139683,2
5,9,0.716807866585719,0.546377920597991,2
4,9,0.727159423513233,0.465790563777283,2
1,10,0.890246596250815,0.868594836808992,2
2,10,0.791238900884221,0.517280133956625,2
3,10,0.758217200173022,0.845855705483164,2
5,10,0.755467355639994,0.649780136107572,2
4,10,0.706821838940249,0.110482928348596,2
1,11,0.885620051124309,0.95318451051967,2
2,11,0.788537538818954,0.538222072452996,2
3,11,0.774148703484186,0.509699575412663,2
5,11,0.73751556154298,-0.22268810765046,2
4,11,0.716703644443777,0.599549084272334,2
1,12,0.888805383687597,0.866978960980453,2
2,12,0.799233260958567,0.573646192693933,2
3,12,0.762664241388807,0.352112331400883,2
5,12,0.723489118518579,0.319751353116122,2
4,12,0.732401845152182,0.55744819226109,2
1,13,0.889732976927673,0.862873911135723,2
2,13,0.790871559755192,0.35570064020199,2
3,13,0.770530683107443,0.613870599814374,2
5,13,0.732303017652665,0.472904917241732,2
4,13,0.721510193915243,0.0996137172975042,2
1,14,0.897381255717818,0.777865752876176,2
2,14,0.801285068984978,0.706965724432123,2
3,14,0.746119623937198,0.824289389252245,2
5,14,0.741177324057654,0.583194887487355,2
4,14,0.71265905877022,0.502293820342934,2
1,15,0.895457463234903,0.817063995415173,2
2,15,0.793628244608278,0.477846463787506,2
3,15,0.77089139558059,0.685191035083518,2
5,15,0.736325011588635,0.250119375115597,2
4,15,0.700288701311296,0.517001189580398,2
1,1,0.886471089939034,0.891882818704102,3
3,1,0.766471781207124,0.565515965625131,3
2,1,0.791753414939545,0.792777692274676,3
5,1,0.710968380456928,0.273256123659558,3
4,1,0.692976138548733,0.351296095787002,3
1,2,0.890210161590315,0.814836678196247,3
3,2,0.787956880180047,0.76231855877072,3
2,2,0.767754422366981,0.86602841381131,3
5,2,0.6908895985738,0.568773625830013,3
4,2,0.70054205046204,0.405899483873462,3
1,3,0.888214299889349,0.873472526450293,3
3,3,0.784397384083115,0.498742910343607,3
2,3,0.7923509605959,0.533834489004507,3
5,3,0.701786619732176,0.505198450961685,3
4,3,0.686913655751853,0.170638475678246,3
1,4,0.887945532189159,0.851114800360165,3
3,4,0.793842488386353,0.242612307287366,3
2,4,0.793586676124674,0.677302651344865,3
5,4,0.706096969887487,0.411160644093183,3
4,4,0.690769174370635,0.203225253635684,3
1,5,0.889187031703951,0.882195083817823,3
3,5,0.7991025808583,0.519619281072375,3
2,5,0.788909480683267,0.669489684999579,3
5,5,0.694353053591144,0.583602827661823,3
4,5,0.689270911777075,0.561925220836954,3
1,6,0.886328449851461,0.86718960277741,3
3,6,0.795806230525488,0.546816742103918,3
2,6,0.768964446837036,0.505421388081865,3
5,6,0.700693463124238,0.442582742191371,3
4,6,0.674517982285137,0.649019571642527,3
1,7,0.896816935555818,0.629349418876321,3
3,7,0.771183396550161,-0.266550275196425,3
2,7,0.799558573697391,0.74500531428222,3
5,7,0.701599895629041,0.673302467845817,3
4,7,0.689039194024003,0.555546329512595,3
1,8,0.890201283973513,0.742079596830242,3
3,8,0.796828996643041,0.165314124097649,3
2,8,0.769403666016318,0.404568186679962,3
5,8,0.712131091653192,0.373730491563663,3
4,8,0.687770901966215,0.0785060363910785,3
1,9,0.890421564045375,0.842182588143871,3
3,9,0.7709061305802,0.430032183922308,3
2,9,0.814281983819994,0.59720350793814,3
5,9,0.707641649310895,0.579827739168185,3
4,9,0.680092229178561,0.464508547839309,3
1,10,0.882584268807015,0.916530545701229,3
3,10,0.805180763649991,0.800637323565995,3
2,10,0.764770289367435,0.714014323319667,3
5,10,0.700928672128211,0.104918569366707,3
4,10,0.669863555833724,0.806565324829223,3
1,11,0.88740012170836,0.799444589819284,3
3,11,0.804942189920191,0.484548504792427,3
2,11,0.775878171934186,0.297105284261401,3
5,11,0.694557100059921,0.598307154401869,3
4,11,0.68718423265963,0.500402446955179,3
1,12,0.886252109797011,0.841787477193791,3
3,12,0.801776609603774,0.743650239567363,3
2,12,0.75748891198475,0.508004279563658,3
5,12,0.712250997492544,0.47744574349241,3
4,12,0.692415173701273,0.258760285599865,3
1,13,0.888417219863738,0.889282326774537,3
3,13,0.783779202730041,0.144782950583096,3
2,13,0.804892685877742,0.517791322189715,3
5,13,0.7246598890059,-0.0189736777439694,3
4,13,0.687721134342712,0.538838767782457,3
1,14,0.89109195274594,0.687560290485972,3
3,14,0.757001300195614,0.207502374883273,3
2,14,0.802050053036274,0.423524938011706,3
5,14,0.712264657776471,0.0734322004931596,3
4,14,0.692743545075381,0.177804276081476,3
1,15,0.895016931886492,0.661679316146541,3
3,15,0.809631016147114,0.556209946681464,3
2,15,0.743593599950023,0.771102468873897,3
5,15,0.697190999386497,0.448575496730399,3
4,15,0.680082856112425,0.524553007420871,3
1,1,0.857548235987602,0.753454176551247,4
4,1,0.672389501275803,0.330864779177441,4
3,1,0.699424784946146,0.623779880093643,4
5,1,0.677378823873734,-0.301475873980127,4
2,1,0.631064585622108,0.349589315063656,4
1,2,0.86582175739305,0.678403701752702,4
4,2,0.676278164934575,0.367387303902377,4
3,2,0.714558897701084,0.68012522508286,4
5,2,0.689624036084898,0.505507717377975,4
2,2,0.632278067741797,0.404168098532068,4
1,3,0.86227418461402,0.723346660355988,4
4,3,0.682966178764533,0.382094293374958,4
3,3,0.69670585151251,0.324707082984627,4
5,3,0.675346829145086,0.283659550233246,4
2,3,0.609627905119868,0.818553247177767,4
1,4,0.850134872731307,0.926242343537478,4
4,4,0.674948117909792,0.302958245133822,4
3,4,0.700686938631409,0.587285284456613,4
5,4,0.628892564547603,0.198112187891638,4
2,4,0.684084174173894,0.8544532863937,4
1,5,0.848865545069105,0.949474939038717,4
4,5,0.673547082976248,0.368371162424413,4
3,5,0.722528995977388,0.320697483836406,4
5,5,0.6783021129145,0.726961653683064,4
2,5,0.621408961036748,0.674416786611773,4
1,6,0.851146933136596,0.901600052597657,4
4,6,0.692284897879711,0.133766390085725,4
3,6,0.715146838880059,0.36450110081558,4
5,6,0.656556598605333,0.585003841222562,4
2,6,0.65997100087116,0.39375757321628,4
1,7,0.857414798322482,0.814632855137909,4
4,7,0.703494032942087,0.274105021457667,4
3,7,0.690283522437597,0.683448032267273,4
5,7,0.703112873866659,-0.0381165206496008,4
2,7,0.617745617135987,0.550027209120124,4
1,8,0.860377069200922,0.805951628496653,4
4,8,0.683663680406563,0.705693111068429,4
3,8,0.680709071401696,0.670233597538833,4
5,8,0.670401943310761,0.169992614090731,4
2,8,0.638416597656553,0.310181864857866,4
1,9,0.848241328717943,0.949406486969721,4
4,9,0.653166774328759,0.478865505949291,4
3,9,0.697612069050328,0.802945762988936,4
5,9,0.67675346867177,0.619063419401849,4
2,9,0.617324475129983,0.771397531700877,4
1,10,0.859297115965955,0.832095770769082,4
4,10,0.68060929315677,0.592744578108028,4
3,10,0.686869581616312,0.423748514166472,4
5,10,0.693362360620405,0.0633125328503545,4
2,10,0.621445917567858,0.446249971521028,4
1,11,0.864412363319472,0.765150028908289,4
4,11,0.689614362437361,0.0284309883705957,4
3,11,0.728051855949746,0.145820690654536,4
5,11,0.65726153781191,0.234522415654064,4
2,11,0.663159462383908,0.661237929770624,4
1,12,0.865638744788312,0.776293686022433,4
4,12,0.693342729576714,0.74260505642973,4
3,12,0.680455791196059,0.709903228487972,4
5,12,0.640608979431608,-0.0864808388883429,4
2,12,0.694307672250779,0.578017431350858,4
1,13,0.859875245361162,0.834362245381462,4
4,13,0.680640321495726,0.580161764442161,4
3,13,0.699811321682024,0.672666534168477,4
5,13,0.648461010047091,0.76997595455488,4
2,13,0.6501905765099,0.645198906310747,4
1,14,0.858378643527984,0.83881136100038,4
4,14,0.67226658944932,0.739973748218007,4
3,14,0.705140034530023,0.751025789482799,4
5,14,0.673896486821075,0.661719806010758,4
2,14,0.62154957059447,0.600897741560448,4
1,15,0.85779691850128,0.846108894544364,4
4,15,0.725224101211173,-0.14175375270386,4
3,15,0.677221516467611,0.576959114805579,4
5,15,0.663425201001683,0.546968691489865,4
2,15,0.638289194028597,0.721623902158589,4
1,1,0.86628305037622,0.846847742555567,5
4,1,0.785301583143649,0.39403427769317,5
2,1,0.705507658933522,0.584208187609105,5
3,1,0.68753863652638,0.516429394287335,5
5,1,0.626906833377199,0.523328254348395,5
1,2,0.869145166435079,0.832530437674733,5
4,2,0.755665321232568,0.578215441527555,5
2,2,0.717460262753768,0.618291117693743,5
3,2,0.692972689807965,0.528395361245094,5
5,2,0.636028078984829,0.420541006617626,5
1,3,0.870794005692247,0.766316623028738,5
4,3,0.738157093397256,0.532284172337318,5
2,3,0.745646697451467,0.549473346146777,5
3,3,0.67105878381557,0.291247841410617,5
5,3,0.630177968188199,0.250539668414582,5
1,4,0.863657885150782,0.87570042100039,5
4,4,0.762969008436518,0.244579420313486,5
2,4,0.725533590236325,0.511581846638473,5
3,4,0.688787018594838,0.33877813739025,5
5,4,0.641031418094399,0.0472034768979953,5
1,5,0.862776846144408,0.906994015794487,5
4,5,0.727672396450837,0.112355773375237,5
2,5,0.778735619874389,0.0944145950559598,5
3,5,0.676032305304452,0.619959076391106,5
5,5,0.651534069001752,0.284240610588439,5
1,6,0.868082347467786,0.829149705544954,5
4,6,0.776037394695478,0.0791792606694717,5
2,6,0.702956861871131,0.639282267614032,5
3,6,0.676507843722514,0.674664826584256,5
5,6,0.627333637199257,0.496677617007979,5
1,7,0.865408789345562,0.817726521969365,5
4,7,0.727704844187813,0.524517620496358,5
2,7,0.725065739096129,0.782822093244705,5
3,7,0.673249285733157,0.675311661569308,5
5,7,0.644073137849611,0.270638331548616,5
1,8,0.864343311919199,0.833857220974255,5
4,8,0.731608515911789,0.637787055631781,5
2,8,0.729352447815423,0.594934251839503,5
3,8,0.679825030866346,0.668562217018663,5
5,8,0.6338712626934,0.158312343447242,5
1,9,0.863366438632708,0.883977658702657,5
4,9,0.72229593295868,-0.0734521692292333,5
2,9,0.765616900727645,0.773790160760867,5
3,9,0.695273739754773,0.630120571592396,5
5,9,0.628583228750869,0.376171790329849,5
1,10,0.863513524263374,0.882017663327812,5
4,10,0.768980144519944,0.79139212745185,5
2,10,0.70566229581077,0.59477124128601,5
3,10,0.693202132415609,0.481681063485595,5
5,10,0.608457189272812,0.697021688521032,5
1,11,0.869641660781902,0.829632632728792,5
4,11,0.724109121821903,0.458633891904684,5
2,11,0.758962005350482,0.834816533347354,5
3,11,0.694611596517197,0.444815367985495,5
5,11,0.634283214477502,0.230791296475874,5
1,12,0.865286295215665,0.839390479946139,5
4,12,0.769319759881888,0.529880115725639,5
2,12,0.703637826789326,0.62613342889467,5
3,12,0.69292763541757,0.510667412770499,5
5,12,0.622921534015359,0.217583400602384,5
1,13,0.862627239168767,0.87633387024121,5
4,13,0.758090188183495,0.210734785929466,5
2,13,0.728054217437876,0.791260507034062,5
3,13,0.687657936712615,0.372658285796518,5
5,13,0.643537192447444,0.581791699908455,5
1,14,0.881376492326763,0.231617353739041,5
4,14,0.74031119111295,0.492413744914798,5
2,14,0.739114131359178,0.673916350250245,5
3,14,0.681123452651185,0.505112656420725,5
5,14,0.657825051643877,0.111934448571971,5
1,15,0.863206605484984,0.867022611451108,5
4,15,0.737336515589964,0.358549728739321,5
2,15,0.692978008994572,0.828280481487042,5
3,15,0.702069013698431,0.348992968644167,5
5,15,0.630317055357425,0.400649388101944,5
1,1,0.87780273738739,0.807315496962849,6
4,1,0.672461459239322,0.255721092974653,6
2,1,0.785474763499128,0.751827240883179,6
3,1,0.687891680605855,0.494426955439616,6
5,1,0.687316790919019,-0.0800136901255792,6
1,2,0.877821640281332,0.774455972230666,6
4,2,0.706375962406355,0.222967100462761,6
2,2,0.738987312980673,0.62601947279816,6
3,2,0.677954339922825,0.646201865204368,6
5,2,0.674461499200824,0.319544759538344,6
1,3,0.87064686426351,0.83703874808031,6
4,3,0.728652047247768,0.692961827729426,6
2,3,0.715525251257214,0.675162216950882,6
3,3,0.686368608418324,0.589752183858978,6
5,3,0.692414609097678,0.258680335446268,6
1,4,0.890081728548377,0.490069745606527,6
4,4,0.745645796396182,0.546732375595583,6
2,4,0.697389333823831,0.573718268882182,6
3,4,0.695178086727182,0.378677337903045,6
5,4,0.681728268858146,0.165166028323389,6
1,5,0.876278405787824,0.686001461721629,6
4,5,0.73356190413252,0.782264781183508,6
2,5,0.693963574624603,0.551816410236533,6
3,5,0.69614542222062,0.587509667798611,6
5,5,0.661772643811073,0.577317914477816,6
1,6,0.874912039148507,0.850227634083774,6
4,6,0.70601620569245,0.147976569077586,6
2,6,0.751155996129799,0.708175776098155,6
3,6,0.695245888651907,0.0632472067568219,6
5,6,0.680257317578246,0.617147501891594,6
1,7,0.873152194962857,0.82300612983342,6
4,7,0.714696546656071,0.304030983126548,6
2,7,0.727282074773793,0.706737036997599,6
3,7,0.681223491496469,0.715997962365663,6
5,7,0.666497200650592,0.39515979337025,6
1,8,0.866791769259845,0.913264167554571,6
4,8,0.678743318804372,0.653859945905171,6
2,8,0.759625062276669,0.545925488926734,6
3,8,0.696136902208067,0.44695145617248,6
5,8,0.678755443806787,0.688961550794907,6
1,9,0.870831499286992,0.889010727214701,6
4,9,0.716928388000319,0.380009625081707,6
2,9,0.722927957894958,0.655609325285723,6
3,9,0.69178594206139,0.554659793570206,6
5,9,0.674609317189329,0.722604911279331,6
1,10,0.872059276207795,0.867408617914661,6
4,10,0.747510537059912,0.54179542558826,6
2,10,0.69912250511191,0.524212747107728,6
3,10,0.680875140983247,0.574580090752645,6
5,10,0.659297166271278,0.602722735819999,6
1,11,0.876056301192848,0.77513496764855,6
4,11,0.718515843339904,0.661458224739605,6
2,11,0.720491277170152,0.53783439081475,6
3,11,0.683002494806516,0.821606255813778,6
5,11,0.675779366819562,0.571200240663684,6
1,12,0.865506933348228,0.970834797889393,6
4,12,0.741353953097291,0.104890907106914,6
2,12,0.692633580014845,0.782942846914271,6
3,12,0.683974088170408,0.526193296940323,6
5,12,0.656805725226125,0.62724979747294,6
1,13,0.870435546213792,0.876762932115956,6
4,13,0.665712109616693,0.702776673906267,6
2,13,0.784096036010907,0.545489648860632,6
3,13,0.683389466018817,0.588639022781494,6
5,13,0.693746405908858,0.25559398260515,6
1,14,0.863777423899094,0.94190598508158,6
4,14,0.70046155545899,0.0440131268148508,6
2,14,0.707074744751853,0.812149115441882,6
3,14,0.698487314226991,0.212532210808372,6
5,14,0.691359598212403,0.217609125927603,6
1,15,0.875122246581781,0.880668414575541,6
4,15,0.720505759520817,0.579502191038501,6
2,15,0.716609120289005,0.527858102689625,6
3,15,0.687222777624016,0.7358356250203,6
5,15,0.683897666370967,0.529522331735859,6
1,1,0.901210337425865,0.72278110199819,7
2,1,0.844545293702645,0.523590246161698,7
3,1,0.748079011078554,0.428849545532582,7
5,1,0.687166490710992,0.317697656494339,7
4,1,0.67189548307782,0.339234580544311,7
1,2,0.897923576514178,0.857386153730586,7
2,2,0.841342074896836,0.683367521249954,7
3,2,0.74199085444991,0.362487319715832,7
5,2,0.68174528283005,0.207273745850183,7
4,2,0.671123103681414,0.276878666652736,7
1,3,0.895327344998344,0.847179503786861,7
2,3,0.843038294871941,0.69883231597572,7
3,3,0.746575467254139,0.405175253622737,7
5,3,0.670537985558305,0.396915246545336,7
4,3,0.665725322474188,0.450401706104952,7
1,4,0.895126026272366,0.862685832007114,7
2,4,0.843933997509871,0.542117695994856,7
3,4,0.725686362863975,0.649807640195315,7
5,4,0.676792738386616,0.319508873501213,7
4,4,0.669447700437499,0.487381756549344,7
1,5,0.893341244072898,0.89823345637083,7
2,5,0.837535476821429,0.731396045588032,7
3,5,0.747204604302137,0.513761570312046,7
5,5,0.658151940996767,0.484224916188442,7
4,5,0.701302155919353,0.213941557653218,7
1,6,0.893412186889498,0.882426127449796,7
2,6,0.846593157602913,0.392432013049561,7
3,6,0.725939491289379,0.84785743141284,7
5,6,0.688059883360778,0.485752221510401,7
4,6,0.671772188740158,0.0622953964847916,7
1,7,0.892449216204133,0.922156609892141,7
2,7,0.843971419689061,0.817730283862736,7
3,7,0.747771747370763,0.432339420963374,7
5,7,0.680793434958908,0.075248500778752,7
4,7,0.687919595095687,0.412815177709694,7
1,8,0.895347733199977,0.863846369810188,7
2,8,0.839215138473756,0.837012252323726,7
3,8,0.735521070219674,0.729281573080614,7
5,8,0.670245632887996,0.481623555742362,7
4,8,0.668095359642014,0.64459305787073,7
1,9,0.895497823504187,0.82413135311951,7
2,9,0.830776241695929,0.861850084841455,7
3,9,0.740631466233969,0.706925040885419,7
5,9,0.666366046815009,0.24785701328512,7
4,9,0.675258535743799,0.591619105347485,7
1,10,0.888529436861426,0.948956319477428,7
2,10,0.85127022501434,0.0422619900053972,7
3,10,0.75726644772378,0.681621351242694,7
5,10,0.67375754658208,0.287870989662288,7
4,10,0.65126287524922,0.613292738737768,7
1,11,0.895810987341107,0.881763602061721,7
2,11,0.840699735608367,0.856232274993282,7
3,11,0.74122210313945,0.475657473275847,7
5,11,0.694512730448876,0.233225478501786,7
4,11,0.67848796077644,0.474982173635021,7
1,12,0.898158061909476,0.712560289407269,7
2,12,0.84054005174663,0.787512640718186,7
3,12,0.744159095346301,0.588521041495272,7
5,12,0.689401183077287,0.439615302938591,7
4,12,0.649089389518855,0.7630413448469,7
1,13,0.891724354127362,0.922552105135249,7
2,13,0.851729272723308,0.195588630241948,7
3,13,0.752226126474321,0.48248708322928,7
5,13,0.663811172966451,0.447783670746377,7
4,13,0.676018107563182,0.243557919952189,7
1,14,0.897042149830505,0.868781491304136,7
2,14,0.845057876553134,0.647033323407835,7
3,14,0.7516717158452,0.277263984650901,7
5,14,0.682876786513474,0.39662380742695,7
4,14,0.649926350566456,0.647700541504298,7
1,15,0.907701211766926,0.739371689573584,7
2,15,0.840886024771224,0.640307916172924,7
3,15,0.741623423940356,0.304300052295788,7
5,15,0.674584970055358,0.360945051732393,7
4,15,0.664831944641459,-0.0412318741234063,7
1,1,0.889319383473471,0.810788723866159,8
3,1,0.825068551440906,0.243322328992945,8
2,1,0.738776628637463,0.721112024764694,8
5,1,0.703804989874193,0.0764136399477334,8
4,1,0.726675617393841,0.232440245571549,8
1,2,0.880782466461374,0.844285013115747,8
3,2,0.81764247423849,0.69128127891048,8
2,2,0.72172804266624,0.811780781227183,8
5,2,0.720592599056451,0.271319064630922,8
4,2,0.723032212615327,0.215981322915982,8
1,3,0.887162539275919,0.872381702316213,8
3,3,0.82744859856814,0.244822610157892,8
2,3,0.745871109280434,0.369417987884447,8
5,3,0.70514694098499,0.536108641351518,8
4,3,0.720769711776049,0.36084239960601,8
1,4,0.884806626850511,0.85630507120952,8
3,4,0.824097558494067,0.628295825599418,8
2,4,0.737052953139713,0.612643837350912,8
5,4,0.724973064982734,0.264814055810794,8
4,4,0.739239829461895,0.222615981688692,8
1,5,0.896640833758519,0.566656268724965,8
3,5,0.818070485281402,0.545100442918283,8
2,5,0.750657724688927,0.52968864445108,8
5,5,0.72026421019575,0.372848738316469,8
4,5,0.724575469741272,0.24135320713015,8
1,6,0.888625857724988,0.809690561542547,8
3,6,0.813877555995955,0.763371471878237,8
2,6,0.740004516510687,0.30481620848557,8
5,6,0.720251054488288,0.20915103688738,8
4,6,0.73219373478549,0.188632045671118,8
1,7,0.888471877218497,0.753882823019127,8
3,7,0.818613755268635,0.726162751531562,8
2,7,0.730335351804037,0.731944439759735,8
5,7,0.72710957622807,0.474454008841581,8
4,7,0.726632166119397,0.147538442800013,8
1,8,0.880367285431461,0.878553254253886,8
3,8,0.823582421692083,0.333834132924545,8
2,8,0.735491736677713,0.591269742597442,8
5,8,0.713153453208316,0.685810135779945,8
4,8,0.719054675213733,0.582470916156838,8
1,9,0.888157577754403,0.716921753712116,8
3,9,0.825427044720453,0.695014606446875,8
2,9,0.738354291528972,0.699689783551311,8
5,9,0.708212367619041,0.340799547017017,8
4,9,0.723374242327894,0.337271257391163,8
1,10,0.888669014450993,0.728241907866005,8
3,10,0.808015276240305,0.632086306870534,8
2,10,0.736711579247714,0.410016256821884,8
5,10,0.726929836207611,0.361426728684707,8
4,10,0.720399197083016,0.198112605272656,8
1,11,0.884884547938338,0.876738091040687,8
3,11,0.822708510181354,0.546129448945848,8
2,11,0.750538672849642,0.514494371735804,8
5,11,0.726072940527049,-0.0842486828196455,8
4,11,0.709589853447846,0.615366668414562,8
1,12,0.881271039688134,0.948098229189306,8
3,12,0.811790688915058,0.506888027636481,8
2,12,0.72703938008775,0.320724315115962,8
5,12,0.716683761113722,0.521740918542344,8
4,12,0.721903467332663,0.631589865401865,8
1,13,0.87775838707252,0.96161677877031,8
3,13,0.815179906537616,0.59542939323501,8
2,13,0.727003507047315,0.768470472755101,8
5,13,0.714602830327687,0.447124686068828,8
4,13,0.700709107466171,0.838544108494658,8
1,14,0.879505633090857,0.883096691134336,8
3,14,0.819790113714443,0.627385146955857,8
2,14,0.729943439070433,0.738855242542581,8
5,14,0.720618353133508,0.47304441291502,8
4,14,0.716598598668578,0.30206110799857,8
1,15,0.887718660581024,0.693975926824495,8
3,15,0.823864502671093,0.443080771409368,8
2,15,0.744904410989415,0.314486600547132,8
5,15,0.721139457937258,0.565617061872204,8
4,15,0.705568022937954,0.761310248133166,8
1,1,0.894641881101328,0.88407606146415,9
2,1,0.839951333697084,0.521252007787741,9
3,1,0.761984749140195,0.456624595069437,9
4,1,0.73538295529347,0.417458054803847,9
5,1,0.742991850912781,0.40073632320663,9
1,2,0.894632484173021,0.83283167512995,9
2,2,0.839196682859782,0.810627865286581,9
3,2,0.756205392131729,0.289291939514852,9
4,2,0.721692216296143,0.847928058478024,9
5,2,0.742378515187412,0.4408866901571,9
1,3,0.893419252330186,0.866141913468448,9
2,3,0.848420257068434,0.689054999879328,9
3,3,0.759004236742421,0.487734419287576,9
4,3,0.740261623674959,0.59127771314417,9
5,3,0.73576267130373,0.690210623586097,9
1,4,0.899543300858677,0.736873685434062,9
2,4,0.84021004468833,0.0622175897506902,9
3,4,0.778685115902009,0.207998300743446,9
4,4,0.71699925516681,0.755708702429948,9
5,4,0.746524213932512,0.410755032631391,9
1,5,0.896868184104168,0.774492905651428,9
2,5,0.846311953884152,0.685877107953874,9
3,5,0.756229660959995,0.599259701623553,9
4,5,0.758078879410586,0.202725553257741,9
5,5,0.739232265554523,0.873448572820897,9
1,6,0.89438816057566,0.886158166868112,9
2,6,0.838607359575783,0.641148803653317,9
3,6,0.744066604096647,0.615842763692384,9
4,6,0.758853161037134,0.492869337817433,9
5,6,0.751601234747792,0.146892162120726,9
1,7,0.891665594236163,0.8990181838432,9
2,7,0.840258289370017,0.664714328155762,9
3,7,0.752626976370451,0.611070431529006,9
4,7,0.723508688076943,0.780609437943055,9
5,7,0.734567462886664,0.432495242542923,9
1,8,0.894540218819838,0.870075662963809,9
2,8,0.841283898940466,0.749816969934387,9
3,8,0.751174212869719,0.735573568171186,9
4,8,0.735071991011841,0.403703845612999,9
5,8,0.758617053688261,0.0415311737976987,9
1,9,0.891003939211533,0.892160215763336,9
2,9,0.844925541447432,0.505556856167532,9
3,9,0.755455333536337,0.738112712864532,9
4,9,0.724182559996788,0.669363426193193,9
5,9,0.758678299929764,0.203140486240664,9
1,10,0.9098668800945,0.613975549416838,9
2,10,0.845448471307449,0.639834826733856,9
3,10,0.743041291562501,0.529092538018016,9
4,10,0.747325047637747,0.186839572506413,9
5,10,0.72696177166387,0.625131767905235,9
1,11,0.894446068068518,0.764100725595348,9
2,11,0.835639379633731,0.770520978972198,9
3,11,0.760414575476048,0.561397882782755,9
4,11,0.737916604506389,0.55950691563746,9
5,11,0.739260080378072,0.283607833405825,9
1,12,0.893342649396073,0.900707399325271,9
2,12,0.846422240899526,0.728075114168363,9
3,12,0.757733309373869,0.656093127499121,9
4,12,0.732632257180251,0.510400672421347,9
5,12,0.741156455686565,0.814336926670263,9
1,13,0.893167496117598,0.893723602604708,9
2,13,0.839992548613692,0.343203587962716,9
3,13,0.767372477841991,0.659675305112292,9
4,13,0.734637888960169,0.411424913811501,9
5,13,0.745499082208971,0.04603787129695,9
1,14,0.895252306318498,0.800347260139816,9
2,14,0.846614939626227,0.669212383791858,9
3,14,0.76733804693274,0.311467933876229,9
4,14,0.746402275029213,0.0445188523464283,9
5,14,0.746309349825132,0.188653272491681,9
1,15,0.89084046322883,0.892129942148083,9
2,15,0.832019593326269,0.756315655300823,9
3,15,0.758421111181216,0.440005160129311,9
4,15,0.725436541902686,0.594989151659762,9
5,15,0.746615066262601,0.203276649785481,9
1,1,0.881840221737711,0.873953760259571,10
2,1,0.841261335896619,0.517998631474001,10
4,1,0.740904185739694,0.249648135222241,10
3,1,0.742245522619839,0.617007304419485,10
5,1,0.673783075437551,-0.142956396479602,10
1,2,0.887618915149289,0.77963351485177,10
2,2,0.839810630585323,0.626865071181838,10
4,2,0.743988703293292,0.707781357510877,10
3,2,0.734733326749422,0.311781242084299,10
5,2,0.65556541073303,0.411377408545143,10
1,3,0.895717644503697,0.538023271580292,10
2,3,0.840340239381968,0.533666948550812,10
4,3,0.743814898473169,0.227543193325539,10
3,3,0.739310462636183,0.196587874630361,10
5,3,0.65217671352139,0.383071953768249,10
1,4,0.881011594127652,0.92353404999778,10
2,4,0.82444823973305,0.573758933140975,10
4,4,0.765050096531486,0.366607873520375,10
3,4,0.743718356872772,0.571637049315139,10
5,4,0.661231645600257,0.111176302008668,10
1,5,0.882123006034864,0.878311193736126,10
2,5,0.837652836499392,0.855541714952672,10
4,5,0.729810616648983,0.685838400585796,10
3,5,0.739858650103061,0.570101434236312,10
5,5,0.636249066928939,0.517043835979633,10
1,6,0.884576863382849,0.868026285257193,10
2,6,0.836633383391644,0.763263188807069,10
4,6,0.749264162461354,0.448223470115342,10
3,6,0.739441127934847,0.661327175143998,10
5,6,0.643047916409534,0.520670807363847,10
1,7,0.887850461363625,0.868119555446005,10
2,7,0.83877697005062,0.652358254237877,10
4,7,0.75068877960346,0.748928598628231,10
3,7,0.724502257780314,0.614817860468977,10
5,7,0.654803982426825,0.0952721319014857,10
1,8,0.887990791763492,0.76101118809817,10
2,8,0.835137779736149,0.651208648991957,10
4,8,0.718080996521486,0.740612597955673,10
3,8,0.755382097095041,0.235304666108671,10
5,8,0.663307195416443,0.138574330432449,10
1,9,0.88339579706313,0.87303652796627,10
2,9,0.829979105646566,0.858769626464099,10
4,9,0.745031239283967,-0.381229200872043,10
3,9,0.739273641379352,0.499346417556116,10
5,9,0.655625597103889,0.193906283180784,10
1,10,0.887293862761767,0.738349072718583,10
2,10,0.837103558985829,0.623520340859944,10
4,10,0.739826290224704,-0.593126314192652,10
3,10,0.719215004062317,0.324079942452889,10
5,10,0.651336721733913,0.175569149830514,10
1,11,0.884618995815537,0.860163830039956,10
2,11,0.829465840829572,0.864581453187495,10
4,11,0.746583937721548,0.666942098624674,10
3,11,0.739938101476278,0.468870396010935,10
5,11,0.640014726565708,0.521178474383811,10
1,12,0.883693622566669,0.859698568464381,10
2,12,0.845132756517168,0.421194549646789,10
4,12,0.746685336982915,0.602026544632202,10
3,12,0.732257380255967,0.520653009464371,10
5,12,0.646762032522235,0.368934098492669,10
1,13,0.884742091386203,0.896954291924378,10
2,13,0.848374938315362,0.583375790271547,10
4,13,0.754408204145307,0.399386944421184,10
3,13,0.722100739669563,0.608740146717167,10
5,13,0.647022260689784,0.460147363697012,10
1,14,0.890441760071358,0.791265101169652,10
2,14,0.84538801963673,0.138261392444065,10
4,14,0.757713723814072,0.398424447514452,10
3,14,0.734946961727681,0.60037858014163,10
5,14,0.660864240073844,0.377464848101661,10
1,15,0.893891368807402,0.731299699474893,10
2,15,0.832568312026851,0.926916766202431,10
4,15,0.745669033844391,0.358610141142257,10
3,15,0.740679643616834,0.122449149728715,10
5,15,0.645779668810942,-0.0321006967389609,10
1,1,0.895102209050488,0.793015098494034,11
4,1,0.795470791352397,0.476293247885927,11
2,1,0.780460253236612,0.359100376494675,11
5,1,0.717984986446229,0.14594466080012,11
3,1,0.733449025540332,0.446495968986522,11
1,2,0.889916023127149,0.876224309015736,11
4,2,0.803942868584956,0.382345477987568,11
2,2,0.778670659665536,0.548805521607499,11
5,2,0.735687802815257,0.627416195592105,11
3,2,0.700961829908694,0.643778898061753,11
1,3,0.890506977662827,0.88411381293866,11
4,3,0.802324204751496,0.745237501239668,11
2,3,0.763071078044283,0.484910103563394,11
5,3,0.72501149621312,0.540451458801774,11
3,3,0.69911623778813,0.804017312234582,11
1,4,0.888958883500608,0.865240820132483,11
4,4,0.809462006996079,0.000583853236017207,11
2,4,0.771580381260614,0.358515837464232,11
5,4,0.724165333972365,0.0771924083261948,11
3,4,0.730272762474075,0.74525809091199,11
1,5,0.897293989153754,0.639000575229683,11
4,5,0.817102020617177,0.281893087255925,11
2,5,0.76455780642891,0.790014475511311,11
5,5,0.748007768341744,0.559077598896956,11
3,5,0.698809357739842,0.561935617820322,11
1,6,0.888827824293953,0.901175673591307,11
4,6,0.81286085416031,0.152993755240428,11
2,6,0.745999218722057,0.708793268968212,11
5,6,0.735989506565612,0.6121990045524,11
3,6,0.695391849906494,0.695534904571972,11
1,7,0.892254250206984,0.893187503021032,11
4,7,0.791858116040012,0.596198858403592,11
2,7,0.750349288545554,0.825863775921192,11
5,7,0.746684914465818,-0.0684597741148436,11
3,7,0.711123563922798,0.590752600598746,11
1,8,0.899883862925851,0.729624620282627,11
4,8,0.800388686736111,0.428531880777621,11
2,8,0.770663972901691,0.567962682804536,11
5,8,0.736514414292771,-0.132851166092727,11
3,8,0.741533715115879,0.306036149310312,11
1,9,0.894393082987606,0.779191943159395,11
4,9,0.801890773235612,0.778659815131626,11
2,9,0.76381982330828,0.700735028037834,11
5,9,0.726114135424574,0.711419297934643,11
3,9,0.70018092844955,0.625724840783452,11
1,10,0.89228077870281,0.78088548129549,11
4,10,0.81167287759112,0.624237826357505,11
2,10,0.778035440846768,0.029151248828172,11
5,10,0.738325648570735,0.395093379594076,11
3,10,0.707873187245499,0.343214756945421,11
1,11,0.889239873711686,0.869497572718784,11
4,11,0.796580849610203,0.778977494697783,11
2,11,0.748139946636509,0.661697580176155,11
5,11,0.740852547437951,0.536513015465798,11
3,11,0.712838959224469,0.558891917132267,11
1,12,0.889254837106006,0.899036064553706,11
4,12,0.818132747007702,0.160823669742506,11
2,12,0.761161902860079,0.687670416990726,11
5,12,0.734708769191089,0.142656672887882,11
3,12,0.693249372532027,0.249834344188664,11
1,13,0.894955616591467,0.645428326327437,11
4,13,0.814066794302088,0.326406732899838,11
2,13,0.771502432981061,0.522724450560593,11
5,13,0.737905322138237,0.380498280522237,11
3,13,0.690763138419592,0.585338903990236,11
1,14,0.8960100550277,0.775942361139326,11
4,14,0.796765324649635,0.724826229750242,11
2,14,0.749406349032826,0.780317037144212,11
5,14,0.753398035412846,0.0309260308437765,11
3,14,0.699965486489736,0.727058516042877,11
1,15,0.889402009679734,0.92723554773169,11
4,15,0.80766957712129,0.701316888322791,11
2,15,0.756179225127091,0.523393081931798,11
5,15,0.734513693899039,0.650097582394606,11
3,15,0.694419628556253,0.603266539579532,11
1,1,0.868094908797084,0.878865760183067,12
3,1,0.662258784424922,0.676589183672856,12
2,1,0.717562747274901,0.386452052592259,12
5,1,0.662726229959266,0.201572722554375,12
4,1,0.589708274932109,0.479673580008713,12
1,2,0.87036780481671,0.805959377108982,12
3,2,0.65718180529344,0.523624179160767,12
2,2,0.761985618049885,0.390279723716859,12
5,2,0.639033739790489,0.353057575703965,12
4,2,0.590689532017395,0.264546651478437,12
1,3,0.867978065148248,0.848537144026668,12
3,3,0.657512131108448,0.602470888040003,12
2,3,0.707785596695793,0.725074036038215,12
5,3,0.648349741668139,0.502463528719685,12
4,3,0.582169498193447,-0.0843073882951831,12
1,4,0.864654705388337,0.826286192582659,12
3,4,0.672048313536458,0.121586257238027,12
2,4,0.724856265217043,0.604076335686304,12
5,4,0.659848627874152,0.432058870351008,12
4,4,0.566675287707577,0.551705805738832,12
1,5,0.86201447851197,0.941575862755505,12
3,5,0.673181174544069,0.243630420084487,12
2,5,0.695975346952696,0.843645355435092,12
5,5,0.664823273874777,-0.203999354870274,12
4,5,0.579757953825995,0.419203521930919,12
1,6,0.87131658289095,0.808954313685527,12
3,6,0.675246181444331,0.421565612857943,12
2,6,0.708333524237764,0.543688698183759,12
5,6,0.660002145045788,0.316560547283476,12
4,6,0.559948533019326,0.497897527536147,12
1,7,0.876325108673594,0.801135821104411,12
3,7,0.663766931228451,0.280136277013811,12
2,7,0.741573024461003,0.560068931827832,12
5,7,0.646286681500608,0.52380077825223,12
4,7,0.570198261148942,0.686045915802977,12
1,8,0.880701272023393,0.653467265287905,12
3,8,0.651903388969577,0.547981063071561,12
2,8,0.75121886077525,0.267776944587136,12
5,8,0.578321978153274,-0.00990346834556425,12
4,8,0.631310368603215,0.641566313958927,12
1,9,0.877628883092215,0.599458195227349,12
3,9,0.709566145734456,0.675862418298124,12
2,9,0.653034358450837,0.827820212168487,12
5,9,0.661923892301233,-0.220368148619698,12
4,9,0.573954600994088,0.458046804645875,12
1,10,0.865707985221712,0.937821897174182,12
3,10,0.63473634371425,0.238721581510748,12
2,10,0.76289787249024,0.593312841310026,12
5,10,0.652748852551798,-0.385435209022865,12
4,10,0.593046778157544,0.491141068373037,12
1,11,0.860635443722099,0.955692907620402,12
3,11,0.652148228611692,0.728098514302117,12
2,11,0.728778967975351,0.347183627910852,12
5,11,0.6378694082563,0.687815459651217,12
4,11,0.56234884026147,0.636590489552896,12
1,12,0.872929801747638,0.797296055016273,12
3,12,0.678861460011671,0.274420809184633,12
2,12,0.722147111492482,0.61095872282854,12
5,12,0.666718922715246,0.0682960766260792,12
4,12,0.576115846040204,0.208379400450202,12
1,13,0.867378810799349,0.850407344467399,12
3,13,0.618647085913693,0.690751042509249,12
2,13,0.768273629470887,0.616675660089414,12
5,13,0.663675800550772,0.483378387574273,12
4,13,0.576502095890453,0.0587326008846734,12
1,14,0.876014713715509,0.49036618812728,12
3,14,0.645331145427458,0.541721146727093,12
2,14,0.73116887018275,0.733558669386137,12
5,14,0.642364418601378,0.532634199297059,12
4,14,0.574154249755698,0.678989902494701,12
1,15,0.866224282327681,0.916768777107836,12
3,15,0.631163309674319,0.682877712866562,12
2,15,0.736784524180948,0.801963784634954,12
5,15,0.648455486842287,0.714081241574113,12
4,15,0.590359191432199,0.0624736183718684,12
1,1,0.904854402524883,0.707061686072597,13
4,1,0.815233811565562,0.628464012868697,13
2,1,0.759189132300068,0.707131500581822,13
5,1,0.72666757188529,0.582074285100205,13
3,1,0.691133171998124,0.614395253774262,13
1,2,0.8970074744293,0.882358002199526,13
4,2,0.809743906896917,0.466742607124728,13
2,2,0.770459914152713,0.70122909785278,13
5,2,0.727516565337449,0.344540727144288,13
3,2,0.696938724910515,0.430302911865803,13
1,3,0.899981249862347,0.833950581101661,13
4,3,0.819745125069797,0.182504354667194,13
2,3,0.756225578804591,0.710706499899662,13
5,3,0.701768950380189,0.691236700689633,13
3,3,0.685717625734587,0.533007590314045,13
1,4,0.902609169103954,0.790520113946055,13
4,4,0.787558967524147,0.413087053677879,13
2,4,0.810045697299114,0.514327524322536,13
5,4,0.730600076417289,0.0679566464741107,13
3,4,0.6970762669345,0.34156735822166,13
1,5,0.905016970287301,0.741041871179358,13
4,5,0.81007994229833,0.230182616750498,13
2,5,0.786110198697989,0.306635902663222,13
5,5,0.703755713177365,-0.076882559317492,13
3,5,0.706430375918919,0.769421829665714,13
1,6,0.898565523220321,0.85281350123367,13
4,6,0.832257778746249,0.598383456242104,13
2,6,0.772357940940444,0.640665486755458,13
5,6,0.705579611132033,0.43751726049144,13
3,6,0.677304241410448,0.574963562477649,13
1,7,0.900489337760272,0.829793752379741,13
4,7,0.808559073600126,0.704453904519624,13
2,7,0.77382962450267,0.705041123552568,13
5,7,0.716681914639749,0.621603946040105,13
3,7,0.681877054352963,0.200968290895012,13
1,8,0.892872685764423,0.948542583784304,13
4,8,0.804532810365493,0.437020448941324,13
2,8,0.787541857829589,0.809907449961008,13
5,8,0.699444721395351,0.496107997757194,13
3,8,0.693774238546524,0.508583225289262,13
1,9,0.897113793474326,0.9207630885825,13
4,9,0.805397779466905,0.679320902238448,13
2,9,0.769599618920654,0.790858012315973,13
5,9,0.720893025654043,0.461032422433321,13
3,9,0.693810560628235,0.453215322205654,13
1,10,0.903753328951656,0.692184184970104,13
4,10,0.788699251610422,0.725770015304385,13
2,10,0.80270303710738,0.49711913338767,13
5,10,0.717757041649523,0.38546685010248,13
3,10,0.689169337593315,0.546824373415638,13
1,11,0.900080952145365,0.816956704715703,13
4,11,0.804661043907667,0.508492309226125,13
2,11,0.783129176874348,0.578680932099515,13
5,11,0.719102721979883,0.437614473171183,13
3,11,0.689726717880524,0.065691924466298,13
1,12,0.899952335959174,0.756327503191687,13
4,12,0.777877083217346,0.00657658357839825,13
2,12,0.803254802999314,0.895503427766855,13
5,12,0.74425619182103,-0.0323018522091494,13
3,12,0.688474814554599,0.165128405931891,13
1,13,0.896908191254096,0.933607213933469,13
4,13,0.798405690655783,0.303648510558642,13
2,13,0.790215121004293,0.314040993136269,13
5,13,0.719774225187258,0.533794116745211,13
3,13,0.685248217646131,0.470742431079248,13
1,14,0.897404518372363,0.887314643153969,13
4,14,0.806969322458927,0.527662587831221,13
2,14,0.778235495277408,0.66537586888423,13
5,14,0.725122305917368,-0.0283214058771098,13
3,14,0.684038290988618,0.704759679682503,13
1,15,0.89731067370544,0.901641602709713,13
4,15,0.804702655660422,0.278217992010066,13
2,15,0.788432827651798,0.566246398507702,13
5,15,0.71435570124732,0.10821619352188,13
3,15,0.679984184192901,0.639931086030238,13
1,1,0.869912187614174,0.73945955713919,14
5,1,0.698438897096249,0.145409712726804,14
2,1,0.81788709560489,0.649207372723248,14
3,1,0.679380653327601,0.419589809752525,14
4,1,0.671733826208649,0.308049701038827,14
1,2,0.866125559420104,0.880636534411024,14
5,2,0.71343114536746,0.575953757967445,14
2,2,0.797936945106792,0.823481388406566,14
3,2,0.679750778012744,0.608160076661971,14
4,2,0.678063043653589,0.340146590549557,14
1,3,0.868181462729538,0.791185634590665,14
5,3,0.757889884177631,0.519767521066833,14
2,3,0.73273319929804,0.803512492145536,14
3,3,0.680162506269773,0.566463543413297,14
4,3,0.647056043838216,0.622402297063892,14
1,4,0.866317999124267,0.883333755704701,14
5,4,0.758337610481415,0.685382695499555,14
2,4,0.7219003634319,0.83824038173172,14
3,4,0.701209305031162,0.196347314032966,14
4,4,0.674997161504169,0.446005911454811,14
1,5,0.881465127476188,0.601804955219822,14
5,5,0.740839614562741,-0.0901332990837267,14
2,5,0.78185433305981,0.567651781681533,14
3,5,0.699035558663002,0.560744394808943,14
4,5,0.640302525143445,0.452200976625322,14
1,6,0.860426774287761,0.897745467743373,14
5,6,0.792828904547124,0.282158310321176,14
2,6,0.702738262290381,0.422426697551578,14
3,6,0.698400742331513,0.314610157484229,14
4,6,0.642869263586769,0.508364421074905,14
1,7,0.870156204257194,0.802761722118949,14
5,7,0.788421687783108,0.352526965124409,14
2,7,0.721225328926872,0.652675014261882,14
3,7,0.698219775186549,0.556607979026579,14
4,7,0.659232048180824,0.410042035456523,14
1,8,0.868974532434801,0.81221797726317,14
5,8,0.73643946866023,0.160417070837243,14
2,8,0.756882175113915,0.775778145543414,14
3,8,0.689048491148516,0.285522608955894,14
4,8,0.674838513127304,-0.0480566323370803,14
1,9,0.867503091352311,0.86655392805031,14
5,9,0.796596691088815,0.730162315285241,14
2,9,0.696269405358963,0.687301876562544,14
3,9,0.681366883531344,0.630647333508489,14
4,9,0.667134179650731,0.341296157351318,14
1,10,0.876116018083147,0.741477334145197,14
5,10,0.708687691963052,0.0970372301300484,14
2,10,0.811936058732707,0.34709490167595,14
3,10,0.702955339480023,0.197034525160535,14
4,10,0.665842623143519,0.367179080165626,14
1,11,0.872740376457942,0.80754261237012,14
5,11,0.826940503916682,0.46831853747805,14
2,11,0.68787615985964,0.819833283182171,14
3,11,0.690990748759825,0.239985047196343,14
4,11,0.683240477408587,0.160109626886036,14
1,12,0.868964051081815,0.859207289849085,14
5,12,0.686574664823967,0.174160575359283,14
2,12,0.812583777038799,0.815679727482736,14
3,12,0.683048221792994,0.549813395022478,14
4,12,0.667548656491486,0.631107938526787,14
1,13,0.868377531571782,0.884450759110142,14
5,13,0.686461580942595,0.394604139217203,14
2,13,0.825657623032507,0.849379313546659,14
3,13,0.692953267070588,0.00347212063820614,14
4,13,0.670665253144992,-0.0543115401821833,14
1,14,0.874710122015823,0.711250035642333,14
5,14,0.726252664492895,0.444268822196067,14
2,14,0.756113380138707,0.860604933111576,14
3,14,0.670802775349736,0.886069589221961,14
4,14,0.642796412603654,0.744882841953662,14
1,15,0.871039574965775,0.658509150836891,14
5,15,0.781750954195953,0.593627954356694,14
2,15,0.717636501510483,0.676911217314766,14
3,15,0.692933278687408,0.20063491250222,14
4,15,0.65700372039835,0.396155749914927,14
1,1,0.876298888089154,0.833681921807276,15
5,1,0.772929264574542,0.556406506729111,15
2,1,0.651812123638457,0.625101709478395,15
4,1,0.679708274495384,0.142564165819062,15
3,1,0.694326899647675,0.351462937518806,15
1,2,0.869033711611375,0.96111710972033,15
5,2,0.731309089198434,0.260858395151569,15
2,2,0.671762421955852,0.536970692162458,15
4,2,0.693744633062031,0.51669142518607,15
3,2,0.672667671325861,0.468787766468397,15
1,3,0.881207201264369,0.766897699485222,15
5,3,0.673590129181612,-0.264353891271943,15
2,3,0.760100402865774,0.450026164513686,15
4,3,0.672548090673245,0.807902876657855,15
3,3,0.684318682045038,0.638721649397664,15
1,4,0.877069525303377,0.795157113349631,15
5,4,0.682864919431597,0.696214136598204,15
2,4,0.711590633393685,0.900052506212155,15
4,4,0.681668595968218,0.127162600138433,15
3,4,0.685830030294385,0.702046653356756,15
1,5,0.877486675872855,0.802000383318745,15
5,5,0.737217989152531,0.33678072436329,15
2,5,0.660268352641026,0.850287766958382,15
4,5,0.66726729241033,0.857663130413931,15
3,5,0.700780416654201,0.305618003917356,15
1,6,0.879331734562882,0.799224435389783,15
5,6,0.689820900222655,0.708356809838946,15
2,6,0.704003288733952,0.748714289953516,15
4,6,0.684365057040311,0.40718999624321,15
3,6,0.695159786498278,0.632591924189451,15
1,7,0.872417040141453,0.905968218477837,15
5,7,0.730281611681845,0.226287630732295,15
2,7,0.66891909706496,0.78342197634485,15
4,7,0.662316876128119,0.617760199888125,15
3,7,0.697840593586755,0.783288668980272,15
1,8,0.874847062912833,0.839933976964589,15
5,8,0.667655713490353,0.303921050978756,15
2,8,0.736415040833871,0.665877864481367,15
4,8,0.671485568345928,0.704904945005162,15
3,8,0.670401307787769,0.395216174110212,15
1,9,0.876090052773236,0.856344896144302,15
5,9,0.690016045853812,-0.0050624646353662,15
2,9,0.759834850994418,0.324105220379912,15
4,9,0.699508481161912,0.594038273466573,15
3,9,0.699475350182464,0.458878922417014,15
1,10,0.874668112676464,0.839487377253537,15
5,10,0.656262009807361,0.467336074246502,15
2,10,0.736130555803788,0.837537220134341,15
4,10,0.678775152512122,0.102459211304746,15
3,10,0.694808049803902,0.359543158235666,15
1,11,0.879577946410038,0.569270595522019,15
5,11,0.746358612858096,0.328793280002614,15
2,11,0.665509447481796,0.654613919210177,15
4,11,0.687114362348573,0.459600553128378,15
3,11,0.688930770365083,0.480486604403387,15
1,12,0.872218625009874,0.85559435652488,15
5,12,0.653985090799145,0.657305530788257,15
2,12,0.738054247159386,0.822469321461625,15
4,12,0.684389852623383,0.547452517684049,15
3,12,0.674582366131922,0.3054320185652,15
1,13,0.871316153379682,0.93443130506991,15
5,13,0.659214473807784,0.318243080730687,15
2,13,0.76340300047804,0.481091290573851,15
4,13,0.675121790144068,0.504148991551576,15
3,13,0.678488575666456,0.550684003654775,15
1,14,0.872639176005809,0.888202689674121,15
5,14,0.690945236744304,0.294820102873593,15
2,14,0.72677950685534,0.575547908690321,15
4,14,0.677720948007523,0.23186225400118,15
3,14,0.668725751171486,0.803124177390878,15
1,15,0.872641047486814,0.902255078878368,15
5,15,0.693250263121902,0.254919085781053,15
2,15,0.714870996790027,0.548669263486982,15
4,15,0.682900195635881,0.29468241277532,15
3,15,0.676749352454347,0.732179448682856,15
1,1,0.880419401379899,0.830732559503951,16
4,1,0.782375676764059,0.66856948429502,16
2,1,0.665309393933478,0.573703363103188,16
3,1,0.677082151492557,0.393156244854632,16
5,1,0.625461132431598,0.636086581500888,16
1,2,0.873662982546867,0.925714186883872,16
4,2,0.770947759456095,0.731263468953462,16
2,2,0.672678546416171,0.593500289759671,16
3,2,0.666809584342136,0.685555715775289,16
5,2,0.625912389605146,0.262109036835808,16
1,3,0.879799441132737,0.837329564638716,16
4,3,0.785019842347006,0.745293265566605,16
2,3,0.659811426159931,0.628016267909919,16
3,3,0.645168576234973,0.828099600149269,16
5,3,0.647029482662039,0.375443849526909,16
1,4,0.88754796482231,0.725032201446331,16
4,4,0.778214553773432,0.849230418349146,16
2,4,0.666974568684786,0.555194637245031,16
3,4,0.689572290288811,0.358246626794647,16
5,4,0.663354297704445,-0.00146399612928731,16
1,5,0.879443088824647,0.817199698558136,16
4,5,0.746380270278611,0.598676815706765,16
2,5,0.688794031099375,0.608799247130288,16
3,5,0.670286782069793,0.576166434499719,16
5,5,0.61409396579719,0.497643374205222,16
1,6,0.874794103192133,0.882558170868928,16
4,6,0.739385745088342,0.693265228706093,16
2,6,0.697731990729192,0.46702463348819,16
3,6,0.688995577269421,0.270585431405581,16
5,6,0.640172132518517,0.290971340014428,16
1,7,0.878679601986628,0.825933091975897,16
4,7,0.747225350146261,0.148342496062895,16
2,7,0.699755953524722,0.49185402456807,16
3,7,0.665413180046553,0.61243257137862,16
5,7,0.633572187606857,0.271749805828159,16
1,8,0.885954954734518,0.806676119369081,16
4,8,0.766307992744471,0.372270691255799,16
2,8,0.678555471213256,0.760597846577083,16
3,8,0.684896133673332,0.511241463118851,16
5,8,0.625913109211578,0.436596227421123,16
1,9,0.878139984443605,0.829047150655323,16
4,9,0.790879477271623,0.109266774663102,16
2,9,0.679192127098949,0.127692927226269,16
3,9,0.669904232618403,0.756563654315857,16
5,9,0.621013211163188,0.558802183462369,16
1,10,0.878002128816187,0.902038009320752,16
4,10,0.67480825362285,0.772687840620194,16
2,10,0.729427570208872,0.873673121542559,16
3,10,0.690354948995455,-0.102703092860441,16
5,10,0.631618350881179,0.557412531741471,16
1,11,0.876830166216385,0.896788046182232,16
4,11,0.79728771101498,-0.256410939433982,16
2,11,0.661794592729394,0.637961931734555,16
3,11,0.673822743165236,0.707807336395076,16
5,11,0.635363432835197,0.738543017730416,16
1,12,0.874650366771805,0.912074748833541,16
4,12,0.782359052085148,0.591074619467541,16
2,12,0.653863810327057,0.712597165998081,16
3,12,0.678585327741663,0.548798794801274,16
5,12,0.624140269370758,0.675281319584948,16
1,13,0.88221666388859,0.773964841627974,16
4,13,0.747704490995479,0.626872600870461,16
2,13,0.691401018807525,0.520217240822081,16
3,13,0.688599147734999,0.379300405131708,16
5,13,0.622717259428992,0.106094125587727,16
1,14,0.876195188206236,0.901919440633217,16
4,14,0.80232818339783,-0.0662038992511142,16
2,14,0.668856872441124,0.508357994907039,16
3,14,0.693969718222513,0.355828488707641,16
5,14,0.626857648674098,0.489255524387791,16
1,15,0.87669486011354,0.881862725650197,16
4,15,0.783727246239995,0.578527088052081,16
2,15,0.661432906800994,0.641348054914997,16
3,15,0.686789603797146,0.377292846197997,16
5,15,0.634895596269105,0.113908732315244,16
1,1,0.903221575619875,0.883992425905319,17
2,1,0.838060680440377,0.342815543333995,17
4,1,0.715192994911306,0.653878055093711,17
3,1,0.729082182122245,0.126912139275518,17
5,1,0.682716966739814,0.317542292751337,17
1,2,0.9061372455665,0.735720978631947,17
2,2,0.824552590856045,0.638908042961054,17
4,2,0.735612233400161,0.334058405994762,17
3,2,0.695926589553753,0.704511380430014,17
5,2,0.69381340470627,0.195682278188712,17
1,3,0.898992104641903,0.91907781903201,17
2,3,0.836370472892761,0.0324510033363982,17
4,3,0.716908608653994,0.576500928385605,17
3,3,0.721905790061097,0.755879672426508,17
5,3,0.659596382257697,0.684180419900345,17
1,4,0.896976542196591,0.935989080758353,17
2,4,0.827403814973894,0.766295218214331,17
4,4,0.738197344448268,0.248383625865517,17
3,4,0.7168723551287,0.692574071569254,17
5,4,0.673650009578307,0.356107482958187,17
1,5,0.899755549611285,0.902082969675305,17
2,5,0.823799548542513,0.632722679872515,17
4,5,0.724689946770601,0.214733045876448,17
3,5,0.718858516000951,0.705712814422791,17
5,5,0.669004408643562,0.570313652713596,17
1,6,0.910303948585639,0.577282743210885,17
2,6,0.826500310290317,0.756797164810096,17
4,6,0.734572536776507,0.0530749542176357,17
3,6,0.722519821633598,0.70344824334434,17
5,6,0.682388112029252,0.419708597674919,17
1,7,0.900534336822597,0.891465455188407,17
2,7,0.837751044643917,0.573375763079033,17
4,7,0.710227586722295,0.494024276421822,17
3,7,0.716152747340593,0.187293791961015,17
5,7,0.672170678957918,0.604662069914813,17
1,8,0.904148719142651,0.808623418657178,17
2,8,0.840536628936959,0.535635890507211,17
4,8,0.711538018594079,0.671249330650373,17
3,8,0.723195520021857,0.723925136008786,17
5,8,0.676791696179316,0.543214209750219,17
1,9,0.898634226985772,0.946317090605387,17
2,9,0.814972216946519,0.698035082885534,17
4,9,0.705455210714174,0.793512305939877,17
3,9,0.729551865461018,0.02264240001594,17
5,9,0.683425530953406,0.543549975017519,17
1,10,0.904285541324903,0.851711367792575,17
2,10,0.831461088530683,0.596131615482536,17
4,10,0.722233625113093,0.532203147635919,17
3,10,0.722537775693389,0.660159492078693,17
5,10,0.700502194637145,0.182477817152438,17
1,11,0.898051591496873,0.935302128794871,17
2,11,0.832017572959913,0.536344570050491,17
4,11,0.729239738090116,0.378872930938226,17
3,11,0.714326129854317,0.730715280500495,17
5,11,0.679975004200932,0.686728672029662,17
1,12,0.905695748111364,0.812607232891099,17
2,12,0.824292198299622,0.612951162591107,17
4,12,0.72915091228216,0.224335513692548,17
3,12,0.73847983580437,0.153937268543024,17
5,12,0.673843577750909,0.277405696688705,17
1,13,0.900661227469607,0.869663102956974,17
2,13,0.813250652063746,0.733396674716573,17
4,13,0.733211742975563,0.599923253616532,17
3,13,0.718068039970823,0.578970643380925,17
5,13,0.66200025853622,0.85123128665915,17
1,14,0.903694255435133,0.850156678650652,17
2,14,0.836231397681483,0.412605455531699,17
4,14,0.725539747071855,0.207674319544345,17
3,14,0.726830399963625,0.53000185835496,17
5,14,0.702388751571629,-0.0129329647999973,17
1,15,0.911567525813616,0.604345473952879,17
2,15,0.832064288243322,0.791205625590684,17
4,15,0.716966639454425,0.420787534369531,17
3,15,0.742099929016135,0.340991954784259,17
5,15,0.679102238556245,0.159963709286559,17
1,1,0.862022189614298,0.787774667264536,18
5,1,0.681495034097529,0.122807425273541,18
2,1,0.750536039005577,0.807802926391376,18
3,1,0.68026367878326,0.423025212004162,18
4,1,0.623406299445473,0.5910091483848,18
1,2,0.858010419440155,0.862133499343379,18
5,2,0.708207095164389,0.363679943020203,18
2,2,0.752770860805826,0.794792066080919,18
3,2,0.639951883268498,0.421425720758906,18
4,2,0.612436963533057,0.645923140189882,18
1,3,0.86334409122276,0.772233644981452,18
5,3,0.736456475365819,-0.0630625572459,18
2,3,0.729230822332681,0.423596353446596,18
3,3,0.633904307770995,0.56983173350376,18
4,3,0.614038736313148,0.440953217558403,18
1,4,0.853780478265363,0.965945849552185,18
5,4,0.721732628470424,0.364693007418985,18
2,4,0.743821758743556,0.734270723710982,18
3,4,0.653379876773085,-0.255585530957357,18
4,4,0.662669015457671,-0.324368841361703,18
1,5,0.863666820474766,0.64239069477293,18
5,5,0.694847109966758,0.17823999335611,18
2,5,0.766066757183256,0.640615149836934,18
3,5,0.641793979316885,0.716135906756687,18
4,5,0.623664841872946,0.326928186029107,18
1,6,0.851434215961168,0.932832359086439,18
5,6,0.705725885778443,0.555787431984389,18
2,6,0.745042122092374,0.6719156848039,18
3,6,0.639328463462452,0.348934928045963,18
4,6,0.627040413756714,0.676573488300795,18
1,7,0.861581823866706,0.767757829364747,18
5,7,0.698256765096411,0.54665484964849,18
2,7,0.77676870971921,0.804615523218592,18
3,7,0.595941788922456,0.81583437472609,18
4,7,0.645024711669445,0.19862479586022,18
1,8,0.871350226161541,0.599326480276048,18
5,8,0.748128744775891,0.628153738683062,18
2,8,0.722429906861447,0.641546659461136,18
3,8,0.632844077308201,0.667624612338251,18
4,8,0.611315512337838,0.529279089952741,18
1,9,0.854095488482278,0.931441919728678,18
5,9,0.712725218238858,0.692350802817821,18
2,9,0.757454035747242,0.497810784949726,18
3,9,0.643626203890454,0.655673061687111,18
4,9,0.613954757050369,0.26501940672972,18
1,10,0.858010483773346,0.86256794373381,18
5,10,0.677525069715914,0.552791516474405,18
2,10,0.782994542607553,0.530637873340047,18
3,10,0.64756977720528,0.362417610170499,18
4,10,0.631999936415149,0.170935372043575,18
1,11,0.855323549758738,0.936021831472849,18
5,11,0.712450347962927,0.252107165583905,18
2,11,0.755711190554584,0.623105553563649,18
3,11,0.626278578873663,0.704673823583151,18
4,11,0.623743052104839,0.569129354768761,18
1,12,0.862891010151865,0.700018452853482,18
5,12,0.690786507565726,-0.0112647745760198,18
2,12,0.762109792790444,0.742900498839831,18
3,12,0.644927371652859,0.260244114796627,18
4,12,0.623543958896322,0.355022321185694,18
1,13,0.859672654451559,0.796542585056002,18
5,13,0.709261446254435,0.259370170341581,18
2,13,0.758947809567478,0.685502606567533,18
3,13,0.661100060168663,0.0278082350504715,18
4,13,0.600645438952811,0.641090606336186,18
1,14,0.860860462822717,0.859629963972934,18
5,14,0.727908121540896,0.339996954678328,18
2,14,0.747703507055502,0.498552927410012,18
3,14,0.649027584681875,0.288299078148012,18
4,14,0.633486661885866,0.490994135479976,18
1,15,0.855246153074643,0.862648968242843,18
5,15,0.78599301497735,0.498360815683123,18
2,15,0.696770881699907,0.756591243303919,18
3,15,0.624973983915311,0.454229247596247,18
4,15,0.612524478677589,0.499740373280544,18
1,1,0.872695348783125,0.821878110483555,19
3,1,0.690755100733061,0.637601363101009,19
2,1,0.759820228830935,0.694240591659419,19
4,1,0.686377905368099,0.702182124674139,19
5,1,0.657084374864687,0.621808407905658,19
1,2,0.882162595310462,0.688095092860296,19
3,2,0.694388745993838,0.451523848995925,19
2,2,0.75714053506772,0.805770664715993,19
4,2,0.696021552634184,0.59145111573938,19
5,2,0.644313495027644,0.476671401285322,19
1,3,0.874076244561713,0.894698624149004,19
3,3,0.686088903776177,0.59300033820505,19
2,3,0.769681408631829,0.611118493774873,19
4,3,0.673713851083138,0.640855012410043,19
5,3,0.631259727694081,0.283519640695715,19
1,4,0.876488530787061,0.853922530971097,19
3,4,0.705009517861644,0.420049422663686,19
2,4,0.751281338154021,0.635382474368549,19
4,4,0.710155481158953,0.346733504104284,19
5,4,0.65302445687618,0.611875858037912,19
1,5,0.871474631167848,0.911359358153765,19
3,5,0.705404770944136,0.293301792071252,19
2,5,0.761704735746836,0.575603499665421,19
4,5,0.704639097521078,0.216877278422546,19
5,5,0.649971082981495,0.256789811964427,19
1,6,0.881531574092371,0.743843001168937,19
3,6,0.687281984702773,0.571396884111296,19
2,6,0.768683736786561,0.571031992902869,19
4,6,0.697518082418602,0.341028753413032,19
5,6,0.673550617707062,-0.152154520665054,19
1,7,0.879494969470527,0.692817672978127,19
3,7,0.706622643832862,0.4559929368903,19
2,7,0.773986963057221,0.205687564378748,19
4,7,0.696442131838135,0.371833153394336,19
5,7,0.624485274795424,0.540411400831379,19
1,8,0.882195484744953,0.734785357017968,19
3,8,0.699097783902432,0.557396962754496,19
2,8,0.768518578339295,0.758864299962889,19
4,8,0.694997394732227,0.732918701913415,19
5,8,0.640324881815544,0.265809201212347,19
1,9,0.873646357596731,0.899275472710696,19
3,9,0.693844232190708,0.723547569620152,19
2,9,0.76112328722043,0.483345658255643,19
4,9,0.700598105325913,0.468002003631285,19
5,9,0.634700898225338,0.288720385198616,19
1,10,0.880494872437522,0.64269111521314,19
3,10,0.700508455493337,0.471544942885214,19
2,10,0.76335810207985,0.807416997261755,19
4,10,0.713940043260731,0.266102377517552,19
5,10,0.629886733177464,0.659329267944252,19
1,11,0.870855497098639,0.923577603299004,19
3,11,0.693003668296449,0.494012390368692,19
2,11,0.769392454612905,0.587932136698859,19
4,11,0.672490848756503,0.314806204836196,19
5,11,0.640607081628011,0.281735669546714,19
1,12,0.870679483616985,0.920191509013277,19
3,12,0.693287700033724,0.563966644599684,19
2,12,0.777395184031949,0.254513263207907,19
4,12,0.697361850705261,0.436577810414677,19
5,12,0.629189606265512,0.279027750869185,19
1,13,0.870908200012606,0.910256150626378,19
3,13,0.704627403591028,0.564152389250392,19
2,13,0.770158874464835,0.721118501728055,19
4,13,0.682961979267729,0.413266778546163,19
5,13,0.658187805252851,0.111460560654643,19
1,14,0.871920963047184,0.879830153810934,19
3,14,0.693691770647016,0.438956696996663,19
2,14,0.774421409342884,0.181440232952573,19
4,14,0.678085881289787,0.684708680939827,19
5,14,0.623919159928822,0.297295443302534,19
1,15,0.87149502382706,0.876522226235147,19
3,15,0.696137266743087,0.663472407393702,19
2,15,0.76054010657335,0.586514148994624,19
4,15,0.710057055667459,0.0725728423886046,19
5,15,0.636254537308386,0.113852763825973,19
1,1,0.900847779809922,0.674456689446531,20
5,1,0.809965186801073,0.614782611846711,20
2,1,0.763519244553584,0.634496179372237,20
4,1,0.703270019372359,0.685124181765223,20
3,1,0.724047909020692,0.677300340971876,20
1,2,0.893859174167145,0.801517327832037,20
5,2,0.824034620038207,0.415995258456637,20
2,2,0.757030062950673,0.717870612941683,20
4,2,0.71998072347901,0.43194577755966,20
3,2,0.734022642525863,0.376717512144754,20
1,3,0.88937674509549,0.762346151937391,20
5,3,0.788276320607698,0.516651380586134,20
2,3,0.772098858560441,0.56633228323544,20
4,3,0.723433148153902,0.411506651995256,20
3,3,0.703823017758127,0.59915415881681,20
1,4,0.894268040337369,0.647696043287845,20
5,4,0.809449122156604,0.429485170352727,20
2,4,0.766626677666848,0.568271223270045,20
4,4,0.720106009955587,0.250153767011608,20
3,4,0.713419721738467,0.521142084996999,20
1,5,0.896202660440004,0.799446714565299,20
5,5,0.817344840396296,0.457947081866763,20
2,5,0.761824129715354,0.601633754743464,20
4,5,0.730266976894022,0.294527227882943,20
3,5,0.714492530988741,0.513514952718197,20
1,6,0.889091621103275,0.865092439245511,20
5,6,0.803638685767316,0.45046911169394,20
2,6,0.752928300421985,0.572844300287029,20
4,6,0.732459801580665,0.623409558199172,20
3,6,0.732623994129825,0.42281495121312,20
1,7,0.893904067109356,0.873261831051149,20
5,7,0.791684992180213,0.685197294237483,20
2,7,0.772044902768545,0.483688032919904,20
4,7,0.737810059408677,0.47239956299092,20
3,7,0.719845227552055,0.670502826994992,20
1,8,0.887134794167847,0.95203425245783,20
5,8,0.793873559239453,0.503828647757955,20
2,8,0.770293294775063,0.703667290941911,20
4,8,0.720753147409724,0.0373603576563595,20
3,8,0.714917521372363,0.4099776218886,20
1,9,0.890220843049453,0.909846394909539,20
5,9,0.805562127732076,0.239787330390293,20
2,9,0.777349699269901,0.342796840806058,20
4,9,0.741256732907024,0.330979048986062,20
3,9,0.730651364741398,0.273013236673866,20
1,10,0.887212847864732,0.907847535417787,20
5,10,0.809774228108898,0.261157250662725,20
2,10,0.757451931427125,0.413278072100276,20
4,10,0.722125674675181,0.661264523584345,20
3,10,0.717658907834582,0.249864262773439,20
1,11,0.890484915286499,0.903094722676123,20
5,11,0.810107112544671,0.677982413194913,20
2,11,0.761089003643731,0.324693686664514,20
4,11,0.730962267199229,0.579620138280032,20
3,11,0.724040836232389,0.39706504906068,20
1,12,0.895063835719284,0.749380916255714,20
5,12,0.804157996426216,0.471605825918586,20
2,12,0.769824195133672,0.688598769077571,20
4,12,0.708126466827424,0.754873634221522,20
3,12,0.734723434633523,0.525144901481967,20
1,13,0.894172656830488,0.766469703060641,20
5,13,0.817046879096987,0.415818519101487,20
2,13,0.771530686546761,0.43490043075467,20
4,13,0.716591758776353,0.682965191393991,20
3,13,0.720528016163842,0.465372997625035,20
1,14,0.891598375019333,0.901309609712508,20
5,14,0.7855320753474,0.335259009320809,20
2,14,0.786247158023967,0.674749906937107,20
4,14,0.731997792970452,0.366942224535518,20
3,14,0.709515378900201,0.623067499566193,20
1,15,0.89126631282064,0.868146497672093,20
5,15,0.8041616307191,0.53384684744805,20
2,15,0.763289156085683,0.66878103573188,20
4,15,0.708452510523825,0.500962670189281,20
3,15,0.719124441146722,0.716240172268874,20
1,1,0.869782215538946,0.802512060964912,21
4,1,0.693004812009991,0.646071731788071,21
2,1,0.715123869068806,0.575579617428535,21
3,1,0.636452025988301,0.639784545334478,21
5,1,0.605512329758683,0.633093438978197,21
1,2,0.868390924517062,0.785862040764161,21
4,2,0.725582436462617,0.27900915452036,21
2,2,0.699773513434445,0.832522692907261,21
3,2,0.655932259695418,0.626399870333401,21
5,2,0.648840743470631,0.164139303106745,21
1,3,0.864974503818504,0.869967396265276,21
4,3,0.702219939586743,0.697385891729918,21
2,3,0.705838361054236,0.805589859833404,21
3,3,0.662110414745056,0.506243784006054,21
5,3,0.635850381228714,-0.000430192735713948,21
1,4,0.877511878798616,0.673268382646854,21
4,4,0.711563118055484,0.322275390906125,21
2,4,0.699380531350506,0.747366456427307,21
3,4,0.66274824972596,0.506545884588962,21
5,4,0.607848069255759,0.51072360178052,21
1,5,0.862875493674153,0.921922730740435,21
4,5,0.708959068099728,-0.172357286324833,21
2,5,0.740653309569676,0.515393876006558,21
3,5,0.678852280161562,-0.0742660633513056,21
5,5,0.639807079473323,0.0720753127192029,21
1,6,0.865721064567513,0.823033784127275,21
4,6,0.683963254779863,0.660052168189502,21
2,6,0.715750322699202,0.78872277448961,21
3,6,0.65553737497695,0.615100446949843,21
5,6,0.616087584980865,0.46483834679118,21
1,7,0.867431166646191,0.887813665029151,21
4,7,0.729628027957542,0.562037442143298,21
2,7,0.686824970869761,0.513844541933815,21
3,7,0.638780263953696,0.652506361263333,21
5,7,0.618224058792999,0.24234795916661,21
1,8,0.867693007907647,0.800306519389545,21
4,8,0.668381668959591,0.516740096546916,21
2,8,0.745418443845135,0.739373158590307,21
3,8,0.688317957696548,-0.109298194933858,21
5,8,0.639115926693139,0.45865280491773,21
1,9,0.871182006674731,0.790539359235853,21
4,9,0.710742516930071,0.69580304366453,21
2,9,0.700749611958236,0.580127553877178,21
3,9,0.657684956154378,0.561701867814871,21
5,9,0.641197564633128,0.183557590270975,21
1,10,0.869433822672579,0.813244123257093,21
4,10,0.672384765861312,0.670051364925951,21
2,10,0.743028224455857,0.77764433150039,21
3,10,0.654831766129114,0.517851050134363,21
5,10,0.608543628901676,0.0269352888156197,21
1,11,0.866730740489856,0.879369384391335,21
4,11,0.665877927759586,0.444653563613007,21
2,11,0.779490297387097,0.30998374133066,21
3,11,0.656970540502918,0.609855725850728,21
5,11,0.612241501685288,-0.167438271923986,21
1,12,0.864721562711279,0.946255151928963,21
4,12,0.690259712114893,0.481098110406484,21
2,12,0.734979738245267,0.772146971276827,21
3,12,0.671236460909002,0.280609045477272,21
5,12,0.625612346293436,0.449825729708297,21
1,13,0.867861908810944,0.835431619017498,21
4,13,0.690762871845644,0.356913418597417,21
2,13,0.730756738137695,0.433449668596806,21
3,13,0.668493701666969,0.560847172147511,21
5,13,0.614332532547686,0.455771923351895,21
1,14,0.870312507053975,0.832450044879515,21
4,14,0.665029311127964,0.338109585563323,21
2,14,0.742939530815643,0.843258716081242,21
3,14,0.664135638734016,0.0510737024370537,21
5,14,0.644396433799577,-0.186961142444578,21
1,15,0.863190388674662,0.928121884037768,21
4,15,0.708438289485372,-0.246205652903751,21
2,15,0.731347021355165,0.235509787987049,21
3,15,0.672382103747133,0.646343407367856,21
5,15,0.613447550048223,-0.10913974826891,21
1,1,0.899385801770368,0.866676870896513,22
3,1,0.806240083619847,0.821769035666999,22
2,1,0.752030904916996,0.182177570643784,22
4,1,0.728694014992074,0.16165150843189,22
5,1,0.672101154358732,0.241257688568265,22
1,2,0.901064419499346,0.663007379542065,22
3,2,0.810330042164669,0.545786793440368,22
2,2,0.766936709272714,0.38581822665301,22
4,2,0.716641074657936,0.571539197650802,22
5,2,0.68181371008691,0.243076975597018,22
1,3,0.895807415082852,0.898068976290253,22
3,3,0.822136520309746,0.516455999018752,22
2,3,0.724689456301814,0.864584424681722,22
4,3,0.710860433519718,0.310797392494926,22
5,3,0.649593615197848,0.425312841319851,22
1,4,0.898916159951984,0.81608542757471,22
3,4,0.821556001185728,0.777735633059845,22
2,4,0.74234589642886,0.434376495391592,22
4,4,0.73022894909751,0.349255856162927,22
5,4,0.700240590342681,0.0348197228898819,22
1,5,0.8963856086723,0.843287158769252,22
3,5,0.827736646492125,0.302210089123415,22
2,5,0.732100112725496,0.624618757356687,22
4,5,0.735630628134229,-0.175270251335426,22
5,5,0.66985592202661,0.151636665572858,22
1,6,0.903656727924468,0.729387786232726,22
3,6,0.812796094385231,0.439760754118425,22
2,6,0.73514951272652,0.638406645713335,22
4,6,0.713678183469232,0.738817008905532,22
5,6,0.680307532082195,0.0431174289373978,22
1,7,0.896074042674917,0.925417910677044,22
3,7,0.778963349475244,0.540394417145817,22
2,7,0.778257768359136,0.635641729588696,22
4,7,0.723242437155663,0.609228180512516,22
5,7,0.675600301365247,0.135799539313029,22
1,8,0.897499838146096,0.851069366872597,22
3,8,0.826496860917557,0.330359457590025,22
2,8,0.743339529238661,0.59744963611304,22
4,8,0.721516549276855,0.211160773415032,22
5,8,0.682626314435361,0.354819946095165,22
1,9,0.898804083773935,0.829962736217818,22
3,9,0.823737739472574,0.519478700190102,22
2,9,0.73194524668122,0.64040456738858,22
4,9,0.723041140587436,0.473422744025051,22
5,9,0.673744868646922,0.329434510755393,22
1,10,0.898753663207983,0.821045469724069,22
3,10,0.749589402278699,0.158537435178983,22
2,10,0.817075661639893,0.781255726256866,22
4,10,0.718909601198076,0.731420963352169,22
5,10,0.684038088634874,0.00114263933105987,22
1,11,0.904252731528956,0.631064682907933,22
3,11,0.811470140134946,0.895869984392029,22
2,11,0.728715931161492,0.712016101346972,22
4,11,0.723747202026469,0.328283726169163,22
5,11,0.655116539833446,0.690551990784134,22
1,12,0.899310648846431,0.885184533871229,22
3,12,0.838127483411616,0.250121536865499,22
2,12,0.727829536958716,0.815241047019182,22
4,12,0.719352625794532,0.541567773796257,22
5,12,0.686614882708768,0.0612916513149794,22
1,13,0.897593114676536,0.862788948660713,22
3,13,0.807347077004094,0.53142417995789,22
2,13,0.748774297043319,0.701710125171266,22
4,13,0.723797449706345,0.362866798169936,22
5,13,0.674676544089777,0.371668145327485,22
1,14,0.901058038173016,0.782154790171302,22
3,14,0.816868467579869,-0.0763649470852737,22
2,14,0.746987808509684,0.653899475941052,22
4,14,0.735231182489082,0.280315432930371,22
5,14,0.66159227636452,0.575015045248734,22
1,15,0.891793691225595,0.949510810240617,22
3,15,0.797332546032919,0.382708838807863,22
2,15,0.751789672619338,0.670956929704124,22
4,15,0.720600840733551,0.67476992789014,22
5,15,0.676732455560262,0.399416412481297,22
1,1,0.902608583591755,0.726773143344523,23
3,1,0.819080191091457,0.575729722146854,23
2,1,0.716513078828793,0.898136367909454,23
5,1,0.712157992016547,0.282377841971155,23
4,1,0.663442080530725,0.638230785236165,23
1,2,0.891993577949642,0.933107935912144,23
3,2,0.821810861462356,0.386989999963165,23
2,2,0.732671661509293,0.457229913955621,23
5,2,0.711433690272863,0.208083691846581,23
4,2,0.707824863318214,-0.11290195404501,23
1,3,0.891850406426592,0.964535736354147,23
3,3,0.827720297979814,0.397529965824487,23
2,3,0.723024240134578,0.554348554794112,23
5,3,0.700353643804354,0.789953510398856,23
4,3,0.677054644294184,0.276928165977783,23
1,4,0.895950057460438,0.918891441587168,23
3,4,0.814412561938862,0.824363160243746,23
2,4,0.736512854544112,0.201127162921874,23
5,4,0.708734502735216,-0.134263235058213,23
4,4,0.678224045087933,0.185345727852686,23
1,5,0.905146693434185,0.716612718378308,23
3,5,0.805740546322602,0.486569919870524,23
2,5,0.746712438845016,0.603726481521195,23
5,5,0.708005176698287,0.340226414708151,23
4,5,0.689018891541422,0.200780763677054,23
1,6,0.900054530755563,0.838935936639425,23
3,6,0.812963056945921,-0.226523147649665,23
2,6,0.734319024799913,0.616539049405421,23
5,6,0.710582598399643,-0.0362048710049861,23
4,6,0.668034435016613,0.40723526683757,23
1,7,0.900684843638084,0.835515943422119,23
3,7,0.824029459535922,0.500999614891143,23
2,7,0.728872652631495,0.473289936340175,23
5,7,0.709836990154732,0.402383487641315,23
4,7,0.662699163401905,0.716460789163464,23
1,8,0.902704376541083,0.763617336728296,23
3,8,0.808499802899808,0.684677058214158,23
2,8,0.71338066851205,0.657196182468452,23
5,8,0.705364889567816,0.23725611370039,23
4,8,0.669159783520332,0.73283460534128,23
1,9,0.902333297765859,0.681558186418665,23
3,9,0.80635982069747,0.755880418707936,23
2,9,0.738138652049001,0.686307660691137,23
5,9,0.693626096506451,0.493823524210728,23
4,9,0.679110668462604,0.554741964878148,23
1,10,0.895680157086182,0.906432657662148,23
3,10,0.811557123612428,0.694216983671529,23
2,10,0.725040427554243,0.335674378206809,23
5,10,0.693769281822329,0.395405080011847,23
4,10,0.686600160317767,0.292027826281434,23
1,11,0.895033463037853,0.913845226240833,23
3,11,0.816705169991419,0.689437551588234,23
2,11,0.722382064270141,0.626983239882843,23
5,11,0.694104684575356,0.788564755675625,23
4,11,0.674716453381662,0.474443746664358,23
1,12,0.892449662698695,0.931537187744569,23
3,12,0.819695393522983,0.539601413771368,23
2,12,0.71701592838146,0.762743967454657,23
5,12,0.711436456926293,0.122545091671392,23
4,12,0.666894495276044,0.41065417404809,23
1,13,0.900519968937987,0.776733075741549,23
3,13,0.826144444337519,0.586908893128612,23
2,13,0.71787551068333,0.701476992135741,23
5,13,0.737408569288789,-0.12762860523312,23
4,13,0.712629081126247,-0.0794932583064725,23
1,14,0.899990691327832,0.802007434431601,23
3,14,0.81759477134982,0.568290822197861,23
2,14,0.73466128690395,0.475192598621588,23
5,14,0.691380592086904,0.679799676446292,23
4,14,0.655008073368378,0.574260322876902,23
1,15,0.902052170397219,0.720121051185837,23
3,15,0.796860752911285,0.462953259113947,23
2,15,0.756486165889271,0.59983635388047,23
5,15,0.703347605112651,-0.333169264880875,23
4,15,0.681449756721228,0.506302969056264,23
1,1,0.912288726983912,0.744793008670586,24
2,1,0.789426612181824,0.596352098283584,24
4,1,0.731055373142289,0.576345116552275,24
3,1,0.756804601875022,0.624144389037741,24
5,1,0.71110420827962,0.458656475906981,24
1,2,0.904738956518376,0.946000981018227,24
2,2,0.780456343774612,0.76903910358686,24
4,2,0.744039754555076,0.333279801863012,24
3,2,0.756803338209001,0.611019394624093,24
5,2,0.697061833347021,0.745457152099518,24
1,3,0.911481457343372,0.712904298601123,24
2,3,0.785213870378545,0.576503885937463,24
4,3,0.71131241627031,0.80500331491231,24
3,3,0.738114577005361,0.787129341112176,24
5,3,0.70972945329123,0.354720505907608,24
1,4,0.907918191895971,0.880356452263256,24
2,4,0.78191837066133,0.53836802580334,24
4,4,0.735152546111084,0.596715918673472,24
3,4,0.755794587832916,0.600880978334534,24
5,4,0.712941509397138,0.0610392533156125,24
1,5,0.911328278014552,0.805540866465245,24
2,5,0.794660076209247,0.552915402466132,24
4,5,0.756859353870542,-0.0271310396543506,24
3,5,0.742850876108481,0.818654326834277,24
5,5,0.697137629477974,0.564021607059166,24
1,6,0.904992790485382,0.903856736457723,24
2,6,0.779563245950888,0.78945228409359,24
4,6,0.717316842296608,0.796226334644009,24
3,6,0.746772427273336,0.736695565764743,24
5,6,0.707734627216685,0.794762719779819,24
1,7,0.907714633785434,0.860599218471792,24
2,7,0.78587193531658,0.58945912674696,24
4,7,0.742171330960125,0.42507251260163,24
3,7,0.7687673622438,0.168984465322525,24
5,7,0.738882239324913,-0.283354132449169,24
1,8,0.906317412426378,0.883993309791403,24
2,8,0.802458157395877,0.427297817984151,24
4,8,0.732587033805531,-0.0845256660444399,24
3,8,0.75051255854282,0.208597757644935,24
5,8,0.699516318505999,0.431437375541512,24
1,9,0.906323672041404,0.883968298748256,24
2,9,0.796086690053397,0.108966490220118,24
4,9,0.720879937767157,0.439324247100336,24
3,9,0.741708140882163,0.639690382780685,24
5,9,0.701579741485436,0.551449191417097,24
1,10,0.908010795888564,0.861373013702208,24
2,10,0.786173970223578,0.693550252576626,24
4,10,0.738952961230054,-0.205943866423532,24
3,10,0.75323174641224,0.442297491946628,24
5,10,0.700769689776684,0.391532444162476,24
1,11,0.904189115131417,0.936714310171051,24
2,11,0.779764142039177,0.749102195947477,24
4,11,0.7344651805492,0.499224422795561,24
3,11,0.743491513850782,-0.00580948678685125,24
5,11,0.689169742300552,0.784559733973243,24
1,12,0.905533896272463,0.923474396826463,24
2,12,0.800858662777593,0.488156282533421,24
4,12,0.715872466707266,0.796022407077622,24
3,12,0.766692963175871,0.334570782067733,24
5,12,0.714931212113214,0.310360676496113,24
1,13,0.908438237934368,0.822197169775753,24
2,13,0.793670988699693,0.404267654444102,24
4,13,0.739279726780397,0.313168811536294,24
3,13,0.763724431230349,0.41257304441422,24
5,13,0.698932651764299,0.70249768124167,24
1,14,0.90967442515135,0.816114181655442,24
2,14,0.79829079404497,0.527530331494026,24
4,14,0.728764211296196,0.607585331556332,24
3,14,0.747498615666239,0.528295342178141,24
5,14,0.70685946848118,0.0242936223600425,24
1,15,0.907317937343912,0.875194060288548,24
2,15,0.786420816119131,0.441248901701751,24
4,15,0.713903549423407,0.487697870881129,24
3,15,0.747412841012874,0.781623649795473,24
5,15,0.697373095166129,0.365907588069904,24
1,1,0.892340334074929,0.738604388167259,25
2,1,0.811186819524378,0.253880389595432,25
3,1,0.756904773080403,0.43020667469153,25
4,1,0.714637833173428,0.50094455345367,25
5,1,0.707277006294815,0.67793906898795,25
1,2,0.88875306649673,0.780893541119703,25
2,2,0.815041452466137,0.542624427465119,25
3,2,0.756396764917934,0.590553170132786,25
4,2,0.716770854333897,0.387518891862678,25
5,2,0.712053469853083,0.462793159252956,25
1,3,0.881168041004918,0.947093793361186,25
2,3,0.802413239430651,0.617760128553547,25
3,3,0.753659374791343,0.667066921198918,25
4,3,0.718632126679045,0.284556913055611,25
5,3,0.708438652191348,0.223866172227058,25
1,4,0.897456125232268,0.639071240714808,25
2,4,0.812006908362906,0.279469553381259,25
3,4,0.750263975128418,0.704317759692458,25
4,4,0.719735537763028,0.252644843309185,25
5,4,0.698434090635571,0.309656293034425,25
1,5,0.888871191450626,0.889403412642224,25
2,5,0.817745019083859,0.530492765095057,25
3,5,0.755350677691008,0.623371057478974,25
4,5,0.697726758811106,0.643512413711477,25
5,5,0.692680550177008,0.618464438949777,25
1,6,0.888678698553488,0.73785338204402,25
2,6,0.801350104697425,0.651605969200426,25
3,6,0.752195825946856,0.402534489343693,25
4,6,0.71841971911291,0.451007128426293,25
5,6,0.722720975245301,-0.0418025812026643,25
1,7,0.888376853898948,0.754621973160631,25
2,7,0.809829339886768,0.524558831496615,25
3,7,0.759607777634909,0.324910904563759,25
4,7,0.704260229073718,0.665055855639415,25
5,7,0.710676141998064,0.27665161146572,25
1,8,0.889234540650982,0.741550101564373,25
2,8,0.808851475571739,0.754811137522982,25
3,8,0.754422583063802,0.601924735789476,25
4,8,0.702345058760956,0.522787693623234,25
5,8,0.696094720014203,0.554230557401916,25
1,9,0.892360756986361,0.761739304196284,25
2,9,0.799407738076937,0.828662260595474,25
3,9,0.760529897765062,0.253235935932843,25
4,9,0.716001026902434,0.48094323135886,25
5,9,0.705122469786225,0.586643189390621,25
1,10,0.886356413992922,0.86458644882019,25
2,10,0.796294573940554,0.64607329590621,25
3,10,0.738343019726138,0.615420250065883,25
4,10,0.716484670276647,0.375942734169344,25
5,10,0.714054363932306,0.396280378106678,25
1,11,0.883466748144856,0.926260644973469,25
2,11,0.797811465651829,0.781107932595633,25
3,11,0.757999914308631,0.572218048341813,25
4,11,0.705111897156452,0.737016568706351,25
5,11,0.708170460218931,0.491781030991488,25
1,12,0.888325719348722,0.83691591963205,25
2,12,0.800566563695904,0.440416621239709,25
3,12,0.766772826704325,0.0566106280557144,25
4,12,0.726494585064079,0.387477019161044,25
5,12,0.712988805960862,-0.12456785355138,25
1,13,0.886583356297271,0.850100276489501,25
2,13,0.809488125767029,0.519790873985608,25
3,13,0.7610470688216,0.224419061207849,25
4,13,0.703719503532375,0.633202544503439,25
5,13,0.705200002569154,0.540897451676441,25
1,14,0.881817632424946,0.932108439281691,25
2,14,0.807538889103575,0.542022204112299,25
3,14,0.778994640555027,0.152207806005893,25
4,14,0.70731534370623,0.279592360889437,25
5,14,0.686445541494537,0.653419368621214,25
1,15,0.885115356238006,0.905293275305581,25
2,15,0.81072426646148,0.587386632026849,25
3,15,0.742664271271832,0.741737604091424,25
4,15,0.714938991127059,0.302859360675102,25
5,15,0.712785340139836,0.0505276069681544,25
1,1,0.891843246319521,0.680909123253927,26
2,1,0.825356884864999,0.63815884621247,26
3,1,0.725679142352253,0.467194093323209,26
4,1,0.705612432500082,0.459053664823445,26
5,1,0.718249047936293,0.230393518226276,26
1,2,0.885628374216482,0.877944117488195,26
2,2,0.823874316617297,0.740609265868829,26
3,2,0.725504100046776,0.394048388464861,26
4,2,0.692590201018447,0.464001309962402,26
5,2,0.711770950991059,0.265865967147051,26
1,3,0.883179157363092,0.901769909258993,26
2,3,0.825208790318116,0.518423147194466,26
3,3,0.722433835786713,0.42110283221961,26
4,3,0.736686040771573,0.246657788209253,26
5,3,0.699493805418244,0.579271917066321,26
1,4,0.888053082875131,0.880758368975703,26
2,4,0.816509581944404,0.572224601235331,26
3,4,0.738790668419688,0.34336995459867,26
4,4,0.729491390150379,0.580750845619328,26
5,4,0.702484627720558,0.120295448679417,26
1,5,0.898716383045768,0.609978797488183,26
2,5,0.825194775946262,0.721846681369558,26
3,5,0.741505512430039,0.187287964521266,26
4,5,0.7218832328977,0.536826122464222,26
5,5,0.696662585716399,0.360386944446476,26
1,6,0.883893845822221,0.878462247483567,26
2,6,0.825456226625929,0.645985555998311,26
3,6,0.725503621216234,0.468008428536329,26
4,6,0.694353223724923,0.639431152016917,26
5,6,0.706850495744515,0.0498843341154011,26
1,7,0.883474943587534,0.911954334494049,26
2,7,0.81670838510604,0.61734538128165,26
3,7,0.749124326309786,0.062840552622446,26
4,7,0.708249050855344,0.435720334499375,26
5,7,0.718560400926223,0.0703855576457298,26
1,8,0.882795547806599,0.890113719887073,26
2,8,0.80887597886559,0.716266256880547,26
3,8,0.713110557502899,0.577184544882263,26
4,8,0.720809079517743,0.285923932158265,26
5,8,0.708819664269484,0.564403413575087,26
1,9,0.896908508707681,0.622468874442926,26
2,9,0.809333908760124,0.86753525463119,26
3,9,0.726464673994891,0.538494079587284,26
4,9,0.727959341052547,0.0144436926111439,26
5,9,0.696445068619743,0.547126987463633,26
1,10,0.885907945224696,0.831403103555801,26
2,10,0.813123904581915,0.731488275633231,26
3,10,0.725062260046361,0.506256550758642,26
4,10,0.703550937071557,0.498698731144679,26
5,10,0.691152495454984,0.648729194734159,26
1,11,0.882382393843606,0.916657366262962,26
2,11,0.814942299259354,0.761020599483344,26
3,11,0.716093199612891,0.751331796141237,26
4,11,0.71677504345392,0.470507407596216,26
5,11,0.709051997425688,0.377008509759341,26
1,12,0.884483790780164,0.906351535937676,26
2,12,0.823447563184998,0.657702509412651,26
3,12,0.720719801050161,0.520473914337568,26
4,12,0.725946455944663,0.422379355519841,26
5,12,0.697442826450786,0.0886423553103538,26
1,13,0.887960650764513,0.793264584662053,26
2,13,0.828651330707009,0.525860726123345,26
3,13,0.731245665800665,0.242043499778559,26
4,13,0.715144189345779,0.461403634276865,26
5,13,0.705628939498007,0.335370321373664,26
1,14,0.889681837114262,0.810159448004832,26
2,14,0.827444032817754,0.633161635134073,26
3,14,0.72242852432401,0.727854290381413,26
4,14,0.71975716905413,0.286160692330119,26
5,14,0.703232874632063,0.133605272152472,26
1,15,0.88602649320243,0.843317662287801,26
2,15,0.821360638967874,0.388739677434024,26
3,15,0.696226622553403,0.849886291909363,26
4,15,0.723627538452049,0.534827622042517,26
5,15,0.700671155551131,0.207013302016267,26
1,1,0.873379020203965,0.794870854300997,27
4,1,0.633407484783625,0.775149902198215,27
2,1,0.704546139959813,0.706895189807153,27
5,1,0.563119270570829,0.42023974159842,27
3,1,0.600514103393949,0.671186494048029,27
1,2,0.859789965730748,0.937857195987766,27
4,2,0.602293022354144,0.797814012272811,27
2,2,0.726854735742043,0.320387594076332,27
5,2,0.604043364765225,0.504316458104208,27
3,2,0.609870076956091,0.797990121444651,27
1,3,0.861951463634302,0.886397661120084,27
4,3,0.632812548946933,0.549248193105888,27
2,3,0.727351017479152,0.488179231250238,27
5,3,0.599723759000087,0.522368700583762,27
3,3,0.592473306211271,0.410521993918798,27
1,4,0.862464717690304,0.883596847620977,27
4,4,0.628777275999102,0.422420330303994,27
2,4,0.713916443384682,0.704003401370165,27
5,4,0.618309020119462,0.0127534286362385,27
3,4,0.593551004075863,0.469574098029929,27
1,5,0.869972140224191,0.736397692702116,27
4,5,0.635281933144372,0.108110649566969,27
2,5,0.701407609204777,0.718029931258232,27
5,5,0.612974363538433,0.0783137487434777,27
3,5,0.594717592055145,0.402531271351847,27
1,6,0.861684730779612,0.900231711146236,27
4,6,0.642489523696362,-0.0712245530246011,27
2,6,0.705492817965172,0.631984661231785,27
5,6,0.571220149426721,0.599965755798941,27
3,6,0.636170654981247,0.0736142646630099,27
1,7,0.870976152389283,0.742035892560618,27
4,7,0.616713950361416,0.5681198291661,27
2,7,0.724044037640891,0.713938309482927,27
5,7,0.586720388132801,0.547052193547974,27
3,7,0.615071832275093,0.427346207744381,27
1,8,0.865265928171318,0.864545699405215,27
4,8,0.62867285187183,0.632213020460455,27
2,8,0.70240009082824,0.498520680252596,27
5,8,0.589610930584122,0.44706020516244,27
3,8,0.606453880544171,0.438453736324924,27
1,9,0.868478409829173,0.774993098514459,27
4,9,0.611717887347783,0.442787851893218,27
2,9,0.705745578379544,0.465103149345478,27
5,9,0.624826660548634,-0.271395897047099,27
3,9,0.611517973387721,0.348890017383835,27
1,10,0.864083722879727,0.880226330146642,27
4,10,0.646636848964374,-0.186711985184038,27
2,10,0.728201361422091,0.619430203497922,27
5,10,0.570518586893878,0.373992327763888,27
3,10,0.623891547846975,-0.0829605668049978,27
1,11,0.859857706311162,0.88460814151899,27
4,11,0.621576647829362,-0.114187990281004,27
2,11,0.71423703341283,0.395075853486502,27
5,11,0.611157280405322,0.399069046040979,27
3,11,0.569518502244335,0.353935014663029,27
1,12,0.86084796906889,0.945509154641233,27
4,12,0.625915910236087,0.548609693342797,27
2,12,0.709273090675396,0.903355954258258,27
5,12,0.593306889885221,0.417192881851406,27
3,12,0.581893024519631,0.63876942651415,27
1,13,0.878169791518505,0.726131295909502,27
4,13,0.639452750548212,0.0233328450139371,27
2,13,0.7185656663286,0.664518907733865,27
5,13,0.598598878377639,0.128044042162745,27
3,13,0.606764877419897,0.431296016971378,27
1,14,0.8681669598138,0.734973196553875,27
4,14,0.602100504164957,0.735370502269231,27
2,14,0.683822815254303,0.58093321128391,27
5,14,0.59359738370264,0.609795022397043,27
3,14,0.594151357241299,0.527423973480269,27
1,15,0.85842055247341,0.944457416908315,27
4,15,0.63418850709381,0.252157286408273,27
2,15,0.709996912599772,-0.088418542612215,27
5,15,0.574006549857113,0.434737997872289,27
3,15,0.634339930928393,0.497303672898808,27
1,1,0.898227154333931,0.820040648803345,28
3,1,0.821344488337846,0.591599865320755,28
2,1,0.751004279813242,0.669361915182995,28
4,1,0.750049705424934,0.410634926621956,28
5,1,0.657606471203127,0.295440087661747,28
1,2,0.895958320488951,0.809706230117056,28
3,2,0.80148599219468,0.0874371842134003,28
2,2,0.744454114714774,0.76149725828863,28
4,2,0.752906022093807,0.395803694244491,28
5,2,0.689015160835126,0.437817052677663,28
1,3,0.893692308490398,0.865322526986925,28
3,3,0.802203521916157,0.742404669027184,28
2,3,0.740755131756086,0.611769890901663,28
4,3,0.741950298505033,0.663428921853933,28
5,3,0.699317618233515,0.19834948900892,28
1,4,0.894415083215125,0.866657756116862,28
3,4,0.807575398248181,0.59822672673216,28
2,4,0.749526975030655,0.540488559889509,28
4,4,0.742785835052607,0.718368799551192,28
5,4,0.672997265372141,0.542743915569571,28
1,5,0.896046114849472,0.869281153831908,28
3,5,0.801321755116786,0.502436960185427,28
2,5,0.751098458598897,0.665634210389098,28
4,5,0.740741272730134,0.531901995247675,28
5,5,0.696773008850861,-0.0783930853006951,28
1,6,0.894506869419852,0.837322254128692,28
3,6,0.812976612812736,0.445603528026424,28
2,6,0.741974209349672,0.713171196327711,28
4,6,0.746375211984023,0.169502642998283,28
5,6,0.66830498185705,0.80698061961743,28
1,7,0.893433143268056,0.897077329698101,28
3,7,0.804925713043161,0.735731226580581,28
2,7,0.737403513254875,0.766310316091469,28
4,7,0.745761650649881,0.383589114743263,28
5,7,0.700160045391133,-0.0987479799568023,28
1,8,0.895049363590532,0.85325273545705,28
3,8,0.792298091295118,0.681140975618925,28
2,8,0.754613871275991,0.623976997183773,28
4,8,0.731273854003609,0.393469197289126,28
5,8,0.678708091710997,0.638647751290899,28
1,9,0.892600770715839,0.868270449214467,28
3,9,0.807118522430323,0.105434244978034,28
2,9,0.743566385112897,0.730487965226203,28
4,9,0.742319958992549,0.45588482135462,28
5,9,0.689161496965619,0.420357956036527,28
1,10,0.893601381574655,0.859899219581871,28
3,10,0.802266680984703,0.274592700298265,28
2,10,0.762391724309227,0.740461639175716,28
4,10,0.730278910637807,0.548365901895156,28
5,10,0.684537134421311,0.485398922905815,28
1,11,0.89150424681329,0.920024013690166,28
3,11,0.811121622855271,0.342967372488904,28
2,11,0.73789766947455,0.685754335923311,28
4,11,0.740149642601827,0.567426996748897,28
5,11,0.684418549795055,0.665564049458067,28
1,12,0.898515967238183,0.488763787470065,28
3,12,0.802716958133473,0.511806337691925,28
2,12,0.755745028223078,0.572248443792943,28
4,12,0.759704495003643,0.417017204530841,28
5,12,0.682983830088207,0.467701434738324,28
1,13,0.892500535683649,0.891883433142052,28
3,13,0.787516323513026,0.432335974854407,28
2,13,0.749056964504942,0.740224794402651,28
4,13,0.737502125232922,0.485688794780293,28
5,13,0.670538794206296,0.689950344602792,28
1,14,0.894853224315538,0.855363771175917,28
3,14,0.7891497299212,0.724128010277118,28
2,14,0.752608891759005,0.426372243909971,28
4,14,0.757444132313498,0.281653739346319,28
5,14,0.699542504607836,0.132528171657992,28
1,15,0.896415726395194,0.79569819309635,28
3,15,0.784083078802371,0.633284273933233,28
2,15,0.754697578911368,0.779026972398437,28
4,15,0.750608374713142,0.510223147133629,28
5,15,0.669785289347815,0.383297542579209,28
1,1,0.904319245982332,0.722127908480882,29
3,1,0.815317256029896,0.552934024248436,29
2,1,0.706868316447178,0.776663277863029,29
5,1,0.693356824973979,0.404749138077284,29
4,1,0.669927110607831,0.164730200634186,29
1,2,0.900589139772417,0.87834988149037,29
3,2,0.795663100306176,0.668195613235411,29
2,2,0.728870566008623,0.815879398646471,29
5,2,0.707504587879851,0.204800515337079,29
4,2,0.664880957739516,0.508603715926905,29
1,3,0.89627464344669,0.931005239504918,29
3,3,0.823276296985869,0.309132004198217,29
2,3,0.711050876561742,0.475923897969576,29
5,3,0.694721003404153,0.217265365652356,29
4,3,0.661507734075805,0.327561263149985,29
1,4,0.908316197192696,0.7898685108403,29
3,4,0.80885467649711,0.648198564053426,29
2,4,0.713757806569283,0.648961811707043,29
5,4,0.690532715045458,0.343510135149015,29
4,4,0.692359085411304,0.0185952629053562,29
1,5,0.899598462579543,0.901285902845184,29
3,5,0.811563325738588,0.666409357200543,29
2,5,0.710223632641488,0.514245177790538,29
5,5,0.695789217684674,0.534287617920642,29
4,5,0.675098145168628,0.66900973568288,29
1,6,0.901060035420118,0.850266172718167,29
3,6,0.786265983993847,0.539878554089198,29
2,6,0.756286448242407,0.566766072906555,29
5,6,0.70715318857879,0.150247653447586,29
4,6,0.688589889600328,0.230642336616629,29
1,7,0.900129589883257,0.832321178501373,29
3,7,0.803884898613129,0.739116411716579,29
2,7,0.719623385405929,0.458554145246827,29
5,7,0.700712717311688,-0.0169700201045529,29
4,7,0.668327787755956,0.394367975301237,29
1,8,0.912053286781967,0.567635079254892,29
3,8,0.81552867267544,0.58146446368095,29
2,8,0.711628157509483,0.366348893846255,29
5,8,0.71685463001812,0.134422725334284,29
4,8,0.671411835512534,0.440995764532912,29
1,9,0.906159643115563,0.742085609775171,29
3,9,0.817387295344163,0.453027350065134,29
2,9,0.707444449654406,0.736274483019477,29
5,9,0.688375426877398,0.534338254785131,29
4,9,0.673324846465125,0.644445725196933,29
1,10,0.900211557584953,0.926804286972557,29
3,10,0.814791220090393,0.651342578367725,29
2,10,0.707308083365438,0.451231233727491,29
5,10,0.689841849382917,0.378243277450884,29
4,10,0.676063940080017,0.179128623794887,29
1,11,0.903974673660296,0.78086890676047,29
3,11,0.813814034988284,0.77307721422534,29
2,11,0.708736451410812,0.614128166857506,29
5,11,0.689625496082745,0.473750432233047,29
4,11,0.690850803606518,0.345369212099146,29
1,12,0.899969757237554,0.887652824027804,29
3,12,0.81568685370009,0.695156533030774,29
2,12,0.722910342487283,0.0937998720372034,29
5,12,0.691407186216245,0.197440403625074,29
4,12,0.66278265686591,-0.0641830949519994,29
1,13,0.90213778101101,0.843998641309758,29
3,13,0.828294110694404,0.330419175606297,29
2,13,0.727585691478669,0.457861199099895,29
5,13,0.696773390524885,0.185527436169428,29
4,13,0.683727126451563,0.141136568896908,29
1,14,0.898504312678713,0.918266016187109,29
3,14,0.820677993009486,0.441893071449953,29
2,14,0.702782624417103,0.619436253880958,29
5,14,0.700290651335074,-0.0376461097878483,29
4,14,0.687419719670841,0.199479758296969,29
1,15,0.900386672352343,0.870173304510763,29
3,15,0.817936704772543,0.316110584755012,29
2,15,0.702182446193722,0.90264630774696,29
5,15,0.699415908906245,0.148751141267311,29
4,15,0.688486235998351,0.517655425614969,29
1,1,0.846804593388579,0.937695691144115,30
4,1,0.77204485154239,0.723355490016245,30
2,1,0.665095752587445,0.822785600567153,30
5,1,0.686442453952876,0.466304122164168,30
3,1,0.629951350714228,0.590412435810931,30
1,2,0.846537132763621,0.937146047809952,30
4,2,0.715606842502215,0.271667947592994,30
2,2,0.71946848290257,0.907685726837443,30
5,2,0.671503612484791,0.368539469571782,30
3,2,0.623182730673333,0.572839007514382,30
1,3,0.857440686524029,0.826699248414132,30
4,3,0.685220386620223,0.719886582830953,30
2,3,0.771644698024431,0.587945567314267,30
5,3,0.651032342316602,0.77142026211495,30
3,3,0.638994758031342,0.304591015304371,30
1,4,0.868205678912175,0.672415767846252,30
4,4,0.769256909483328,0.70741732174015,30
2,4,0.676400214862638,0.740351967086955,30
5,4,0.669421945384293,0.158796351170989,30
3,4,0.627289315829002,0.811684160033682,30
1,5,0.861725398472755,0.706077378349603,30
4,5,0.730839798523652,0.3846572592606,30
2,5,0.713563927881908,0.755600720424168,30
5,5,0.653490633282648,0.8027987337512,30
3,5,0.642996416502147,0.63631860399151,30
1,6,0.860301313744226,0.660153018186803,30
4,6,0.688315362347142,0.649948427684128,30
2,6,0.749671292256542,0.770350128416378,30
5,6,0.659265861169892,-0.00239731142589061,30
3,6,0.63668239571223,0.397789353148772,30
1,7,0.848414952157055,0.928421425011676,30
4,7,0.755040328810012,-0.0555208235528685,30
2,7,0.713200845424464,0.633503565126798,30
5,7,0.672274598612243,0.509420222695006,30
3,7,0.626410840140501,0.611428985758089,30
1,8,0.853141621669537,0.881837221146006,30
4,8,0.751041769696874,0.046694733997132,30
2,8,0.696562882544564,0.747605818835207,30
5,8,0.651939910827042,0.203369808703305,30
3,8,0.632653964891319,0.363095782955087,30
1,9,0.84422177652819,0.95501067863711,30
4,9,0.751772338121001,0.616522297559134,30
2,9,0.685522835862187,0.618942330566212,30
5,9,0.659951103429327,0.257835238120644,30
3,9,0.633833957829359,0.372152888880787,30
1,10,0.860134355003288,0.633811502852429,30
4,10,0.721742382977866,0.106699807076581,30
2,10,0.706523248161255,0.900672835108641,30
5,10,0.667587290158036,0.469278276169381,30
3,10,0.630331239719326,0.474181667459426,30
1,11,0.860841626705959,0.771720723149195,30
4,11,0.685928711266865,0.377243269012273,30
2,11,0.776380463639521,0.550081541150363,30
5,11,0.662185731983174,0.474803945505533,30
3,11,0.625488582426042,0.610322902237776,30
1,12,0.851144848499935,0.873219443603009,30
4,12,0.67794826481061,0.316741835505295,30
2,12,0.768107254587599,0.750439689410496,30
5,12,0.655405124952852,-0.198328361717117,30
3,12,0.642276530871797,0.36431578633373,30
1,13,0.855106944963121,0.749927610273948,30
4,13,0.698918948415519,-7.49343344355595e-05,30
2,13,0.754413366883376,0.752688720947174,30
5,13,0.665461310144374,0.508669197623813,30
3,13,0.656253161796599,0.0768440694797328,30
1,14,0.860439539099558,0.510715247684642,30
4,14,0.708788894806276,0.211454004600266,30
2,14,0.754957925513326,0.76139834996105,30
5,14,0.680439502357623,0.108759132754519,30
3,14,0.658916576722528,0.267974774048878,30
1,15,0.85544726982633,0.830752461206222,30
4,15,0.707189780929865,0.68238193849548,30
2,15,0.72704064868229,0.643715436545164,30
5,15,0.644147165518829,0.660955616851199,30
3,15,0.62099824977688,0.778682483154643,30
1,1,0.922962733166961,0.890229739304389,31
2,1,0.845951336424606,0.496830589339284,31
3,1,0.806113714786474,0.250047721143333,31
4,1,0.770492844007241,0.323478190947819,31
5,1,0.731249962239977,-0.11829199131991,31
1,2,0.919947029268996,0.888874436088749,31
2,2,0.84518916188397,0.423726805517417,31
3,2,0.803095209054747,0.283907281650157,31
4,2,0.762431700814944,0.826033250002708,31
5,2,0.715346093836904,0.451198762836203,31
1,3,0.918428649065652,0.937390198817501,31
2,3,0.849598704897034,0.459316265933286,31
3,3,0.791903781182358,0.726095626164612,31
4,3,0.76089740365425,0.752654896849018,31
5,3,0.718485441015138,0.736049581805377,31
1,4,0.928040639324852,0.737545896884576,31
2,4,0.843834638016408,0.459418613823245,31
3,4,0.829350376810535,-0.0601785551132737,31
4,4,0.790966523823682,0.0898956420172418,31
5,4,0.764065157473976,0.0675680193839697,31
1,5,0.921274401700945,0.769879296970244,31
2,5,0.837434760871613,0.625610346446251,31
3,5,0.797268800608077,0.433982822532332,31
4,5,0.774259368256713,0.431229999744085,31
5,5,0.740473227458589,-0.360832419811296,31
1,6,0.921647390037624,0.819852860268919,31
2,6,0.857431266741482,0.600757032725531,31
3,6,0.806131591247657,0.556529307242142,31
4,6,0.778866210632824,0.285516731442602,31
5,6,0.735122279583071,0.536866072740581,31
1,7,0.919436162136113,0.922675775273069,31
2,7,0.847008709937364,0.683295472934133,31
3,7,0.790911906336767,0.729231472022889,31
4,7,0.763367099085477,0.511943594106644,31
5,7,0.719251105681854,0.576701335896449,31
1,8,0.924927067142899,0.758727440209952,31
2,8,0.850372693235792,0.512469891631624,31
3,8,0.801999707968915,0.722463138260035,31
4,8,0.794922949276671,0.127397386967856,31
5,8,0.718682092563885,0.511275828417497,31
1,9,0.920266263241239,0.871830611551922,31
2,9,0.846150933437203,0.594353010641808,31
3,9,0.803168408772032,0.569867621883979,31
4,9,0.770395038257138,0.68547731732477,31
5,9,0.722276634395948,0.440986170914382,31
1,10,0.918450301766659,0.921455109654732,31
2,10,0.838479582834711,0.688393990965733,31
3,10,0.805960035142758,0.626112086970724,31
4,10,0.781024207610774,0.399093631635825,31
5,10,0.734198709186641,0.218645926395102,31
1,11,0.92085471496254,0.861389248851526,31
2,11,0.856622838874098,0.275120546242468,31
3,11,0.802796128102568,0.714272954158172,31
4,11,0.775348012773404,0.439631678179314,31
5,11,0.73155787263108,0.328750520600904,31
1,12,0.922984949018159,0.823521752899512,31
2,12,0.854080014188591,0.446775917602333,31
3,12,0.805132217307664,0.558838158205312,31
4,12,0.761307929697789,0.709217816555988,31
5,12,0.701584003416354,0.715685001775658,31
1,13,0.922543017253458,0.87132495129823,31
2,13,0.836039035244648,0.890627741205361,31
3,13,0.802257777474497,0.452233595628469,31
4,13,0.764425878894741,0.524967143481405,31
5,13,0.743735693045529,0.163431645681055,31
1,14,0.928854901277789,0.677682314192875,31
2,14,0.842589629141315,0.544003744248255,31
3,14,0.81344888978664,0.612270365224794,31
4,14,0.772153241820427,0.257080161423702,31
5,14,0.738483906228586,0.306212606268208,31
1,15,0.923179679701611,0.72679817471355,31
2,15,0.839676194670031,0.486405480746042,31
3,15,0.804535927460248,0.688080150846655,31
4,15,0.786013966403142,0.534897463567949,31
5,15,0.720010495515512,0.503936148199678,31
1,1,0.893179581752338,0.733167771478375,32
2,1,0.742713001533158,0.658512328255865,32
4,1,0.691570134093671,0.659229372937764,32
5,1,0.672329502876354,-0.0597464541881308,32
3,1,0.61598740570429,0.638417293775239,32
1,2,0.884059517908358,0.867641827224089,32
2,2,0.75484039402265,0.0214976276292371,32
4,2,0.690005726832802,0.419992810387837,32
5,2,0.654951178304519,0.631312572579672,32
3,2,0.653342928520921,0.553476788401863,32
1,3,0.90284996814612,0.592685235375668,32
2,3,0.743260825189867,0.460888585818072,32
4,3,0.698603289957159,0.511534791566107,32
5,3,0.673270062750205,0.123524718176782,32
3,3,0.625955926010946,0.516399529248481,32
1,4,0.889296646393783,0.877087621447974,32
2,4,0.74931755382012,0.634998884328252,32
4,4,0.732080640586504,-0.0751298893983962,32
5,4,0.672331445503854,0.344595619926844,32
3,4,0.648219144950813,0.4714984156906,32
1,5,0.890504416692854,0.788712482103571,32
2,5,0.740453765877838,0.189640047456225,32
4,5,0.707906550470257,0.313413562328933,32
5,5,0.673558061727412,-0.222345532592868,32
3,5,0.65375037935385,0.443984268974053,32
1,6,0.887036313935325,0.898035845568766,32
2,6,0.751109615682701,0.584033813710146,32
4,6,0.696238619939978,0.518805192184529,32
5,6,0.649861844213524,0.136050166418851,32
3,6,0.646863022952926,0.672540772808095,32
1,7,0.883806136631989,0.941898224047774,32
2,7,0.753845716444295,0.524158509400287,32
4,7,0.706423231109142,0.376728960802722,32
5,7,0.665908838304509,0.358088617676783,32
3,7,0.655777874914946,0.513712851192127,32
1,8,0.888312170254411,0.878081219096672,32
2,8,0.745228625232125,0.807702355499834,32
4,8,0.681651605683561,0.749430575107714,32
5,8,0.673113980005917,0.346210894921203,32
3,8,0.637604554819344,0.32990968202515,32
1,9,0.892139354364214,0.857147294434921,32
2,9,0.758855266327793,0.664033752982636,32
4,9,0.699290964517568,0.151890363943938,32
5,9,0.659995831875052,0.324730713672457,32
3,9,0.626206344694177,0.704227731179888,32
1,10,0.885580194880321,0.948000924779943,32
2,10,0.732873103627086,0.62378670356139,32
4,10,0.71275262585209,0.521741012570926,32
5,10,0.6571929274929,0.508958962039942,32
3,10,0.639412799152517,0.697319182925262,32
1,11,0.888035504020878,0.887657249681185,32
2,11,0.747460488207738,0.539071781064126,32
4,11,0.685982394622261,0.664463147599899,32
5,11,0.678902224059901,0.0261239799038045,32
3,11,0.646774179116985,0.0111400770642771,32
1,12,0.88821717304035,0.889531626856337,32
2,12,0.744711016539847,0.608937391352453,32
4,12,0.700077703162521,0.485888768523758,32
5,12,0.657625665611827,0.426497909183754,32
3,12,0.644435730207808,0.420052165766102,32
1,13,0.891806033562225,0.785699749221525,32
2,13,0.741319691402105,0.728237876734528,32
4,13,0.696639645920305,0.739790316463859,32
5,13,0.669326453385286,0.483209984391921,32
3,13,0.643105872130812,0.575791162471636,32
1,14,0.886588273925206,0.899465731350743,32
2,14,0.74149722807491,0.547462329158381,32
4,14,0.704084383230392,0.485906666142888,32
5,14,0.669297825200899,0.118791583325133,32
3,14,0.63970403683832,0.712580465470393,32
1,15,0.891928080417671,0.792468320805547,32
2,15,0.73802130680082,0.727771030967852,32
4,15,0.708924064746751,0.295930053688373,32
5,15,0.672341993851549,0.0396754831482606,32
3,15,0.641615256359014,0.382785284275317,32
1,1,0.901443654769134,0.792510483907531,33
4,1,0.815745547476826,0.803236849083418,33
2,1,0.759221138863,0.710303147488553,33
5,1,0.719742349480158,0.554376391016616,33
3,1,0.735211993358469,0.0856979884391503,33
1,2,0.90047047415478,0.823377675477734,33
4,2,0.81247574781602,0.182345135853991,33
2,2,0.772863359296338,0.58183781639069,33
5,2,0.749132129039097,0.458076146426266,33
3,2,0.736169564041412,0.690638995507948,33
1,3,0.90698109603107,0.560193103377495,33
4,3,0.797576612853499,0.62096389222292,33
2,3,0.796864916064039,0.362551080174477,33
5,3,0.735128742393221,0.509695297909729,33
3,3,0.719003658120211,0.112970402161025,33
1,4,0.895792504720601,0.877777437029586,33
4,4,0.805383892138903,0.518027362844692,33
2,4,0.775806535356258,0.699615096727627,33
5,4,0.730859507867369,0.570301178475082,33
3,4,0.735751503253637,0.639100029084133,33
1,5,0.897002117980883,0.857390883631134,33
4,5,0.789607285407339,0.519169264872651,33
2,5,0.786466040531014,0.757855633654943,33
5,5,0.711238895483112,0.662605074111193,33
3,5,0.749165930879552,0.623401733595808,33
1,6,0.895711328694057,0.90049943250909,33
4,6,0.804767150189295,0.225344600084884,33
2,6,0.781694014812265,0.699627481015247,33
5,6,0.72636878176037,0.602086587558682,33
3,6,0.762222387549357,0.515835448368327,33
1,7,0.896577780284679,0.801238361501403,33
4,7,0.808233346487264,0.496243890168877,33
2,7,0.774281012674393,0.760186203280876,33
5,7,0.748962425148127,0.131533094652606,33
3,7,0.718571411191529,0.72106717574282,33
1,8,0.896588528489502,0.85247218853127,33
4,8,0.818624389594143,0.507853625721415,33
2,8,0.769854740814474,0.649466608191737,33
5,8,0.733907851423451,0.357927563615924,33
3,8,0.740177487100519,0.456256851317025,33
1,9,0.89278174535583,0.95395591902215,33
4,9,0.813426641013755,-0.090491652599104,33
2,9,0.767171959919956,0.840124500939649,33
5,9,0.747439469722541,-0.0929077668253212,33
3,9,0.721501351977217,0.807189452070201,33
1,10,0.897370873441282,0.868920393288914,33
4,10,0.828883975859441,0.277510037643548,33
2,10,0.777938976437083,0.6401441574273,33
5,10,0.749757849476395,0.340251045021496,33
3,10,0.72147146137184,0.604918635614296,33
1,11,0.895463886257442,0.85188494100827,33
4,11,0.794720123880735,0.832828854799876,33
2,11,0.765658126671955,0.731047757816869,33
5,11,0.747095004307901,0.476405116735996,33
3,11,0.739797837648373,0.507379979942207,33
1,12,0.899289483033147,0.834883909020969,33
4,12,0.811269831671826,0.609465051786696,33
2,12,0.77794509829131,0.466744548799941,33
5,12,0.733059958747271,0.364836924904913,33
3,12,0.765342289515884,0.205299086344164,33
1,13,0.894482538716834,0.91184989416711,33
4,13,0.788892911099793,0.760913535884346,33
2,13,0.780344456347285,0.688085537355621,33
5,13,0.722582390370878,0.478498009803743,33
3,13,0.720184662210595,0.598922185458982,33
1,14,0.898006409131046,0.854913825871415,33
4,14,0.813451589600127,-0.357347318053624,33
2,14,0.790551448766899,0.516110331008875,33
5,14,0.729483888354521,0.604127167060132,33
3,14,0.748334934684345,0.255729220622985,33
1,15,0.897354672775118,0.860710428120341,33
4,15,0.816430164181093,0.249868487933873,33
2,15,0.775238084426191,0.572064190256793,33
5,15,0.764273083323038,0.102853444730332,33
3,15,0.734104303995361,0.368565529638114,33
1,1,0.873924397445753,0.611928065669345,34
3,1,0.718048773965424,0.48759846940045,34
4,1,0.732653021898516,0.611209521489778,34
2,1,0.679558468162873,0.723954517444855,34
5,1,0.699185849371242,0.118609758047075,34
1,2,0.860561221291372,0.892604827032652,34
3,2,0.699516367232076,0.78376054482531,34
4,2,0.717726455584871,0.730716505825094,34
2,2,0.680535082293577,0.484980264564264,34
5,2,0.692431077348629,0.563684527050922,34
1,3,0.856046545426242,0.903191314382763,34
3,3,0.705878223663388,0.590148169205761,34
4,3,0.731561178356277,0.33487692982052,34
2,3,0.667390590258889,0.782973925417474,34
5,3,0.689593546933937,0.41945525947734,34
1,4,0.859859181101513,0.812788774466513,34
3,4,0.705608245256668,0.784361184039428,34
4,4,0.721848897424407,0.531549731912963,34
2,4,0.679100870670731,0.607249205730739,34
5,4,0.691270580902098,0.042283288817216,34
1,5,0.860703521643596,0.849622583807145,34
3,5,0.710977484961801,0.537210692199742,34
4,5,0.724251007645647,0.548105083077553,34
2,5,0.680620172093137,0.560004196787091,34
5,5,0.694194699406734,0.542683221603997,34
1,6,0.858131503000698,0.82741823336831,34
3,6,0.721973683957913,0.10545041216189,34
4,6,0.714950244087645,0.65589305986284,34
2,6,0.676493815093417,0.798203986030058,34
5,6,0.680117484982215,0.622880612004428,34
1,7,0.861230514203454,0.898345599237812,34
3,7,0.716836416054424,0.398928275509705,34
4,7,0.732281996015167,0.342236346749897,34
2,7,0.68848261988705,0.609597982872749,34
5,7,0.665873137405147,0.752156119611857,34
1,8,0.859200415893442,0.853581775452793,34
3,8,0.712243608226951,0.571631198698743,34
4,8,0.717679849792296,0.74192537121593,34
2,8,0.686882270816269,0.481437597061545,34
5,8,0.690004530081918,0.324888106530773,34
1,9,0.869136978228157,0.639826600650533,34
3,9,0.725527763067218,0.367990976822374,34
4,9,0.737567141115503,0.476559099432675,34
2,9,0.695573022193351,0.286337472954065,34
5,9,0.672123728097162,0.203056779348965,34
1,10,0.858358809412634,0.846685532357557,34
3,10,0.710042356388247,0.542754287486587,34
4,10,0.714061259070099,0.464792833968472,34
2,10,0.675320788294195,0.780323221228457,34
5,10,0.690716036098777,0.354309366066249,34
1,11,0.862093895141169,0.798809581511342,34
3,11,0.712423940349555,0.434819094320824,34
4,11,0.73620164700389,0.0997199379307646,34
2,11,0.661654657189545,0.790950233116225,34
5,11,0.696390060623838,0.0413502596620452,34
1,12,0.850309524561698,0.949093756968117,34
3,12,0.715693823760911,0.396437688458554,34
4,12,0.727698897912806,0.224967701302515,34
2,12,0.678762959324769,0.440042825451055,34
5,12,0.68110902783774,0.521490801912277,34
1,13,0.865727310588081,0.616132351739991,34
3,13,0.728095163194574,0.345497196578533,34
4,13,0.725818814439002,0.471905627532351,34
2,13,0.682959903527255,0.565246054075967,34
5,13,0.654885138468439,0.708642906272126,34
1,14,0.867094884354172,0.767042874858469,34
3,14,0.702254630105486,0.783155632025116,34
4,14,0.722535791599011,0.666399864426157,34
2,14,0.700307108367449,0.103547964385791,34
5,14,0.678613722495422,0.622185681455597,34
1,15,0.857168053828996,0.875782773356561,34
3,15,0.690794480142862,0.824125196090501,34
4,15,0.72652688280541,0.440264194962079,34
2,15,0.692217378587625,-0.0566553352277453,34
5,15,0.674154989042187,0.179213256228081,34
1,1,0.875896697731869,0.823569140258676,35
3,1,0.688423630278212,0.644787476177625,35
2,1,0.765881026936558,0.384164050926705,35
4,1,0.711208469239237,0.515189423383076,35
5,1,0.58414947587002,0.872740982525284,35
1,2,0.874815971539862,0.821140570843841,35
3,2,0.683720907877425,0.738799510708265,35
2,2,0.764399070174351,0.417089438602243,35
4,2,0.693244802984239,0.739682119476193,35
5,2,0.638066409840478,0.528700248128793,35
1,3,0.875614952135947,0.865048151461237,35
3,3,0.682533908581191,0.718050366341008,35
2,3,0.766625787667965,0.703319625884481,35
4,3,0.711879493239458,0.508192609864748,35
5,3,0.63044241378697,0.531115642975527,35
1,4,0.879290802423135,0.760169673994866,35
3,4,0.685484554690148,0.861521843001646,35
2,4,0.761239126354616,0.113190391136951,35
4,4,0.716222149504728,0.517932881446863,35
5,4,0.612794010320999,0.25919804696299,35
1,5,0.873755131131542,0.902421704600118,35
3,5,0.694646441254371,0.682885715186469,35
2,5,0.748807368910677,0.703810804470953,35
4,5,0.71217810996648,0.64632571099573,35
5,5,0.643277123007698,0.0541621193002391,35
1,6,0.865952796706751,0.957840260242391,35
3,6,0.684615682963975,0.617165327389666,35
2,6,0.754056361427564,0.838797223076832,35
4,6,0.734775484307525,0.261780061979796,35
5,6,0.589428117688846,0.394553726694497,35
1,7,0.874366449783358,0.830991765723616,35
3,7,0.686573247248993,0.480842738934271,35
2,7,0.726708368467526,0.798378566720206,35
4,7,0.699253599209166,0.392289542836058,35
5,7,0.622169048552676,0.644554088479746,35
1,8,0.885746991382094,0.69464422548959,35
3,8,0.6814145246618,0.531971799589683,35
2,8,0.759600569753733,0.57080566609735,35
4,8,0.713329742810484,-0.507477883310642,35
5,8,0.60291217816572,0.332087058818246,35
1,9,0.871824508260753,0.91439694145306,35
3,9,0.686265884902255,0.510985634320713,35
2,9,0.762406957693789,-0.029172268600562,35
4,9,0.709551853581556,0.813385290961516,35
5,9,0.603848466099216,0.586941311282124,35
1,10,0.868436971597505,0.947996825184395,35
3,10,0.690968977915605,0.248326014440134,35
2,10,0.740520483679524,0.342626415026336,35
4,10,0.710289621960364,0.428342623366307,35
5,10,0.64124593695463,0.116361472676411,35
1,11,0.87339274256041,0.866505454249699,35
3,11,0.69813584818776,0.167951309211646,35
2,11,0.755178209706472,0.669780188963544,35
4,11,0.726900330684834,0.310132207735045,35
5,11,0.621628081796491,0.0618633964567443,35
1,12,0.878980749940679,0.720736146886424,35
3,12,0.696934768067637,0.298980866130959,35
2,12,0.749659119103066,0.834197915747738,35
4,12,0.720211257167803,0.508448935259215,35
5,12,0.636809223199583,0.375786935462381,35
1,13,0.875072729959131,0.850322173276637,35
3,13,0.676853888738023,0.691665851968189,35
2,13,0.760182638574531,0.427047259004316,35
4,13,0.711064806106771,0.435766083810886,35
5,13,0.611244637832368,0.639782963636128,35
1,14,0.873439169169762,0.882558131918726,35
3,14,0.694107291571679,0.191498480032802,35
2,14,0.765335149854825,0.775394742291703,35
4,14,0.717999679813504,0.55700512040307,35
5,14,0.63097058195955,0.406682612609386,35
1,15,0.87149369324181,0.862515578896277,35
3,15,0.688351970971727,0.679892767064725,35
2,15,0.76787599848288,0.521106787294102,35
4,15,0.70897627268608,0.666698325290524,35
5,15,0.627324597209231,0.312065578117898,35
1,1,0.877152422847006,0.861476380889454,36
4,1,0.75003557887387,0.613000199567139,36
2,1,0.674015080226893,0.674932241746519,36
5,1,0.677946023517796,0.340847631075287,36
3,1,0.643896276881633,0.558900678868374,36
1,2,0.88072158507264,0.843464429083857,36
4,2,0.688873981541702,0.176025245399672,36
2,2,0.761905697603176,0.617097747982939,36
5,2,0.708811186630305,0.062531067421475,36
3,2,0.639159266117028,0.095681688577343,36
1,3,0.882217496920722,0.823231149688781,36
4,3,0.697363246702952,0.577524827900577,36
2,3,0.712254479178449,0.746191389509074,36
5,3,0.689131268705077,0.195058924255213,36
3,3,0.640019493052062,0.334670628957463,36
1,4,0.88381246377064,0.802531865953918,36
4,4,0.73870583931371,0.196217244116473,36
2,4,0.695429298088633,0.683172861851309,36
5,4,0.679270232461446,0.551034614383027,36
3,4,0.63182316986019,0.355634532484116,36
1,5,0.879032365821671,0.892049093478593,36
4,5,0.7086616373346,0.0160330589101591,36
2,5,0.710272812240939,0.698120696811023,36
5,5,0.663208035301685,0.372289607479893,36
3,5,0.659464387492459,0.600384298722344,36
1,6,0.886457810244751,0.672050763552008,36
4,6,0.716374608757089,0.280609842437704,36
2,6,0.710720248642121,0.644250824570479,36
5,6,0.686266038265097,0.133503857529087,36
3,6,0.642382317026983,0.420224486750687,36
1,7,0.879562990743424,0.877951906571493,36
4,7,0.744147086004003,0.74894437952262,36
2,7,0.675660129187631,0.699438545789992,36
5,7,0.688080545047101,0.497699342677452,36
3,7,0.641985929124601,0.404565451966748,36
1,8,0.884047443409058,0.748193656277367,36
4,8,0.737513545738777,0.533383099275896,36
2,8,0.679922984031379,0.784864825053418,36
5,8,0.697289586033927,0.165230858870019,36
3,8,0.626940526397153,0.391413892138928,36
1,9,0.878024852479011,0.90525159917312,36
4,9,0.688363940070114,0.335641533557439,36
2,9,0.737408686207492,0.820526903286245,36
5,9,0.681854928417811,0.566416753809588,36
3,9,0.636385541792625,0.574880008742038,36
1,10,0.883737799824935,0.833157744590506,36
4,10,0.747937246309542,0.289232215030084,36
2,10,0.690854973394301,0.417820604867918,36
5,10,0.68307600020491,0.491020815373971,36
3,10,0.626542343211238,0.652851558393193,36
1,11,0.887063851707543,0.75709219325324,36
4,11,0.69271995817886,0.396547612342327,36
2,11,0.731060032488947,0.680747864283896,36
5,11,0.689331055813353,0.483662515518368,36
3,11,0.633544880178784,0.633558633454288,36
1,12,0.883237290226023,0.762523813388752,36
4,12,0.767063208899856,0.37590836657899,36
2,12,0.657857468907648,0.73538286497952,36
5,12,0.694960618244554,0.298098775195743,36
3,12,0.651806107171264,0.133910044555092,36
1,13,0.879349681977968,0.908358127950095,36
4,13,0.741124350111846,0.466504786721986,36
2,13,0.673479450657062,0.650095744382084,36
5,13,0.680696990504449,0.592423912703804,36
3,13,0.636853671946442,-0.222808032351193,36
1,14,0.879667051023961,0.884497998607702,36
4,14,0.779603715399087,-0.115397616424428,36
2,14,0.673717752226044,0.486916600245386,36
5,14,0.697309599892724,0.0757230676664851,36
3,14,0.630889321542563,0.443752984388326,36
1,15,0.885810777673707,0.754674614931822,36
4,15,0.674460405502603,0.679973070732187,36
2,15,0.735337689325508,0.835099399988592,36
5,15,0.694696271171685,0.316753463595032,36
3,15,0.615261540809254,0.642949300173841,36
1,1,0.892142164891629,0.902050921703134,37
3,1,0.797521254685762,0.397239641789112,37
2,1,0.763654011445709,0.392761384085602,37
5,1,0.69993331850923,0.46396587880239,37
4,1,0.700246413661219,0.58389646066119,37
1,2,0.894975298625492,0.848953544658013,37
3,2,0.803741494372195,0.538138603106213,37
2,2,0.756935793838999,0.34462010079645,37
5,2,0.704216310681425,0.430856974205939,37
4,2,0.691742816869941,0.506738873987978,37
1,3,0.89582638886038,0.845368325103821,37
3,3,0.791249825940533,0.275311433921809,37
2,3,0.751482664024134,0.734904703314276,37
5,3,0.70612796275888,-0.172563442434619,37
4,3,0.691667318159512,0.528697164416295,37
1,4,0.898445301761943,0.793887127660578,37
3,4,0.801972793170949,0.34789202462866,37
2,4,0.74347177592183,0.693608495650441,37
5,4,0.727214927528442,-0.05290557234092,37
4,4,0.714770604938459,-0.200234869531057,37
1,5,0.889704301472476,0.897890294124872,37
3,5,0.797944066236472,0.54278858554918,37
2,5,0.751417854614497,0.828716259295884,37
5,5,0.701407813237474,0.418608218373957,37
4,5,0.685234231589358,0.64334203669892,37
1,6,0.898772809907365,0.664585488130076,37
3,6,0.784208837823143,0.722037202449229,37
2,6,0.77213241191288,0.704602520782743,37
5,6,0.706541753406495,0.450176470425998,37
4,6,0.697821713787963,0.552910056294696,37
1,7,0.893594553496691,0.89600632451563,37
3,7,0.772936972129034,0.702042307642047,37
2,7,0.763093346113993,0.708911714196116,37
5,7,0.700182129887223,0.42911145553106,37
4,7,0.694029508546256,0.372487007954846,37
1,8,0.903662406223836,0.651458336233845,37
3,8,0.797901863591465,0.505783745937028,37
2,8,0.763367604978686,0.56003548280403,37
5,8,0.698019187937628,0.332205558843769,37
4,8,0.707322778908105,0.190882961264227,37
1,9,0.893426845642586,0.90394779758921,37
3,9,0.7895544214861,0.553998838976284,37
2,9,0.774894721443762,0.412351233411017,37
5,9,0.689963322330896,0.686230749356779,37
4,9,0.688167234633751,0.533376103914638,37
1,10,0.897995097350216,0.823878456090974,37
3,10,0.794218263236942,0.579801296759353,37
2,10,0.767778541853091,0.644859830533242,37
5,10,0.684036794213393,0.671292155009683,37
4,10,0.670620105855056,0.625885941690503,37
1,11,0.896670720473957,0.847830360535119,37
3,11,0.788256759468573,0.499084333238078,37
2,11,0.775945067280598,0.220519808772175,37
5,11,0.720018244610241,-0.614177342988352,37
4,11,0.701282455659219,0.405787028865435,37
1,12,0.899916190725898,0.777202399465388,37
3,12,0.797777087601336,0.401420090622276,37
2,12,0.748801634628926,0.57391050624689,37
5,12,0.699182567724967,0.489539294398475,37
4,12,0.702359357609309,0.20816662264082,37
1,13,0.896156430846268,0.851974678952824,37
3,13,0.783831140131358,0.774873636517942,37
2,13,0.764104189124959,0.474029098316438,37
5,13,0.700395710140572,0.644287615323751,37
4,13,0.678753352372666,0.738668972477407,37
1,14,0.899711130488193,0.779856624137923,37
3,14,0.794270465533125,0.2965080293135,37
2,14,0.772912188124163,0.550195683070322,37
5,14,0.711701548658699,0.394079938889616,37
4,14,0.690695666987725,0.587251791634591,37
1,15,0.888961680576157,0.914376885073512,37
3,15,0.78173947563048,0.601393643328228,37
2,15,0.751394630299804,0.712847724094499,37
5,15,0.708355044013096,0.36360391335496,37
4,15,0.701065109606603,0.650459563070521,37
1,1,0.893848172389146,0.821251310230323,38
2,1,0.843527146360313,0.727543986789702,38
3,1,0.780812880303894,0.238892459870736,38
4,1,0.693899115636411,0.631073534038202,38
5,1,0.635204120804262,0.259726940897426,38
1,2,0.89345281382586,0.8633408464574,38
2,2,0.853430796598464,0.472721743135283,38
3,2,0.75000019034207,0.718932065154128,38
4,2,0.701496414111319,0.56844683450589,38
5,2,0.629686977141954,0.456476106349241,38
1,3,0.895760010474825,0.865836746358799,38
2,3,0.840827699289746,0.635889696823395,38
3,3,0.780134448346442,0.496561878978626,38
4,3,0.684185159565519,0.70897879846946,38
5,3,0.643921695429234,0.500648765574031,38
1,4,0.888641878127031,0.947540193524189,38
2,4,0.831355701400683,0.871360767460875,38
3,4,0.76262487452235,0.826796340990278,38
4,4,0.691765568217006,0.579706646589747,38
5,4,0.648935498196607,0.0195847688685042,38
1,5,0.896527655387828,0.777254136221964,38
2,5,0.838399476597793,0.81311649542579,38
3,5,0.767687219827439,0.643591989578494,38
4,5,0.696095406813948,0.455290775071956,38
5,5,0.639817092943633,0.241865099886838,38
1,6,0.892244577931263,0.86758829155238,38
2,6,0.8469175022695,0.415339095735755,38
3,6,0.763971392225275,0.573948448634198,38
4,6,0.697633987771485,0.625336613020361,38
5,6,0.637580164426275,0.194037843830044,38
1,7,0.897034473450694,0.795361951466734,38
2,7,0.848965793700765,0.65232434768671,38
3,7,0.772555240264313,0.409862200304723,38
4,7,0.719197753454091,0.252320344283151,38
5,7,0.663290559704636,-0.286130420013049,38
1,8,0.890750121799979,0.886441510825601,38
2,8,0.845506317286084,0.317883016400954,38
3,8,0.748331631024864,0.681414527328397,38
4,8,0.723817885775387,0.233015281145225,38
5,8,0.649660979703002,0.00558283656872271,38
1,9,0.896945625798555,0.744591631814887,38
2,9,0.841438187572647,0.633381291786843,38
3,9,0.774122972188676,0.661314725445438,38
4,9,0.703408082760217,0.500463615734959,38
5,9,0.634103342568466,0.719868662733798,38
1,10,0.891032040252583,0.873107120945555,38
2,10,0.858180680478729,0.336625636208912,38
3,10,0.756867492781549,0.704484191710201,38
4,10,0.69610890954195,0.78019113109991,38
5,10,0.639117653763378,0.532113962712465,38
1,11,0.897416499768437,0.764924937970722,38
2,11,0.84481195372718,0.847970775713435,38
3,11,0.765668819696245,0.80301910778083,38
4,11,0.699073604562625,0.165751495739028,38
5,11,0.655312936438735,-0.072234399318243,38
1,12,0.893529026028744,0.88494559094574,38
2,12,0.849973343057078,0.622397074632336,38
3,12,0.777424387435654,0.210566082127694,38
4,12,0.710290127009953,0.323557364852528,38
5,12,0.633047126794077,0.429234853380885,38
1,13,0.907411355987417,0.545375038889555,38
2,13,0.837719442671234,0.808931157284115,38
3,13,0.759457068468994,0.140222083608364,38
4,13,0.717042666857663,-0.219162993194356,38
5,13,0.661914484411332,0.592598181049673,38
1,14,0.8914117125099,0.906062239023094,38
2,14,0.827180810726857,0.662515311656527,38
3,14,0.776642816832051,0.77579642527419,38
4,14,0.679156358846763,0.790079434431778,38
5,14,0.64060028947683,0.181598575032385,38
1,15,0.890312563799684,0.908638728536184,38
2,15,0.823727164720285,0.706690832436721,38
3,15,0.776646006672856,0.492061183639963,38
4,15,0.700662805091601,0.473783941813436,38
5,15,0.640962155170564,0.505575679639485,38
1,1,0.867929044440669,0.780811742286972,39
2,1,0.752448359440878,0.649042353446042,39
4,1,0.739406951979825,0.369210424574042,39
3,1,0.724365131384682,0.601406657240873,39
5,1,0.628445861775321,0.59194177124529,39
1,2,0.877360735515143,0.633220753612772,39
2,2,0.751541425240021,0.788883708868373,39
4,2,0.749776198136594,0.50697855572696,39
3,2,0.692007885088453,0.577159451060251,39
5,2,0.637605761839381,0.44560968527935,39
1,3,0.864024665709249,0.901261598290781,39
2,3,0.746682204198278,0.671412094150424,39
4,3,0.761492948108449,0.446388800260428,39
3,3,0.700268182980678,0.437476863817778,39
5,3,0.630745912803777,0.383871501283204,39
1,4,0.868560496105216,0.893040556618629,39
2,4,0.766397436555105,0.917321933450107,39
4,4,0.728657126887647,0.605054352136774,39
3,4,0.704306141161284,0.626043752534471,39
5,4,0.62961784446412,0.564885872303067,39
1,5,0.864474173454191,0.924998880717542,39
2,5,0.761699512870696,0.489838165732245,39
4,5,0.743860520356514,0.676887575989493,39
3,5,0.70772019932814,0.503881500252278,39
5,5,0.640625328129434,0.214324093703173,39
1,6,0.867449531669262,0.776835537546237,39
2,6,0.775281247938918,0.46853908023449,39
4,6,0.738127510065885,0.496057040632478,39
3,6,0.69847109093641,0.768327235818786,39
5,6,0.647324694582701,0.280677993735975,39
1,7,0.862974560309344,0.942649999973118,39
2,7,0.762793967112553,0.570278788521044,39
4,7,0.743979569404061,0.628473276954484,39
3,7,0.701499328421586,0.361047973097206,39
5,7,0.629689241012493,0.125917209370897,39
1,8,0.871174282254925,0.777871022556958,39
2,8,0.776256082677112,0.253438460054054,39
4,8,0.748005273665555,0.345880470766489,39
3,8,0.704966123367706,0.503990281318224,39
5,8,0.628231324486278,0.432903237746237,39
1,9,0.866919656763515,0.82319666977607,39
2,9,0.747910740316079,0.562125386912818,39
4,9,0.764675644016155,0.560710263672563,39
3,9,0.711242850381775,0.551265942765776,39
5,9,0.627042813186568,-0.228250626243502,39
1,10,0.876931299327604,0.783745502821335,39
2,10,0.778080822877054,0.618770026027151,39
4,10,0.738251399766732,0.420694311022014,39
3,10,0.709238813382456,0.622431090070622,39
5,10,0.63553336605724,0.408082853402842,39
1,11,0.865604458590842,0.910394308947286,39
2,11,0.765044447212776,0.669637404283569,39
4,11,0.73873626856222,0.645350817672792,39
3,11,0.684391693026228,0.841527459886528,39
5,11,0.632845029974489,-0.115332151078557,39
1,12,0.864253534875617,0.955593496162691,39
2,12,0.761380559590248,0.215965604709511,39
4,12,0.739622403483003,0.674001915468742,39
3,12,0.690150390575591,0.728416412376851,39
5,12,0.629223872964153,0.254253435543489,39
1,13,0.878908210682476,0.474046361657831,39
2,13,0.757936375752521,0.704770542436966,39
4,13,0.754427017786602,0.443758989231761,39
3,13,0.723788407541488,0.192952214533979,39
5,13,0.631382969722439,0.0566410661928211,39
1,14,0.870009357169723,0.839285232696459,39
2,14,0.767782768034592,0.653391040295534,39
4,14,0.736253044108917,0.599786204443832,39
3,14,0.712818453718819,0.530675460534907,39
5,14,0.632031920336851,0.45738922803204,39
1,15,0.875098317733035,0.785833263835457,39
2,15,0.775773767985346,0.278734426014181,39
4,15,0.755219124276331,0.490741247914356,39
3,15,0.700815994983964,0.465712564150017,39
5,15,0.622897660310745,0.459628084455776,39
1,1,0.887674825210227,0.944917241029392,40
4,1,0.76216999963042,0.393652589403422,40
2,1,0.799303983884557,0.684052005690716,40
3,1,0.729578580914769,0.394120569975784,40
5,1,0.717215810429528,0.0039095567689563,40
1,2,0.901633122148107,0.680411945379154,40
4,2,0.812617006505859,0.390449066332958,40
2,2,0.750560219189295,0.764799714510237,40
3,2,0.735583120169246,0.507812268498017,40
5,2,0.715831243820265,0.499398168221789,40
1,3,0.899537484269421,0.751224422146627,40
4,3,0.800533056224156,0.70228619360661,40
2,3,0.761048769314899,0.759297264770863,40
3,3,0.724292298849367,0.637612458938543,40
5,3,0.698825228836709,0.598990266990061,40
1,4,0.896890307942381,0.841111045197577,40
4,4,0.800274409863737,0.243422323854415,40
2,4,0.77615858218246,0.678624913808526,40
3,4,0.718475524481044,0.676139685830087,40
5,4,0.727851497080993,0.389035040489548,40
1,5,0.893876680932045,0.848294087607789,40
4,5,0.819459503727925,0.448015382465604,40
2,5,0.750937740668341,0.425716232173538,40
3,5,0.736312402564388,0.34125023370923,40
5,5,0.723543043913208,0.365671590766429,40
1,6,0.895038887557954,0.89725888979173,40
4,6,0.79350945231914,0.201955913940209,40
2,6,0.769753487063285,0.843319352805052,40
3,6,0.735540241999737,0.475022286404559,40
5,6,0.725770152832728,0.274353612359163,40
1,7,0.894823384455979,0.87989387157116,40
4,7,0.804687394582628,0.419642308840051,40
2,7,0.765462363739744,0.797870179413575,40
3,7,0.725323752440489,0.767654979737093,40
5,7,0.698101348522619,0.660304405311535,40
1,8,0.895421986954205,0.830183311140442,40
4,8,0.80612637396924,0.554595901568694,40
2,8,0.753189963357032,0.528065590240752,40
3,8,0.73385197141724,0.34521539090763,40
5,8,0.72787897616995,0.336574805619676,40
1,9,0.895130983327155,0.898380759655696,40
4,9,0.807580573409034,0.576186266621348,40
2,9,0.748950719626486,0.531627258971244,40
3,9,0.733175166839483,0.52115214681872,40
5,9,0.720263625556023,0.482943338896065,40
1,10,0.893778016502508,0.902911095155215,40
4,10,0.815941796588333,0.392065119286213,40
2,10,0.743211262190357,0.661507257011925,40
3,10,0.732969079273087,0.479237448461414,40
5,10,0.723588965522571,0.468981813786182,40
1,11,0.896080577263669,0.787290670216932,40
4,11,0.794373610638957,0.54687381774312,40
2,11,0.772639938090451,0.423462894906238,40
3,11,0.730549821301,0.695887856853067,40
5,11,0.721694378177683,0.337971064784193,40
1,12,0.908476133380419,0.553365434543262,40
4,12,0.813368612115243,0.594158277583641,40
2,12,0.747123081130908,0.695511112658679,40
3,12,0.736477609125763,0.278954311339947,40
5,12,0.722280544105544,0.29409887899281,40
1,13,0.899008203310991,0.814522933711833,40
4,13,0.772974960994104,0.441174742343279,40
2,13,0.794876428390747,0.744081334042767,40
3,13,0.735293343925683,0.523827864479012,40
5,13,0.716912382537343,0.194709575296522,40
1,14,0.892609382294749,0.862912057613157,40
4,14,0.806853760955885,0.401222682747896,40
2,14,0.74213082991819,0.769916937516623,40
3,14,0.740142592678734,0.402839628754581,40
5,14,0.703122510822954,0.208121305401671,40
1,15,0.896085778780708,0.82273650081312,40
4,15,0.814892696246825,0.441215651551451,40
2,15,0.748950682519319,0.768644146929053,40
3,15,0.75504451033154,0.393433879998976,40
5,15,0.721214848185373,0.391249850488613,40
1,1,0.88796795102784,0.331346721774457,41
4,1,0.777229809200077,0.423577756179519,41
2,1,0.786766695915433,0.628250146803283,41
5,1,0.683215662119182,-0.323095569127129,41
3,1,0.664430470140177,0.458758900622281,41
1,2,0.872488774473375,0.917390816977957,41
4,2,0.770906480546483,0.65560976445035,41
2,2,0.786259329563841,0.53694621981499,41
5,2,0.651446461614535,0.383843615307118,41
3,2,0.662571348893179,0.416185313854079,41
1,3,0.875574779165596,0.859000684401599,41
4,3,0.783652924274281,0.370849346509991,41
2,3,0.793513325298891,0.498921326797289,41
5,3,0.678475422907443,-0.0788418518075197,41
3,3,0.644354127570528,0.651342594380327,41
1,4,0.882247608612529,0.717089654142708,41
4,4,0.788955403731548,0.62411904778461,41
2,4,0.783458570562281,0.333470499752345,41
5,4,0.668134222118868,0.42074155833225,41
3,4,0.668789133955371,0.402082676382739,41
1,5,0.888839310547572,0.673502622889389,41
4,5,0.781884801514509,0.415008004774113,41
2,5,0.784820709375018,0.591970097455536,41
5,5,0.666647274921314,-0.249411568657048,41
3,5,0.680046675024957,0.348327984564308,41
1,6,0.882261223410462,0.701329640596621,41
4,6,0.773387022087922,0.50048278696574,41
2,6,0.77961111190548,0.629126369166568,41
5,6,0.668267638496081,-0.058181971434851,41
3,6,0.669694551575468,0.471938931189362,41
1,7,0.880938984501829,0.803919517559368,41
4,7,0.770899545691157,0.635601847775632,41
2,7,0.795268318480266,0.476668956951527,41
5,7,0.685333017829187,-0.10737281188577,41
3,7,0.651288794920395,0.492679010096162,41
1,8,0.876722699500988,0.907248902570427,41
4,8,0.776893177237426,0.377005864605113,41
2,8,0.798570513893235,0.501372738223419,41
5,8,0.673346555491196,0.187426406900095,41
3,8,0.672815684151328,0.46757208073364,41
1,9,0.874526869478389,0.888623657636737,41
4,9,0.77318013906324,0.680438538370876,41
2,9,0.78298470870651,0.40065197723006,41
5,9,0.677365168280119,0.0458159013794226,41
3,9,0.652708222719519,0.472261218501007,41
1,10,0.874270467422044,0.911076876974571,41
4,10,0.795517209759659,0.0502317459860497,41
2,10,0.778296762722576,0.865500339293913,41
5,10,0.647870746385135,0.280631817607333,41
3,10,0.674300376915205,0.308879084383718,41
1,11,0.882436418875562,0.812498820316031,41
4,11,0.764662814577167,0.769165038657471,41
2,11,0.788834907691082,0.593871288352731,41
5,11,0.667852792464546,0.136380467841504,41
3,11,0.658910957010329,0.459438535424181,41
1,12,0.88195160620613,0.817915503960709,41
4,12,0.779640006067573,0.497216894433496,41
2,12,0.780710425241949,0.574501096696142,41
5,12,0.710225930660489,-0.328227153747801,41
3,12,0.668469242252249,0.563421663963376,41
1,13,0.882528017259395,0.803070723540189,41
4,13,0.773101522152109,0.783508443114351,41
2,13,0.775447587794034,0.720520687362806,41
5,13,0.658957479577235,0.430195549199961,41
3,13,0.669632312262438,0.569759826445259,41
1,14,0.874285427672715,0.892785268879945,41
4,14,0.777308497693888,0.544177240759918,41
2,14,0.781620767692139,0.70148380237197,41
5,14,0.657919564875894,0.450522263306192,41
3,14,0.668719025204063,0.470311240058121,41
1,15,0.881630367940792,0.787360032801876,41
4,15,0.782649538483675,-0.274828982486668,41
2,15,0.790283197867754,0.420131471760074,41
5,15,0.657084259107978,0.578953460557205,41
3,15,0.662309688367525,0.702774562130566,41
1,1,0.895449024176222,0.947820178276084,42
2,1,0.828057974581666,0.686184478672868,42
3,1,0.713929160748403,0.51648956649405,42
4,1,0.707601742127785,0.153948795931846,42
5,1,0.694006980196768,0.203848573535046,42
1,2,0.901321423342956,0.777699448144145,42
2,2,0.822705273368552,0.710302241609273,42
3,2,0.71415155138413,0.638834566226703,42
4,2,0.705561237059349,0.28210284271732,42
5,2,0.697549682772356,0.0988187276615881,42
1,3,0.901372416105606,0.818190654843616,42
2,3,0.814348762141194,0.889165121388213,42
3,3,0.732512317941454,0.181185310531997,42
4,3,0.706338653847675,0.534371761421043,42
5,3,0.70346625697628,0.213497751185687,42
1,4,0.899910922252935,0.83103494938484,42
2,4,0.840585719582173,0.565485428707111,42
3,4,0.744703860871258,0.201531429538273,42
4,4,0.698893780046779,0.697453721572247,42
5,4,0.68682867954903,0.516498900007403,42
1,5,0.898173938493441,0.880163763974042,42
2,5,0.834135671213451,0.592652528859848,42
3,5,0.721999172998792,0.40997736612021,42
4,5,0.724636422406236,0.118198951390825,42
5,5,0.677777411528551,0.534860277510997,42
1,6,0.903542301791175,0.849663328886562,42
2,6,0.826839192438463,0.578350854188316,42
3,6,0.708220775884811,0.652885081516588,42
4,6,0.684269033349985,0.799975727535178,42
5,6,0.678201094436004,0.571805756861419,42
1,7,0.901369615151515,0.78751325048429,42
2,7,0.835593889306154,0.435701902237201,42
3,7,0.714495339336419,0.685107313034651,42
4,7,0.716802885902546,0.464380415420715,42
5,7,0.67549035463135,0.688032205958154,42
1,8,0.897232183440385,0.925293645875528,42
2,8,0.827271923382755,0.629700153402856,42
3,8,0.711336206341846,0.692911255008851,42
4,8,0.691699338774786,0.646217153253974,42
5,8,0.702921798411442,-0.386015738389838,42
1,9,0.89776883449799,0.928493300480975,42
2,9,0.827125573814653,0.759531333696789,42
3,9,0.706104794558019,0.623702888703721,42
4,9,0.711972326578716,0.105666905512902,42
5,9,0.686782241784766,0.122148159377839,42
1,10,0.901445113272647,0.798117309975754,42
2,10,0.829973814366197,0.848507797087961,42
3,10,0.714222606584518,0.716649263482657,42
4,10,0.705874743807637,0.525866780014055,42
5,10,0.687882313763735,-0.281309001486309,42
1,11,0.898121554415735,0.906810653454025,42
2,11,0.845945697459079,0.593238212614947,42
3,11,0.709079974834531,0.468236369295126,42
4,11,0.718319900980657,-0.185244333685187,42
5,11,0.676305594656434,-0.163373227718411,42
1,12,0.902139572736791,0.72237650138561,42
2,12,0.829027862496823,0.716278265678397,42
3,12,0.715136943947236,0.502951827504021,42
4,12,0.70135283245301,0.43322909153981,42
5,12,0.679147907966004,0.651560843021599,42
1,13,0.903482996889526,0.752735747761075,42
2,13,0.822240342715177,0.795511209420019,42
3,13,0.71779275060795,0.518104361975372,42
4,13,0.698678329391777,0.468544922608432,42
5,13,0.687385782236986,0.200522399665306,42
1,14,0.897588393056467,0.887205629966335,42
2,14,0.834855372529229,0.300692006436289,42
3,14,0.718508050120482,0.330280511869615,42
4,14,0.703637414962806,0.560772955999466,42
5,14,0.682808451531162,0.582275526897562,42
1,15,0.902862762746251,0.809842745560223,42
2,15,0.831494126540724,0.645496336724037,42
3,15,0.740908003529348,0.214470145293245,42
4,15,0.694578146013777,0.332222771120424,42
5,15,0.692414647312789,-0.24593892160713,42
1,1,0.870890824105325,0.782101644017782,43
3,1,0.732155466027886,0.505591570270658,43
2,1,0.71872159931644,0.87928901885737,43
4,1,0.694981323975321,0.722987953938139,43
5,1,0.626683848095538,0.317814096279971,43
1,2,0.864388307045271,0.892015279422237,43
3,2,0.716337438265859,0.446829896635224,43
2,2,0.724478952926206,0.407133190424363,43
4,2,0.707054372384863,0.0662899452802043,43
5,2,0.646014225384529,-0.208229099383593,43
1,3,0.858521793442094,0.932300250885256,43
3,3,0.718061314210377,0.509082251499432,43
2,3,0.720776020314458,0.432167283807308,43
4,3,0.690505619285933,0.621942960308381,43
5,3,0.617601698457268,0.219100583024147,43
1,4,0.863656939093271,0.895493306888587,43
3,4,0.719041568367713,0.509645413925027,43
2,4,0.72080204596194,0.355021035216103,43
4,4,0.699163170178479,0.646807332070827,43
5,4,0.630055688652399,0.0815994619919202,43
1,5,0.867056115947159,0.845850821950424,43
3,5,0.707644873079889,0.437488538273413,43
2,5,0.736938318745656,0.592918185675891,43
4,5,0.706516048958465,0.306807696035325,43
5,5,0.62877033524682,0.154897821499533,43
1,6,0.862861132687887,0.858214831565455,43
3,6,0.705194549130845,0.761715422220873,43
2,6,0.698065791336673,0.779500204223926,43
4,6,0.697411958397639,0.300423705265203,43
5,6,0.601986390282689,0.711745564887466,43
1,7,0.868428235030917,0.819587222605311,43
3,7,0.719815852351216,0.215879132367322,43
2,7,0.720500409000804,0.620847273118163,43
4,7,0.695917794801919,0.683555811399671,43
5,7,0.62806875219092,0.498086097903058,43
1,8,0.866773374486959,0.830060568286599,43
3,8,0.700125847771042,0.50517526309235,43
2,8,0.737224807774875,0.416298566433998,43
4,8,0.689268758114291,0.496720858405507,43
5,8,0.628008364368188,0.55374190986484,43
1,9,0.864608797849369,0.85964496385342,43
3,9,0.709196588708116,0.154712439433084,43
2,9,0.74012592535805,0.454723234566617,43
4,9,0.703465049969332,0.539906735542133,43
5,9,0.638197538801196,0.12767289683725,43
1,10,0.867867703410623,0.785958907495223,43
3,10,0.719768722703059,0.527316954087356,43
2,10,0.712317633827504,0.570372627719285,43
4,10,0.705194523848981,0.434472015827128,43
5,10,0.622484043937536,0.46557479252405,43
1,11,0.877057470485744,0.680576055481518,43
3,11,0.70963071528327,0.755546455258633,43
2,11,0.715631380442903,0.289303950267284,43
4,11,0.713542500525139,0.719624810197132,43
5,11,0.64889502923151,-0.13695532695165,43
1,12,0.861178560087796,0.909743559594646,43
3,12,0.71498387044304,0.562571955629373,43
2,12,0.72990899104266,0.540075589336492,43
4,12,0.695367469129848,0.670595847085868,43
5,12,0.628745634151293,0.0461077643689036,43
1,13,0.874366004727181,0.695347800241125,43
3,13,0.711162074486265,0.643833586381105,43
2,13,0.719784635607253,0.430575610939768,43
4,13,0.706118066930125,0.178090022365915,43
5,13,0.619184704532734,0.213377018144784,43
1,14,0.879151091019067,0.704369663210486,43
3,14,0.716872360633848,0.275315461237626,43
2,14,0.715519273706257,0.521233346761117,43
4,14,0.682395110168075,0.719822732951713,43
5,14,0.61896953067549,0.758011455035879,43
1,15,0.862331934803467,0.881289902267042,43
3,15,0.692079270922642,0.612349735155887,43
2,15,0.743974126415283,0.398629283578008,43
4,15,0.70424447290128,0.306320086143694,43
5,15,0.62897786388801,-0.00904323780865018,43
1,1,0.872829586427326,0.895961760321129,44
5,1,0.739974775396903,0.270549874640437,44
2,1,0.656875246668712,0.670225183224397,44
3,1,0.695157277723314,0.557915682618716,44
4,1,0.701363251247148,0.367135267865461,44
1,2,0.878818864220052,0.718229714355418,44
5,2,0.746117703832953,0.667222668253979,44
2,2,0.647924100153718,0.395953828383534,44
3,2,0.690241259009631,0.415965040595329,44
4,2,0.704363345877607,0.0370377866800683,44
1,3,0.880260911008342,0.715868124830252,44
5,3,0.728557231230516,0.66640767954484,44
2,3,0.657152077944634,0.684718272202857,44
3,3,0.700114058566065,0.334746960979926,44
4,3,0.674959348111349,0.687489813057952,44
1,4,0.869981021254694,0.923007838187721,44
5,4,0.71454464233939,0.61407808815994,44
2,4,0.667447415128298,0.477556499789342,44
3,4,0.709510406469004,0.28530916454394,44
4,4,0.703707468289697,0.357639443625113,44
1,5,0.871369287317391,0.837242157238868,44
5,5,0.743808961430074,-0.0203286730266341,44
2,5,0.670283452165522,0.32972527657679,44
3,5,0.709944219664811,0.503074510544753,44
4,5,0.689963856808545,0.507185524306567,44
1,6,0.87193524355068,0.863258573201429,44
5,6,0.729455759857254,0.454045245992601,44
2,6,0.670975836845868,0.602932636045179,44
3,6,0.675116580186974,0.687559775912547,44
4,6,0.70458575316988,0.564445465162891,44
1,7,0.871057406423191,0.888543165976964,44
5,7,0.751450696087993,0.588701755032974,44
2,7,0.63908069010612,0.72522619703859,44
3,7,0.692081009836978,0.788261132823137,44
4,7,0.678873171023,0.443627949602971,44
1,8,0.873095986710384,0.845734056429417,44
5,8,0.724548479808998,0.534308688387151,44
2,8,0.651574538319538,0.754345755653569,44
3,8,0.704446649366774,0.192254107919378,44
4,8,0.699260393731741,0.52282638819514,44
1,9,0.868920710299163,0.88590242189603,44
5,9,0.721635752126421,0.371513281431077,44
2,9,0.668398949309409,0.650132276455288,44
3,9,0.686359727784139,0.680924777659908,44
4,9,0.70267399848735,0.00492710380853063,44
1,10,0.866396028596468,0.909946760394344,44
5,10,0.725575864692953,0.491206361359257,44
2,10,0.67348384517668,0.728182252435987,44
3,10,0.694899872871665,0.492569594123582,44
4,10,0.695533496966236,0.625241134960011,44
1,11,0.885835137760888,0.552220839443221,44
5,11,0.714463597234635,0.353128527007566,44
2,11,0.684831584000012,0.645774383022634,44
3,11,0.703775834619156,0.340593692212289,44
4,11,0.680325674124539,0.613969824435683,44
1,12,0.869751113207603,0.914589331694972,44
5,12,0.691825194739469,0.368639928277834,44
2,12,0.698321995310089,0.630636457038606,44
3,12,0.699940642063831,0.267022168502161,44
4,12,0.678488072281384,0.613407184428007,44
1,13,0.875451182154007,0.772001198488876,44
5,13,0.690069195586076,0.314330223154008,44
2,13,0.704878718900764,0.634035942952228,44
3,13,0.682541856494057,0.793691741619142,44
4,13,0.679006781954992,0.755805535986662,44
1,14,0.874040092596757,0.756190131988845,44
5,14,0.738915399404269,0.0447070423098439,44
2,14,0.675372968499644,0.620524651603547,44
3,14,0.693803114475371,0.303413981833512,44
4,14,0.69621726051416,0.0975853003183258,44
1,15,0.876827114207185,0.719181760677256,44
5,15,0.713330936655921,0.374856077248229,44
2,15,0.68625380231439,0.353351212632451,44
3,15,0.686696662335621,0.657833234175403,44
4,15,0.690748078696989,0.413589618259548,44
1,1,0.888730129633898,0.591909892452132,45
4,1,0.770974167922562,0.345221113219496,45
2,1,0.778922950962164,0.336235069036054,45
5,1,0.666533273057461,0.588983025308039,45
3,1,0.6594671513313,0.552415662255723,45
1,2,0.884909719471512,0.614966734839693,45
4,2,0.760968148862533,0.132820518806657,45
2,2,0.790945066521638,0.673197557303681,45
5,2,0.690565568350003,0.138422575646161,45
3,2,0.65744826994041,0.610496036982224,45
1,3,0.877625118321458,0.879665294407774,45
4,3,0.780195075134576,0.56457562904509,45
2,3,0.727869476895682,0.802387742769403,45
5,3,0.690790667498338,0.202415161939474,45
3,3,0.642768346352731,0.698928569330118,45
1,4,0.878017573423625,0.904028741062966,45
4,4,0.809643694870037,-0.122591251973365,45
2,4,0.739706387092476,0.468675350202184,45
5,4,0.693131540716299,0.335563021716771,45
3,4,0.646068364049396,0.722580764629471,45
1,5,0.87313466714889,0.936735892522779,45
4,5,0.781771181742141,0.7838342549053,45
2,5,0.751433412080676,0.643504635629717,45
5,5,0.683644524610347,0.152202824941274,45
3,5,0.658916077504319,-0.0819488176448849,45
1,6,0.879575201805219,0.890443576014244,45
4,6,0.78532187402536,0.565613267943764,45
2,6,0.742372341186288,0.733411579415726,45
5,6,0.664063597930912,0.490266412691323,45
3,6,0.653952291400234,0.613710746305087,45
1,7,0.882685335904496,0.820758020232178,45
4,7,0.779506026613732,0.573541167007552,45
2,7,0.734407251110368,0.734879384153486,45
5,7,0.681938620237535,-0.195937805682014,45
3,7,0.679753777518949,0.407164602305236,45
1,8,0.876373008881247,0.93634669279125,45
4,8,0.779636743213512,0.439854701427927,45
2,8,0.756681712216645,0.746629963438625,45
5,8,0.675400475922337,0.243578635710488,45
3,8,0.648691151068527,0.435115128268745,45
1,9,0.880493511472047,0.867842452750028,45
4,9,0.759277042344801,0.642473438912867,45
2,9,0.760617254371111,0.763426514146427,45
5,9,0.693538923164624,0.426724914325943,45
3,9,0.650984352341538,0.395342014615758,45
1,10,0.879676295244269,0.860359970600515,45
4,10,0.78350471177965,0.576330934383279,45
2,10,0.751953982221971,0.678683620769157,45
5,10,0.700041478859689,0.0721568773738362,45
3,10,0.654360511797385,0.586739235135097,45
1,11,0.88759290846003,0.660523611575782,45
4,11,0.786767953057067,0.566362642399987,45
2,11,0.741288399462881,0.624752795484479,45
5,11,0.684150901561423,0.472526541810313,45
3,11,0.653707020416446,0.769593485264084,45
1,12,0.879933186863856,0.700628981986018,45
4,12,0.791186441789983,0.574136857672211,45
2,12,0.742343409401999,0.821551513556308,45
5,12,0.675598726228534,0.315065143539782,45
3,12,0.660071429223373,0.526994471653105,45
1,13,0.880555066872261,0.806824982040391,45
4,13,0.775927363173443,0.62968559147507,45
2,13,0.763364350624301,0.696951301805163,45
5,13,0.70462947904005,-0.0663342310922854,45
3,13,0.662974617695872,0.461253838157203,45
1,14,0.87694888792636,0.914006673374291,45
4,14,0.783199979779258,0.707391603608959,45
2,14,0.738382140377013,0.791143596291649,45
5,14,0.696388258042739,0.413382772070742,45
3,14,0.644971873376353,0.418463082519271,45
1,15,0.881657067620933,0.804858099950239,45
4,15,0.766917461866987,0.336250486552204,45
2,15,0.772580822818468,0.72051703524922,45
5,15,0.683110505875018,0.457300904836929,45
3,15,0.658064484598564,0.254473423984439,45
1,1,0.85774680590619,0.927134418166108,46
3,1,0.75261452256752,0.370508763780479,46
2,1,0.693792459993503,0.39530681703687,46
5,1,0.629861818516613,0.551233420183655,46
4,1,0.605362224994623,0.41132539546227,46
1,2,0.864838695015611,0.8582933552676,46
3,2,0.752295983860637,0.445850310792712,46
2,2,0.672036798214564,0.631601568563228,46
5,2,0.645463546426396,0.401385973180827,46
4,2,0.593857834929388,0.230020998484849,46
1,3,0.859563812062176,0.916986876961343,46
3,3,0.756496224995698,0.576410549042176,46
2,3,0.693282477493757,0.61777218889624,46
5,3,0.613003310859835,0.511500001756721,46
4,3,0.60708104003875,0.438621042861415,46
1,4,0.85821315893263,0.904813693709647,46
3,4,0.749414390340244,0.163721219446057,46
2,4,0.692023450919611,0.41033182469437,46
5,4,0.64725445075422,0.221975006456536,46
4,4,0.593879320391119,0.355418565772793,46
1,5,0.863500203415451,0.833742451948265,46
3,5,0.75881561774061,0.841022070020724,46
2,5,0.670076649215812,0.527978730103157,46
5,5,0.624781852017721,0.605477978315103,46
4,5,0.573169632112866,0.499329677331703,46
1,6,0.873091458026944,0.735873953463679,46
3,6,0.765356287503757,0.480863530306669,46
2,6,0.697229960660118,-0.222015577737573,46
5,6,0.647958918526494,0.201009500566801,46
4,6,0.585644934571984,0.62649808552482,46
1,7,0.857753528305655,0.918059275822071,46
3,7,0.714754889807259,0.909709026877682,46
2,7,0.70274332602802,0.818508604327939,46
5,7,0.637640898297747,0.471436697015154,46
4,7,0.593900738536169,0.393979455870683,46
1,8,0.86821923180554,0.699469587526294,46
3,8,0.761335383041347,0.229847241088439,46
2,8,0.673807971273048,0.727371636264372,46
5,8,0.630808125944005,0.746230295301962,46
4,8,0.602523320735338,0.164400416660213,46
1,9,0.858631131841722,0.905922027891799,46
3,9,0.758155573348626,0.615198144299846,46
2,9,0.683762535923343,0.767228678555775,46
5,9,0.641690209050767,0.45899584657864,46
4,9,0.575184811825047,0.516047877940143,46
1,10,0.860587791930587,0.864712889045448,46
3,10,0.708944853097542,0.77055209278989,46
2,10,0.719781409118678,0.739854600537938,46
5,10,0.64765637504778,0.00278875988341047,46
4,10,0.581063951466992,0.178027907352677,46
1,11,0.858575524341668,0.892638155747384,46
3,11,0.75753546246923,0.212929167018035,46
2,11,0.680132396742435,0.50606543070596,46
5,11,0.642386039015406,0.407137184295775,46
4,11,0.566762387767382,0.787276809922655,46
1,12,0.868221605637168,0.670084588763861,46
3,12,0.772466003277683,0.302721890239134,46
2,12,0.68347534940514,0.75186462273121,46
5,12,0.647779497358141,0.506060373702555,46
4,12,0.595158058796607,0.62460359604157,46
1,13,0.860495360798971,0.841697220167207,46
3,13,0.73509459369982,0.712424744121835,46
2,13,0.702638622776028,0.774139196848303,46
5,13,0.630250250891386,0.318278955225225,46
4,13,0.580061681560277,0.460568376745104,46
1,14,0.863309839458341,0.814196008865285,46
3,14,0.745050887531052,0.769012109753029,46
2,14,0.686562102717999,0.402577834073085,46
5,14,0.647213212274246,0.0566754082633696,46
4,14,0.59597252495608,0.21685996827992,46
1,15,0.858549579146073,0.90809678831435,46
3,15,0.763706832079465,0.0944209092308461,46
2,15,0.687850802135038,0.256440589025142,46
5,15,0.645476310507922,0.182570471869399,46
4,15,0.597437830515261,0.219938226130438,46
1,1,0.885023665585883,0.379245431511388,47
2,1,0.782427027262398,0.780527972722765,47
3,1,0.702923411517598,0.297495349818035,47
5,1,0.694171405551569,0.397822746628937,47
4,1,0.617623779778464,0.578895366950756,47
1,2,0.867518417241039,0.85042013422379,47
2,2,0.77884284330407,0.688698661183589,47
3,2,0.696643033097997,0.42481991747666,47
5,2,0.690144036095024,0.612490358669236,47
4,2,0.611345809876291,0.54060117581063,47
1,3,0.864185807285576,0.930825368153693,47
2,3,0.801982766260823,0.412283027272532,47
3,3,0.693558312966134,0.523099794091599,47
5,3,0.660974249710378,0.441310175211218,47
4,3,0.666113500096952,0.669971201428038,47
1,4,0.870681105670877,0.746470345591598,47
2,4,0.759365928088393,0.734130748540959,47
3,4,0.707607710734925,0.697743564708822,47
5,4,0.740046615807865,-0.0156121594658137,47
4,4,0.632520035129957,0.153546907338458,47
1,5,0.871516204408073,0.864401669050573,47
2,5,0.797518523471277,0.588450433081905,47
3,5,0.691224010701181,0.528613809509176,47
5,5,0.683426101874195,0.199702422025503,47
4,5,0.615666293459143,0.658715643034528,47
1,6,0.873779559998068,0.765470555811131,47
2,6,0.789383131240168,0.403463522280917,47
3,6,0.701213752750722,0.541453847935905,47
5,6,0.670785977614268,0.736227181624075,47
4,6,0.619496210840824,0.631383373024587,47
1,7,0.860123704309216,0.950467836356879,47
2,7,0.790712869540566,0.339748412633211,47
3,7,0.68842929935216,0.852457615839388,47
5,7,0.698859071923259,0.141782466962761,47
4,7,0.645777574330339,-0.042631877716741,47
1,8,0.869912090053484,0.804421677450318,47
2,8,0.799911088082504,0.404016714778785,47
3,8,0.71280610341924,0.48000638351048,47
5,8,0.664151081006339,0.625005008718378,47
4,8,0.64771680858894,0.0358044529671937,47
1,9,0.868099740718419,0.877511362382956,47
2,9,0.784731151245204,0.693252174561491,47
3,9,0.715830822695493,-0.174454267728158,47
5,9,0.701801744236037,0.626550495316714,47
4,9,0.626021911003192,0.451923262843394,47
1,10,0.868976358126149,0.841496160854973,47
2,10,0.80024852628899,0.505812615089531,47
3,10,0.709671079236556,0.531767304487461,47
5,10,0.690015092317921,0.416907749147405,47
4,10,0.618134811759291,0.599551976682693,47
1,11,0.871388486702735,0.773081695183945,47
2,11,0.772006580665582,0.700240213868073,47
3,11,0.70385195826582,-0.118313824644117,47
5,11,0.681640597577677,0.673478804272663,47
4,11,0.625476219000796,0.507203559214371,47
1,12,0.864877894341329,0.904139774465257,47
2,12,0.795150985173003,0.509728894844844,47
3,12,0.712253050431652,0.688788749371485,47
5,12,0.684556757695842,0.0566426842905535,47
4,12,0.641180728106981,0.465651063162603,47
1,13,0.86515906946124,0.947577473519623,47
2,13,0.773303854960098,0.522237258942362,47
3,13,0.718786748866797,0.62627928689082,47
5,13,0.686206546023472,-0.0886558571391802,47
4,13,0.631318710339867,0.424580138961098,47
1,14,0.874375148114123,0.781241687949048,47
2,14,0.772860332931837,0.813789018718344,47
3,14,0.706099644954676,0.766213646024385,47
5,14,0.705033821753656,0.336840664168335,47
4,14,0.620268507706842,0.462133220886898,47
1,15,0.87270786097531,0.624397366830403,47
2,15,0.791001129469427,0.593541514059459,47
3,15,0.707919167527803,0.574848374127524,47
5,15,0.688129033419669,0.656234947206162,47
4,15,0.623763389114569,0.528065233102371,47
1,1,0.898105682091985,0.867000300203182,48
4,1,0.765707878179241,0.704438188244302,48
2,1,0.789432441154554,0.489087140783139,48
3,1,0.709467126777945,0.581694332941254,48
5,1,0.702645777243659,0.171854647741934,48
1,2,0.894013608180556,0.890044899685917,48
4,2,0.762104603148506,0.835924817359148,48
2,2,0.779048964948769,0.879074487137792,48
3,2,0.705441450108071,0.484850378338526,48
5,2,0.671572797480296,0.635367916169634,48
1,3,0.896039848104607,0.842164641365279,48
4,3,0.774250894072633,0.14799053120647,48
2,3,0.799347277736832,0.329969141726269,48
3,3,0.717542646559121,0.569478975140522,48
5,3,0.692384912296347,0.209200118128551,48
1,4,0.901132965498549,0.798901251509766,48
4,4,0.76374338180005,0.704313737482459,48
2,4,0.79513449295403,0.543835906515554,48
3,4,0.719010321701079,0.623562691153335,48
5,4,0.685451817268124,0.41017247541306,48
1,5,0.894077000604277,0.865873493070207,48
4,5,0.754694410650389,0.421970632036037,48
2,5,0.808058590454337,0.114769419441915,48
3,5,0.723675880233131,0.611093123698705,48
5,5,0.692113942195067,-0.046670705381289,48
1,6,0.89084357988467,0.943006873115831,48
4,6,0.77194739858232,0.443131408678482,48
2,6,0.808092283199342,0.615753631162566,48
3,6,0.738915105030935,0.420330855420475,48
5,6,0.677364392742534,0.311080083345778,48
1,7,0.896555834502904,0.854659407624901,48
4,7,0.767367444684232,0.577572731377689,48
2,7,0.78168392189513,0.465824347427028,48
3,7,0.744792424136847,0.453109087629743,48
5,7,0.666289046369669,0.347173215040654,48
1,8,0.899848665361238,0.823226781624282,48
4,8,0.762506864212303,0.368475195897136,48
2,8,0.797136590775154,0.690019186313679,48
3,8,0.708560598261406,0.810405826329211,48
5,8,0.685613173926163,0.0984341268771624,48
1,9,0.902947653344743,0.594554432635807,48
4,9,0.79031701501859,0.303875633288905,48
2,9,0.769955653027888,0.670248106200191,48
3,9,0.713876551682772,0.660213888113552,48
5,9,0.667422911006922,0.422229949189512,48
1,10,0.897320613896746,0.757325765145563,48
4,10,0.76730158391633,0.445866890212888,48
2,10,0.787431297768364,0.717123365529384,48
3,10,0.735956214628518,0.00965319315452757,48
5,10,0.659600902058419,0.697616580814462,48
1,11,0.900179071159718,0.793106216291623,48
4,11,0.762844228168821,0.693806680325433,48
2,11,0.79729726646879,0.713852792735417,48
3,11,0.722400350326904,0.253803487247964,48
5,11,0.699621036654233,0.259570832084646,48
1,12,0.89415300616222,0.921979235220972,48
4,12,0.778626646656084,-0.213513179212345,48
2,12,0.790270283062848,0.434130940220988,48
3,12,0.728708771165491,0.560624387149419,48
5,12,0.68396288373754,0.351154811587998,48
1,13,0.90097073235337,0.768003054510186,48
4,13,0.779159954122651,0.685992722051654,48
2,13,0.748753567584806,0.724470741474554,48
3,13,0.714474328697384,0.691901532308743,48
5,13,0.693508966859891,0.460953894878465,48
1,14,0.896419296342093,0.881255997871797,48
4,14,0.762056101327663,0.576051653392179,48
2,14,0.795955107626175,0.683717985161149,48
3,14,0.70991089988832,0.523933848472824,48
5,14,0.66469578729991,0.742675551591299,48
1,15,0.889325028379167,0.954256705234004,48
4,15,0.765512023039379,0.641174335057898,48
2,15,0.781898999613126,0.66972618133503,48
3,15,0.721279188750722,0.589555251364133,48
5,15,0.684678269914979,0.000428919989387083,48
1,1,0.843697068772972,0.887724454794761,49
3,1,0.6758218144307,0.479566880812992,49
2,1,0.702850304857021,0.6130447360302,49
4,1,0.65499346471533,0.420986179740776,49
5,1,0.648518921655827,0.183959113451098,49
1,2,0.846384086362685,0.886655690936941,49
3,2,0.682757081949179,0.494175333103328,49
2,2,0.692651549111343,0.528639883140419,49
4,2,0.656419354053565,0.654547430484158,49
5,2,0.630883279642431,0.589754052577919,49
1,3,0.865964491985584,0.453948039401974,49
3,3,0.668564555188675,0.410543197595583,49
2,3,0.714177570796878,0.576253143487827,49
4,3,0.661775851020588,0.857878040076076,49
5,3,0.637826225070279,0.147283473966025,49
1,4,0.848034961671636,0.843485310589562,49
3,4,0.658066297136367,0.709230035755128,49
2,4,0.717103188162936,0.778756823560459,49
4,4,0.652259302946871,0.612306582468664,49
5,4,0.635092612083357,-0.060586138227086,49
1,5,0.857431084709519,0.555744080042371,49
3,5,0.67311709510798,0.497770109006312,49
2,5,0.703225955523812,0.525255291682819,49
4,5,0.681948915919499,0.245619594092379,49
5,5,0.626657622088248,0.291663734361603,49
1,6,0.850759884718687,0.85295928880928,49
3,6,0.677049690970974,0.168220803756062,49
2,6,0.701476466932924,0.712540603015825,49
4,6,0.663825363129651,0.629623476323216,49
5,6,0.620205784858323,0.622537834245855,49
1,7,0.848814068771423,0.835357680191901,49
3,7,0.681802224735226,0.531680217350861,49
2,7,0.689828650971364,0.6876661989792,49
4,7,0.675095125513622,0.0107942445647889,49
5,7,0.638181289239799,0.335525928184731,49
1,8,0.849303700199138,0.824235190935683,49
3,8,0.688305671530823,0.447047797138182,49
2,8,0.691666008197081,0.720432957662842,49
4,8,0.667371358659515,0.0860963455488488,49
5,8,0.643809971062025,0.584335652950469,49
1,9,0.84923964644574,0.793614156827882,49
3,9,0.663333086888343,0.699707430102288,49
2,9,0.737736826199117,-0.00949286385772672,49
4,9,0.6526616782625,0.607022642351099,49
5,9,0.640480200705562,0.158361817502969,49
1,10,0.84231359649029,0.916130842576938,49
3,10,0.670136619608966,0.401508946272346,49
2,10,0.720592163799348,0.595888849515118,49
4,10,0.637414410082947,0.572908836177401,49
5,10,0.620680087035317,-0.217070787792358,49
1,11,0.840271181878516,0.920816428228421,49
3,11,0.673483246356473,0.0100868005212726,49
2,11,0.706215552578895,0.146943661462698,49
4,11,0.661547736367073,0.236729462774206,49
5,11,0.64203770381616,-0.124364228306636,49
1,12,0.849800481351809,0.855257360547312,49
3,12,0.674460037243107,0.711101351429066,49
2,12,0.707663205635598,0.561107158013286,49
4,12,0.669042065630806,0.492846591165536,49
5,12,0.626154524020161,0.393025067835551,49
1,13,0.848890316658737,0.862941230237613,49
3,13,0.658626729913675,0.428692880282093,49
2,13,0.711642473796238,0.584513575434727,49
4,13,0.659062319768947,0.523837334683317,49
5,13,0.645011129907099,0.0583144486747845,49
1,14,0.852545083182198,0.721998917844878,49
3,14,0.66351610928792,0.593877973634237,49
2,14,0.697761810793593,0.345779780841519,49
4,14,0.663605489332232,0.319776740809382,49
5,14,0.619951514734946,0.746824059949086,49
1,15,0.848979545250692,0.885223219642267,49
3,15,0.665120709572205,0.737121625608549,49
2,15,0.695778093790866,0.460347677930258,49
4,15,0.683386647898738,0.429516867447403,49
5,15,0.636018118287956,0.100972698286739,49
1,1,0.904060365361759,0.840037294487209,50
3,1,0.814727478505516,0.512383563715536,50
2,1,0.736255097331386,0.228680309405427,50
5,1,0.703073392928726,0.204735851168348,50
4,1,0.706297297120969,0.351205529350515,50
1,2,0.902764080583289,0.896070659984531,50
3,2,0.816628650642797,0.321523114826852,50
2,2,0.727222124948431,0.709165989985974,50
5,2,0.710168498527715,0.129072848209101,50
4,2,0.710137968860077,-0.0281446975887758,50
1,3,0.898997220390733,0.913127010775826,50
3,3,0.766703817487979,0.28507612317637,50
2,3,0.788391697484229,0.597006693688422,50
5,3,0.72252821274963,0.345041028500773,50
4,3,0.681324319776751,0.476254388208726,50
1,4,0.906317280827841,0.829912570708213,50
3,4,0.824798844344452,0.431006302880275,50
2,4,0.734693071062628,0.499092552518939,50
5,4,0.721937156034071,0.124356491140958,50
4,4,0.701252626973135,0.484167766887192,50
1,5,0.899647378888674,0.933331938601481,50
3,5,0.804599028281088,0.441424485326189,50
2,5,0.723948865077184,0.63432309199286,50
5,5,0.698756761651029,0.386462292438332,50
4,5,0.704870515103365,0.539220956546797,50
1,6,0.902469004365042,0.922637223785854,50
3,6,0.810594091965965,0.80785226720137,50
2,6,0.723657349965232,0.697625039216894,50
5,6,0.718003596661051,0.105461878592346,50
4,6,0.694561791590886,0.570630775053893,50
1,7,0.900570147563801,0.919451997228502,50
3,7,0.796729290253268,0.837899420494488,50
2,7,0.721222356921274,0.622821195020068,50
5,7,0.710460024799738,0.183292205130576,50
4,7,0.69069160675268,0.47826619842681,50
1,8,0.910948207925433,0.556998855949308,50
3,8,0.818242396356424,0.628803851237019,50
2,8,0.742206599269257,0.289141183876557,50
5,8,0.719773317340198,0.210387760979773,50
4,8,0.689973723861926,0.476782792270697,50
1,9,0.91061901680186,0.722079840048493,50
3,9,0.801302348731999,0.585869442783435,50
2,9,0.724228076204858,0.556490116875707,50
5,9,0.736059479107052,-0.0520538335436332,50
4,9,0.702823947446531,0.553415894711842,50
1,10,0.902011991714538,0.894171792611128,50
3,10,0.814506636482724,0.551829180692856,50
2,10,0.725000595810377,0.664141586676616,50
5,10,0.707137193095812,0.219930084813034,50
4,10,0.700972759204017,0.675544565230844,50
1,11,0.901580292038326,0.861400133865718,50
3,11,0.820817684451561,0.265166176092144,50
2,11,0.721411808099798,0.656193962079471,50
5,11,0.703109621469564,0.482675801415969,50
4,11,0.689143000798763,0.403945401303292,50
1,12,0.9066125037347,0.861067826105531,50
3,12,0.816049344749588,0.598762167436268,50
2,12,0.719308470101983,0.801369289756197,50
5,12,0.712826188213611,0.521081190168223,50
4,12,0.711145319058624,0.349387683279295,50
1,13,0.904736771826038,0.832722497205487,50
3,13,0.812751748908198,0.680065840323192,50
2,13,0.734671912330366,0.416108355523362,50
5,13,0.70659899014446,0.367209141374704,50
4,13,0.710586199226687,0.410736124444454,50
1,14,0.909252522263863,0.841334527856994,50
3,14,0.803035999198458,0.2812479011573,50
2,14,0.729286111847637,0.793135957953064,50
5,14,0.710338080508106,0.453824543302629,50
4,14,0.686609182771843,0.578052597410996,50
1,15,0.898789839234264,0.967935975712283,50
3,15,0.803938006676224,0.562279150723453,50
2,15,0.742358589931891,0.327485689628829,50
5,15,0.698873443165144,0.0423982417959588,50
4,15,0.688967665987305,0.642452219509192,50
1,1,0.859398804967411,0.904231845052966,51
2,1,0.757650368223792,0.485072999912642,51
3,1,0.663425457883182,0.588894653186742,51
4,1,0.645159375409898,0.656526747725078,51
5,1,0.668587324509775,0.672266300183278,51
1,2,0.856811769147604,0.891023421340444,51
2,2,0.73304532052959,0.695483298427588,51
3,2,0.673819383654841,0.652045170050518,51
4,2,0.672699167291419,0.321707011820446,51
5,2,0.6686290143882,0.599107343951933,51
1,3,0.862523402450659,0.837600711295952,51
2,3,0.767523253483474,0.363266651179184,51
3,3,0.668063853640158,0.286339545735169,51
4,3,0.670898092287284,0.352034703285488,51
5,3,0.675016691870162,0.650489588545864,51
1,4,0.866768489406516,0.766645571995416,51
2,4,0.733254189849313,0.61626994568956,51
3,4,0.682322940952325,0.413799419703113,51
4,4,0.651678293384776,0.313651654556818,51
5,4,0.687858093830979,0.188723229568097,51
1,5,0.855259948891935,0.923652057456522,51
2,5,0.745965074335916,0.353833843471012,51
3,5,0.656529550039907,0.322781087048638,51
4,5,0.656671042578834,0.208634401999031,51
5,5,0.689187843737825,0.364507124742108,51
1,6,0.860429388577956,0.891512466301561,51
2,6,0.758187526932692,0.471378782189975,51
3,6,0.65130914332318,0.742111430382273,51
4,6,0.682747367927584,0.670044795561604,51
5,6,0.667646209808406,0.709092681772919,51
1,7,0.860158653353403,0.894021703989571,51
2,7,0.73953223127018,0.764633525401676,51
3,7,0.661933651493804,0.680205108717271,51
4,7,0.655322553155434,0.492998256971182,51
5,7,0.688292825302468,0.13771267070444,51
1,8,0.86359158516527,0.847220906275335,51
2,8,0.730637163377047,0.38721223590228,51
3,8,0.679793913852806,0.727576471664415,51
4,8,0.673899940447351,0.387596942561751,51
5,8,0.640139192325577,0.793226799794208,51
1,9,0.861893334415998,0.843602723502892,51
2,9,0.752257348063454,0.530319179816551,51
3,9,0.679289097317279,0.37092699665887,51
4,9,0.668315476015256,0.321834433604914,51
5,9,0.677897195240318,0.39689304031928,51
1,10,0.863772681038864,0.877215509936079,51
2,10,0.722454132504659,0.47239799281629,51
3,10,0.682671191052121,0.5452517100494,51
4,10,0.653871197817487,0.523471775418585,51
5,10,0.672510471396934,0.621466361485279,51
1,11,0.877308084742749,0.600457317951745,51
2,11,0.741947599486688,0.431825792000788,51
3,11,0.675302916921267,0.464726406671035,51
4,11,0.656645398728326,0.514224052587213,51
5,11,0.684135586284962,-0.381400876177743,51
1,12,0.866150337784565,0.803367819943145,51
2,12,0.731803567965513,0.681030662382689,51
3,12,0.666779238570125,0.640842543253402,51
4,12,0.609812265856826,0.776600304844445,51
5,12,0.675846875595719,0.656751255050855,51
1,13,0.860179877623612,0.910602655728533,51
2,13,0.733432571724795,0.798253447856318,51
3,13,0.667941522358127,0.493667049297668,51
4,13,0.653186140341364,0.701082291189665,51
5,13,0.677989789295707,0.336336590494195,51
1,14,0.859635989080176,0.920608046853492,51
2,14,0.738478293785726,0.468625972340302,51
3,14,0.667717303388554,0.328438165297529,51
4,14,0.639270934500012,0.699672397275524,51
5,14,0.682598059309866,0.642716689265653,51
1,15,0.867292893835235,0.764478688574191,51
2,15,0.735202183209187,0.409497560971069,51
3,15,0.678236899548288,0.615918859533354,51
4,15,0.646513850101371,0.135444370935083,51
5,15,0.674937466197235,0.607352686853334,51
1,1,0.908716674987247,0.656918103322057,52
2,1,0.855977721057322,0.517803898994372,52
3,1,0.747001874612135,0.410719089091598,52
4,1,0.752807014387271,0.262534896575121,52
5,1,0.687781734918151,0.602162752360125,52
1,2,0.905322526941443,0.931089972050385,52
2,2,0.85740678820653,0.444783665497025,52
3,2,0.747228788094516,0.467144377869107,52
4,2,0.744603020722773,0.334663790484182,52
5,2,0.696009324778716,0.158606035361941,52
1,3,0.903766092040601,0.897209727059674,52
2,3,0.851746334948441,0.575199667259362,52
3,3,0.740228491107198,0.73456075110248,52
4,3,0.756001103136265,0.359182387366135,52
5,3,0.690469762811147,0.364982939075088,52
1,4,0.901303100729054,0.882988617866831,52
2,4,0.856746590854426,0.509533294185624,52
3,4,0.719471082262321,0.726300023786752,52
4,4,0.754655967158715,0.36700255506951,52
5,4,0.691388000583405,0.402543504100951,52
1,5,0.909905535615313,0.851569859410433,52
2,5,0.832967144292115,0.682715116048123,52
3,5,0.771392144888672,0.193559750680039,52
4,5,0.757534914761898,0.192348551029511,52
5,5,0.678513424966527,0.0199216475042426,52
1,6,0.904687969469745,0.826907233267446,52
2,6,0.853497117604114,0.525445501501133,52
3,6,0.738946022097287,0.33779637336376,52
4,6,0.751611313346868,0.39736785148023,52
5,6,0.68162453899919,-0.26150001670556,52
1,7,0.904324862760777,0.899630792877201,52
2,7,0.839908662947389,0.762784708088393,52
3,7,0.739426351251847,0.671288053702228,52
4,7,0.745880178585638,0.531811699765753,52
5,7,0.693834655066007,0.0828423971638104,52
1,8,0.909690717065587,0.760454178543166,52
2,8,0.822389873769538,0.779165553705879,52
3,8,0.762922393688148,0.542948768391855,52
4,8,0.741734162782027,0.666850055054241,52
5,8,0.682422407468458,0.325057033060337,52
1,9,0.903026239191913,0.956584746197839,52
2,9,0.849229802514911,0.736582018090617,52
3,9,0.737756877187639,0.442750117015863,52
4,9,0.757765026881023,0.508620915866045,52
5,9,0.680210739749237,0.526063035258678,52
1,10,0.905752586468177,0.873249477951587,52
2,10,0.852009770284837,0.622171845681165,52
3,10,0.758517331682243,0.223278691534184,52
4,10,0.74172690016652,0.547479705871284,52
5,10,0.693383884709936,0.077112772140362,52
1,11,0.908574116586462,0.846361941288489,52
2,11,0.853632683578424,0.576562530788451,52
3,11,0.732010251243944,0.70060037697136,52
4,11,0.754462724599936,0.534515750495863,52
5,11,0.692201835674236,-0.0137736325988799,52
1,12,0.908670512239428,0.796800281729646,52
2,12,0.847709159308848,0.787913699901659,52
3,12,0.737089275218761,0.692449989570542,52
4,12,0.754449391717795,0.512416716738058,52
5,12,0.680288718078701,0.326779914287788,52
1,13,0.905463114796733,0.841814110907693,52
2,13,0.848793396356098,0.5037159501652,52
3,13,0.741752978448481,0.625748106846772,52
4,13,0.756947441836184,0.353036017949315,52
5,13,0.67982657565441,0.217714314558219,52
1,14,0.91356056929723,0.59917979882162,52
2,14,0.852823497353935,0.500660148375863,52
3,14,0.750717948851773,0.442439082100628,52
4,14,0.749499355317472,0.513909380623053,52
5,14,0.683981571101204,0.381254749032356,52
1,15,0.903411368758825,0.917385207073775,52
2,15,0.85455173357739,0.823408310939176,52
3,15,0.741991637377249,0.531252223003941,52
4,15,0.74104748851225,0.691551298615561,52
5,15,0.702369199771859,-0.0117920524570883,52
1,1,0.88657140388065,0.87240544790731,53
2,1,0.842909261333142,0.453255326865253,53
3,1,0.756805319530985,0.363490555893803,53
4,1,0.694708503355727,0.694093926331183,53
5,1,0.671124082453073,0.659824840990405,53
1,2,0.887456344823202,0.837521299865143,53
2,2,0.824393846463646,0.842185882180873,53
3,2,0.769946544585521,0.322828358901883,53
4,2,0.724369057959773,0.232142887894112,53
5,2,0.674638347611152,0.302101946555002,53
1,3,0.895835714755916,0.662705089746137,53
2,3,0.798365574581547,0.79876843540927,53
3,3,0.775803702479706,0.602604977994121,53
4,3,0.730737872784055,0.20566727020037,53
5,3,0.692305185437421,0.158384629305399,53
1,4,0.889572139135091,0.859047462065945,53
2,4,0.818027197601774,0.178251333652623,53
3,4,0.767120097429612,0.757008421198415,53
4,4,0.724038217325896,0.577282880703781,53
5,4,0.667523136217238,0.352058019574416,53
1,5,0.887204247779153,0.859099876958217,53
2,5,0.811814256849233,0.260901330521818,53
3,5,0.761500752314318,0.709779550320724,53
4,5,0.724917594954832,0.404059092859915,53
5,5,0.654535195303514,0.474605229476612,53
1,6,0.884542412341008,0.921461761043608,53
2,6,0.807267398755139,0.56346060968805,53
3,6,0.777942473822516,0.734097189678182,53
4,6,0.722049123957042,0.473280442256648,53
5,6,0.667300411417396,0.324819308780957,53
1,7,0.89042275591787,0.703827291074725,53
2,7,0.827618243521399,0.754522707427799,53
3,7,0.762745005052951,0.39214988939736,53
4,7,0.711873407958283,0.811653609555488,53
5,7,0.662818604789386,0.487235835669504,53
1,8,0.890975849607053,0.683895521199453,53
2,8,0.830913236905519,0.627306610952392,53
3,8,0.75663112607568,0.709451410785449,53
4,8,0.736227300261337,0.52817563959346,53
5,8,0.653569279339094,0.436784407830858,53
1,9,0.885090231329468,0.89695292702271,53
2,9,0.810735900519491,0.594920752618158,53
3,9,0.767732053029845,0.653464989000904,53
4,9,0.716363111373556,0.409696254515795,53
5,9,0.654594167703649,0.753576529297717,53
1,10,0.884164575666603,0.905110944295832,53
2,10,0.840732089040844,0.669806990971251,53
3,10,0.751101092502978,0.53866755330777,53
4,10,0.727042311174539,0.43850149829411,53
5,10,0.661664371069188,0.376612994957295,53
1,11,0.887464016179161,0.889591930645517,53
2,11,0.806137702663776,0.846675656092677,53
3,11,0.781016799914279,0.294964592581171,53
4,11,0.713609652283087,0.698229522244782,53
5,11,0.655920894427866,0.288647902726483,53
1,12,0.885675633050845,0.870649752181343,53
2,12,0.798103195440899,0.771548097239628,53
3,12,0.759731923473425,0.696672900083987,53
4,12,0.743219419677368,0.138596415638178,53
5,12,0.657314629092538,-0.144270247654108,53
1,13,0.888122502007382,0.70770262616131,53
2,13,0.812364321489348,0.486012786844723,53
3,13,0.790626815120671,0.266626580238029,53
4,13,0.711121689141705,0.654314987212343,53
5,13,0.641081424251942,0.215495562668402,53
1,14,0.891444911068545,0.776632217741077,53
2,14,0.82000431030439,0.536442617054573,53
3,14,0.767007685885567,0.603662666641257,53
4,14,0.729021631086376,0.218900273553473,53
5,14,0.673233075884013,0.374299011010638,53
1,15,0.891862162426794,0.797294401732343,53
2,15,0.8170466488477,0.495503773547033,53
3,15,0.798127155014402,0.0472362290663694,53
4,15,0.734740429598835,-0.164841237301034,53
5,15,0.676154273927877,-0.293161855691669,53
1,1,0.898595727748604,0.934865184884681,54
2,1,0.828451411533019,0.264201344891998,54
4,1,0.73203217854559,0.345575794306219,54
5,1,0.704796392328321,0.465871013658666,54
3,1,0.720175759121789,0.351202216567691,54
1,2,0.900617229921751,0.86639541108618,54
2,2,0.823870738379267,0.7640903886842,54
4,2,0.723473363167256,0.611811377856203,54
5,2,0.718413101767474,0.256427003115129,54
3,2,0.700755235347268,0.663034192516622,54
1,3,0.895192244796745,0.868951808694782,54
2,3,0.83126099766926,0.610906526894056,54
4,3,0.726346785593054,0.431007515041934,54
5,3,0.720171772380221,0.237627638100457,54
3,3,0.712013144817133,0.611897449338926,54
1,4,0.897381578030736,0.878970689124457,54
2,4,0.825967955025794,0.754977132773557,54
4,4,0.728812616776787,0.498409221359652,54
5,4,0.720781084933817,0.0186274764891157,54
3,4,0.721041267798169,0.420402801727571,54
1,5,0.895632394810497,0.896682088000582,54
2,5,0.82370302823995,0.727525542737288,54
4,5,0.723387663602155,0.644096617865653,54
5,5,0.705854833424393,0.472309945041516,54
3,5,0.699887188091625,0.536304373266566,54
1,6,0.898556792318137,0.818958771926696,54
2,6,0.832451644955651,0.379329639122564,54
4,6,0.719751762898363,0.657648358853443,54
5,6,0.722369808844891,0.295896423768957,54
3,6,0.704982114516475,0.576098228209952,54
1,7,0.900091499151152,0.814586026313235,54
2,7,0.824909861110315,0.534947831124878,54
4,7,0.73611297369609,0.472440424447688,54
5,7,0.713589817391097,0.197014937251229,54
3,7,0.700745617278359,0.328518396216495,54
1,8,0.901563292293696,0.742871311457508,54
2,8,0.823992151322709,0.715934120608004,54
4,8,0.719733299321679,0.678028639318033,54
5,8,0.720622678749437,0.428922659474102,54
3,8,0.701944662344533,0.530826197798158,54
1,9,0.900702327675118,0.800104901732343,54
2,9,0.827985064779736,0.610452268582086,54
4,9,0.720064328796869,0.655212000899334,54
5,9,0.729064349748054,-0.134645989962779,54
3,9,0.71727595414048,0.585786255660735,54
1,10,0.896241029053401,0.902755832436415,54
2,10,0.827231717302435,0.710679172491172,54
4,10,0.729524137744825,0.352711157997605,54
5,10,0.714329966460911,0.459239080445437,54
3,10,0.688612313244208,0.462934526378196,54
1,11,0.897523140450966,0.868778121817248,54
2,11,0.816895013784049,0.64102035033389,54
4,11,0.724950330468026,0.717246894388393,54
5,11,0.721997593965881,0.498484088946847,54
3,11,0.68728591576397,0.839656677215819,54
1,12,0.893662645079326,0.917458945646588,54
2,12,0.830063466592685,0.582968369634419,54
4,12,0.706147931459231,0.35485014257015,54
5,12,0.716738007191202,0.219745025364402,54
3,12,0.696927801490439,0.528849865909442,54
1,13,0.905263597143773,0.734393158539869,54
2,13,0.810146413974718,0.803029199562594,54
4,13,0.71222849395932,0.615879540163538,54
5,13,0.704980720275441,0.55843960311375,54
3,13,0.700667241250868,0.459613496181715,54
1,14,0.895076665697074,0.929220388685589,54
2,14,0.824742901067943,0.677365637134418,54
4,14,0.734399164255047,0.280939695782011,54
5,14,0.719428219353853,0.303922343382681,54
3,14,0.700753213951107,0.48833864389281,54
1,15,0.908607552208829,0.650636457115629,54
2,15,0.829906654006998,0.680016325007218,54
4,15,0.739638302439717,0.124283284581508,54
5,15,0.705897563529328,0.460384276909507,54
3,15,0.715587960299544,0.423059642764359,54
1,1,0.863078325172403,0.881003030028052,55
2,1,0.803859144462537,0.281720387587375,55
3,1,0.674850647188115,0.722732661128484,55
4,1,0.694935853572299,0.432143017130403,55
5,1,0.614903762070556,0.519206596976149,55
1,2,0.862342567529507,0.890327970483766,55
2,2,0.784427636691172,0.763957881073648,55
3,2,0.689615025615633,0.771215377304952,55
4,2,0.690378365323658,0.384951093246052,55
5,2,0.610732956830786,0.617712647222563,55
1,3,0.877544695577109,0.535417861189838,55
2,3,0.798958113278406,0.777594187214697,55
3,3,0.679725483524417,0.776193067269358,55
4,3,0.688755489223005,0.675236348085526,55
5,3,0.612145264038273,0.561708993186294,55
1,4,0.865340915692409,0.847492657146691,55
2,4,0.799301033445464,0.539346223315425,55
3,4,0.675374655829857,0.445990352504774,55
4,4,0.690280448153685,0.436094508949812,55
5,4,0.630629081701029,0.116309969097128,55
1,5,0.862834144628865,0.896475031822982,55
2,5,0.794601991739031,0.781873266105396,55
3,5,0.670721139206617,0.70462947535407,55
4,5,0.702920903219911,0.181438641801849,55
5,5,0.619142277450176,0.418336338135988,55
1,6,0.872159600812883,0.752327664390018,55
2,6,0.810082459232187,0.137407473137957,55
3,6,0.671239774537024,0.573798663381464,55
4,6,0.677042016658585,0.099912189890274,55
5,6,0.635050791033024,0.198062571070148,55
1,7,0.861727359769331,0.910075733012541,55
2,7,0.795576903324043,0.604689281822918,55
3,7,0.694459547097862,0.00244003566427038,55
4,7,0.690184251472669,0.400669484854836,55
5,7,0.604903858409393,0.128256073845778,55
1,8,0.862664591862754,0.857966074874473,55
2,8,0.800405127294904,0.726664610637575,55
3,8,0.672134967768992,0.561252323975769,55
4,8,0.700824216396383,0.514112408235943,55
5,8,0.619054911981508,0.489880765182417,55
1,9,0.871146833095866,0.752037120555974,55
2,9,0.790308689324686,0.505656319394341,55
3,9,0.69445340095831,0.359408522640417,55
4,9,0.694291329972685,0.295387876839579,55
5,9,0.62348138974899,0.295998968307727,55
1,10,0.862216232915259,0.908417103803137,55
2,10,0.801750022915957,0.609049735161412,55
3,10,0.694836024872905,0.417233206186752,55
4,10,0.684605200568036,0.421657660392462,55
5,10,0.602480664680602,0.547540602023785,55
1,11,0.86738753604128,0.743824509160683,55
2,11,0.800823938867937,0.368883253242578,55
3,11,0.68070984033688,0.617485211379455,55
4,11,0.682051438827494,0.663477975148241,55
5,11,0.636077068691111,0.318056466499107,55
1,12,0.863580852022334,0.890126951764084,55
2,12,0.804999929934781,0.49388478874161,55
3,12,0.676794673003473,0.76282404747132,55
4,12,0.677206928824584,0.574491304606334,55
5,12,0.599440716096319,0.360144937915065,55
1,13,0.866156256542227,0.851162153420203,55
2,13,0.783952223864859,0.604411617059425,55
3,13,0.679154231385048,0.630529276234534,55
4,13,0.684080702503632,0.661446922064033,55
5,13,0.629917067709315,0.406388729655222,55
1,14,0.864430473718691,0.871957993184521,55
2,14,0.794276732747639,0.683743514022997,55
3,14,0.680556876803049,0.61992381295129,55
4,14,0.689119326209472,0.392634560323765,55
5,14,0.595602696651314,0.515045330468453,55
1,15,0.869428526518841,0.890165883317271,55
2,15,0.789506193155916,0.687761041186326,55
3,15,0.67766472315251,0.567977930716228,55
4,15,0.696668374819717,0.338489290193508,55
5,15,0.609488811795165,0.437705282901614,55
1,1,0.904789393806718,0.343046999535554,56
3,1,0.818764069048074,0.222907585081047,56
4,1,0.745946759735632,0.417013600252222,56
2,1,0.712939291900121,0.814641726854876,56
5,1,0.668177301937081,0.307466173522891,56
1,2,0.888691956735281,0.82076786602769,56
3,2,0.823052126681872,0.388027402776629,56
4,2,0.713737375251205,0.485401806378983,56
2,2,0.760253550932402,0.747181214482261,56
5,2,0.652961796920679,0.202883860068173,56
1,3,0.892068186714308,0.8066475273499,56
3,3,0.815866513432093,0.58475524466756,56
4,3,0.711813437580411,0.748698776893227,56
2,3,0.730408130801387,0.889058086202085,56
5,3,0.667969275846895,0.498423987649605,56
1,4,0.886666591366235,0.937438772150723,56
3,4,0.817510163301141,0.615999523227152,56
4,4,0.7077253966666,0.548500054235134,56
2,4,0.757287343280645,0.641650338158474,56
5,4,0.68069765221361,0.0612605901086077,56
1,5,0.891063061143797,0.839026090698955,56
3,5,0.818146673353298,0.67220895834875,56
4,5,0.703947340760198,0.460778190987537,56
2,5,0.781179163081458,0.0726208998304363,56
5,5,0.661929902437622,0.396702304815044,56
1,6,0.885828511389343,0.908342838849767,56
3,6,0.818510773680273,0.369736667637922,56
4,6,0.697463425896599,0.591332904576342,56
2,6,0.760124253508678,0.555685838830026,56
5,6,0.672312561448952,-0.0580910171439369,56
1,7,0.892352974920021,0.828155781379713,56
3,7,0.814941953712263,0.59558606945726,56
4,7,0.718785028505045,0.0932529117790998,56
2,7,0.76341220193043,0.625496364898071,56
5,7,0.687639531882671,0.267961952568163,56
1,8,0.885761536591467,0.889526027637769,56
3,8,0.802649901136554,0.867387442702706,56
4,8,0.727064144813999,0.623965943049215,56
2,8,0.733539564293297,0.461154684522744,56
5,8,0.673207090549061,0.594513624850281,56
1,9,0.886065745367357,0.928259360965544,56
3,9,0.807065000219662,0.651592230028568,56
4,9,0.715218863118605,0.544587030797661,56
2,9,0.755829661523289,0.492276578756777,56
5,9,0.673275717127143,0.477235838395131,56
1,10,0.890451923804869,0.884970717806166,56
3,10,0.813944615931736,0.419105385351345,56
4,10,0.709007625251851,0.59781600491179,56
2,10,0.75713223031239,0.303330443681535,56
5,10,0.687633323818879,0.0777365481174399,56
1,11,0.891984190357829,0.814728354716697,56
3,11,0.818584663278086,0.574849037789087,56
4,11,0.72615745209512,-0.00998517795842918,56
2,11,0.760723520371191,0.521244205210004,56
5,11,0.683924244661048,0.0567280663981588,56
1,12,0.885630896357667,0.938289897396568,56
3,12,0.819313801175934,0.71018726180207,56
4,12,0.71762104696556,0.522141513680379,56
2,12,0.73895135441088,0.52937146728332,56
5,12,0.679975845881086,0.141701370097357,56
1,13,0.889299687248624,0.816687038072178,56
3,13,0.823695708938805,-0.0616250024069754,56
4,13,0.735306368235257,-0.309521839327049,56
2,13,0.759939701482777,0.548276771232018,56
5,13,0.668411394315342,0.235923543720421,56
1,14,0.887780662853762,0.872430088754631,56
3,14,0.82019717461661,0.571479369366217,56
4,14,0.706505292404989,0.194119242823959,56
2,14,0.750287063537187,0.835975963496459,56
5,14,0.671618369470056,0.477823843761852,56
1,15,0.897165750231347,0.555595701689419,56
3,15,0.804734972245625,0.620511558256079,56
4,15,0.717154955817216,0.461846691163471,56
2,15,0.761764994531435,0.732856511423879,56
5,15,0.673972858210501,0.503497513125369,56
1,1,0.859015484963478,0.842866731289128,57
2,1,0.735715129411922,0.341209893136443,57
3,1,0.658374768317973,0.531454235198227,57
5,1,0.636708240735134,0.403222413523679,57
4,1,0.66791390620625,0.403559012797594,57
1,2,0.853183411306844,0.873862807208201,57
2,2,0.722580938897247,0.567070959073235,57
3,2,0.671006233411748,0.608089052201336,57
5,2,0.658306231268177,-0.299582174074556,57
4,2,0.664193897771895,-0.0197549774808384,57
1,3,0.859936807210375,0.787778190877867,57
2,3,0.697564682342266,0.617125672743121,57
3,3,0.682545286631194,0.797220269107407,57
5,3,0.675613309853148,0.301954701721301,57
4,3,0.647698649265813,0.795298809192177,57
1,4,0.864588956494951,0.770849543523916,57
2,4,0.746072741661688,0.481228893406588,57
3,4,0.656004478228953,0.596051818535915,57
5,4,0.634517495999291,0.653262116220092,57
4,4,0.687171524504908,0.462868232396763,57
1,5,0.856802832348385,0.879509563849563,57
2,5,0.700476545514341,0.74850449383131,57
3,5,0.68524272950153,0.45361541776056,57
5,5,0.679530345012573,-0.143867773470149,57
4,5,0.664602010473587,0.587214733032878,57
1,6,0.858740096221597,0.759020169659661,57
2,6,0.735299267880846,0.431087131022552,57
3,6,0.668160586706665,0.260741488078504,57
5,6,0.636715483246696,0.557569663197583,57
4,6,0.684434761922743,0.252015651443663,57
1,7,0.852834390079221,0.911961906189289,57
2,7,0.723864814834534,0.853572220794329,57
3,7,0.665401766759028,0.36573801445198,57
5,7,0.638448522273454,-0.0252650822018418,57
4,7,0.650916109101481,0.664808322561764,57
1,8,0.866988621337458,0.529055453613109,57
2,8,0.724629267162311,0.762495706840262,57
3,8,0.681761727670659,0.382062713783043,57
5,8,0.646858448747739,0.495365731868617,57
4,8,0.683764775857086,0.724886472544591,57
1,9,0.86142548262444,0.79735657923458,57
2,9,0.720313699875542,0.582439668188938,57
3,9,0.669031806445712,0.649487600775261,57
5,9,0.661844427795252,0.212169145352493,57
4,9,0.633210530456119,0.787346206515708,57
1,10,0.855533703303627,0.752726318106446,57
2,10,0.712663530925745,0.591307748451471,57
3,10,0.678173957425361,0.286200123430139,57
5,10,0.635841324707052,0.35016632488267,57
4,10,0.705022244395773,0.305533975900194,57
1,11,0.855891471337169,0.894816530021017,57
2,11,0.72234187682631,0.558226076033405,57
3,11,0.652851610132977,0.851374661048705,57
5,11,0.657463439715495,-0.0659313121024132,57
4,11,0.661576385191349,0.336543921499779,57
1,12,0.867679672938422,0.692172587793646,57
2,12,0.69161479244716,0.414537781081997,57
3,12,0.709756072982403,0.220872686889245,57
5,12,0.641731264934471,0.112423543101723,57
4,12,0.659182323920393,0.649840692738552,57
1,13,0.850793557590645,0.944274555753351,57
2,13,0.716030126730492,0.773459467687409,57
3,13,0.662237275886502,0.566189570809254,57
5,13,0.636349707277969,-0.0293880181534416,57
4,13,0.678087550345444,0.332560656256143,57
1,14,0.856321590739944,0.866065252313366,57
2,14,0.721142175137047,0.835522626014446,57
3,14,0.657944457798126,0.846228585004689,57
5,14,0.663810237961466,-0.230919658164652,57
4,14,0.65649031998033,0.585033759902472,57
1,15,0.854549605132774,0.896486679652038,57
2,15,0.719003874056241,0.35285458438446,57
3,15,0.694819532632377,0.424940176715151,57
5,15,0.653188941393792,0.379588492841093,57
4,15,0.664051937867513,0.647512437263404,57
1,1,0.899753500700315,0.760493181025387,58
5,1,0.775370857516312,0.348446449031008,58
2,1,0.799602404379064,0.70850496752885,58
3,1,0.723514785222227,0.526601033961304,58
4,1,0.680629160135925,0.700067289565668,58
1,2,0.894561425159954,0.90290911082404,58
5,2,0.788660715869726,0.266064362585593,58
2,2,0.787998686917492,0.10301650461801,58
3,2,0.728781907746588,0.371385209237387,58
4,2,0.698427501112374,0.436942421212173,58
1,3,0.899822315911928,0.814904626700932,58
5,3,0.755719489868027,0.420949961920299,58
2,3,0.819992384255191,0.735453901869045,58
3,3,0.714812040766076,0.385999229976467,58
4,3,0.683449014228731,0.675023686904169,58
1,4,0.894116696115661,0.930278354241983,58
5,4,0.815307032340396,0.186460548575458,58
2,4,0.764774332888806,0.570487164696554,58
3,4,0.716279633672287,0.375208200210876,58
4,4,0.683119901503006,0.468333366074991,58
1,5,0.894206903433872,0.949325161729324,58
5,5,0.767473075957695,0.136966552044149,58
2,5,0.826501380330209,0.798501542558382,58
3,5,0.709302935735192,0.699262721984586,58
4,5,0.694403710140106,0.436507507189371,58
1,6,0.900057587580248,0.792356219236139,58
5,6,0.781287803855556,0.353951536621151,58
2,6,0.789919624053125,0.360944319511612,58
3,6,0.753141325833045,0.144923808872913,58
4,6,0.70123208489212,0.304138024044843,58
1,7,0.89542100570921,0.858786261637966,58
5,7,0.769079310414171,0.0903146487486408,58
2,7,0.825114730580797,0.671050088663356,58
3,7,0.709585293930244,0.722166905447324,58
4,7,0.71139032698782,-0.0165138795484353,58
1,8,0.894775688721555,0.93706065469734,58
5,8,0.799192651579455,0.524947817074461,58
2,8,0.763272212456439,0.766474867883094,58
3,8,0.722575711531031,0.401808921053496,58
4,8,0.705084174463287,0.100239940651409,58
1,9,0.906699794771561,0.607167049983112,58
5,9,0.840653999508692,0.190934880590208,58
2,9,0.733313068166529,0.821743273792355,58
3,9,0.701055685792669,0.649849934109283,58
4,9,0.706902732916391,0.590983464587681,58
1,10,0.896977263496367,0.87281531273507,58
5,10,0.778622954734005,0.659003512127335,58
2,10,0.806356217737362,0.459049789278434,58
3,10,0.733948984749834,-0.0665065284815409,58
4,10,0.711141002473037,0.295504340712164,58
1,11,0.892307869246171,0.917224846565125,58
5,11,0.779530592490115,0.55822437304841,58
2,11,0.780275143577003,0.424586942838864,58
3,11,0.722561428884806,-0.219892523006968,58
4,11,0.710730703013615,0.205197226492361,58
1,12,0.902663592756911,0.668708930118437,58
5,12,0.82009904849218,0.380000767457936,58
2,12,0.765395233028433,0.372203091708969,58
3,12,0.706999050690008,0.532706462513587,58
4,12,0.699375111221674,0.561724645256135,58
1,13,0.897299623314162,0.862656101301024,58
5,13,0.815165164669772,0.432078203615746,58
2,13,0.7318203982826,0.849228656806639,58
3,13,0.724217753583113,0.638284380474045,58
4,13,0.6931599377949,0.631514085884521,58
1,14,0.893350523355842,0.9265919741989,58
5,14,0.8148202981739,0.662932683364356,58
2,14,0.771914197100721,0.0851996577883069,58
3,14,0.713136928219161,0.4286959504621,58
4,14,0.703705194141794,0.344319842144087,58
1,15,0.89614852883972,0.86652375404077,58
5,15,0.815354857539879,0.456448711941261,58
2,15,0.742742089415111,0.546698103882284,58
3,15,0.71895465493338,0.464854277847552,58
4,15,0.706613378323099,0.259420611899145,58
1,1,0.894125202770898,0.889062841505671,59
2,1,0.810334948670247,0.440686445694177,59
3,1,0.751043579822334,0.528313291535196,59
5,1,0.710270308128673,0.294227488010709,59
4,1,0.672550992496261,0.36487794680698,59
1,2,0.898057120181978,0.718048407753863,59
2,2,0.812516296297654,0.838667404638196,59
3,2,0.742332965068945,0.463453449925105,59
5,2,0.727201446400432,0.0323521572377573,59
4,2,0.657383561082275,0.566616347104215,59
1,3,0.891943576081826,0.934953769084305,59
2,3,0.819130062809288,0.633439961836447,59
3,3,0.743263247227815,0.493238031498673,59
5,3,0.722691712286211,0.479461874294561,59
4,3,0.675398187552835,0.459531625644976,59
1,4,0.886689221479858,0.964033189211729,59
2,4,0.803736685986037,0.808984059969722,59
3,4,0.735588117706491,0.639043125802943,59
5,4,0.716338680613027,-0.107025254741202,59
4,4,0.677655934102447,-0.0417562018347732,59
1,5,0.892136708719302,0.851955361691282,59
2,5,0.80895354955976,0.502703811770831,59
3,5,0.749804298277359,0.781212986580577,59
5,5,0.719743164677107,0.29207460456512,59
4,5,0.658053900702094,0.55214625067163,59
1,6,0.888873352409545,0.957120172187073,59
2,6,0.815252628541575,0.671111904618562,59
3,6,0.728107995895807,0.764293330759707,59
5,6,0.700025429075991,0.712552224663878,59
4,6,0.681927374972539,0.629195583161283,59
1,7,0.894045520790348,0.810822026236398,59
2,7,0.800309870019937,0.840246804713661,59
3,7,0.758505201180994,0.43924387046434,59
5,7,0.718954648501889,0.482369483919365,59
4,7,0.670988713140988,0.354617982916861,59
1,8,0.890915052282814,0.893496194751915,59
2,8,0.818432312577094,0.471574770138469,59
3,8,0.740657160267835,0.299241916019788,59
5,8,0.712864355429908,0.363395638160009,59
4,8,0.694406407809922,0.397943053593463,59
1,9,0.897691737766696,0.801983535774999,59
2,9,0.816651081386667,0.652042802304621,59
3,9,0.770480183704668,0.032887376542698,59
5,9,0.719322104518383,0.0129948213273745,59
4,9,0.68600996700343,-0.21074552778358,59
1,10,0.891503768499514,0.943288313146159,59
2,10,0.813326271671302,0.583742875896598,59
3,10,0.735392551879531,0.586195290656099,59
5,10,0.706834016597875,0.407602378814847,59
4,10,0.675148863989547,0.698374044757438,59
1,11,0.892146214910033,0.837437427197317,59
2,11,0.806579990827198,0.554023124318306,59
3,11,0.759674096041038,0.606337733958615,59
5,11,0.714547007500485,0.24873511976383,59
4,11,0.670263398704388,0.49776458781068,59
1,12,0.894627556359991,0.796835323308443,59
2,12,0.814104315730946,0.756507442237877,59
3,12,0.732041229597121,0.531678534468857,59
5,12,0.706810174328431,0.565250427700308,59
4,12,0.676223926273366,0.0974512658623654,59
1,13,0.910222538198223,0.535349289844489,59
2,13,0.800937225733734,0.454253531126637,59
3,13,0.758202439770694,0.41777125256563,59
5,13,0.710034001620223,0.118363644485181,59
4,13,0.682857596162709,0.281512866265545,59
1,14,0.892604481816636,0.833181706414431,59
2,14,0.815266693527063,0.367343350658287,59
3,14,0.750276847215202,0.473845924309873,59
5,14,0.673631681507253,0.123246530064645,59
4,14,0.704626976550711,0.759455229164427,59
1,15,0.885481637092338,0.932209482441549,59
2,15,0.806987018033039,0.716231854585943,59
3,15,0.757995003695816,0.279602046471442,59
5,15,0.714022409174289,0.647282375230906,59
4,15,0.662578437819168,0.451449025303151,59
1,1,0.925482419696904,0.876824896044272,60
2,1,0.862800813788021,0.736832052287062,60
4,1,0.776519841146177,0.281487775975588,60
3,1,0.778356836185113,0.286366488954449,60
5,1,0.736309981393201,0.462766055651955,60
1,2,0.926671548850031,0.826384649377728,60
2,2,0.876518537870322,0.206369364688713,60
4,2,0.777957866702587,0.551825343773057,60
3,2,0.763543147869981,0.805498480679835,60
5,2,0.72369662782129,0.59017822316916,60
1,3,0.922487865674559,0.865881414725322,60
2,3,0.859836639952239,0.726015731509166,60
4,3,0.802291877342628,0.0563166083819979,60
3,3,0.788155772094128,0.0717032118304578,60
5,3,0.749222883339409,0.0362368637432252,60
1,4,0.924637940135555,0.792146955058379,60
2,4,0.85642222331964,0.861364111368297,60
4,4,0.761386300788713,0.641338225463624,60
3,4,0.775296722661016,0.417925421904271,60
5,4,0.740862516867307,0.549946316178246,60
1,5,0.924169588247767,0.816372351742024,60
2,5,0.868761399596695,0.514666367475132,60
4,5,0.770981520814991,0.4762437775617,60
3,5,0.776324369628709,0.463987695158624,60
5,5,0.72439781571467,0.462135641624076,60
1,6,0.920591252236427,0.919647316194798,60
2,6,0.868995529723508,0.0661311819503975,60
4,6,0.773031803794921,0.721392115592503,60
3,6,0.786862404327253,0.623527012744338,60
5,6,0.740495097691547,0.263087545289112,60
1,7,0.927628414474758,0.813148523794276,60
2,7,0.868602807646205,0.493801627396873,60
4,7,0.776577367689816,0.566776268148967,60
3,7,0.778217408338828,0.310898285193206,60
5,7,0.755053418239256,0.0432768475179588,60
1,8,0.921387245249414,0.870188634800288,60
2,8,0.862466275785381,0.764713033366349,60
4,8,0.77743453518361,0.57701368148924,60
3,8,0.757158300014379,0.708412531126178,60
5,8,0.711669557256905,0.418797680129869,60
1,9,0.927823226727715,0.803897563222147,60
2,9,0.865278007733693,0.737153347547789,60
4,9,0.787974341707334,-0.0923696693219763,60
3,9,0.800728201109004,-0.00475749442696001,60
5,9,0.735739605992855,0.170078337881947,60
1,10,0.925223150507896,0.830816265818951,60
2,10,0.862764405973822,0.551654513145803,60
4,10,0.789212608620347,0.0430360573848586,60
3,10,0.77051684649278,0.758710365424322,60
5,10,0.736408903278929,-0.064458058202668,60
1,11,0.924124882822308,0.905877286226034,60
2,11,0.873894321637505,0.289800582050219,60
4,11,0.787510979134165,-0.079366187986645,60
3,11,0.778096405807723,0.305894449301219,60
5,11,0.726738669852383,0.421734558391914,60
1,12,0.922109162394193,0.910760751601063,60
2,12,0.862517983179257,0.667461346060056,60
4,12,0.751368043568257,0.67619245092103,60
3,12,0.775954464497465,0.616901592781102,60
5,12,0.728198862848537,0.328192524254992,60
1,13,0.924818546141532,0.819277893407884,60
2,13,0.860644536816023,0.518481851662481,60
4,13,0.777169217941615,0.48567427049707,60
3,13,0.749611262696264,0.398527558057205,60
5,13,0.759475049018686,0.483193652474423,60
1,14,0.921570300282156,0.922949865041637,60
2,14,0.869747966687762,0.708216874662533,60
4,14,0.776055904696702,0.579598147098183,60
3,14,0.767090232580392,0.70918168285691,60
5,14,0.728906407434691,0.441304721894231,60
1,15,0.922735229103445,0.861210789588893,60
2,15,0.855592633483134,0.433495431323149,60
4,15,0.791442359248829,0.212107406900261,60
3,15,0.768171791079796,0.480621098658323,60
5,15,0.73861329019231,0.2850906676835,60
1,1,0.894326296727727,0.880191304554038,61
3,1,0.785508735947528,0.448127695920871,61
2,1,0.80735982947118,0.876264045894562,61
5,1,0.697569327562243,0.453270455817284,61
4,1,0.692181558754224,0.418600187084672,61
1,2,0.897104604776325,0.816881409698413,61
3,2,0.829648432801787,0.743177450243143,61
2,2,0.743709983643905,0.441403324682959,61
5,2,0.706421333418346,0.203544459837178,61
4,2,0.698227014396954,0.197718723485776,61
1,3,0.896369102789064,0.873290211901052,61
3,3,0.822512494876084,0.751117911768851,61
2,3,0.764755219831058,0.378427364832889,61
5,3,0.691747449201025,0.654333896567447,61
4,3,0.689768058257869,0.325267923247259,61
1,4,0.894429810405359,0.887861204835897,61
3,4,0.805285108788975,0.338867075922314,61
2,4,0.778841992939204,0.705108193634435,61
5,4,0.706020603463824,0.316448517456127,61
4,4,0.677107910132821,0.33667301740938,61
1,5,0.897336205161629,0.843364674997797,61
3,5,0.796876533528816,0.386048018415582,61
2,5,0.793773512224257,0.15121342984794,61
5,5,0.704901652688529,0.408141624857028,61
4,5,0.69479029418795,0.269978885529564,61
1,6,0.900431710076406,0.716697185048619,61
3,6,0.778480011909119,0.314785274255581,61
2,6,0.837238021946155,0.589978235555391,61
5,6,0.691254729030396,0.268359524129771,61
4,6,0.699059031818669,0.428088375861557,61
1,7,0.891776314729214,0.897574179032535,61
3,7,0.80585567823965,0.393100401096739,61
2,7,0.766669463079849,0.66942604805139,61
5,7,0.721018260597055,0.273010582895598,61
4,7,0.684943657064547,0.440265126452767,61
1,8,0.896370649081054,0.820101923729004,61
3,8,0.790774275734883,0.346891789717597,61
2,8,0.783558618149099,0.813620605731994,61
5,8,0.70384105917693,0.354530982662084,61
4,8,0.694546520102382,0.281890974711656,61
1,9,0.898775301052755,0.749678839588057,61
3,9,0.842316933978407,0.667783702893136,61
2,9,0.748880722645079,0.529382593144647,61
5,9,0.725846405504333,-0.0616712064977969,61
4,9,0.665663058541374,0.528819186418203,61
1,10,0.896965155375352,0.877106404529566,61
3,10,0.844937553133637,0.53514794757735,61
2,10,0.73609137176992,0.709901657403736,61
5,10,0.701828247299347,0.36291235161316,61
4,10,0.674486594284456,0.658710606431769,61
1,11,0.893426830928605,0.886203924413703,61
3,11,0.775619267422965,0.519219028943752,61
2,11,0.81906273721979,0.368396537509468,61
5,11,0.727616645976099,0.095928080879989,61
4,11,0.713291650572273,0.021304734678536,61
1,12,0.893990593087915,0.883605543862872,61
3,12,0.79180383702699,0.196973426292396,61
2,12,0.784106076346888,0.81547337989456,61
5,12,0.729851651574206,0.345503147796203,61
4,12,0.679731801629502,0.401936629062842,61
1,13,0.896863425359791,0.812677086630129,61
3,13,0.830088309460668,0.330332058372117,61
2,13,0.74664171799679,0.623054280848388,61
5,13,0.723036417252615,0.284899975621441,61
4,13,0.681343462415612,0.476850470923178,61
1,14,0.893341380781896,0.852990199730302,61
3,14,0.810042959679827,0.495711583534056,61
2,14,0.7692465164475,0.716905942143712,61
5,14,0.69266689215195,0.510955166308263,61
4,14,0.662678576192061,0.463869922937051,61
1,15,0.903471831080217,0.73425043224981,61
3,15,0.796924396008436,0.294099916176001,61
2,15,0.787058554982136,0.689371309724789,61
5,15,0.716674457133885,0.204366424091563,61
4,15,0.695992545216851,-0.0983864827705554,61
1,1,0.858055537036687,0.887356358843487,62
2,1,0.772221914742085,0.677298180221431,62
4,1,0.710402763492532,0.0381711719671608,62
3,1,0.699680384327786,0.309838448343482,62
5,1,0.631421186593077,0.857687038677573,62
1,2,0.867844193093141,0.706957265932822,62
2,2,0.774615713719381,0.618714576772045,62
4,2,0.704840718655041,0.419944505302796,62
3,2,0.701372889815836,0.421156648821412,62
5,2,0.657722402034909,0.437034906123233,62
1,3,0.867998310288834,0.81368871875948,62
2,3,0.764823090572742,0.874949728837886,62
4,3,0.674558939630111,0.576558569862019,62
3,3,0.704568203934094,0.507170873519058,62
5,3,0.653523920165812,0.146717366223443,62
1,4,0.862773543971828,0.863544849633143,62
2,4,0.772987040686468,0.693855930871365,62
4,4,0.724492865705494,0.0557391407668228,62
3,4,0.695256811219057,0.572883713200565,62
5,4,0.654470699537993,0.289676505433137,62
1,5,0.874475514791227,0.705832633191718,62
2,5,0.782693123812055,0.472158927034652,62
4,5,0.696398578853026,0.497823214673207,62
3,5,0.699763925932346,0.615958576813188,62
5,5,0.660378861028308,0.645554023895992,62
1,6,0.876641574658853,0.609910833553423,62
2,6,0.776609037671471,0.568364792197114,62
4,6,0.711237521511051,0.0680857103563959,62
3,6,0.695470183433826,0.730142819029862,62
5,6,0.667067298274145,0.284403836346966,62
1,7,0.86214147159201,0.93763119638293,62
2,7,0.767995081463255,0.744727595415415,62
4,7,0.707936997630818,0.363200545757802,62
3,7,0.695559012434459,0.584738093527175,62
5,7,0.675577032201691,0.341851138541572,62
1,8,0.861131198025109,0.911533652979768,62
2,8,0.782850846687125,-0.00464996563367959,62
4,8,0.669068740926678,0.930733434874565,62
3,8,0.704641537409691,0.749683495458161,62
5,8,0.646957320935294,0.639219539465703,62
1,9,0.861584680663671,0.919803898850545,62
2,9,0.761465692687479,0.705501516284793,62
4,9,0.706005499517491,0.335302526166405,62
3,9,0.70021179173135,0.60777788114334,62
5,9,0.65056067578965,0.494630948686497,62
1,10,0.862637021619974,0.888575926380068,62
2,10,0.763986026022302,0.956056426025476,62
4,10,0.68571958465382,0.625322044487529,62
3,10,0.682980814422056,0.754262374805922,62
5,10,0.654894716635434,0.012915341969914,62
1,11,0.862236935387202,0.762583305992454,62
2,11,0.783544889600378,0.133042291678764,62
4,11,0.687383015574829,0.745133420993528,62
3,11,0.686314445597766,0.52645425339427,62
5,11,0.656764806194125,0.620433147347449,62
1,12,0.855873836209846,0.937001313117872,62
2,12,0.768504324593861,0.605320537017754,62
4,12,0.707300701318706,0.551147015546603,62
3,12,0.691348238897729,0.611864283663406,62
5,12,0.671771844915074,0.343013475914297,62
1,13,0.874665750229348,0.734380370358125,62
2,13,0.777516565283136,0.0958388961995615,62
4,13,0.699551817616811,0.286374421001999,62
3,13,0.719961245111005,0.245957816060567,62
5,13,0.670658062499785,0.161313394468008,62
1,14,0.872679812786363,0.690673503048643,62
2,14,0.774032915184339,0.661673720424783,62
4,14,0.670816290140329,0.841937498781398,62
3,14,0.72642299192526,0.389181555010421,62
5,14,0.665049583579609,0.155583512468185,62
1,15,0.860652398288702,0.898119388172833,62
2,15,0.7836705237361,0.502959914256898,62
4,15,0.697738370321863,0.339335625862889,62
3,15,0.693262851110919,0.438897415553246,62
5,15,0.680397872443843,0.145675734795453,62
1,1,0.852914107469993,0.791838905649929,63
3,1,0.676378056834614,0.662122364640187,63
2,1,0.767518196337585,0.802812140888463,63
4,1,0.60952019453446,-0.361762709203917,63
5,1,0.534615826251638,0.34459825866978,63
1,2,0.844597989098878,0.928362671606482,63
3,2,0.685080655009784,0.612306527062347,63
2,2,0.734040616474951,0.775156250008312,63
4,2,0.593615931826424,0.38125210483764,63
5,2,0.558716805594214,0.426692925319751,63
1,3,0.848259582996476,0.853964123944768,63
3,3,0.672268009164963,0.760885059006595,63
2,3,0.74567442116239,0.592947518730104,63
4,3,0.588733700091189,0.44276079691497,63
5,3,0.553074754856498,0.218876089328776,63
1,4,0.84833785450191,0.894137534887825,63
3,4,0.691279785139915,0.255676410312121,63
2,4,0.764367597990447,0.57767044132886,63
4,4,0.590991217482216,0.45388222308582,63
5,4,0.559466491372308,-0.100304057773617,63
1,5,0.847580354613295,0.883408820868933,63
3,5,0.677819678142036,0.447462463553556,63
2,5,0.758097437932595,0.422862029503609,63
4,5,0.596620049976561,0.32032213842301,63
5,5,0.549969517428888,0.38262663127154,63
1,6,0.848334842120016,0.909103066342779,63
3,6,0.681106459999463,0.543471666040609,63
2,6,0.749049448217345,0.637235348769844,63
4,6,0.56965306789794,0.787746377917928,63
5,6,0.544667274894569,0.504005314139658,63
1,7,0.84376777039784,0.915668640263228,63
3,7,0.665133785052612,0.701006132320657,63
2,7,0.75980513196807,0.198546211300801,63
4,7,0.587180006520855,0.536557610608177,63
5,7,0.532293964273904,0.024359268953002,63
1,8,0.84180903267848,0.916427784290703,63
3,8,0.676215977999212,0.184816062273406,63
2,8,0.77356203677491,0.240898205165787,63
4,8,0.589754746215521,0.445282233992859,63
5,8,0.545807759963691,0.195515879001675,63
1,9,0.850312276173499,0.766658020082101,63
3,9,0.689364058076827,0.0399273838751942,63
2,9,0.769512597771279,0.429968462348375,63
4,9,0.611079024405643,0.182548026689957,63
5,9,0.555553218294613,0.37462317714431,63
1,10,0.875456447245812,0.317247504095113,63
3,10,0.688287543964466,0.608021800272974,63
2,10,0.765539132931057,0.810444554805048,63
4,10,0.59979310332631,-0.0448089817861983,63
5,10,0.554735643560422,0.210663756308211,63
1,11,0.852170448328717,0.814649335586812,63
3,11,0.661188508883783,0.794812922457571,63
2,11,0.744365301329426,0.580199921788152,63
4,11,0.566086003783807,0.500229485417567,63
5,11,0.565106256821929,0.371318472915395,63
1,12,0.854895499626712,0.811200354689809,63
3,12,0.660433007791207,0.670052002012847,63
2,12,0.747474057533933,0.742225596905645,63
4,12,0.588198634616942,0.423496169084988,63
5,12,0.576849772065329,0.387328085656175,63
1,13,0.856053636665421,0.771255576716554,63
3,13,0.685496061933843,0.373862977860927,63
2,13,0.757843963622655,-0.106968092280758,63
4,13,0.603058758167446,0.172216944764895,63
5,13,0.572952822405168,0.0535447412871888,63
1,14,0.855679895057378,0.82295206489089,63
3,14,0.692714088588516,0.474951622808881,63
2,14,0.756094031986014,0.548475554088305,63
4,14,0.600911109920344,-0.0331840384977194,63
5,14,0.559006030057905,0.350290084370487,63
1,15,0.855292013315011,0.760316028680773,63
3,15,0.669336586695418,0.702583787024366,63
2,15,0.752510240987777,0.716515133686367,63
4,15,0.584578121697835,0.678547911457886,63
5,15,0.553506935633719,0.456835043634397,63
1,1,0.872866083689202,0.850409765956274,64
3,1,0.729178943154455,0.373882885144629,64
2,1,0.750536361178218,0.836695398643525,64
4,1,0.688710837264589,0.491321539386424,64
5,1,0.624492670635951,0.283007101998201,64
1,2,0.865443539508294,0.92604657116182,64
3,2,0.771485515483905,0.259781245347067,64
2,2,0.732610920889535,0.74599654099395,64
4,2,0.705933943428239,0.283484043590078,64
5,2,0.627520189722742,0.27678676469958,64
1,3,0.867542096644553,0.878955432663221,64
3,3,0.775559922575431,0.592363556245344,64
2,3,0.714625340123743,0.834243673902271,64
4,3,0.691024938402813,0.659592145715664,64
5,3,0.61573598324066,0.289913635746672,64
1,4,0.866966710587941,0.897971853030226,64
3,4,0.768428676542377,0.52852613061199,64
2,4,0.717656564845715,0.266977895537301,64
4,4,0.691202649368009,0.334164934709643,64
5,4,0.614887398268543,0.0603960766323779,64
1,5,0.865354355673329,0.886507561875212,64
3,5,0.761792477029323,0.646495753593322,64
2,5,0.728489269608355,0.51942801427052,64
4,5,0.689809477566785,0.478065990691987,64
5,5,0.611224209702272,0.466910244413856,64
1,6,0.871640635094734,0.717060284418875,64
3,6,0.771968301282695,0.133752575184206,64
2,6,0.718493624056245,0.595737298973406,64
4,6,0.69845084446101,0.567455679193109,64
5,6,0.598677402562344,0.452332314089203,64
1,7,0.866723181669545,0.872394242120493,64
3,7,0.759261446832955,0.055168522457743,64
2,7,0.73149806937159,0.774268319871264,64
4,7,0.693496676765575,0.538105264952903,64
5,7,0.59572280596522,0.528152088990992,64
1,8,0.870967743422861,0.735098797500089,64
3,8,0.745628778019177,0.768605755234151,64
2,8,0.722788565991557,0.741774428411636,64
4,8,0.693410484520932,0.503079568643315,64
5,8,0.602310965481847,0.599851194179316,64
1,9,0.873209037309923,0.745311491172321,64
3,9,0.777121752303191,0.101381622695239,64
2,9,0.72284634956582,0.400855864735107,64
4,9,0.698893342811315,0.532039526589071,64
5,9,0.624240940587404,0.465439708379549,64
1,10,0.867654214810572,0.807202206331749,64
3,10,0.77105097705307,0.450042879207163,64
2,10,0.708650075782218,0.807360515557252,64
4,10,0.689959016597265,0.60562015035517,64
5,10,0.621676258261091,-0.250230575322579,64
1,11,0.864628711862435,0.925537849053949,64
3,11,0.739120048684745,0.498035376507118,64
2,11,0.75335533757818,0.637877074579983,64
4,11,0.700440908952924,0.491958704149623,64
5,11,0.630890940676031,0.234885672070761,64
1,12,0.872557183037164,0.79743081917999,64
3,12,0.741924195939607,0.356323947085057,64
2,12,0.755394829321876,0.6059658313809,64
4,12,0.711441459780265,0.187747117897977,64
5,12,0.620095466826285,-0.277145355639045,64
1,13,0.876962743532399,0.615155465576869,64
3,13,0.760347642450393,0.667958544665139,64
2,13,0.717061222569454,0.650693553980459,64
4,13,0.705499148036618,-0.302543680059806,64
5,13,0.606768129653015,0.694800173523895,64
1,14,0.874604355577835,0.826545216719168,64
3,14,0.751251720397259,0.670260704844523,64
2,14,0.737789775212102,0.796267386645611,64
4,14,0.692411499323361,0.419221526116961,64
5,14,0.626258947649378,0.629256053174858,64
1,15,0.873790249480445,0.781674442074606,64
3,15,0.779084522417201,0.576374880699536,64
2,15,0.723205049794871,0.750758074001582,64
4,15,0.689302935839284,0.0976759850714938,64
5,15,0.620457716085651,-0.0561572870034937,64
1,1,0.869562110846187,0.923487404361226,65
2,1,0.701311686636392,0.669963335564609,65
3,1,0.750074866220141,0.210661606933536,65
4,1,0.686854544935898,0.505075671281957,65
5,1,0.650838567366266,0.616153054096647,65
1,2,0.87879806950675,0.780227968745742,65
2,2,0.715277761366744,0.302468697564588,65
3,2,0.766442855870836,0.401452286771423,65
4,2,0.681689718239924,0.857291942473314,65
5,2,0.651158838280052,0.221790315361031,65
1,3,0.871071769440554,0.919163877017094,65
2,3,0.703747500596688,0.705146807411972,65
3,3,0.743917995157653,0.793721610876806,65
4,3,0.705813688990666,0.232939415027476,65
5,3,0.66344622406186,0.126197199600102,65
1,4,0.875820152668984,0.833943811006361,65
2,4,0.691852826062476,0.675352149592602,65
3,4,0.759990995862131,0.374234636412934,65
4,4,0.688061342833817,0.75683186324247,65
5,4,0.66234759474861,0.334666262682095,65
1,5,0.879074614970969,0.727895042468625,65
2,5,0.711181247565993,0.295470258521814,65
3,5,0.751252963084157,0.716573006046611,65
4,5,0.718213422244864,0.291102096351329,65
5,5,0.669305135128874,0.0583890426849503,65
1,6,0.876400185925409,0.816631751014117,65
2,6,0.715369496905185,0.625597897921188,65
3,6,0.723866183309826,0.774614850759015,65
4,6,0.684970087837811,0.470067348277865,65
5,6,0.650650506652035,0.729238765867066,65
1,7,0.873548579503812,0.830697882266688,65
2,7,0.703698693543994,0.32323058084976,65
3,7,0.750843528326483,0.728280495465037,65
4,7,0.703775939088485,0.429051136550199,65
5,7,0.656749375661579,0.491145424641093,65
1,8,0.873819733055761,0.860995085554559,65
2,8,0.687473686409144,0.610498228567267,65
3,8,0.753593399390522,0.543620879667666,65
4,8,0.713442403130797,0.167286618260155,65
5,8,0.650795647811011,0.215969335695941,65
1,9,0.871437997198756,0.896182169317494,65
2,9,0.69859716624413,0.733897687577144,65
3,9,0.733620634703091,0.809931372667259,65
4,9,0.695353208779861,0.450945357567934,65
5,9,0.663576347735174,0.123539480496085,65
1,10,0.873853964837332,0.820480142929894,65
2,10,0.699044347247925,0.632178157210706,65
3,10,0.748524746682221,0.85845814202144,65
4,10,0.693450329629508,0.133096513098178,65
5,10,0.627553343245503,0.678188064512438,65
1,11,0.867809735883351,0.919051648326573,65
2,11,0.701151414371944,0.597957322648183,65
3,11,0.744493497917707,0.234255015566831,65
4,11,0.694413626437555,0.468432039636222,65
5,11,0.661524223348806,-0.311908050140946,65
1,12,0.868068412673153,0.932220298989673,65
2,12,0.69744429966895,0.617531595229227,65
3,12,0.766740237908854,-0.211041430964897,65
4,12,0.709114531842658,0.379838786580637,65
5,12,0.644876771565152,0.661185356771196,65
1,13,0.874596407379002,0.838677126176623,65
2,13,0.705655770342492,0.605172716554273,65
3,13,0.735835025683753,0.75062149467477,65
4,13,0.707798873222632,0.083312038556936,65
5,13,0.658813084487986,-0.178487556221382,65
1,14,0.888330275461379,0.618174505796311,65
2,14,0.706035342132197,0.262149636780607,65
3,14,0.750725960211096,0.402540401963832,65
4,14,0.677568234710414,0.712178859374641,65
5,14,0.639433518956206,0.507545988219092,65
1,15,0.874882871711763,0.872551843650279,65
2,15,0.707269496900104,0.458626176767474,65
3,15,0.75350925259316,0.375570744793799,65
4,15,0.691666843625501,0.770156580199393,65
5,15,0.64301763938954,0.4576286790509,65
1,1,0.894689280194923,0.744271360877211,66
4,1,0.762103249661461,0.469642108527396,66
2,1,0.74722580671616,0.782546981936497,66
3,1,0.693468149667613,0.515547803150109,66
5,1,0.635993925744871,0.0103506364673259,66
1,2,0.888030574524597,0.827607223168265,66
4,2,0.731914232754428,0.728045150240404,66
2,2,0.78824087634952,0.669074699309652,66
3,2,0.698704944205262,0.742794858843759,66
5,2,0.612486991738115,0.47319699408626,66
1,3,0.886782555032465,0.896160120369814,66
4,3,0.720482411638469,0.625988820714036,66
2,3,0.810344531280642,0.66394205570323,66
3,3,0.712941073455764,0.304634355145231,66
5,3,0.614891896488888,0.778660164569705,66
1,4,0.886177933900301,0.934169785195216,66
4,4,0.735785995766844,0.224688437534604,66
2,4,0.79327397727466,0.369818676770261,66
3,4,0.714416476145111,0.522342833044928,66
5,4,0.643417370088131,0.0421132676994267,66
1,5,0.901065056276146,0.573514469149718,66
4,5,0.720663644184731,0.366429660326198,66
2,5,0.805849703317391,0.653696538108141,66
3,5,0.693293850250221,0.679785438604054,66
5,5,0.615618339466023,0.686218766304603,66
1,6,0.891540120425852,0.734953125287598,66
4,6,0.712783823270171,0.412817860363522,66
2,6,0.811842170750142,0.603726608485848,66
3,6,0.702280778455013,0.622708798762804,66
5,6,0.614929117651725,0.503040837125894,66
1,7,0.883426814140944,0.936815326515601,66
4,7,0.709526198157643,0.627173597038369,66
2,7,0.805971089249445,0.759236667707764,66
3,7,0.701556430384717,0.281832548721304,66
5,7,0.617388592743748,0.644276090322418,66
1,8,0.886218343283381,0.899902424176122,66
4,8,0.780289276525917,0.790104873678309,66
2,8,0.710842386157696,0.73025358428212,66
3,8,0.690919337486134,0.78600156294941,66
5,8,0.628752619874774,0.0402701427446685,66
1,9,0.882526730555098,0.897488516832684,66
4,9,0.731498161023772,-0.0489341991732971,66
2,9,0.810201827238183,0.744980560815902,66
3,9,0.695697285582142,0.730210741550993,66
5,9,0.621634663097795,0.625114700419685,66
1,10,0.890867799064014,0.741548482923416,66
4,10,0.718215427583412,0.310887884523428,66
2,10,0.815992880618355,0.685650927376739,66
3,10,0.707319523838992,0.624845140794612,66
5,10,0.61957073524255,0.169653997358747,66
1,11,0.887942375329048,0.858046617377835,66
4,11,0.775982060872882,0.287747432939158,66
2,11,0.757165708088754,0.673915116626944,66
3,11,0.734733353059948,0.289624201119714,66
5,11,0.644225310308473,-0.271456832828105,66
1,12,0.892466990424335,0.800223871161595,66
4,12,0.707541576836189,0.596804612566052,66
2,12,0.804000598064831,0.928071295521444,66
3,12,0.699372736551975,0.489006613982577,66
5,12,0.624231602543969,0.344660911495554,66
1,13,0.884888205529773,0.917111022159877,66
4,13,0.759576808326949,0.479819962214851,66
2,13,0.752915530732535,0.61147979527314,66
3,13,0.713002850517221,0.380166855052348,66
5,13,0.629447125574698,0.476393832074765,66
1,14,0.884979665083999,0.914099161977225,66
4,14,0.708260844313408,0.670681193561448,66
2,14,0.800390526090438,0.76847851883989,66
3,14,0.699533341952861,0.392279982576533,66
5,14,0.616655938896845,0.362356697445084,66
1,15,0.888550366177333,0.895028263054298,66
4,15,0.721036089668515,0.658408375170901,66
2,15,0.782453567339841,0.805269046939939,66
3,15,0.709201631886911,0.377229068776983,66
5,15,0.629194307475909,0.364973121348667,66
1,1,0.90791838329312,0.913963844021534,67
4,1,0.797246168321959,0.675872524139255,67
2,1,0.754974899575966,0.61891804173057,67
3,1,0.744501851523692,0.664842406586422,67
5,1,0.691167840912194,0.671225486873189,67
1,2,0.915981642903069,0.734857180289581,67
4,2,0.821488592695621,0.407930675542712,67
2,2,0.750732518655177,0.54487061766018,67
3,2,0.733204586744881,0.472536966579828,67
5,2,0.683978196585702,0.629946500702062,67
1,3,0.902501515699108,0.960038878368684,67
4,3,0.784961612740414,0.495082927273922,67
2,3,0.75952733502832,0.64642297597709,67
3,3,0.736058893048392,0.64704058985173,67
5,3,0.689707741189945,0.472119148671904,67
1,4,0.909492667502589,0.825126118215987,67
4,4,0.794624738158575,0.358680684921328,67
2,4,0.760287730061445,0.800424138688664,67
3,4,0.742656467918758,0.392197312752897,67
5,4,0.69735725813854,0.208140750528962,67
1,5,0.907228300891812,0.89894772578321,67
4,5,0.77344370417406,0.0147784119639857,67
2,5,0.809298930571859,0.709584907569253,67
3,5,0.729542716767021,0.710063474696307,67
5,5,0.679647117121966,0.485390233821498,67
1,6,0.900343692671105,0.940632669703486,67
4,6,0.775304959347729,0.538531682595366,67
2,6,0.776358255589223,0.704502718999752,67
3,6,0.740038153004165,0.475304752286338,67
5,6,0.701999991250032,0.218093662774781,67
1,7,0.912600158228502,0.759891944555173,67
4,7,0.795826126925884,0.642910814044307,67
2,7,0.756427491737421,0.569825445270993,67
3,7,0.744236305286028,0.098957925477542,67
5,7,0.694656147678023,0.156137195689502,67
1,8,0.907814536865665,0.930056613468855,67
4,8,0.776447266586456,0.353893357870003,67
2,8,0.796245834440204,0.608307072727019,67
3,8,0.733286326938695,0.600266242888606,67
5,8,0.685801676472089,0.455441028187261,67
1,9,0.908959968803963,0.881335251599915,67
4,9,0.802183481900383,0.574739128033161,67
2,9,0.753212237594291,0.532583916615102,67
3,9,0.723117753251022,0.747957384894699,67
5,9,0.69131264958843,0.639836570924049,67
1,10,0.9098477244093,0.806810821881511,67
4,10,0.807667507415357,0.417058086225426,67
2,10,0.750871686459516,0.330624849982391,67
3,10,0.743322013612081,0.54967970679825,67
5,10,0.736154848679647,-0.499608210338483,67
1,11,0.902537395258643,0.938701901988884,67
4,11,0.807184247178776,0.236986455394047,67
2,11,0.74068787291783,0.585627366520605,67
3,11,0.75353714369505,0.389376434711812,67
5,11,0.709995386699996,0.199429043226126,67
1,12,0.91325203479428,0.74081951956928,67
4,12,0.805359338462214,0.457652145886512,67
2,12,0.746256572005489,0.802247743866906,67
3,12,0.743813328901489,0.524689838524248,67
5,12,0.68401901624591,0.619289809088743,67
1,13,0.912049831104068,0.817547842344625,67
4,13,0.770040432180255,0.20951256061036,67
2,13,0.792999084584117,0.76522629748398,67
3,13,0.748417372236426,0.40330599627769,67
5,13,0.690859586077161,0.264169238792152,67
1,14,0.910373889232832,0.882036078456804,67
4,14,0.780098042133983,7.1061516936897e-05,67
2,14,0.77989087875784,0.717985362569384,67
3,14,0.73656100380534,0.734375917962402,67
5,14,0.699215669426373,-0.00720811423473688,67
1,15,0.907888461761466,0.869384170035968,67
4,15,0.797962137994646,0.147349872283181,67
2,15,0.762202933259214,0.338262464268197,67
3,15,0.749694500692452,0.329455426808206,67
5,15,0.696936153039847,0.448983500738073,67
1,1,0.909057081842018,0.781707563241871,68
2,1,0.800424245238375,0.511455352080038,68
3,1,0.77644944987568,0.374808610386181,68
4,1,0.767251163167099,0.0673245433145514,68
5,1,0.72309946423318,0.464799644677027,68
1,2,0.902997705135409,0.903663959398188,68
2,2,0.789298755067186,0.534255923320694,68
3,2,0.775080315884985,0.781822641971918,68
4,2,0.721589212094048,0.732279459166603,68
5,2,0.699401781079831,0.521543890248492,68
1,3,0.901710291081139,0.890860635098494,68
2,3,0.804716805126062,0.621257055519399,68
3,3,0.761948749259207,0.578056115763882,68
4,3,0.752005921539871,0.111621232485571,68
5,3,0.708626494027225,0.593164536279884,68
1,4,0.905220478106594,0.875274112004767,68
2,4,0.822201656612382,0.573524227038752,68
3,4,0.758669721279238,0.502975160681249,68
4,4,0.727079877645264,0.535038364374507,68
5,4,0.729039415857373,-0.260680228563992,68
1,5,0.904585299688512,0.861400322269935,68
2,5,0.794706687558183,0.823480802184613,68
3,5,0.76767196037317,0.699460385151946,68
4,5,0.724766531450143,0.350177558416217,68
5,5,0.727555003288431,0.200551502556862,68
1,6,0.909078111810611,0.72485360220529,68
2,6,0.79752543163565,0.562821560570287,68
3,6,0.778679365615452,0.22161965048078,68
4,6,0.7241320008915,0.247520881378271,68
5,6,0.711421283745913,0.518400386711496,68
1,7,0.904448995969323,0.875332720395739,68
2,7,0.823638049556515,0.425119483951265,68
3,7,0.740778630799849,0.804335083842971,68
4,7,0.717439976618119,0.510743759337971,68
5,7,0.728187752927954,0.575088022490038,68
1,8,0.905131355061356,0.912532773862314,68
2,8,0.797009962574154,0.826538265791737,68
3,8,0.761747010895265,0.203729568693232,68
4,8,0.724467959536199,0.534058351008147,68
5,8,0.702697560268121,0.591937448457116,68
1,9,0.903160938916287,0.883794105308953,68
2,9,0.810424209360236,0.297304815984293,68
3,9,0.754620695497468,0.686607625157979,68
4,9,0.724933635260206,0.619597634506625,68
5,9,0.711508109365076,0.362931495101095,68
1,10,0.913406259455918,0.644994535701928,68
2,10,0.802663076486962,0.596478414639441,68
3,10,0.755562899852038,0.775608051442294,68
4,10,0.738848132535278,0.148988756606075,68
5,10,0.700059628335706,0.611922222061901,68
1,11,0.904394996404928,0.85149762861498,68
2,11,0.82169378843107,0.46377679644277,68
3,11,0.743814713496398,0.654486667148003,68
4,11,0.729874416426114,0.667983600999013,68
5,11,0.715130362056279,0.361764691930227,68
1,12,0.90479632890019,0.851529633382377,68
2,12,0.805402938721126,0.725891469809436,68
3,12,0.769668146605754,0.257288388432334,68
4,12,0.713274143224915,0.588508180374076,68
5,12,0.729277137382637,0.207381818018317,68
1,13,0.905422815220632,0.875880760093748,68
2,13,0.808301816096636,0.633892676267541,68
3,13,0.757616104691597,0.344279095768625,68
4,13,0.744407699984467,0.401613591895669,68
5,13,0.700628414482034,0.60284117389846,68
1,14,0.911398588568986,0.769519019774404,68
2,14,0.82397917039066,0.451154985867268,68
3,14,0.747914230480987,0.602287129673875,68
4,14,0.712357906367894,0.806974485013518,68
5,14,0.710872376432117,0.730279852101106,68
1,15,0.90840963443306,0.872552841072714,68
2,15,0.816086192217593,0.40521449315048,68
3,15,0.768928671435857,0.371379162098512,68
4,15,0.725274521201007,0.562259106456251,68
5,15,0.710381577586459,0.718516514656011,68
1,1,0.892601777585854,0.879616571819837,69
4,1,0.841356426987814,0.00862370009978163,69
2,1,0.755717590865754,0.525124677166778,69
3,1,0.739232643164106,0.719392721399614,69
5,1,0.715018563541522,0.296362814380107,69
1,2,0.895367753712645,0.793745894961791,69
4,2,0.821256740058936,0.546275062001488,69
2,2,0.754380732768166,0.3270997018894,69
3,2,0.767508243606573,0.394674567241007,69
5,2,0.710239391882111,0.633227912822592,69
1,3,0.900540482544683,0.769556165083476,69
4,3,0.824577292482822,0.507947212093342,69
2,3,0.756590217103893,0.3690161320219,69
3,3,0.768991367348522,-0.105173311151222,69
5,3,0.715292965419241,0.637129642390308,69
1,4,0.891843018941786,0.869911391593554,69
4,4,0.80994815687311,0.811552645395205,69
2,4,0.752147278644975,0.491454278248874,69
3,4,0.750986249820414,0.398219447191056,69
5,4,0.724395544758969,-0.0678698495742433,69
1,5,0.896046207231762,0.834729908978125,69
4,5,0.809112272843651,0.527619792971943,69
2,5,0.747153692435041,0.691800019452855,69
3,5,0.748093638097598,0.730485741815881,69
5,5,0.709044921690159,0.64716253208795,69
1,6,0.895041295842729,0.833730621641521,69
4,6,0.835015894169117,0.261943238533965,69
2,6,0.73973362814096,0.765478786370819,69
3,6,0.745271777734328,0.742040442459537,69
5,6,0.719618980544257,0.372211394837741,69
1,7,0.896338461419564,0.854456175510725,69
4,7,0.808446087192532,0.717058636458655,69
2,7,0.747481406812075,0.662007148603327,69
3,7,0.75644645292026,0.283448691473581,69
5,7,0.722777457548005,0.479787179366106,69
1,8,0.896141202951916,0.871751772725675,69
4,8,0.818806345599397,0.189629395864536,69
2,8,0.747983890414039,0.739822648118,69
3,8,0.762201681581234,0.549646444494279,69
5,8,0.72311992271444,0.382616563287693,69
1,9,0.892166971394979,0.866832611490103,69
4,9,0.824022646378292,0.215257231696367,69
2,9,0.764424512942731,0.697566185207295,69
3,9,0.741084504957281,0.545942963054905,69
5,9,0.717979801287495,0.654518817143749,69
1,10,0.893829693239341,0.861111665474754,69
4,10,0.819971606069686,0.772717955742858,69
2,10,0.745999178710084,0.521885730076996,69
3,10,0.739582934674775,0.769477181548942,69
5,10,0.743920870367834,-0.0324740564927276,69
1,11,0.89139822033139,0.938816752102065,69
4,11,0.819305308792107,0.851702302663429,69
2,11,0.750979902992636,0.683637798947696,69
3,11,0.755369071504849,0.49160742925377,69
5,11,0.71145403606396,0.593316580432163,69
1,12,0.894102701418938,0.863797047930705,69
4,12,0.81069107157917,0.542516523600951,69
2,12,0.764561367744763,0.0305292777712903,69
3,12,0.740845687911037,0.735285975769052,69
5,12,0.718175385595914,0.395692092133603,69
1,13,0.900130999729399,0.656970226735334,69
4,13,0.819699190875851,0.465864443628527,69
2,13,0.762034701420336,0.503119471298844,69
3,13,0.744481222496119,0.693372951910055,69
5,13,0.706392800740353,0.704402710364124,69
1,14,0.895106928024252,0.809698667322623,69
4,14,0.824500070777355,0.710416249516142,69
2,14,0.752368595757183,0.661032153172787,69
3,14,0.757013877824264,-0.0296650847172015,69
5,14,0.720499861228132,0.308675347474543,69
1,15,0.888925903741029,0.882047795610763,69
4,15,0.814574656958972,0.341911889157912,69
2,15,0.752268217261207,0.714767380770521,69
3,15,0.753260667804681,0.629476453050752,69
5,15,0.728712003280025,0.432934319286673,69
1,1,0.894819966906962,0.70752457331337,70
3,1,0.784232618186677,0.707384971408729,70
2,1,0.73628435755928,0.70765077920964,70
4,1,0.696012939912808,0.676356909545234,70
5,1,0.641731296081198,0.405361681784623,70
1,2,0.885360470495469,0.958203472328841,70
3,2,0.794434838585125,0.602533056316716,70
2,2,0.728245999394806,0.630704211419512,70
4,2,0.711936757596549,0.597084366616348,70
5,2,0.637874999817308,0.588812786938211,70
1,3,0.88628123165589,0.917669516500449,70
3,3,0.754322532774669,0.832077513583009,70
2,3,0.75983125617436,0.647298677272099,70
4,3,0.711498136819575,0.489739321771522,70
5,3,0.636081017417243,0.336695696285182,70
1,4,0.888706438388196,0.859663539383006,70
3,4,0.784896972801117,0.763688614982437,70
2,4,0.737997282318899,0.0813998140441998,70
4,4,0.718103760575378,0.253926555054761,70
5,4,0.643370703820969,0.245301064130794,70
1,5,0.891064674369872,0.851089910591732,70
3,5,0.758430234962207,0.705409798102919,70
2,5,0.761686790065123,0.598676725808916,70
4,5,0.714271621010413,0.365745392538871,70
5,5,0.620271729468456,0.392232485388992,70
1,6,0.891510282161636,0.828301653998939,70
3,6,0.801288652853149,-0.15498468450618,70
2,6,0.730185063173558,0.919222398275133,70
4,6,0.704589438260822,0.677360821099275,70
5,6,0.648447639252937,0.29613322515518,70
1,7,0.888109231984665,0.928728578991164,70
3,7,0.801525912155009,0.35005138624997,70
2,7,0.723744959161445,0.604536567182762,70
4,7,0.694095675372152,0.763239459226679,70
5,7,0.643455770547969,0.226298388471153,70
1,8,0.895259016683289,0.792842088352017,70
3,8,0.782839127690772,0.656830294686395,70
2,8,0.731651048104544,0.557683424564533,70
4,8,0.704635912793847,0.673961496173608,70
5,8,0.64052496475641,0.494846608070315,70
1,9,0.888797811214814,0.902104349092328,70
3,9,0.79287435815258,0.587949659983752,70
2,9,0.726911429782583,0.685592872569966,70
4,9,0.704693377567169,0.670240058532602,70
5,9,0.62717460792402,0.625786182111306,70
1,10,0.893088208383784,0.777539699788577,70
3,10,0.787784878629139,0.795868289225649,70
2,10,0.721072160656427,0.578147178394848,70
4,10,0.719896039597912,-0.115947958763699,70
5,10,0.641251777656513,0.454688763839925,70
1,11,0.884674922141321,0.959062901528844,70
3,11,0.771417390097506,0.679653890054669,70
2,11,0.724526732683026,0.721700839898562,70
4,11,0.721107658381544,0.50662151855334,70
5,11,0.6493682234097,0.220452812173034,70
1,12,0.896040656230361,0.789581441166563,70
3,12,0.791444967579304,0.699318202852973,70
2,12,0.718358406118896,0.5853164229387,70
4,12,0.715205600543168,0.479918186309817,70
5,12,0.648508017128723,0.339802320858938,70
1,13,0.886098382709817,0.961925015798613,70
3,13,0.773233022149855,0.39349728335269,70
2,13,0.74383466299308,0.478772419107432,70
4,13,0.70945377450966,0.513392173257414,70
5,13,0.653775200904734,0.646672920537929,70
1,14,0.89046390402666,0.823546772494907,70
3,14,0.793342091313096,0.412120290047561,70
2,14,0.74065776556925,0.161799525570714,70
4,14,0.711270422181698,0.282740025364309,70
5,14,0.645485823911876,0.11551592370009,70
1,15,0.891752980885341,0.856417815242197,70
3,15,0.77920529728599,0.397267961778518,70
2,15,0.745229394767062,0.577293555176853,70
4,15,0.70862389961897,0.507523979812771,70
5,15,0.665319148553165,0.227902382776235,70
1,1,0.890897804415638,0.84732606672581,71
2,1,0.811200829226168,0.479641796557168,71
3,1,0.773269587124653,0.388415393075945,71
4,1,0.752561140788858,0.461493143184394,71
5,1,0.705663711269777,0.440463580601818,71
1,2,0.887673315695383,0.904979458839799,71
2,2,0.805364510357848,0.706681985010047,71
3,2,0.771445363809646,0.493998348583903,71
4,2,0.761943813718631,0.582111176842807,71
5,2,0.705233681108792,0.409291108749693,71
1,3,0.895441557243419,0.763821076364139,71
2,3,0.809571396859337,0.571684187861795,71
3,3,0.777674606542092,0.527192870424965,71
4,3,0.756429525793013,0.623261742861646,71
5,3,0.709416038675799,-0.158376607654089,71
1,4,0.887737859439614,0.904658787765622,71
2,4,0.814194954666001,0.758871953604504,71
3,4,0.750637244448468,0.581785379802509,71
4,4,0.767554934328886,0.285653878532709,71
5,4,0.71889614715241,-0.248143738965377,71
1,5,0.894935273600906,0.842811680613796,71
2,5,0.82017160648572,0.161908895938303,71
3,5,0.764082572278891,0.367130190130288,71
4,5,0.737680128704577,0.832553857823905,71
5,5,0.693188762651862,0.695295119346464,71
1,6,0.889545629205256,0.92105198711375,71
2,6,0.828673656357102,0.359819595992847,71
3,6,0.756415309295519,0.723221443627931,71
4,6,0.75579548032646,0.597179720434438,71
5,6,0.693070604849884,0.54699221702292,71
1,7,0.894518862696123,0.695002510065307,71
2,7,0.789817363364958,0.734878873373566,71
3,7,0.757757029876655,0.551940340092002,71
4,7,0.748363887759212,0.674911698605414,71
5,7,0.698821284921506,0.663131447008342,71
1,8,0.890267819326642,0.85395070325572,71
2,8,0.810501896373987,0.398040769169472,71
3,8,0.744593450403649,0.823600719541059,71
4,8,0.752169458904054,0.554808177836602,71
5,8,0.6984514020368,0.301949570507537,71
1,9,0.894332450421511,0.753169558229269,71
2,9,0.813128715141536,0.606249535655018,71
3,9,0.773714330397629,0.371454512936516,71
4,9,0.772267880037974,-0.107123355934817,71
5,9,0.697281632015508,0.429751262348493,71
1,10,0.890893805220067,0.802426783550358,71
2,10,0.800739248786389,0.762490331290582,71
3,10,0.768892334894203,0.645800504578673,71
4,10,0.741224635133657,0.524678621585067,71
5,10,0.714621761391297,0.464707650442927,71
1,11,0.884071091182158,0.918634691662599,71
2,11,0.803286771888682,0.79200243294901,71
3,11,0.766737299797099,0.620796921218166,71
4,11,0.75638625458782,0.690148421360313,71
5,11,0.701009504938458,0.149663773621276,71
1,12,0.890491074271832,0.840605759669415,71
2,12,0.788629494860833,0.683144014490696,71
3,12,0.790255123836047,0.465014137778523,71
4,12,0.745620612893843,0.587749452190384,71
5,12,0.698073501945179,0.427594700634563,71
1,13,0.893913970505811,0.731459654632976,71
2,13,0.810522848536381,0.507432810563261,71
3,13,0.761501296355122,0.799667003306355,71
4,13,0.74505064930754,0.731603667214226,71
5,13,0.688595200870589,0.363755346386985,71
1,14,0.894871944544028,0.751798383067971,71
2,14,0.817687576816713,0.598913439433208,71
3,14,0.764622368310765,0.51265781769435,71
4,14,0.773269853000487,-0.0816909915960988,71
5,14,0.702747067244369,0.373904450622075,71
1,15,0.888880978464507,0.891229854240975,71
2,15,0.807769909455824,0.47445052351732,71
3,15,0.769775365981693,0.333067947444469,71
4,15,0.75437876618491,0.530441238277438,71
5,15,0.713251498726439,0.162799916334616,71
1,1,0.909343432937211,0.662840355498317,72
3,1,0.818790056642456,0.576927718514567,72
2,1,0.773502524283817,0.729105436623981,72
4,1,0.737023341833794,0.833179982233013,72
5,1,0.73267166137843,0.431656435747098,72
1,2,0.891842872431541,0.920735848006723,72
3,2,0.82625769427901,0.708235516325411,72
2,2,0.764089580479571,0.479216555859761,72
4,2,0.740421785086645,0.519177241352086,72
5,2,0.728681346764,0.405188306020015,72
1,3,0.904630855715908,0.678141496701699,72
3,3,0.815615151431955,0.713294755852111,72
2,3,0.789602603151854,0.595037222955588,72
4,3,0.749664407764003,0.257363212091504,72
5,3,0.729755092227078,0.648282110603026,72
1,4,0.902726913030575,0.783624530506759,72
3,4,0.843274318315924,0.622342432761417,72
2,4,0.766349472886828,0.711900347012129,72
4,4,0.72902811800018,0.612379001468151,72
5,4,0.716247122087053,0.511314575470385,72
1,5,0.902369093074133,0.711069922789974,72
3,5,0.836347764206525,0.728413407589783,72
2,5,0.770586813216776,0.325954418521006,72
4,5,0.740973228640004,0.515661986516638,72
5,5,0.744033362288347,0.470385248223278,72
1,6,0.893409057163958,0.954530611035027,72
3,6,0.82361617340116,0.60649721886236,72
2,6,0.788013733639418,0.357743759930912,72
4,6,0.727815212091429,0.490145237698402,72
5,6,0.740145866558988,-0.00955455094380847,72
1,7,0.903077778029059,0.76351495863,72
3,7,0.811978005418882,0.538919289198458,72
2,7,0.784770677973199,0.404379055320004,72
4,7,0.760505881527362,0.540557680830101,72
5,7,0.741499683568462,0.0588523339948554,72
1,8,0.898436430986599,0.893537623540446,72
3,8,0.828519833092414,0.365508190244941,72
2,8,0.761716014418915,0.694587096531319,72
4,8,0.751943943272707,0.541461507805205,72
5,8,0.740459121199949,0.514150444466835,72
1,9,0.898112718454124,0.899294173313051,72
3,9,0.810662428312831,0.356232050514778,72
2,9,0.786418198966565,0.773973701351789,72
4,9,0.738904435146659,0.70758358965335,72
5,9,0.737732512902034,0.256654524278033,72
1,10,0.896447551594375,0.936246701550992,72
3,10,0.826449480704798,0.609513091951631,72
2,10,0.77225196716745,0.694676291784379,72
4,10,0.739613754018537,0.748705796909225,72
5,10,0.726475378930777,0.840868987198454,72
1,11,0.894561570840172,0.935932481461393,72
3,11,0.830518708961053,0.523544973849945,72
2,11,0.787170508375919,0.534164241675704,72
4,11,0.757748979495742,-0.226822219324504,72
5,11,0.716672590843147,0.734297677703678,72
1,12,0.89987318679362,0.808983664592398,72
3,12,0.820282010916607,0.627361392302109,72
2,12,0.765568758270439,0.645882845338101,72
4,12,0.745680035307644,0.606031810112842,72
5,12,0.74153103371365,0.351046450326484,72
1,13,0.891947517488382,0.954690774737256,72
3,13,0.83659526110881,0.593225680833405,72
2,13,0.765501934778804,0.686898499707994,72
4,13,0.742019172004045,0.539646778143076,72
5,13,0.74066914996411,0.374721626867221,72
1,14,0.898103881845475,0.843411471956369,72
3,14,0.808988186633461,0.791332312942798,72
2,14,0.794090317939895,0.177626320039452,72
4,14,0.776515617351714,0.354329963658635,72
5,14,0.73329087524877,0.450778202435415,72
1,15,0.898274207059284,0.788501782118548,72
3,15,0.848123228047501,-0.0523928396524622,72
2,15,0.755995397929736,0.724965935332817,72
4,15,0.724657144157599,0.706503929917673,72
5,15,0.742620885855414,0.227440132189656,72
1,1,0.898590353007106,0.909200198117692,73
3,1,0.800067253712548,0.697238880680813,73
2,1,0.831826779421078,0.484866550808218,73
4,1,0.744989590189185,0.707268280404205,73
5,1,0.719258038901111,0.23418694007778,73
1,2,0.896851639381647,0.912587036934308,73
3,2,0.807236062449012,0.0932199264797751,73
2,2,0.8087412939779,0.850557347753316,73
4,2,0.747959147936099,0.417811221583926,73
5,2,0.711077880313848,0.128391789404667,73
1,3,0.895315852397311,0.850336643835973,73
3,3,0.855887931703511,0.162118002298042,73
2,3,0.770183467249255,0.704544977535427,73
4,3,0.7488988827243,0.327751700364381,73
5,3,0.707312555349347,0.425990447728213,73
1,4,0.899359136726167,0.791839145156576,73
3,4,0.838576825627474,0.578165011511501,73
2,4,0.783642690892158,0.554592605157342,73
4,4,0.751308490673014,0.577826170088034,73
5,4,0.71255533031486,0.269039202972715,73
1,5,0.900435111232315,0.774440335568986,73
3,5,0.830316469087267,0.735397748923319,73
2,5,0.796886384436944,0.707011511942217,73
4,5,0.744679431279986,0.390158871402036,73
5,5,0.71978741120148,0.208466136569903,73
1,6,0.897409169099517,0.853497808702268,73
3,6,0.851247634323391,0.491980225010071,73
2,6,0.787394657167129,0.504066571235333,73
4,6,0.760000700259005,0.585867555446601,73
5,6,0.712609450659591,0.20813075773798,73
1,7,0.89618996878407,0.891062261908812,73
3,7,0.835651915975739,0.546045543859539,73
2,7,0.776966433934618,0.705657743637266,73
4,7,0.756193394813091,0.454341838214451,73
5,7,0.703467214543574,0.572676089373782,73
1,8,0.89777602866811,0.911858199179374,73
3,8,0.822455299946845,0.749958386357627,73
2,8,0.800451451569929,0.447788822913892,73
4,8,0.729471384067349,0.778232659112353,73
5,8,0.711441761930655,-0.185027181685054,73
1,9,0.899125691905404,0.799256781419031,73
3,9,0.834520549066825,0.445743499621334,73
2,9,0.793474265929053,0.603929001625628,73
4,9,0.740614498062315,0.816046999101967,73
5,9,0.698544584939351,0.54195909523047,73
1,10,0.893413361781935,0.914250568241404,73
3,10,0.843184778561316,0.54455751403335,73
2,10,0.784172279742948,0.621073688235545,73
4,10,0.756676711550091,0.532907255608583,73
5,10,0.705474105811211,0.360419088022591,73
1,11,0.894887590441696,0.874594429231679,73
3,11,0.827011201018337,0.254486384170272,73
2,11,0.804005581588117,0.691751330117029,73
4,11,0.754270506564389,0.340809656690202,73
5,11,0.694199208900215,-0.1669315418719,73
1,12,0.907822423377639,0.682004341596868,73
3,12,0.856306904471278,0.503457835498221,73
2,12,0.787726337115458,-0.0336719648101501,73
4,12,0.757085299075148,0.50513836270078,73
5,12,0.716741649072342,-0.145146286044041,73
1,13,0.897295201840931,0.838068066138078,73
3,13,0.797472361183318,0.842649919903146,73
2,13,0.811505593802026,0.729589934163685,73
4,13,0.754532087769023,0.538522713878248,73
5,13,0.703153071558162,0.458370157057117,73
1,14,0.896029747546786,0.890796346324122,73
3,14,0.836462771618747,0.795785160926743,73
2,14,0.776117146938389,0.766418131624955,73
4,14,0.756284338068598,0.405090549710879,73
5,14,0.705699541155938,0.618624719483256,73
1,15,0.898058664552288,0.865895348865108,73
3,15,0.821543400252829,0.767110916612629,73
2,15,0.799090472483782,0.749940371518706,73
4,15,0.742569925922622,0.515803176673249,73
5,15,0.694480213778116,0.415364579323402,73
1,1,0.883844768396732,0.845899260705156,74
2,1,0.809756965520553,0.438415320085021,74
4,1,0.72548644978638,0.205830080190398,74
5,1,0.696957963334138,0.110296186850835,74
3,1,0.675052623038491,0.697554971273372,74
1,2,0.888296173792951,0.747159735654962,74
2,2,0.783093836394803,0.805473166956042,74
4,2,0.746604844341627,0.310290671292216,74
5,2,0.696429209352684,0.209682096124513,74
3,2,0.680228439717669,0.445258426658942,74
1,3,0.884526903071845,0.86964382121543,74
2,3,0.816004122954128,0.426715271906101,74
4,3,0.715739041955731,0.626658500068315,74
5,3,0.708013698716289,0.318187846007385,74
3,3,0.702072383304147,0.475709667398827,74
1,4,0.885306301979936,0.791550651640291,74
2,4,0.790736648740458,0.664335168182715,74
4,4,0.739597444819351,0.561034965034061,74
5,4,0.690989996600183,0.631261783950921,74
3,4,0.68331544808871,0.463644487623057,74
1,5,0.894962368247461,0.581561203158627,74
2,5,0.799340673003065,0.598790145355558,74
4,5,0.740416406824328,0.302704633408562,74
5,5,0.702270679040089,0.40158386428203,74
3,5,0.690908699945501,0.389200786005923,74
1,6,0.881365480976899,0.899868045369534,74
2,6,0.789309775128969,0.81459695787781,74
4,6,0.727443572009901,0.55448992354081,74
5,6,0.685828482114131,0.557483347515747,74
3,6,0.682491279581621,0.328993273518483,74
1,7,0.877152384803035,0.912292512240745,74
2,7,0.79482193440686,0.663456964598507,74
4,7,0.730559481181772,0.428242912288585,74
5,7,0.689151782646113,0.629093895498227,74
3,7,0.695380955372151,0.41793967783777,74
1,8,0.883925473034238,0.836023687156555,74
2,8,0.812191291312591,0.311544986798259,74
4,8,0.722189330022746,0.580993334872189,74
5,8,0.686826933049965,0.50780401623901,74
3,8,0.679625949928211,0.671581904884711,74
1,9,0.883012070637392,0.914713563726296,74
2,9,0.791614072655954,0.579096475299203,74
4,9,0.724286900039652,0.739145529704347,74
5,9,0.689321791590006,0.45320331538088,74
3,9,0.685583638956192,0.79146376991361,74
1,10,0.884255069313302,0.889631671882585,74
2,10,0.805641929955467,0.499837300548015,74
4,10,0.72340561196519,0.732661124743431,74
5,10,0.695766307465353,0.0613921965090998,74
3,10,0.693650742080626,0.623377020978511,74
1,11,0.881057294854544,0.763410366031207,74
2,11,0.800507540460786,0.537948610711096,74
4,11,0.741342654250324,0.130671453223621,74
5,11,0.6857301061547,0.703801359962275,74
3,11,0.700057038427646,0.42757956633018,74
1,12,0.887529640930718,0.747359942816074,74
2,12,0.783184211826843,0.671238314828945,74
4,12,0.740617053928849,0.243526423294198,74
5,12,0.699585870023437,0.166465912184024,74
3,12,0.686042314349782,0.306787022406256,74
1,13,0.874412037562222,0.891866942669321,74
2,13,0.787557324216359,0.593170867920552,74
4,13,0.742970498613824,0.145493717356228,74
5,13,0.693628483071439,0.629868557971893,74
3,13,0.686520790944513,0.594389220158725,74
1,14,0.880571965075175,0.82190375665384,74
2,14,0.797844652635235,0.610902754113222,74
4,14,0.734885986626951,0.55014127013736,74
5,14,0.699529399879398,0.394168122674163,74
3,14,0.668402012309767,0.728060061767308,74
1,15,0.883564752303368,0.751944816040406,74
2,15,0.805788409590886,0.151111731724567,74
4,15,0.726090350271769,0.417283472594829,74
5,15,0.706718577685874,0.3876521751784,74
3,15,0.697677022696478,-0.0404338133121802,74
1,1,0.903171173830359,0.87009126372666,75
4,1,0.804054496011117,-0.138903645701293,75
2,1,0.770076337137622,0.43826015401326,75
3,1,0.716768454277838,0.545981926784785,75
5,1,0.718675214365189,0.284526411112451,75
1,2,0.904360178908316,0.914442412778902,75
4,2,0.766520137790172,0.559682978725025,75
2,2,0.772637813785656,0.68656231889736,75
3,2,0.715260754615593,0.72919284682514,75
5,2,0.705900455590401,0.346557448965184,75
1,3,0.909605128719288,0.764855249605246,75
4,3,0.76940150485623,0.541134587553858,75
2,3,0.76679387159751,0.765414339909582,75
3,3,0.741181319479749,-0.169473528732756,75
5,3,0.708760293879902,0.366127772463179,75
1,4,0.90992686290705,0.717580862237378,75
4,4,0.766766659356646,0.0230138977245588,75
2,4,0.788960645316207,0.883702529284233,75
3,4,0.726998016618527,0.48828923907848,75
5,4,0.68711605970092,0.312336429206292,75
1,5,0.903822278231359,0.947458642211948,75
4,5,0.789667994312911,0.806860065942873,75
2,5,0.745402761673137,0.649451128637438,75
3,5,0.719637748971815,0.121986437670898,75
5,5,0.718259334088878,0.0983334325016738,75
1,6,0.908135854603848,0.805223898198804,75
4,6,0.795130646413375,0.253967129080074,75
2,6,0.741503992137022,0.683335719045005,75
3,6,0.737450460168523,0.265401502870032,75
5,6,0.713835799960593,0.081621434810169,75
1,7,0.904139451186415,0.89555556427123,75
4,7,0.797302038255996,0.524862676159424,75
2,7,0.757864962487552,0.347375227037382,75
3,7,0.721900374828831,0.526593114175832,75
5,7,0.688033079855283,0.298176563588145,75
1,8,0.908723179623646,0.73752426877722,75
4,8,0.806001565565033,0.540008046406048,75
2,8,0.742897175449292,0.797368746807481,75
3,8,0.727237818620475,0.547457586191993,75
5,8,0.690441012631006,-0.0394545676392364,75
1,9,0.915080527504414,0.490329595940835,75
4,9,0.790905636766466,0.581490367077244,75
2,9,0.751803948787509,0.561450972959004,75
3,9,0.742251379214223,0.552579480624451,75
5,9,0.706777259952356,0.390676979621935,75
1,10,0.902446911667711,0.932707387347602,75
4,10,0.756874557766461,0.763757468117121,75
2,10,0.770686849886406,0.759885007821576,75
3,10,0.711358030015324,0.792220398527727,75
5,10,0.691726617805488,0.417237373771792,75
1,11,0.905947536547493,0.876421372407317,75
4,11,0.808177370208272,0.289562829199181,75
2,11,0.755522872334659,0.531145764920007,75
3,11,0.717101032478661,0.752648710042671,75
5,11,0.697169253729178,0.0290326328384209,75
1,12,0.907542338442263,0.878527957225048,75
4,12,0.792566062396204,0.57351839946113,75
2,12,0.769656354183016,0.639664775296356,75
3,12,0.724825584146324,0.74953280606177,75
5,12,0.689672909742191,0.774704950482288,75
1,13,0.907417530147344,0.897111101171062,75
4,13,0.779930367118556,0.3604444909152,75
2,13,0.764864632743541,0.733198148807936,75
3,13,0.716576084486129,0.818492138717117,75
5,13,0.704816765613895,0.589437220125206,75
1,14,0.909206028148487,0.770533442618087,75
4,14,0.807505702439136,0.107475891545969,75
2,14,0.748939413757231,0.590355157040693,75
3,14,0.763261000757395,-0.189453323311387,75
5,14,0.712239323861931,0.144047312179099,75
1,15,0.904688598824099,0.888843642169254,75
4,15,0.802587270935776,0.482194753313915,75
2,15,0.74918353879279,0.386543218870288,75
3,15,0.723655827201414,0.708435935774349,75
5,15,0.692426606009822,0.472991465164479,75
1,1,0.879084338038219,0.801706008608447,76
3,1,0.809679428264097,0.260895595629374,76
4,1,0.73177463290473,0.103850959115801,76
5,1,0.715206682840437,0.227851475169133,76
2,1,0.719809034177339,0.339145243313448,76
1,2,0.881136040435185,0.827592790850331,76
3,2,0.806928365184716,0.62191109243917,76
4,2,0.736566707814957,0.265106015066059,76
5,2,0.699736294864492,0.500586658177774,76
2,2,0.706503038862612,0.510428333381557,76
1,3,0.88106777903488,0.801968695572797,76
3,3,0.806780747297434,0.69284242772451,76
4,3,0.724574997835564,0.42153646357835,76
5,3,0.716447526785692,0.041008853830452,76
2,3,0.715483117005586,0.42542697058207,76
1,4,0.884109904883248,0.538663734728416,76
3,4,0.819563662531068,0.170010821445942,76
4,4,0.707197178267325,0.584960378995536,76
5,4,0.738372686836546,0.167995223102125,76
2,4,0.707343713221177,0.796211190217924,76
1,5,0.875033593939855,0.863474608836135,76
3,5,0.791477725173016,0.749129896747413,76
4,5,0.735258190404756,0.442556434781433,76
5,5,0.718276565078498,0.337425162039827,76
2,5,0.712113235997308,0.853307344206881,76
1,6,0.880700354599298,0.727225876433893,76
3,6,0.815342539361532,0.458208279406692,76
4,6,0.734975402114126,0.0705220664535982,76
5,6,0.697945052597677,0.552982422347309,76
2,6,0.710440522022507,0.811564153276058,76
1,7,0.880906691489396,0.799046010192024,76
3,7,0.802805438610331,0.805418889160329,76
4,7,0.72115666065236,0.180768700638246,76
5,7,0.726977500503009,0.159896013667613,76
2,7,0.710413721411279,0.651171383485835,76
1,8,0.879265150453346,0.883389343109767,76
3,8,0.807535910192695,-0.041849688892399,76
4,8,0.717293162056444,0.370780601735022,76
5,8,0.735016173894986,0.171407908936648,76
2,8,0.724757954932143,0.579599967942171,76
1,9,0.877114944500424,0.933529827557417,76
3,9,0.804148678181407,0.783138410453065,76
4,9,0.710150491316937,0.631375921141803,76
5,9,0.727684974405939,0.203021656228543,76
2,9,0.725526013484018,0.526190445396737,76
1,10,0.8884295820621,0.675501515121618,76
3,10,0.788848794481712,0.751984538871096,76
4,10,0.721508664651709,0.169689114689615,76
5,10,0.713509824789471,0.154116226520369,76
2,10,0.72920773986561,0.775864550740861,76
1,11,0.880344006666518,0.82468544077655,76
3,11,0.797143866071748,0.683869367524615,76
4,11,0.709559953785389,0.470945633731785,76
5,11,0.718062251432348,0.459069861699483,76
2,11,0.698610755544908,0.64748849319103,76
1,12,0.882209896358442,0.83009919482233,76
3,12,0.804401095742259,0.578389486511031,76
4,12,0.722114776708633,0.365461789201808,76
5,12,0.716922281875491,0.301163482649797,76
2,12,0.714013038851653,0.663064971842115,76
1,13,0.884774817468835,0.616730556819343,76
3,13,0.778950980927447,0.577674806531386,76
4,13,0.743260724767433,0.360079156850764,76
5,13,0.754188352760448,0.271885472916254,76
2,13,0.739493518578858,0.177103844004919,76
1,14,0.885002602364555,0.554551169450564,76
3,14,0.816261005481675,0.641776254255155,76
4,14,0.709973201028397,0.5305052461129,76
5,14,0.707963334839787,0.626741766456469,76
2,14,0.706004150257907,0.431463694864618,76
1,15,0.872777074299129,0.919579553770087,76
3,15,0.802888188016184,0.698816205563038,76
4,15,0.713593490014384,0.545520501311927,76
5,15,0.709653656647518,0.654588647693902,76
2,15,0.712489030255704,0.618733282546366,76
1,1,0.913051322481495,0.777068536794189,77
2,1,0.818942094205251,0.806101639043415,77
3,1,0.758941258950668,0.570309100927023,77
4,1,0.713955967481426,0.555861784404533,77
5,1,0.682056487418589,0.309749143786778,77
1,2,0.90379745740169,0.897315641494604,77
2,2,0.827176061874971,0.589060305558246,77
3,2,0.751561811813875,0.527304436632587,77
4,2,0.703983212843555,0.598260759646074,77
5,2,0.676225069556637,0.570856050622306,77
1,3,0.91174660967069,0.770836169447162,77
2,3,0.805496173672235,0.61593152618461,77
3,3,0.759410466639322,0.63508349198824,77
4,3,0.721830249425656,0.436501436855005,77
5,3,0.6746302972476,0.418708909309309,77
1,4,0.899291013010008,0.925761398011622,77
2,4,0.812993890082268,0.77551427576828,77
3,4,0.751697828195555,0.704585661895628,77
4,4,0.703060580340398,0.628738971760861,77
5,4,0.691703912502673,0.451722930932234,77
1,5,0.909117494850248,0.757386891134139,77
2,5,0.810690314234804,0.755718757612308,77
3,5,0.745569093345809,0.564909731677721,77
4,5,0.730103768974619,0.482931471327421,77
5,5,0.677300198434682,0.632416790470931,77
1,6,0.910957438428374,0.780210595953395,77
2,6,0.82105438452107,0.571415852031982,77
3,6,0.752422026383134,0.569200671412661,77
4,6,0.708628536764298,0.515350939885401,77
5,6,0.674413437474722,0.187115451383895,77
1,7,0.904165907652588,0.917133457791263,77
2,7,0.792150884502527,0.697216388743204,77
3,7,0.768010975140672,0.688922931675112,77
4,7,0.705024675535983,0.662059036160962,77
5,7,0.695168929917451,0.249495115710209,77
1,8,0.906531286739478,0.881754895008771,77
2,8,0.824971510315219,0.53146159957458,77
3,8,0.75806653100219,0.392789667636054,77
4,8,0.707205358711434,0.330176584817879,77
5,8,0.670418498883434,0.63194238050552,77
1,9,0.906450504042235,0.842850548379723,77
2,9,0.822092513230694,0.766675082739952,77
3,9,0.75873831567378,0.281945911625934,77
4,9,0.709186174764555,0.366839805477451,77
5,9,0.691900061400176,0.207431461475002,77
1,10,0.904122850343519,0.86000793920181,77
2,10,0.822653840450683,0.771302615436425,77
3,10,0.751664245732673,0.677909400331129,77
4,10,0.705413621389066,0.567626904525783,77
5,10,0.683718031940825,0.634551421821337,77
1,11,0.901529658887365,0.937904968713785,77
2,11,0.819307875797394,0.198623079467352,77
3,11,0.761971710318084,0.785161260506108,77
4,11,0.691532410766077,0.797150627652082,77
5,11,0.679465437804583,0.155373844704349,77
1,12,0.908303348815848,0.682602393078722,77
2,12,0.813599258889392,0.491722578808786,77
3,12,0.769706130235523,0.517598003037146,77
4,12,0.697762226153251,0.567428156708786,77
5,12,0.681551891212713,0.567169363524859,77
1,13,0.908118127225972,0.839166094898001,77
2,13,0.825158401751071,0.483264464894023,77
3,13,0.778551932665418,0.210355890128782,77
4,13,0.724737338929921,0.057006502414012,77
5,13,0.685940532024721,0.00247274001951335,77
1,14,0.905015339303412,0.898500179225626,77
2,14,0.825140805210676,0.648298234893651,77
3,14,0.759859332215871,0.454733901278135,77
4,14,0.705917327075678,0.549206703350723,77
5,14,0.681537576859727,0.242527847414105,77
1,15,0.902851250517105,0.917156280040205,77
2,15,0.830087917787832,0.360184382646902,77
3,15,0.765048524356208,0.0978380585875914,77
4,15,0.708408135902185,0.373921286685256,77
5,15,0.69351999902358,0.159199205982725,77
1,1,0.875071453715344,0.912621165835727,78
4,1,0.785534825155972,0.330475500439124,78
2,1,0.724545801299226,0.795039457181631,78
3,1,0.675832628438489,0.706719495015538,78
5,1,0.609112977477247,0.556347637656893,78
1,2,0.875109676111665,0.912101930146104,78
4,2,0.794050109245604,0.110242423401739,78
2,2,0.721864110476172,0.690301807402572,78
3,2,0.676209439912918,0.386645366286316,78
5,2,0.644228257658271,0.447192668056843,78
1,3,0.884618026444337,0.68919075936659,78
4,3,0.756487178936972,0.618322129049273,78
2,3,0.722243854211181,0.648146856369142,78
3,3,0.688802854723198,0.381438868995535,78
5,3,0.655562176113212,0.537617774624614,78
1,4,0.880397340359871,0.805379144873077,78
4,4,0.740750943469228,0.783621266295899,78
2,4,0.771232495343952,0.587109243620031,78
3,4,0.679713080615659,0.45616721146325,78
5,4,0.649997152263848,0.316714392862428,78
1,5,0.882166469544104,0.739732000123497,78
4,5,0.773306554781666,0.603335293357437,78
2,5,0.740098977175439,0.385604413595346,78
3,5,0.661989963137276,0.400910431334506,78
5,5,0.663567502799231,-0.0235755714461269,78
1,6,0.876050896186763,0.904097379407178,78
4,6,0.780943725970217,0.714676607415499,78
2,6,0.733140706817393,0.756172552844112,78
3,6,0.666999006059981,0.644984726933683,78
5,6,0.65395657988418,0.337922204844381,78
1,7,0.889910338785689,0.512006918474988,78
4,7,0.752134209083696,0.445383162886246,78
2,7,0.765532292565903,0.697655809300057,78
3,7,0.659078679973384,0.765067951060616,78
5,7,0.651448007965708,-0.291324586472977,78
1,8,0.874161119580529,0.930282750665693,78
4,8,0.782643316803483,0.300933327611854,78
2,8,0.736998401124108,0.513158816338153,78
3,8,0.67745055222721,0.398767882803703,78
5,8,0.651788728353071,0.522501770442785,78
1,9,0.874546082668329,0.90620354095821,78
4,9,0.779349706920313,0.52781493440652,78
2,9,0.730227126620979,0.479062093273663,78
3,9,0.684222321556269,0.525764802010873,78
5,9,0.648656071646035,0.604540036117184,78
1,10,0.875222888072655,0.88768822226044,78
4,10,0.781031541347525,0.453696666336096,78
2,10,0.729926489171971,0.447511544307338,78
3,10,0.68355752221151,0.400758614703212,78
5,10,0.650296765945707,0.0780430178630603,78
1,11,0.876606318213853,0.878075229253784,78
4,11,0.774127343401395,0.501624606767833,78
2,11,0.724071968183975,0.81254301741056,78
3,11,0.669427123380312,0.578597764085163,78
5,11,0.646024760350405,0.401511217124608,78
1,12,0.87510704493879,0.880177477533576,78
4,12,0.750924261171249,0.327093104941202,78
2,12,0.767312994407677,0.0549019730227303,78
3,12,0.670629473705963,0.230735059697486,78
5,12,0.6600386622441,0.249315357088441,78
1,13,0.870742904997209,0.963478778755344,78
4,13,0.750153199785501,0.531118206520616,78
2,13,0.753546090353742,0.565890599889058,78
3,13,0.683696357166039,0.289748269221551,78
5,13,0.651886785114259,0.146924021823607,78
1,14,0.881784949198506,0.836843347685851,78
4,14,0.738406072906139,0.367661677972743,78
2,14,0.793763701580021,0.468506532925566,78
3,14,0.686478536776716,0.588457270445979,78
5,14,0.643073776233347,0.340632423350893,78
1,15,0.878329611889476,0.81686742054601,78
4,15,0.776767746756681,0.58627199732364,78
2,15,0.718182504049137,0.627830870962522,78
3,15,0.68335316685234,0.607317294969505,78
5,15,0.653450798421749,0.765832562605033,78
1,1,0.850633518022858,0.919055410053307,79
3,1,0.700717816636505,0.140059063007615,79
5,1,0.727890862589562,0.451359608749011,79
2,1,0.656575350827358,0.674680928951143,79
4,1,0.652100318953805,0.587521030788799,79
1,2,0.858414413700454,0.858513748854431,79
3,2,0.678722756946568,0.690394335376136,79
5,2,0.71129223116637,0.298316999724408,79
2,2,0.682602448506449,0.367626059504885,79
4,2,0.643319535283189,0.549302557036695,79
1,3,0.868044005508498,0.742182558229734,79
3,3,0.683205827555469,0.414082846357195,79
5,3,0.710392258381326,0.723615224424291,79
2,3,0.668513180962187,0.50993780665116,79
4,3,0.655684716192993,0.412201107099057,79
1,4,0.851146892125922,0.936295416433257,79
3,4,0.676000190178786,0.485871060697488,79
5,4,0.699784073572126,0.147227703531447,79
2,4,0.676616240319853,0.377520571233644,79
4,4,0.642743365935093,0.480501838123797,79
1,5,0.857914380200542,0.828170326750191,79
3,5,0.675113422048913,0.618198435114017,79
5,5,0.699692661899601,0.655748915936951,79
2,5,0.674854913660725,0.334781241061604,79
4,5,0.660837713430077,0.858460192983132,79
1,6,0.863254917313448,0.721551451862933,79
3,6,0.684270832594574,0.492774569376881,79
5,6,0.706436753901449,0.46908129941579,79
2,6,0.66647194195006,0.511395673312602,79
4,6,0.656946864659904,0.432040753866761,79
1,7,0.861981139501523,0.79453058380747,79
3,7,0.666721496900312,0.691146532345247,79
5,7,0.71251854591588,0.388255611119983,79
2,7,0.655769699557802,0.453080352478249,79
4,7,0.676069236583088,0.565226403427464,79
1,8,0.867139582602532,0.638539237316188,79
3,8,0.682479695562285,0.550576594132733,79
5,8,0.706762734380167,0.310605701457717,79
2,8,0.645043944495406,0.435973267216949,79
4,8,0.679572011163274,0.278433191676859,79
1,9,0.865932166928654,0.702281928698865,79
3,9,0.681868361079114,0.53043835603116,79
5,9,0.67923344983586,0.381387800464722,79
2,9,0.662835319016545,0.711635913445883,79
4,9,0.684847575980722,0.286770573474411,79
1,10,0.85208400957188,0.908490940112459,79
3,10,0.678966786505612,0.468759667134414,79
5,10,0.686332393775339,0.489152533256106,79
2,10,0.677069818693156,0.589702182461592,79
4,10,0.664834649946147,0.345462004837794,79
1,11,0.858568201808714,0.871648253261705,79
3,11,0.685993841398724,0.646825171256611,79
5,11,0.676756649921692,0.440989034693694,79
2,11,0.65726035423123,0.54433817913583,79
4,11,0.657015270566719,0.700789518631423,79
1,12,0.856027161953672,0.854576627192855,79
3,12,0.702703132654464,0.353251257075374,79
5,12,0.669415821429245,0.742143636204137,79
2,12,0.653202856170999,0.636561571363475,79
4,12,0.672239229004397,0.576407967241743,79
1,13,0.853157766112921,0.901772712603853,79
3,13,0.669601199736614,0.803173218272609,79
5,13,0.701160960283469,0.364092936335099,79
2,13,0.668306751358549,0.697217841736718,79
4,13,0.639200043061421,0.540161199882055,79
1,14,0.857653794500475,0.850796835207102,79
3,14,0.67423041365789,-0.0497957548402236,79
5,14,0.706547707558213,0.484725582553471,79
2,14,0.682268765115754,0.432717408646879,79
4,14,0.663804941029104,-0.170732760146285,79
1,15,0.874893237568521,0.62253972847881,79
3,15,0.677402711258566,0.526320201005754,79
5,15,0.73175159174548,0.138455410930571,79
2,15,0.665350676680439,0.317107815527688,79
4,15,0.682501891484112,0.579857946905266,79
1,1,0.879935845603593,0.812833446631977,80
2,1,0.752695620332337,0.588147687790735,80
4,1,0.656036996816334,0.208375747309296,80
5,1,0.64806636662193,0.558264796432761,80
3,1,0.668627651064113,0.740412130069993,80
1,2,0.873067934918945,0.938300596913717,80
2,2,0.743734340094172,0.705143395768097,80
4,2,0.654491149268218,0.604657703566131,80
5,2,0.657930754086336,0.438918473461488,80
3,2,0.704943659218532,0.0879689321275865,80
1,3,0.87921133755953,0.832147230499134,80
2,3,0.755867766691375,-0.0656900833952632,80
4,3,0.678865485502171,0.442493264685788,80
5,3,0.674035811433757,0.306871580752156,80
3,3,0.663706010796625,0.613776571192846,80
1,4,0.875239417591052,0.890347934382137,80
2,4,0.751132603478615,0.431390766840278,80
4,4,0.635316232191594,0.48868134290778,80
5,4,0.676728679132969,0.382163851951353,80
3,4,0.692154304220952,0.638812730139681,80
1,5,0.8786118004914,0.822002434221659,80
2,5,0.760665936385956,0.592213480130829,80
4,5,0.662103159367545,0.574424272971414,80
5,5,0.638688336886178,0.672480446342731,80
3,5,0.674984377639076,0.848919619653381,80
1,6,0.88302186573747,0.793984891396011,80
2,6,0.744056664035266,0.214627137782421,80
4,6,0.674521315951475,0.0362505557787367,80
5,6,0.670480488289021,0.262863265557679,80
3,6,0.684178902215889,0.486039092787217,80
1,7,0.880718269132192,0.798901595796449,80
2,7,0.735643169383888,0.874779504391662,80
4,7,0.678119489942563,0.217817443458909,80
5,7,0.647508535055912,0.23958536889811,80
3,7,0.696995713394652,-0.239153144974636,80
1,8,0.875018530791557,0.912636571675494,80
2,8,0.749061178428758,0.749045344090636,80
4,8,0.655680663607172,0.258870235726388,80
5,8,0.64749441217153,0.202610310701585,80
3,8,0.695930769298582,0.357352851699861,80
1,9,0.879886026378493,0.808321855127451,80
2,9,0.752354592323188,0.434938935783129,80
4,9,0.662236698916746,0.537488552192599,80
5,9,0.675653602522143,0.506371973086824,80
3,9,0.660731005921052,0.488737540658684,80
1,10,0.887139545013414,0.587668506338556,80
2,10,0.772046535676068,0.61840712292426,80
4,10,0.651074718442539,0.455201838000594,80
5,10,0.640504436978039,0.498004926573495,80
3,10,0.689131106846967,0.452687213577108,80
1,11,0.871800442547971,0.90594022922903,80
2,11,0.758939479008566,0.435058516594481,80
4,11,0.655780047445799,0.446401884205931,80
5,11,0.656063503834707,0.0435865829820978,80
3,11,0.698859714835121,0.572638982327722,80
1,12,0.873276200511912,0.894964860314104,80
2,12,0.744514840626675,0.709849674817505,80
4,12,0.653783411609862,0.579045713174026,80
5,12,0.659734096021177,0.144698271397571,80
3,12,0.664024341275761,0.59896354897541,80
1,13,0.881055661897479,0.839877500858207,80
2,13,0.745090746760795,0.379539256431301,80
4,13,0.664909844975638,0.539654468101036,80
5,13,0.671622316061188,-0.345682900466398,80
3,13,0.695892345627043,0.300846541958113,80
1,14,0.886240213245757,0.613543760685813,80
2,14,0.758437041057849,0.73356296034335,80
4,14,0.66298631842687,0.400886884304842,80
5,14,0.666827631904536,0.330411741534034,80
3,14,0.683620734815299,0.481961666777922,80
1,15,0.875169933358465,0.921863158614595,80
2,15,0.758650654789955,0.709659401584539,80
4,15,0.648207950544372,0.598578319475692,80
5,15,0.674273947495394,0.0070065425206216,80
3,15,0.671746848803255,0.475852012940848,80
1,1,0.875035937114904,0.905122050293045,81
2,1,0.806080241735956,0.538728000507887,81
3,1,0.703748126569622,0.374591150142885,81
4,1,0.743487644454405,0.715306222426629,81
5,1,0.661669298352893,0.493346605269844,81
1,2,0.877686661054968,0.840757944593752,81
2,2,0.813902869067959,0.630571213450807,81
3,2,0.708041700513518,0.499086526479954,81
4,2,0.753282989737792,0.389512723072036,81
5,2,0.649461086346103,0.400953204255118,81
1,3,0.880114224909657,0.811395268171077,81
2,3,0.809929292514958,0.691809305551769,81
3,3,0.732054656273393,0.197298858572605,81
4,3,0.739435554786953,0.549937115136148,81
5,3,0.668077533507819,0.0412748955641427,81
1,4,0.886776708598132,0.681118721512948,81
2,4,0.815655897910117,0.491442680049008,81
3,4,0.703661368332166,0.500477363630874,81
4,4,0.727783203659729,0.632977619071968,81
5,4,0.663223316609398,0.270113179316126,81
1,5,0.876987400974807,0.89761145595209,81
2,5,0.811228085356143,0.329950066580334,81
3,5,0.714590200366747,0.519914767853763,81
4,5,0.733603410514207,0.581419040794607,81
5,5,0.667052506656076,0.339616937626159,81
1,6,0.881294772406835,0.697618594504287,81
2,6,0.794007217201352,0.811608927363162,81
3,6,0.702734834666994,0.71428048861975,81
4,6,0.742211223245432,0.378746783359866,81
5,6,0.661625559123238,0.0623257830198909,81
1,7,0.876807233308236,0.831086650993553,81
2,7,0.811198803250809,0.690114097090366,81
3,7,0.712855372231866,0.603238251748803,81
4,7,0.744976927855407,0.443691367380611,81
5,7,0.672414773479849,0.161535577949427,81
1,8,0.878936544064653,0.750339786864399,81
2,8,0.790138688241401,0.824379047170105,81
3,8,0.721358939450668,0.558309207048377,81
4,8,0.722506691745631,0.746972877128421,81
5,8,0.652050956880026,0.523507326611853,81
1,9,0.872023759769698,0.947400855463185,81
2,9,0.767163980524073,0.888381939753261,81
3,9,0.715025415566637,0.726781801599584,81
4,9,0.725435756262807,0.793680970399677,81
5,9,0.645415527709764,0.536656617359073,81
1,10,0.882653245748514,0.673707391181386,81
2,10,0.806741697525108,0.574790459821767,81
3,10,0.706918488287704,0.80250168337134,81
4,10,0.736011347343151,0.439456683035494,81
5,10,0.645027373123696,0.608458159210198,81
1,11,0.87353936326658,0.862647593163095,81
2,11,0.792466542746359,0.650282527991561,81
3,11,0.701224609573126,0.750723282418562,81
4,11,0.729330705457963,0.641944875999392,81
5,11,0.645845008616953,0.268085112684209,81
1,12,0.876009980064644,0.889730841979959,81
2,12,0.807604432447297,0.769221444300025,81
3,12,0.71310954780204,0.407051545571264,81
4,12,0.740872906159539,0.56201062104007,81
5,12,0.669421483584996,0.411926202312646,81
1,13,0.875423976262164,0.871103546139847,81
2,13,0.807744770717638,0.796136098308899,81
3,13,0.701351136107205,0.483891639423005,81
4,13,0.745056112036945,0.702704825806621,81
5,13,0.64754838179896,0.57260431512898,81
1,14,0.874561316250817,0.932502055493647,81
2,14,0.812050815709445,0.771747568559648,81
3,14,0.700750753095557,0.674757598935467,81
4,14,0.748138378740317,0.389895976661371,81
5,14,0.649398340573614,0.608400506573663,81
1,15,0.875738085650842,0.903470965348643,81
2,15,0.812705477577815,0.514427325934988,81
3,15,0.708030460422592,0.409153698802162,81
4,15,0.743179451809145,0.122790912232424,81
5,15,0.667084958683498,0.385599239240257,81
1,1,0.89943306086859,0.872386441996503,82
3,1,0.764786344804356,0.57573466640455,82
2,1,0.773705195979999,0.642930128588352,82
4,1,0.713990161391981,0.503892643391222,82
5,1,0.665716978420474,0.286205658508916,82
1,2,0.899386231804165,0.872262842318913,82
3,2,0.788588727723873,0.134639491015521,82
2,2,0.752100242496939,0.628118406615646,82
4,2,0.72991395847383,0.259513264319697,82
5,2,0.673365881846981,0.240142335373848,82
1,3,0.8938267353859,0.91151991193373,82
3,3,0.767873623447628,0.751259951179123,82
2,3,0.773427833008197,0.826445736608209,82
4,3,0.719589376355651,0.175484708993597,82
5,3,0.662691666369625,0.445227050784976,82
1,4,0.896841467576119,0.902288590437843,82
3,4,0.791302863556103,0.371745133426399,82
2,4,0.771582480880028,0.745359216183277,82
4,4,0.71065849807717,0.423890734057339,82
5,4,0.652439232515069,0.403590961678511,82
1,5,0.899270316973523,0.83845675550833,82
3,5,0.790337806597388,0.564579057278642,82
2,5,0.760795228766777,0.608368892862022,82
4,5,0.719096268137943,0.386654175554448,82
5,5,0.657337587639686,0.570367409297394,82
1,6,0.900024900991311,0.807540682645483,82
3,6,0.795720507067347,0.276844599605,82
2,6,0.756707031707808,0.743762183131532,82
4,6,0.703275711909453,0.192792218865605,82
5,6,0.668164155936227,0.143398306206883,82
1,7,0.901286180622585,0.827286362576979,82
3,7,0.796967874953077,0.68684678403696,82
2,7,0.752234440015352,0.599573883014875,82
4,7,0.69964661855433,0.492956352246476,82
5,7,0.664155535079907,0.760663088534722,82
1,8,0.903863109376805,0.765366022724,82
3,8,0.794145756901778,0.4893875940611,82
2,8,0.762831118245043,0.606543829980608,82
4,8,0.703793108849239,0.471151720516514,82
5,8,0.656348286534855,0.553279591619798,82
1,9,0.906060457972095,0.753732880329989,82
3,9,0.823954587687069,0.523038864304179,82
2,9,0.728812855054258,0.441332658087484,82
4,9,0.708220114288159,0.485631180574791,82
5,9,0.666266323629372,0.312745499928958,82
1,10,0.902663084088563,0.833272890636052,82
3,10,0.791305642687536,0.724096696175971,82
2,10,0.772933550648749,0.600023914768631,82
4,10,0.698905426086171,0.625713881780812,82
5,10,0.666543076009729,-0.0482493555670665,82
1,11,0.896089620103092,0.919690336171119,82
3,11,0.78997403586092,0.52224627758158,82
2,11,0.759139932211191,0.672053021045727,82
4,11,0.694953787558545,0.0512826105888251,82
5,11,0.651951031650263,0.238307183929049,82
1,12,0.904976088196291,0.769016327189431,82
3,12,0.791473620588674,0.481913651084016,82
2,12,0.760064225028288,0.612088554123727,82
4,12,0.701540403568722,0.449786507413422,82
5,12,0.648673222106308,0.396352765171226,82
1,13,0.898832537946448,0.873868764819299,82
3,13,0.764350403462253,0.589497930219145,82
2,13,0.795829756516488,0.550894433859996,82
4,13,0.697077667309622,0.225054866258519,82
5,13,0.66601782301621,0.392048931141316,82
1,14,0.897453792187579,0.90767875143358,82
3,14,0.808626300741469,0.319627921058884,82
2,14,0.749770197874279,0.398539850888556,82
4,14,0.711498659070731,0.406070412418403,82
5,14,0.657434454028966,0.291428938539208,82
1,15,0.89774385682396,0.888114650156802,82
3,15,0.80249602828601,0.634730865363063,82
2,15,0.762376650195117,0.152032544981997,82
4,15,0.702534179126683,0.697970549935176,82
5,15,0.656484814270726,0.404713723322125,82
1,1,0.889965240127974,0.798852332220307,83
2,1,0.843092786173894,0.321020050371686,83
3,1,0.729977880190828,0.469959035658608,83
4,1,0.723708488282596,0.13604457631249,83
5,1,0.720652796615604,0.0842004566362077,83
1,2,0.892076303335667,0.759562815486281,83
2,2,0.835491834708782,0.764810132221613,83
3,2,0.761829389977113,0.0651766954617045,83
4,2,0.709095921551116,0.440637015807987,83
5,2,0.726185122406429,0.140850340691758,83
1,3,0.898455239328941,0.677744081127293,83
2,3,0.83320216051142,0.844808551575719,83
3,3,0.724707031313322,0.345869597967217,83
4,3,0.721266814523894,0.209928867952587,83
5,3,0.714406665162528,0.464866030960309,83
1,4,0.898195011294304,0.692304404223195,83
2,4,0.832433767945256,0.824938976069034,83
3,4,0.73912572706073,0.0977794558890797,83
4,4,0.718594043758898,0.193194895908854,83
5,4,0.709187138165547,0.46433907041675,83
1,5,0.891179475697161,0.839663743989856,83
2,5,0.849104020443845,0.36040537238956,83
3,5,0.723086315773448,0.551622392812649,83
4,5,0.715177396789301,0.254039835415405,83
5,5,0.72813349902605,0.342842816695069,83
1,6,0.886198667047148,0.887510879190418,83
2,6,0.836278274947313,0.572621388977824,83
3,6,0.722048543070786,0.792712915880192,83
4,6,0.707527471405596,0.456696435661505,83
5,6,0.711731556751649,0.49609328636755,83
1,7,0.886445623285925,0.873227013224474,83
2,7,0.836653330770964,0.709838581667779,83
3,7,0.718729078712305,0.625415884799222,83
4,7,0.718007013124934,0.0243365377057109,83
5,7,0.720790503663164,0.490895338805224,83
1,8,0.888067900691914,0.892797951362664,83
2,8,0.833323304960538,0.807510847812204,83
3,8,0.724202619638033,0.667578232674961,83
4,8,0.714645670445829,0.543949679760631,83
5,8,0.712550288440495,-0.0891705046816531,83
1,9,0.888142664511401,0.883149687277305,83
2,9,0.838646419118279,0.273806152662336,83
3,9,0.727367286993166,0.67554076900102,83
4,9,0.710154070335414,0.387445568607414,83
5,9,0.718279671951989,-0.101498905395802,83
1,10,0.884536215291299,0.94095532958011,83
2,10,0.840752877374737,0.265893023434874,83
3,10,0.73391339262102,0.684528719230297,83
4,10,0.721328611687442,0.423404470777203,83
5,10,0.72295717154428,0.431023946106672,83
1,11,0.891910528037794,0.722785392936557,83
2,11,0.825996598276789,0.755874514416756,83
3,11,0.729432783919611,0.654794855414084,83
4,11,0.681076019015039,0.670439310265663,83
5,11,0.727922233164194,0.146924998171983,83
1,12,0.888381067202464,0.907688422867654,83
2,12,0.827178068907426,0.729284827916578,83
3,12,0.726004213648165,0.385676358441226,83
4,12,0.732219585454025,0.0754582184237793,83
5,12,0.723512185179469,0.324404169412735,83
1,13,0.890171378729219,0.875838422765371,83
2,13,0.833644896800033,0.626540585306327,83
3,13,0.731880050167527,0.334816598848166,83
4,13,0.696287681869199,0.871442848008693,83
5,13,0.727900723717446,0.399778199021196,83
1,14,0.889317944065213,0.831470317143882,83
2,14,0.825593074934655,0.750683001975568,83
3,14,0.729862276725391,0.561678571224361,83
4,14,0.710564736864204,0.231640234415818,83
5,14,0.729641796434506,-0.0044889833310762,83
1,15,0.890110403138919,0.875595436744537,83
2,15,0.828011425341061,0.88357916014663,83
3,15,0.711792929084701,0.831948445547537,83
4,15,0.712528749804443,0.428137439317551,83
5,15,0.7078865824775,0.71649320107535,83
1,1,0.905417532254184,0.720434442690826,84
4,1,0.814289603034521,0.66514286345436,84
2,1,0.752647478661421,0.27386201628006,84
3,1,0.726600137240364,0.606122138449399,84
5,1,0.664554014317887,0.350026447547943,84
1,2,0.905791247625661,0.855835878347012,84
4,2,0.808488665092014,0.827627689773291,84
2,2,0.7244672784522,0.840909721773708,84
3,2,0.740794774154526,0.0823565536603228,84
5,2,0.666317073097688,0.533511284527364,84
1,3,0.900606659065771,0.924245472285095,84
4,3,0.819150395725014,0.760940532556485,84
2,3,0.740478548923071,0.393663165733357,84
3,3,0.727845705614633,0.573219715526577,84
5,3,0.670800596085103,0.236997199835536,84
1,4,0.906078360596544,0.804541031379387,84
4,4,0.825072566254731,0.378571884723574,84
2,4,0.734679885527848,0.715855336434688,84
3,4,0.729214969750746,0.502776781497753,84
5,4,0.672912577121899,0.207672715122963,84
1,5,0.903131924710595,0.800788469680519,84
4,5,0.825365460756563,0.453940818815884,84
2,5,0.742466757501827,0.474728510617393,84
3,5,0.718698859687676,0.65528012973277,84
5,5,0.689148459585964,-0.142549462644461,84
1,6,0.906619328537267,0.709838829775175,84
4,6,0.818745686003417,0.553659420557539,84
2,6,0.74970915459269,0.517108569046245,84
3,6,0.713702684794226,0.808387947663398,84
5,6,0.67528679045313,0.313065015708237,84
1,7,0.901313577894708,0.890070741414182,84
4,7,0.832076774928735,0.416699788446249,84
2,7,0.736649740440134,0.630310543296733,84
3,7,0.735890414451666,0.53213917849753,84
5,7,0.667673161415476,0.548214636932826,84
1,8,0.904750316448803,0.815021870180345,84
4,8,0.83369107833468,0.330566785013165,84
2,8,0.731414190708452,0.800781606329569,84
3,8,0.732932016868816,0.472649635294951,84
5,8,0.644651655909938,0.131709151999717,84
1,9,0.901025689637505,0.919649459004134,84
4,9,0.814057329816698,0.5234074618879,84
2,9,0.747768752843827,0.311689703424603,84
3,9,0.712695958288145,0.51405814697246,84
5,9,0.6833100848899,0.114697422444205,84
1,10,0.909036552396399,0.571208383679062,84
4,10,0.797335289889665,0.791257369602627,84
2,10,0.744491062087054,0.541896944871504,84
3,10,0.717700308405446,0.677713520961574,84
5,10,0.657219873886431,0.117073807105234,84
1,11,0.907906827831318,0.745098654376247,84
4,11,0.812395537345501,0.572358155972686,84
2,11,0.748842175678315,0.657797467851979,84
3,11,0.730141814942384,0.404076998443007,84
5,11,0.676737314687951,0.252272624309859,84
1,12,0.900287243060241,0.910076782983545,84
4,12,0.82267551408939,0.544494233495329,84
2,12,0.737321351724406,0.490630203401079,84
3,12,0.715228664040415,0.478151366105456,84
5,12,0.656376581058374,0.664244766355683,84
1,13,0.90132877439587,0.918821237831375,84
4,13,0.816169197739606,0.786941850739432,84
2,13,0.746807523075481,0.360795764521936,84
3,13,0.718582465650696,0.527568762746463,84
5,13,0.678867825359284,0.0475908847596127,84
1,14,0.901510340505398,0.912757667078968,84
4,14,0.820404037319841,0.492782860567035,84
2,14,0.736892253680935,0.588218051569851,84
3,14,0.723310654846792,0.589755691707678,84
5,14,0.660046802593118,0.315385123694422,84
1,15,0.898378361125864,0.973392016918943,84
4,15,0.835720762582867,-0.299254271098652,84
2,15,0.731411333303581,0.751537551621641,84
3,15,0.729363926334326,0.408862945051766,84
5,15,0.667928584860956,0.44935054856139,84
1,1,0.86407432659853,0.944667681522265,85
2,1,0.798909318361838,0.703018680535515,85
3,1,0.683573873633122,0.802674061113552,85
4,1,0.708674529676581,0.571360764638827,85
5,1,0.631614421666635,0.317859438415399,85
1,2,0.882571027681186,0.495533215276599,85
2,2,0.806482024511709,0.58342278242997,85
3,2,0.699823344752384,0.520631877889068,85
4,2,0.698610977211151,0.473013470282455,85
5,2,0.628945197325426,0.505864109288727,85
1,3,0.867621793314454,0.928160643701901,85
2,3,0.794581728700919,0.847726348137082,85
3,3,0.698464133980671,0.383288696355471,85
4,3,0.694157501137191,0.361372155822941,85
5,3,0.641485313678491,0.410332435899743,85
1,4,0.875545740661963,0.785286779789809,85
2,4,0.810769640309399,0.497953517784031,85
3,4,0.717009252873608,0.119143071662602,85
4,4,0.715301415276993,0.212601933635187,85
5,4,0.63531514131704,0.487149722793377,85
1,5,0.874628452880675,0.845830842698739,85
2,5,0.797188137333539,0.785305525567881,85
3,5,0.707018890949724,0.62451215418632,85
4,5,0.696123745325268,0.600152232795174,85
5,5,0.624897316638534,0.514842668446993,85
1,6,0.864872462448065,0.923883522646561,85
2,6,0.793573451389631,0.822073833660284,85
3,6,0.700892417000215,0.530575504021265,85
4,6,0.698959593428325,0.314915432560357,85
5,6,0.624397153914879,0.619521811092537,85
1,7,0.882705031008823,0.731343327275926,85
2,7,0.800408718779105,0.777406732427095,85
3,7,0.697287510345611,0.601204936986976,85
4,7,0.700866331108179,0.821209386204525,85
5,7,0.65024292292042,-0.0471231590409341,85
1,8,0.865336835177844,0.933188486097022,85
2,8,0.800989728127407,0.746607972555612,85
3,8,0.701788599000908,0.311046627647368,85
4,8,0.698466375976422,0.738044097360931,85
5,8,0.630582025548974,0.733299915662077,85
1,9,0.87201754515892,0.864800266036348,85
2,9,0.793598790821994,0.447996584653311,85
3,9,0.706935738102531,0.525198121673265,85
4,9,0.687531354231456,0.74466521373621,85
5,9,0.645049630671197,0.489129046332375,85
1,10,0.871739794281901,0.859736043596718,85
2,10,0.801343789270988,0.626117100431909,85
3,10,0.695889184132606,0.631208684616652,85
4,10,0.711955399186363,0.431111266064072,85
5,10,0.61700635710344,0.68479493963642,85
1,11,0.872327758535884,0.856452365527913,85
2,11,0.799226947936047,0.468317788069045,85
3,11,0.695771539579151,0.785877780157853,85
4,11,0.697239558551196,0.72022192866899,85
5,11,0.621040219850291,0.53095685754324,85
1,12,0.868180087720931,0.802531652715325,85
2,12,0.816148579598685,0.29328972295397,85
3,12,0.693004673827684,0.249374381221762,85
4,12,0.701925129659079,0.461135788142064,85
5,12,0.627605963391623,0.354966483088383,85
1,13,0.880185462765627,0.771154830356798,85
2,13,0.801914851772973,0.532920213100784,85
3,13,0.69169934121124,0.677658565189666,85
4,13,0.713478691805112,0.634531340721151,85
5,13,0.636700146687534,0.367403914961737,85
1,14,0.873539120395321,0.864796617180329,85
2,14,0.797967786667601,0.773543731497803,85
3,14,0.695518409053872,0.576511729164591,85
4,14,0.709658845160523,0.077426328436491,85
5,14,0.634973740849862,0.414789797591898,85
1,15,0.881834430664414,0.476624084193169,85
2,15,0.79330107494329,0.837198153532709,85
3,15,0.690007901478333,0.605758686455352,85
4,15,0.709039097197677,0.514808219250025,85
5,15,0.649787349279785,0.260777881313566,85
1,1,0.876301620094234,0.826070282586723,86
4,1,0.682209379700865,0.666809158796268,86
3,1,0.739003638360398,0.495541754651925,86
2,1,0.655802751642811,0.539343567406161,86
5,1,0.643190814005441,0.612429779957692,86
1,2,0.875296751052647,0.753180269231523,86
4,2,0.674138636220334,0.536866143599591,86
3,2,0.730656742651956,0.705358386102546,86
2,2,0.654037602493469,0.784096281319015,86
5,2,0.622316259463866,0.704705934811538,86
1,3,0.867480590720228,0.924961540550959,86
4,3,0.696030648177748,0.211924109973966,86
3,3,0.745445176067395,0.685919262804419,86
2,3,0.663888821133981,0.521767868540928,86
5,3,0.635226048724865,0.0723406460339206,86
1,4,0.870916531661152,0.887304841757182,86
4,4,0.673949313921209,0.506949198964761,86
3,4,0.741315869100665,0.579918427977791,86
2,4,0.679769419991331,0.60655298287629,86
5,4,0.632269571852628,0.194926359724848,86
1,5,0.87043288671129,0.928794862623169,86
4,5,0.691305845050978,0.216560530236204,86
3,5,0.737330176209233,0.577393661738047,86
2,5,0.67307513445746,0.686803640476454,86
5,5,0.629408610622175,0.393210115893598,86
1,6,0.876166707725176,0.783752872029681,86
4,6,0.671505425351524,0.302308290962726,86
3,6,0.743189510919855,0.442774826669887,86
2,6,0.700318260029803,0.0161884372579567,86
5,6,0.595986846581873,-0.0469771445273308,86
1,7,0.872718592771157,0.88789836003369,86
4,7,0.670673727299259,0.535607219454264,86
3,7,0.738447820876966,0.533714439494087,86
2,7,0.676569145873971,0.648768561764807,86
5,7,0.626013496042669,0.238808307190441,86
1,8,0.87142398711977,0.834321263274927,86
4,8,0.679329961085866,0.479104738866548,86
3,8,0.740044635559485,0.543359478139543,86
2,8,0.685291651259748,0.239350306202928,86
5,8,0.619176199949847,0.364027913576535,86
1,9,0.884883578993805,0.335084742482653,86
4,9,0.700215477507389,0.145411165148025,86
3,9,0.744138001299751,0.595549701118177,86
2,9,0.652939899258079,0.754323951268746,86
5,9,0.633484961106149,0.507857860816687,86
1,10,0.871368469795939,0.867932264968332,86
4,10,0.669497655816024,0.657573270649418,86
3,10,0.736275877616741,0.44275930039706,86
2,10,0.671692385213183,0.708799631238696,86
5,10,0.628856003478264,0.408930011411729,86
1,11,0.8752346343995,0.832354991948273,86
4,11,0.692502777777939,0.626033529354552,86
3,11,0.707328351632562,0.765407101478179,86
2,11,0.667564652315252,0.728714581022991,86
5,11,0.623565593028984,0.514701243124034,86
1,12,0.874514463285234,0.875750913516987,86
4,12,0.677470040543868,0.431253900117816,86
3,12,0.756093980960942,0.0272611791804876,86
2,12,0.705614222320307,-0.0770183324914412,86
5,12,0.6276360557129,0.349828014772014,86
1,13,0.875001220345399,0.901704156894794,86
4,13,0.68387238193808,0.472453126831048,86
3,13,0.732758830075042,0.808221191190655,86
2,13,0.667693812865772,0.629124553760397,86
5,13,0.601293715358449,0.814658674418924,86
1,14,0.881026565127563,0.738915592801328,86
4,14,0.68395974131626,0.4904347569891,86
3,14,0.741488378060377,0.269345363887836,86
2,14,0.676406807374042,0.498503574235517,86
5,14,0.640628250893103,-0.0246347535039158,86
1,15,0.876293650572091,0.803849029937734,86
4,15,0.67420927497054,0.653406920619832,86
3,15,0.756314685414647,0.427448515021625,86
2,15,0.657180910518649,0.663536462256843,86
5,15,0.63833961710453,0.67672477846763,86
1,1,0.886444402070319,0.836650876398969,87
2,1,0.769235354731813,0.78554578392251,87
3,1,0.718940387899438,0.847997679547884,87
4,1,0.683208454178161,0.439160121834001,87
5,1,0.631531954536157,0.334345178679524,87
1,2,0.880605392960154,0.889953541273076,87
2,2,0.786263482220704,0.177641987765034,87
3,2,0.727599566965154,0.457028645071472,87
4,2,0.679166494855019,0.25144711717764,87
5,2,0.646210334210998,-0.0203129518512817,87
1,3,0.883117272927867,0.894732236008432,87
2,3,0.777160506656579,0.607094341536733,87
3,3,0.720988493146119,0.392610258758995,87
4,3,0.662001834634054,0.671212628949903,87
5,3,0.623203930656029,0.649639385280907,87
1,4,0.884956148438316,0.876426515460527,87
2,4,0.762881080161782,0.189878561966113,87
3,4,0.755267919249081,0.647459579970893,87
4,4,0.68057281232581,0.43285448145476,87
5,4,0.634646773977304,0.173794447401697,87
1,5,0.886390149342074,0.852089096649347,87
2,5,0.778707820507618,0.697683272573764,87
3,5,0.714054794681888,0.630124072763107,87
4,5,0.672443709227157,0.611881029367007,87
5,5,0.630157585081828,0.207882172075025,87
1,6,0.886111870505157,0.82114621969083,87
2,6,0.774174750851787,0.666291556272485,87
3,6,0.727478203642746,0.2984901986505,87
4,6,0.679576027211107,0.411968768327662,87
5,6,0.61755693363855,0.42335789809171,87
1,7,0.889900641474737,0.693779562240255,87
2,7,0.754841007509751,0.725120198275921,87
3,7,0.722614851089055,0.628544685752541,87
4,7,0.705521412754942,0.301882032252071,87
5,7,0.621382005734006,0.636942850286598,87
1,8,0.893384761211234,0.639794811454719,87
2,8,0.784660627144552,0.745423243680105,87
3,8,0.70687857725485,0.678630349908865,87
4,8,0.684824331950289,0.259053728404435,87
5,8,0.627093876779613,0.447886411436132,87
1,9,0.884339599192818,0.8895564988816,87
2,9,0.743941892053397,0.529272570060673,87
3,9,0.737287786522584,0.561862601623251,87
4,9,0.693263753890047,0.379047403386619,87
5,9,0.642251276264825,0.460951275718197,87
1,10,0.886836383188575,0.874400870638838,87
2,10,0.776067372963519,0.686928935698354,87
3,10,0.747573992027161,0.130154890771822,87
4,10,0.668848986707097,0.452633830404995,87
5,10,0.64095983032833,-0.220270579558099,87
1,11,0.882028168815602,0.918766013584058,87
2,11,0.758467966464662,0.610635182496955,87
3,11,0.728271724394297,0.703949965681598,87
4,11,0.68699460668894,0.615397625290135,87
5,11,0.626759368495941,0.601370901896062,87
1,12,0.886659105742873,0.834798308486133,87
2,12,0.781008947227753,0.427547869729325,87
3,12,0.71908885046194,0.749562442001777,87
4,12,0.671242737533683,0.520091664274925,87
5,12,0.623585227867915,0.400190778761136,87
1,13,0.882523675404684,0.930369550651056,87
2,13,0.761668412329928,0.633430703465044,87
3,13,0.732598048207645,0.228793816325294,87
4,13,0.681026048049002,0.428036916149157,87
5,13,0.659834420243008,-0.0701488229564559,87
1,14,0.895496558462154,0.293498810335554,87
2,14,0.800038485588964,0.610177341904003,87
3,14,0.700338381252541,0.643310069342951,87
4,14,0.701749124459969,0.382474300505652,87
5,14,0.634827873895182,0.274196412964055,87
1,15,0.88528020680222,0.908721328290646,87
2,15,0.78827554306957,0.608122351805366,87
3,15,0.708461862388391,0.513179988068041,87
4,15,0.681349027645314,0.404573127978383,87
5,15,0.630736029728115,0.586927101384714,87
1,1,0.86376655635863,0.844763157696622,88
4,1,0.669455345970025,0.535424561505977,88
2,1,0.69442772788112,0.804127746151561,88
3,1,0.69779630356172,0.220924754653594,88
5,1,0.593263812794885,0.0723874843499744,88
1,2,0.866406132692347,0.785262831156936,88
4,2,0.657992560482564,0.340915041225643,88
2,2,0.723882249390392,0.730008894701794,88
3,2,0.692669286119681,-0.00640276310788472,88
5,2,0.598680116741822,0.552538832012047,88
1,3,0.870792988920369,0.710950521744459,88
4,3,0.660393168190796,0.580444080329756,88
2,3,0.728820073025781,0.65189487545076,88
3,3,0.665895568391002,0.594759568242108,88
5,3,0.611326658048552,0.457599934046084,88
1,4,0.869936317983125,0.801464551955895,88
4,4,0.662498143453915,0.28458283213551,88
2,4,0.733294674461293,0.645734287043421,88
3,4,0.674954540677818,0.767376423165943,88
5,4,0.594698171240012,0.535359196862146,88
1,5,0.863071422664945,0.88482981199207,88
4,5,0.657150419272527,0.310582582476278,88
2,5,0.724434544647424,0.78528376293024,88
3,5,0.680643023603101,0.437064153429067,88
5,5,0.605564774175478,0.213669659189561,88
1,6,0.884030793228921,0.511842189516051,88
4,6,0.651442234982928,0.127039273229221,88
2,6,0.744433265919409,0.214553785552463,88
3,6,0.698395993363273,0.139132575467638,88
5,6,0.597108809895786,-0.117462770008762,88
1,7,0.870422249890179,0.813977244155498,88
4,7,0.642548423185034,0.675317424119306,88
2,7,0.749198747983948,0.219159944614363,88
3,7,0.680548391397748,0.654077783792918,88
5,7,0.604985247739271,0.1151406498454,88
1,8,0.863220527008504,0.902311882460461,88
4,8,0.647495533298619,0.630235756961057,88
2,8,0.738468161361194,0.39687019630063,88
3,8,0.692275054300433,0.636602158946006,88
5,8,0.594442788088392,0.34603958973068,88
1,9,0.861402631600228,0.924117995407782,88
4,9,0.649960002049956,0.850363543283617,88
2,9,0.70285316691507,0.85996765708876,88
3,9,0.687238729796232,0.725772019417915,88
5,9,0.598859237724435,0.494127515690257,88
1,10,0.861489519259561,0.883224923665085,88
4,10,0.654569181294768,-0.0213744368673676,88
2,10,0.720337493406888,0.809833013086551,88
3,10,0.693564353737261,0.554758802334529,88
5,10,0.597327778559409,0.0802242992118141,88
1,11,0.867677985474792,0.839030590605822,88
4,11,0.658790648411275,-0.0271358475339099,88
2,11,0.727476587401938,0.65552264786532,88
3,11,0.711019900567496,0.306730721970705,88
5,11,0.609062057656567,0.318728540360019,88
1,12,0.866868195730638,0.857129019931235,88
4,12,0.660350347086892,0.640118210279923,88
2,12,0.732664119237724,0.54133840587017,88
3,12,0.698161617669354,0.509970207018727,88
5,12,0.557160139351526,0.576535577511214,88
1,13,0.86464283946902,0.83667338511864,88
4,13,0.67178250240111,0.360885364562936,88
2,13,0.723184875093639,0.63393148058461,88
3,13,0.707303694328448,0.176498819402409,88
5,13,0.58847380251393,0.0192738970281836,88
1,14,0.858257312258453,0.960410765190046,88
4,14,0.650117314448851,0.698162161094201,88
2,14,0.729791236648464,0.526428928069464,88
3,14,0.698226487951938,0.582979589501309,88
5,14,0.597602922023443,0.531248565679023,88
1,15,0.857482354499018,0.93216498306797,88
4,15,0.639556583753687,0.613549072908719,88
2,15,0.714271301175491,0.744252199516198,88
3,15,0.684483241980994,0.532402160623787,88
5,15,0.627182636106689,-0.317244851336596,88
1,1,0.865632040649966,0.781323561288733,89
3,1,0.6676517703739,0.405863895576402,89
2,1,0.726810565735413,0.758215473420721,89
4,1,0.72038122765807,-0.0345724886269952,89
5,1,0.627696954239058,-0.0880256696772014,89
1,2,0.870091044531873,0.674854317693127,89
3,2,0.65294885165021,0.665258285074747,89
2,2,0.739568037817568,0.573235662796875,89
4,2,0.676266535487374,0.573444216086375,89
5,2,0.618178322192043,0.363464178474512,89
1,3,0.855141320257671,0.950511919133383,89
3,3,0.662361485841721,0.401145331309192,89
2,3,0.736387171532397,0.664620487690621,89
4,3,0.669057365907305,0.522052173318794,89
5,3,0.62217055818187,0.416129585545682,89
1,4,0.866253547245881,0.776075785832202,89
3,4,0.717600554646135,0.268187952475239,89
2,4,0.678452318300409,0.447093809974321,89
4,4,0.681226170726111,0.331435722457426,89
5,4,0.633240096271493,0.332014051158786,89
1,5,0.856784213752958,0.951762227615649,89
3,5,0.675039470979264,0.297654043429105,89
2,5,0.720385387548534,0.677820505247995,89
4,5,0.685707883147933,0.194397558086711,89
5,5,0.610095390448326,0.278239561525162,89
1,6,0.861566994327996,0.86552337516429,89
3,6,0.662176782228575,0.416085250414525,89
2,6,0.726970086648819,0.881312607086669,89
4,6,0.685214291355192,0.510789116347915,89
5,6,0.626288945504599,0.0762170196809364,89
1,7,0.86042778724579,0.826064099023901,89
3,7,0.706448024375023,0.223205539671822,89
2,7,0.66166474626753,0.831435214261889,89
4,7,0.683198861623678,0.361525290934524,89
5,7,0.606654314251023,0.390902977659902,89
1,8,0.858743052595333,0.914391132246312,89
3,8,0.679098022960955,0.31857528717688,89
2,8,0.728390918891409,0.480339277014144,89
4,8,0.69569980339187,0.301275832357662,89
5,8,0.622248356886657,0.555191308410092,89
1,9,0.870184605639844,0.760840690549651,89
3,9,0.678069979859257,0.47143325728461,89
2,9,0.723848962797364,0.70141013295144,89
4,9,0.680852811370511,0.395455752908846,89
5,9,0.616149871383229,0.492253567800643,89
1,10,0.868798162613376,0.772124892131554,89
3,10,0.659532131556936,0.581211195015481,89
2,10,0.736638225616744,0.799450978440349,89
4,10,0.668297999664437,0.528368353736138,89
5,10,0.629196979205372,0.164647149701079,89
1,11,0.863903852940847,0.86043903779815,89
3,11,0.6789199144694,0.20897464532789,89
2,11,0.722277189003033,0.567514549433657,89
4,11,0.665093208670733,0.358079719106096,89
5,11,0.618987751839535,0.239763354297297,89
1,12,0.869086457197257,0.771618564430646,89
3,12,0.669490810431182,0.4376217640447,89
2,12,0.736581947323809,0.365889379623499,89
4,12,0.67453201286542,0.159090950151106,89
5,12,0.616625647571711,0.622351729131515,89
1,13,0.862600679368424,0.883071392495197,89
3,13,0.66173640271139,0.712407111038431,89
2,13,0.736108681668498,0.514177122044429,89
4,13,0.681590320106675,0.553808321480811,89
5,13,0.630417228363811,0.169460452318152,89
1,14,0.856761471047665,0.943823714295523,89
3,14,0.706125373613268,0.47061232796204,89
2,14,0.669683274508245,0.684040219491622,89
4,14,0.64836350091053,0.396517767979654,89
5,14,0.603613856293414,0.530736445001931,89
1,15,0.882365274917249,0.256557644330659,89
3,15,0.685384058423176,0.158108734262781,89
2,15,0.729752376469541,0.55886423787993,89
4,15,0.693350971133296,0.422227010707616,89
5,15,0.60986912562989,0.524146815326426,89
1,1,0.87726142517331,0.745090002058742,90
3,1,0.726248237148041,0.453687282598731,90
2,1,0.790813612792711,0.897694710179916,90
5,1,0.678207614933824,0.541209456239272,90
4,1,0.67026991582307,0.428988691075062,90
1,2,0.870374736871884,0.83008679129645,90
3,2,0.770269572265948,0.571740063871064,90
2,2,0.752365459582479,0.783717878002042,90
5,2,0.674575967936657,0.617493833542409,90
4,2,0.682627486790269,0.531798381170024,90
1,3,0.879465436631166,0.680983688578366,90
3,3,0.786775068094598,0.332075647129446,90
2,3,0.731697493264056,0.605440067273303,90
5,3,0.710555586306635,0.134469900497662,90
4,3,0.701801712506831,0.265582010894824,90
1,4,0.868844650705463,0.890970282151778,90
3,4,0.799997564637289,0.603562087298819,90
2,4,0.715859090672263,0.739725911038265,90
5,4,0.668772272343754,0.540027633946452,90
4,4,0.707766425785674,-0.0205658131919525,90
1,5,0.870143887974891,0.908132632669915,90
3,5,0.774696580646089,0.644825567447908,90
2,5,0.729939607051527,0.634688402265981,90
5,5,0.679465279086162,0.606783264018527,90
4,5,0.681156122262753,0.738159005459462,90
1,6,0.87454741554702,0.838378800261309,90
3,6,0.789347410482461,0.382894046251864,90
2,6,0.731648912069304,0.64435693584902,90
5,6,0.682309323848729,0.609602151012692,90
4,6,0.696032885720298,0.347237399070051,90
1,7,0.876686050554257,0.680227739953087,90
3,7,0.772491043871318,0.359904097757619,90
2,7,0.750339128283158,0.578153056803987,90
5,7,0.676721895109387,0.157034966498849,90
4,7,0.682844082489626,0.67944591685263,90
1,8,0.87033542827085,0.872112739564304,90
3,8,0.737377196332297,0.681328626494017,90
2,8,0.773894196588361,0.68828580830864,90
5,8,0.679037968706425,0.618580598959605,90
4,8,0.665391076328684,0.686189875268322,90
1,9,0.870369638210172,0.887428086203079,90
3,9,0.793815165641661,0.777103313242077,90
2,9,0.724748437659093,0.309290712915289,90
5,9,0.686555549845766,0.0387562591394648,90
4,9,0.689827866625796,0.387141856920007,90
1,10,0.873049882587954,0.779473849719676,90
3,10,0.817077684560402,0.551856162540993,90
2,10,0.697338377321309,0.873306259746022,90
5,10,0.683220328319573,0.703466250745686,90
4,10,0.706686729556873,0.46312585458439,90
1,11,0.868152907542419,0.910262241211507,90
3,11,0.782386422134745,0.713587611097416,90
2,11,0.734135503834986,0.48187342910844,90
5,11,0.675424895557015,0.261767865486894,90
4,11,0.698147431386059,0.389751135079214,90
1,12,0.882040333220136,0.722350204688035,90
3,12,0.779245129400321,0.366103975067768,90
2,12,0.747547216347786,0.354545816342329,90
5,12,0.69001568143535,0.37991776650893,90
4,12,0.694464334600598,0.435335564503585,90
1,13,0.860618542695796,0.96217974334681,90
3,13,0.80856768434723,0.237616678367675,90
2,13,0.713942274513627,0.733337576839791,90
5,13,0.669670918130095,0.687830996336757,90
4,13,0.700902506245958,0.393326281058312,90
1,14,0.869840038671236,0.872792888201443,90
3,14,0.795820707590455,0.904014690743494,90
2,14,0.705975179475098,0.736310613531268,90
5,14,0.687228424132217,-0.0994983367832565,90
4,14,0.696014738566675,0.384198604278827,90
1,15,0.86675676813585,0.882003749448146,90
3,15,0.766735024965141,0.526078610857692,90
2,15,0.742189960783704,0.47836491342378,90
5,15,0.689532665528521,0.377766161691195,90
4,15,0.652366081241844,0.758061313718575,90
1,1,0.891091130481049,0.871146023829766,91
3,1,0.805884693628993,-0.117982103552055,91
2,1,0.797774665569086,0.550079112602081,91
4,1,0.692717411746396,0.553431899012815,91
5,1,0.720688402484468,-0.0555454504186558,91
1,2,0.893982351499453,0.866907656900577,91
3,2,0.832737277600563,0.396452978022665,91
2,2,0.770808533694938,0.562431505006082,91
4,2,0.709666433987196,0.262893306998938,91
5,2,0.684217616525686,-0.0262488307935755,91
1,3,0.893273826204326,0.805772946161966,91
3,3,0.824666340065778,0.486149567215934,91
2,3,0.784691424997523,0.708503483114879,91
4,3,0.700727458742308,0.708301079752938,91
5,3,0.666358877938948,0.571305156390232,91
1,4,0.890732178426142,0.897019336989247,91
3,4,0.835095917114593,0.669342603726304,91
2,4,0.762292508856522,0.663323014243029,91
4,4,0.701853054572218,0.671815629860184,91
5,4,0.703437301473822,0.396616719996193,91
1,5,0.892709954127054,0.90859461067285,91
3,5,0.826823414656539,0.54820042645859,91
2,5,0.776070094718807,0.618912262226443,91
4,5,0.710402750408002,0.137337998707762,91
5,5,0.722688600594909,0.175928915723082,91
1,6,0.898091144653788,0.688832668731958,91
3,6,0.829834664386808,0.371223854332694,91
2,6,0.7760420436625,0.752298500573877,91
4,6,0.67205468559511,0.7419329646658,91
5,6,0.706568363242269,0.677955080580115,91
1,7,0.890669973765144,0.861597663908368,91
3,7,0.830530084861637,0.831944113604483,91
2,7,0.752113246263589,0.505546324187017,91
4,7,0.710087807813651,0.132727663558218,91
5,7,0.690581757160848,0.262192748117237,91
1,8,0.889744485075113,0.876385667995823,91
3,8,0.838354072812114,0.619182371387901,91
2,8,0.761634410125348,0.391337291089923,91
4,8,0.691011396841549,0.531645657094641,91
5,8,0.706407207177372,0.454417665219032,91
1,9,0.891848182357402,0.85195240008406,91
3,9,0.79889114834628,0.537275390623814,91
2,9,0.804378506599916,0.585854648716563,91
4,9,0.727483729368882,0.0665843165736724,91
5,9,0.692149699451004,0.360074892305935,91
1,10,0.906915698708357,0.509529673298698,91
3,10,0.816092593153234,0.639549331118935,91
2,10,0.788408817906351,0.735616741838854,91
4,10,0.699780193368415,0.375018180589594,91
5,10,0.691725889809925,0.450222727010615,91
1,11,0.89480896725903,0.670453198216816,91
3,11,0.814793469698287,0.542019041026842,91
2,11,0.78344927279542,0.538118442306928,91
4,11,0.709272777834271,0.327537754389394,91
5,11,0.694902400485595,0.170326993329945,91
1,12,0.891066372173009,0.882607449623076,91
3,12,0.829671188740191,0.718254621458792,91
2,12,0.767272922072433,0.759467199079778,91
4,12,0.701018372866866,0.629263153203322,91
5,12,0.673382376253083,0.244724748777268,91
1,13,0.893421438642838,0.783643948452054,91
3,13,0.833968053739842,0.698952457464427,91
2,13,0.765728334801501,0.617660606675484,91
4,13,0.69691796956794,0.664721701128067,91
5,13,0.684906463424924,0.408599394635157,91
1,14,0.890615216393658,0.879386875435595,91
3,14,0.804335223355452,0.669366411991261,91
2,14,0.774047106657403,0.757806907128233,91
4,14,0.701842463993825,0.522181798523133,91
5,14,0.698036981026969,0.407452932112715,91
1,15,0.892886030056316,0.76764802166223,91
3,15,0.829138064447127,0.675868946050268,91
2,15,0.758770721264868,0.638481851400567,91
4,15,0.719051704623626,0.126244842222706,91
5,15,0.691779685249317,0.135441860310236,91
1,1,0.878766578822471,0.921732194957939,92
2,1,0.746743527510741,0.542271794410579,92
4,1,0.710100562771688,0.288145675725289,92
3,1,0.700608930055479,0.531248202858453,92
5,1,0.643803810757489,0.139788866916823,92
1,2,0.879364850447921,0.934863895837171,92
2,2,0.743991042251599,0.626714026718857,92
4,2,0.697864909799913,0.754825158523762,92
3,2,0.704967485031353,0.543697637475933,92
5,2,0.652834346472667,0.168900528037503,92
1,3,0.881765499451989,0.878727124631747,92
2,3,0.745253470608983,0.7409551907648,92
4,3,0.695483802105555,0.739775878339676,92
3,3,0.708616993839702,0.267582822819939,92
5,3,0.649490507978508,0.247946746514625,92
1,4,0.882124132978753,0.873107279443223,92
2,4,0.761188224176123,0.564840197830418,92
4,4,0.702002851554596,0.570138235983507,92
3,4,0.71955055307233,0.337089263310957,92
5,4,0.6585532735453,0.152696230132476,92
1,5,0.884539109635745,0.813352793632045,92
2,5,0.752204458089598,-0.36017823299371,92
4,5,0.74867221611217,-0.0666899287471249,92
3,5,0.700057841974466,0.441826469081125,92
5,5,0.648561321410863,0.121941450947169,92
1,6,0.887288896496567,0.786507422370086,92
2,6,0.772138976625053,0.631706627305532,92
4,6,0.703422095438605,0.49868531379559,92
3,6,0.694009926643137,0.520085570325462,92
5,6,0.623248529577174,0.662310123278362,92
1,7,0.883451169681344,0.879170111101902,92
2,7,0.756939179794772,0.719019285419128,92
4,7,0.697095897017497,0.592783422404571,92
3,7,0.700421875272903,0.378726185718295,92
5,7,0.643199188281629,-0.0979250020808507,92
1,8,0.885117116253312,0.81308826967831,92
2,8,0.76176745541919,0.630665316925654,92
4,8,0.69715990088531,0.69551898822621,92
3,8,0.694400244846606,0.556694367066077,92
5,8,0.637997073740148,0.671518175503992,92
1,9,0.885906859209877,0.826531907166036,92
2,9,0.757718228612414,0.595807537115599,92
4,9,0.699815414711499,0.505674904735679,92
3,9,0.705854839548587,0.498415892114884,92
5,9,0.633624689911865,0.254034309226033,92
1,10,0.878735152305841,0.925828230072537,92
2,10,0.758177884393576,0.31716240076299,92
4,10,0.711656593675975,0.423267083257626,92
3,10,0.703032208555478,0.462239584773078,92
5,10,0.644599782312032,0.559926706148852,92
1,11,0.887955761572709,0.824194175926978,92
2,11,0.755393490967663,0.619947080819503,92
4,11,0.713169380969163,0.0781014316927438,92
3,11,0.711770033912804,0.485258876911229,92
5,11,0.642028753135959,0.531059559426506,92
1,12,0.877534911766438,0.948673839916467,92
2,12,0.746623697011859,0.702926804754672,92
4,12,0.70936975852947,0.746365750974629,92
3,12,0.706367364576778,0.610677363965521,92
5,12,0.642581401626593,0.711482276566738,92
1,13,0.886949233356963,0.766232115378952,92
2,13,0.769162638505638,0.301314295936013,92
4,13,0.701324227092737,0.399044706591618,92
3,13,0.694617830942268,0.45961309274345,92
5,13,0.63662441089423,0.5256426174003,92
1,14,0.886464444580987,0.846509923811976,92
2,14,0.76266531317936,0.261737015317417,92
4,14,0.703937689849515,0.301458745252558,92
3,14,0.704654494043471,0.680411172507935,92
5,14,0.639350629620815,0.408922982675953,92
1,15,0.882658023657652,0.821585233217742,92
2,15,0.756835530725608,0.825985264597389,92
4,15,0.702122924500549,0.420506844552708,92
3,15,0.706376405286833,0.511453200630354,92
5,15,0.636082623320093,0.0100206431216258,92
1,1,0.880726383367297,0.765022819616379,93
2,1,0.742170781309447,0.79850224533474,93
3,1,0.7255679667901,0.523018274092891,93
4,1,0.714250145166442,0.70738480417534,93
5,1,0.686696436041216,0.308462592424183,93
1,2,0.872292038307882,0.936708558665108,93
2,2,0.760784351962816,0.54655503546617,93
3,2,0.739262893105505,-0.00210833114172098,93
4,2,0.706736854612474,0.570233286388897,93
5,2,0.69744862590153,0.29899315659972,93
1,3,0.876886126010667,0.827653528019457,93
2,3,0.766084446666341,0.166568111940413,93
3,3,0.722355783805916,0.426072143090546,93
4,3,0.712196673626845,0.601924939455276,93
5,3,0.680817383235108,0.46246694731509,93
1,4,0.883313856752411,0.739442059894245,93
2,4,0.740131123861897,0.593370907933929,93
3,4,0.738491573391832,0.611483279397192,93
4,4,0.690760068116202,0.676757172571911,93
5,4,0.694021339498215,0.49072244513266,93
1,5,0.881184192970051,0.771404285170579,93
2,5,0.740449116042922,0.695624576705414,93
3,5,0.745305079390655,0.204612510282727,93
4,5,0.681094498779705,0.531298498435259,93
5,5,0.685245461515513,0.571494708560539,93
1,6,0.879662684727985,0.88775137364985,93
2,6,0.75862811795024,0.728669014580791,93
3,6,0.718454795724114,0.467988043859901,93
4,6,0.715194313740465,0.353100997084088,93
5,6,0.679148717394709,0.327562546695399,93
1,7,0.885504755041627,0.749924464438592,93
2,7,0.759606690325612,0.123983956688289,93
3,7,0.722317669173199,0.676091818610675,93
4,7,0.726113916367479,0.320519009401295,93
5,7,0.675429083648984,0.550374214220894,93
1,8,0.873530570564123,0.951569078897881,93
2,8,0.765910163670118,0.348553233110021,93
3,8,0.704561232863838,0.842902323867915,93
4,8,0.708015145504153,0.455920502773553,93
5,8,0.697989116362086,0.218780506015662,93
1,9,0.880276759536658,0.881389224015892,93
2,9,0.761209260594341,0.748883663636979,93
3,9,0.711855410755758,0.369980335336986,93
4,9,0.719514570972504,0.450113424860485,93
5,9,0.679590661720814,0.238029950974091,93
1,10,0.88969042468725,0.781809757633014,93
2,10,0.738195795562569,0.449878483280442,93
3,10,0.743222511515674,0.481983303720773,93
4,10,0.724129393772755,0.463646420188329,93
5,10,0.681000844166448,0.52367188993796,93
1,11,0.878913078271777,0.907284960514869,93
2,11,0.751970654626261,0.300631572232764,93
3,11,0.744408002838355,0.586289967925764,93
4,11,0.720061787910504,0.313529954433181,93
5,11,0.654985074839527,0.617631544664448,93
1,12,0.874355726939638,0.931110938775736,93
2,12,0.753373360581328,0.64434899187548,93
3,12,0.723292432542711,0.689910189516931,93
4,12,0.710286905669041,0.48978184825801,93
5,12,0.663047979380806,0.835328297393309,93
1,13,0.874059663137224,0.920418864573411,93
2,13,0.75677087224112,0.696494022890971,93
3,13,0.724928572085756,0.381890830017323,93
4,13,0.704962289070636,0.650231175057395,93
5,13,0.689809940062695,0.595993719793764,93
1,14,0.880723277583678,0.77481404523472,93
2,14,0.745221532969864,0.626453761189522,93
3,14,0.72803696033266,0.484551024754929,93
4,14,0.711806478073945,0.622550987341922,93
5,14,0.690934195151901,-0.242671181439587,93
1,15,0.874349632517445,0.917235820864602,93
2,15,0.760219174023654,0.398575893479511,93
3,15,0.710949169098753,0.796419644697709,93
4,15,0.726284359741051,0.174399998747951,93
5,15,0.66625214415563,0.555647588017221,93
1,1,0.868811710954414,0.71145838898682,94
3,1,0.697305909957591,0.640677679323489,94
2,1,0.716982012625715,0.273522054005157,94
5,1,0.654660514309362,0.52181768953352,94
4,1,0.625906745601652,0.611606356730165,94
1,2,0.865844834091608,0.800875799182643,94
3,2,0.700425738868628,0.518856808706864,94
2,2,0.740866335616773,0.497486561638425,94
5,2,0.66501807973468,0.248646442319488,94
4,2,0.644028483488126,0.664219056257548,94
1,3,0.864981874614684,0.84923755046621,94
3,3,0.707618566402979,0.342702140577443,94
2,3,0.705184303300733,0.720481954021324,94
5,3,0.65580525548179,0.447714757588085,94
4,3,0.62006701725894,0.610972518918949,94
1,4,0.864474631020663,0.830119452682621,94
3,4,0.684922344913665,0.670607027886207,94
2,4,0.715975474470948,0.524609780654929,94
5,4,0.649720201954243,0.335192892270639,94
4,4,0.630046804254373,0.495065474339146,94
1,5,0.87140400228071,0.756773928826828,94
3,5,0.704292219887927,0.0527896266738297,94
2,5,0.735032915406478,0.662765280920886,94
5,5,0.652254765860645,-0.00436741154268921,94
4,5,0.617294218950161,0.456276858573738,94
1,6,0.865221694535963,0.843725405433597,94
3,6,0.677214139664615,0.881595264041298,94
2,6,0.728858873377898,0.429839453196454,94
5,6,0.636992044030843,0.58199742736306,94
4,6,0.634020196946586,0.433952391937966,94
1,7,0.862185131865598,0.868531466744929,94
3,7,0.708855482415092,0.411635125211935,94
2,7,0.725804212400113,0.640658490725902,94
5,7,0.639489197933351,0.480221643883602,94
4,7,0.643416955698034,0.289524903522967,94
1,8,0.8687820077863,0.746914092308281,94
3,8,0.689926778593792,0.369417577837465,94
2,8,0.744210693289901,0.410523991757971,94
5,8,0.664062701633755,-0.12471517671672,94
4,8,0.630753574442273,0.592594271448868,94
1,9,0.857181108628943,0.966363319911545,94
3,9,0.696747499870827,0.300082700452717,94
2,9,0.736361910823838,0.576377400342641,94
5,9,0.630701724973509,0.743000205245136,94
4,9,0.61974924333542,0.651755416355155,94
1,10,0.860212109947177,0.860316398118767,94
3,10,0.700103248905572,0.383927026204641,94
2,10,0.734078683682473,0.436611120747658,94
5,10,0.647939679763963,0.417696274664861,94
4,10,0.648092775292827,0.205663804354193,94
1,11,0.861859217207724,0.906733807788928,94
3,11,0.702965519785055,0.412044524988615,94
2,11,0.731683464908503,0.234614607813264,94
5,11,0.659189247190035,-0.0221033716646213,94
4,11,0.629330312694922,0.0461080222127728,94
1,12,0.870370293567458,0.696165899947779,94
3,12,0.708587483968891,0.21003054759097,94
2,12,0.713136776613805,0.681764063428023,94
5,12,0.659951784232954,0.341049791438382,94
4,12,0.620198855916109,0.811819571303462,94
1,13,0.868120206982023,0.799788087467889,94
3,13,0.68305392386704,0.671808963105183,94
2,13,0.721946621687018,0.638537683552061,94
5,13,0.636174275041852,0.646653342940526,94
4,13,0.639627669084901,0.616451260233027,94
1,14,0.860850298171893,0.86132857019446,94
3,14,0.691987901699854,0.663218554153335,94
2,14,0.744495788491161,0.377126614677735,94
5,14,0.644673940432167,-0.21926709092044,94
4,14,0.629865016920141,0.379587590830419,94
1,15,0.875353873634325,0.197641923713171,94
3,15,0.687183309749651,0.805935520142312,94
2,15,0.711963822768691,0.767506779007926,94
5,15,0.657968562464452,0.268700236660222,94
4,15,0.637067446129708,0.406002527603871,94
1,1,0.947755144694989,0.780832557936524,95
3,1,0.8867319608723,0.70272697997737,95
4,1,0.834790032096657,0.426502551377861,95
2,1,0.810362173424633,0.712333549919285,95
5,1,0.76975717874393,0.14218871408487,95
1,2,0.951276116037866,0.699661793360949,95
3,2,0.88528688276726,0.619605445482514,95
4,2,0.823317353597838,0.218218276473521,95
2,2,0.827527838662587,0.518084788012923,95
5,2,0.813072905073528,-0.264978711111707,95
1,3,0.946359032553064,0.831257811429416,95
3,3,0.897652401342296,0.279751136462184,95
4,3,0.82969847497007,0.371076197497998,95
2,3,0.817973723641497,0.676524153240979,95
5,3,0.779576408500795,0.101135949083997,95
1,4,0.94458801885016,0.92846410222685,95
3,4,0.888413336767576,0.568075600510052,95
4,4,0.82644063800961,0.384584750794415,95
2,4,0.829643352074926,0.655049629857871,95
5,4,0.771933863056301,0.471979746382011,95
1,5,0.943631266656252,0.925426781612741,95
3,5,0.894937896890533,0.337985141726181,95
4,5,0.822842841579421,0.227790343420711,95
2,5,0.830396580839241,0.565485875040388,95
5,5,0.779957975521702,0.267891441716013,95
1,6,0.947565271857429,0.872129328413223,95
3,6,0.885393153869125,0.689552097980867,95
4,6,0.8378554973435,0.255040256020126,95
2,6,0.822007422740698,0.515465937315712,95
5,6,0.781349641054315,0.237802974729286,95
1,7,0.944959444401412,0.90756654822683,95
3,7,0.88818138017312,0.703422261331259,95
4,7,0.843502886721407,0.0959308377201937,95
2,7,0.816777662884962,0.814472069146889,95
5,7,0.778617037204394,0.336959552163606,95
1,8,0.947938384893237,0.606630685747782,95
3,8,0.882158616914319,0.789694030145696,95
4,8,0.85109264613627,0.510981765318942,95
2,8,0.826820757011541,0.598832380582511,95
5,8,0.812094651851049,-0.282021138251301,95
1,9,0.943622528027945,0.894863698220333,95
3,9,0.889382251607372,0.517426488454727,95
4,9,0.837811914570616,0.387889276596704,95
2,9,0.798305033016531,0.572500614074913,95
5,9,0.784459684766154,0.17956141272292,95
1,10,0.941573072283606,0.971994410089106,95
3,10,0.889045968426715,0.507163434056302,95
4,10,0.823166264871423,0.142049214477762,95
2,10,0.82132659649135,0.889786505071634,95
5,10,0.777664227967287,0.476212347003692,95
1,11,0.946938946153144,0.891894216288185,95
3,11,0.880262739269988,0.611703179519019,95
4,11,0.833431650681786,0.613804566421897,95
2,11,0.834014697392264,0.551773481949341,95
5,11,0.774076697211113,0.545548645253839,95
1,12,0.944849818718916,0.893269032839282,95
3,12,0.885962854276509,0.695436587346234,95
4,12,0.835197695625701,0.24129351446777,95
2,12,0.809874836058647,0.635174791932065,95
5,12,0.794149388134479,-0.10045437808117,95
1,13,0.947722611888985,0.796145618878037,95
3,13,0.901097272728177,0.149361517844456,95
4,13,0.83379677952028,0.395229916205325,95
2,13,0.821436449797064,0.633156102387997,95
5,13,0.787160427496792,0.218336936009316,95
1,14,0.944998279555966,0.863905826546326,95
3,14,0.896661809678712,0.52768799886258,95
4,14,0.828289298935456,0.106422169628869,95
2,14,0.830990233907038,0.700496117621397,95
5,14,0.800576034627271,-0.183012007039456,95
1,15,0.953569247638072,0.319011257217343,95
3,15,0.890609129746764,0.547639698117021,95
4,15,0.844788173171403,0.129102547407068,95
2,15,0.816169260259317,0.602018967644129,95
5,15,0.774050550548583,0.568634496636388,95
1,1,0.910576068740281,0.62735007410295,96
2,1,0.767792813520688,0.0911738277888557,96
3,1,0.767470409947808,0.273209110436875,96
5,1,0.710818015689436,0.331632019793224,96
4,1,0.717332142126583,-0.0871326922029795,96
1,2,0.905582049905256,0.787762404639831,96
2,2,0.759985493115419,0.559709912617842,96
3,2,0.78604299573447,-0.210685406064633,96
5,2,0.72633259598794,0.142490903197396,96
4,2,0.70789979403784,0.534004571628671,96
1,3,0.898322744310735,0.849838845335937,96
2,3,0.765474256854787,0.730970727970803,96
3,3,0.76161366914472,0.784546816189107,96
5,3,0.706320764102317,0.75190185634858,96
4,3,0.678968953358105,0.807982052768299,96
1,4,0.896420357424518,0.897759492067856,96
2,4,0.762844542935843,0.481390134119952,96
3,4,0.77794912498509,0.317770450581638,96
5,4,0.709437609989883,0.273637843725557,96
4,4,0.692392615548131,0.317622765426417,96
1,5,0.898744811325626,0.907945610988406,96
2,5,0.774475270722976,0.156607301659912,96
3,5,0.762602962594402,0.771128123324716,96
5,5,0.728326230650819,0.083579959745033,96
4,5,0.704234664259434,0.329731102378229,96
1,6,0.896126356537081,0.927392933026632,96
2,6,0.764459629991748,0.397189132537999,96
3,6,0.767316849583399,0.417233699531772,96
5,6,0.701724528439105,0.547786285977887,96
4,6,0.704843900006974,0.420951141458933,96
1,7,0.900242602663867,0.846518379548483,96
2,7,0.751889015782181,0.745101487844091,96
3,7,0.765493161211728,0.641314348723952,96
5,7,0.704776290104345,0.541717445985133,96
4,7,0.694974915456917,0.333396978891576,96
1,8,0.897561498235512,0.912072145349716,96
2,8,0.76817551788133,0.576903682332472,96
3,8,0.752982539741522,0.690591872659668,96
5,8,0.720372715711993,0.2002795625775,96
4,8,0.679306049402923,0.590222755371735,96
1,9,0.898973368035821,0.906165316155438,96
2,9,0.79438728919714,0.537811613398344,96
3,9,0.760190756707188,0.105064333374266,96
5,9,0.715136362569129,0.12796351796454,96
4,9,0.730227135430655,0.0579651920853749,96
1,10,0.903736950942373,0.712874897735693,96
2,10,0.771075787133044,0.342006454540374,96
3,10,0.761402326097627,0.81546889372409,96
5,10,0.707673889315514,0.637215363642731,96
4,10,0.696918103794489,0.537989723959615,96
1,11,0.901247625592072,0.86747639534202,96
2,11,0.755089136579048,0.762463020502526,96
3,11,0.771155508990232,0.179380997451448,96
5,11,0.711288319882794,0.134296152583892,96
4,11,0.682232980525244,0.670871659543296,96
1,12,0.900648978422516,0.876176610299245,96
2,12,0.763422593660955,0.420397794106989,96
3,12,0.766082558046162,0.576349303068676,96
5,12,0.714144204061054,0.563424883752115,96
4,12,0.683212235448962,0.63892511256279,96
1,13,0.907421825166336,0.559005853898564,96
2,13,0.758293409674115,0.569396363074142,96
3,13,0.76638933663109,0.756250692623338,96
5,13,0.720490250188619,0.334572581004858,96
4,13,0.699905235461499,0.480410051277304,96
1,14,0.892735092937595,0.993224216397362,96
2,14,0.762853665080985,0.712144718951465,96
3,14,0.768022624921192,0.426914122095251,96
5,14,0.699917667182231,0.805161163039649,96
4,14,0.698090362187389,0.507076289957748,96
1,15,0.901415858649904,0.816750055482558,96
2,15,0.778577897552087,0.613890956856331,96
3,15,0.764211758044345,0.665214994838357,96
5,15,0.716007496433627,0.000100727627699704,96
4,15,0.692009951785941,0.636131283745161,96
1,1,0.891118075036509,0.931039614758191,97
2,1,0.826007217089591,0.726955497341368,97
3,1,0.760111202080232,0.473558251666976,97
5,1,0.691504206749321,0.676524654362791,97
4,1,0.711564864673282,0.188505519206569,97
1,2,0.89349189322627,0.931150070898526,97
2,2,0.824345450746505,0.760502192725372,97
3,2,0.756711015037678,0.467322564870156,97
5,2,0.694804689589291,0.457478523592973,97
4,2,0.705582609223746,-0.0830784143003582,97
1,3,0.898351813023387,0.876238228234421,97
2,3,0.820292013226215,0.875321072008097,97
3,3,0.753225035408447,0.406357040326089,97
5,3,0.700913018556517,0.353482425753236,97
4,3,0.71620898023723,0.0837018159890051,97
1,4,0.899705483481793,0.831467462088774,97
2,4,0.826246103702012,0.454442836132997,97
3,4,0.772074637666856,-0.0557010600741271,97
5,4,0.689437028935195,0.549823966054932,97
4,4,0.703029038824537,0.475405082031047,97
1,5,0.899824061170858,0.636696702055182,97
2,5,0.833210199400995,0.228348480490164,97
3,5,0.750892966606978,0.692331333759336,97
5,5,0.709508283248683,0.203031633834925,97
4,5,0.714636907613974,0.39184807097505,97
1,6,0.895568579571428,0.856157741125365,97
2,6,0.820517968912289,0.754561392273916,97
3,6,0.750347540903124,0.503074643888736,97
5,6,0.698094159274513,0.33758767847813,97
4,6,0.716167561593694,0.274516005324008,97
1,7,0.90054617790338,0.829527193011912,97
2,7,0.838389610564568,0.653306185674631,97
3,7,0.755127423767942,0.0828276369290446,97
5,7,0.699839421856335,0.064472363606806,97
4,7,0.706617198961726,0.670073720364621,97
1,8,0.898244941787233,0.823345256310972,97
2,8,0.839543246750496,0.0933497638204998,97
3,8,0.742426943960607,0.883897837449552,97
5,8,0.70466940952745,0.43614371692537,97
4,8,0.699880869112992,0.618144562246567,97
1,9,0.900026702487465,0.83939874380011,97
2,9,0.833976097398392,0.662391206482102,97
3,9,0.748323391887674,0.676296057152699,97
5,9,0.69449937563523,0.349299512417728,97
4,9,0.709400983161623,0.181971383002818,97
1,10,0.89370524048207,0.901430332181339,97
2,10,0.827303798400384,0.672778344238747,97
3,10,0.75684001811501,0.586857571201674,97
5,10,0.693374268131204,0.27827954084738,97
4,10,0.704392998268385,0.420262692736593,97
1,11,0.896574795502489,0.837489427994241,97
2,11,0.816777899048874,0.737083582066062,97
3,11,0.777506017361901,0.238738357612975,97
5,11,0.72036333080798,-0.176240798968503,97
4,11,0.717907589049435,0.138018444752313,97
1,12,0.906187942622354,0.670926222206957,97
2,12,0.835407979135886,0.136448150353023,97
3,12,0.737929127100067,0.844206389674143,97
5,12,0.687798393775291,0.53712414196637,97
4,12,0.70401125270704,0.409706106954636,97
1,13,0.891883280699595,0.886161008576426,97
2,13,0.831269705539699,0.464267093040859,97
3,13,0.751477596792019,0.473037105331805,97
5,13,0.701502159207994,0.500969048597384,97
4,13,0.701828058256636,0.543803531604532,97
1,14,0.894765316450713,0.851296554328282,97
2,14,0.83137188318306,0.835974678486602,97
3,14,0.749241290598533,0.63730711005332,97
5,14,0.703095226409228,0.306558452342495,97
4,14,0.695894690778595,0.741110290254254,97
1,15,0.896903332661164,0.739905081677119,97
2,15,0.821957114550083,0.777332345840838,97
3,15,0.74450277784527,0.740498130560933,97
5,15,0.688709847869786,0.418550888433667,97
4,15,0.708838796987328,0.643622748125013,97
1,1,0.880168305576072,0.865343747173586,98
2,1,0.743718720910831,0.426999922345895,98
3,1,0.71102214340937,0.695686192153243,98
5,1,0.676656536490685,0.623321729744987,98
4,1,0.707440905667171,0.00961437338634094,98
1,2,0.886212891286672,0.801855906400156,98
2,2,0.72420223705468,0.600196261317982,98
3,2,0.707600914214418,0.534565833602574,98
5,2,0.691169939003493,-0.503564499764532,98
4,2,0.715785164530984,0.5252178226841,98
1,3,0.883115800427344,0.847844181690029,98
2,3,0.767640722935978,0.510141696254342,98
3,3,0.687859772284694,0.705546712159104,98
5,3,0.679414251403055,0.114905969185074,98
4,3,0.707974540835715,0.0570336774674955,98
1,4,0.883535382962438,0.806597576658677,98
2,4,0.753923556955433,0.41090559194839,98
3,4,0.70293297986157,0.460102669105513,98
5,4,0.681883221249876,0.445641205025063,98
4,4,0.695261851142958,0.69727698214708,98
1,5,0.878216580285168,0.865004204382086,98
2,5,0.732702945153669,0.811273506314678,98
3,5,0.716178360143307,0.553293817302813,98
5,5,0.659163729516042,0.552328675832279,98
4,5,0.690447032537956,0.509869072319094,98
1,6,0.879988723993418,0.886406276046144,98
2,6,0.745481682465063,0.623567883001467,98
3,6,0.711268040127912,0.558894057068762,98
5,6,0.677860270937697,0.331577086641074,98
4,6,0.693363862839932,0.689854327755316,98
1,7,0.876987317717914,0.950039764615194,98
2,7,0.725752638343689,0.358305869461822,98
3,7,0.723825893172599,0.664678200829371,98
5,7,0.676630081312165,0.434693751443562,98
4,7,0.714520484833114,0.503776864544626,98
1,8,0.881060838981884,0.857473365624407,98
2,8,0.722267157634961,0.747164915917185,98
3,8,0.716051279398916,0.468855178246888,98
5,8,0.693050050010975,0.211702603985531,98
4,8,0.711284377084396,0.462234088954594,98
1,9,0.877274415460668,0.893799135727071,98
2,9,0.730097899643943,0.709509899457064,98
3,9,0.717241517292008,0.162402739667083,98
5,9,0.671569028308617,0.474201810437181,98
4,9,0.709953301884977,0.423968296656688,98
1,10,0.883298864819058,0.856250974301715,98
2,10,0.738627470175593,0.588645713199167,98
3,10,0.709415140975398,0.56310820098599,98
5,10,0.688518153654972,0.109031402200893,98
4,10,0.720117360825804,0.519827039563344,98
1,11,0.879963770524537,0.881118214967766,98
2,11,0.740967505241358,0.598397797747923,98
3,11,0.714970052275716,0.602674303252399,98
5,11,0.691154426643,0.291045592511903,98
4,11,0.717039553589119,0.365058851115057,98
1,12,0.884386185354696,0.77381748497091,98
2,12,0.748040543655592,0.203904941470882,98
3,12,0.721545936650916,0.144561788829032,98
5,12,0.670957855081323,0.365680572554429,98
4,12,0.728817765599111,0.0565891661498758,98
1,13,0.885560094990532,0.74604377610617,98
2,13,0.756136786825887,0.643637781088586,98
3,13,0.707793204903757,0.58034765123083,98
5,13,0.683255529037634,0.518841499247766,98
4,13,0.722184236823924,0.161253707348382,98
1,14,0.882031263071174,0.791967505125747,98
2,14,0.725237776971667,0.846890782589034,98
3,14,0.689588606299051,0.550283014846947,98
5,14,0.685670142510654,0.318208383819418,98
4,14,0.698949834036005,0.695403841991066,98
1,15,0.882876121228148,0.812800925597662,98
2,15,0.734107258516104,0.902748542875206,98
3,15,0.696990155572896,0.644569432886853,98
5,15,0.679640278460863,0.558456373112684,98
4,15,0.708946138900586,0.223076313664207,98
1,1,0.875598148562063,0.806882689049352,99
2,1,0.73612704547856,0.437832821383145,99
3,1,0.726813651937395,0.797998471490481,99
4,1,0.725272501633697,0.708767838894043,99
5,1,0.626753077064279,0.692362549557345,99
1,2,0.869892998522267,0.892575357466002,99
2,2,0.728793212488208,0.648927674176147,99
3,2,0.730048610074421,0.075501207063209,99
4,2,0.746352755848532,0.382728282145776,99
5,2,0.631659459344967,0.576659046780759,99
1,3,0.874287636315702,0.809314762148388,99
2,3,0.734140972696586,0.672031385276039,99
3,3,0.726216565886182,0.582064594578415,99
4,3,0.74131587930071,0.420401280115962,99
5,3,0.63865388328297,-0.0310154504669413,99
1,4,0.873610442454349,0.82816944339698,99
2,4,0.724868641019128,0.54753358462255,99
3,4,0.700364179276204,0.563389338916075,99
4,4,0.734448795624442,0.676478703909057,99
5,4,0.649044129684624,0.507037915582105,99
1,5,0.88062182017613,0.759588870973915,99
2,5,0.729775038099897,0.427793305452371,99
3,5,0.728153055192423,0.70992249033011,99
4,5,0.716128106878227,0.432321976573086,99
5,5,0.670709026954699,0.250397947908685,99
1,6,0.864504360777119,0.932672661449633,99
2,6,0.726171747734802,0.499945908375426,99
3,6,0.730496688185371,0.340820940250913,99
4,6,0.724595475397738,0.675647554785757,99
5,6,0.646218194566409,0.283584890494691,99
1,7,0.871830586406504,0.864425985609103,99
2,7,0.721689576313677,0.533702374868478,99
3,7,0.7291593961221,0.279102097436824,99
4,7,0.757987147444031,0.247479736744856,99
5,7,0.650759221801376,0.373113057428523,99
1,8,0.873936632377239,0.863848817867558,99
2,8,0.735882216175886,0.768009957691844,99
3,8,0.72284444493695,0.347172138596673,99
4,8,0.714232364667064,0.594380585129327,99
5,8,0.656280128586908,0.336395725069633,99
1,9,0.874654825251659,0.841643112790248,99
2,9,0.719783899702316,0.69397225343308,99
3,9,0.727054506507147,0.371046227067177,99
4,9,0.738679382170585,0.572831991994394,99
5,9,0.644401907483652,0.586008041689306,99
1,10,0.8735587242823,0.870581593391874,99
2,10,0.739117633564685,0.473472740734176,99
3,10,0.70510183204619,0.541007620854414,99
4,10,0.738735903869472,0.122606882727031,99
5,10,0.644327810655376,0.725764389804309,99
1,11,0.8749315268893,0.873360489668322,99
2,11,0.73299272525681,0.646523728644333,99
3,11,0.728163095202887,0.671753211514254,99
4,11,0.72845244904724,0.760236857486636,99
5,11,0.647487423411716,0.150785868220181,99
1,12,0.879750420185715,0.660884351254553,99
2,12,0.722534868018654,0.594712693188565,99
3,12,0.708242069998642,0.468584022835484,99
4,12,0.733044634702791,0.545737251258037,99
5,12,0.671845654614021,0.517452479663337,99
1,13,0.882058456490785,0.66599152089134,99
2,13,0.727878127234662,0.295135642282755,99
3,13,0.717208419783298,0.375421402807242,99
4,13,0.73002013087388,0.341735656183061,99
5,13,0.653560575676085,0.378938610167858,99
1,14,0.873426632065184,0.857863358057764,99
2,14,0.734626818394321,0.457710920998455,99
3,14,0.710955724702756,0.5140344095287,99
4,14,0.724308690411029,-0.195471613700944,99
5,14,0.65320265434512,0.507900441261286,99
1,15,0.873631610667187,0.851725970690055,99
2,15,0.742930314275076,0.620797419679374,99
3,15,0.689291192934049,0.579198139130367,99
4,15,0.72943899475369,0.391605477509537,99
5,15,0.679391545583203,0.130488326482365,99
1,1,0.879785285403107,0.810911247300641,100
3,1,0.747546896989356,0.495474560884704,100
2,1,0.733345219363247,0.8833316274667,100
5,1,0.654931959494467,0.462623999360033,100
4,1,0.635020698974581,0.304942212356397,100
1,2,0.874888588007484,0.815522059279699,100
3,2,0.735616801044439,0.463953644189565,100
2,2,0.780082455062212,0.490575898362627,100
5,2,0.667682858642803,0.117472606360679,100
4,2,0.607309765424756,0.590831310119068,100
1,3,0.872344761168178,0.859104785059801,100
3,3,0.735095865262028,0.418542527673205,100
2,3,0.780748415233561,0.696390281491049,100
5,3,0.65466073473374,0.29186866338387,100
4,3,0.629433491985659,0.359080376466354,100
1,4,0.88494196910636,0.658672788143217,100
3,4,0.736972574930034,0.267969908760444,100
2,4,0.780983489897474,0.194677239610396,100
5,4,0.640885613072228,0.406422052552366,100
4,4,0.626185322667569,0.610790973341858,100
1,5,0.867397801948164,0.918351808495334,100
3,5,0.72778708191762,0.543985092329423,100
2,5,0.78744103915973,0.623251605634457,100
5,5,0.69275478047739,0.160475726927985,100
4,5,0.611259851005131,0.175932662004656,100
1,6,0.868196749254469,0.909619021808667,100
3,6,0.732805650137015,0.665316009530888,100
2,6,0.77060840712209,0.816833883143129,100
5,6,0.659061122663392,0.0420120998461146,100
4,6,0.619529594420997,0.513311152159863,100
1,7,0.873432266558341,0.839434568693006,100
3,7,0.721373657003644,0.593477647765727,100
2,7,0.77837815993967,0.449479771625074,100
5,7,0.636330564654446,0.688871511934026,100
4,7,0.632863142646025,0.462479964466846,100
1,8,0.869746305834865,0.909533299559758,100
3,8,0.711921127180288,0.680174694300246,100
2,8,0.773565024090296,0.79534559774114,100
5,8,0.659344038090693,0.349911038758528,100
4,8,0.615495701095949,0.405497829168582,100
1,9,0.872624626493039,0.879100717580479,100
3,9,0.730773041080668,0.519707394523414,100
2,9,0.759331317955685,0.728193588487614,100
5,9,0.654283790592118,0.834734831104576,100
4,9,0.616981714838534,0.237633723296555,100
1,10,0.876584614702403,0.772442408264906,100
3,10,0.738991925194959,0.414334139669535,100
2,10,0.773305643298403,0.759160875108462,100
5,10,0.654730507447158,0.198667061095764,100
4,10,0.63222509442188,0.467019248142794,100
1,11,0.874134857890611,0.852733800075576,100
3,11,0.743309757302019,0.65284635776362,100
2,11,0.759681643749546,0.414568475423669,100
5,11,0.651994583702031,0.592780777619778,100
4,11,0.613602956790197,0.389766800711098,100
1,12,0.880729931888465,0.574965389208451,100
3,12,0.731863571365467,0.579661414283064,100
2,12,0.778921444987269,0.749914842685174,100
5,12,0.651667215313275,0.433883898096033,100
4,12,0.639048455012415,-0.0713247967038195,100
1,13,0.866012748487655,0.867548713204644,100
3,13,0.730446445989657,0.161888148565437,100
2,13,0.782263701376262,0.0672154992967902,100
5,13,0.628231283204672,0.52029662986349,100
4,13,0.638742485505719,0.760808102051696,100
1,14,0.872903216285086,0.696610498495549,100
3,14,0.747537405479387,0.108834576683219,100
2,14,0.788328363876335,0.404566344025226,100
5,14,0.667380416919847,0.130183139357523,100
4,14,0.634996868202207,0.0983788752854725,100
1,15,0.87651786940501,0.835754274970931,100
3,15,0.737067853592679,0.223799296281863,100
2,15,0.785273550373787,0.78094820402452,100
5,15,0.658797179599767,-0.0779162802330963,100
4,15,0.646385848604351,0.0495289557557282,100
