canonical_direction,fold,shuffle_id,tau_D
1,1,1,3.9364051649616
1,1,2,4.030851113864009
1,1,3,3.9386815856777218
1,1,4,3.9013005751811343
1,1,5,4.009139515771498
1,1,6,3.851485387681128
1,1,7,4.113162887468027
1,1,8,3.908611517583096
1,1,9,4.2400750886082665
1,1,10,4.1384035154518255
1,1,11,4.069396250532813
1,1,12,3.9521183672207876
1,1,13,3.789650526374664
1,1,14,4.05579430120416
1,1,15,3.9924553208120073
1,1,16,3.954055670183265
1,1,17,3.969849325287712
1,1,18,3.9736472342817453
1,1,19,3.950453005861011
1,1,20,4.0608886406116715
1,1,21,3.9382500705988717
1,1,22,4.13907387004475
1,1,23,4.0598050570652076
1,1,24,3.903210873454784
1,1,25,3.9538695549339193
1,1,26,3.902503330029808
1,1,27,3.922735668424959
1,1,28,4.010862743765985
1,1,29,3.847761095854615
1,1,30,3.962912481404496
1,1,31,3.8708385687339866
1,1,32,3.938368188618913
1,1,33,4.109418895140656
1,1,34,3.938593295982501
1,1,35,3.855217064524692
1,1,36,3.9620983621056927
1,1,37,3.9765108783567684
1,1,38,3.9234423042945106
1,1,39,3.972023096174325
1,1,40,3.9760163247548874
1,1,41,3.94655416368284
1,1,42,3.8821255041027074
1,1,43,3.9342342623614357
1,1,44,3.9868454436274403
1,1,45,3.972029864023852
1,1,46,3.7988954977621274
1,1,47,4.002629087915602
1,1,48,3.9102325146525785
1,1,49,3.7757377300724477
1,1,50,3.9336713185208647
1,1,51,3.960054528665789
1,1,52,4.03288275042625
1,1,53,3.8925589463981054
1,1,54,3.9956488298699777
1,1,55,4.0740459424552355
1,1,56,4.133594723785169
1,1,57,4.066295999999982
1,1,58,3.8451454924871786
1,1,59,3.9884771414108844
1,1,60,3.9001738592817117
1,1,61,4.058037687766384
1,1,62,4.051145160539213
1,1,63,4.126920614450128
1,1,64,3.9981883442028923
1,1,65,4.04445364300936
1,1,66,4.114849516091199
1,1,67,4.08803868606136
1,1,68,3.853260639013185
1,1,69,3.9555636625106394
1,1,70,3.9765232311380925
1,1,71,3.9846801577152435
1,1,72,3.930781714940296
1,1,73,4.06386138794756
1,1,74,3.9526242530370572
1,1,75,3.939596114077131
1,1,76,4.106668262361451
1,1,77,3.9195646329923037
1,1,78,4.006269036924539
1,1,79,3.8799340303175245
1,1,80,4.049965292252749
1,1,81,4.042804604646192
1,1,82,3.8655386124786673
1,1,83,3.954510511562214
1,1,84,4.038017053015762
1,1,85,4.0611386878729645
1,1,86,4.048453282448832
1,1,87,4.054613914535374
1,1,88,4.116280723092476
1,1,89,4.006442047154711
1,1,90,4.023394613277902
1,1,91,3.884662261828618
1,1,92,4.0235527639599145
1,1,93,3.999016223039203
1,1,94,4.09184086386402
1,1,95,3.936174132193065
1,1,96,4.069482077951828
1,1,97,3.906019384324348
1,1,98,3.9119895567454943
1,1,99,4.02691153532607
1,1,100,3.924325065110797
1,2,1,3.9528592927855715
1,2,2,4.048243978793676
1,2,3,3.9357632866581054
1,2,4,3.911793498881051
1,2,5,4.108728866794523
1,2,6,3.882994906489731
1,2,7,4.041898511402376
1,2,8,3.9344575169437097
1,2,9,4.1345013670609525
1,2,10,4.114190123667942
1,2,11,4.172866116954384
1,2,12,3.9771224506606857
1,2,13,4.008480094788988
1,2,14,3.9499370266943523
1,2,15,4.070472547207998
1,2,16,3.975582549126146
1,2,17,3.997661484921138
1,2,18,3.9478197571930713
1,2,19,4.059773644394709
1,2,20,4.142207936061376
1,2,21,3.8942976515345085
1,2,22,4.079312841378924
1,2,23,3.934343732629989
1,2,24,3.8916328615728544
1,2,25,4.0677384888640145
1,2,26,3.9619222489876216
1,2,27,3.9180784585464457
1,2,28,4.053791653132991
1,2,29,3.8758885674552115
1,2,30,3.989962538416437
1,2,31,3.9408493588554774
1,2,32,4.001056186967175
1,2,33,4.052653540068185
1,2,34,3.9117244223678376
1,2,35,3.912776259697329
1,2,36,4.043880002877218
1,2,37,3.988179656756172
1,2,38,3.93539119442665
1,2,39,3.889387618925808
1,2,40,3.9651344739982837
1,2,41,3.97657622101448
1,2,42,3.9147637129688593
1,2,43,4.006074294064337
1,2,44,4.049687505701181
1,2,45,4.013348103740391
1,2,46,3.8102670815217135
1,2,47,4.040808807757876
1,2,48,3.868151539908324
1,2,49,3.883605149030245
1,2,50,3.971654224317974
1,2,51,3.928490510869542
1,2,52,4.031952971334176
1,2,53,3.94034353623186
1,2,54,3.882934149829475
1,2,55,3.9618063035485687
1,2,56,4.079828827791983
1,2,57,4.11013747021525
1,2,58,4.00304748508097
1,2,59,3.924776302855892
1,2,60,3.998435102301762
1,2,61,4.006032217231444
1,2,62,3.9470669778345857
1,2,63,4.020803201992737
1,2,64,4.016999176736984
1,2,65,4.00693732507457
1,2,66,4.089096794543877
1,2,67,3.9368341917625385
1,2,68,3.911497338181987
1,2,69,4.013784011988472
1,2,70,3.892840336263823
1,2,71,4.046641627610806
1,2,72,4.0873596713022105
1,2,73,3.9854593312020348
1,2,74,3.950181268329051
1,2,75,3.8736759241794196
1,2,76,3.96438997628941
1,2,77,4.016473488704153
1,2,78,4.012455885070315
1,2,79,3.828023948156408
1,2,80,4.052645661391719
1,2,81,3.9539942683290614
1,2,82,3.8609182083333113
1,2,83,3.951618856777461
1,2,84,4.100439156383199
1,2,85,4.029635386082693
1,2,86,4.1326113395673305
1,2,87,3.9511558742540274
1,2,88,4.159866923540055
1,2,89,3.989517129102709
1,2,90,4.044828058716941
1,2,91,3.924091264972273
1,2,92,4.099612449488479
1,2,93,4.0465493327472215
1,2,94,4.089444554401103
1,2,95,3.882100141943703
1,2,96,4.066101030743819
1,2,97,3.9326422399296406
1,2,98,3.9469380661231597
1,2,99,4.01919395423059
1,2,100,3.8476893348784857
1,3,1,3.9807697079603437
1,3,2,4.048432600330342
1,3,3,4.018579082747211
1,3,4,3.96488161402386
1,3,5,4.026251460411312
1,3,6,3.8475404568946794
1,3,7,4.1016530493392995
1,3,8,3.9251248960464418
1,3,9,4.0943743477728
1,3,10,4.07304710539215
1,3,11,4.217293460837584
1,3,12,3.922857106724184
1,3,13,3.897646576513187
1,3,14,4.066469587169634
1,3,15,4.026487860187537
1,3,16,3.9641708335997228
1,3,17,3.982865480072457
1,3,18,4.044610625692657
1,3,19,3.9179627535698796
1,3,20,4.066407235187545
1,3,21,3.9688719492220637
1,3,22,4.135222136562226
1,3,23,4.0866188053601755
1,3,24,3.889517606191355
1,3,25,4.101762435102298
1,3,26,3.9029556774829177
1,3,27,3.953615199701607
1,3,28,4.070184542945442
1,3,29,3.935378416719922
1,3,30,3.9390415769927265
1,3,31,3.913594080456068
1,3,32,3.9204832175511326
1,3,33,4.0331192375852405
1,3,34,3.901768444906199
1,3,35,3.8904488594415745
1,3,36,4.0366332754155865
1,3,37,4.069299179720802
1,3,38,3.87561019794327
1,3,39,3.9588197411551334
1,3,40,3.944231851129561
1,3,41,4.099433080402808
1,3,42,3.910226646525981
1,3,43,4.02652039370202
1,3,44,4.021751136668783
1,3,45,4.0423531058184015
1,3,46,3.7722613546461923
1,3,47,4.028071746110401
1,3,48,3.9573848444160142
1,3,49,3.8582650940430248
1,3,50,3.9886764591858372
1,3,51,3.965507729965869
1,3,52,4.074851140505111
1,3,53,3.9804045649509656
1,3,54,4.11265348247015
1,3,55,4.251311745151316
1,3,56,4.111650041826507
1,3,57,4.055212726555822
1,3,58,4.0433709506074
1,3,59,4.008026628729734
1,3,60,3.901779134057929
1,3,61,4.052958060368688
1,3,62,4.067797395886605
1,3,63,4.163750600117213
1,3,64,3.9667030630328006
1,3,65,3.987259951939449
1,3,66,4.020946774136799
1,3,67,4.1088896479646015
1,3,68,3.9095102891090976
1,3,69,4.070534643915168
1,3,70,4.006359753676451
1,3,71,4.023132164801773
1,3,72,4.065168860400674
1,3,73,4.032220627397695
1,3,74,3.9983067416346834
1,3,75,4.065794072623596
1,3,76,4.05842797580988
1,3,77,3.950679434729311
1,3,78,4.06726452040706
1,3,79,3.9586449718669883
1,3,80,4.095702604646189
1,3,81,3.9571772398230896
1,3,82,3.889671027227179
1,3,83,4.015960505914299
1,3,84,4.040555551896835
1,3,85,4.044068650149176
1,3,86,4.0007380438512214
1,3,87,3.9876348819799583
1,3,88,4.132845854060083
1,3,89,3.9101484531649433
1,3,90,4.073768388480382
1,3,91,3.9792282254901834
1,3,92,4.037825137361447
1,3,93,4.052704144021726
1,3,94,4.018519975436898
1,3,95,3.851294747282579
1,3,96,3.994773937766401
1,3,97,3.9861846060315336
1,3,98,4.010024019980797
1,3,99,3.939938797900661
1,3,100,3.9458704934462596
1,4,1,3.9121283759590475
1,4,2,4.0199195967071475
1,4,3,3.915072524083512
1,4,4,3.915914969895544
1,4,5,4.1207601787084185
1,4,6,3.8571446707160755
1,4,7,4.1295236369352075
1,4,8,3.9734136230285535
1,4,9,4.157916687340155
1,4,10,4.174406976875527
1,4,11,4.217792881393845
1,4,12,3.9563602143009287
1,4,13,3.8527936296888035
1,4,14,4.212558432384902
1,4,15,4.022756486732725
1,4,16,3.9847876949594854
1,4,17,4.092379299339309
1,4,18,3.907313111999125
1,4,19,4.124779410592501
1,4,20,4.05032934681372
1,4,21,4.001800527493593
1,4,22,4.091687098358902
1,4,23,3.981321646579274
1,4,24,3.8814031501491493
1,4,25,4.239892838182009
1,4,26,4.0273958115409
1,4,27,3.9814007185102267
1,4,28,4.081880157875109
1,4,29,3.863467174872097
1,4,30,3.957582732470141
1,4,31,4.005190960038356
1,4,32,3.971960718190526
1,4,33,4.06817682257032
1,4,34,3.901233810208847
1,4,35,3.8361942666772926
1,4,36,3.9836977376917972
1,4,37,3.9187359522591403
1,4,38,3.8974254746909285
1,4,39,4.058631032129144
1,4,40,3.8937209161870956
1,4,41,3.942959180360165
1,4,42,3.8901322704070576
1,4,43,4.013246795982499
1,4,44,3.9436896606457617
1,4,45,3.933908894341409
1,4,46,3.915338019501253
1,4,47,3.9484370237105657
1,4,48,4.009931942828206
1,4,49,3.8573377422740593
1,4,50,3.994518069639801
1,4,51,3.92652603287508
1,4,52,4.032249835677743
1,4,53,3.9535164432544523
1,4,54,3.9503805198742326
1,4,55,3.938612917785574
1,4,56,4.137729238118074
1,4,57,4.1114441896312695
1,4,58,3.978984695225896
1,4,59,3.9321616227088234
1,4,60,3.9631465799765233
1,4,61,3.992361563778756
1,4,62,3.93840139396843
1,4,63,4.0681076949594965
1,4,64,3.9896662537830205
1,4,65,3.963083262894259
1,4,66,4.043934985560501
1,4,67,3.971428273976952
1,4,68,3.845172317615057
1,4,69,4.006027914268961
1,4,70,3.9755485471547116
1,4,71,4.001968923966317
1,4,72,4.053006502664096
1,4,73,4.089832586103998
1,4,74,3.9981140230711616
1,4,75,3.9635990258951215
1,4,76,4.018315971920278
1,4,77,4.010062763160682
1,4,78,3.9964328194799434
1,4,79,3.934759097826058
1,4,80,4.036804750106546
1,4,81,4.066737408514488
1,4,82,3.9545241022484947
1,4,83,3.911007456148726
1,4,84,4.042954445066057
1,4,85,4.031761136029404
1,4,86,4.068852684036633
1,4,87,4.061395497868706
1,4,88,4.103356973518742
1,4,89,3.9884600567987842
1,4,90,4.089642245151312
1,4,91,3.94726907699274
1,4,92,4.010424560901524
1,4,93,3.987018756553701
1,4,94,4.129855453591212
1,4,95,3.909085820705428
1,4,96,4.082345185368715
1,4,97,3.913680773710539
1,4,98,3.882760201673032
1,4,99,3.981886688672198
1,4,100,3.8546119254582
1,5,1,4.106496198955661
1,5,2,4.145295657928388
1,5,3,4.035945961210555
1,5,4,4.0382058362105635
1,5,5,4.4253432062020455
1,5,6,4.0234248701513025
1,5,7,4.1930655902067215
1,5,8,4.099271814045176
1,5,9,4.185340849211411
1,5,10,4.203880426470582
1,5,11,4.1586979410698985
1,5,12,4.001585873028551
1,5,13,4.078816470694785
1,5,14,4.316363689258291
1,5,15,4.1369059078750885
1,5,16,4.004647821664516
1,5,17,4.105481347985936
1,5,18,4.084458460251479
1,5,19,4.191608810581844
1,5,20,4.159574871856347
1,5,21,4.0191389189045035
1,5,22,4.119007873081839
1,5,23,4.045061820971843
1,5,24,3.9862505491794407
1,5,25,4.335425402653455
1,5,26,4.103780290068181
1,5,27,4.060632276694361
1,5,28,4.306632174339304
1,5,29,3.94930709585462
1,5,30,4.0830888515025565
1,5,31,4.081684925564788
1,5,32,4.04967878596547
1,5,33,4.101101136508945
1,5,34,3.882333437713107
1,5,35,3.894314006180707
1,5,36,4.068121047900671
1,5,37,4.019956919011073
1,5,38,3.9194181645886337
1,5,39,4.050441403292827
1,5,40,3.9469996819586295
1,5,41,4.032888941975692
1,5,42,3.916964465046871
1,5,43,4.100822507885747
1,5,44,4.038629704283868
1,5,45,4.03892696222292
1,5,46,3.887529053761699
1,5,47,4.300135629582262
1,5,48,4.069120237265543
1,5,49,3.933552655317541
1,5,50,4.107434535645776
1,5,51,4.032104246749774
1,5,52,4.104163810315426
1,5,53,4.027723941869126
1,5,54,4.250079652387036
1,5,55,4.073107796728462
1,5,56,4.32243888331202
1,5,57,3.9382532046568364
1,5,58,4.0965174526854184
1,5,59,4.077497004262552
1,5,60,4.072353348998276
1,5,61,4.176103159047293
1,5,62,3.988891076992741
1,5,63,4.225044750745944
1,5,64,4.153248975170489
1,5,65,4.090250983002972
1,5,66,4.225401103740387
1,5,67,4.11125301332053
1,5,68,3.9726041585144776
1,5,69,4.18674002722718
1,5,70,4.083206128143637
1,5,71,4.184629475063926
1,5,72,4.197339424765555
1,5,73,4.322009402333758
1,5,74,4.079647804187962
1,5,75,3.9835044027599973
1,5,76,4.121412209558815
1,5,77,4.02906915238702
1,5,78,4.07769261205242
1,5,79,4.0767097076406555
1,5,80,4.055358924872109
1,5,81,4.103241708120205
1,5,82,3.9113535575980185
1,5,83,4.009457118925811
1,5,84,4.103034264919007
1,5,85,4.197053528559244
1,5,86,4.065866342870825
1,5,87,4.064058752717381
1,5,88,4.131593863064774
1,5,89,4.0442830784846375
1,5,90,4.157027322410473
1,5,91,3.905904450340983
1,5,92,4.120240420769383
1,5,93,4.087737569693087
1,5,94,4.147149938032819
1,5,95,3.9835696637361253
1,5,96,4.094781417679032
1,5,97,3.89467756015555
1,5,98,3.941737636668778
1,5,99,3.9690955912723602
1,5,100,3.9246930658034698
1,6,1,4.099736353953523
1,6,2,3.974158766410898
1,6,3,3.8836758424445508
1,6,4,3.8918804136828404
1,6,5,4.083287522644913
1,6,6,3.8418815034100313
1,6,7,4.202066932384912
1,6,8,3.8839542914535214
1,6,9,4.24582871488704
1,6,10,4.024420331095465
1,6,11,4.029880534473563
1,6,12,3.959812436860609
1,6,13,3.8970174295609237
1,6,14,4.165270411551567
1,6,15,4.020983281436476
1,6,16,3.9452381435954544
1,6,17,3.9499537453111553
1,6,18,3.902193168691362
1,6,19,4.022564864290268
1,6,20,4.093667138693519
1,6,21,3.957530309143208
1,6,22,4.084710223465465
1,6,23,3.8464828556585435
1,6,24,3.8998459268968144
1,6,25,4.019721932438172
1,6,26,3.996982157821799
1,6,27,3.927155491634685
1,6,28,3.985896381500426
1,6,29,3.9039154622229035
1,6,30,4.054883285858902
1,6,31,3.9548677338022036
1,6,32,3.8108352705136133
1,6,33,4.02242939423485
1,6,34,3.9259266141836946
1,6,35,3.939755891357609
1,6,36,4.035503989769803
1,6,37,4.016994298806473
1,6,38,3.9002211939471056
1,6,39,3.9282343294969926
1,6,40,3.9528103175617817
1,6,41,3.864231056319243
1,6,42,3.9407345266410743
1,6,43,3.9174510321291267
1,6,44,4.007655585464611
1,6,45,4.029584707001261
1,6,46,3.8652374797527407
1,6,47,4.043179191442879
1,6,48,3.8726984838554586
1,6,49,3.732109019075007
1,6,50,4.08451160960144
1,6,51,3.8652432267156516
1,6,52,4.132551917945443
1,6,53,3.893775950660669
1,6,54,4.048999365302625
1,6,55,3.9397590175830963
1,6,56,4.076233236306472
1,6,57,3.9500857293797607
1,6,58,3.941784149403215
1,6,59,3.9527057187233328
1,6,60,3.9141433036551088
1,6,61,4.003060503250205
1,6,62,3.8960369185315087
1,6,63,4.142106100863163
1,6,64,3.8858521283567544
1,6,65,4.048867153079692
1,6,66,4.059525700394267
1,6,67,4.0447182328963995
1,6,68,3.9041794747975063
1,6,69,4.011800469948842
1,6,70,3.9362213701513062
1,6,71,3.993671380541326
1,6,72,4.017289111359754
1,6,73,3.9921647723252285
1,6,74,3.993401981138086
1,6,75,3.936192496483347
1,6,76,3.963083780051127
1,6,77,3.883478943627422
1,6,78,4.01837664023869
1,6,79,3.9797092476022797
1,6,80,4.138523908034942
1,6,81,3.9843696002237725
1,6,82,3.8773479747442243
1,6,83,3.972928797953947
1,6,84,3.994022338874668
1,6,85,3.9707972258098763
1,6,86,4.057947590419841
1,6,87,3.996271268542193
1,6,88,3.97920478623187
1,6,89,3.895063512414722
1,6,90,4.1016072310848175
1,6,91,3.9321357137148087
1,6,92,3.9902378497442292
1,6,93,3.978003696344833
1,6,94,3.8678220058610044
1,6,95,3.8715290170502756
1,6,96,4.027248531010217
1,6,97,3.7668958042412353
1,6,98,3.9988157862851503
1,6,99,4.0252750816815714
1,6,100,3.8053238252344226
1,7,1,3.9310675401747317
1,7,2,4.069364688832047
1,7,3,3.9127459787403764
1,7,4,3.9450914789002347
1,7,5,4.126531024882755
1,7,6,3.9039484774616056
1,7,7,4.145323680360183
1,7,8,4.028356645034092
1,7,9,4.144988948422848
1,7,10,4.115524254155999
1,7,11,4.104781290867427
1,7,12,3.9412005169970037
1,7,13,4.062717699595043
1,7,14,4.218964200713974
1,7,15,4.1476889022804615
1,7,16,3.962059562393414
1,7,17,4.045330428228898
1,7,18,4.047108987478672
1,7,19,4.097625975863169
1,7,20,4.103405214247649
1,7,21,3.987618595694787
1,7,22,4.097597799605702
1,7,23,4.01377974872121
1,7,24,3.8855124455988603
1,7,25,4.247204539482093
1,7,26,4.136878865942014
1,7,27,3.932335241741244
1,7,28,4.122292438086102
1,7,29,4.002597985720361
1,7,30,4.0065417512787604
1,7,31,4.005341468776634
1,7,32,3.968477175245094
1,7,33,4.022582487745083
1,7,34,3.9465105457160927
1,7,35,3.875752915814127
1,7,36,4.039559934089917
1,7,37,4.0435720246696505
1,7,38,3.9489573644500986
1,7,39,4.025665042998704
1,7,40,3.9224663953004835
1,7,41,3.9271791714620425
1,7,42,4.0473323190004225
1,7,43,4.040053169490599
1,7,44,4.123823860613798
1,7,45,4.023273439205013
1,7,46,3.90743242897482
1,7,47,3.976695035112953
1,7,48,3.95801094575872
1,7,49,3.8073429922207893
1,7,50,4.041484448689242
1,7,51,3.9514771315004005
1,7,52,4.1162787424872125
1,7,53,4.0519830661231735
1,7,54,3.992172286231868
1,7,55,4.04472171898976
1,7,56,4.213320692934786
1,7,57,4.073417266783872
1,7,58,3.969177536711409
1,7,59,3.9775256191389325
1,7,60,3.93189600756603
1,7,61,4.0394490548806274
1,7,62,4.043122145780041
1,7,63,4.15258637803707
1,7,64,3.9504396793478103
1,7,65,3.94688666682649
1,7,66,4.01487255258949
1,7,67,4.035238347719503
1,7,68,3.9498932620417535
1,7,69,4.051632249413886
1,7,70,3.9700227697143875
1,7,71,4.14985857528771
1,7,72,4.0619854515664935
1,7,73,4.10795625708652
1,7,74,3.924527511881898
1,7,75,4.08702863235292
1,7,76,4.03761179140024
1,7,77,4.067887116528122
1,7,78,4.007376774030243
1,7,79,3.9982180437979333
1,7,80,4.068296770087364
1,7,81,4.133069026054989
1,7,82,3.9613609112851567
1,7,83,3.9713183521952002
1,7,84,4.101098988277924
1,7,85,4.052200882299648
1,7,86,4.124248071451387
1,7,87,4.032309298380217
1,7,88,4.114043872442438
1,7,89,4.014052475543463
1,7,90,4.057481682011919
1,7,91,3.995508494298795
1,7,92,4.05711126262786
1,7,93,4.0098008117007575
1,7,94,4.0674511368286375
1,7,95,3.847578128516589
1,7,96,4.1648552255967655
1,7,97,3.885718868659392
1,7,98,4.073072777280463
1,7,99,4.0137524015345125
1,7,100,3.997606792732293
1,8,1,3.940304875159819
1,8,2,4.03540628873614
1,8,3,3.921292164055806
1,8,4,3.9443178457480683
1,8,5,4.150849695918566
1,8,6,3.8708056892582796
1,8,7,4.1417117617753645
1,8,8,3.929912686114644
1,8,9,4.204092617327363
1,8,10,4.01340890222718
1,8,11,4.204379079070753
1,8,12,4.073295614556679
1,8,13,3.8854580551470272
1,8,14,4.232973244138949
1,8,15,4.081995473412178
1,8,16,4.003670856990601
1,8,17,3.979036443094624
1,8,18,4.008589581681578
1,8,19,4.096029389705873
1,8,20,4.101767468510226
1,8,21,4.024654211583536
1,8,22,4.208592604859331
1,8,23,3.9691832465366375
1,8,24,3.916231783248052
1,8,25,4.148926073103149
1,8,26,4.009813815217369
1,8,27,3.958813369831615
1,8,28,4.089741821078434
1,8,29,3.9950906718883044
1,8,30,4.025193621163672
1,8,31,3.9446621411977714
1,8,32,3.9741992571930846
1,8,33,3.947464453537907
1,8,34,3.9147866961316935
1,8,35,3.826809944426654
1,8,36,4.071115173966309
1,8,37,4.012098299126167
1,8,38,3.913329841432192
1,8,39,3.899176138800065
1,8,40,3.9360690059675796
1,8,41,3.9434808110080715
1,8,42,3.9228577493605927
1,8,43,3.9887764368073104
1,8,44,3.9957297499466993
1,8,45,3.985876085411321
1,8,46,3.9049207575660496
1,8,47,4.062886426896837
1,8,48,3.925322029251894
1,8,49,3.866309798273633
1,8,50,4.061739678015758
1,8,51,3.9537445228580257
1,8,52,4.066998871376808
1,8,53,3.983253790281318
1,8,54,3.9695020919117443
1,8,55,4.054327939311583
1,8,56,4.110021187499996
1,8,57,4.069767046515334
1,8,58,3.9837003022698045
1,8,59,4.039398046941575
1,8,60,3.9449664511934857
1,8,61,4.051002551044309
1,8,62,4.036838628889587
1,8,63,4.170912290068191
1,8,64,3.9709653178282043
1,8,65,4.023416199648324
1,8,66,4.170931437872954
1,8,67,4.05104327989128
1,8,68,3.96044280685207
1,8,69,4.1820964787404025
1,8,70,3.9555010408141262
1,8,71,4.077198829017464
1,8,72,4.166579302855927
1,8,73,4.048752092764276
1,8,74,3.9658591374147236
1,8,75,4.002239848412165
1,8,76,3.9848925983588903
1,8,77,4.0367987838341675
1,8,78,3.994275132033229
1,8,79,4.021093570545595
1,8,80,4.065564727248482
1,8,81,3.967119724584395
1,8,82,3.9076106403985373
1,8,83,3.895349450713951
1,8,84,4.041874704337158
1,8,85,4.057713534580133
1,8,86,3.96851697895351
1,8,87,4.065111855392151
1,8,88,4.146067617860171
1,8,89,3.9419155924445617
1,8,90,4.099561580136391
1,8,91,4.019114978740395
1,8,92,4.0325333030690365
1,8,93,3.9483139484228285
1,8,94,4.023223847186685
1,8,95,3.9472452469096044
1,8,96,4.049886715846112
1,8,97,3.929805439791111
1,8,98,4.012134737798356
1,8,99,4.008178142316696
1,8,100,3.9275285923912797
1,9,1,3.9061958013639937
1,9,2,4.099534957427532
1,9,3,4.055083591805178
1,9,4,3.991519407875098
1,9,5,4.145591506606979
1,9,6,3.9610272870310976
1,9,7,3.9417790021845547
1,9,8,4.044689718829917
1,9,9,4.134793326566487
1,9,10,4.166539326832898
1,9,11,4.247426568041338
1,9,12,3.964763256500416
1,9,13,4.002446853793671
1,9,14,4.316067790601018
1,9,15,4.150195051843551
1,9,16,4.020647335837575
1,9,17,3.9919980766730534
1,9,18,3.9378412118499297
1,9,19,4.01118956399189
1,9,20,4.098879398657288
1,9,21,4.106928903612528
1,9,22,4.10090822842071
1,9,23,4.007270855871674
1,9,24,3.9083623241154846
1,9,25,4.073188980978249
1,9,26,4.017687149616351
1,9,27,4.017767735933506
1,9,28,4.07921576097614
1,9,29,4.029034827365717
1,9,30,4.020919232949695
1,9,31,4.017075571824363
1,9,32,3.84276744714405
1,9,33,4.074246715100157
1,9,34,3.969752573156423
1,9,35,3.843436748348226
1,9,36,4.180642983748921
1,9,37,4.0432099739450065
1,9,38,3.8746578711103647
1,9,39,3.9345671102408137
1,9,40,3.9662305355391996
1,9,41,3.9989691018755176
1,9,42,3.9555535819479766
1,9,43,4.016612669650449
1,9,44,3.990337734494871
1,9,45,4.182488300618058
1,9,46,3.8592186984761025
1,9,47,4.08634886748721
1,9,48,3.949295028452662
1,9,49,3.8509232292199234
1,9,50,4.218548617167513
1,9,51,3.847621261828617
1,9,52,4.057916792039647
1,9,53,4.048335899616356
1,9,54,3.9228429033993746
1,9,55,4.010122741474844
1,9,56,3.9249956516943585
1,9,57,4.061140650522155
1,9,58,3.906352519501254
1,9,59,3.998108593616774
1,9,60,3.9997435980924627
1,9,61,4.034510034047301
1,9,62,4.051179430786437
1,9,63,4.132693971707154
1,9,64,4.073942648710567
1,9,65,4.04538048113809
1,9,66,4.119540491528103
1,9,67,4.052679520353775
1,9,68,3.888157375426228
1,9,69,4.05204506031541
1,9,70,3.9668280669224103
1,9,71,3.9865010801896785
1,9,72,4.154859102621478
1,9,73,4.050952345641498
1,9,74,4.041349205189665
1,9,75,4.074733462862305
1,9,76,4.064092135070322
1,9,77,3.935211830029815
1,9,78,4.013527448955649
1,9,79,3.88886533818198
1,9,80,4.123388181585667
1,9,81,4.051859900788569
1,9,82,4.002917790920714
1,9,83,4.018971577418993
1,9,84,3.993123720961204
1,9,85,4.056106860720371
1,9,86,3.995957832853774
1,9,87,4.098477978580569
1,9,88,4.081799625852497
1,9,89,4.0110874250319535
1,9,90,4.183206922261297
1,9,91,3.9499313267263245
1,9,92,4.053775934622746
1,9,93,4.011742058184127
1,9,94,4.153299674552435
1,9,95,3.936978044437314
1,9,96,3.982863371536647
1,9,97,3.917592776268095
1,9,98,3.9584167085997177
1,9,99,4.01441266187126
1,9,100,3.9155067135016757
1,10,1,4.044062371057101
1,10,2,4.055458117007662
1,10,3,3.8962347308716687
1,10,4,3.8592273411125113
1,10,5,3.906537122282583
1,10,6,3.796759005967584
1,10,7,4.111621161498297
1,10,8,3.9375428953537766
1,10,9,4.123981902813287
1,10,10,4.159333167252766
1,10,11,4.1412188308290645
1,10,12,3.851452511508919
1,10,13,3.881263954496986
1,10,14,4.169968670875948
1,10,15,4.09094345982522
1,10,16,4.005793020513614
1,10,17,3.936760152600154
1,10,18,3.799121661764677
1,10,19,4.020710216751907
1,10,20,4.077267916293687
1,10,21,3.9321353285379197
1,10,22,4.109819958333332
1,10,23,4.0106773372762
1,10,24,3.848410309196472
1,10,25,4.07346842396632
1,10,26,3.9796693873614473
1,10,27,3.858822822303897
1,10,28,3.9799578933823545
1,10,29,3.7968682681159187
1,10,30,4.001287107629997
1,10,31,4.0028235632459355
1,10,32,3.978172988757455
1,10,33,3.9619648403132754
1,10,34,3.921021310315408
1,10,35,3.8463122384910227
1,10,36,4.000098343456931
1,10,37,3.9949571713554883
1,10,38,3.8947904567348326
1,10,39,4.01429536056051
1,10,40,3.8909105616474586
1,10,41,3.902097384803898
1,10,42,3.91068530541345
1,10,43,3.9440682140344956
1,10,44,3.9169908073848885
1,10,45,3.9280588827791756
1,10,46,3.7980667720588013
1,10,47,4.070459067881495
1,10,48,3.930193112212251
1,10,49,3.727042459985068
1,10,50,3.896540482043878
1,10,51,3.9108546447676606
1,10,52,4.057958593350379
1,10,53,4.018282895780039
1,10,54,3.97889027568199
1,10,55,3.9802602833546374
1,10,56,4.109362706628303
1,10,57,4.031257703751052
1,10,58,3.8940080842391023
1,10,59,4.015623916613357
1,10,60,3.906440904518285
1,10,61,3.983426271845677
1,10,62,4.015899968297089
1,10,63,4.149145017263421
1,10,64,3.835141670609521
1,10,65,4.025167508152157
1,10,66,3.9033277330029397
1,10,67,3.9942274216218836
1,10,68,3.83341799643007
1,10,69,4.078890716378939
1,10,70,3.95898716671993
1,10,71,4.012170988650883
1,10,72,4.099314525362314
1,10,73,3.9776137652386905
1,10,74,3.9381542506393545
1,10,75,3.9062785077791724
1,10,76,4.0350104722932505
1,10,77,3.945996899243366
1,10,78,3.927018736253169
1,10,79,3.957130800138519
1,10,80,3.9605974745310855
1,10,81,3.9927586603793563
1,10,82,3.8071897105178807
1,10,83,3.9042967280477074
1,10,84,3.9702400683077483
1,10,85,4.033531396206299
1,10,86,4.047096975223758
1,10,87,3.914502560848233
1,10,88,4.036642538096739
1,10,89,3.893723259963737
1,10,90,4.050604683290695
1,10,91,3.875678955562633
1,10,92,3.956516806958633
1,10,93,3.98997172858055
1,10,94,3.9685605733162634
1,10,95,3.879364089940292
1,10,96,3.9837477554880567
1,10,97,3.862569720375071
1,10,98,3.939353555040462
1,10,99,4.0197429004155865
1,10,100,3.8550461621376524
1,11,1,4.050159735080976
1,11,2,3.956631746962891
1,11,3,3.8893533607203454
1,11,4,3.952269779251903
1,11,5,4.0115529303601685
1,11,6,3.9145279835357787
1,11,7,4.093139161285161
1,11,8,4.013904536658131
1,11,9,4.243209068840572
1,11,10,4.193335375426246
1,11,11,4.048857802802641
1,11,12,3.948614732363573
1,11,13,3.9096546406649377
1,11,14,4.075280125639374
1,11,15,4.170112989556681
1,11,16,4.0330823597612735
1,11,17,3.942518888107402
1,11,18,4.031630319746367
1,11,19,4.005881402067331
1,11,20,4.091568013320539
1,11,21,4.014838387201607
1,11,22,4.096905034899827
1,11,23,3.9893858078644397
1,11,24,3.858299848145744
1,11,25,4.233532803282179
1,11,26,3.92565624637678
1,11,27,3.9586062936380952
1,11,28,4.036278756766834
1,11,29,3.8989634911018407
1,11,30,4.030080922794106
1,11,31,4.015651472026837
1,11,32,3.9861138773976887
1,11,33,4.011446966325645
1,11,34,3.8653139647271724
1,11,35,3.9189519544969933
1,11,36,4.037118642156842
1,11,37,3.9569249638213866
1,11,38,3.9218053345055006
1,11,39,3.990083043957782
1,11,40,3.9379618619991263
1,11,41,3.9361921004368976
1,11,42,3.9268400587702335
1,11,43,3.9500706142369713
1,11,44,4.0176112731244515
1,11,45,3.998545883098874
1,11,46,3.871244302376357
1,11,47,4.021228230978258
1,11,48,3.955614419916864
1,11,49,3.8180357983802025
1,11,50,4.038112636135963
1,11,51,3.879408545875929
1,11,52,4.024959152014052
1,11,53,3.9533765121483095
1,11,54,3.9969219384590637
1,11,55,4.091864380008515
1,11,56,4.108288397485078
1,11,57,3.992875643542184
1,11,58,3.8787541934142937
1,11,59,3.949171555413427
1,11,60,4.001260818680707
1,11,61,4.161315641943719
1,11,62,3.9369342068414097
1,11,63,4.023462735240817
1,11,64,4.015054385230169
1,11,65,3.9847001180200134
1,11,66,4.144469042838855
1,11,67,3.9682127440856494
1,11,68,3.8618852512254596
1,11,69,3.9858148662617126
1,11,70,4.035269175191798
1,11,71,4.083922848252332
1,11,72,4.092316524190109
1,11,73,4.13367746137042
1,11,74,4.029892412297501
1,11,75,4.087124723838432
1,11,76,4.078953772005531
1,11,77,4.016698499520442
1,11,78,3.9848328338661343
1,11,79,3.920535429827338
1,11,80,4.029057385230164
1,11,81,4.091777846760436
1,11,82,3.9680921823316226
1,11,83,3.935232553601841
1,11,84,3.9838101393861796
1,11,85,4.083607944479966
1,11,86,4.015849330615922
1,11,87,4.046141860720371
1,11,88,4.095063037830334
1,11,89,3.894907379315831
1,11,90,4.054231848731862
1,11,91,3.885603334985051
1,11,92,4.000217408834167
1,11,93,4.090054477994449
1,11,94,4.0969714828431325
1,11,95,3.91277527834609
1,11,96,3.996393416506813
1,11,97,3.8406266502024446
1,11,98,4.008100169916864
1,11,99,3.922979649190088
1,11,100,3.88657652424337
1,12,1,3.919357258258709
1,12,2,4.048691970694785
1,12,3,3.900762766624014
1,12,4,3.950809677802627
1,12,5,4.095006508631697
1,12,6,3.8583018509164195
1,12,7,4.141646132193095
1,12,8,3.950202688032798
1,12,9,4.171503779891298
1,12,10,4.180799386082684
1,12,11,4.057754468829914
1,12,12,3.9209905346333866
1,12,13,3.925076819320095
1,12,14,4.21314601007032
1,12,15,4.03532950671354
1,12,16,3.9097823902919573
1,12,17,4.0431290891410905
1,12,18,3.8690911543584536
1,12,19,3.9950208042412445
1,12,20,4.067468311807326
1,12,21,3.915989955189664
1,12,22,4.102927133312007
1,12,23,3.9931292137681025
1,12,24,3.8411131361359416
1,12,25,3.9580807663576176
1,12,26,4.030836351982077
1,12,27,3.89183403889597
1,12,28,4.015638862478688
1,12,29,3.8570704746376494
1,12,30,3.9570789703750853
1,12,31,3.927247677323076
1,12,32,4.063077930573314
1,12,33,4.015717893488906
1,12,34,3.96256196526
1,12,35,3.871493275895118
1,12,36,4.0354842373721045
1,12,37,3.9361506424765405
1,12,38,3.880729049605677
1,12,39,3.982092893861879
1,12,40,3.875064013480365
1,12,41,3.9155720959079026
1,12,42,3.872329150681985
1,12,43,4.077652104006795
1,12,44,3.9903935897271845
1,12,45,3.9956350064471313
1,12,46,3.8297069530050876
1,12,47,4.0375970823742495
1,12,48,3.9309703353047505
1,12,49,3.8003250178495116
1,12,50,3.9379058857096982
1,12,51,3.8535210973997986
1,12,52,4.150292719309463
1,12,53,3.974444687606548
1,12,54,4.08182879156009
1,12,55,4.075011415014914
1,12,56,4.135927651268114
1,12,57,4.011543796835015
1,12,58,3.9625383070119122
1,12,59,4.000322796675174
1,12,60,3.8910053787829937
1,12,61,4.055774816602707
1,12,62,4.003968115622324
1,12,63,4.027166677642784
1,12,64,4.036949599797513
1,12,65,3.905285789855046
1,12,66,4.001096400575412
1,12,67,4.014086580136385
1,12,68,3.8690699958972443
1,12,69,4.010099113650885
1,12,70,3.9280628268328845
1,12,71,4.092631322037497
1,12,72,3.9894716129049286
1,12,73,4.024472724904089
1,12,74,4.01446785523229
1,12,75,3.9968854048912887
1,12,76,3.9926006691709115
1,12,77,3.9363405732629744
1,12,78,4.036183588181999
1,12,79,3.9666182129155807
1,12,80,4.058676718616773
1,12,81,4.070385778239554
1,12,82,3.8454430425191575
1,12,83,3.9724942499999805
1,12,84,4.044963566336304
1,12,85,3.9914437541559997
1,12,86,3.99826429214618
1,12,87,3.967193462702456
1,12,88,4.05685709244457
1,12,89,3.8792114376065343
1,12,90,4.099455180626587
1,12,91,3.8789003643435365
1,12,92,3.993200641464179
1,12,93,4.022489998188393
1,12,94,4.090561063778765
1,12,95,3.9099825377770396
1,12,96,4.015257059995731
1,12,97,3.864908144714378
1,12,98,3.9426911807864164
1,12,99,4.01692897767475
1,12,100,3.8540837133418306
1,13,1,4.0019776118925625
1,13,2,4.0214855270673375
1,13,3,3.940473933503805
1,13,4,3.9149892406223152
1,13,5,3.9818719627557333
1,13,6,3.917147697836713
1,13,7,4.168673346707155
1,13,8,3.9685342436594113
1,13,9,4.249578771898971
1,13,10,4.179458185315425
1,13,11,4.187940563352509
1,13,12,3.974736238277909
1,13,13,3.910593810688377
1,13,14,4.296886728367426
1,13,15,4.154146469629138
1,13,16,3.9755593897058645
1,13,17,4.0193875850383565
1,13,18,3.8643276673060227
1,13,19,4.029448382459497
1,13,20,4.054443903719092
1,13,21,3.980576589940309
1,13,22,4.11026044906223
1,13,23,3.972110562872962
1,13,24,3.8659686551043984
1,13,25,4.231211550937761
1,13,26,4.077437121430076
1,13,27,3.9969193649296617
1,13,28,4.0347625447570294
1,13,29,3.9264247352408064
1,13,30,3.9497982474424354
1,13,31,4.000279961210556
1,13,32,4.026199570971855
1,13,33,4.220989441549442
1,13,34,3.930327711157268
1,13,35,3.8839242106777245
1,13,36,4.012094632939026
1,13,37,4.00789876795609
1,13,38,3.9380899040387565
1,13,39,3.9847019511402237
1,13,40,3.9486943174552205
1,13,41,3.899333039428789
1,13,42,3.8934665381500215
1,13,43,4.044662905051125
1,13,44,4.068791113277913
1,13,45,4.059873655424112
1,13,46,3.88254970987849
1,13,47,4.048939866794542
1,13,48,3.9557648156969103
1,13,49,3.814411386881907
1,13,50,4.004442757193081
1,13,51,3.9676685136402114
1,13,52,4.07701895721441
1,13,53,3.944662030637229
1,13,54,3.931508494192224
1,13,55,4.082720621376803
1,13,56,4.16399333407928
1,13,57,4.039809082107821
1,13,58,3.9559407612425224
1,13,59,4.018525526054956
1,13,60,3.975846220002102
1,13,61,4.078860492966733
1,13,62,4.007371232203736
1,13,63,4.030666536391717
1,13,64,4.040087819533235
1,13,65,4.0613755835464485
1,13,66,4.188460368979088
1,13,67,4.076953185421977
1,13,68,3.9029192472825835
1,13,69,4.079816373614653
1,13,70,4.039473065110805
1,13,71,4.083429262681147
1,13,72,4.062877167519169
1,13,73,4.023568027546882
1,13,74,4.067249457001259
1,13,75,3.9748074715472934
1,13,76,3.991912975383616
1,13,77,4.002618831575002
1,13,78,4.050876007033229
1,13,79,3.9217864275362073
1,13,80,4.011161877131266
1,13,81,4.082620715526427
1,13,82,3.9650361397591642
1,13,83,4.016784272964601
1,13,84,4.03646187201618
1,13,85,4.122311519661135
1,13,86,4.061936178974825
1,13,87,4.0639830828537855
1,13,88,4.123324207374241
1,13,89,3.9654435971866824
1,13,90,4.0147464783674165
1,13,91,3.8826893592284457
1,13,92,4.0239365835997285
1,13,93,3.9190840734228227
1,13,94,4.039450774243379
1,13,95,3.846896337436033
1,13,96,4.020963658621049
1,13,97,3.9325858468137023
1,13,98,3.922134548753164
1,13,99,3.995000978047727
1,13,100,3.8484594791666407
1,14,1,3.9386956476448995
1,14,2,4.032377363384478
1,14,3,3.9374628787830015
1,14,4,3.9351301209505287
1,14,5,4.151720367433915
1,14,6,3.907825134644047
1,14,7,4.174018094789007
1,14,8,4.003429333759588
1,14,9,4.251527957320978
1,14,10,4.111366004315847
1,14,11,4.263019508791548
1,14,12,4.014575227355059
1,14,13,3.9399688500639156
1,14,14,4.210842444479955
1,14,15,4.126877937926246
1,14,16,3.9548064161871026
1,14,17,4.032186453537926
1,14,18,4.003481354646194
1,14,19,4.04022961674125
1,14,20,4.027743809569471
1,14,21,4.026280340206724
1,14,22,4.099426985080983
1,14,23,3.9694374218350235
1,14,24,3.9269777658247755
1,14,25,4.095759829337159
1,14,26,3.9564930092177937
1,14,27,3.9587284182651183
1,14,28,4.038758411817982
1,14,29,3.875693801204149
1,14,30,4.053159785166229
1,14,31,3.93639001630433
1,14,32,3.956521705882344
1,14,33,3.9442788827258806
1,14,34,3.9260465776854003
1,14,35,3.884056247335868
1,14,36,4.035282628143631
1,14,37,4.0262781266517385
1,14,38,3.896577432011907
1,14,39,4.037144461103995
1,14,40,3.957635353420703
1,14,41,3.9772075159846407
1,14,42,3.901470589300915
1,14,43,3.94393700921779
1,14,44,4.0624241055519965
1,14,45,4.03159512446716
1,14,46,3.76200326598464
1,14,47,4.123694006393867
1,14,48,3.9798376602194985
1,14,49,3.842293173966307
1,14,50,4.050217265398537
1,14,51,3.965395764066477
1,14,52,4.081331092924124
1,14,53,4.0024691009164295
1,14,54,4.07154681281968
1,14,55,4.0786151249999865
1,14,56,4.089445696398127
1,14,57,4.073569157448836
1,14,58,3.959883065963324
1,14,59,4.043006645833306
1,14,60,3.9736288082374003
1,14,61,4.1761501979965745
1,14,62,4.109908222133413
1,14,63,4.074508497655575
1,14,64,4.0076273549126045
1,14,65,4.102306176736991
1,14,66,4.2096167425937505
1,14,67,3.9952339167199287
1,14,68,3.8308591439684303
1,14,69,4.066206567455238
1,14,70,4.006173382086517
1,14,71,4.088143779038775
1,14,72,4.102103542679019
1,14,73,4.116846691389594
1,14,74,4.055523273231006
1,14,75,3.9700956908567564
1,14,76,4.10702133157501
1,14,77,4.048233199754884
1,14,78,4.038136911977821
1,14,79,3.906987973199034
1,14,80,4.151549321877649
1,14,81,4.015155646685836
1,14,82,3.907798022804759
1,14,83,3.9252880541879507
1,14,84,4.04770243105285
1,14,85,4.0649381119991475
1,14,86,3.991951663629559
1,14,87,4.054165750959069
1,14,88,4.137025679774076
1,14,89,4.046860867433905
1,14,90,4.022952768222497
1,14,91,3.9367494798060383
1,14,92,4.05304327173912
1,14,93,4.015380368872539
1,14,94,4.063798627131271
1,14,95,3.9386263647698025
1,14,96,4.031273496430086
1,14,97,3.8412427724850473
1,14,98,3.980086490036213
1,14,99,4.044028685368698
1,14,100,3.9578201879795283
1,15,1,3.9317003826726014
1,15,2,4.216477169490616
1,15,3,4.135865243392991
1,15,4,3.9759848452685307
1,15,5,4.1437599460784185
1,15,6,3.90112535080986
1,15,7,4.097318807438188
1,15,8,4.033170118286429
1,15,9,4.1854143736679426
1,15,10,4.161443765291977
1,15,11,4.036120056692232
1,15,12,3.9687683712702335
1,15,13,3.925501628623159
1,15,14,4.190825463235277
1,15,15,4.08143422431797
1,15,16,4.072914089407494
1,15,17,3.9826215113490946
1,15,18,3.889031068627425
1,15,19,4.024512428655142
1,15,20,4.067002331734863
1,15,21,3.973104364663241
1,15,22,4.125881630701188
1,15,23,4.019360373188388
1,15,24,3.8984466289961337
1,15,25,4.145567711849946
1,15,26,4.064837852355049
1,15,27,3.9761664249253994
1,15,28,4.118853522858051
1,15,29,4.000156350170485
1,15,30,4.068843406969303
1,15,31,3.9738017267156707
1,15,32,3.9469828316815754
1,15,33,4.038754374147469
1,15,34,3.941860558024276
1,15,35,3.9182356685315205
1,15,36,4.046453554028113
1,15,37,4.010507698422841
1,15,38,3.918661886242504
1,15,39,3.979673974584388
1,15,40,4.017914409899822
1,15,41,4.06340255914321
1,15,42,3.8876419741048416
1,15,43,4.003745169650443
1,15,44,4.104565746323513
1,15,45,3.9872223266197593
1,15,46,3.8767159552962163
1,15,47,4.109811104006821
1,15,48,4.0467696880860835
1,15,49,3.86695838155369
1,15,50,4.189702617593763
1,15,51,3.9665989327578686
1,15,52,4.034010523444154
1,15,53,3.98379247660911
1,15,54,4.066753572410485
1,15,55,3.993712223092486
1,15,56,4.191069101395994
1,15,57,3.9628664594522425
1,15,58,4.031506644767672
1,15,59,4.0858173367433706
1,15,60,3.9845985101768653
1,15,61,4.049637259484208
1,15,62,4.066578091165802
1,15,63,4.1988725711317025
1,15,64,4.125414404518318
1,15,65,3.9455031030477135
1,15,66,4.1486877198422585
1,15,67,4.031127118446273
1,15,68,3.905105294011055
1,15,69,4.085677975010649
1,15,70,3.930692843936463
1,15,71,4.160378708333316
1,15,72,4.086753874946711
1,15,73,4.07051378473997
1,15,74,4.022587655797085
1,15,75,3.9947369499147314
1,15,76,4.011783825873809
1,15,77,4.016197363118055
1,15,78,4.104313569799648
1,15,79,3.9317905971866742
1,15,80,4.14318835443307
1,15,81,4.154672403452683
1,15,82,3.9580024870524233
1,15,83,3.9741412986998914
1,15,84,4.1367892168051945
1,15,85,4.05101999243392
1,15,86,4.144101343563497
1,15,87,4.028576982150461
1,15,88,4.031076508312003
1,15,89,3.932066595854615
1,15,90,4.070523235986772
1,15,91,3.970230080988898
1,15,92,4.044773143542185
1,15,93,3.9288224805519776
1,15,94,4.130248722666238
1,15,95,3.923595519554527
1,15,96,4.0362615442242085
1,15,97,3.9001394658993784
1,15,98,4.005280406809441
1,15,99,3.951276758898104
1,15,100,3.850072444959479
2,1,1,3.8983061555839478
2,1,2,3.9600941067241875
2,1,3,3.9481373536871
2,1,4,4.000093217817542
2,1,5,4.243055828910903
2,1,6,4.0443140417199315
2,1,7,3.995228802109957
2,1,8,4.115227540121474
2,1,9,4.170268862478672
2,1,10,4.224284377184561
2,1,11,4.193965385390022
2,1,12,4.042696510017031
2,1,13,3.9880924128303357
2,1,14,4.164979209398958
2,1,15,4.002417053388737
2,1,16,4.031048881180722
2,1,17,3.9714301410379185
2,1,18,4.148938394394695
2,1,19,4.049265439151733
2,1,20,4.198901518595476
2,1,21,4.033613661178578
2,1,22,4.061819075021304
2,1,23,4.370970129369134
2,1,24,4.023453619032383
2,1,25,3.988353630008497
2,1,26,4.079017503623177
2,1,27,4.145590423326916
2,1,28,4.085199236093334
2,1,29,4.021788546515335
2,1,30,4.099881917146197
2,1,31,4.253991067188821
2,1,32,4.15810746446078
2,1,33,3.9089952935847925
2,1,34,4.062780687233581
2,1,35,4.254866606244663
2,1,36,4.071829570279198
2,1,37,4.0320513074914635
2,1,38,4.167037156223361
2,1,39,4.067424068361016
2,1,40,4.076294927909192
2,1,41,4.029170479433068
2,1,42,4.133045840313292
2,1,43,4.131067586530253
2,1,44,4.355311641783878
2,1,45,4.106678061860613
2,1,46,3.9330688320545244
2,1,47,3.9924173503303337
2,1,48,4.152145211423698
2,1,49,4.0567960950021105
2,1,50,3.976412629848668
2,1,51,4.119532280051125
2,1,52,3.9682909297207902
2,1,53,4.173449041400252
2,1,54,4.055833939684553
2,1,55,4.141520232150464
2,1,56,4.016754697090787
2,1,57,4.018506107789834
2,1,58,3.9952344420289756
2,1,59,4.078216870311155
2,1,60,3.9560964515664776
2,1,61,4.146918195545595
2,1,62,4.048252271153014
2,1,63,3.9982430956415183
2,1,64,4.272091430786431
2,1,65,4.110566249627017
2,1,66,4.017019706468433
2,1,67,4.203961025309023
2,1,68,4.1583491133311945
2,1,69,3.9221944804986957
2,1,70,4.190518191815844
2,1,71,4.168308425937761
2,1,72,4.078622021366147
2,1,73,4.190179430999548
2,1,74,4.03906796248933
2,1,75,4.25432549035593
2,1,76,4.1409076355498495
2,1,77,4.070444314471433
2,1,78,4.144018429774066
2,1,79,3.968433752877218
2,1,80,4.049768029145331
2,1,81,4.046308125745937
2,1,82,4.06519105040493
2,1,83,4.165869963448414
2,1,84,4.083390354699485
2,1,85,4.099955911604847
2,1,86,4.124380255061804
2,1,87,4.149786422261291
2,1,88,4.0373325429454185
2,1,89,4.08396790750211
2,1,90,4.277191741314991
2,1,91,4.140974507512776
2,1,92,4.440882234175177
2,1,93,3.970591157129147
2,1,94,4.094807705775775
2,1,95,4.179835755807749
2,1,96,4.034893469043037
2,1,97,4.099415792039631
2,1,98,4.0266198543797795
2,1,99,4.109645130541338
2,1,100,4.167239549232716
2,2,1,3.9831533498507894
2,2,2,3.94216435267474
2,2,3,4.044180666400242
2,2,4,4.091949664162395
2,2,5,4.234281506873399
2,2,6,4.002276787457354
2,2,7,3.817380412350779
2,2,8,3.879156740355888
2,2,9,3.969602781383186
2,2,10,4.070524626705017
2,2,11,4.079918031809464
2,2,12,3.9734138291773196
2,2,13,3.810044843510208
2,2,14,4.156416111253197
2,2,15,4.026448922048156
2,2,16,3.9052850285592253
2,2,17,3.930229119991443
2,2,18,4.113087856617637
2,2,19,4.056076147112079
2,2,20,4.021688592178161
2,2,21,4.1551160625532715
2,2,22,4.129308584452253
2,2,23,4.191993937979533
2,2,24,3.979518681479093
2,2,25,4.069833937926237
2,2,26,3.940346827685403
2,2,27,4.09464364332906
2,2,28,3.9362963203857206
2,2,29,3.905729589940286
2,2,30,4.134864165334611
2,2,31,3.9499851297953823
2,2,32,4.044931844842265
2,2,33,3.8966003057331284
2,2,34,4.08505920108695
2,2,35,4.02553376838235
2,2,36,3.9977361521739105
2,2,37,3.9068238815004004
2,2,38,3.9978696762041737
2,2,39,4.020993505541326
2,2,40,3.9643450182757642
2,2,41,3.8596799049445587
2,2,42,3.8757046767902583
2,2,43,4.097638404571585
2,2,44,3.9995296748188216
2,2,45,3.9377708518755097
2,2,46,3.9704654541240223
2,2,47,4.0149029650468755
2,2,48,4.04914497969946
2,2,49,3.9147792851129313
2,2,50,4.045332668424964
2,2,51,4.042034486359732
2,2,52,4.035999789801778
2,2,53,3.9849973687126994
2,2,54,3.9614067903878794
2,2,55,4.08624379624893
2,2,56,3.856666160379331
2,2,57,4.040711313139371
2,2,58,3.9197485136402226
2,2,59,4.120186264173049
2,2,60,3.9684115770993023
2,2,61,3.8648971766304054
2,2,62,3.9839926930413423
2,2,63,3.9897421011828564
2,2,64,4.112947771952245
2,2,65,4.10256435938832
2,2,66,4.023743433024288
2,2,67,4.301250265878086
2,2,68,4.087418505967595
2,2,69,4.03787747229324
2,2,70,4.009001119085668
2,2,71,3.9878731439684465
2,2,72,3.906317775309012
2,2,73,4.081865524882761
2,2,74,3.9502390819479727
2,2,75,4.220575707374248
2,2,76,4.08264880296247
2,2,77,4.149952251651744
2,2,78,3.9943196050191663
2,2,79,4.024083895353791
2,2,80,3.9373710861572597
2,2,81,3.977683323635961
2,2,82,4.061130914535362
2,2,83,3.8543351987957917
2,2,84,3.901274437020427
2,2,85,4.025913621110386
2,2,86,4.07711844863597
2,2,87,4.0204235402813175
2,2,88,4.24511263096759
2,2,89,3.970426643009372
2,2,90,4.055769602141941
2,2,91,4.143906301790276
2,2,92,4.0315696787084265
2,2,93,3.859690273071163
2,2,94,3.99689543808608
2,2,95,4.058224564844386
2,2,96,3.9699995734228373
2,2,97,4.035851694959493
2,2,98,4.083090869298787
2,2,99,3.9336442112638355
2,2,100,3.9839652566602495
2,3,1,3.974564453484641
2,3,2,4.033382205882334
2,3,3,4.080351168904514
2,3,4,4.0646550822143865
2,3,5,4.262285204283876
2,3,6,4.1171708542199354
2,3,7,3.990535314950962
2,3,8,4.163330306745522
2,3,9,4.205466797207997
2,3,10,4.215575809303054
2,3,11,4.18362812297527
2,3,12,4.161150437180311
2,3,13,4.057064845321814
2,3,14,4.353447858908769
2,3,15,3.9757868433503774
2,3,16,4.065863126225472
2,3,17,4.072236112158996
2,3,18,4.1294524921675135
2,3,19,4.094798270833325
2,3,20,4.076704752397691
2,3,21,4.35083213224637
2,3,22,4.0919574818307645
2,3,23,4.37477880626598
2,3,24,3.9871403186807233
2,3,25,4.051913047101433
2,3,26,4.216632174978677
2,3,27,4.174514061221208
2,3,28,4.044447258791548
2,3,29,4.027586712222921
2,3,30,4.199942619778337
2,3,31,4.078696442881496
2,3,32,4.105723647325227
2,3,33,3.896289828058357
2,3,34,3.9977408475596676
2,3,35,4.257691583226769
2,3,36,4.087440152546892
2,3,37,4.19296672042839
2,3,38,4.160922320971863
2,3,39,4.14771482358268
2,3,40,4.155641648657269
2,3,41,4.01507620348464
2,3,42,4.107307901214817
2,3,43,4.0440003014173
2,3,44,4.219155196611236
2,3,45,4.088730351555831
2,3,46,4.001770715579695
2,3,47,4.101758258738268
2,3,48,4.16702845662828
2,3,49,3.9326333216645195
2,3,50,3.856227015451814
2,3,51,4.150055985294094
2,3,52,4.093547574808189
2,3,53,4.074613594788991
2,3,54,4.117129738917299
2,3,55,4.313353813991899
2,3,56,3.9901630860507056
2,3,57,4.163841596227615
2,3,58,4.049841568627436
2,3,59,4.154459520140644
2,3,60,3.9827525036231766
2,3,61,4.203855749254042
2,3,62,4.105610457534094
2,3,63,4.081409087915601
2,3,64,4.112482865569038
2,3,65,4.102311839247647
2,3,66,4.014579345481645
2,3,67,4.206024029944576
2,3,68,4.151111904571604
2,3,69,3.909411530424102
2,3,70,4.200140102728042
2,3,71,4.228174758951397
2,3,72,3.9170369352621255
2,3,73,4.189909812393426
2,3,74,3.9975810489663157
2,3,75,4.176714121643228
2,3,76,4.126683111679431
2,3,77,4.217938792465896
2,3,78,4.111221560315419
2,3,79,4.2426339265238635
2,3,80,4.023335199115503
2,3,81,4.00504123252343
2,3,82,4.07479406026214
2,3,83,4.023346561860597
2,3,84,4.250163473039203
2,3,85,4.037881909366983
2,3,86,4.043463913789421
2,3,87,4.135870227088662
2,3,88,4.021397841325637
2,3,89,3.9956252444053546
2,3,90,4.36072655567987
2,3,91,4.182310400095894
2,3,92,4.250575754262569
2,3,93,3.991524992487205
2,3,94,4.032805646952241
2,3,95,4.113702674232729
2,3,96,4.014628190110817
2,3,97,4.257877337436055
2,3,98,4.200582021952246
2,3,99,4.14549223033887
2,3,100,4.118838501705014
2,4,1,3.9663420197676627
2,4,2,3.9650837532501972
2,4,3,3.9546483473465175
2,4,4,3.9083579374467
2,4,5,4.109235853420703
2,4,6,3.8977994639279316
2,4,7,3.849696967071574
2,4,8,3.7968462237318654
2,4,9,4.005840131393856
2,4,10,3.828002628463314
2,4,11,4.170087058130847
2,4,12,3.868330562286834
2,4,13,3.9019447381180354
2,4,14,3.9232629321717685
2,4,15,3.9483837042305887
2,4,16,3.898206471067747
2,4,17,3.901678066709265
2,4,18,3.9171780505647633
2,4,19,3.914985590846099
2,4,20,3.8292148169756692
2,4,21,4.052983343190526
2,4,22,3.8948181839833342
2,4,23,3.8755790794437064
2,4,24,3.8673709233269213
2,4,25,3.8499959086210196
2,4,26,3.836268715846106
2,4,27,3.9583592384377493
2,4,28,3.9033580061807016
2,4,29,3.903399778079675
2,4,30,4.060985273390862
2,4,31,3.8046517703537672
2,4,32,3.864227654038765
2,4,33,3.829638380381467
2,4,34,3.880990999094188
2,4,35,3.946039189684556
2,4,36,3.9355906022484723
2,4,37,3.890451926310708
2,4,38,3.7676415288256457
2,4,39,3.7381444086210402
2,4,40,3.9297704183183937
2,4,41,3.8093277455775447
2,4,42,3.8409530094842017
2,4,43,3.738962167625725
2,4,44,3.7458611949062055
2,4,45,3.7394439999466997
2,4,46,4.011557174445857
2,4,47,3.7626010430519816
2,4,48,3.9999730501385327
2,4,49,3.954110469948828
2,4,50,3.965535497815427
2,4,51,3.9793873554454224
2,4,52,4.0085748029091945
2,4,53,4.053933357683281
2,4,54,3.8151864267369664
2,4,55,3.908789863970567
2,4,56,4.003012121110384
2,4,57,3.945870070865284
2,4,58,3.8980677769607595
2,4,59,3.8400664887574227
2,4,60,3.7924271850489872
2,4,61,3.9325706610719964
2,4,62,3.9231294042518887
2,4,63,3.8300439365408976
2,4,64,3.853470918105255
2,4,65,4.04218421701833
2,4,66,3.885185303655133
2,4,67,3.879884400735269
2,4,68,3.944044189258287
2,4,69,3.800549656649597
2,4,70,3.8388731797207654
2,4,71,3.9426348095694586
2,4,72,3.9566590716112353
2,4,73,3.859457007246348
2,4,74,3.9903428939151553
2,4,75,3.8958456248934037
2,4,76,3.90851798225701
2,4,77,3.977667018009356
2,4,78,3.8146211838767976
2,4,79,3.954743792412598
2,4,80,3.8780866994884584
2,4,81,3.8326485737425067
2,4,82,3.8508333352514703
2,4,83,3.8439355162510367
2,4,84,3.788990495151298
2,4,85,3.8784372896952
2,4,86,3.8902112285805415
2,4,87,3.8534032568733703
2,4,88,4.143783351395986
2,4,89,3.8327251417838584
2,4,90,3.8936270800830886
2,4,91,3.844642163043449
2,4,92,3.767412062233571
2,4,93,3.8207327855924733
2,4,94,3.8722214842284415
2,4,95,4.0716058372229185
2,4,96,3.926472412137665
2,4,97,3.9321970455562427
2,4,98,4.020435422261278
2,4,99,3.8927776451939184
2,4,100,3.8892015573848764
2,5,1,3.9941468729752656
2,5,2,3.995052913842702
2,5,3,4.115912335198198
2,5,4,3.856261158354619
2,5,5,4.0148926653346
2,5,6,4.040108459931784
2,5,7,3.75674966128514
2,5,8,3.9385243789428515
2,5,9,3.9778481612318677
2,5,10,4.038299960251481
2,5,11,4.028416912777054
2,5,12,3.9051187671035557
2,5,13,3.855284838714807
2,5,14,4.05963442348679
2,5,15,4.031588343723351
2,5,16,3.951469000532799
2,5,17,3.9634406541986205
2,5,18,4.124348665068192
2,5,19,3.8972258622655294
2,5,20,3.799478898124442
2,5,21,4.002328769927526
2,5,22,4.113186688352503
2,5,23,3.9262633784100376
2,5,24,3.9127991879262334
2,5,25,3.9496052275681772
2,5,26,3.792840549072875
2,5,27,3.9311148313618656
2,5,28,3.868708163363142
2,5,29,3.8751392346014097
2,5,30,4.128134508684985
2,5,31,3.8857333399402934
2,5,32,3.8987579939790895
2,5,33,3.9953132770673316
2,5,34,4.007643436647483
2,5,35,4.123917716325658
2,5,36,3.930689501918132
2,5,37,3.8408610627131003
2,5,38,3.8037198841645306
2,5,39,3.9182930406542664
2,5,40,3.954032358962037
2,5,41,3.8289249101129283
2,5,42,3.914506792252739
2,5,43,3.8288169254582045
2,5,44,4.104896701033655
2,5,45,4.004138640931356
2,5,46,3.8964417955562367
2,5,47,3.8511923979645926
2,5,48,4.147724443947133
2,5,49,3.9010797198955385
2,5,50,3.8991726100276924
2,5,51,4.044928163522992
2,5,52,3.9591058985507
2,5,53,3.9626791361892444
2,5,54,3.914899535006353
2,5,55,4.015142152014049
2,5,56,3.9367204223145444
2,5,57,3.897394347506357
2,5,58,3.7880780540281207
2,5,59,4.171552214940317
2,5,60,3.911119431745493
2,5,61,3.833003705882329
2,5,62,4.003110760070312
2,5,63,3.9161121142902546
2,5,64,3.8632760583439563
2,5,65,4.102779287510652
2,5,66,3.9894213178282008
2,5,67,4.074641291080557
2,5,68,3.875219603047704
2,5,69,3.8913824992540187
2,5,70,3.9813484662190803
2,5,71,3.8456157256500205
2,5,72,3.9497026226555674
2,5,73,3.920055452898528
2,5,74,4.013473559249765
2,5,75,3.9514263851235976
2,5,76,3.9493453476129403
2,5,77,3.9591531713554846
2,5,78,3.8295805257352713
2,5,79,3.9390462804241118
2,5,80,3.9972880996376605
2,5,81,3.9562982999786724
2,5,82,3.9866467277280266
2,5,83,3.993391843403654
2,5,84,3.9165610458226605
2,5,85,3.8889405473145606
2,5,86,3.9622967996589806
2,5,87,3.8754334434142894
2,5,88,3.8469543559249586
2,5,89,3.930610155903658
2,5,90,3.9168277464300574
2,5,91,4.034359251385318
2,5,92,3.9355357696610977
2,5,93,3.889792225490176
2,5,94,3.9779609546035486
2,5,95,3.817243337649158
2,5,96,3.8504030469948587
2,5,97,3.970799887734427
2,5,98,4.105332079337157
2,5,99,3.906302968563483
2,5,100,4.069780993499556
2,6,1,4.030334782555394
2,6,2,4.012597584345686
2,6,3,4.01783712468029
2,6,4,4.002742462862303
2,6,5,4.001965734441585
2,6,6,4.022639169064351
2,6,7,3.8579315885549574
2,6,8,4.054827730445406
2,6,9,3.8899523362105426
2,6,10,4.05933542087595
2,6,11,4.128713404465043
2,6,12,3.959162682651303
2,6,13,3.8772650573316048
2,6,14,4.184061948955654
2,6,15,4.144341618819264
2,6,16,3.9378692812766083
2,6,17,3.9888272166986227
2,6,18,3.994404672474403
2,6,19,3.862549605072422
2,6,20,4.152464831468448
2,6,21,4.086752610240823
2,6,22,4.1351410404411695
2,6,23,4.133779809835879
2,6,24,3.9729098552322912
2,6,25,3.930707750213101
2,6,26,4.028040190483792
2,6,27,3.9624267364130317
2,6,28,3.940393094362724
2,6,29,3.9874493658887338
2,6,30,4.269719975063935
2,6,31,3.9756209922207915
2,6,32,3.9879778448955494
2,6,33,4.123731158461204
2,6,34,3.999613400468878
2,6,35,4.084998945652168
2,6,36,3.846540023710542
2,6,37,4.1293514961104005
2,6,38,3.8501085026640864
2,6,39,4.010481606511064
2,6,40,4.0047433890132025
2,6,41,3.9926037823955483
2,6,42,3.9243657490408927
2,6,43,4.057834277813276
2,6,44,4.162054565856773
2,6,45,4.098756356351225
2,6,46,3.8319444822569975
2,6,47,3.978076746376807
2,6,48,4.315663750426232
2,6,49,3.9192662856990252
2,6,50,3.9235848818200987
2,6,51,3.9250704089940034
2,6,52,3.9548421345374978
2,6,53,4.0011986892583105
2,6,54,3.9686216765238447
2,6,55,4.207067967924126
2,6,56,3.9934490630860893
2,6,57,3.971961240622315
2,6,58,3.992597882512773
2,6,59,4.09969733887467
2,6,60,3.9874336084292183
2,6,61,3.962928663736127
2,6,62,4.03014047085464
2,6,63,3.9505448167625614
2,6,64,4.150183762308171
2,6,65,4.105990882672627
2,6,66,3.9966229875852326
2,6,67,4.185410839087801
2,6,68,4.142021107203743
2,6,69,3.9955856088021955
2,6,70,3.9689482154731275
2,6,71,3.9375768278452483
2,6,72,3.944801801097591
2,6,73,3.9392995561593955
2,6,74,3.8908784158141176
2,6,75,4.247511246323532
2,6,76,4.0384827636935015
2,6,77,4.0309091055519914
2,6,78,4.015792919863588
2,6,79,4.07229729662191
2,6,80,3.9950235025575322
2,6,81,4.040361396739113
2,6,82,4.012536833013618
2,6,83,4.043691715686249
2,6,84,4.025395637681139
2,6,85,4.133215601609104
2,6,86,3.9430149604113267
2,6,87,4.123819569533234
2,6,88,4.01104459782607
2,6,89,4.055614440910043
2,6,90,3.9938476372016076
2,6,91,4.0685772143009284
2,6,92,4.0132867255434705
2,6,93,3.899509904358459
2,6,94,3.9854786092284544
2,6,95,3.9205664575873524
2,6,96,4.021497225010645
2,6,97,4.121480762787716
2,6,98,3.9448746272378266
2,6,99,4.018695414641924
2,6,100,4.1210974293478095
2,7,1,4.173897475063932
2,7,2,4.208324547900683
2,7,3,4.104439532875107
2,7,4,4.277347913629567
2,7,5,4.389906573209719
2,7,6,4.344393315643641
2,7,7,4.261154412137669
2,7,8,4.284959552376387
2,7,9,4.3123219963235195
2,7,10,4.329395739876384
2,7,11,4.244273208066917
2,7,12,4.364373251332041
2,7,13,4.304072657129139
2,7,14,4.515379540973986
2,7,15,4.157239656329906
2,7,16,4.390618279305192
2,7,17,4.292758663469726
2,7,18,4.306463796621904
2,7,19,4.230452150948414
2,7,20,4.331093623561392
2,7,21,4.48309831212701
2,7,22,4.221504570492317
2,7,23,4.48507267226128
2,7,24,4.473341025948413
2,7,25,4.178121230818407
2,7,26,4.218109131766815
2,7,27,4.32618259068625
2,7,28,4.345487111199918
2,7,29,4.294726793478254
2,7,30,4.25708914657927
2,7,31,4.344887630967591
2,7,32,4.23914713592283
2,7,33,4.078418888853356
2,7,34,4.450879735933496
2,7,35,4.547984038416443
2,7,36,4.22123810176896
2,7,37,4.418381996110408
2,7,38,4.249058335304769
2,7,39,4.272814114343552
2,7,40,4.295311944586521
2,7,41,4.440165683077575
2,7,42,4.370084310954812
2,7,43,4.193572798060518
2,7,44,4.11643939370203
2,7,45,4.44777206372549
2,7,46,4.176595256447141
2,7,47,4.276623870524286
2,7,48,4.463661835677747
2,7,49,4.282393999733578
2,7,50,4.297948231777481
2,7,51,4.254492239130414
2,7,52,4.3050017035379335
2,7,53,4.1987097160592475
2,7,54,4.248612233802208
2,7,55,4.414264962436063
2,7,56,4.2478479994671705
2,7,57,4.361769911551579
2,7,58,4.191672673753188
2,7,59,4.233473103367427
2,7,60,4.021357289641933
2,7,61,4.353785169330777
2,7,62,4.190036532555419
2,7,63,4.261331861199918
2,7,64,4.229162544277487
2,7,65,4.197826061807321
2,7,66,4.2361375380434625
2,7,67,4.332186814364878
2,7,68,4.319637944533237
2,7,69,4.083375347666234
2,7,70,4.460217415974002
2,7,71,4.25616752403026
2,7,72,4.219251259537502
2,7,73,4.444627928921574
2,7,74,4.5313450407608675
2,7,75,4.202457297527699
2,7,76,4.665892701193505
2,7,77,4.3078812046035715
2,7,78,4.214227972026844
2,7,79,4.311022195119347
2,7,80,4.27093263613597
2,7,81,4.177067227355063
2,7,82,4.1753606781756165
2,7,83,4.224790671994878
2,7,84,4.201553175884472
2,7,85,4.426521179774075
2,7,86,4.148857871430083
2,7,87,4.369252477887884
2,7,88,4.01762995444372
2,7,89,4.235581885017038
2,7,90,4.245732795502965
2,7,91,4.367878032075872
2,7,92,4.536948206308609
2,7,93,4.160345421302214
2,7,94,4.287375996856344
2,7,95,4.371373761722086
2,7,96,4.307577502184567
2,7,97,4.240491484548158
2,7,98,4.204335267849516
2,7,99,4.217140885976114
2,7,100,4.542775134430935
2,8,1,3.962500730232284
2,8,2,3.984475099690954
2,8,3,3.9363713734015016
2,8,4,3.942108377024706
2,8,5,4.0143211967178045
2,8,6,4.021691221440739
2,8,7,3.8291714761295506
2,8,8,4.000190440270654
2,8,9,4.027263624200754
2,8,10,3.986955429880637
2,8,11,4.094580096440747
2,8,12,3.939676354646186
2,8,13,3.89290777195223
2,8,14,4.268219688299223
2,8,15,4.133709648337581
2,8,16,3.9405646601662125
2,8,17,4.023926280370826
2,8,18,4.123084356777482
2,8,19,3.871860874413865
2,8,20,3.794822036977805
2,8,21,4.02215434132565
2,8,22,4.026413003250199
2,8,23,4.1809172681159374
2,8,24,3.9085529187446446
2,8,25,4.0285763538469554
2,8,26,3.7779905378836127
2,8,27,4.088680606564347
2,8,28,3.8523295575447283
2,8,29,3.9432863853899978
2,8,30,4.2053492511721995
2,8,31,4.11737012153666
2,8,32,3.957393467018311
2,8,33,3.980557978367416
2,8,34,4.1271518245417695
2,8,35,3.984123769554556
2,8,36,3.8866317082800244
2,8,37,3.9785326576086786
2,8,38,3.8813806755114837
2,8,39,3.9744933737212134
2,8,40,3.86664182848463
2,8,41,3.8701458050404636
2,8,42,4.005195689045173
2,8,43,4.069880818147894
2,8,44,3.9587460645779853
2,8,45,3.9812869013746655
2,8,46,3.9964809121909357
2,8,47,3.9635991861679387
2,8,48,3.9548383037617043
2,8,49,3.9665852249040743
2,8,50,3.9442402002344297
2,8,51,3.942430353793665
2,8,52,4.046645156543042
2,8,53,4.071853478367419
2,8,54,3.9385816583546154
2,8,55,3.96326166176469
2,8,56,3.849968729486316
2,8,57,3.9348288788895642
2,8,58,3.8220596238810622
2,8,59,3.984738376118907
2,8,60,4.046628874467165
2,8,61,3.905968539428786
2,8,62,4.02793244186913
2,8,63,3.89485314210355
2,8,64,3.9212718459611797
2,8,65,4.172936899936061
2,8,66,4.066630636508944
2,8,67,4.101731089514064
2,8,68,3.9517923615195825
2,8,69,3.8868370994245227
2,8,70,4.019184698103137
2,8,71,3.8574170452365455
2,8,72,3.9318735554667197
2,8,73,4.0475792850596575
2,8,74,4.048370177429642
2,8,75,3.984478487585244
2,8,76,4.0073263743073175
2,8,77,3.938447552429645
2,8,78,3.908474169810292
2,8,79,4.075806555413468
2,8,80,4.049232766570748
2,8,81,4.029872762095037
2,8,82,3.997138780850367
2,8,83,3.885937934569447
2,8,84,4.0102529159207005
2,8,85,4.081054251118914
2,8,86,4.070772101982093
2,8,87,3.8632849432011622
2,8,88,3.8622214982416687
2,8,89,3.9630153155903516
2,8,90,4.046466096707149
2,8,91,4.08990227680093
2,8,92,4.015489618712697
2,8,93,3.9345290453431185
2,8,94,4.078323231777457
2,8,95,3.8731678266730305
2,8,96,3.9072395145460175
2,8,97,4.343532940164102
2,8,98,4.028319119884889
2,8,99,3.9927980692135367
2,8,100,3.9792984265238545
2,9,1,3.8963141572356843
2,9,2,3.8909249770353616
2,9,3,3.994394697890008
2,9,4,3.942444026534508
2,9,5,3.9692343543264963
2,9,6,4.0503371344842085
2,9,7,3.8316374476768544
2,9,8,3.8426667228260643
2,9,9,3.984629307864451
2,9,10,3.8475619583333036
2,9,11,4.012436910219506
2,9,12,3.850109868392968
2,9,13,3.831983118925798
2,9,14,3.9645887157395503
2,9,15,3.9793975617540283
2,9,16,3.916081407661947
2,9,17,3.92542508716961
2,9,18,3.818033482843105
2,9,19,3.8091372154731213
2,9,20,3.8431091958119827
2,9,21,3.933697579923251
2,9,22,3.932066793478225
2,9,23,3.902443775042607
2,9,24,3.8523038765984428
2,9,25,3.8462161842497498
2,9,26,3.8104454957374068
2,9,27,3.9389252715259895
2,9,28,3.883226365462457
2,9,29,3.8301282716858123
2,9,30,4.0930848518755285
2,9,31,3.8172625505114777
2,9,32,4.073534786445005
2,9,33,3.8032019590259836
2,9,34,3.875383429614215
2,9,35,4.131327256447154
2,9,36,3.923835736892547
2,9,37,3.9496903104219756
2,9,38,3.956492597666226
2,9,39,3.7202633767050126
2,9,40,3.980650177802632
2,9,41,3.8292008495843683
2,9,42,3.8133694515664653
2,9,43,3.802749486519585
2,9,44,3.838757796089064
2,9,45,3.823242707214369
2,9,46,4.036109794543892
2,9,47,3.7760320908461
2,9,48,4.057215762041776
2,9,49,3.8538281105604932
2,9,50,3.88922129907287
2,9,51,3.9022128257139466
2,9,52,3.980523559622746
2,9,53,3.916156835038346
2,9,54,3.8225490213128266
2,9,55,4.003605255967598
2,9,56,3.8851388356777075
2,9,57,3.868459417359305
2,9,58,3.9418170345801262
2,9,59,3.9197480837595564
2,9,60,3.912063571184969
2,9,61,3.8650884606777116
2,9,62,4.064261050191809
2,9,63,3.8330403775575252
2,9,64,3.8897303907182086
2,9,65,3.9364037609228286
2,9,66,3.933780577632114
2,9,67,3.964728096653861
2,9,68,3.8732894425617714
2,9,69,3.877985436381039
2,9,70,3.8719350125212797
2,9,71,3.9324514402706483
2,9,72,3.8922247696078154
2,9,73,3.8786777538362878
2,9,74,3.8324819481564028
2,9,75,3.9144898709505234
2,9,76,3.8473361813192395
2,9,77,4.010114818574149
2,9,78,3.848535333226748
2,9,79,3.9602282866581193
2,9,80,3.9331566776960525
2,9,81,3.8030231935741434
2,9,82,3.9049139815110547
2,9,83,3.929701643382331
2,9,84,3.7948759588128462
2,9,85,3.894989189205007
2,9,86,3.892830229166647
2,9,87,3.8130098696717574
2,9,88,3.997728033088216
2,9,89,3.8607023854965594
2,9,90,3.949278222453087
2,9,91,3.827013595428369
2,9,92,3.835660087915571
2,9,93,3.9253981262254625
2,9,94,3.8737095499786487
2,9,95,3.9797297311380797
2,9,96,3.7656066861146535
2,9,97,3.8323421930945964
2,9,98,4.025997134430937
2,9,99,3.9835027722719234
2,9,100,4.108819981617637
2,10,1,4.0325866854219825
2,10,2,3.9621716015025363
2,10,3,4.004032122975258
2,10,4,3.8667770150255456
2,10,5,4.0410482484015136
2,10,6,3.8360198071184692
2,10,7,3.991830750159834
2,10,8,3.850510813192642
2,10,9,3.994508280850368
2,10,10,4.054725928761714
2,10,11,3.973219800564767
2,10,12,3.9391978634377374
2,10,13,3.9997448678068874
2,10,14,3.9686997460571196
2,10,15,3.9291882584185553
2,10,16,3.982655526960775
2,10,17,3.9468376202578614
2,10,18,3.9715814200767157
2,10,19,3.9165960472079835
2,10,20,3.914254518915151
2,10,21,3.982765379795386
2,10,22,3.8888564922740385
2,10,23,3.984627531010216
2,10,24,3.8360420546674985
2,10,25,3.7583392913469558
2,10,26,4.000782394554553
2,10,27,3.974186210144912
2,10,28,4.0184178528346
2,10,29,3.939831662563921
2,10,30,3.93512086093347
2,10,31,3.9192728258205234
2,10,32,3.9327479444799436
2,10,33,3.9859435827472107
2,10,34,3.8926949402706525
2,10,35,3.834637232310285
2,10,36,3.8428839466112206
2,10,37,3.8137171345374874
2,10,38,4.033622729965892
2,10,39,3.8015898269927297
2,10,40,4.092585562233578
2,10,41,3.9090730350063665
2,10,42,3.9133862955029577
2,10,43,3.897246168691356
2,10,44,3.7313591462595848
2,10,45,3.8831148659419967
2,10,46,4.072932754102713
2,10,47,3.824757594415996
2,10,48,4.050843683290699
2,10,49,3.870971952365702
2,10,50,4.022988699062218
2,10,51,3.9721097804241197
2,10,52,3.9994141695438863
2,10,53,3.8800848496376514
2,10,54,4.010050758898098
2,10,55,3.9556720761402198
2,10,56,3.9997422057757692
2,10,57,3.8591734249253786
2,10,58,3.970743204017463
2,10,59,3.9074536525468484
2,10,60,3.8503396009164206
2,10,61,3.9659734092604153
2,10,62,3.837788489450102
2,10,63,3.9130348076513024
2,10,64,3.8244632253303164
2,10,65,3.8908321003303366
2,10,66,4.0325778403665655
2,10,67,3.905624897858024
2,10,68,3.93159579944584
2,10,69,3.867138839514037
2,10,70,3.909709222506363
2,10,71,3.9667363714300863
2,10,72,4.04270309137893
2,10,73,3.8993110017050068
2,10,74,4.019892900575423
2,10,75,4.005851462915592
2,10,76,3.946312155743801
2,10,77,4.021859365622314
2,10,78,3.7375216223891674
2,10,79,3.885101744405338
2,10,80,3.8986857402493302
2,10,81,3.8137807161657964
2,10,82,3.965641237851644
2,10,83,3.834892158034925
2,10,84,3.9468389871589764
2,10,85,3.9393082212808874
2,10,86,3.916691067135532
2,10,87,3.9190829444266546
2,10,88,3.9406269760762775
2,10,89,4.052080637414737
2,10,90,3.8526591747655203
2,10,91,3.8456348159633227
2,10,92,3.9454338228900014
2,10,93,4.150025363757445
2,10,94,3.836240645726752
2,10,95,4.053342359867848
2,10,96,3.879879345002115
2,10,97,3.8738592820758413
2,10,98,3.972829849477827
2,10,99,3.867444275788553
2,10,100,4.033359750319677
2,11,1,4.04892978436699
2,11,2,3.951853908780885
2,11,3,3.8767781984228153
2,11,4,3.8918835223784907
2,11,5,3.990197768968433
2,11,6,3.934400690004243
2,11,7,3.8510844517263023
2,11,8,4.013194102088651
2,11,9,3.954341467231435
2,11,10,3.9851562672634175
2,11,11,4.026255718243813
2,11,12,3.9411401643222344
2,11,13,3.872487764599285
2,11,14,4.36272405088447
2,11,15,4.089938004475697
2,11,16,3.989333480765117
2,11,17,3.990400403985496
2,11,18,4.111551423540058
2,11,19,3.9193002916666386
2,11,20,3.8454859145353457
2,11,21,3.9825341656542896
2,11,22,4.017982437553268
2,11,23,4.124812199648336
2,11,24,3.875644960304741
2,11,25,4.015354413682846
2,11,26,3.775464599584378
2,11,27,3.9920847277280234
2,11,28,3.915413732736547
2,11,29,3.896362619725033
2,11,30,4.112893245684133
2,11,31,3.878537913096736
2,11,32,4.009667827099302
2,11,33,4.066618848465456
2,11,34,4.0808460979326515
2,11,35,4.093700189578001
2,11,36,3.915838459025975
2,11,37,3.9359746736466112
2,11,38,3.874994322943283
2,11,39,4.068447661338437
2,11,40,3.95333046589938
2,11,41,3.837666328378055
2,11,42,3.958555528932205
2,11,43,3.980742235933477
2,11,44,4.172698050085224
2,11,45,3.9133072734974155
2,11,46,3.9463978296035465
2,11,47,3.9123466095481447
2,11,48,3.999332105924957
2,11,49,3.8863430970801045
2,11,50,3.930795247282592
2,11,51,3.9490800433183777
2,11,52,3.962582422580973
2,11,53,3.964449121856333
2,11,54,3.89676765648974
2,11,55,4.003441965473132
2,11,56,3.8873300524829144
2,11,57,4.013138551843542
2,11,58,3.7894416261189168
2,11,59,3.959907313832038
2,11,60,4.053392092710987
2,11,61,3.848789730392126
2,11,62,4.0240270295716
2,11,63,3.8428654854006545
2,11,64,4.1388938739343395
2,11,65,4.135412713341859
2,11,66,4.137731329603578
2,11,67,4.101667209079287
2,11,68,3.9453373697250456
2,11,69,3.8402380751278513
2,11,70,4.051402102674745
2,11,71,3.8570220695332234
2,11,72,3.930986317721625
2,11,73,3.9779499665920612
2,11,74,3.93111409644073
2,11,75,4.151502764279616
2,11,76,3.9570207424339046
2,11,77,4.02071132720588
2,11,78,3.952349944320104
2,11,79,4.208029722453107
2,11,80,3.9445939474104597
2,11,81,4.00654860651107
2,11,82,3.971306671355478
2,11,83,3.989615342551131
2,11,84,4.242324858109533
2,11,85,3.9599161354432937
2,11,86,4.059750578271515
2,11,87,3.8794722957160808
2,11,88,4.00777995231244
2,11,89,3.9984768818733905
2,11,90,3.9394417853260593
2,11,91,4.080583386935203
2,11,92,4.057115989343567
2,11,93,3.840346462809015
2,11,94,4.194951629635536
2,11,95,3.992400711317114
2,11,96,3.9067164079816554
2,11,97,4.109498589514055
2,11,98,3.918228736093324
2,11,99,3.8846767808503593
2,11,100,3.986755260496559
2,12,1,3.9754686431159163
2,12,2,3.843884600756585
2,12,3,4.025368425777906
2,12,4,3.8598125541879544
2,12,5,3.887924797261271
2,12,6,4.028782739876366
2,12,7,3.9187527043904202
2,12,8,3.8081505031969116
2,12,9,3.9185511098678365
2,12,10,3.9543781527600057
2,12,11,4.0188363212382665
2,12,12,3.84078169991471
2,12,13,3.890351483482503
2,12,14,3.8986904297207885
2,12,15,3.9133887845801114
2,12,16,3.891843686061349
2,12,17,3.89381205221651
2,12,18,3.9201753543797717
2,12,19,3.7850916138640014
2,12,20,3.8376667413149708
2,12,21,4.076574901108264
2,12,22,3.9238697527173487
2,12,23,3.8417279957906847
2,12,24,3.878556645886598
2,12,25,3.849061937073707
2,12,26,3.844392074595033
2,12,27,3.922605004049428
2,12,28,3.8735081181798474
2,12,29,3.8308678088234926
2,12,30,4.06816917338021
2,12,31,3.7854901076299834
2,12,32,3.86835781276639
2,12,33,3.9202843249147223
2,12,34,3.8454873989769665
2,12,35,4.099378706361884
2,12,36,3.9579147937979142
2,12,37,3.9293728426044128
2,12,38,3.879595935048996
2,12,39,3.7662916045396235
2,12,40,4.038473806905358
2,12,41,3.7541478432970865
2,12,42,3.8170439008418313
2,12,43,3.7788668734015136
2,12,44,3.9058055380967374
2,12,45,3.785334250426233
2,12,46,4.048629597399813
2,12,47,3.7587196700234253
2,12,48,3.994831471600601
2,12,49,3.95361418472931
2,12,50,3.9797924530051128
2,12,51,3.992623671355486
2,12,52,3.967475737638512
2,12,53,3.9153756415174463
2,12,54,3.8549893052535813
2,12,55,3.9648898160166106
2,12,56,3.9383955305306593
2,12,57,3.9417452087062834
2,12,58,3.8239546617114017
2,12,59,3.953468354273206
2,12,60,3.9193798626917924
2,12,61,3.8039880643115707
2,12,62,3.941002296675158
2,12,63,3.8706247611359523
2,12,64,3.889166951779588
2,12,65,4.049041818201189
2,12,66,3.9605889821504534
2,12,67,3.9629068058397054
2,12,68,3.908289383631681
2,12,69,3.8814442716325357
2,12,70,3.937565379582236
2,12,71,3.924916322463745
2,12,72,3.9814032859654587
2,12,73,3.962909643861877
2,12,74,3.883544181905322
2,12,75,3.8624338973252037
2,12,76,3.8606612010336487
2,12,77,3.928895574754872
2,12,78,3.872809471813698
2,12,79,3.950800451832892
2,12,80,3.947676978580533
2,12,81,3.82185938192665
2,12,82,3.882357447357179
2,12,83,3.9502591522271637
2,12,84,3.9014501236146306
2,12,85,3.912869430626571
2,12,86,3.85298296419436
2,12,87,3.8369016215366334
2,12,88,3.953172202685405
2,12,89,3.955972437340136
2,12,90,3.9447122034313424
2,12,91,3.896023663522994
2,12,92,3.8183685880221385
2,12,93,3.863056044863567
2,12,94,3.891296395780017
2,12,95,4.034588951300071
2,12,96,3.870984925724618
2,12,97,3.8886258621056893
2,12,98,3.8956411178601598
2,12,99,4.006172669650441
2,12,100,4.0364915029837825
2,13,1,3.9579514934995457
2,13,2,3.8716565114023607
2,13,3,3.8956938962062786
2,13,4,3.922100101662388
2,13,5,3.9551891574488285
2,13,6,4.02992946952258
2,13,7,3.891509627077965
2,13,8,3.7726022020992955
2,13,9,3.895226784153855
2,13,10,3.9698588122335683
2,13,11,4.086926215419855
2,13,12,3.8860168294437067
2,13,13,3.7890756618179604
2,13,14,4.024177424605711
2,13,15,3.919044390611654
2,13,16,3.889071926523846
2,13,17,4.004358426736984
2,13,18,3.9871827702472147
2,13,19,3.840677647218653
2,13,20,3.929633250639351
2,13,21,4.053977319053701
2,13,22,4.026889366048571
2,13,23,3.838315737212246
2,13,24,3.8515628662084156
2,13,25,3.947177734015315
2,13,26,3.8019405895140506
2,13,27,3.89542851625104
2,13,28,3.8719903363171015
2,13,29,3.848709419970123
2,13,30,4.095112417838865
2,13,31,3.8250193901853864
2,13,32,3.889247441762551
2,13,33,3.826916178442006
2,13,34,3.927878702951828
2,13,35,4.101855528026425
2,13,36,3.9064068381819776
2,13,37,4.062056117487196
2,13,38,3.7732909406436352
2,13,39,3.958654350543457
2,13,40,3.9295834011615267
2,13,41,3.8743961064044923
2,13,42,3.9000841016090946
2,13,43,3.8330881387467817
2,13,44,4.066551335411324
2,13,45,4.012354366741241
2,13,46,3.8873769166666365
2,13,47,3.9229914562553034
2,13,48,3.954736967710976
2,13,49,3.884549374413866
2,13,50,3.922796190590344
2,13,51,4.059444014652579
2,13,52,3.945054315537061
2,13,53,3.9028035651640813
2,13,54,3.8610642277812937
2,13,55,4.1164296793478234
2,13,56,3.977555816176442
2,13,57,3.851201107470121
2,13,58,3.7818429895034
2,13,59,3.977369125692651
2,13,60,3.9291296503090103
2,13,61,3.767296759750616
2,13,62,4.1647522421142344
2,13,63,3.8991240412936685
2,13,64,3.8785125029304792
2,13,65,3.9706713351981993
2,13,66,3.9797097928388645
2,13,67,4.0405027442987995
2,13,68,3.9222796390664607
2,13,69,3.9284001034206866
2,13,70,3.9386300234441256
2,13,71,3.7677403753729513
2,13,72,4.116182285805605
2,13,73,3.8445230742753327
2,13,74,3.8670716846760054
2,13,75,4.001900470055403
2,13,76,3.916826505221632
2,13,77,3.776692740995287
2,13,78,3.844356005967573
2,13,79,3.9721561568627313
2,13,80,3.9559725373507795
2,13,81,3.8914240415067898
2,13,82,3.817650324328611
2,13,83,3.860314712649154
2,13,84,3.86344311642154
2,13,85,3.894469572623597
2,13,86,3.9540155598358813
2,13,87,3.8953812580988636
2,13,88,3.8910498504368847
2,13,89,3.9102534276960514
2,13,90,3.8612512197889663
2,13,91,3.961664044757021
2,13,92,3.922072429880631
2,13,93,3.8467941254795117
2,13,94,3.890427050777872
2,13,95,3.9087225051150556
2,13,96,3.8688978524616138
2,13,97,3.904567007725892
2,13,98,4.107667245897259
2,13,99,3.9553775309036427
2,13,100,4.034506946025131
2,14,1,3.930754944213527
2,14,2,3.866126905317537
2,14,3,3.8631498003516325
2,14,4,3.877424355978229
2,14,5,3.9365359233801978
2,14,6,3.9448561367753414
2,14,7,3.887527623721193
2,14,8,3.933932575767239
2,14,9,3.9406826405051003
2,14,10,3.9704661828644374
2,14,11,4.146911730019181
2,14,12,3.8435518094096093
2,14,13,3.8088995475276857
2,14,14,4.137266987372116
2,14,15,3.97526413565642
2,14,16,3.8975570500319354
2,14,17,3.9625993710038183
2,14,18,4.02271803207585
2,14,19,3.8378884244458416
2,14,20,3.759755723998281
2,14,21,3.977184648870399
2,14,22,4.006118413469715
2,14,23,3.9767179722399764
2,14,24,3.9380494063299034
2,14,25,3.9307010538149783
2,14,26,3.7459532731244516
2,14,27,3.9182657387041453
2,14,28,3.8644719471973263
2,14,29,3.8127485063405495
2,14,30,4.091047423540063
2,14,31,3.82232870796033
2,14,32,3.8964725743819084
2,14,33,3.8287932510123306
2,14,34,3.852028445119327
2,14,35,4.1643712742433845
2,14,36,3.897744291133819
2,14,37,3.866683127557518
2,14,38,3.7973535288256524
2,14,39,4.000294605818396
2,14,40,3.9164263000319446
2,14,41,3.820075551257422
2,14,42,3.892407766837136
2,14,43,3.8284491476981786
2,14,44,3.908942513640213
2,14,45,3.9492790190217106
2,14,46,3.90651490441174
2,14,47,3.8483872033247732
2,14,48,4.0057733359441485
2,14,49,4.008181032661965
2,14,50,3.917745206575
2,14,51,3.8173790085251107
2,14,52,3.8771502032715
2,14,53,4.035734982949695
2,14,54,3.8241447520246856
2,14,55,4.02699887761081
2,14,56,3.978852842338001
2,14,57,3.883142809942424
2,14,58,3.8266556880328073
2,14,59,4.123412629582261
2,14,60,3.8982616790281055
2,14,61,3.7230634663256392
2,14,62,4.043289869405357
2,14,63,3.869555848998265
2,14,64,3.8453292331095144
2,14,65,4.05672848481457
2,14,66,3.8731116915494193
2,14,67,3.9974693170289735
2,14,68,3.8616825071930556
2,14,69,3.8772965261615258
2,14,70,3.982552830029815
2,14,71,3.8086263943414025
2,14,72,4.026528480498717
2,14,73,3.895447108482491
2,14,74,3.9424890825873526
2,14,75,3.852955522325206
2,14,76,4.007043851395979
2,14,77,3.9838761073103006
2,14,78,3.858124029838005
2,14,79,4.040305024829483
2,14,80,3.91654225026638
2,14,81,3.922156068574145
2,14,82,3.924887762414724
2,14,83,3.9955948779837835
2,14,84,3.9414910480605054
2,14,85,3.804815373241665
2,14,86,3.950223952525569
2,14,87,3.870538433823495
2,14,88,4.019574735453945
2,14,89,3.9389616758311874
2,14,90,3.989258041826494
2,14,91,4.033613295449694
2,14,92,3.875268850543451
2,14,93,3.830191465846087
2,14,94,3.9452943933290316
2,14,95,3.854726571398093
2,14,96,3.88384503436699
2,14,97,4.07339288720161
2,14,98,3.999517521792396
2,14,99,3.8735536721547024
2,14,100,4.061294680573294
2,15,1,3.897285759217796
2,15,2,3.8559597428601626
2,15,3,4.017420828164946
2,15,4,3.9859804954177216
2,15,5,3.890587049818816
2,15,6,4.046443244298793
2,15,7,3.7883630160911927
2,15,8,3.851960874360591
2,15,9,3.8558620696397816
2,15,10,3.926392137361441
2,15,11,4.163689231404508
2,15,12,3.828551762521291
2,15,13,3.8670022955562393
2,15,14,4.163131104699487
2,15,15,3.994493746057107
2,15,16,3.8237631498827507
2,15,17,3.8785798786764434
2,15,18,4.008926365675599
2,15,19,3.8639831625639083
2,15,20,3.824014123721198
2,15,21,3.979945300564778
2,15,22,4.015179526427943
2,15,23,3.821271659100571
2,15,24,3.8710922350276844
2,15,25,3.9616363505434578
2,15,26,3.7925248652493475
2,15,27,3.8311653236359424
2,15,28,3.84216921387465
2,15,29,3.8807427759483866
2,15,30,4.114532867540485
2,15,31,3.829001940910032
2,15,32,3.8121084703218067
2,15,33,3.955957488011484
2,15,34,3.872411266357616
2,15,35,4.147991699275356
2,15,36,3.9279230516836883
2,15,37,3.9218155804027908
2,15,38,3.8191742189897537
2,15,39,3.9312385053281855
2,15,40,3.953366521685823
2,15,41,3.818548997548992
2,15,42,3.878082372815398
2,15,43,3.792704306585661
2,15,44,3.833882407555383
2,15,45,3.938440058876776
2,15,46,3.930069136135952
2,15,47,3.9095426162084093
2,15,48,3.9599808789428645
2,15,49,3.885360161444976
2,15,50,3.931945633471855
2,15,51,3.8622895526960397
2,15,52,3.794470739450113
2,15,53,4.045189452632131
2,15,54,3.9258174490621998
2,15,55,4.05910330940962
2,15,56,3.878913981777456
2,15,57,3.894991762041738
2,15,58,4.007423272751484
2,15,59,4.042014923540052
2,15,60,4.0064216337915415
2,15,61,3.7423780535485784
2,15,62,3.9812652102514776
2,15,63,4.0252431384271015
2,15,64,3.888078048113775
2,15,65,4.062816496803058
2,15,66,4.001920755061792
2,15,67,4.001755511242532
2,15,68,3.862844820066028
2,15,69,3.9445110493392725
2,15,70,3.9744066979965695
2,15,71,3.8364764995737173
2,15,72,3.9384335615941746
2,15,73,3.7852113909313454
2,15,74,3.9920584291879546
2,15,75,4.029048845641508
2,15,76,3.879774478953516
2,15,77,3.9889361202578804
2,15,78,3.7846159387254716
2,15,79,3.936684323529397
2,15,80,3.873416553601844
2,15,81,3.8809031949061974
2,15,82,3.912281709612072
2,15,83,3.8859974717604135
2,15,84,3.896525167199462
2,15,85,3.917803944959492
2,15,86,3.9850987216538716
2,15,87,3.907458443094595
2,15,88,3.9421349125639247
2,15,89,3.9539496849424407
2,15,90,3.846635384430905
2,15,91,4.041548656809451
2,15,92,3.825918143542176
2,15,93,3.9512505437446617
2,15,94,3.998236513000811
2,15,95,3.82837414274293
2,15,96,3.914128127983784
2,15,97,4.0772981856884005
2,15,98,3.9564271788682692
2,15,99,3.8785751943733704
2,15,100,3.9791376790813824
3,1,1,3.9771790103900098
3,1,2,3.913102640984635
3,1,3,3.997951470268534
3,1,4,3.832601590313269
3,1,5,3.936866183610388
3,1,6,3.8697983594948537
3,1,7,4.127721576033663
3,1,8,3.945478873508078
3,1,9,3.8712716023550517
3,1,10,3.9461448063192637
3,1,11,3.9425344297207747
3,1,12,3.9078646837702182
3,1,13,3.722508632033225
3,1,14,3.971824463448404
3,1,15,3.930064777067323
3,1,16,3.9862064873188254
3,1,17,3.9706074650468746
3,1,18,3.9939750789641737
3,1,19,3.9189764894501
3,1,20,4.038183042625747
3,1,21,3.8224571986892304
3,1,22,3.931939191123166
3,1,23,3.8998779248188087
3,1,24,3.9281687960357874
3,1,25,3.8063663383418245
3,1,26,4.040216999786862
3,1,27,3.9597587700340884
3,1,28,3.963795761881912
3,1,29,3.8256329027066998
3,1,30,3.819327206042176
3,1,31,3.7967789146952087
3,1,32,3.9108941457800217
3,1,33,3.854085043691367
3,1,34,4.040322624040912
3,1,35,3.9989128187872818
3,1,36,3.816765496483346
3,1,37,3.844038107416848
3,1,38,3.9478964035592257
3,1,39,3.796134612851635
3,1,40,3.890785827205854
3,1,41,3.8694869309462643
3,1,42,3.9474412457374117
3,1,43,3.9646696952258997
3,1,44,3.85293765755538
3,1,45,3.9444415435315228
3,1,46,3.8707046631500175
3,1,47,3.9585420579709796
3,1,48,4.000470895193929
3,1,49,3.9122888999893206
3,1,50,3.914195762521287
3,1,51,3.7411643341858354
3,1,52,3.981108519075012
3,1,53,3.9708652357203555
3,1,54,4.12187798556051
3,1,55,3.9244495958013377
3,1,56,3.9332188998827537
3,1,57,4.039443329976543
3,1,58,4.040401298113807
3,1,59,3.8232238079177074
3,1,60,3.842789268755301
3,1,61,3.867550383844807
3,1,62,3.896013161018728
3,1,63,3.907331107896389
3,1,64,3.9213052282075513
3,1,65,3.865719353314116
3,1,66,3.940150550671328
3,1,67,3.8783585083652765
3,1,68,4.016969211157266
3,1,69,3.9138046636295645
3,1,70,3.9398857000212852
3,1,71,4.003874096867
3,1,72,3.9462293994032254
3,1,73,3.920112018808584
3,1,74,4.101431905903655
3,1,75,3.8175221897911
3,1,76,3.95185785778984
3,1,77,4.016779976982083
3,1,78,3.9670184754901743
3,1,79,4.0151278096760326
3,1,80,3.8609836675724325
3,1,81,3.9651006689044985
3,1,82,4.077841476076283
3,1,83,4.009987846760432
3,1,84,3.935879013213963
3,1,85,3.8808972656116647
3,1,86,3.977315313885321
3,1,87,3.8914961580882084
3,1,88,3.8678105418264823
3,1,89,4.098700593616782
3,1,90,3.9114233531542766
3,1,91,3.8722682993392663
3,1,92,4.074645374040921
3,1,93,3.9338217343350177
3,1,94,3.8562387797314295
3,1,95,3.808291517103564
3,1,96,3.9735823893328948
3,1,97,3.8786727333759283
3,1,98,3.7919785822143877
3,1,99,3.8554530477408044
3,1,100,3.9061078229432833
3,2,1,3.770487603420692
3,2,2,3.8721734043584584
3,2,3,3.7585317833013523
3,2,4,4.08341318520887
3,2,5,4.068483294064353
3,2,6,3.852212542465868
3,2,7,3.87717706953322
3,2,8,3.950942526268091
3,2,9,3.873548551790252
3,2,10,3.9166050249360405
3,2,11,3.8839451565430148
3,2,12,3.990014002344403
3,2,13,3.8009982088128527
3,2,14,4.06723829651534
3,2,15,3.8917462387041626
3,2,16,4.144317814844408
3,2,17,3.8141973929027935
3,2,18,3.8751130781116485
3,2,19,3.886982480072438
3,2,20,3.79842372117432
3,2,21,3.895134214993582
3,2,22,3.982011671621894
3,2,23,3.814145160166221
3,2,24,3.920594767742935
3,2,25,4.0087000207800205
3,2,26,3.925500187020436
3,2,27,3.8798422969948514
3,2,28,4.016359652706711
3,2,29,3.907545926523846
3,2,30,4.153939839514056
3,2,31,4.081012615302634
3,2,32,3.899749427163223
3,2,33,3.7828296083759403
3,2,34,3.9328213742007416
3,2,35,3.904440895620168
3,2,36,3.7804862044437124
3,2,37,3.950457161072015
3,2,38,3.8782593868818824
3,2,39,3.823012426097584
3,2,40,4.059497820332463
3,2,41,3.84039602019392
3,2,42,3.88078240265343
3,2,43,4.031495870684138
3,2,44,3.828504890238668
3,2,45,3.8593439182651106
3,2,46,3.8299811866474527
3,2,47,3.9084204107523233
3,2,48,4.033316602674752
3,2,49,3.9269083653026255
3,2,50,3.9797170488064624
3,2,51,3.856850636722049
3,2,52,3.880349150895112
3,2,53,3.7759176005434534
3,2,54,4.121373769554561
3,2,55,3.8601056149296302
3,2,56,4.159784883258729
3,2,57,3.9633986498294815
3,2,58,3.7813790922847246
3,2,59,3.8556260565323774
3,2,60,3.967301414535358
3,2,61,3.8945413824594715
3,2,62,4.013227041986347
3,2,63,3.9382474914215333
3,2,64,3.8633596480178736
3,2,65,3.861693109974394
3,2,66,4.008166598998284
3,2,67,3.891801296035786
3,2,68,3.7415667186700508
3,2,69,3.77791720039427
3,2,70,3.801717026321361
3,2,71,3.9832719414961475
3,2,72,3.976316317295383
3,2,73,3.8933246935741366
3,2,74,3.8339193424978366
3,2,75,3.8265130704922945
3,2,76,3.8528131468989533
3,2,77,3.91030589173058
3,2,78,3.9741595185421765
3,2,79,3.91954297634268
3,2,80,3.810902063086083
3,2,81,3.7835183405264043
3,2,82,4.0089519897165244
3,2,83,3.8599835747015834
3,2,84,3.9291244104858976
3,2,85,3.9281392371056976
3,2,86,3.8221747056691915
3,2,87,3.9176211145033863
3,2,88,3.935903441549415
3,2,89,3.7731803286977637
3,2,90,3.921951439098448
3,2,91,3.8946089800191466
3,2,92,4.006837430839716
3,2,93,3.942481129475681
3,2,94,3.867535267316678
3,2,95,3.821902019874225
3,2,96,3.961545754315846
3,2,97,3.900564583386601
3,2,98,3.919985095854619
3,2,99,3.9747921376811415
3,2,100,3.853271226076266
3,3,1,3.9897153834718537
3,3,2,4.095908795822667
3,3,3,3.874644128143617
3,3,4,3.9283900201406308
3,3,5,3.9060191381073954
3,3,6,4.040938907555388
3,3,7,3.8613735181691933
3,3,8,3.796168020353766
3,3,9,3.832328443520858
3,3,10,3.8610313922634
3,3,11,3.906463595694779
3,3,12,4.080622745843984
3,3,13,3.904700681852052
3,3,14,3.9821206714087647
3,3,15,4.0040487170183114
3,3,16,4.000166740888726
3,3,17,3.8776190017050007
3,3,18,3.8228323663682584
3,3,19,3.9440303413256554
3,3,20,3.9410901756180587
3,3,21,3.9630980611679227
3,3,22,3.8299521053388434
3,3,23,3.9931929356883886
3,3,24,4.005257288203307
3,3,25,4.076066005488049
3,3,26,4.039972361199904
3,3,27,3.802449997975269
3,3,28,3.975264761988474
3,3,29,3.865217146952226
3,3,30,3.837925734228441
3,3,31,3.81998325575444
3,3,32,3.902753872122731
3,3,33,3.8218563171355178
3,3,34,3.9757703180946162
3,3,35,3.870778122815395
3,3,36,3.948108482949686
3,3,37,3.8864388956201656
3,3,38,3.9357906783354495
3,3,39,3.9588302195758476
3,3,40,3.893231870630833
3,3,41,4.068030341272369
3,3,42,3.89971386466322
3,3,43,3.9576785440110624
3,3,44,3.7847637864449912
3,3,45,4.024643110720364
3,3,46,3.972740529198631
3,3,47,3.809714948049847
3,3,48,3.968172899349936
3,3,49,3.9485568273124256
3,3,50,3.8777922315643383
3,3,51,4.031695814258299
3,3,52,3.812434180946269
3,3,53,3.9919680530690447
3,3,54,4.111462432757877
3,3,55,4.00765862638531
3,3,56,4.007919503623181
3,3,57,3.9908710922314534
3,3,58,3.966139290281319
3,3,59,4.095626751864868
3,3,60,3.9960713412190736
3,3,61,3.996434123614646
3,3,62,3.9430755208865884
3,3,63,4.014759554187976
3,3,64,4.019048108535781
3,3,65,3.932083478953513
3,3,66,3.9185684110187267
3,3,67,3.911882847612934
3,3,68,3.8910211539322095
3,3,69,3.957419493925815
3,3,70,3.813044235400638
3,3,71,4.045473647964601
3,3,72,4.020869614236995
3,3,73,3.7655947810634958
3,3,74,3.8941898132459256
3,3,75,4.106901413256594
3,3,76,3.9410004367007514
3,3,77,3.972559578431352
3,3,78,3.837357783407899
3,3,79,3.8557559952578626
3,3,80,4.009095385549851
3,3,81,4.060000407342274
3,3,82,4.006944433983358
3,3,83,3.9412811153559013
3,3,84,3.770050159100566
3,3,85,3.877427178814969
3,3,86,3.8429655056478773
3,3,87,3.8244882026853912
3,3,88,3.9602455379901764
3,3,89,3.8476441153026077
3,3,90,3.995575350010641
3,3,91,3.8867952306052547
3,3,92,4.030485056159405
3,3,93,3.8789049936593853
3,3,94,4.000674698795803
3,3,95,3.876006701566469
3,3,96,3.9626859294543797
3,3,97,3.9038067697676704
3,3,98,4.078235506074163
3,3,99,3.928019788842688
3,3,100,3.861480470002105
3,4,1,3.778416899563064
3,4,2,4.011627279571596
3,4,3,3.827374930413448
3,4,4,3.8198112316709043
3,4,5,4.000830728101012
3,4,6,3.8356925548273355
3,4,7,3.8190008222506138
3,4,8,4.01817082550083
3,4,9,3.9708836053921344
3,4,10,3.930384480818392
3,4,11,3.811833543957766
3,4,12,3.9134936687979236
3,4,13,3.866037880274906
3,4,14,4.139466439524724
3,4,15,3.9418291759910344
3,4,16,4.004036530637237
3,4,17,3.983378770566903
3,4,18,3.988371352728032
3,4,19,3.85362323540066
3,4,20,3.907180644181566
3,4,21,3.851971859814544
3,4,22,3.9441886718883
3,4,23,3.817847928814988
3,4,24,3.861732047154699
3,4,25,3.9728826433823206
3,4,26,3.9458479500212946
3,4,27,3.857543690750182
3,4,28,3.9103779432011643
3,4,29,3.997244326140223
3,4,30,3.9954622719522437
3,4,31,4.033583119405358
3,4,32,3.982915068947127
3,4,33,3.7742660669224017
3,4,34,4.000023553601868
3,4,35,4.10014284319052
3,4,36,3.775278275788555
3,4,37,4.034862927216519
3,4,38,3.872866903132946
3,4,39,3.8692828773443897
3,4,40,3.9844524731990436
3,4,41,3.759737393648744
3,4,42,3.934847091751903
3,4,43,3.9356280667625514
3,4,44,3.882288534953083
3,4,45,3.8597794211423504
3,4,46,3.8877560771525688
3,4,47,4.065809046888308
3,4,48,3.940440498987619
3,4,49,3.8540868268861708
3,4,50,4.04921921653877
3,4,51,3.845830201779594
3,4,52,4.057213449275347
3,4,53,3.8728006745524013
3,4,54,4.039323829763413
3,4,55,3.8743911247868414
3,4,56,4.002570335091632
3,4,57,4.016730447303906
3,4,58,3.762990407235701
3,4,59,3.846099708599716
3,4,60,3.9110764808716576
3,4,61,3.929988242593755
3,4,62,3.884910048913014
3,4,63,3.9603206837169305
3,4,64,3.851525347932616
3,4,65,3.9136692547420835
3,4,66,4.105304591059248
3,4,67,3.8807502400362095
3,4,68,3.8830708095161586
3,4,69,3.8083052359334784
3,4,70,3.813434672580952
3,4,71,3.873806458972697
3,4,72,3.9273802266623816
3,4,73,3.8635263498507704
3,4,74,3.90494767124891
3,4,75,3.783502872176017
3,4,76,3.9026765424125927
3,4,77,3.910873068201172
3,4,78,3.8275663012041425
3,4,79,3.855374110826903
3,4,80,3.818895369032367
3,4,81,3.9552855181692026
3,4,82,3.996459683610382
3,4,83,3.9046058240621946
3,4,84,3.8825017899083147
3,4,85,3.9616593904518074
3,4,86,3.8321557463767792
3,4,87,3.969870229006804
3,4,88,3.9505777052962263
3,4,89,3.71278421488703
3,4,90,3.904950219202878
3,4,91,3.922479155956916
3,4,92,4.03291751838235
3,4,93,3.844499379955207
3,4,94,3.9355092973678256
3,4,95,3.8938524844415867
3,4,96,3.897363738970563
3,4,97,3.943078671781745
3,4,98,3.930962345534929
3,4,99,3.881338024669619
3,4,100,3.8634281546248648
3,5,1,3.8592075066602463
3,5,2,3.878714111892568
3,5,3,4.040422789641932
3,5,4,3.8265938990302333
3,5,5,3.896733877344399
3,5,6,3.9096008452685096
3,5,7,4.194663359388296
3,5,8,4.062907630008516
3,5,9,3.8982801462062855
3,5,10,3.8955912819160106
3,5,11,3.930089017263396
3,5,12,3.949993536871251
3,5,13,3.8312891018222155
3,5,14,4.060654926790267
3,5,15,3.882651029038764
3,5,16,4.013789501545165
3,5,17,3.9108017076406414
3,5,18,3.9643112294863303
3,5,19,3.879096268648738
3,5,20,3.9605642745097973
3,5,21,3.850636703218211
3,5,22,3.940120829923264
3,5,23,3.9992922673699796
3,5,24,3.948605001811574
3,5,25,3.88498101353364
3,5,26,4.056950729806046
3,5,27,3.9912519919010987
3,5,28,3.9323879799125923
3,5,29,3.804821148603979
3,5,30,3.8189017221866774
3,5,31,3.8298590563725217
3,5,32,3.994330323689247
3,5,33,3.9437736739130185
3,5,34,4.076068754848662
3,5,35,4.1751864244991514
3,5,36,3.827333405157682
3,5,37,3.8271435412936623
3,5,38,3.8958834011082444
3,5,39,3.9383995253090025
3,5,40,3.921886661391716
3,5,41,3.985586525895114
3,5,42,3.9695599467710894
3,5,43,3.8640836510549654
3,5,44,3.872979978473971
3,5,45,4.058669764812439
3,5,46,3.8080744252983556
3,5,47,3.9880767985400536
3,5,48,3.9966433965259776
3,5,49,3.9573095580775592
3,5,50,4.052532723465464
3,5,51,3.8312230151321214
3,5,52,3.9058993306159215
3,5,53,4.008800418105269
3,5,54,4.228030404518315
3,5,55,3.887021950287684
3,5,56,4.031394812340148
3,5,57,4.024988530956942
3,5,58,3.9923242960357976
3,5,59,3.792432791240387
3,5,60,3.856573838501676
3,5,61,3.863430115355894
3,5,62,4.022711203697769
3,5,63,3.877919756393835
3,5,64,3.997593160485911
3,5,65,3.9049910560528307
3,5,66,4.041646968616773
3,5,67,3.7888409402173733
3,5,68,4.056053292412595
3,5,69,3.835213411817962
3,5,70,4.012297405583958
3,5,71,3.9314056321930817
3,5,72,4.038646303388742
3,5,73,3.798347066975681
3,5,74,3.9644110345268233
3,5,75,3.8137851643222174
3,5,76,4.018565982576715
3,5,77,4.0214185636189095
3,5,78,4.020647031010206
3,5,79,3.9537819072357028
3,5,80,3.888150381979931
3,5,81,4.040513044117632
3,5,82,4.093239734441594
3,5,83,3.9486441134910293
3,5,84,3.8356213957267338
3,5,85,3.9870341094415918
3,5,86,3.8457221234015098
3,5,87,3.902917045716086
3,5,88,3.8969680442774632
3,5,89,3.9956625877557435
3,5,90,3.9615137620950294
3,5,91,3.930741993073284
3,5,92,4.051946093137242
3,5,93,3.9552837731777273
3,5,94,3.857881763267227
3,5,95,3.9598842972612776
3,5,96,4.000192023390869
3,5,97,3.9625920471547103
3,5,98,3.8436199328644216
3,5,99,3.9833048990835276
3,5,100,3.9499462240515633
3,6,1,3.924913171408754
3,6,2,3.9526630410272565
3,6,3,3.9149717692881207
3,6,4,3.8401338297634067
3,6,5,3.940612522858038
3,6,6,3.885565335198184
3,6,7,3.765466255221643
3,6,8,3.834273075927078
3,6,9,3.9349493166559872
3,6,10,3.7756175997975028
3,6,11,3.8354747693946836
3,6,12,3.9223313291240234
3,6,13,4.019435978793681
3,6,14,3.8920392038043232
3,6,15,3.8542430343669736
3,6,16,4.000283559196492
3,6,17,3.9419951628836163
3,6,18,3.8988447071078074
3,6,19,4.086756304720792
3,6,20,3.9400392911338202
3,6,21,3.9368163077045977
3,6,22,3.8901496162616938
3,6,23,4.027374228154292
3,6,24,3.8794135685741242
3,6,25,4.019173813832039
3,6,26,3.910925527813284
3,6,27,3.9072420321291377
3,6,28,3.8702391055519763
3,6,29,4.050972986306469
3,6,30,3.785294230232292
3,6,31,3.8702878639705554
3,6,32,3.899293802749332
3,6,33,3.9516065891943573
3,6,34,3.874130924445847
3,6,35,3.8684666788682485
3,6,36,4.0139926908034855
3,6,37,3.940050658034931
3,6,38,3.959160215792818
3,6,39,4.034816911604844
3,6,40,3.9196327574061973
3,6,41,3.8925241364556404
3,6,42,3.9004723305093365
3,6,43,3.877931280850353
3,6,44,3.811132401641075
3,6,45,3.896479108269363
3,6,46,3.908021903346094
3,6,47,3.9135429168797584
3,6,48,3.965360425298354
3,6,49,3.9974628929560736
3,6,50,3.83708452978472
3,6,51,4.081977477035381
3,6,52,3.9764274313192636
3,6,53,4.161645502610815
3,6,54,3.995870532395552
3,6,55,3.9166287987531727
3,6,56,4.021329957907062
3,6,57,3.855544696131685
3,6,58,3.9875538386615443
3,6,59,4.115516859494873
3,6,60,3.93338480269605
3,6,61,3.91133625271737
3,6,62,3.8720978960997017
3,6,63,3.9213141539322036
3,6,64,3.8216719091005755
3,6,65,3.9608195046355354
3,6,66,3.8505164299339043
3,6,67,3.927508842178147
3,6,68,3.7838035682544504
3,6,69,3.8504871921355193
3,6,70,3.9229568476129364
3,6,71,3.9270001694373238
3,6,72,3.8713212418477974
3,6,73,3.9204825398017595
3,6,74,3.8552412611359417
3,6,75,3.787118601449247
3,6,76,3.8665572665707297
3,6,77,3.891171549499109
3,6,78,3.867037830669196
3,6,79,3.8767138802216223
3,6,80,3.863799765984612
3,6,81,3.848508076033647
3,6,82,3.7704940211530005
3,6,83,3.9040372260229925
3,6,84,3.8769406799871775
3,6,85,3.9032834095801063
3,6,86,3.8601246032608367
3,6,87,3.8621326271845415
3,6,88,3.8551682956628115
3,6,89,3.7984365566922196
3,6,90,3.913028667519157
3,6,91,4.0580314503409864
3,6,92,4.323142570758729
3,6,93,3.758775094842253
3,6,94,3.788147443254446
3,6,95,3.8010657823422633
3,6,96,3.961499654251916
3,6,97,3.8765726460464367
3,6,98,3.9259473625852253
3,6,99,3.890094051577113
3,6,100,3.8697334591325374
3,7,1,3.756107604433058
3,7,2,3.856709392849505
3,7,3,3.9369744972293046
3,7,4,3.99048271941602
3,7,5,4.048012480019169
3,7,6,3.941398153079691
3,7,7,3.8972918322143837
3,7,8,3.995144666346946
3,7,9,3.941435740462467
3,7,10,4.077941248774504
3,7,11,3.778698842657686
3,7,12,3.888990020726734
3,7,13,3.84506644053705
3,7,14,4.178285986839293
3,7,15,3.988391756926674
3,7,16,3.9936602739236853
3,7,17,3.896627344682404
3,7,18,4.0706092744565066
3,7,19,3.869502060954807
3,7,20,3.852600278878917
3,7,21,3.9043780462489086
3,7,22,3.934627189897673
3,7,23,3.7837546963448268
3,7,24,3.8777638020033836
3,7,25,3.8825885725170126
3,7,26,3.9852706000106433
3,7,27,3.924909572889995
3,7,28,4.100535301523855
3,7,29,4.004435746589922
3,7,30,3.9773346271312655
3,7,31,3.9386316017156653
3,7,32,3.9576078822996332
3,7,33,3.7816581026747476
3,7,34,4.012316634857193
3,7,35,4.001307993392986
3,7,36,3.769490540814129
3,7,37,3.955576399509776
3,7,38,3.815335336743351
3,7,39,3.7550262503196716
3,7,40,3.915382409846516
3,7,41,3.8321738447356966
3,7,42,3.9169717560208683
3,7,43,3.9370887255967295
3,7,44,3.814014838554947
3,7,45,3.8743196675724425
3,7,46,3.7957699933396984
3,7,47,3.959187333759569
3,7,48,3.961061081468441
3,7,49,3.954124141304338
3,7,50,3.983884391304328
3,7,51,3.828824477035359
3,7,52,4.06973351081628
3,7,53,3.926181757512761
3,7,54,3.9155804665920493
3,7,55,3.843356450181124
3,7,56,4.016378073262994
3,7,57,3.8909047346547045
3,7,58,3.820877609228447
3,7,59,3.843237630807721
3,7,60,3.9106082558077175
3,7,61,3.8778949653132626
3,7,62,3.9199066074168547
3,7,63,3.9699383208119894
3,7,64,3.8852223914108834
3,7,65,3.8948193063192345
3,7,66,4.166557499893436
3,7,67,3.886123868552834
3,7,68,3.829790758738237
3,7,69,3.83176555924976
3,7,70,3.8550951703431027
3,7,71,3.806252252131266
3,7,72,4.002950095801349
3,7,73,3.9518422724850577
3,7,74,3.87209365979324
3,7,75,3.7999915205136174
3,7,76,3.7940065905264095
3,7,77,3.8615342908674095
3,7,78,3.9660602435528385
3,7,79,3.8973496294223917
3,7,80,3.849032478527244
3,7,81,3.9295047119032263
3,7,82,3.9403573744671503
3,7,83,3.8595982927322714
3,7,84,3.88235792338019
3,7,85,3.880838193094607
3,7,86,3.8683195834398627
3,7,87,3.9419288258205163
3,7,88,3.8215942790387674
3,7,89,3.8189288039748237
3,7,90,3.965420318147889
3,7,91,3.7725901822250383
3,7,92,3.9541874442668257
3,7,93,3.863424346174308
3,7,94,3.8650974387254537
3,7,95,3.7535704462382635
3,7,96,3.870353086956499
3,7,97,3.9449195273337576
3,7,98,3.9721044868925635
3,7,99,3.9341107732842855
3,7,100,3.8319407236785827
3,8,1,3.876631230924949
3,8,2,3.9653490158247973
3,8,3,3.903159729699466
3,8,4,3.8680564918478026
3,8,5,3.9035317468563235
3,8,6,4.06202643408993
3,8,7,4.076877455136393
3,8,8,4.009985325713969
3,8,9,4.04500915260016
3,8,10,3.9083047962489155
3,8,11,3.8307117322569977
3,8,12,3.891465878996129
3,8,13,3.890354059356319
3,8,14,4.151111922048149
3,8,15,3.9946128756926553
3,8,16,4.019912846866998
3,8,17,3.945664894447969
3,8,18,4.0921618414855
3,8,19,3.9161086778026295
3,8,20,3.940858402493594
3,8,21,3.936227722186678
3,8,22,3.8682771442881236
3,8,23,3.8625343346120746
3,8,24,3.844957556106118
3,8,25,3.953573939791098
3,8,26,3.9836427493073194
3,8,27,3.8320474297740534
3,8,28,3.8975378971120795
3,8,29,4.020136902014045
3,8,30,3.8382451562766176
3,8,31,3.917972755914301
3,8,32,3.878727292679005
3,8,33,3.7712552255434617
3,8,34,3.8773585241900874
3,8,35,4.0231251446078256
3,8,36,3.919853185102274
3,8,37,3.9002476592071202
3,8,38,3.930411976875493
3,8,39,3.9086949005754152
3,8,40,3.826932705722481
3,8,41,3.827611648497422
3,8,42,3.899843001758294
3,8,43,3.754751295716088
3,8,44,3.838008115888705
3,8,45,3.854222307278332
3,8,46,3.867733691336293
3,8,47,3.842464206947971
3,8,48,4.004414511402373
3,8,49,3.984655314418143
3,8,50,3.9107229042518927
3,8,51,3.853821632406198
3,8,52,3.860868995311137
3,8,53,3.851191290441159
3,8,54,4.120421591059245
3,8,55,3.9100259352621176
3,8,56,3.9507121067774853
3,8,57,3.9335381001171936
3,8,58,3.766574701033658
3,8,59,3.8552681561700486
3,8,60,3.9332456828644187
3,8,61,3.848525290174729
3,8,62,3.786104833812852
3,8,63,4.044406273231011
3,8,64,3.957839659580115
3,8,65,3.978743638533662
3,8,66,4.02860529896631
3,8,67,3.7999757870311006
3,8,68,3.9502590646845417
3,8,69,3.850185402333731
3,8,70,3.929959968350344
3,8,71,4.015894347080116
3,8,72,3.8856247192028737
3,8,73,3.9367977559675773
3,8,74,3.866530594842255
3,8,75,3.8709945637787344
3,8,76,3.8400674255114855
3,8,77,3.8737161204709993
3,8,78,3.9645341901108146
3,8,79,3.8222616015025324
3,8,80,3.8091710155050875
3,8,81,3.9069840671888136
3,8,82,3.9768086879795215
3,8,83,3.8732240245630507
3,8,84,3.9228175191815557
3,8,85,4.072903661551567
3,8,86,3.9025213429773817
3,8,87,4.002164559516182
3,8,88,3.884460051363994
3,8,89,3.850899776960757
3,8,90,3.871283805786415
3,8,91,3.79487968238489
3,8,92,3.9094145658567534
3,8,93,3.834428655530663
3,8,94,3.8318825727301506
3,8,95,3.852659999840132
3,8,96,3.8270514473571735
3,8,97,3.979414664055827
3,8,98,3.848883010230151
3,8,99,3.7909944762361243
3,8,100,3.9866923278985373
3,9,1,3.9075133370097808
3,9,2,3.981511089087804
3,9,3,3.901239646525968
3,9,4,3.9155007314044936
3,9,5,3.9857909643542246
3,9,6,3.883642286391696
3,9,7,4.08729716426896
3,9,8,3.9263614260443034
3,9,9,3.9115515558929848
3,9,10,3.820059567242102
3,9,11,3.9614584162936763
3,9,12,3.9577922024189984
3,9,13,3.9631019220481343
3,9,14,4.108907566549436
3,9,15,3.9949523988171216
3,9,16,4.041712843883191
3,9,17,3.9218513329070546
3,9,18,4.004727700287711
3,9,19,3.90877640659632
3,9,20,3.933176157875097
3,9,21,3.911904190164072
3,9,22,3.904197556745503
3,9,23,3.9452358792092763
3,9,24,4.111529725436909
3,9,25,3.8317521118392794
3,9,26,4.03715838187339
3,9,27,3.9554088391410844
3,9,28,3.899283589833736
3,9,29,3.751649441389576
3,9,30,3.7717872430733
3,9,31,3.903102530157685
3,9,32,3.946555578164949
3,9,33,3.998760695598876
3,9,34,3.976003454496997
3,9,35,4.010258387574585
3,9,36,3.981292704337163
3,9,37,3.8128865986253024
3,9,38,4.049036802909196
3,9,39,3.878844718403633
3,9,40,3.9020909349424224
3,9,41,3.9740963981244466
3,9,42,3.9567895533887234
3,9,43,3.9039815722506184
3,9,44,3.864194906489746
3,9,45,4.011956538895979
3,9,46,3.888518847506371
3,9,47,4.086010652600157
3,9,48,3.955266990036215
3,9,49,3.958514767156843
3,9,50,3.939893922261265
3,9,51,3.890127148550697
3,9,52,4.079784530424123
3,9,53,3.960748255328206
3,9,54,4.0375033352514755
3,9,55,4.015815208652994
3,9,56,4.060967640611672
3,9,57,4.069657916027264
3,9,58,4.1240767913469725
3,9,59,3.844370180413449
3,9,60,3.9133584930200125
3,9,61,3.911179138213947
3,9,62,3.9427255594096113
3,9,63,4.009855074115495
3,9,64,3.9794301806798478
3,9,65,4.0016017882033115
3,9,66,3.917495392369962
3,9,67,3.8768329816709093
3,9,68,4.115450668584816
3,9,69,3.883408275841831
3,9,70,3.8514287684888906
3,9,71,3.922724204923253
3,9,72,4.081034627717395
3,9,73,3.844545304347794
3,9,74,3.918424968670043
3,9,75,3.9490547547953714
3,9,76,3.929107349317968
3,9,77,4.054962934995719
3,9,78,4.239000979592908
3,9,79,3.968631296302196
3,9,80,4.06232871680518
3,9,81,4.147743690430505
3,9,82,4.055585086530243
3,9,83,3.9992421526001625
3,9,84,3.921508984015315
3,9,85,3.8436744497548703
3,9,86,3.9815609891836927
3,9,87,3.9346197419543647
3,9,88,3.885109107576691
3,9,89,3.9874960799765424
3,9,90,3.961637992060918
3,9,91,3.8918440983588796
3,9,92,3.9528702829283655
3,9,93,3.9500138472932376
3,9,94,4.008033861199888
3,9,95,3.867216643861866
3,9,96,3.908560300777903
3,9,97,3.9931192386508814
3,9,98,3.9958688390877954
3,9,99,3.9097852829283553
3,9,100,3.9700450027173697
3,10,1,3.791555828751051
3,10,2,3.910472132725897
3,10,3,3.8473603810208616
3,10,4,3.945674427696062
3,10,5,3.9117210043691157
3,10,6,3.859864872176014
3,10,7,3.8753440460357784
3,10,8,4.179490189151728
3,10,9,4.02586399195437
3,10,10,3.9278453983375687
3,10,11,3.797648393542166
3,10,12,3.9892162273550595
3,10,13,3.7418056030477245
3,10,14,4.133827399989332
3,10,15,3.945022314631278
3,10,16,3.982560481617636
3,10,17,3.8630348535805337
3,10,18,3.998528572730165
3,10,19,3.944429056372529
3,10,20,3.841228290707564
3,10,21,3.9575209640345097
3,10,22,3.890545003996141
3,10,23,3.899827183343963
3,10,24,3.9072591076832603
3,10,25,3.8982198176150558
3,10,26,4.087790811967163
3,10,27,3.8549820062872637
3,10,28,3.936461710091621
3,10,29,4.006425916560085
3,10,30,3.9758536047527597
3,10,31,3.8681649011615162
3,10,32,3.918395194373367
3,10,33,3.7741124886508777
3,10,34,4.015451536817975
3,10,35,3.9746623279518065
3,10,36,3.8368337825021026
3,10,37,4.112277029411761
3,10,38,3.9494585400148865
3,10,39,3.8888304249786505
3,10,40,3.9710271900042398
3,10,41,3.7830501916027073
3,10,42,4.004521023071175
3,10,43,3.8880328769714136
3,10,44,3.9100975796568234
3,10,45,3.853457909526832
3,10,46,3.824499194106956
3,10,47,3.995069355924968
3,10,48,3.969631948849095
3,10,49,3.9189461811061204
3,10,50,3.9572808245417495
3,10,51,3.846356440004235
3,10,52,4.042391226662391
3,10,53,3.8594488958333084
3,10,54,3.8657346291559826
3,10,55,3.8696580709185517
3,10,56,3.9953755626065552
3,10,57,3.909587441815823
3,10,58,3.740301437446707
3,10,59,3.8664520408674083
3,10,60,3.920000075927077
3,10,61,3.8792690613277583
3,10,62,3.890661875959044
3,10,63,3.942464402706695
3,10,64,3.803971288416428
3,10,65,3.962299583333317
3,10,66,4.185279625426251
3,10,67,3.821963706361873
3,10,68,3.9797944875852265
3,10,69,3.8657712939577684
3,10,70,3.8739879264172736
3,10,71,3.891782748774486
3,10,72,3.9215691472186496
3,10,73,3.865740178868257
3,10,74,3.8421297015131826
3,10,75,3.8008311694373145
3,10,76,3.8085935539748297
3,10,77,3.942047005701174
3,10,78,3.947084841059227
3,10,79,3.866457747975245
3,10,80,3.854859818414282
3,10,81,3.974421375266399
3,10,82,3.9536579168797803
3,10,83,3.9070034364343185
3,10,84,3.907690431479079
3,10,85,3.966436018542184
3,10,86,3.98093492529836
3,10,87,3.9988771839833626
3,10,88,3.976593497921973
3,10,89,3.796118568254461
3,10,90,3.9310069345161702
3,10,91,3.907047390664929
3,10,92,3.9695007714727053
3,10,93,3.849416100277036
3,10,94,3.9411733999893177
3,10,95,3.9415602804774013
3,10,96,3.842451791666635
3,10,97,3.902039070652151
3,10,98,3.908646790387863
3,10,99,3.923971667838839
3,10,100,3.8715380071930743
3,11,1,3.828268429614215
3,11,2,3.9427094836956376
3,11,3,3.7754770427322892
3,11,4,3.938022552003394
3,11,5,4.055449495950533
3,11,6,4.005259355978245
3,11,7,3.870262966325627
3,11,8,3.9157704081947626
3,11,9,3.922829063512328
3,11,10,3.884135796035775
3,11,11,3.882942011881892
3,11,12,3.8298426050724355
3,11,13,3.811603394607819
3,11,14,3.8445166494032104
3,11,15,3.8622323061061086
3,11,16,4.237357845428375
3,11,17,3.7727632930519905
3,11,18,4.064849048113791
3,11,19,3.98175230141729
3,11,20,3.9200941978900032
3,11,21,3.905473749413868
3,11,22,3.9261927090259734
3,11,23,3.8429707535698823
3,11,24,3.8596453431904965
3,11,25,3.9287424094735406
3,11,26,3.9552747223465268
3,11,27,3.879426300777897
3,11,28,3.8945418905050797
3,11,29,3.9849748059995598
3,11,30,3.9273564884910206
3,11,31,4.162541124200766
3,11,32,3.913990409899796
3,11,33,3.971855056852079
3,11,34,3.8325046532395333
3,11,35,3.999816497762127
3,11,36,3.9396429975490057
3,11,37,4.011023361519593
3,11,38,3.9413524327578613
3,11,39,3.908959540707551
3,11,40,3.8806006746589605
3,11,41,3.852591130701163
3,11,42,3.831527437553244
3,11,43,3.964623288363157
3,11,44,3.8481697244245185
3,11,45,3.8589746951193153
3,11,46,3.922948665121456
3,11,47,4.093549599158133
3,11,48,4.068421632246384
3,11,49,3.831600418531517
3,11,50,3.830129032608657
3,11,51,3.8531559224211147
3,11,52,3.940658090739531
3,11,53,3.8400389044117316
3,11,54,3.7750629316922204
3,11,55,3.873792216538753
3,11,56,3.993906965046879
3,11,57,3.923394333493155
3,11,58,3.7888669863597437
3,11,59,3.972156088075433
3,11,60,3.8160109136295484
3,11,61,3.854689933450525
3,11,62,4.003573154038771
3,11,63,3.854174777440284
3,11,64,3.8032804890771366
3,11,65,3.8936997819160033
3,11,66,3.8623603770779797
3,11,67,4.029906433290694
3,11,68,3.893899395886585
3,11,69,3.8873738587489104
3,11,70,3.8548090815217066
3,11,71,3.982965431159409
3,11,72,3.972283077898535
3,11,73,3.8713524912084054
3,11,74,3.881634938405762
3,11,75,3.8360844933396927
3,11,76,3.9168687700873646
3,11,77,3.8542883315217074
3,11,78,3.898118069266805
3,11,79,3.9500245770992906
3,11,80,3.8677040989982614
3,11,81,3.9475917130754263
3,11,82,3.8739874013213766
3,11,83,3.837565779305168
3,11,84,3.7758156562766185
3,11,85,3.9219211326193335
3,11,86,3.7940742366261393
3,11,87,3.918987384057952
3,11,88,3.886450338981216
3,11,89,3.754638912723759
3,11,90,3.839206327472275
3,11,91,3.9200877003409715
3,11,92,4.054079926417298
3,11,93,3.7204037071078213
3,11,94,3.9054955948955405
3,11,95,3.8720318966325387
3,11,96,4.100430700127873
3,11,97,3.9014204973891577
3,11,98,3.9623409029198418
3,11,99,3.925642271312835
3,11,100,3.8672050954283645
3,12,1,3.760110762201598
3,12,2,4.001083692881491
3,12,3,3.8401095376171965
3,12,4,3.854439349637663
3,12,5,3.837433509324359
3,12,6,4.048042910699054
3,12,7,3.8936344577471984
3,12,8,3.953946396952234
3,12,9,3.837027088075423
3,12,10,3.9434389851342546
3,12,11,3.8249422001811224
3,12,12,3.8957048335997118
3,12,13,3.818237490196049
3,12,14,4.1065298834718575
3,12,15,3.9939035471014424
3,12,16,4.006374537190954
3,12,17,3.988078057704587
3,12,18,4.053121128889575
3,12,19,3.9121935266943515
3,12,20,3.950945291453535
3,12,21,3.883065951726314
3,12,22,3.9863799439471386
3,12,23,3.8188731551576844
3,12,24,3.890054271366125
3,12,25,3.9258123472399507
3,12,26,3.8495770872229094
3,12,27,3.8970807131287
3,12,28,3.992061030157702
3,12,29,3.9910388751065446
3,12,30,3.9414590341538602
3,12,31,3.8631152146206014
3,12,32,3.9343283719628848
3,12,33,3.847408430733139
3,12,34,3.8976731685315213
3,12,35,3.962166230125726
3,12,36,3.8916095760869314
3,12,37,3.915942509377627
3,12,38,3.8812820751278414
3,12,39,3.900177669437308
3,12,40,3.9116958363703818
3,12,41,3.9072956430093493
3,12,42,3.9209947652919706
3,12,43,3.838145945439014
3,12,44,3.8616433499040506
3,12,45,3.8366574271632343
3,12,46,3.8942276419437007
3,12,47,3.8892009165600703
3,12,48,4.040611307118481
3,12,49,3.9784557154198548
3,12,50,3.8700891193520635
3,12,51,3.8667154469842018
3,12,52,3.7915978104752637
3,12,53,3.8752762911871024
3,12,54,3.886567615355899
3,12,55,3.864192659953075
3,12,56,4.086580841485504
3,12,57,3.831202886668773
3,12,58,3.823348045129984
3,12,59,3.7991776955455863
3,12,60,3.9454740631926364
3,12,61,3.8435462549019253
3,12,62,3.892549147698181
3,12,63,3.984455058130839
3,12,64,3.874448614769791
3,12,65,3.966273958173467
3,12,66,4.197801484814575
3,12,67,3.8683100974530875
3,12,68,4.000978458546437
3,12,69,3.7957870303708194
3,12,70,3.773476297634244
3,12,71,3.932797287404066
3,12,72,3.9299055275468606
3,12,73,3.8818576974637358
3,12,74,3.8358199458119864
3,12,75,3.849977893542164
3,12,76,3.763560952898539
3,12,77,3.8520993320012527
3,12,78,4.026274373188386
3,12,79,3.870468646685814
3,12,80,3.7677499042518985
3,12,81,3.860124786604835
3,12,82,3.9409652832480546
3,12,83,3.8791686089087465
3,12,84,3.918977036391704
3,12,85,4.068936208173478
3,12,86,3.8136094300937478
3,12,87,3.9618251178601587
3,12,88,3.8395463764385944
3,12,89,3.7832549295609414
3,12,90,3.9346130311700493
3,12,91,3.754260944373384
3,12,92,3.927402651161528
3,12,93,4.016165473731869
3,12,94,3.9005622891623797
3,12,95,3.9098242470694613
3,12,96,3.9023428649296426
3,12,97,3.9633788242220733
3,12,98,3.915329072730144
3,12,99,3.9366166831308282
3,12,100,3.8827566064044916
3,13,1,3.942786635230157
3,13,2,3.979099775415597
3,13,3,3.903816813991874
3,13,4,3.8386413513426865
3,13,5,3.8615347716325363
3,13,6,3.9786585596227533
3,13,7,3.9429913080242707
3,13,8,4.0283328634910305
3,13,9,4.024739462968869
3,13,10,3.9338764687766257
3,13,11,3.951106935954786
3,13,12,3.954387766783865
3,13,13,3.8432701906436146
3,13,14,3.9292804941389425
3,13,15,3.969022085571177
3,13,16,3.9144535549871935
3,13,17,3.972385126811569
3,13,18,4.125611256713544
3,13,19,3.938114881553691
3,13,20,3.997010276907499
3,13,21,3.8091172989662967
3,13,22,3.9637445007459475
3,13,23,3.8966379023337314
3,13,24,3.883502468616768
3,13,25,3.9427272852727753
3,13,26,3.933809648390854
3,13,27,3.9068313211849652
3,13,28,4.012343764972281
3,13,29,3.9803307177642604
3,13,30,3.887938449168773
3,13,31,3.8006597815430347
3,13,32,4.049097888000843
3,13,33,3.8243541411977517
3,13,34,3.893191758045587
3,13,35,3.9574622441922163
3,13,36,3.8446399103793434
3,13,37,3.920910609601414
3,13,38,3.9368805503516247
3,13,39,3.8849915009057616
3,13,40,3.8506013622655324
3,13,41,3.872815645939868
3,13,42,3.9193133159633318
3,13,43,4.012758247762131
3,13,44,3.836795917146168
3,13,45,3.833207330509354
3,13,46,3.8638606533993762
3,13,47,3.9193946502024493
3,13,48,3.9634089263640044
3,13,49,3.9414968362105554
3,13,50,3.930567806052837
3,13,51,3.835616862745074
3,13,52,3.9566282802109876
3,13,53,3.912378912404069
3,13,54,4.099058729113386
3,13,55,3.956506751811579
3,13,56,4.1067722537830385
3,13,57,3.932578463714811
3,13,58,3.807289923486765
3,13,59,3.8756730096440455
3,13,60,3.8671472496269894
3,13,61,3.796611773337566
3,13,62,3.828305383684976
3,13,63,4.1010788015238555
3,13,64,3.8953010883418266
3,13,65,3.8781256843030434
3,13,66,4.139277028186271
3,13,67,3.8070793674339147
3,13,68,3.9821190724104643
3,13,69,3.811733602141924
3,13,70,3.863684233216069
3,13,71,3.9856936359228308
3,13,72,3.9085398366900836
3,13,73,3.912285685155559
3,13,74,3.9079626968776293
3,13,75,3.943825915387872
3,13,76,3.913815897964589
3,13,77,4.006762073795801
3,13,78,3.9359526838767778
3,13,79,3.8681719440003923
3,13,80,3.765730807970998
3,13,81,3.988989002504254
3,13,82,3.952821186008071
3,13,83,3.8271908665813816
3,13,84,3.8884784585997174
3,13,85,3.966187659047304
3,13,86,3.8453735594628875
3,13,87,3.8279151455669003
3,13,88,3.940687617274058
3,13,89,3.7968504166133656
3,13,90,3.8867434045715834
3,13,91,3.7758087453111493
3,13,92,3.9327105435847987
3,13,93,3.838765722719489
3,13,94,3.89417328665811
3,13,95,3.8671034176790053
3,13,96,3.758455488491034
3,13,97,3.9912234412830254
3,13,98,3.9017630315963086
3,13,99,3.821823708972693
3,13,100,3.850643397378493
3,14,1,3.9280808601875252
3,14,2,3.977897752877224
3,14,3,3.835908716485474
3,14,4,4.0122603728687025
3,14,5,3.969180309995723
3,14,6,3.9386069766091065
3,14,7,3.8620393940217057
3,14,8,3.914067020460327
3,14,9,4.142539637521295
3,14,10,3.8257666007032927
3,14,11,3.8225725772058574
3,14,12,3.9322990587702265
3,14,13,3.8792927373188086
3,14,14,3.912501035539191
3,14,15,3.988854715579696
3,14,16,4.16860335603153
3,14,17,3.961798113171339
3,14,18,3.813114415654271
3,14,19,3.997099749413881
3,14,20,3.830547244138923
3,14,21,3.864222509377639
3,14,22,3.926437523177719
3,14,23,3.8144493376491644
3,14,24,3.891751665654267
3,14,25,4.055201913895967
3,14,26,4.0238995532288895
3,14,27,3.7765945242966583
3,14,28,3.87317015473143
3,14,29,4.219505258844823
3,14,30,3.9510810159846463
3,14,31,4.135187723199052
3,14,32,3.844946403132953
3,14,33,3.8871532434995495
3,14,34,3.8695560309569297
3,14,35,3.9953580823742327
3,14,36,3.8524805716112356
3,14,37,3.9180071240408902
3,14,38,3.9364063493712433
3,14,39,3.9569629274829268
3,14,40,3.7964906532928007
3,14,41,3.841828491314967
3,14,42,3.8209933283780484
3,14,43,3.934971352674746
3,14,44,3.817915779624866
3,14,45,3.8393890692135266
3,14,46,3.847529420129985
3,14,47,3.955861702152575
3,14,48,4.014393037510646
3,14,49,3.8967938897591323
3,14,50,3.892833564311559
3,14,51,4.037960612904933
3,14,52,3.8099472618818995
3,14,53,4.118189854326502
3,14,54,3.8884593127131044
3,14,55,3.8251808390344877
3,14,56,4.124237882619349
3,14,57,3.861049023390856
3,14,58,3.844984240036207
3,14,59,3.9991851778026355
3,14,60,3.9302910649509486
3,14,61,3.781058309889151
3,14,62,3.785945634004665
3,14,63,3.839793653878902
3,14,64,3.831845461210551
3,14,65,3.9284834744245245
3,14,66,3.8771378428708143
3,14,67,3.981495620684137
3,14,68,3.9092680710784062
3,14,69,3.805634218456923
3,14,70,3.8968849416026954
3,14,71,3.937442281489744
3,14,72,3.941496027280452
3,14,73,3.8801992841005672
3,14,74,3.897974165441141
3,14,75,3.775632743552831
3,14,76,3.9924245437446597
3,14,77,3.9217611102940793
3,14,78,3.837745252504239
3,14,79,3.857384298593322
3,14,80,3.966765854539617
3,14,81,3.903770160965444
3,14,82,3.8296149047314323
3,14,83,3.952853934303049
3,14,84,3.8241223700980087
3,14,85,3.8910477026853987
3,14,86,3.855435127504222
3,14,87,3.9509428057331464
3,14,88,3.928554884803889
3,14,89,3.7379092763746575
3,14,90,3.9332409177855747
3,14,91,3.984123839887017
3,14,92,4.088307801364011
3,14,93,3.8003863359441343
3,14,94,3.9053817010336487
3,14,95,3.8854644305200097
3,14,96,3.821442692401945
3,14,97,3.928262751385316
3,14,98,3.8637628339194112
3,14,99,3.973381927962469
3,14,100,3.939871586423678
3,15,1,4.004170919810296
3,15,2,4.02847143787297
3,15,3,3.8855425875426
3,15,4,3.991479679667503
3,15,5,3.8347904842817373
3,15,6,3.9658858437766162
3,15,7,3.721046109761283
3,15,8,3.8302048461210267
3,15,9,3.848240590952655
3,15,10,3.8669113148443905
3,15,11,3.962172360933481
3,15,12,4.208663126065637
3,15,13,3.87814565116152
3,15,14,3.9844071482310164
3,15,15,3.920301805147034
3,15,16,4.0735918825127735
3,15,17,3.906675720481641
3,15,18,3.8311640030370677
3,15,19,4.120844332161127
3,15,20,3.968105133471862
3,15,21,3.977440727834597
3,15,22,3.8788768954603294
3,15,23,3.8876275392156594
3,15,24,3.910751750852476
3,15,25,3.9295002270886297
3,15,26,4.132493581628302
3,15,27,3.835005827791972
3,15,28,3.9531981176470343
3,15,29,3.9147422783460954
3,15,30,3.8014080758205173
3,15,31,3.966244623987631
3,15,32,4.025127117540481
3,15,33,3.9572569297740605
3,15,34,3.942371475703303
3,15,35,3.954758086903213
3,15,36,4.010865108642357
3,15,37,3.8785305552535925
3,15,38,4.069314045502975
3,15,39,3.9026257504795048
3,15,40,3.863869864929638
3,15,41,3.9721958043478134
3,15,42,3.9337635607949393
3,15,43,3.8904787538362964
3,15,44,3.8433093634377395
3,15,45,3.9130030452365414
3,15,46,3.8778585902599954
3,15,47,3.9278518328537664
3,15,48,3.9798694805519834
3,15,49,3.9670425959079023
3,15,50,3.862399436540885
3,15,51,3.9411457896419324
3,15,52,3.9087481335251306
3,15,53,4.10014800090578
3,15,54,3.96622518046673
3,15,55,3.9030512168584472
3,15,56,4.018781326779616
3,15,57,3.911511825234418
3,15,58,3.9209756016623825
3,15,59,4.03261825069265
3,15,60,3.8630942196824027
3,15,61,3.990054510709698
3,15,62,3.9201824278026156
3,15,63,3.930941928921551
3,15,64,4.08474747533033
3,15,65,3.8786315660165958
3,15,66,3.822380415014895
3,15,67,3.8543201472719186
3,15,68,3.977800922474412
3,15,69,3.93665410208864
3,15,70,3.892918675671327
3,15,71,3.9616607460038162
3,15,72,3.8284275048486553
3,15,73,3.8135077502663908
3,15,74,3.9331749541240164
3,15,75,3.928484850543459
3,15,76,3.8643816041666423
3,15,77,3.9339775385762716
3,15,78,3.9923179179987054
3,15,79,3.975867595534936
3,15,80,4.037567972453096
3,15,81,3.997377533834174
3,15,82,3.9724540059675846
3,15,83,3.9695904338767933
3,15,84,3.801430228154279
3,15,85,3.8814158824594696
3,15,86,3.9132587765877718
3,15,87,3.9163401612851367
3,15,88,3.8724733534206806
3,15,89,3.8521754503409764
3,15,90,3.971655620577559
3,15,91,3.852732604539613
3,15,92,3.943208629102712
3,15,93,3.8169497290600662
3,15,94,4.04539225719307
3,15,95,3.7826431767369857
3,15,96,3.969489447570326
3,15,97,3.92950115116153
3,15,98,4.069078253623177
3,15,99,3.9151823889066257
3,15,100,3.8540764116048294
4,1,1,3.99159701646418
4,1,2,3.9288913330668955
4,1,3,3.994915048966299
4,1,4,3.8720742262894037
4,1,5,4.0997436416773
4,1,6,3.9053312981670656
4,1,7,4.014599885017029
4,1,8,3.8735635157182164
4,1,9,3.9381948567241927
4,1,10,3.8491229172527395
4,1,11,4.129116691815837
4,1,12,3.7804130705455856
4,1,13,3.886497671142338
4,1,14,3.903216749733564
4,1,15,3.9352881271845472
4,1,16,3.9080170909526504
4,1,17,3.9221328419650203
4,1,18,3.8774825796568266
4,1,19,3.988180409100574
4,1,20,3.97735317311379
4,1,21,3.9355920195012595
4,1,22,3.8301529376598107
4,1,23,3.970936893169213
4,1,24,3.900816709079258
4,1,25,3.839993854060074
4,1,26,3.990740760976115
4,1,27,4.164934957320964
4,1,28,3.9488325108162585
4,1,29,3.881595991155123
4,1,30,3.9654262616687834
4,1,31,3.9520246272911215
4,1,32,3.958697869511915
4,1,33,3.846727647698177
4,1,34,3.8488678158034753
4,1,35,3.8775257314044906
4,1,36,3.940538307544723
4,1,37,3.866921273230999
4,1,38,3.935601250905773
4,1,39,3.865924734175164
4,1,40,3.9209562148870245
4,1,41,3.976976336636805
4,1,42,3.892312573849074
4,1,43,3.8384399559356046
4,1,44,3.783822594735708
4,1,45,3.938065596973549
4,1,46,3.93515300527491
4,1,47,3.785105956681559
4,1,48,4.019737974531106
4,1,49,3.9619207575660558
4,1,50,3.9730761972506277
4,1,51,3.877524587169619
4,1,52,4.096360874520453
4,1,53,3.872737765132114
4,1,54,3.9805755582374007
4,1,55,4.047881029305202
4,1,56,3.9106448742540243
4,1,57,3.941142625852493
4,1,58,3.943770249360584
4,1,59,3.8775808826725986
4,1,60,3.8690705838128427
4,1,61,3.990506289428794
4,1,62,3.9450507734974223
4,1,63,3.9072453592284573
4,1,64,3.9587430208865904
4,1,65,3.971923449008938
4,1,66,3.891832122069452
4,1,67,3.9512681123720936
4,1,68,3.9243185441709043
4,1,69,3.826345347133388
4,1,70,3.8601078750532447
4,1,71,3.9656164571078345
4,1,72,3.883628377077971
4,1,73,3.982153907875096
4,1,74,4.000221688565633
4,1,75,3.974591221121038
4,1,76,3.8444691827578668
4,1,77,3.9929753045609377
4,1,78,3.8449899312659626
4,1,79,3.8818120673486525
4,1,80,4.108706739982943
4,1,81,3.837269917892125
4,1,82,3.9108294840153226
4,1,83,3.875376070758704
4,1,84,3.9917450801896788
4,1,85,3.877604358802197
4,1,86,3.8390746496163506
4,1,87,4.017632932011923
4,1,88,3.8492983512894123
4,1,89,3.987456500213112
4,1,90,3.8212358849104535
4,1,91,3.814124198955655
4,1,92,3.9964720985187334
4,1,93,3.911856073795795
4,1,94,3.8388339397911095
4,1,95,3.94498588267261
4,1,96,3.7916925889279467
4,1,97,3.974975521259565
4,1,98,3.9841706678388635
4,1,99,3.8692745763533405
4,1,100,4.025704472559667
4,2,1,3.9657737973145655
4,2,2,4.025085579230585
4,2,3,3.981464143808581
4,2,4,3.9370808371696144
4,2,5,4.110534923806463
4,2,6,3.8560462509590456
4,2,7,3.995491409100581
4,2,8,3.849719631926666
4,2,9,3.9380155612212016
4,2,10,3.9940288072783336
4,2,11,4.05936633381285
4,2,12,3.946310580349502
4,2,13,3.882896476928782
4,2,14,3.9542219280690367
4,2,15,4.061655934782602
4,2,16,4.0019988386615415
4,2,17,3.9949824900894915
4,2,18,3.9911063019501185
4,2,19,3.9153484474637414
4,2,20,4.055053990569041
4,2,21,4.009236267849514
4,2,22,3.8522904610506843
4,2,23,4.086531624413893
4,2,24,3.8481426717817353
4,2,25,3.856335931425799
4,2,26,3.9836894120311075
4,2,27,4.072329348092492
4,2,28,4.045165955615923
4,2,29,3.894947875053252
4,2,30,4.0400679332907
4,2,31,3.9216429257778875
4,2,32,4.037875320865291
4,2,33,3.868200566016593
4,2,34,3.9447566776427725
4,2,35,3.830201504901922
4,2,36,3.9423021226022765
4,2,37,3.828733924019582
4,2,38,3.888834328378063
4,2,39,3.9073613300298096
4,2,40,3.998325502823943
4,2,41,3.8806917537830037
4,2,42,3.760896753516607
4,2,43,3.964094550298349
4,2,44,3.8229986757246213
4,2,45,3.9549846467391077
4,2,46,4.011172978953527
4,2,47,4.0010339876918035
4,2,48,4.07927938480392
4,2,49,3.9820944444266724
4,2,50,3.9932186605392097
4,2,51,4.011972272112094
4,2,52,3.984346075021298
4,2,53,3.9344277618286236
4,2,54,4.222076274190075
4,2,55,3.9192803974850485
4,2,56,3.929030049552407
4,2,57,3.936353166879774
4,2,58,4.041233863810732
4,2,59,3.904990453111641
4,2,60,3.836029359228439
4,2,61,3.9699100850383515
4,2,62,3.81550156345906
4,2,63,3.9281291674658787
4,2,64,3.867217790334585
4,2,65,3.741569915920711
4,2,66,4.04450275277066
4,2,67,4.02174114215684
4,2,68,4.011866492007662
4,2,69,3.8667998655690203
4,2,70,3.9510302893222327
4,2,71,3.9956160265878022
4,2,72,4.1355333314151626
4,2,73,3.9636303344522488
4,2,74,4.105388499573729
4,2,75,3.938534794490596
4,2,76,4.036818352408351
4,2,77,4.041825900468869
4,2,78,3.764471130861027
4,2,79,3.9162582226129254
4,2,80,4.0595790829070655
4,2,81,3.9776589112318645
4,2,82,3.900628850490171
4,2,83,3.8571508299765283
4,2,84,4.015746503569891
4,2,85,3.9382637071078124
4,2,86,3.908402361945853
4,2,87,3.9364526766836843
4,2,88,4.067980054028124
4,2,89,4.045888203751055
4,2,90,3.984776509697341
4,2,91,3.854203735880199
4,2,92,4.008001864716522
4,2,93,3.9114862434995437
4,2,94,3.8188042817028802
4,2,95,4.036438261615508
4,2,96,3.968074226662393
4,2,97,3.892262223412161
4,2,98,3.9855993331201898
4,2,99,3.778561613864009
4,2,100,4.186240457267677
4,3,1,3.9330332036444693
4,3,2,3.880426789748478
4,3,3,3.826043302855883
4,3,4,3.85073126832905
4,3,5,3.9989362257033063
4,3,6,3.9605509072356933
4,3,7,3.914918300031936
4,3,8,3.8443098398337328
4,3,9,4.00170867620416
4,3,10,3.9597513648763663
4,3,11,4.055941003889579
4,3,12,3.8286893808077243
4,3,13,3.8118388793691107
4,3,14,3.910311177323083
4,3,15,4.056675952312433
4,3,16,3.9313913251278594
4,3,17,3.9954511015025416
4,3,18,3.9202760179027902
4,3,19,3.9765319971760276
4,3,20,3.8642515777386715
4,3,21,3.9503915023443965
4,3,22,3.8621026894713912
4,3,23,3.9698583743605997
4,3,24,3.901232316815834
4,3,25,3.9517470471547047
4,3,26,3.862539747176011
4,3,27,3.9230959216751766
4,3,28,3.961569896099721
4,3,29,3.9197835732629716
4,3,30,3.9488197315110636
4,3,31,3.8557042608695355
4,3,32,3.8992185798699635
4,3,33,3.845327212063056
4,3,34,3.8370361579283676
4,3,35,3.8652743597612664
4,3,36,3.8564290497655236
4,3,37,3.8657078330136105
4,3,38,3.934523084185819
4,3,39,3.8059041105605047
4,3,40,3.89760817801574
4,3,41,3.8689745264279307
4,3,42,3.7894038418051816
4,3,43,3.8549937470161706
4,3,44,3.7311049754901866
4,3,45,3.8893719928068737
4,3,46,3.795110998348227
4,3,47,3.851767226236115
4,3,48,3.9402041119458446
4,3,49,3.940562208812848
4,3,50,3.9195776383738123
4,3,51,3.900507002504233
4,3,52,4.050862506393847
4,3,53,3.8863084996802812
4,3,54,4.100338230445413
4,3,55,3.9589317189897533
4,3,56,3.9228143901321104
4,3,57,3.8225196034739803
4,3,58,4.045177690004253
4,3,59,3.9925352634270874
4,3,60,3.82184861956519
4,3,61,3.916814807278309
4,3,62,3.895661993765958
4,3,63,3.9042087582054417
4,3,64,3.8107591452471947
4,3,65,3.799095768915164
4,3,66,3.925999606031519
4,3,67,4.020010522644907
4,3,68,3.8737303220907657
4,3,69,3.929332807598012
4,3,70,3.8020190177429343
4,3,71,3.9610899548699767
4,3,72,3.908717660059643
4,3,73,3.8687380408674112
4,3,74,3.9966148365302514
4,3,75,3.8364747389705642
4,3,76,3.8682382371589754
4,3,77,4.067963772858038
4,3,78,3.715638175298364
4,3,79,3.8721095766730307
4,3,80,4.040100663576286
4,3,81,3.823479229592898
4,3,82,3.968625281063496
4,3,83,3.789812112531949
4,3,84,3.8562328427109738
4,3,85,3.8574733698316113
4,3,86,3.829916774509794
4,3,87,3.8334888118605868
4,3,88,3.9010813719096133
4,3,89,3.913422766357609
4,3,90,3.8235709229539383
4,3,91,3.861421728100997
4,3,92,3.971062886189237
4,3,93,3.8889761738597364
4,3,94,3.834105338128697
4,3,95,4.035008691496154
4,3,96,3.908637268169205
4,3,97,3.97837708018967
4,3,98,3.9168153970588078
4,3,99,3.846545385762973
4,3,100,4.256610066229743
4,4,1,4.064741542732307
4,4,2,4.145582796302213
4,4,3,4.22392192652387
4,4,4,4.055654385017014
4,4,5,4.26291911817987
4,4,6,4.13160876097612
4,4,7,4.074372394874243
4,4,8,4.133148963288576
4,4,9,4.199768390238688
4,4,10,4.230904686594193
4,4,11,4.153616272485071
4,4,12,4.203349164588655
4,4,13,4.150564940483793
4,4,14,4.292939779092065
4,4,15,4.094425033674332
4,4,16,4.185479217444581
4,4,17,4.14481015526427
4,4,18,4.2603227260762875
4,4,19,4.11855852861252
4,4,20,4.130648258205456
4,4,21,4.296035040707565
4,4,22,4.046007270833317
4,4,23,4.473964530477395
4,4,24,4.029165204656845
4,4,25,4.213449064631274
4,4,26,4.1197386034739845
4,4,27,4.176730685741674
4,4,28,4.163791724264702
4,4,29,4.120673322996577
4,4,30,4.112589966805187
4,4,31,4.384191969469292
4,4,32,4.186524929241247
4,4,33,3.9962164686167694
4,4,34,4.101928907395549
4,4,35,4.172074469202898
4,4,36,4.229169870204595
4,4,37,4.169898201246802
4,4,38,4.323725031543046
4,4,39,4.084403374893425
4,4,40,4.207724766251062
4,4,41,4.0929535651108235
4,4,42,4.189221382939042
4,4,43,4.152716809303056
4,4,44,4.1392938780903465
4,4,45,4.146602599690953
4,4,46,4.125114252397684
4,4,47,4.275048416506811
4,4,48,4.289971553601862
4,4,49,4.171011525255746
4,4,50,4.008279595055404
4,4,51,4.156504610933482
4,4,52,4.175870803442033
4,4,53,4.118828017423272
4,4,54,4.077043342497857
4,4,55,4.153276576033671
4,4,56,4.167758414748504
4,4,57,4.164041669650468
4,4,58,4.059791751118918
4,4,59,4.271981075394274
4,4,60,3.979078048380206
4,4,61,4.186623994298798
4,4,62,4.232850299286022
4,4,63,4.109027486732731
4,4,64,4.173484647325223
4,4,65,4.056149936434333
4,4,66,4.127438956521726
4,4,67,4.080977800085244
4,4,68,4.168121538682848
4,4,69,4.061719732789846
4,4,70,4.332936946771093
4,4,71,4.065524344575864
4,4,72,4.15184444234867
4,4,73,4.235435068734
4,4,74,4.1528735274935995
4,4,75,4.157287057225067
4,4,76,4.341259136775333
4,4,77,4.234193466645347
4,4,78,4.03357856521737
4,4,79,3.9663876413576102
4,4,80,3.9868559274829365
4,4,81,4.084480062766389
4,4,82,4.101517774616375
4,4,83,4.0988855758738225
4,4,84,4.213589996696495
4,4,85,4.308215193947135
4,4,86,4.132563118339726
4,4,87,4.198927282129143
4,4,88,3.9912717382246194
4,4,89,4.1318521482843105
4,4,90,4.154704353260859
4,4,91,4.097471955509363
4,4,92,4.21744135619137
4,4,93,4.095544517263425
4,4,94,4.242104955935629
4,4,95,4.275032214887035
4,4,96,4.187741441709289
4,4,97,4.096579299499132
4,4,98,4.108099803388738
4,4,99,4.13714558178814
4,4,100,4.438431373614643
4,5,1,4.249088528719095
4,5,2,4.139906283088231
4,5,3,4.0093668844842165
4,5,4,4.0559965853580255
4,5,5,4.400430816229745
4,5,6,4.01508207997654
4,5,7,4.090582357736569
4,5,8,4.021928221866991
4,5,9,4.152686429081401
4,5,10,4.481795625692661
4,5,11,4.034306764705857
4,5,12,4.031373767210129
4,5,13,4.286662337915584
4,5,14,4.197015596760441
4,5,15,4.294084347346549
4,5,16,4.241047736146633
4,5,17,3.9359714806585355
4,5,18,3.9880280280264158
4,5,19,4.02803733146844
4,5,20,4.202257037404086
4,5,21,4.120474176790273
4,5,22,4.0909293827259
4,5,23,4.244030269234856
4,5,24,3.9079055548806134
4,5,25,4.125240141464183
4,5,26,4.267716952419
4,5,27,4.174214474477833
4,5,28,4.057160416293682
4,5,29,4.351291971600584
4,5,30,4.029059741634678
4,5,31,4.04898086652811
4,5,32,4.101606083013634
4,5,33,3.9817445522698014
4,5,34,4.118422304987201
4,5,35,4.2128958178282065
4,5,36,3.9942678124466964
4,5,37,3.964678436913881
4,5,38,4.175084570812011
4,5,39,4.138290167199483
4,5,40,4.138320778026428
4,5,41,4.130445885816259
4,5,42,4.163129406596311
4,5,43,4.092879288842696
4,5,44,3.9665675670822558
4,5,45,4.160198951939459
4,5,46,3.8758079393648552
4,5,47,4.049658296941593
4,5,48,4.217276360986788
4,5,49,4.204192626438622
4,5,50,4.154283261935209
4,5,51,3.9181076341645107
4,5,52,4.202043977141943
4,5,53,4.30827750687338
4,5,54,4.13206702802641
4,5,55,4.078050942188825
4,5,56,4.193254067774936
4,5,57,4.029973096334168
4,5,58,4.043539737052419
4,5,59,3.9734409616368027
4,5,60,3.9037538397804488
4,5,61,4.238291110773652
4,5,62,4.326309647698206
4,5,63,4.095517453164968
4,5,64,4.041163235986777
4,5,65,3.966131726928811
4,5,66,4.305712368233148
4,5,67,3.9928712180306776
4,5,68,4.30811049360614
4,5,69,4.094520184036643
4,5,70,4.051367394447988
4,5,71,3.981924366474842
4,5,72,4.107581975703319
4,5,73,4.088064482949689
4,5,74,4.172076913203316
4,5,75,4.157063501864868
4,5,76,4.134085787617202
4,5,77,4.214807682065199
4,5,78,3.9463188129262408
4,5,79,4.069964817295377
4,5,80,4.113382240675615
4,5,81,4.038927453431358
4,5,82,4.128575594842276
4,5,83,4.076189201300082
4,5,84,4.089400379475703
4,5,85,4.282252609654716
4,5,86,4.1628622667838835
4,5,87,4.109210009910479
4,5,88,4.0502592387041805
4,5,89,4.235760000745948
4,5,90,4.108403875266404
4,5,91,4.0315893842178125
4,5,92,4.046423135762984
4,5,93,4.157653836903228
4,5,94,4.004786350969742
4,5,95,4.557478277227207
4,5,96,4.1037523439897585
4,5,97,4.019346991155142
4,5,98,4.265214124254036
4,5,99,4.16419274808184
4,5,100,4.3480854476768815
4,6,1,4.042266503463324
4,6,2,3.931143257406191
4,6,3,4.030286906329907
4,6,4,3.8383400767263134
4,6,5,4.119610860986766
4,6,6,3.9238269806585415
4,6,7,3.9780334973891627
4,6,8,3.8099902596973467
4,6,9,3.998081210411326
4,6,10,3.952533225916434
4,6,11,4.095070787457354
4,6,12,3.862170278239531
4,6,13,3.9256841945864873
4,6,14,4.099171959985078
4,6,15,4.001444561540908
4,6,16,4.018934341378927
4,6,17,3.9594945095907708
4,6,18,3.966981951033659
4,6,19,4.03802821371482
4,6,20,4.030394861945852
4,6,21,4.005091950500839
4,6,22,3.825196231297917
4,6,23,4.08838320039428
4,6,24,3.851990463927942
4,6,25,3.93484684606775
4,6,26,3.9973207321504587
4,6,27,4.156914593297086
4,6,28,3.9866348073316193
4,6,29,3.9404189800724345
4,6,30,4.020991373294951
4,6,31,3.9857665103367252
4,6,32,4.022323663203307
4,6,33,3.925049675884452
4,6,34,3.959274437606554
4,6,35,4.013179763693503
4,6,36,3.973092331894691
4,6,37,3.9005708967923853
4,6,38,3.897765378729715
4,6,39,3.8808371284100267
4,6,40,4.017980207374241
4,6,41,3.8861160389492446
4,6,42,3.9992548804347687
4,6,43,3.9726367831415024
4,6,44,3.8540511395992967
4,6,45,3.9921466439151514
4,6,46,3.8795101526534292
4,6,47,4.0485036178069
4,6,48,4.176529745044761
4,6,49,3.8940159499147193
4,6,50,3.9492550510975923
4,6,51,4.010309110933485
4,6,52,4.0879478854965825
4,6,53,3.948475155210982
4,6,54,4.063825103846951
4,6,55,3.9961510532821682
4,6,56,3.950122469096325
4,6,57,3.9632478325340803
4,6,58,3.9639517989130213
4,6,59,3.8643833093563207
4,6,60,3.8309651547314276
4,6,61,4.071311067242104
4,6,62,3.883973807011913
4,6,63,3.9837880697996475
4,6,64,3.8732103722825797
4,6,65,3.8466918439364712
4,6,66,4.068359474424536
4,6,67,3.923028648976958
4,6,68,4.012681245098029
4,6,69,3.9029244633951135
4,6,70,4.037674349158119
4,6,71,4.0089391434356205
4,6,72,4.055408313405781
4,6,73,3.9345680230178854
4,6,74,4.0487918479326455
4,6,75,3.9446316679454103
4,6,76,3.9787241510549656
4,6,77,4.1132488488917165
4,6,78,3.7740124503409938
4,6,79,3.85020787633203
4,6,80,4.1096691102941065
4,6,81,3.9936916636295625
4,6,82,3.923773031063485
4,6,83,3.8595800479006606
4,6,84,4.046262160699045
4,6,85,3.8298690207800328
4,6,86,3.9225801668264935
4,6,87,4.018944720161963
4,6,88,3.9639019888107256
4,6,89,4.028714647431787
4,6,90,3.9421867479219728
4,6,91,3.870842796888294
4,6,92,3.975325034526835
4,6,93,4.117164428708433
4,6,94,3.7546502544224123
4,6,95,4.003684123721211
4,6,96,4.079534062553278
4,6,97,3.8710834003622856
4,6,98,3.9677178017902772
4,6,99,3.9101639938725326
4,6,100,4.135259780743812
4,7,1,3.9275603152173595
4,7,2,3.8460876972506126
4,7,3,3.941452049285981
4,7,4,3.9175721459398773
4,7,5,3.9626441124786673
4,7,6,4.021275521952235
4,7,7,3.8918405734228156
4,7,8,3.820609460038341
4,7,9,3.958065989450111
4,7,10,3.8663905623934083
4,7,11,4.123766355232295
4,7,12,3.816255888906615
4,7,13,3.8521186341112275
4,7,14,3.8937370181692
4,7,15,3.954964825074576
4,7,16,3.8461959337702187
4,7,17,3.9110152592177867
4,7,18,3.884136968083941
4,7,19,3.8797602762680814
4,7,20,3.764740587968855
4,7,21,4.012245982310302
4,7,22,3.9062017261295363
4,7,23,3.7937309168264908
4,7,24,3.76737865585037
4,7,25,3.858221110347367
4,7,26,3.861551852781296
4,7,27,3.9283264836956286
4,7,28,4.026454664961617
4,7,29,3.8998835712915234
4,7,30,4.086578517636404
4,7,31,3.812297642156847
4,7,32,3.9491404405903534
4,7,33,3.808936457907042
4,7,34,3.886258144128284
4,7,35,3.915382579763397
4,7,36,3.9051877493072906
4,7,37,3.9536258932224904
4,7,38,3.9202459796994704
4,7,39,3.714057804614223
4,7,40,3.96426513672207
4,7,41,3.8193921108801887
4,7,42,3.8776465113490755
4,7,43,3.7935193885336504
4,7,44,3.767965795982514
4,7,45,3.865736207267654
4,7,46,3.915976093350363
4,7,47,3.8201813790494143
4,7,48,3.9926336145034105
4,7,49,3.9125268609334745
4,7,50,3.877728929987193
4,7,51,3.938878000745925
4,7,52,4.023347445012768
4,7,53,3.9640672059889037
4,7,54,3.806599586690081
4,7,55,3.938294256127426
4,7,56,3.9736628110080803
4,7,57,3.937440848252326
4,7,58,3.9304649041986166
4,7,59,3.9552319688831754
4,7,60,3.8053809677642523
4,7,61,3.8573262740302297
4,7,62,3.920156723465448
4,7,63,3.86097239423485
4,7,64,3.8922832701406267
4,7,65,4.0110577589514
4,7,66,3.956460945172618
4,7,67,4.005890643009365
4,7,68,3.8904351317668056
4,7,69,3.8715927482949324
4,7,70,3.8199702841005667
4,7,71,3.937927044490603
4,7,72,4.041857115462473
4,7,73,3.9674799214620546
4,7,74,3.8659058588021735
4,7,75,3.9277691670396204
4,7,76,3.866030530797084
4,7,77,3.9241967494671472
4,7,78,3.895620222080112
4,7,79,3.8776358911444726
4,7,80,3.894501888427077
4,7,81,3.8887170971866682
4,7,82,3.9357776667199227
4,7,83,3.906321817934755
4,7,84,3.8362426372015888
4,7,85,3.8226045476875288
4,7,86,3.800413946771089
4,7,87,3.823750607257004
4,7,88,3.8377913472399574
4,7,89,3.8731236813192393
4,7,90,3.9572879492753366
4,7,91,3.939837574381904
4,7,92,3.722781379315838
4,7,93,3.915442698103121
4,7,94,3.9262928063192386
4,7,95,4.131276153612514
4,7,96,3.858073624094184
4,7,97,3.908649958759565
4,7,98,3.9985164855072384
4,7,99,3.8043097687553
4,7,100,4.111541005967604
4,8,1,4.012585214514054
4,8,2,3.896913783461185
4,8,3,3.9936017812766234
4,8,4,3.8658653022165077
4,8,5,4.2248270945758595
4,8,6,3.9159182292732013
4,8,7,3.9595273834185667
4,8,8,3.910362666773214
4,8,9,4.139915877131276
4,8,10,4.009731944320102
4,8,11,4.011396732470138
4,8,12,3.950873279358459
4,8,13,3.9674628621589667
4,8,14,4.039468866101874
4,8,15,4.10247245652173
4,8,16,4.011417703271512
4,8,17,3.877400818840553
4,8,18,3.9113140710784067
4,8,19,3.999907851395972
4,8,20,4.005792486892572
4,8,21,4.045843798167078
4,8,22,3.9238446823848707
4,8,23,4.155840102728043
4,8,24,3.79508045177961
4,8,25,3.847034010869535
4,8,26,4.089463869725059
4,8,27,4.048984679880637
4,8,28,4.078661362105701
4,8,29,3.9377447555413267
4,8,30,3.9638122124893176
4,8,31,3.97960952669435
4,8,32,3.9667691741261577
4,8,33,3.942785323476104
4,8,34,3.8839701626704803
4,8,35,3.9580832049765355
4,8,36,3.9655500954283656
4,8,37,3.9842701208972575
4,8,38,4.097529756979949
4,8,39,3.9601439958439713
4,8,40,3.9474796733801982
4,8,41,3.9668180082054305
4,8,42,3.793899836157266
4,8,43,3.95107447058821
4,8,44,3.7707471488704
4,8,45,3.986007674339275
4,8,46,3.9447210431052664
4,8,47,3.884290036658117
4,8,48,4.08003722522378
4,8,49,4.014561743979097
4,8,50,3.9906791613917156
4,8,51,3.978858732523436
4,8,52,4.056926315803479
4,8,53,4.024354414055823
4,8,54,4.215279466219071
4,8,55,3.881041847879332
4,8,56,3.9286402769607593
4,8,57,3.865783178282149
4,8,58,3.9582863867753484
4,8,59,3.8995971933610045
4,8,60,3.9130778102621155
4,8,61,4.058763408621041
4,8,62,3.9024787960890683
4,8,63,3.9405243162297325
4,8,64,3.819685851289397
4,8,65,3.7674869564151634
4,8,66,4.110405943893857
4,8,67,3.9088302170182985
4,8,68,4.015534785539206
4,8,69,3.92261272767474
4,8,70,4.025385091965034
4,8,71,3.98913429688831
4,8,72,4.0522550798699815
4,8,73,3.9421870364450013
4,8,74,3.9177813670076365
4,8,75,3.9674294060635003
4,8,76,3.9511339725063714
4,8,77,4.139515956095463
4,8,78,3.841038642529818
4,8,79,3.950491387894268
4,8,80,4.057155630914314
4,8,81,3.8442278732949426
4,8,82,4.051395825447561
4,8,83,3.8999695030903414
4,8,84,4.029650370843974
4,8,85,3.9380678926896593
4,8,86,3.915622613864004
4,8,87,4.040592695066055
4,8,88,3.989600412137667
4,8,89,4.045388521259581
4,8,90,3.9333155436913607
4,8,91,3.810606095161959
4,8,92,3.9662300394820726
4,8,93,4.033154745311159
4,8,94,3.8162269576406493
4,8,95,4.281392192082272
4,8,96,3.895605618819237
4,8,97,3.883814715739527
4,8,98,3.960073347399816
4,8,99,3.8086090983588936
4,8,100,4.216952210517892
4,9,1,4.305330706468455
4,9,2,4.252155961690111
4,9,3,4.333944849957374
4,9,4,4.1514193487318565
4,9,5,4.622417080935646
4,9,6,4.317788614663242
4,9,7,4.226637701779615
4,9,8,4.3026406771632555
4,9,9,4.4368186261189075
4,9,10,4.557912583120207
4,9,11,4.296654688192657
4,9,12,4.292864802536217
4,9,13,4.323428040814138
4,9,14,4.532542474371255
4,9,15,4.318993319746371
4,9,16,4.378936773071177
4,9,17,4.246619642742958
4,9,18,4.311552845588231
4,9,19,4.2272616929880495
4,9,20,4.386506598305629
4,9,21,4.469498189844405
4,9,22,4.190296810848235
4,9,23,4.602677717924124
4,9,24,4.428354221121045
4,9,25,4.199741125586086
4,9,26,4.2453642695012634
4,9,27,4.314572842444567
4,9,28,4.369674522964613
4,9,29,4.343924946504696
4,9,30,4.200561571930937
4,9,31,4.468714751118918
4,9,32,4.233310430892996
4,9,33,4.155149928974841
4,9,34,4.348537278825648
4,9,35,4.316267287404084
4,9,36,4.300347976715673
4,9,37,4.235736563245951
4,9,38,4.4156415598358825
4,9,39,4.398116653559248
4,9,40,4.4228237476023
4,9,41,4.455117018115953
4,9,42,4.48601471456735
4,9,43,4.272622535219507
4,9,44,4.393211435954797
4,9,45,4.315397611466312
4,9,46,4.194108459239121
4,9,47,4.434955792892156
4,9,48,4.379742125745942
4,9,49,4.25297190872761
4,9,50,4.326419400628722
4,9,51,4.2836942830349285
4,9,52,4.387054798753196
4,9,53,4.290309794810311
4,9,54,4.2518289893968415
4,9,55,4.392493982576733
4,9,56,4.218494197197351
4,9,57,4.293369966219099
4,9,58,4.27149887995523
4,9,59,4.437228542625732
4,9,60,4.062664436754047
4,9,61,4.40745014700554
4,9,62,4.221600178388749
4,9,63,4.238704223145778
4,9,64,4.255144043371699
4,9,65,4.273145120364447
4,9,66,4.240396905743802
4,9,67,4.2134580227514915
4,9,68,4.338854486253179
4,9,69,4.253306923486779
4,9,70,4.427443703857625
4,9,71,4.484356232736567
4,9,72,4.531130062606559
4,9,73,4.371753823529408
4,9,74,4.3267191518009165
4,9,75,4.406574372335887
4,9,76,4.528205114077143
4,9,77,4.429181681585673
4,9,78,4.137101965419855
4,9,79,4.173347191016615
4,9,80,4.324990052642794
4,9,81,4.097131964887025
4,9,82,4.339318853900267
4,9,83,4.235256625426257
4,9,84,4.219446175564782
4,9,85,4.59814526369353
4,9,86,4.325847949062227
4,9,87,4.489577630168371
4,9,88,4.158923153612521
4,9,89,4.2373357225596715
4,9,90,4.476606166986352
4,9,91,4.198383367593764
4,9,92,4.4824001447676824
4,9,93,4.41327172874042
4,9,94,4.1882824554028035
4,9,95,4.532093959132567
4,9,96,4.311337074222073
4,9,97,4.219136022005524
4,9,98,4.488701556852075
4,9,99,4.384848196344842
4,9,100,4.548041906383201
4,10,1,3.930511093350363
4,10,2,3.966887461849924
4,10,3,3.9723433739876177
4,10,4,4.0425193749999835
4,10,5,4.132437537137674
4,10,6,4.0325421069906104
4,10,7,3.9535921212169423
4,10,8,4.244091454070755
4,10,9,4.277432894927527
4,10,10,4.012990688192654
4,10,11,4.257432754156009
4,10,12,4.0304450436381
4,10,13,3.9661260801896745
4,10,14,4.226190590473127
4,10,15,3.971985018595474
4,10,16,4.007964780903644
4,10,17,3.9753013316815675
4,10,18,4.219777919703735
4,10,19,4.066434545502975
4,10,20,3.975757234654721
4,10,21,4.16134085491261
4,10,22,4.09261215664961
4,10,23,3.9986282772804658
4,10,24,3.9528714806052565
4,10,25,4.077923441549426
4,10,26,4.089652669064354
4,10,27,4.12677136578217
4,10,28,3.8962352780263942
4,10,29,3.9668552624680147
4,10,30,4.228838327312431
4,10,31,4.177642536338443
4,10,32,4.034582832267673
4,10,33,4.005732696078409
4,10,34,4.043334203271524
4,10,35,4.222995381393866
4,10,36,4.110961231511085
4,10,37,4.062597977355058
4,10,38,4.119320509217807
4,10,39,4.2140879983482336
4,10,40,4.081776026694358
4,10,41,4.0074329332374194
4,10,42,4.0973376922421005
4,10,43,4.036919420129994
4,10,44,4.110251282821809
4,10,45,4.077645751172189
4,10,46,3.999598710731017
4,10,47,4.099244980551993
4,10,48,4.263534276641068
4,10,49,4.044723331681574
4,10,50,3.9304596064045016
4,10,51,4.146406247069452
4,10,52,4.1265467377983835
4,10,53,4.178644889972288
4,10,54,4.058270027813289
4,10,55,4.062718446451399
4,10,56,4.119302271792407
4,10,57,4.112674015291975
4,10,58,3.9958725861039963
4,10,59,4.054201376651732
4,10,60,4.0847579668051965
4,10,61,4.09360936775361
4,10,62,4.138469113597612
4,10,63,3.9201067868179638
4,10,64,4.078456563832035
4,10,65,4.028378605232302
4,10,66,4.124206802909198
4,10,67,4.168051765451829
4,10,68,4.0371482468030555
4,10,69,3.8643094705349212
4,10,70,4.183649921195642
4,10,71,4.0699413496909544
4,10,72,3.970343520247202
4,10,73,4.061161429720783
4,10,74,4.027800364982943
4,10,75,4.31886443323743
4,10,76,4.133993649829471
4,10,77,4.00274773092497
4,10,78,4.054652866794533
4,10,79,4.231856250053275
4,10,80,4.163094618020027
4,10,81,3.9970847432864245
4,10,82,4.094593507885747
4,10,83,4.008837549286002
4,10,84,4.367343488277919
4,10,85,4.090169155797082
4,10,86,4.118624908354655
4,10,87,4.055994623667937
4,10,88,3.948599019554535
4,10,89,4.0148426521739005
4,10,90,4.190618976342698
4,10,91,4.143452446184986
4,10,92,4.199454408514492
4,10,93,4.092347216059253
4,10,94,4.126474207374245
4,10,95,4.137780270886593
4,10,96,4.067359219895547
4,10,97,4.142378711530253
4,10,98,4.0971646039535194
4,10,99,4.295192762787717
4,10,100,4.1347455025042414
4,11,1,4.08401224472506
4,11,2,3.968230442561781
4,11,3,4.057014555999555
4,11,4,3.83163939897696
4,11,5,4.243887135336728
4,11,6,3.899772488224607
4,11,7,3.9823379672314507
4,11,8,3.8970148362638337
4,11,9,4.022531989236979
4,11,10,4.031434866048573
4,11,11,4.0151503470801115
4,11,12,3.9113955385762664
4,11,13,3.9722569872122526
4,11,14,3.91963232443519
4,11,15,4.103259975703314
4,11,16,3.939904626278743
4,11,17,3.9207962812766115
4,11,18,3.92914182651319
4,11,19,4.007236189364855
4,11,20,4.0618189919543894
4,11,21,3.9054845842391077
4,11,22,3.852542167465852
4,11,23,4.196775834771934
4,11,24,3.870505218616773
4,11,25,3.8932580788043163
4,11,26,4.004919499840147
4,11,27,3.9858813598145724
4,11,28,4.010917062073734
4,11,29,3.922843382725881
4,11,30,4.010317045556256
4,11,31,3.8855518811807
4,11,32,3.952068349371247
4,11,33,3.927776762627847
4,11,34,3.892121871803043
4,11,35,3.95554065531754
4,11,36,3.9525333042945205
4,11,37,3.849442111146608
4,11,38,3.994238483322663
4,11,39,4.006293430093762
4,11,40,3.9545409669117446
4,11,41,3.9180140435847988
4,11,42,3.9151641018222256
4,11,43,4.06340418217176
4,11,44,3.798467329070741
4,11,45,3.9873275413469518
4,11,46,3.9647788945012645
4,11,47,3.9529927557011773
4,11,48,4.046880878143642
4,11,49,3.972707458759578
4,11,50,4.0260403567241925
4,11,51,3.895327099904066
4,11,52,4.040154316016609
4,11,53,3.9830974556692027
4,11,54,4.079669889386166
4,11,55,3.8985238377557243
4,11,56,3.89749959931797
4,11,57,3.8425669401640747
4,11,58,3.9300308654091913
4,11,59,3.860001936807296
4,11,60,3.8385940155050857
4,11,61,3.997551435688392
4,11,62,3.9818813476662287
4,11,63,3.9876139584398875
4,11,64,3.8183470278132696
4,11,65,3.817718321451397
4,11,66,4.1972876125852485
4,11,67,3.99703348694585
4,11,68,4.0484923430306825
4,11,69,4.038844413309877
4,11,70,3.9395637817028684
4,11,71,3.932858507512768
4,11,72,4.0260671679454285
4,11,73,4.0096067968883125
4,11,74,4.05281530621269
4,11,75,3.9563008870950362
4,11,76,3.9365480990515507
4,11,77,4.0934581864876325
4,11,78,3.837763140718217
4,11,79,3.8171627845268334
4,11,80,4.054627821877656
4,11,81,3.916707724797497
4,11,82,3.921145896845677
4,11,83,3.9845445593030577
4,11,84,3.9117903809675805
4,11,85,3.9272011018755055
4,11,86,3.8655276065110584
4,11,87,4.17285315494458
4,11,88,3.8746678325340795
4,11,89,4.054954689471428
4,11,90,4.102912570918572
4,11,91,3.832229388480373
4,11,92,3.89955913741472
4,11,93,3.9983937752557446
4,11,94,3.805498675777906
4,11,95,4.1149457302855925
4,11,96,3.881958849584375
4,11,97,3.938380192242095
4,11,98,3.9744441012894165
4,11,99,3.891202617380631
4,11,100,4.158824668691379
4,12,1,4.291393570598884
4,12,2,4.465365963395151
4,12,3,4.388515018542201
4,12,4,4.167942444639782
4,12,5,4.622272475756628
4,12,6,4.3773275356457795
4,12,7,4.248523646685836
4,12,8,4.308695136455671
4,12,9,4.474089107523435
4,12,10,4.600854607097174
4,12,11,4.316500695492326
4,12,12,4.404675349531114
4,12,13,4.507508452525568
4,12,14,4.5833653663149905
4,12,15,4.395342165174764
4,12,16,4.264165443840567
4,12,17,4.308843463661541
4,12,18,4.289165573209712
4,12,19,4.353987649616361
4,12,20,4.416391450287722
4,12,21,4.330334969256159
4,12,22,4.0570015355924784
4,12,23,4.8245184510869645
4,12,24,4.503866609974426
4,12,25,4.4416231138107225
4,12,26,4.543152107630001
4,12,27,4.406386448316282
4,12,28,4.310618783567764
4,12,29,4.333448295556264
4,12,30,4.2973512632139625
4,12,31,4.483670334452254
4,12,32,4.410189780690545
4,12,33,4.273876954976545
4,12,34,4.505014933450539
4,12,35,4.457538628942887
4,12,36,4.367702647698198
4,12,37,4.473833981724217
4,12,38,4.41109776198847
4,12,39,4.609754504369151
4,12,40,4.42735236391731
4,12,41,4.457198580775789
4,12,42,4.515170835304783
4,12,43,4.424057728633832
4,12,44,4.4654533200127755
4,12,45,4.400158681958641
4,12,46,4.139007926950121
4,12,47,4.525859584132561
4,12,48,4.5200518058397225
4,12,49,4.437117210251489
4,12,50,4.2484868392476445
4,12,51,4.342791105338857
4,12,52,4.306290131234011
4,12,53,4.355814139066494
4,12,54,4.322282422900685
4,12,55,4.42036007049234
4,12,56,4.33404395140664
4,12,57,4.352303372122765
4,12,58,4.5319828812340095
4,12,59,4.196450957800494
4,12,60,4.258455064098457
4,12,61,4.482469846813723
4,12,62,4.366580814524731
4,12,63,4.256081724531121
4,12,64,4.4891421734335175
4,12,65,4.270359750532816
4,12,66,4.279506898550712
4,12,67,4.22607395849318
4,12,68,4.400903132672628
4,12,69,4.213523899669632
4,12,70,4.408483350969736
4,12,71,4.384077081575016
4,12,72,4.344582293638104
4,12,73,4.391620329070748
4,12,74,4.304557281702883
4,12,75,4.4563336178601975
4,12,76,4.38095925213128
4,12,77,4.730377674286035
4,12,78,4.172775641410895
4,12,79,4.231542946824373
4,12,80,4.476873870630871
4,12,81,4.169806658621038
4,12,82,4.292592820439046
4,12,83,4.365977490089512
4,12,84,4.281461509697337
4,12,85,4.569191101555844
4,12,86,4.384943762095047
4,12,87,4.527723844735708
4,12,88,4.352960434942443
4,12,89,4.299031072090788
4,12,90,4.414918190696931
4,12,91,4.312539739823086
4,12,92,4.512770355125735
4,12,93,4.403161277760026
4,12,94,4.221277892476541
4,12,95,4.746393273124472
4,12,96,4.285220009857198
4,12,97,4.304680350383615
4,12,98,4.323680367860183
4,12,99,4.428020849264706
4,12,100,4.541031585358045
4,13,1,4.223765928708435
4,13,2,4.19930009574807
4,13,3,4.1126429987745095
4,13,4,4.16222282502129
4,13,5,4.538881010017059
4,13,6,4.129353868872544
4,13,7,4.152943640078857
4,13,8,4.172348175724635
4,13,9,4.2802909259910225
4,13,10,4.398210742327354
4,13,11,4.130867080935624
4,13,12,4.277047511455653
4,13,13,4.414073656649611
4,13,14,4.313981506606988
4,13,15,4.1468285206202005
4,13,16,4.146109112585236
4,13,17,4.501165043904507
4,13,18,4.108751629901959
4,13,19,4.225572210251477
4,13,20,4.416647415121483
4,13,21,4.030758403932209
4,13,22,4.072885293584801
4,13,23,4.389759397698202
4,13,24,4.320592474744236
4,13,25,4.090477312606554
4,13,26,4.369559694373399
4,13,27,4.296608776108254
4,13,28,4.2671784612105625
4,13,29,4.218815192188817
4,13,30,4.153695635496574
4,13,31,4.426715855818413
4,13,32,4.2460350928175545
4,13,33,4.100452179560934
4,13,34,4.283215468670065
4,13,35,4.2657935646312835
4,13,36,4.2249642833013406
4,13,37,4.242013586104006
4,13,38,4.322536676204158
4,13,39,4.200564826939467
4,13,40,4.326637959292424
4,13,41,4.140592728207563
4,13,42,4.313353377717378
4,13,43,4.257400794490609
4,13,44,4.247251671462057
4,13,45,4.330611499946709
4,13,46,4.020855588554977
4,13,47,4.3643010581308594
4,13,48,4.373937876705033
4,13,49,4.2996505452365765
4,13,50,4.248981686647471
4,13,51,4.2144053533674315
4,13,52,4.299508885336744
4,13,53,4.3854479416027266
4,13,54,4.332002915228047
4,13,55,4.15703090414535
4,13,56,4.239170319639806
4,13,57,4.195743906543044
4,13,58,4.271664034473556
4,13,59,4.106921050724627
4,13,60,4.112115749413884
4,13,61,4.326379765398556
4,13,62,4.359947019448002
4,13,63,4.1598161953857655
4,13,64,4.036514074062222
4,13,65,4.151165056159426
4,13,66,4.357745705829064
4,13,67,3.9869326389066297
4,13,68,4.351761415707591
4,13,69,4.133422215206724
4,13,70,4.127297181319266
4,13,71,4.34974119266837
4,13,72,4.149087523444151
4,13,73,4.177341745417726
4,13,74,4.45585059084612
4,13,75,4.173365515664952
4,13,76,4.193567058130854
4,13,77,4.4028432449381825
4,13,78,4.142896754901951
4,13,79,4.099641049339296
4,13,80,4.3292705301044485
4,13,81,4.101875593776625
4,13,82,4.232382775468882
4,13,83,4.2023023332267675
4,13,84,4.280517657821809
4,13,85,4.420018969895558
4,13,86,4.3673876595268535
4,13,87,4.328425560581832
4,13,88,4.182207365569051
4,13,89,4.35557048326939
4,13,90,4.218117254262569
4,13,91,4.136500568361018
4,13,92,4.250960429187977
4,13,93,4.26961462153666
4,13,94,4.246809636508954
4,13,95,4.495701221867013
4,13,96,4.228050825021297
4,13,97,4.225358770833311
4,13,98,4.543879741101869
4,13,99,4.026806811807323
4,13,100,4.39642062350808
4,14,1,4.093169117114233
4,14,2,4.102319533727605
4,14,3,3.9834870136402265
4,14,4,4.032456107363569
4,14,5,4.26568879251917
4,14,6,4.06008008082906
4,14,7,4.090220578111673
4,14,8,3.932266332320954
4,14,9,4.108708114503392
4,14,10,4.365802147378503
4,14,11,3.987807253836283
4,14,12,4.1145376215899345
4,14,13,4.1098978170289655
4,14,14,4.110590930999563
4,14,15,3.959965831468438
4,14,16,4.047005262734442
4,14,17,3.9752204344096107
4,14,18,3.988461804933926
4,14,19,4.091522933237411
4,14,20,4.100260913416447
4,14,21,4.165783259324366
4,14,22,4.060768651054963
4,14,23,4.304004492380644
4,14,24,3.943065430626577
4,14,25,4.035717156436473
4,14,26,4.196998510283451
4,14,27,4.236857011455657
4,14,28,4.13054508157502
4,14,29,4.193014649722908
4,14,30,4.017609599211403
4,14,31,4.054639669224194
4,14,32,4.047604904145337
4,14,33,4.042441701566471
4,14,34,3.981664262894273
4,14,35,4.166599957534087
4,14,36,4.009855663309871
4,14,37,3.948581839620613
4,14,38,4.210150841272366
4,14,39,4.1323119410166145
4,14,40,4.060412842231454
4,14,41,4.077256823902369
4,14,42,4.194188888000835
4,14,43,4.081954468083956
4,14,44,3.8761072406223143
4,14,45,4.089550159633417
4,14,46,3.9344843142582886
4,14,47,4.206202873721218
4,14,48,4.198202598465463
4,14,49,3.9933190726236125
4,14,50,4.039019698476122
4,14,51,4.037592191283024
4,14,52,4.143066992274076
4,14,53,4.214077183557112
4,14,54,4.23011743542198
4,14,55,4.059511212063082
4,14,56,4.010355933876807
4,14,57,4.04119092513852
4,14,58,4.0463560088981145
4,14,59,3.8876341670928865
4,14,60,3.9231112799978405
4,14,61,4.132242021579282
4,14,62,4.098908325021306
4,14,63,4.087425334878514
4,14,64,3.948387676310721
4,14,65,3.9115051386402233
4,14,66,4.189839115782177
4,14,67,4.001464658727606
4,14,68,4.15690160629796
4,14,69,4.081711594043037
4,14,70,3.9887964188512215
4,14,71,3.9535107015132027
4,14,72,4.022892317934769
4,14,73,4.08960327227195
4,14,74,4.154698938885325
4,14,75,3.997845216378925
4,14,76,4.051685743819246
4,14,77,4.195962399403222
4,14,78,3.954940041506806
4,14,79,3.980418146046447
4,14,80,4.351788159420304
4,14,81,3.9953025714513934
4,14,82,4.328678441229752
4,14,83,4.082651094362747
4,14,84,4.038576338501692
4,14,85,4.2627311319799635
4,14,86,4.086385925404943
4,14,87,4.07143797042838
4,14,88,4.000723666773222
4,14,89,4.145582672687557
4,14,90,4.0300465277067286
4,14,91,3.93684370566921
4,14,92,4.019813589087794
4,14,93,4.040589161871263
4,14,94,4.020467148177748
4,14,95,4.234274667199488
4,14,96,3.9705205656969143
4,14,97,4.03445804774082
4,14,98,4.242939087595905
4,14,99,3.8973210841325487
4,14,100,4.243662332747212
4,15,1,4.197036694533242
4,15,2,4.048250973305605
4,15,3,3.9985162380114976
4,15,4,3.987945781276612
4,15,5,4.277397192881482
4,15,6,3.967090649776197
4,15,7,4.127455349744237
4,15,8,3.9905241059249663
4,15,9,4.0860405469948695
4,15,10,4.298582485027697
4,15,11,4.151446643488902
4,15,12,4.1169919743179815
4,15,13,4.272687769874239
4,15,14,4.121607872176044
4,15,15,4.319641429507674
4,15,16,4.117051609388307
4,15,17,3.9545976783887236
4,15,18,4.055354654997856
4,15,19,4.133631028559222
4,15,20,3.998103343083967
4,15,21,3.8888738512361085
4,15,22,3.9432173495843705
4,15,23,4.2454952470694725
4,15,24,3.8538940343137034
4,15,25,3.9706189343030482
4,15,26,4.134159015664944
4,15,27,4.141718157928382
4,15,28,4.142474825980391
4,15,29,4.1005082860187425
4,15,30,4.108380721973563
4,15,31,4.075749178974832
4,15,32,4.078923231830758
4,15,33,4.034230158141501
4,15,34,4.108234673540049
4,15,35,4.163576204603576
4,15,36,3.9790668966858234
4,15,37,3.9785619129368968
4,15,38,4.197680296515334
4,15,39,4.076196623614657
4,15,40,4.126505726875533
4,15,41,4.147027056372536
4,15,42,4.116309639386175
4,15,43,3.985407352514893
4,15,44,3.9764491131713386
4,15,45,4.156718024456513
4,15,46,3.9738822343350217
4,15,47,4.172613730179026
4,15,48,4.117607792412613
4,15,49,4.041049941336314
4,15,50,4.03036048545395
4,15,51,4.063091734281745
4,15,52,4.121307944213545
4,15,53,4.136054854006813
4,15,54,4.144294785006377
4,15,55,4.063626520993175
4,15,56,4.052408116101875
4,15,57,4.124835850117214
4,15,58,4.087630421621907
4,15,59,3.912316190803459
4,15,60,3.8987103082906804
4,15,61,4.215668541027277
4,15,62,4.224835133578428
4,15,63,4.118125331788153
4,15,64,3.972279984388304
4,15,65,3.901354441655993
4,15,66,4.129103471227615
4,15,67,4.037445884217804
4,15,68,4.243343192721657
4,15,69,4.06344458589086
4,15,70,3.983524006873389
4,15,71,4.032576980498703
4,15,72,4.099287435528546
4,15,73,4.097814994085673
4,15,74,4.0509334097399705
4,15,75,4.045023258631696
4,15,76,4.117162431905361
4,15,77,4.239723785485914
4,15,78,3.8674865752876992
4,15,79,4.088571451566488
4,15,80,4.197630653505969
4,15,81,3.98620571653877
4,15,82,4.14829746595268
4,15,83,4.066479675777916
4,15,84,4.09393961311807
4,15,85,4.257012789695217
4,15,86,4.108478152120627
4,15,87,4.0749499953111625
4,15,88,4.015271118925828
4,15,89,4.219157290068195
4,15,90,4.030525198955659
4,15,91,3.9394158506500294
4,15,92,3.983009415014903
4,15,93,4.0927746961317135
4,15,94,3.93903944975488
4,15,95,4.228087340260009
4,15,96,4.039350208173479
4,15,97,4.027507303708429
4,15,98,4.183203384484217
4,15,99,3.8969421773230883
4,15,100,4.230618141730585
5,1,1,3.967143546568604
5,1,2,3.913769568201165
5,1,3,3.781735324328626
5,1,4,3.907441025309007
5,1,5,3.9084133463874364
5,1,6,3.907003533141492
5,1,7,3.8847351549445617
5,1,8,3.8393983933290365
5,1,9,3.955655038309858
5,1,10,3.791417791879772
5,1,11,3.8457032806372213
5,1,12,4.0333267373721124
5,1,13,3.9302511352834344
5,1,14,3.9509377829283694
5,1,15,3.8771347587382508
5,1,16,3.9592987579923093
5,1,17,3.820475516783857
5,1,18,3.905945434995711
5,1,19,3.928788609494877
5,1,20,3.9760876716218805
5,1,21,4.026122437233578
5,1,22,3.9422970104432817
5,1,23,4.008279374094181
5,1,24,4.012256183130839
5,1,25,4.096110078964182
5,1,26,3.92148512148335
5,1,27,3.830061105924961
5,1,28,3.9093176344309195
5,1,29,3.9524902380647626
5,1,30,3.9138522699807843
5,1,31,4.009989188725477
5,1,32,3.8444679898763487
5,1,33,3.836891870470991
5,1,34,3.933307778825649
5,1,35,3.977541205509359
5,1,36,3.9648703845907836
5,1,37,3.904939912617193
5,1,38,4.055750261988483
5,1,39,3.9493852977940875
5,1,40,3.997090773657271
5,1,41,3.860785047527675
5,1,42,3.8285149125106077
5,1,43,4.103037982470155
5,1,44,3.7926749499680152
5,1,45,3.875367253836286
5,1,46,3.92357984478898
5,1,47,3.8725390606883767
5,1,48,3.923478946557949
5,1,49,3.9633590323422694
5,1,50,3.810930868979088
5,1,51,3.9923133671142237
5,1,52,3.8016684799658678
5,1,53,4.017972992433918
5,1,54,3.9945246371483236
5,1,55,3.8008993606137884
5,1,56,4.0237267117433815
5,1,57,3.9899557431798676
5,1,58,3.8482642681691983
5,1,59,3.992432967604422
5,1,60,3.889709946664497
5,1,61,3.8739124924871846
5,1,62,3.852883157928357
5,1,63,3.922535743765961
5,1,64,3.8950938366368013
5,1,65,3.8198951351235872
5,1,66,3.826272366048572
5,1,67,3.9809197300724484
5,1,68,3.8884518747335712
5,1,69,3.967004433450551
5,1,70,3.8257118055732886
5,1,71,3.8662572128622994
5,1,72,3.946519266464177
5,1,73,3.828725790600995
5,1,74,3.910973922154701
5,1,75,3.807090541986332
5,1,76,3.9431712636935026
5,1,77,3.916563519234823
5,1,78,3.869882956947971
5,1,79,4.104901753783029
5,1,80,3.897626077525536
5,1,81,3.8705462635336505
5,1,82,3.9744313595481433
5,1,83,3.9228042444053592
5,1,84,3.8094433413256388
5,1,85,4.011711341005957
5,1,86,3.9698410319692856
5,1,87,4.011150406702887
5,1,88,3.8446898841644974
5,1,89,3.763237842231437
5,1,90,3.9664310339407396
5,1,91,4.093656271845684
5,1,92,4.109480331628299
5,1,93,3.7932586822250327
5,1,94,3.8855697269820575
5,1,95,3.86411367252768
5,1,96,3.9527346251065536
5,1,97,3.9208166736998993
5,1,98,3.975712684249777
5,1,99,3.8795510149189787
5,1,100,3.872637042519151
5,2,1,3.9828239947783284
5,2,2,4.063101365995305
5,2,3,3.9294144223678336
5,2,4,3.856175346067742
5,2,5,3.878070868606119
5,2,6,3.862422357470131
5,2,7,3.7886729974424367
5,2,8,3.7842802218669855
5,2,9,3.871278173913012
5,2,10,3.8462742788789193
5,2,11,3.9493699823102952
5,2,12,4.05374420492326
5,2,13,3.927658830722475
5,2,14,4.190166091005966
5,2,15,3.9603066402386937
5,2,16,4.089776856511065
5,2,17,3.9250750651640938
5,2,18,3.9296206191922165
5,2,19,3.9096689915281093
5,2,20,3.9841322409953075
5,2,21,3.9522600930839493
5,2,22,3.887813892050273
5,2,23,4.004235287244238
5,2,24,3.9081360150255415
5,2,25,4.027032729486338
5,2,26,4.151851860613803
5,2,27,3.9185146803601696
5,2,28,3.894239134644046
5,2,29,3.8520811452472
5,2,30,3.8018105796035515
5,2,31,3.837095022431769
5,2,32,4.032683873348237
5,2,33,3.856768726822228
5,2,34,3.9681240733695504
5,2,35,3.913091247868681
5,2,36,3.9923919930733014
5,2,37,3.8138142645992907
5,2,38,4.090843375159843
5,2,39,4.0094684413895845
5,2,40,3.883601346440718
5,2,41,4.046867577099303
5,2,42,3.861832081947955
5,2,43,3.929961513427091
5,2,44,3.8657367590579463
5,2,45,3.9165339917945126
5,2,46,3.8588116669863326
5,2,47,3.9344203243819025
5,2,48,3.933176707960331
5,2,49,4.005270510762986
5,2,50,3.8175687714194093
5,2,51,4.007357392636396
5,2,52,3.8995596850489966
5,2,53,4.055840049445846
5,2,54,3.977624789535357
5,2,55,3.9371983225702984
5,2,56,3.9711125260016953
5,2,57,3.9434508200660536
5,2,58,3.963280753783019
5,2,59,4.073606479592914
5,2,60,3.876510002770638
5,2,61,3.875232340100143
5,2,62,3.973785954656833
5,2,63,3.955735440750204
5,2,64,4.000707945812004
5,2,65,3.9044613976981823
5,2,66,3.957396002450962
5,2,67,3.9505938023230804
5,2,68,4.002123980072457
5,2,69,3.890977045236548
5,2,70,3.9102489710144637
5,2,71,3.948488354379777
5,2,72,3.836328964407477
5,2,73,3.8208688708439578
5,2,74,3.9084804779411475
5,2,75,4.004747354965885
5,2,76,3.8845564507139594
5,2,77,4.123774285112933
5,2,78,3.9336703256074066
5,2,79,3.8968440541346676
5,2,80,4.02630386961848
5,2,81,4.036756753783026
5,2,82,3.9245889777280216
5,2,83,3.9380610439577786
5,2,84,3.7745167549019234
5,2,85,3.853601078164927
5,2,86,3.8899390806159135
5,2,87,3.9184706140238426
5,2,88,3.979662036444995
5,2,89,3.8615970406009894
5,2,90,3.890054656010199
5,2,91,3.8734941183929807
5,2,92,4.052923471707158
5,2,93,3.760026621962886
5,2,94,4.134806560848235
5,2,95,3.826408772964597
5,2,96,4.019544845748076
5,2,97,3.88419934121907
5,2,98,4.087391525202464
5,2,99,3.979523136668776
5,2,100,3.9823118556585477
5,3,1,3.7547602148337402
5,3,2,3.9542528667412493
5,3,3,3.82965137446715
5,3,4,3.9578537667305937
5,3,5,3.922741606138079
5,3,6,3.9761383516624007
5,3,7,3.9445203626385137
5,3,8,3.9089304704816326
5,3,9,4.020212041666655
5,3,10,3.9458693280583828
5,3,11,3.8177826003303097
5,3,12,3.9279584151214553
5,3,13,3.85197864402171
5,3,14,4.186867022431793
5,3,15,3.917846380008503
5,3,16,4.120563970961202
5,3,17,3.9410126929347555
5,3,18,3.9488515575447307
5,3,19,3.9026959588661367
5,3,20,3.8553001073102986
5,3,21,3.956657996962903
5,3,22,3.9509078145779877
5,3,23,3.823345806745498
5,3,24,3.8948645626065286
5,3,25,3.919044256340545
5,3,26,3.9350832908674147
5,3,27,3.979904930147037
5,3,28,3.8726154963234993
5,3,29,4.05419315217389
5,3,30,3.8920370303708207
5,3,31,3.878262907235698
5,3,32,3.9185764157608385
5,3,33,3.777965440696911
5,3,34,3.970356146419417
5,3,35,3.9287713485187177
5,3,36,3.8894725281329663
5,3,37,3.9791476292625503
5,3,38,3.8571669909952733
5,3,39,3.844042421835006
5,3,40,3.8991761012893953
5,3,41,3.8535328539535008
5,3,42,3.954254842497862
5,3,43,3.8932730618073035
5,3,44,3.85877273215043
5,3,45,3.836441176364004
5,3,46,3.9311848537936656
5,3,47,3.9778450146525883
5,3,48,4.060004533354632
5,3,49,3.968685024136822
5,3,50,4.010324792679011
5,3,51,3.856668553814979
5,3,52,3.9905484217817513
5,3,53,3.9158512586849734
5,3,54,4.136796784100588
5,3,55,3.7710361104006433
5,3,56,3.953769445545598
5,3,57,3.9184709282821486
5,3,58,3.73379307677961
5,3,59,3.887008540814126
5,3,60,3.9461729360080673
5,3,61,3.8556369098465106
5,3,62,3.8559422791453235
5,3,63,4.1100729559888975
5,3,64,3.9196438080242606
5,3,65,3.9172333169223927
5,3,66,4.060568769554556
5,3,67,3.7772566217497694
5,3,68,3.9460575244564895
5,3,69,3.799627783194779
5,3,70,3.8072570942028623
5,3,71,3.832641379742088
5,3,72,3.950165354752743
5,3,73,3.864574979646176
5,3,74,3.8908211591538495
5,3,75,3.8259286220161637
5,3,76,3.7436237716325516
5,3,77,3.8161091951193282
5,3,78,3.91061431990619
5,3,79,3.857679240089478
5,3,80,3.777087704283859
5,3,81,3.8656571013959637
5,3,82,3.972389077578843
5,3,83,3.8274696252130953
5,3,84,3.9038246230818063
5,3,85,4.052891150895124
5,3,86,3.8869004702685115
5,3,87,3.9860322078537678
5,3,88,3.9678061993286247
5,3,89,3.8423778767049974
5,3,90,3.9385944676044162
5,3,91,3.768043231564342
5,3,92,3.903048545769367
5,3,93,3.8387054987744746
5,3,94,3.851146022325202
5,3,95,3.8350009885443077
5,3,96,3.8294635373507835
5,3,97,4.007241589887038
5,3,98,3.9046076506287024
5,3,99,3.822741897005514
5,3,100,3.746728260283452
5,4,1,3.938936952632116
5,4,2,4.072424111572893
5,4,3,3.8161053382885575
5,4,4,3.956764016144479
5,4,5,3.8677222631073973
5,4,6,3.9374539032928046
5,4,7,3.8533282278345804
5,4,8,3.825124340899378
5,4,9,3.854457137095032
5,4,10,3.8910605734228247
5,4,11,4.019433908354623
5,4,12,4.062047059782602
5,4,13,3.9680500494458433
5,4,14,3.880326743712674
5,4,15,3.9002877338021915
5,4,16,3.945991027440304
5,4,17,3.859996720907906
5,4,18,3.7963259640345046
5,4,19,4.085095201459939
5,4,20,4.021132331095472
5,4,21,4.014874862745087
5,4,22,4.001758775362305
5,4,23,3.883866417678997
5,4,24,4.022227677269803
5,4,25,4.05660694527918
5,4,26,4.122793352994447
5,4,27,3.8464748780370708
5,4,28,3.8723509438938333
5,4,29,3.8444529450660445
5,4,30,3.796847870151294
5,4,31,3.8515117482949335
5,4,32,3.879633512894259
5,4,33,3.913569372975253
5,4,34,3.9517317599104596
5,4,35,4.023740628623172
5,4,36,3.9312995493925578
5,4,37,3.8614255765131786
5,4,38,3.9985544403239506
5,4,39,3.9390994939257995
5,4,40,3.7891297205882064
5,4,41,4.055993793638092
5,4,42,3.871441497122728
5,4,43,3.8896141222293084
5,4,44,3.8239348506500184
5,4,45,3.9975072867114045
5,4,46,3.9151469260975906
5,4,47,3.976734009217801
5,4,48,3.9675411557970834
5,4,49,3.9402495262680852
5,4,50,3.896777184143193
5,4,51,3.878513986413021
5,4,52,3.8373850297847185
5,4,53,3.9922956468456814
5,4,54,4.197924966059234
5,4,55,3.879004675351628
5,4,56,3.973389865675601
5,4,57,3.9631269287084265
5,4,58,3.906123869884886
5,4,59,3.8679142608695316
5,4,60,3.931766270193918
5,4,61,3.898352194959472
5,4,62,3.9905972065217235
5,4,63,3.92350368989768
5,4,64,3.9899022074275208
5,4,65,3.8482067050830935
5,4,66,3.9808038234228285
5,4,67,3.965061771259578
5,4,68,3.991657745471001
5,4,69,3.8918893713767893
5,4,70,3.985659179454372
5,4,71,3.964470877237832
5,4,72,3.8121357513853216
5,4,73,3.8934531832906765
5,4,74,3.8986295917518903
5,4,75,4.002509194426673
5,4,76,3.9318742999253837
5,4,77,3.9088148351449044
5,4,78,4.063741873667932
5,4,79,3.8970884541240136
5,4,80,4.026324178548568
5,4,81,4.032916154997858
5,4,82,3.9181850374040548
5,4,83,3.9844289191176347
5,4,84,3.9002278689257968
5,4,85,3.8940935990515446
5,4,86,3.907770640771499
5,4,87,3.930094574062198
5,4,88,3.9263774716538467
5,4,89,3.9012455349530835
5,4,90,3.9061401060315153
5,4,91,3.87902968057329
5,4,92,4.010149022165389
5,4,93,3.9479465240835174
5,4,94,4.033019086849938
5,4,95,3.847190984921123
5,4,96,3.8765340344202683
5,4,97,3.8674160453431092
5,4,98,4.144895278399402
5,4,99,3.8591567608162474
5,4,100,3.943063189524705
5,5,1,3.831113562446697
5,5,2,3.94858801902172
5,5,3,3.8246920763000567
5,5,4,3.9209030043158366
5,5,5,4.056769851982081
5,5,6,3.8856749812446383
5,5,7,3.7923956949594877
5,5,8,3.8974640598358703
5,5,9,3.9752219811380853
5,5,10,3.753968310049001
5,5,11,3.8964387554347546
5,5,12,3.882542837329476
5,5,13,3.7977775381500165
5,5,14,3.9840565954283664
5,5,15,3.8970855043691013
5,5,16,4.153344678655144
5,5,17,3.7600277446184815
5,5,18,3.9199722250639097
5,5,19,4.114195831255317
5,5,20,3.9196923312020187
5,5,21,3.8620203809142986
5,5,22,3.9196970352727734
5,5,23,3.8634257837808783
5,5,24,3.934005827738665
5,5,25,4.029804550511488
5,5,26,3.9120949240195797
5,5,27,3.843803718030666
5,5,28,3.7931492862851375
5,5,29,4.054555733109538
5,5,30,3.9300487774935684
5,5,31,4.123125349264695
5,5,32,3.9301626175404607
5,5,33,3.97841172176043
5,5,34,4.041861372975278
5,5,35,3.9452363414321914
5,5,36,3.90378173747867
5,5,37,3.928313370630835
5,5,38,3.9847647285272654
5,5,39,3.924677548060493
5,5,40,3.8577509921674866
5,5,41,3.878493840313264
5,5,42,3.871673735080942
5,5,43,3.85772399435207
5,5,44,3.8039015489130263
5,5,45,3.8227372877770387
5,5,46,3.9567732041240236
5,5,47,3.9983820831201893
5,5,48,3.9506929418158343
5,5,49,3.903720664801764
5,5,50,3.9180660513639896
5,5,51,4.0023790033567685
5,5,52,3.9381898004049196
5,5,53,4.115476824648329
5,5,54,3.861165734601416
5,5,55,3.8441509717071263
5,5,56,3.9079319262041587
5,5,57,3.9630706835038145
5,5,58,3.901001749999976
5,5,59,3.963012206468432
5,5,60,3.9768886765771305
5,5,61,3.816217451619763
5,5,62,3.9389386026747317
5,5,63,3.855731868126567
5,5,64,3.9267490760869324
5,5,65,3.910306174978673
5,5,66,3.8807626285698715
5,5,67,3.8287979824701326
5,5,68,3.8927733954603383
5,5,69,3.8091409834292134
5,5,70,3.8771922618818975
5,5,71,3.833304202845235
5,5,72,3.873413760603126
5,5,73,3.938872033834162
5,5,74,3.8871008592817264
5,5,75,3.862134649243372
5,5,76,3.941461545076706
5,5,77,3.8637363334931414
5,5,78,3.8511223894394417
5,5,79,3.7985821870204473
5,5,80,3.8751901234015
5,5,81,3.8977346835570827
5,5,82,3.872410435901509
5,5,83,3.8520853591751605
5,5,84,3.7380334345694686
5,5,85,3.835963997921973
5,5,86,3.9200139619032126
5,5,87,3.920979582267667
5,5,88,3.750012852674744
5,5,89,3.766122262361443
5,5,90,3.969414213874668
5,5,91,3.9376437080668913
5,5,92,4.036024204763421
5,5,93,3.8049385707587176
5,5,94,3.899178666027248
5,5,95,4.005979918158549
5,5,96,3.9227168483056105
5,5,97,3.846944014119755
5,5,98,3.8607737552749124
5,5,99,3.8652715430519673
5,5,100,3.9322619345161742
5,6,1,3.768372988650882
5,6,2,3.877827114823079
5,6,3,3.9563591397591433
5,6,4,3.8864793135656117
5,6,5,3.927730541080538
5,6,6,3.956837050138512
5,6,7,4.029957370204582
5,6,8,4.066560142956077
5,6,9,3.9402633875745794
5,6,10,3.9972629612105655
5,6,11,3.846870644554523
5,6,12,3.9573137005008245
5,6,13,3.832754813086074
5,6,14,4.1098811766304255
5,6,15,4.007572854219933
5,6,16,3.966200587222919
5,6,17,3.9151181913895665
5,6,18,3.990894249520445
5,6,19,3.8901395136934984
5,6,20,4.074305673593349
5,6,21,3.9473079595055136
5,6,22,4.0004296958120165
5,6,23,3.92567055749144
5,6,24,3.7508047807438074
5,6,25,3.836041883258708
5,6,26,3.992249129155996
5,6,27,3.9915807279411664
5,6,28,3.9005267656116547
5,6,29,3.8992491848358655
5,6,30,3.829563220481645
5,6,31,3.8860701033674103
5,6,32,3.915066113544302
5,6,33,3.857953738917281
5,6,34,3.9944723515558227
5,6,35,3.9489298729752567
5,6,36,3.919766802962462
5,6,37,3.859439542572431
5,6,38,3.860217036871231
5,6,39,3.9331661528665425
5,6,40,3.8128983902386753
5,6,41,3.8916524972292965
5,6,42,3.959265688299219
5,6,43,3.8067421074168553
5,6,44,3.759046475063915
5,6,45,3.995530108695641
5,6,46,3.819513663416427
5,6,47,4.013830658940733
5,6,48,3.847945638640209
5,6,49,3.885897398444143
5,6,50,3.9216971022484826
5,6,51,3.8328620248827563
5,6,52,3.948906254742092
5,6,53,3.916157653505945
5,6,54,4.138558782768532
5,6,55,3.8382737639598927
5,6,56,3.88658185496588
5,6,57,4.0429791103473836
5,6,58,3.812833447517038
5,6,59,3.8326722575127476
5,6,60,3.913758517316684
5,6,61,3.846869703537903
5,6,62,3.8580920111359456
5,6,63,3.9758674723998024
5,6,64,3.9124745745417386
5,6,65,3.8614784909952715
5,6,66,4.035291658780892
5,6,67,3.844133159686677
5,6,68,3.981731191655987
5,6,69,3.769068263373806
5,6,70,3.918303533994003
5,6,71,3.9037053986039756
5,6,72,3.8656939293478065
5,6,73,3.8164882988064512
5,6,74,3.899683131020853
5,6,75,3.863369157288966
5,6,76,3.83934565553066
5,6,77,3.9289081154091816
5,6,78,4.081296539375523
5,6,79,4.033419946184975
5,6,80,3.7717635697463554
5,6,81,3.967237272591629
5,6,82,4.010374931265971
5,6,83,3.8961639648870126
5,6,84,3.8757180942028646
5,6,85,3.993881036711417
5,6,86,3.8114979920609207
5,6,87,4.018314045982518
5,6,88,3.8674500809356043
5,6,89,4.052274249520449
5,6,90,3.8341161898443827
5,6,91,3.863826470534923
5,6,92,3.9172531422101184
5,6,93,3.874280761775327
5,6,94,3.841044852674734
5,6,95,3.8423038902919684
5,6,96,3.814403619884885
5,6,97,3.8978216649083355
5,6,98,3.933108637840984
5,6,99,3.728699720694783
5,6,100,3.938736579390433
5,7,1,3.907891730178994
5,7,2,4.033864629795383
5,7,3,3.8799968348784875
5,7,4,3.948909220748057
5,7,5,3.899536819373382
5,7,6,4.011888031702876
5,7,7,3.7591343296568467
5,7,8,3.926768109867838
5,7,9,3.890226519927506
5,7,10,3.9463798066389417
5,7,11,3.9128687852727744
5,7,12,4.254403547900672
5,7,13,4.068057620417725
5,7,14,3.977981862851648
5,7,15,3.952710530583962
5,7,16,4.017334248881058
5,7,17,3.9162295596227352
5,7,18,3.958505240196058
5,7,19,4.02545080253623
5,7,20,3.9574870693201136
5,7,21,4.012565694053688
5,7,22,3.956455710624437
5,7,23,3.8614559143222205
5,7,24,3.921106829550264
5,7,25,4.100046121430078
5,7,26,3.9884586530264134
5,7,27,3.859414527973136
5,7,28,3.865832677696044
5,7,29,3.8581710796568345
5,7,30,3.825913357257002
5,7,31,3.9013064887574305
5,7,32,4.079122213395128
5,7,33,3.883473229592902
5,7,34,3.907500159899806
5,7,35,3.977482856884031
5,7,36,3.9695257561274286
5,7,37,3.969958123135097
5,7,38,4.011232941016629
5,7,39,3.9356027493605765
5,7,40,3.9488949800191633
5,7,41,3.9527914944053464
5,7,42,3.924020137574562
5,7,43,3.9427570627131083
5,7,44,3.8183935532288764
5,7,45,3.9791630291986095
5,7,46,3.8381353701512917
5,7,47,4.000112100117204
5,7,48,3.995783885017034
5,7,49,3.9625069057437954
5,7,50,3.954267340046861
5,7,51,4.112899220375107
5,7,52,3.8789531053388555
5,7,53,4.2277321855818295
5,7,54,4.11769340371909
5,7,55,3.9363110916453268
5,7,56,4.011596294810303
5,7,57,3.92205696968242
5,7,58,3.9516327566602505
5,7,59,4.0128611571291515
5,7,60,3.9687213443627165
5,7,61,3.9358753962595667
5,7,62,4.063039396046435
5,7,63,3.974583689791117
5,7,64,4.010098432065193
5,7,65,3.918050979912593
5,7,66,3.908344911871247
5,7,67,3.806846537936885
5,7,68,3.9939761520140653
5,7,69,3.8963417972079895
5,7,70,3.887627324808151
5,7,71,3.8735326335784057
5,7,72,3.855707721280875
5,7,73,3.8957084045715775
5,7,74,3.905234314737821
5,7,75,4.045794945439034
5,7,76,3.906426280956925
5,7,77,3.9393768558716733
5,7,78,3.8635892758951087
5,7,79,3.9277795161977553
5,7,80,4.052366246110374
5,7,81,4.038015890824796
5,7,82,4.011699090206725
5,7,83,3.933073476768949
5,7,84,3.9012367202685136
5,7,85,3.8825970619671444
5,7,86,3.865999388267226
5,7,87,3.8256180809888893
5,7,88,3.975105493126564
5,7,89,4.017265650255738
5,7,90,3.899061765505087
5,7,91,4.007927111466309
5,7,92,4.050073032768535
5,7,93,4.030003017689665
5,7,94,4.235889717284721
5,7,95,3.872521659686671
5,7,96,4.017848535166242
5,7,97,3.8196117682224844
5,7,98,4.057629642476543
5,7,99,3.9259973239556483
5,7,100,3.9402954392582914
5,8,1,4.114175594362741
5,8,2,3.9703874603580362
5,8,3,3.944278552323079
5,8,4,3.831655894501243
5,8,5,3.936518509537495
5,8,6,3.8938152147271654
5,8,7,3.7404634476236014
5,8,8,3.820687692455215
5,8,9,3.9326809327045784
5,8,10,3.850269149349937
5,8,11,3.8701849575340694
5,8,12,4.034868954283884
5,8,13,4.124369132352929
5,8,14,4.073705632246362
5,8,15,3.934182364982926
5,8,16,3.9692593358375814
5,8,17,3.8861660040494224
5,8,18,3.835323843510203
5,8,19,4.079060244671787
5,8,20,3.916253227035354
5,8,21,3.99485059095267
5,8,22,3.930594221014467
5,8,23,3.903209004742088
5,8,24,3.943881650095879
5,8,25,4.1109564388320345
5,8,26,4.038930560208858
5,8,27,3.846889069959488
5,8,28,3.8529048950340647
5,8,29,3.9326708055732897
5,8,30,3.8563181464726815
5,8,31,3.903710581415152
5,8,32,3.9042460952152305
5,8,33,3.859938443574142
5,8,34,3.9125173864023632
5,8,35,3.933745116421532
5,8,36,3.871027900895115
5,8,37,3.935273906809436
5,8,38,3.973710549072877
5,8,39,3.9641017528772076
5,8,40,3.944152194852922
5,8,41,3.932208301736975
5,8,42,3.8179316535059336
5,8,43,3.9859396069906112
5,8,44,3.855274663203298
5,8,45,3.8687083732416565
5,8,46,3.902355158354612
5,8,47,3.9543419096866677
5,8,48,3.974345802323085
5,8,49,3.8778439981883785
5,8,50,3.884803147751463
5,8,51,4.016208103154303
5,8,52,3.8751203449488196
5,8,53,4.163740527120619
5,8,54,4.05818634127236
5,8,55,3.8997227053494967
5,8,56,3.984093593616773
5,8,57,4.059744353260856
5,8,58,3.8920875599424285
5,8,59,3.9886357974744118
5,8,60,3.951151918904495
5,8,61,4.052616225223763
5,8,62,3.9896472204816478
5,8,63,3.783742208759576
5,8,64,3.9987587197356977
5,8,65,3.8930870143861696
5,8,66,3.8216081540920515
5,8,67,3.823362132885732
5,8,68,4.001788629688827
5,8,69,3.877973189205003
5,8,70,3.8691173738277604
5,8,71,3.9736780778452565
5,8,72,3.8163317675298063
5,8,73,3.9254903467071283
5,8,74,3.8549383168691107
5,8,75,3.9837429749573516
5,8,76,3.836540641677304
5,8,77,4.053168067242087
5,8,78,3.803527452578837
5,8,79,3.917603755647883
5,8,80,4.0534800921248735
5,8,81,3.957303205615916
5,8,82,3.9052532195758403
5,8,83,3.9671653533141424
5,8,84,3.787324141996995
5,8,85,3.9310108040813785
5,8,86,3.8139652516517213
5,8,87,3.7918403469735456
5,8,88,3.916140340632968
5,8,89,3.850382118712665
5,8,90,3.8745261748188162
5,8,91,4.01872139114449
5,8,92,4.013808491954378
5,8,93,3.8052825361785625
5,8,94,3.941765407661948
5,8,95,3.7976274785805395
5,8,96,3.8642848302429544
5,8,97,3.901587164961621
5,8,98,3.940123249520439
5,8,99,3.941758510976107
5,8,100,3.875992306052829
5,9,1,3.896752368286417
5,9,2,4.043410399243384
5,9,3,3.7660952171781537
5,9,4,4.044664664961633
5,9,5,3.990958387148323
5,9,6,3.8863665805626244
5,9,7,3.82493203362102
5,9,8,3.81302196131711
5,9,9,3.9712174579070543
5,9,10,3.8781605216858215
5,9,11,3.9196898564577705
5,9,12,3.863225078378062
5,9,13,3.813769756713532
5,9,14,3.868881860720348
5,9,15,3.870733529518299
5,9,16,4.241870461583538
5,9,17,3.79012329550296
5,9,18,4.084070216805184
5,9,19,4.0138510018648645
5,9,20,3.875149173273626
5,9,21,3.91196218345053
5,9,22,3.9225292850063673
5,9,23,3.7867603527280327
5,9,24,3.844268362265519
5,9,25,4.006426477621458
5,9,26,3.9815506195651977
5,9,27,3.8578505734761075
5,9,28,4.078922329496997
5,9,29,3.992718593776626
5,9,30,3.9971245113490843
5,9,31,4.075905541879787
5,9,32,3.9414901011295442
5,9,33,3.801165719948837
5,9,34,3.8271782111572725
5,9,35,4.010213258844822
5,9,36,3.8450432776534353
5,9,37,4.034210383844836
5,9,38,3.939573167838846
5,9,39,3.9339418162297233
5,9,40,3.828265322623581
5,9,41,3.8295655430519746
5,9,42,3.793901579177301
5,9,43,3.952179866314984
5,9,44,3.9647101240941827
5,9,45,3.7931269373401335
5,9,46,3.941244793211823
5,9,47,3.9527646924552173
5,9,48,4.024874096547307
5,9,49,3.9356713751065464
5,9,50,3.937317378356742
5,9,51,3.823674954017458
5,9,52,3.9501650261082446
5,9,53,3.8838494464513786
5,9,54,3.8951126217497656
5,9,55,3.7629213804347548
5,9,56,4.00155308914108
5,9,57,3.9848931062979513
5,9,58,3.758368387840996
5,9,59,3.9562247475490073
5,9,60,3.819187956415147
5,9,61,3.798407385816262
5,9,62,3.878787016890418
5,9,63,3.835237810954776
5,9,64,3.7761831035272575
5,9,65,3.930016752344402
5,9,66,3.852155774722906
5,9,67,4.008515010496577
5,9,68,3.825860031543022
5,9,69,3.851846992593748
5,9,70,3.788260992753595
5,9,71,3.975832500905785
5,9,72,3.9840401464727067
5,9,73,3.9339360825873517
5,9,74,3.871223764546008
5,9,75,3.8662018494778043
5,9,76,3.927256293478242
5,9,77,3.821491498667918
5,9,78,3.8093465371376505
5,9,79,4.051773283301348
5,9,80,3.879903614823062
5,9,81,3.9296038928495096
5,9,82,3.81409646025147
5,9,83,3.893306918797926
5,9,84,3.8299154704283573
5,9,85,3.9043367616154874
5,9,86,3.844368539428772
5,9,87,4.012046398603998
5,9,88,3.9060485497655315
5,9,89,3.7857634619564977
5,9,90,3.8536733008311814
5,9,91,3.8411264986146247
5,9,92,4.077152422208001
5,9,93,3.787306035379341
5,9,94,3.843006664748472
5,9,95,3.8809957877770422
5,9,96,3.9891379072357136
5,9,97,3.864997481351215
5,9,98,3.8650133070651855
5,9,99,4.074683544011054
5,9,100,3.8850733359441345
5,10,1,4.017296441549429
5,10,2,4.079435741741258
5,10,3,3.947639608748908
5,10,4,3.9359115976662133
5,10,5,3.878945633152153
5,10,6,3.879704289322222
5,10,7,4.044095891624027
5,10,8,3.8988211910698802
5,10,9,3.868000050777893
5,10,10,3.8428893394607555
5,10,11,3.959803525948403
5,10,12,4.193670403612535
5,10,13,3.9152139183716606
5,10,14,3.9351432923060297
5,10,15,3.965481828804332
5,10,16,4.1206655555200244
5,10,17,3.9432371153559123
5,10,18,3.8684461273443875
5,10,19,3.942692190910044
5,10,20,3.968635995151316
5,10,21,3.921214267956072
5,10,22,3.903155306425809
5,10,23,3.9559315946291433
5,10,24,3.956146497602277
5,10,25,4.001288588235276
5,10,26,4.063304697463758
5,10,27,3.8326042542625616
5,10,28,3.813128514226313
5,10,29,3.9603635350596536
5,10,30,3.8401420289321875
5,10,31,3.853739864769792
5,10,32,4.0057757130754394
5,10,33,3.862273028399374
5,10,34,3.9663079222079998
5,10,35,3.9162812262361144
5,10,36,4.059006057011926
5,10,37,3.9004001494564915
5,10,38,4.0387895187553164
5,10,39,3.9552775777919504
5,10,40,3.909371387681132
5,10,41,4.021728136402363
5,10,42,3.918496168478229
5,10,43,4.0229135276534445
5,10,44,3.8624009128836008
5,10,45,3.967617442934756
5,10,46,3.7843283352514754
5,10,47,3.923685795023422
5,10,48,3.9925433361039873
5,10,49,3.996270050511492
5,10,50,3.940338141783867
5,10,51,3.9663844878516477
5,10,52,3.9308632835144652
5,10,53,4.152023559569467
5,10,54,4.14301883690323
5,10,55,3.9476082352940898
5,10,56,3.998929754102714
5,10,57,3.946397644341417
5,10,58,3.897040356138089
5,10,59,4.118331407288998
5,10,60,3.9647176643222335
5,10,61,4.031017463661537
5,10,62,4.006618540547714
5,10,63,4.0139702261295716
5,10,64,4.012602013746778
5,10,65,3.9125257115302383
5,10,66,3.9520312762148095
5,10,67,3.9051648107416517
5,10,68,4.005377953591206
5,10,69,4.029790847293257
5,10,70,3.853606946504654
5,10,71,3.895491192188805
5,10,72,3.8835472378516442
5,10,73,3.912170458226739
5,10,74,3.92836021227619
5,10,75,3.980207260017036
5,10,76,3.897798142529814
5,10,77,3.9580094716538587
5,10,78,3.8268876283034667
5,10,79,3.9978187740302396
5,10,80,4.008535180892996
5,10,81,4.050179108695642
5,10,82,3.922071810848222
5,10,83,3.973412217764264
5,10,84,3.7774293041346674
5,10,85,3.9848300553601623
5,10,86,3.8865513155903315
5,10,87,3.8489981338448054
5,10,88,3.972784396472703
5,10,89,3.911392470428355
5,10,90,3.9223149562552995
5,10,91,3.950077602355051
5,10,92,4.031154430573314
5,10,93,3.8523057433396795
5,10,94,4.095761155743802
5,10,95,3.9050672274083364
5,10,96,3.95828922911338
5,10,97,3.9240086538256342
5,10,98,4.055578164535369
5,10,99,4.061585363118063
5,10,100,3.8972314697356905
5,11,1,3.9737661884590687
5,11,2,4.043014816762574
5,11,3,4.099883844416014
5,11,4,3.869017953857597
5,11,5,3.857563932278338
5,11,6,3.8588236259057607
5,11,7,4.035690410965458
5,11,8,3.8212975372442273
5,11,9,3.8915566256926395
5,11,10,3.825051862904931
5,11,11,4.071429840899397
5,11,12,3.975580635762993
5,11,13,3.838091429134657
5,11,14,4.171157329017467
5,11,15,3.9031470245097726
5,11,16,4.057164071398107
5,11,17,4.045460606244665
5,11,18,3.9704204583865885
5,11,19,4.034814898444152
5,11,20,3.845438919916864
5,11,21,3.949997385336714
5,11,22,3.8977787870311014
5,11,23,4.023057149083538
5,11,24,4.104712317561797
5,11,25,3.904318963608236
5,11,26,4.112997605019174
5,11,27,3.8478808572037337
5,11,28,4.011455357629984
5,11,29,3.88629532203748
5,11,30,3.7952984920609305
5,11,31,3.846908160379335
5,11,32,3.8964447445651906
5,11,33,3.9228402344415736
5,11,34,3.931489856937318
5,11,35,3.9370547139279357
5,11,36,3.9242627288469456
5,11,37,3.8258148664748184
5,11,38,3.880321705722485
5,11,39,4.0007425835464385
5,11,40,3.879231370311138
5,11,41,3.923355863970567
5,11,42,3.868231518595446
5,11,43,3.923303362531956
5,11,44,3.89102624973356
5,11,45,3.9822644994138847
5,11,46,3.9818902146739057
5,11,47,4.000950697890008
5,11,48,3.959507315803476
5,11,49,4.044983253783028
5,11,50,3.9256187546888115
5,11,51,3.8833648215579464
5,11,52,3.962033583333319
5,11,53,3.984811715739542
5,11,54,4.003626474051566
5,11,55,3.9346650405477006
5,11,56,4.042449137681145
5,11,57,4.112640870417714
5,11,58,4.043730503623179
5,11,59,3.7511173869351997
5,11,60,3.9028865952685217
5,11,61,4.0123475370843815
5,11,62,4.082929213874668
5,11,63,3.9686474683503623
5,11,64,3.955279378196899
5,11,65,3.993996714620615
5,11,66,3.952084675031943
5,11,67,3.907988009111229
5,11,68,4.027978408461198
5,11,69,3.7844956511082533
5,11,70,3.835967471280877
5,11,71,3.8760520108162537
5,11,72,4.056894097612947
5,11,73,3.877738898817107
5,11,74,4.064589755328191
5,11,75,3.9829927271419274
5,11,76,3.964254023603992
5,11,77,4.018003120577565
5,11,78,4.040455742274062
5,11,79,3.907571689364851
5,11,80,4.026296549658975
5,11,81,4.0264536814791
5,11,82,3.975851784153849
5,11,83,3.900326918158541
5,11,84,3.855015566602685
5,11,85,3.990523920449687
5,11,86,3.886939232416852
5,11,87,3.8662602528772
5,11,88,4.036374561807312
5,11,89,4.07547741613383
5,11,90,3.986657450554108
5,11,91,3.8529436409313402
5,11,92,4.00216564221013
5,11,93,3.9675262489343317
5,11,94,3.9982753353580294
5,11,95,3.852306527493584
5,11,96,3.8908538358908595
5,11,97,3.9408653832587097
5,11,98,3.865737896952225
5,11,99,4.032617343190521
5,11,100,3.92550153404729
5,12,1,3.9950806533461054
5,12,2,4.032971191229743
5,12,3,3.8448085574381663
5,12,4,3.8340524706947656
5,12,5,3.9290104830562487
5,12,6,3.893966163895967
5,12,7,3.81192201641089
5,12,8,3.8039521948529136
5,12,9,3.9017238059462596
5,12,10,3.883376096547295
5,12,11,3.9902989002557443
5,12,12,4.283736327259156
5,12,13,4.122443603314147
5,12,14,3.909152442721622
5,12,15,3.9197965919650244
5,12,16,3.992355939098455
5,12,17,3.9278648411657966
5,12,18,3.8343024890771216
5,12,19,4.164412493872551
5,12,20,3.93994152040706
5,12,21,3.9591407205882203
5,12,22,3.91502585800296
5,12,23,4.0080463339727075
5,12,24,3.8920894424552017
5,12,25,4.01047665260015
5,12,26,4.027590044490603
5,12,27,3.914157116581403
5,12,28,3.9021638267263135
5,12,29,3.876320569799631
5,12,30,3.8095697070012475
5,12,31,3.807536866794522
5,12,32,3.8522120476875217
5,12,33,3.8702803791559854
5,12,34,3.8842014313192466
5,12,35,3.971009139279601
5,12,36,3.916354680573292
5,12,37,3.886652279571583
5,12,38,4.130081587542627
5,12,39,3.94834291272375
5,12,40,4.005790458706295
5,12,41,4.017122969575863
5,12,42,3.8848165435315054
5,12,43,3.939961707214388
5,12,44,3.7931860196078238
5,12,45,3.885361757459471
5,12,46,3.840524806958625
5,12,47,3.8950972436593863
5,12,48,3.885298437553256
5,12,49,3.988661101982082
5,12,50,3.8574291099743996
5,12,51,4.037820452685413
5,12,52,3.894728230072435
5,12,53,4.008754472826074
5,12,54,4.19211151843562
5,12,55,3.919687135656401
5,12,56,4.029873812340138
5,12,57,3.9403779941389407
5,12,58,3.954408595694786
5,12,59,3.9430326141304106
5,12,60,4.044603562446701
5,12,61,4.025891299019591
5,12,62,4.040684311594178
5,12,63,3.8815340111359506
5,12,64,3.887548515238668
5,12,65,3.8588169325447317
5,12,66,3.88753441448207
5,12,67,3.8323678590686
5,12,68,4.010073500532815
5,12,69,3.8570350313831807
5,12,70,3.9043303632778965
5,12,71,3.864274536178577
5,12,72,3.8411861841431936
5,12,73,3.844653813459047
5,12,74,3.965286888107404
5,12,75,3.9238516542518886
5,12,76,3.8932062195758554
5,12,77,4.037977547421115
5,12,78,3.9617539349957194
5,12,79,3.837197707214378
5,12,80,4.118110650628709
5,12,81,3.914115711903211
5,12,82,3.93588415275999
5,12,83,3.920780398390854
5,12,84,3.843298912457334
5,12,85,4.0332697713661405
5,12,86,3.841667186008063
5,12,87,3.9072989934995475
5,12,88,3.8306988405264004
5,12,89,3.7767353519287914
5,12,90,3.894557752450952
5,12,91,3.98168285656435
5,12,92,3.9100239544969932
5,12,93,3.7860477024722567
5,12,94,3.930209624200728
5,12,95,3.814377899776197
5,12,96,3.898592546142352
5,12,97,3.756913314418143
5,12,98,4.0974866854219885
5,12,99,3.971877668478242
5,12,100,3.8764493227834405
5,13,1,3.945175432438159
5,13,2,3.8909542925191545
5,13,3,3.847198950500826
5,13,4,3.83634701944797
5,13,5,3.904221571611233
5,13,6,3.8843851097079853
5,13,7,3.7969264645673277
5,13,8,3.8341748448955344
5,13,9,4.059635362158978
5,13,10,3.8305567981670716
5,13,11,4.015756612958207
5,13,12,3.9054399599317735
5,13,13,4.12792714386188
5,13,14,3.8432726065643283
5,13,15,3.9198643747335633
5,13,16,4.0357877645993065
5,13,17,3.945169574914738
5,13,18,3.8745726021419147
5,13,19,3.9730323152706695
5,13,20,3.963381383312002
5,13,21,3.916580642583102
5,13,22,3.873132032022561
5,13,23,3.8790907368925516
5,13,24,4.04244137334824
5,13,25,4.012568307811151
5,13,26,3.9749411446078335
5,13,27,3.8323738870950432
5,13,28,3.806433784633388
5,13,29,3.8984582886295547
5,13,30,3.8125922414215343
5,13,31,3.9554648671142165
5,13,32,3.9109260309569227
5,13,33,3.8862662653985254
5,13,34,3.971903046728462
5,13,35,3.8204038913575964
5,13,36,3.882249851022986
5,13,37,3.9339202449914406
5,13,38,3.853314602195196
5,13,39,4.032604088554966
5,13,40,3.973759219948825
5,13,41,3.8669393892795996
5,13,42,3.8935821636828227
5,13,43,3.9090183455882177
5,13,44,3.7924615715579564
5,13,45,3.8955192909739638
5,13,46,3.860678559889141
5,13,47,3.826822904997843
5,13,48,3.8878451002237613
5,13,49,3.9017478747335512
5,13,50,3.774470597879351
5,13,51,4.013941498028553
5,13,52,3.884331412990168
5,13,53,4.006895742593764
5,13,54,3.897082551683684
5,13,55,3.853296318147874
5,13,56,3.904509672687526
5,13,57,3.9329812641730415
5,13,58,3.906864332587354
5,13,59,3.9051510488064562
5,13,60,3.848355471600559
5,13,61,4.027939227568189
5,13,62,3.838208441975672
5,13,63,3.7795476465792692
5,13,64,4.083273179187965
5,13,65,3.826161925724612
5,13,66,3.8647915813618687
5,13,67,3.869542942135518
5,13,68,3.9018319857203556
5,13,69,3.820445261455638
5,13,70,3.9085694306265757
5,13,71,3.9795086015558327
5,13,72,3.807611700287698
5,13,73,3.9316162416879537
5,13,74,3.8697778566709
5,13,75,3.8424611707693592
5,13,76,3.834427441123165
5,13,77,4.040123644661105
5,13,78,3.8288719462382548
5,13,79,3.962273458919418
5,13,80,3.8668457216538443
5,13,81,4.207276885603158
5,13,82,3.887783346760413
5,13,83,3.8873825440110554
5,13,84,3.7878362688085927
5,13,85,3.9036274491154854
5,13,86,3.8445467206947628
5,13,87,3.9293535517369684
5,13,88,3.937053221494008
5,13,89,3.8562305482203363
5,13,90,3.9052820375106267
5,13,91,4.104790689524716
5,13,92,3.935962633525126
5,13,93,3.7770058497975
5,13,94,3.85071807576723
5,13,95,3.866238699808151
5,13,96,3.831526536977818
5,13,97,3.8425375265877855
5,13,98,3.947777291240386
5,13,99,4.006699822730166
5,13,100,3.9528597691282807
5,14,1,3.855470937979512
5,14,2,3.9399908396738934
5,14,3,3.896391951406618
5,14,4,3.8454672419543567
5,14,5,3.9571681888853285
5,14,6,3.856253503143611
5,14,7,4.135545594682426
5,14,8,4.047349528932216
5,14,9,3.8083670948422568
5,14,10,3.9891990028239506
5,14,11,3.9174693379155703
5,14,12,4.011017609441588
5,14,13,3.880381167306018
5,14,14,4.046653332480792
5,14,15,4.004546187340147
5,14,16,4.035515243073294
5,14,17,4.007650336530248
5,14,18,3.965474546941573
5,14,19,3.9366540524296467
5,14,20,3.9971645326619814
5,14,21,3.980630271898961
5,14,22,3.906959427482927
5,14,23,3.9713662648657118
5,14,24,4.003633155477403
5,14,25,3.883137733322645
5,14,26,4.1364552843137306
5,14,27,4.131918540334609
5,14,28,4.045518876065633
5,14,29,3.7272374353686892
5,14,30,3.8680757384910165
5,14,31,3.8133379195438777
5,14,32,3.943432677376368
5,14,33,3.886173004049418
5,14,34,4.088399350223783
5,14,35,4.100915709292415
5,14,36,3.8862979869991148
5,14,37,3.78768171259588
5,14,38,3.9233842325234143
5,14,39,3.913158348572006
5,14,40,3.9517756667199384
5,14,41,4.015597017956078
5,14,42,3.912651270566903
5,14,43,3.89472931399188
5,14,44,3.8484884317987715
5,14,45,3.9769224416559985
5,14,46,3.963310697730172
5,14,47,3.9688315563192487
5,14,48,3.968100320012758
5,14,49,3.983034454070745
5,14,50,3.9611013513427
5,14,51,3.9417107454709934
5,14,52,4.012374690537072
5,14,53,3.887532575074567
5,14,54,4.159473282981656
5,14,55,3.981187585038336
5,14,56,4.05793596867007
5,14,57,4.024792442082256
5,14,58,4.014903271312875
5,14,59,3.785381065803478
5,14,60,3.9604417072143927
5,14,61,3.8477295179027826
5,14,62,4.034769430679862
5,14,63,3.9576517287403967
5,14,64,3.951679523710547
5,14,65,3.9944717404091885
5,14,66,3.971087857789835
5,14,67,3.858879990835445
5,14,68,4.064449777280464
5,14,69,3.8412275018648456
5,14,70,4.007250437766394
5,14,71,3.9515519096866827
5,14,72,4.00120500021313
5,14,73,3.8880071046994624
5,14,74,3.940350792306016
5,14,75,3.9158862583652696
5,14,76,3.978583153612522
5,14,77,3.9640684527919743
5,14,78,4.139068531702881
5,14,79,4.0886818287510565
5,14,80,3.7996234912617055
5,14,81,4.016223756074151
5,14,82,4.087140445812004
5,14,83,3.9499895278132753
5,14,84,3.9914689005754354
5,14,85,3.850791241847806
5,14,86,4.084751903399388
5,14,87,4.049836297154728
5,14,88,3.963293989236981
5,14,89,4.11781268462275
5,14,90,4.050395660326064
5,14,91,3.9595981746589612
5,14,92,3.981799558237408
5,14,93,4.028847004049427
5,14,94,3.9912058074914665
5,14,95,3.9354996687979336
5,14,96,3.9983120200873796
5,14,97,3.8884082916666363
5,14,98,3.9797424232736387
5,14,99,3.9731025309036467
5,14,100,3.95306068009376
5,15,1,3.8690563690856483
5,15,2,3.9723830337808947
5,15,3,3.8293811165281064
5,15,4,3.9508260920716003
5,15,5,3.9142045978260556
5,15,6,3.9690971408780795
5,15,7,3.871091791240381
5,15,8,4.010042028932207
5,15,9,3.922529416773199
5,15,10,4.0221792551683615
5,15,11,3.7621339391517186
5,15,12,3.874003564364842
5,15,13,3.846485317295364
5,15,14,4.1049456638959905
5,15,15,3.924380643382336
5,15,16,4.053225225117199
5,15,17,3.886184954496983
5,15,18,4.025844076246775
5,15,19,3.9670376804134597
5,15,20,3.8521624289748195
5,15,21,3.8640825316495913
5,15,22,3.9642298565110687
5,15,23,3.838249270513613
5,15,24,3.8661283472932335
5,15,25,3.9126361830242544
5,15,26,3.9405257111039815
5,15,27,3.983618173913024
5,15,28,3.9348890301044053
5,15,29,4.000202710517886
5,15,30,3.9542372415814055
5,15,31,3.9068437192028744
5,15,32,3.8585761533993646
5,15,33,3.8556256662403747
5,15,34,3.9403885461956345
5,15,35,3.9242269580136084
5,15,36,3.7583867573529197
5,15,37,3.9766591443414137
5,15,38,3.851488101022976
5,15,39,3.8556261553708078
5,15,40,3.957866227621463
5,15,41,3.8801694218882954
5,15,42,3.9668537537830315
5,15,43,3.92504930333544
5,15,44,3.849819139652562
5,15,45,3.861805795929226
5,15,46,3.9016214652599874
5,15,47,3.9617773992966647
5,15,48,3.9699628681798607
5,15,49,4.002528619725054
5,15,50,4.0129827944906005
5,15,51,3.7864894374999922
5,15,52,3.9801491690110757
5,15,53,3.9003142434462705
5,15,54,3.970337602568179
5,15,55,3.854827551097576
5,15,56,4.020311791666657
5,15,57,3.999552715792827
5,15,58,3.7976178957800357
5,15,59,3.820564033407905
5,15,60,3.919245578964156
5,15,61,3.8056152957160907
5,15,62,3.923619673859734
5,15,63,4.021114880807731
5,15,64,3.8781706264918663
5,15,65,3.858827670343105
5,15,66,4.253044000053279
5,15,67,3.794930747868697
5,15,68,3.943569551950096
5,15,69,3.884410085731004
5,15,70,3.827458341219054
5,15,71,3.8683488597612636
5,15,72,3.9823949932331453
5,15,73,3.8833308064790795
5,15,74,3.8045080217923886
5,15,75,3.8153469160805282
5,15,76,3.838387655530676
5,15,77,3.854506299126144
5,15,78,3.906664603900231
5,15,79,3.8212213904518024
5,15,80,3.7682319149083323
5,15,81,3.9143354102194916
5,15,82,3.853074985294086
5,15,83,3.755819496430076
5,15,84,3.9144697929454084
5,15,85,3.9151839210890635
5,15,86,3.8489392730178653
5,15,87,4.002939430786426
5,15,88,3.9100673803814714
5,15,89,3.846939884057945
5,15,90,3.866904939737824
5,15,91,3.763707713395121
5,15,92,3.9226744830562486
5,15,93,3.816090134217784
5,15,94,3.8774630476342424
5,15,95,3.755774405317548
5,15,96,3.93764083796887
5,15,97,3.9952835443840535
5,15,98,3.919128240249327
5,15,99,3.9851127906009998
5,15,100,3.7828119650468737
