"canonical_direction","fold","train","test","seed"
1,1,0.998823998408685,0.961822610498593,0
2,1,0.998541827015776,0.639119087614566,0
4,1,0.994986440153407,0.693622298700913,0
3,1,0.987895367687039,0.68264679290431,0
6,1,0.991063394304153,0.462626775480525,0
5,1,0.98289489558146,0.610858984197707,0
1,2,0.998793591115256,0.99169056703281,0
2,2,0.998268811451515,0.916395960245819,0
4,2,0.99553788289447,0.667887833287748,0
3,2,0.989884047364109,0.920681940600728,0
6,2,0.991419032564284,0.324030313350973,0
5,2,0.986815480857719,0.601501990099753,0
1,3,0.998689127960511,0.971076703561961,0
2,3,0.998104225246152,0.963858862050383,0
4,3,0.994384285135169,0.991468688443373,0
3,3,0.987308226170659,0.751073304486039,0
6,3,0.990655147832827,0.463498886576975,0
5,3,0.985513995224985,0.372058770857755,0
1,4,0.998668193159122,0.978441570424872,0
2,4,0.998152184124513,0.849761500779942,0
4,4,0.994514134468132,0.866726243603326,0
3,4,0.988721518632462,0.789395200468463,0
6,4,0.988878037871526,0.31893804441481,0
5,4,0.983122079990922,0.752635554155244,0
1,5,0.998864257584357,0.898086897279367,0
2,5,0.997968409573219,0.993618739815552,0
4,5,0.9953170051033,0.938724378293144,0
3,5,0.992963655641791,0.271055115138043,0
6,5,0.991246126558401,-0.0523584692760749,0
5,5,0.979117102455278,0.722908110648566,0
1,6,0.998611256255553,0.998135798173215,0
2,6,0.998167818319105,0.906731199597257,0
4,6,0.995267085096036,0.570949803093666,0
3,6,0.988949331954812,0.854394571578115,0
6,6,0.985483327549876,0.632255388075369,0
5,6,0.984336198497455,0.829945315965906,0
1,7,0.99890570691168,0.939583555090444,0
2,7,0.998169691113382,0.901909407815789,0
4,7,0.995173658054283,0.895964240248215,0
3,7,0.988236891749945,0.344217536232329,0
6,7,0.990484387140977,0.763545925486172,0
5,7,0.984026521385691,-0.145585258218028,0
1,8,0.998667208268012,0.986961471357374,0
2,8,0.998071529889738,0.893730449825814,0
4,8,0.99500211640314,0.789628489870636,0
3,8,0.988170167218564,0.791354912338928,0
6,8,0.990961543855479,0.675784384338433,0
5,8,0.983126176831233,-0.00865037242222971,0
1,9,0.998658939482249,0.963293880026226,0
2,9,0.998154989346016,0.977184025532416,0
4,9,0.994877643134475,-0.111277467529911,0
3,9,0.98857492550463,0.770222844179617,0
6,9,0.991006253464547,0.139477496140897,0
5,9,0.983354001679116,0.434503342643998,0
1,10,0.998698695265879,0.979494599201063,0
2,10,0.998100895972399,0.944328157235379,0
4,10,0.995245910080152,0.856458154920686,0
3,10,0.988585465545001,0.854630336020044,0
6,10,0.992658913038344,-0.268022068860615,0
5,10,0.982780024939384,0.881190962315516,0
1,11,0.998755114559021,0.989860713070597,0
2,11,0.998151968113662,0.674615614746944,0
4,11,0.994759142443587,0.868538510532188,0
3,11,0.987918665075967,0.839057540914547,0
6,11,0.991437807177337,0.568741850088617,0
5,11,0.98362177678715,0.350550011329558,0
1,12,0.998729889105927,0.98690533046959,0
2,12,0.998189902636749,0.975924125484558,0
4,12,0.994688838038178,0.982109660532638,0
3,12,0.988706274462155,0.899717250513714,0
6,12,0.990150551543151,0.590625569059014,0
5,12,0.983235729106694,-0.122764277526085,0
1,13,0.998674500584879,0.990618322548388,0
2,13,0.998337853461885,0.877277393801264,0
4,13,0.995250733870133,-0.231191140554204,0
3,13,0.989329951094431,0.661576799707975,0
6,13,0.990304014823728,0.889362831668881,0
5,13,0.981721737319169,0.759362806355551,0
1,14,0.999194567416531,0.931002445376091,0
2,14,0.997961511193556,0.989304915466616,0
4,14,0.995259698150249,0.891757698846046,0
3,14,0.988122799895619,0.968999743833495,0
6,14,0.991418620294772,-0.111829040479287,0
5,14,0.983089455262474,0.46550492589072,0
1,15,0.998654449491645,0.98064904472586,0
2,15,0.997826671704249,0.986787720821552,0
4,15,0.995011480578678,0.522149690425898,0
3,15,0.995277141086411,0.592333598109953,0
6,15,0.990499114365344,0.00644463484573063,0
5,15,0.989909145032941,0.449125788752729,0
1,1,0.998844753444078,0.970067561394058,1
2,1,0.998397826913952,0.911826057806581,1
4,1,0.99517133579136,0.975910439806329,1
3,1,0.988415573102409,0.896543796477864,1
5,1,0.991354836400371,0.663521687311889,1
6,1,0.98580108732279,0.0746229033702801,1
1,2,0.998589405342827,0.99040358642893,1
2,2,0.998381083439867,0.826344034140848,1
4,2,0.995580168365603,0.930704136341242,1
3,2,0.988303760428472,0.806575614455597,1
5,2,0.991189049886631,0.713929740354519,1
6,2,0.985598778150325,0.186558567855547,1
1,3,0.998696542826215,0.87232648495483,1
2,3,0.998012653706299,0.972135442261273,1
4,3,0.996192949408389,0.436561583819762,1
3,3,0.995448123808076,0.820016518517156,1
5,3,0.992564837137841,0.968235365693688,1
6,3,0.990382219717567,0.449445175075043,1
1,4,0.998659524118302,0.967087035294117,1
2,4,0.99806929322314,0.983220992641343,1
4,4,0.995559082935953,0.00941059477155162,1
3,4,0.988960929621249,0.68491046328001,1
5,4,0.991015498223282,0.189983954409981,1
6,4,0.98331939312105,0.759547796290616,1
1,5,0.998605894628167,0.983237302307281,1
2,5,0.998251356159603,0.794570690180629,1
4,5,0.995556756164249,0.563582321949426,1
3,5,0.988460631784706,0.904253658994154,1
5,5,0.990493736697512,0.81168722535848,1
6,5,0.985241724943839,0.588143482710017,1
1,6,0.999099020955628,0.93937984546708,1
2,6,0.997981753608501,0.989755915798916,1
4,6,0.995556912096016,0.962589374370618,1
3,6,0.988691457164566,0.871891509492659,1
5,6,0.990910863190757,0.852722339296069,1
6,6,0.985061320083626,0.449526499029894,1
1,7,0.998667830182053,0.915930186167783,1
2,7,0.998172533180414,0.944072868263933,1
4,7,0.995592829772844,0.892193946083711,1
3,7,0.986852554721052,0.627249027000014,1
5,7,0.990757782122908,0.80392281191038,1
6,7,0.98525770609428,0.710405816896735,1
1,8,0.998603033910468,0.959937481677007,1
2,8,0.998233596749517,0.79129191490389,1
4,8,0.994874168578729,0.978325574507182,1
3,8,0.987865968006514,0.711657089200146,1
5,8,0.990753011671285,0.861635630967089,1
6,8,0.985004877534855,0.252586563984438,1
1,9,0.998530848002014,0.973433096244785,1
2,9,0.998386882017331,0.8066506991721,1
4,9,0.995941857373372,0.787153714900566,1
3,9,0.987945822990542,0.517242910870811,1
5,9,0.987539511565573,0.684705805672994,1
6,9,0.986755522295828,0.940350542889278,1
1,10,0.998710496176476,0.96687706503437,1
2,10,0.998180030485202,0.98654317543478,1
4,10,0.996446821694703,0.186118449651555,1
3,10,0.988331586405564,0.896829403984581,1
5,10,0.991794446015703,0.0230954202258141,1
6,10,0.98488397908164,0.818732902905791,1
1,11,0.998585742456401,0.997527673604766,1
2,11,0.998224015429729,0.847327698453674,1
4,11,0.996183361477101,0.904585991312001,1
3,11,0.989622745562425,0.853598642308225,1
5,11,0.992488843160624,0.39654450349026,1
6,11,0.985270670694499,0.59250804750552,1
1,12,0.99862072717363,0.959875242924056,1
2,12,0.998083586144201,0.939088155389772,1
4,12,0.995387748607758,0.882853693005461,1
3,12,0.988416400310279,0.329342797808158,1
5,12,0.991463739220201,-0.603159478021676,1
6,12,0.984218939371959,-0.382741616631405,1
1,13,0.998643682409115,0.915316152700308,1
2,13,0.998364150032157,0.988945820590878,1
4,13,0.995814790812213,-0.291360835339666,1
3,13,0.988629786836211,0.83984518418327,1
5,13,0.990890928140185,0.599938001606595,1
6,13,0.985474522646651,0.517214390590936,1
1,14,0.998597716711205,0.98996028118776,1
2,14,0.997973320820444,0.974775751382254,1
4,14,0.995140313970413,0.976421937664505,1
3,14,0.988388056990265,0.64796739965529,1
5,14,0.988408650930861,0.606011241232031,1
6,14,0.985677653121188,0.231039277684888,1
1,15,0.998599714049753,0.992694197881423,1
2,15,0.998078777485145,0.979031154678609,1
4,15,0.995408634032026,0.907190383439299,1
3,15,0.987949366954929,0.980449677134979,1
5,15,0.991284080981128,-0.0857712515403539,1
6,15,0.987655962063248,0.64774281997014,1
1,1,0.999578352345601,0.983067879643136,2
2,1,0.999268607055643,0.99133664485488,2
3,1,0.998767696784611,0.829951497808144,2
4,1,0.996276461063622,0.976321628397514,2
6,1,0.996793930915589,0.765722200175134,2
5,1,0.996258733278421,0.509433899800441,2
1,2,0.999794726705329,0.937840713663893,2
2,2,0.999493566861792,0.785712441223529,2
3,2,0.998717323795123,0.73554049930607,2
4,2,0.996623284716684,0.738141463432694,2
6,2,0.997153133728594,0.536778777458109,2
5,2,0.994343701944593,0.59180392139184,2
1,3,0.999542348326948,0.99928482399905,2
2,3,0.999332436799087,0.895326065643705,2
3,3,0.998554061644674,0.976941873165284,2
4,3,0.996513447359883,0.384754032903117,2
6,3,0.998011281497019,0.396172626206678,2
5,3,0.994047473661884,0.61812221183139,2
1,4,0.999619871959818,0.871187694711978,2
2,4,0.999361101851831,0.945097284775755,2
3,4,0.998699103759719,0.91002489132467,2
4,4,0.996062344153862,0.821365734652435,2
6,4,0.997416690654468,0.819092887874102,2
5,4,0.994382279265224,0.604806044426071,2
1,5,0.999613490202393,0.969598013278364,2
2,5,0.999384945742834,0.943893334104432,2
3,5,0.998633317259231,0.978402576075493,2
4,5,0.995928794421401,0.906613319340019,2
6,5,0.996825870835257,0.945671210565177,2
5,5,0.995038245489772,0.673312872192771,2
1,6,0.99957198306404,0.993352516291795,2
2,6,0.999377951654774,0.828530228709997,2
3,6,0.998696875545511,0.972212146155667,2
4,6,0.995647600633276,0.619873712058284,2
6,6,0.996027140957368,0.702697184921467,2
5,6,0.995282370001493,0.879322405738109,2
1,7,0.999558786805209,0.985799498378331,2
2,7,0.999401106644709,0.594010647734758,2
3,7,0.998886628547588,0.445629369287128,2
4,7,0.996293718378384,0.717218803953323,2
6,7,0.997169978418152,0.238746327404522,2
5,7,0.994289628283575,0.147435233864426,2
1,8,0.999563505041649,0.976195028258725,2
2,8,0.999218022460849,0.97700471040246,2
3,8,0.998633506417397,0.898749629281565,2
4,8,0.996241045842251,0.620923991483959,2
6,8,0.997291706133113,-0.510846473483555,2
5,8,0.99383780664725,0.762589820683031,2
1,9,0.99967905423685,0.849052354666394,2
2,9,0.999336163056088,0.935771800651274,2
3,9,0.998614974870112,0.781203766757279,2
4,9,0.996088301404994,0.857583547928943,2
6,9,0.997192891858633,0.412592576980869,2
5,9,0.994328363334206,0.371335459830623,2
1,10,0.999632069123677,0.988456152437271,2
2,10,0.999368320567747,0.982825591775928,2
3,10,0.998776020513613,0.942434752693676,2
4,10,0.995953798047761,0.926360415723823,2
6,10,0.997606795579041,0.444372168002697,2
5,10,0.994474485520808,0.633529988450482,2
1,11,0.999581041293703,0.993242840806459,2
2,11,0.999309070611289,0.960603545032612,2
3,11,0.998644092173687,0.775772363701969,2
4,11,0.997721808222312,-0.0194127544845811,2
6,11,0.996616438973949,0.659627989600357,2
5,11,0.993978921293064,0.373533490693774,2
1,12,0.999588129193134,0.944329668275139,2
2,12,0.99933067132962,0.969462109915722,2
3,12,0.998636044521,0.979347914336198,2
4,12,0.996321393865427,0.852903913928078,2
6,12,0.997023797072166,0.197968489675325,2
5,12,0.994864020972564,0.152355300869641,2
1,13,0.999564312030959,0.986025072443545,2
2,13,0.999431248566059,0.661450241778967,2
3,13,0.998626237451552,0.878981767395739,2
4,13,0.995901692500786,0.881894331663536,2
6,13,0.997120466202423,-0.00333248723636129,2
5,13,0.994791010646855,-0.319402642063612,2
1,14,0.999666515351837,0.901719259318771,2
2,14,0.999463648112102,0.285484345252753,2
3,14,0.998794317891921,0.616728216695644,2
4,14,0.998350252337823,0.562199415563334,2
6,14,0.997036596397625,0.904260269937609,2
5,14,0.997223065684873,0.1815083539512,2
1,15,0.999573534321207,0.951307775340575,2
2,15,0.999237858226683,0.952648661772986,2
3,15,0.998849491244,0.742077302917925,2
4,15,0.99627810058819,0.826593195040606,2
6,15,0.997129422037287,0.00481798987945108,2
5,15,0.993789741232938,0.792858378487176,2
1,1,0.999903724539227,0.987897804552003,3
2,1,0.999883248760047,0.945791377411182,3
3,1,0.999721942489964,0.558171273307812,3
4,1,0.999069902602605,0.607762179932629,3
6,1,0.999276719392304,0.349424469490837,3
5,1,0.99868963553883,-0.0214705353203275,3
1,2,0.999907548143047,0.979504508451559,3
2,2,0.999871935774155,0.955561481064081,3
3,2,0.999730940851259,0.721132196026124,3
4,2,0.999315152457763,0.349654201378213,3
6,2,0.999167460658423,0.858055040555813,3
5,2,0.998676753090419,0.523158190879677,3
1,3,0.999900505509015,0.990628673157556,3
2,3,0.999861864731333,0.977206308340051,3
3,3,0.999701935992873,0.832681221545428,3
4,3,0.999199625733916,0.797458555681838,3
6,3,0.999192040434743,0.939434638145334,3
5,3,0.998687092684499,0.725649887746018,3
1,4,0.999924968886309,0.989731917277707,3
2,4,0.999874714087173,0.867665279602937,3
3,4,0.999699388011254,0.901603795073646,3
4,4,0.999411195257421,0.627291435705318,3
6,4,0.999227547600123,0.511043006272403,3
5,4,0.998688311721907,0.146754198057902,3
1,5,0.999919815604536,0.962671066083616,3
2,5,0.999888289256815,0.973196749946287,3
3,5,0.999745319715629,0.89194186664908,3
4,5,0.998930393476102,0.8392204677688,3
6,5,0.999227771377343,0.431552988615045,3
5,5,0.999017948479712,0.00354917282203239,3
1,6,0.99991105115076,0.976539791904771,3
2,6,0.999859519980991,0.997520347693304,3
3,6,0.999725931005538,0.991813019208115,3
4,6,0.99949186038938,0.546343587121999,3
6,6,0.999263749960977,0.387684568606571,3
5,6,0.998587619366661,0.918140546179303,3
1,7,0.999918740106966,0.879892671022256,3
2,7,0.999858890515843,0.996987889753287,3
3,7,0.999675973816649,0.997248516905247,3
4,7,0.999131618590246,0.80919787995167,3
6,7,0.999191350491558,0.877046642101625,3
5,7,0.998518746408606,0.799573912846165,3
1,8,0.999945946183143,0.948790695493523,3
2,8,0.999875056635089,0.939349864442872,3
3,8,0.999719117628466,0.856145297109751,3
4,8,0.99935004778849,0.314775001770595,3
6,8,0.999131676423432,0.0342556544781442,3
5,8,0.998632221994965,0.878464953939504,3
1,9,0.999904336530652,0.993630841149948,3
2,9,0.999874070990871,0.962766718299644,3
3,9,0.999710213836124,0.862894463893048,3
4,9,0.999085417333426,0.979328336002034,3
6,9,0.999216167290343,0.868851691410751,3
5,9,0.998832250083058,0.493165380837854,3
1,10,0.999908419299517,0.989371830009896,3
2,10,0.999858458381873,0.977755924762747,3
3,10,0.999781993498212,0.834987483938002,3
4,10,0.999272240565488,0.341867724847675,3
6,10,0.999270617492485,0.279689150180207,3
5,10,0.998583192219693,0.805605052034033,3
1,11,0.999901599725829,0.984994805621322,3
2,11,0.999880389644562,0.677831683573802,3
3,11,0.999660745988832,0.547833249991821,3
4,11,0.999693269790299,0.872547988020502,3
6,11,0.999280688236071,-0.420099808963049,3
5,11,0.998702003824184,0.940692107550759,3
1,12,0.999904851674375,0.991361995697065,3
2,12,0.999867046667192,0.978992638077989,3
3,12,0.999703023729299,0.951714590701179,3
4,12,0.999101908567141,0.916699971543894,3
6,12,0.999208728852539,0.120928435197547,3
5,12,0.998660133476463,0.708190322076417,3
1,13,0.999904002465765,0.972410056971568,3
2,13,0.999869343624366,0.889576974499936,3
3,13,0.999720042046684,-0.0245829420160272,3
4,13,0.999031882502523,0.792919486187555,3
6,13,0.999190817747016,0.407847998206404,3
5,13,0.998601021118401,0.483019557312468,3
1,14,0.999907651969122,0.993674991395258,3
2,14,0.99989716324174,0.949666165595811,3
3,14,0.99972919216427,0.599000829220577,3
4,14,0.999137515737184,0.566007698475726,3
6,14,0.999245283831409,0.623814053044643,3
5,14,0.998708149117558,0.451494211143551,3
1,15,0.999912659899673,0.872759013000109,3
2,15,0.999878565479343,0.899931862626333,3
3,15,0.99970845012501,0.786772360690312,3
4,15,0.999118241065727,0.888931893528753,3
6,15,0.999215670886952,0.234703249699763,3
5,15,0.998602352488516,0.460624571385456,3
1,1,0.998747254721841,0.901429148537312,4
4,1,0.998249773979076,0.433767493451838,4
2,1,0.994760199831729,0.828656381038682,4
3,1,0.990792960275642,0.938289051391643,4
5,1,0.989038020731727,0.493621860845251,4
6,1,0.986659468370133,0.778490530312988,4
1,2,0.998645711889262,0.982486521356853,4
4,2,0.998061824944638,0.985913183329887,4
2,2,0.994825739549624,0.969847906905281,4
3,2,0.991298743208606,0.957383745447346,4
5,2,0.991952912095047,0.388817390783317,4
6,2,0.987128293469899,0.450799629449761,4
1,3,0.998692571077782,0.970975834558796,4
4,3,0.998224648616643,0.908045625653777,4
2,3,0.994811920461615,0.910732728097618,4
3,3,0.991097912055268,0.5360017393545,4
5,3,0.992055506782853,0.483136279713873,4
6,3,0.985309259517518,0.0392000004023122,4
1,4,0.99858388801504,0.948649844003423,4
4,4,0.997990076096003,0.986251378833923,4
2,4,0.994970739993832,0.417491298646644,4
3,4,0.994549875627507,0.674012752184347,4
5,4,0.993706658093254,-0.325780245837801,4
6,4,0.990921405082617,0.290060423884331,4
1,5,0.998521895939511,0.99805058383141,4
4,5,0.998034010312591,0.993111057989869,4
2,5,0.99467757552137,0.953050121712215,4
3,5,0.991670660032116,0.617228765549779,4
5,5,0.991830855546715,0.646457014154187,4
6,5,0.985145509467163,0.532308804927179,4
1,6,0.998627648938078,0.982068719702369,4
4,6,0.998457145337114,0.811973659362711,4
2,6,0.995193500309025,0.759947731598547,4
3,6,0.99155112927215,0.825593909785708,4
5,6,0.99053587184246,0.687737933743912,4
6,6,0.986331088156585,0.401358402387045,4
1,7,0.998479664740326,0.979894697095185,4
4,7,0.99815015006539,0.887773647566221,4
2,7,0.994491555825494,0.653000564031594,4
3,7,0.992335359092972,0.778037130157612,4
5,7,0.99132697402192,0.472428672743775,4
6,7,0.984537901892897,0.881803828631684,4
1,8,0.998622741587202,0.989050545031866,4
4,8,0.998240698176674,0.838877322922221,4
2,8,0.995800585797088,0.828064920140586,4
3,8,0.990937404534376,0.88528714769014,4
5,8,0.991904990144959,0.788244659711242,4
6,8,0.986009994157315,-0.0381325883171452,4
1,9,0.998623220155212,0.963617122560895,4
4,9,0.997913948898167,0.993833277802896,4
2,9,0.994758866665798,0.879182037496698,4
3,9,0.991324648747819,0.791914967049686,4
5,9,0.991467729841855,0.294523203661123,4
6,9,0.986142308119578,0.103788292623983,4
1,10,0.998710359539102,0.969390729613874,4
4,10,0.998288963894999,0.907416803565427,4
2,10,0.994676735286373,0.867922700475097,4
3,10,0.99105796926358,0.809583984238103,4
5,10,0.991414293662192,0.478680868543842,4
6,10,0.985520209254403,0.85192977828003,4
1,11,0.998758032536803,0.934019688120983,4
4,11,0.99835222867144,0.735952688264281,4
2,11,0.995049057674355,0.963691500717634,4
3,11,0.991293423150115,0.709427591141941,4
5,11,0.991557772304881,0.680500176879634,4
6,11,0.985237204097285,-0.704840479655676,4
1,12,0.999147473156434,0.930732868975067,4
4,12,0.998259334600696,-0.441052417397957,4
2,12,0.994665424892077,0.760634649509203,4
3,12,0.990282755856626,0.462386914631212,4
5,12,0.991978059017993,-0.0742084368738642,4
6,12,0.985675123982304,0.709178352318955,4
1,13,0.998613422355656,0.995789253342153,4
4,13,0.998147846190608,0.953035463207381,4
2,13,0.994865917307645,0.975954313708902,4
3,13,0.990320097703429,0.963829576655026,4
5,13,0.990399835049728,0.332668035554426,4
6,13,0.985951050873153,0.671707797980853,4
1,14,0.998574983058225,0.993282884575805,4
4,14,0.998327278048318,0.733309023199314,4
2,14,0.995152846845094,0.924207250916499,4
3,14,0.991666110761321,0.85189563921097,4
5,14,0.992867474148742,0.320541562253026,4
6,14,0.985208088173799,0.544580482773875,4
1,15,0.998832410001353,0.981325258686568,4
4,15,0.998171071351247,0.988471704339271,4
2,15,0.995550452136442,0.464517084858975,4
3,15,0.990882335030461,0.918695075877094,4
5,15,0.991578018409885,0.782699878904778,4
6,15,0.985258988209026,0.893370836401934,4
1,1,0.999882686634222,0.97521502746961,5
2,1,0.999830193150412,0.902088521627118,5
4,1,0.999570405614741,0.966774044292064,5
3,1,0.999179605444223,0.743882994461138,5
5,1,0.999406454181571,0.294870992071716,5
6,1,0.998100537002795,0.139161689651434,5
1,2,0.999887389456623,0.949926043242254,5
2,2,0.999836794248396,0.886804975606072,5
4,2,0.999614242950138,0.860702782568982,5
3,2,0.999016624570342,0.726195924788056,5
5,2,0.999210459238299,0.465709388935813,5
6,2,0.998139907930521,0.850475493208244,5
1,3,0.999877644717745,0.983278776054525,5
2,3,0.999849128170157,0.836940927935584,5
4,3,0.999682218497785,0.816250649458324,5
3,3,0.999095687020474,0.840179418381057,5
5,3,0.999387550153647,0.586142145354309,5
6,3,0.998082370771207,0.428723355701363,5
1,4,0.999906807976381,0.947886873389696,5
2,4,0.999845073271798,0.932476248059374,5
4,4,0.999605508397088,0.923554445082015,5
3,4,0.99909542756133,0.869853711498831,5
5,4,0.999370659852854,0.835720187607451,5
6,4,0.99809542301871,0.470062234492608,5
1,5,0.999884341309569,0.961295586531256,5
2,5,0.999840461667773,0.809080257881776,5
4,5,0.999650114529073,0.300101858337281,5
3,5,0.999126861938716,0.735206634503371,5
5,5,0.999375630801392,0.952702478463342,5
6,5,0.998192425052783,0.655636715900798,5
1,6,0.999904762319599,0.988643469705629,5
2,6,0.999850749645825,0.977886197708494,5
4,6,0.999671690568053,0.438533973274385,5
3,6,0.999011197460984,0.956574215045645,5
5,6,0.99934925255659,0.69963233495652,5
6,6,0.998193774115556,0.017799375750983,5
1,7,0.999880754428458,0.95856060644393,5
2,7,0.999823306660493,0.974954700652097,5
4,7,0.999604372637569,0.580590259953016,5
3,7,0.999060346964177,0.583198513985337,5
5,7,0.999327338205645,0.647055439064775,5
6,7,0.998045985190121,0.394787785253886,5
1,8,0.99987072882094,0.989794609430465,5
2,8,0.99981346184692,0.985030404905065,5
4,8,0.999629962752868,0.60440098201252,5
3,8,0.999638670750478,0.644147718281007,5
5,8,0.999343250383309,0.075164764756531,5
6,8,0.999306095673574,0.547344776084739,5
1,9,0.999941606965141,0.935107522076478,5
2,9,0.999827597519475,0.976445616611725,5
4,9,0.999624645495143,0.974065150463539,5
3,9,0.999110955968138,0.817971798710857,5
5,9,0.999355713658524,0.386166150340893,5
6,9,0.99809227517336,-0.388705375642697,5
1,10,0.999878101977176,0.996649335474013,5
2,10,0.999881624809816,0.631041829742257,5
4,10,0.999608989561117,0.897717949928468,5
3,10,0.99915598853286,0.654815849793737,5
5,10,0.999351313902301,0.911959475362722,5
6,10,0.998289014780856,0.190319090406276,5
1,11,0.999883809056042,0.930048078889981,5
2,11,0.999813501549814,0.98040096254894,5
4,11,0.999605778741313,0.8615395490429,5
3,11,0.99882915090903,0.93504327379988,5
5,11,0.999369842373717,0.457486746913424,5
6,11,0.998552061501962,0.34109202098848,5
1,12,0.999884687319811,0.82679025991974,5
2,12,0.999845000196841,0.935840424268668,5
4,12,0.999632080910272,0.988400475205456,5
3,12,0.999133485233551,0.813861245040117,5
5,12,0.999408932512148,0.537123380204221,5
6,12,0.998010480651934,0.616047882637309,5
1,13,0.999879945493979,0.940339208028802,5
2,13,0.999815717405949,0.969190113475223,5
4,13,0.99962450276944,0.807291672559211,5
3,13,0.999056213702217,0.872556105469334,5
5,13,0.999320065762602,0.335825909645305,5
6,13,0.998010346674744,0.781862715318681,5
1,14,0.999873573047178,0.980855932892743,5
2,14,0.999828184374905,0.960717993954508,5
4,14,0.999601511775646,0.945462220643624,5
3,14,0.998991073965512,0.827332312139288,5
5,14,0.999348676524345,0.864304176903234,5
6,14,0.998028718202489,0.0269067710975403,5
1,15,0.999882912381803,0.881302248525481,5
2,15,0.999831229134501,0.969205738543174,5
4,15,0.999612492547145,0.719565558919676,5
3,15,0.999328002606811,0.756189235688768,5
5,15,0.999364118538449,0.884718055800613,5
6,15,0.998785580658612,0.431890824831551,5
1,1,0.996143872695466,0.959665082299903,6
2,1,0.994585071962962,0.933515735753505,6
3,1,0.986328966905078,0.950914334653322,6
4,1,0.974528038000599,0.718732839499477,6
5,1,0.975573656669374,0.797276993694089,6
6,1,0.964612479832338,-0.0656189732162267,6
1,2,0.996103927966552,0.987945402927513,6
2,2,0.993214033688337,0.988594904083695,6
3,2,0.985242159339407,0.953190492170916,6
4,2,0.97062785997909,0.736267909034683,6
5,2,0.980938835183731,0.0737717180538202,6
6,2,0.960644220230326,0.801277734409018,6
1,3,0.996329513566522,0.961706996116626,6
2,3,0.995364419905819,0.774640297853905,6
3,3,0.988151183248164,0.800820145294283,6
4,3,0.975064233151191,0.190178354124491,6
5,3,0.978566894026406,0.915664395745136,6
6,3,0.965027746568494,0.485943710568953,6
1,4,0.996417368158435,0.954563921221104,6
2,4,0.994230679150262,0.979516393340425,6
3,4,0.98804215698605,0.929310440427949,6
4,4,0.970598548946936,0.923103362684686,6
5,4,0.969298926564815,0.787076428008874,6
6,4,0.966530741728548,0.791623316849591,6
1,5,0.996197966148378,0.928606837296377,6
2,5,0.994518135648059,0.934756534018572,6
3,5,0.986056552276325,0.735507709227063,6
4,5,0.97253648917942,0.592372237591223,6
5,5,0.979687408457058,0.0444791292271243,6
6,5,0.962801692960507,0.227381566334878,6
1,6,0.995839885553392,0.991470805368989,6
2,6,0.99577201796771,0.629664098107091,6
3,6,0.986333180966827,0.982572135373415,6
4,6,0.971524144703577,0.814271884786469,6
5,6,0.975485979538963,0.882191266649313,6
6,6,0.963150054060387,0.302165894987463,6
1,7,0.996030676249483,0.994825451067183,6
2,7,0.994618230796171,0.836480041925045,6
3,7,0.986627707697245,0.650694483820538,6
4,7,0.986060780561221,0.718882918241144,6
5,7,0.971122434897645,0.705252381840249,6
6,7,0.968992868882575,0.187850522485264,6
1,8,0.99645013047712,0.986662231938038,6
2,8,0.994327827258452,0.958728961309736,6
3,8,0.98570146668448,0.938370829817133,6
4,8,0.972640957615313,0.975505314570911,6
5,8,0.977146559846302,0.646534244649265,6
6,8,0.962309838057979,0.720512599232675,6
1,9,0.996788042683028,0.922565805455363,6
2,9,0.994767250317714,0.821127586454743,6
3,9,0.986852978296569,0.85091973347746,6
4,9,0.972344483506564,0.884617415249347,6
5,9,0.975454002498563,0.688885363978407,6
6,9,0.966194808697917,0.279035896924335,6
1,10,0.996420996150515,0.994490151668787,6
2,10,0.995161336298837,0.926658201308719,6
3,10,0.986861563945136,0.939110928340826,6
4,10,0.972005861476549,0.69456183099321,6
5,10,0.976859562852885,-0.288134622982273,6
6,10,0.959233230547381,0.32082357064473,6
1,11,0.997044445881722,0.893670576617172,6
2,11,0.993876697746155,0.981597856576574,6
3,11,0.986267390713885,0.953805412855596,6
4,11,0.97235308923478,0.959980306915545,6
5,11,0.975418625781629,0.820301075595136,6
6,11,0.961494184170431,0.895281947614367,6
1,12,0.99606508488382,0.931527950244729,6
2,12,0.994669445434092,0.928951179541993,6
3,12,0.990292342135951,0.0976740359586379,6
4,12,0.972513588566724,0.544685287413733,6
5,12,0.977119739310627,0.262174554022234,6
6,12,0.960863065300896,0.251784996480786,6
1,13,0.997210605681703,0.958377861454749,6
2,13,0.994968019300798,0.908438950629408,6
3,13,0.986852688082709,0.90170213009019,6
4,13,0.972263860931918,0.96478697322101,6
5,13,0.978011293212062,0.381716988127538,6
6,13,0.961231348710095,0.822668700924931,6
1,14,0.996241072178309,0.962632830843792,6
2,14,0.994666609567451,0.903327788954257,6
3,14,0.986888335050155,0.632127461518263,6
4,14,0.972638124182094,0.935136357079702,6
5,14,0.978396540936023,0.472543321285428,6
6,14,0.963485981643463,0.737257870903195,6
1,15,0.996528086697678,0.988818124760431,6
2,15,0.994794430986421,0.943789184803336,6
3,15,0.985949239561179,0.935223487747288,6
4,15,0.978398391289689,0.575486927760018,6
5,15,0.976389393064785,0.878238593172225,6
6,15,0.962899890858903,0.661071705329465,6
1,1,0.999542245597546,0.987206942117765,7
2,1,0.999468603737796,0.671783543757521,7
3,1,0.998833069650754,0.730166870157711,7
4,1,0.998601966494967,0.775014527549543,7
6,1,0.997381720392326,0.463745002280492,7
5,1,0.997188938185787,0.6055655479048,7
1,2,0.999527436658625,0.969249263942598,7
2,2,0.999377562328155,0.965388133264637,7
3,2,0.998890679246294,0.439293781421711,7
4,2,0.996143351950562,0.714027162134471,7
6,2,0.99666218882725,0.534113778694612,7
5,2,0.994254022485264,0.845066785820636,7
1,3,0.999527376293518,0.989929200261825,7
2,3,0.99941195422174,0.906233764666417,7
3,3,0.998950635498761,0.811257014582627,7
4,3,0.996018749857419,0.104779622288086,7
6,3,0.996656701371032,0.493888590330052,7
5,3,0.99449029958082,-0.306331222506594,7
1,4,0.999545642021591,0.992705400147329,7
2,4,0.99936806972468,0.989099127821575,7
3,4,0.998966944429098,0.712153514045382,7
4,4,0.996505853362426,0.886326725387719,7
6,4,0.997436821099505,0.375817540990057,7
5,4,0.994299208273707,0.75664886996756,7
1,5,0.999754633291596,0.927846727019949,7
2,5,0.999449433000698,0.898621489770227,7
3,5,0.999041927719341,0.880180978856649,7
4,5,0.996684430718315,0.864947709682338,7
6,5,0.997473311626572,0.850550620892221,7
5,5,0.993849090418139,0.763152166636698,7
1,6,0.999510156367869,0.977635418975008,7
2,6,0.999397357083763,0.919233329537475,7
3,6,0.99885879205584,0.796893667973107,7
4,6,0.995993440621073,0.620703181174031,7
6,6,0.997335413170187,0.216905483355611,7
5,6,0.994635080115251,0.567722093220957,7
1,7,0.999551232106122,0.995001952225847,7
2,7,0.999415127355877,0.927764279910143,7
3,7,0.999037921872077,0.761437979372149,7
4,7,0.995755826408934,0.959270020743637,7
6,7,0.997418687294842,-0.196660527946119,7
5,7,0.994379680593114,0.916235566921833,7
1,8,0.999546856740466,0.940567238131334,7
2,8,0.99941742597328,0.962664384383765,7
3,8,0.998931650887839,0.218077141227116,7
4,8,0.995248508126875,0.89831305113086,7
6,8,0.997322136882435,0.313028008191722,7
5,8,0.994719029318961,0.799800195499146,7
1,9,0.999610138106102,0.952211185432284,7
2,9,0.999505110514237,0.939097821110664,7
3,9,0.999005333724224,0.881423143720848,7
4,9,0.996014658912535,0.914817045523766,7
6,9,0.99731436722398,0.104183037283525,7
5,9,0.994959518852646,0.376801033096087,7
1,10,0.999543672966745,0.994514635770551,7
2,10,0.999434570296249,0.982418295543007,7
3,10,0.99889547254051,0.970498790920929,7
4,10,0.996316858831907,0.757947833000284,7
6,10,0.997934163581415,0.594383056845107,7
5,10,0.994332086063936,0.589696103526857,7
1,11,0.999549816426868,0.965566549381287,7
2,11,0.999340533335084,0.99006180884328,7
3,11,0.998868517329494,0.85727707134961,7
4,11,0.996489370172783,0.684783312273628,7
6,11,0.997001354190746,0.68600654348076,7
5,11,0.994117212678325,0.40429099513968,7
1,12,0.999680292130406,0.768701036283608,7
2,12,0.999491704229446,0.834973102907044,7
3,12,0.998986708689725,0.82122986260351,7
4,12,0.995953972858786,0.849810635523564,7
6,12,0.997191444412247,0.228195655635495,7
5,12,0.994092482075099,0.392062244673618,7
1,13,0.999560680427082,0.962952755754318,7
2,13,0.999376056549226,0.983176430139335,7
3,13,0.998861198679585,0.708781917801098,7
4,13,0.996228572290425,0.920041676818068,7
6,13,0.997243474100112,0.34462677136052,7
5,13,0.995358700381944,-0.349839020870418,7
1,14,0.999650011241108,0.981507077624753,7
2,14,0.999418971168136,0.972661965594286,7
3,14,0.998797145992508,0.971540792036631,7
4,14,0.997604960359834,0.519302933837577,7
6,14,0.99746777039342,0.86072540876582,7
5,14,0.993700957337055,0.779831751034204,7
1,15,0.999548827982944,0.993189547111754,7
2,15,0.999506496555038,0.961363042204659,7
3,15,0.998972735340248,0.960450303983116,7
4,15,0.996242659118354,0.969180165749743,7
6,15,0.997648581578339,0.947379858179773,7
5,15,0.994684259383757,0.801181735322937,7
1,1,0.999780023293645,0.801752231101311,8
2,1,0.999383854822416,0.960435364197411,8
3,1,0.998765596776968,0.937854348197166,8
4,1,0.996700971375363,0.698647992024484,8
5,1,0.997432609998157,0.0280819983845784,8
6,1,0.99453775775239,0.778039694808065,8
1,2,0.99957689663178,0.979697551947968,8
2,2,0.999481732514921,0.774951120141458,8
3,2,0.998793041962702,0.912327143405736,8
4,2,0.995767558842564,0.896201825890569,8
5,2,0.997512011967935,0.473900669851066,8
6,2,0.994689961781835,0.517606877094937,8
1,3,0.999574008857933,0.978012506412992,8
2,3,0.999336701974557,0.978604827280566,8
3,3,0.998874142999574,0.658436414447186,8
4,3,0.996191708882971,0.91087384069261,8
5,3,0.997524962030265,0.65389487478001,8
6,3,0.995754390810362,-0.0560224890962913,8
1,4,0.999596967804385,0.97530471211859,8
2,4,0.999352095489419,0.942888857455332,8
3,4,0.998742424333142,0.972909100296262,8
4,4,0.998477076042877,0.587302666408313,8
5,4,0.9979698197,0.776222613871339,8
6,4,0.997091644693515,0.329153017927197,8
1,5,0.999599775257188,0.895330805902093,8
2,5,0.999333897609529,0.894005198738527,8
3,5,0.998838672351568,0.835431062465413,8
4,5,0.99569554939525,0.727818959929601,8
5,5,0.997407738712441,0.605674910430674,8
6,5,0.995415663585651,-0.262940029566338,8
1,6,0.999638033838184,0.973637546866757,8
2,6,0.999437072169522,0.60149995231434,8
3,6,0.998683825198983,0.965908565998282,8
4,6,0.995738605967327,0.938464871154595,8
5,6,0.997325591173953,0.521957621013137,8
6,6,0.994672355001011,0.652365106493186,8
1,7,0.999597868064756,0.968652620619612,8
2,7,0.999371697474094,0.892725617611891,8
3,7,0.998902037640042,0.867856173529568,8
4,7,0.995841678553211,0.885334499156195,8
5,7,0.997162646795995,0.771824955294871,8
6,7,0.994610371045586,0.871853686292962,8
1,8,0.999565130582485,0.990740300007233,8
2,8,0.999459105893014,0.6586520943659,8
3,8,0.998790467382306,0.545964472303469,8
4,8,0.996554518077293,0.69139169348397,8
5,8,0.997451763541775,0.66168819989707,8
6,8,0.994778198138255,0.229123833740824,8
1,9,0.999545868956144,0.99496736043423,8
2,9,0.999361539614774,0.934476798816465,8
3,9,0.998734201212938,0.934553363422109,8
4,9,0.995834328275754,0.386564251889993,8
5,9,0.997439105156715,0.681336191283119,8
6,9,0.99485732137782,-0.196015257714536,8
1,10,0.99954410693643,0.997194742419197,8
2,10,0.999331534800786,0.945550409637198,8
3,10,0.998741689721381,0.658471163518445,8
4,10,0.995790684140816,0.975285375516965,8
5,10,0.996076479376357,0.568248422616119,8
6,10,0.994886249115313,0.41418539328866,8
1,11,0.999567715367452,0.95046434915287,8
2,11,0.999140043736454,0.970609734338282,8
3,11,0.99882591499358,0.35415325329271,8
4,11,0.996096114931719,0.761055946454701,8
5,11,0.997223181283499,0.232905115850314,8
6,11,0.993773725998907,0.883790562684332,8
1,12,0.99957202450272,0.97964586785916,8
2,12,0.999355598177842,0.888221979023028,8
3,12,0.998758241248963,0.883753680708643,8
4,12,0.996157950113732,0.641746069513235,8
5,12,0.996894494843248,0.591630132822644,8
6,12,0.994511037232033,0.572310698149243,8
1,13,0.999561795113283,0.999503568451427,8
2,13,0.999310446931274,0.997847074734652,8
3,13,0.998857697217894,0.665487525804131,8
4,13,0.998056016788562,0.657518622943678,8
5,13,0.995496393609714,0.742193963780779,8
6,13,0.994428927426456,0.743638375694619,8
1,14,0.999575315902156,0.829060491865476,8
2,14,0.999432706736379,0.94305760764393,8
3,14,0.998818050247126,0.802448819683248,8
4,14,0.997047223439183,0.312565199490419,8
5,14,0.99748808803891,0.702167146619379,8
6,14,0.994537732866783,0.86109616883553,8
1,15,0.999692247495984,0.858136022051224,8
2,15,0.999461756500707,0.903816693729951,8
3,15,0.998848909138588,0.903249667902264,8
4,15,0.995592949966,0.906284296554342,8
5,15,0.997414849978248,0.265932002637365,8
6,15,0.994631534697601,0.668013739440727,8
1,1,0.999600278661329,0.983821562352233,9
2,1,0.999487927401339,0.925201528818459,9
3,1,0.998919562624405,0.722861756459432,9
4,1,0.997254037569551,0.57999231039405,9
5,1,0.997906785721476,0.72155907883203,9
6,1,0.994953636226234,0.114226645570156,9
1,2,0.999613369872895,0.996441581524015,9
2,2,0.999410157892521,0.982366382106989,9
3,2,0.998863941029381,0.965089207418495,9
4,2,0.996711319786697,0.686207474073778,9
5,2,0.997847793681694,0.87120470975887,9
6,2,0.994962506304576,0.671371930419089,9
1,3,0.99963229264559,0.990374579529293,9
2,3,0.999539478120394,0.978584791868873,9
3,3,0.999035175909514,0.506796757270227,9
4,3,0.996428830031491,0.699164971511948,9
5,3,0.997901233418136,0.39562938472526,9
6,3,0.995093921722915,0.831970957672164,9
1,4,0.999584864461573,0.977676524118817,9
2,4,0.999479185771546,0.944535496599426,9
3,4,0.998834472759153,0.537426066442976,9
4,4,0.996944202681783,0.754341664847463,9
5,4,0.995318387186921,0.903534493938688,9
6,4,0.995437477809113,0.858873926861144,9
1,5,0.999608563984329,0.983346910743626,9
2,5,0.999477583681335,0.920365883890295,9
3,5,0.998714729712571,0.96201157060406,9
4,5,0.99665910798642,0.632443807104259,9
5,5,0.997846973595673,0.580616564200855,9
6,5,0.995179911895688,-0.486382834639412,9
1,6,0.999655598153923,0.968462443880523,9
2,6,0.999499811390687,0.913216041985157,9
3,6,0.998749946492084,0.971186978882837,9
4,6,0.996785903747595,0.927252472239865,9
5,6,0.997896083586162,0.556162402045067,9
6,6,0.994822787940523,0.172816206391472,9
1,7,0.999623965478451,0.969676796023449,9
2,7,0.999485908222985,0.978419081157444,9
3,7,0.99887386209906,0.683569985723236,9
4,7,0.997623228825442,0.649518182930481,9
5,7,0.99788502037561,0.12860246927102,9
6,7,0.994586175647026,0.896530075609907,9
1,8,0.999589586671859,0.987593885581543,9
2,8,0.999497949763933,0.756634303982456,9
3,8,0.998836344973241,0.662880179406459,9
4,8,0.998439261141186,0.867213917776382,9
5,8,0.997823822023387,0.743540039821522,9
6,8,0.997272687292428,0.703675278322123,9
1,9,0.999676867706922,0.77106917400512,9
2,9,0.999498663830208,0.776966241101675,9
3,9,0.998805463297566,0.939428894281562,9
4,9,0.996843329602069,0.809990120296142,9
5,9,0.997837320785277,0.45100085834271,9
6,9,0.995763505257487,-0.018436907462097,9
1,10,0.999789281302649,0.952812419000894,9
2,10,0.999534890102719,0.987332883227108,9
3,10,0.999106507081155,0.734986996164521,9
4,10,0.99699684234149,0.891487765949739,9
5,10,0.997976617901898,0.897914007854963,9
6,10,0.994997829402881,0.565899440767286,9
1,11,0.999682530686731,0.769758281973926,9
2,11,0.999553880152045,0.942798361822139,9
3,11,0.998922003201948,0.662942588954728,9
4,11,0.99815001414513,0.702541852710913,9
5,11,0.997106870425558,0.849417495948728,9
6,11,0.995074445922346,0.734020957973497,9
1,12,0.999594418779267,0.974199144528214,9
2,12,0.999557623397835,0.812183452160825,9
3,12,0.998864536181889,0.904485525659405,9
4,12,0.997124888729319,0.593058407507936,9
5,12,0.998186167268895,0.510304835905338,9
6,12,0.994421204148249,0.742909529734087,9
1,13,0.999648451068984,0.958155866606618,9
2,13,0.999559477799702,0.746883094954959,9
3,13,0.998768663832186,0.854286725058513,9
4,13,0.996660051848643,0.689664340101425,9
5,13,0.997749543637765,0.937146820811495,9
6,13,0.995270109083873,0.362107759787856,9
1,14,0.99965219823486,0.939544378114576,9
2,14,0.999478900665005,0.964867736001028,9
3,14,0.998858169760604,0.516898162969452,9
4,14,0.997312185875372,0.615376396792271,9
5,14,0.997076441203613,0.695573105489319,9
6,14,0.994634910893714,0.673691964021007,9
1,15,0.999668606701043,0.894465408712591,9
2,15,0.999484701760392,0.990900049872391,9
3,15,0.99882480004231,0.975805466497076,9
4,15,0.996696130666769,0.867287697657182,9
5,15,0.997842594591885,0.485760923134043,9
6,15,0.995715623707565,0.17021502724786,9
1,1,0.99964046286453,0.990950658062781,10
2,1,0.999430900174658,0.9545176131743,10
3,1,0.998447308033555,0.980414118181253,10
5,1,0.996505419112863,0.723401650061366,10
4,1,0.996990626859202,0.505376367046746,10
6,1,0.994204144044266,0.0600122631618759,10
1,2,0.999660556112775,0.990843705647329,10
2,2,0.999401602117738,0.99194517919469,10
3,2,0.998548601105764,0.939151624199656,10
5,2,0.997679751377636,0.955816871862811,10
4,2,0.995498834230409,0.851539991321664,10
6,2,0.994847572612984,0.786631894707907,10
1,3,0.999601036669754,0.983464877345479,10
2,3,0.999368316220986,0.973333496676733,10
3,3,0.998445734796558,0.663882555921088,10
5,3,0.997505401446569,0.114550634478999,10
4,3,0.996295897054999,0.673915325790679,10
6,3,0.995435575013469,0.501655192818498,10
1,4,0.999636464765934,0.97804605946036,10
2,4,0.999492646265207,0.772982343447657,10
3,4,0.998496646034018,0.915715507856035,10
5,4,0.998176298387669,0.26594654800583,10
4,4,0.995762836892729,0.87425810079776,10
6,4,0.994800609349891,0.480012419427741,10
1,5,0.999709862897333,0.965769621313336,10
2,5,0.999527975101092,0.935582121130577,10
3,5,0.998465254785235,0.986552265755912,10
5,5,0.996304013581258,0.909446557039381,10
4,5,0.997162140902357,0.864277603813659,10
6,5,0.994543128496245,0.871540676536334,10
1,6,0.999611166512346,0.996443493092038,10
2,6,0.999449296348111,0.876182223986907,10
3,6,0.998677193530171,0.563724376334803,10
5,6,0.996910645675863,0.584174655764641,10
4,6,0.996483908022371,0.811074403794359,10
6,6,0.994295902803853,0.88933768427302,10
1,7,0.999757728542095,0.960130666925819,10
2,7,0.99944939234822,0.864622525917362,10
3,7,0.998420503416761,0.876058529385023,10
5,7,0.996288211857612,0.587009341837739,10
4,7,0.997037637219223,-0.193813154542775,10
6,7,0.994501936924905,-0.44810429503892,10
1,8,0.999634703490182,0.956968883318255,10
2,8,0.999466767181035,0.779520721861405,10
3,8,0.998734978796321,0.357889889019424,10
5,8,0.998490041298615,0.52276961249799,10
4,8,0.997516632140999,0.546057904460865,10
6,8,0.996385225059103,0.516279714916238,10
1,9,0.999686042529618,0.897184767604132,10
2,9,0.999355547373928,0.996078586910393,10
3,9,0.99870163511237,0.86663875679106,10
5,9,0.996097670561683,0.90458434630878,10
4,9,0.996258198383736,0.953251666701332,10
6,9,0.994820177023683,0.782000418360348,10
1,10,0.999608143583548,0.989632209515473,10
2,10,0.999334575021105,0.95408111410798,10
3,10,0.998449719964695,0.826016537227164,10
5,10,0.997790218119635,0.715777039523206,10
4,10,0.995775814630464,0.696125536482136,10
6,10,0.994617262944495,-0.224847213955639,10
1,11,0.999571342631557,0.985926090961249,10
2,11,0.999429121307115,0.80391435856686,10
3,11,0.998390844061232,0.651416467578571,10
5,11,0.997916466159787,0.131576238077817,10
4,11,0.995496329289126,0.937441290097102,10
6,11,0.994638513512158,0.644186326748223,10
1,12,0.9996172632026,0.997417429521496,10
2,12,0.999480161996538,0.918952401831197,10
3,12,0.998506998257368,0.884205121231074,10
5,12,0.996389672679409,0.947701580934634,10
4,12,0.996719997869901,0.885691817709106,10
6,12,0.995319292458065,-0.000103076955667478,10
1,13,0.999625424359963,0.950153361663986,10
2,13,0.999418688404278,0.973826623945038,10
3,13,0.998446599029519,0.833426548124563,10
5,13,0.996162545321617,0.871617814413223,10
4,13,0.997124239901107,0.624904247386709,10
6,13,0.994522604756871,0.333603975113035,10
1,14,0.999620072230025,0.973274896731786,10
2,14,0.999387106372876,0.978663885632516,10
3,14,0.998528945377413,0.849656506798596,10
5,14,0.995940910237258,0.78979464796502,10
4,14,0.9971540224836,0.684630230253037,10
6,14,0.994534619352523,-0.268446552502248,10
1,15,0.999678901132596,0.890553006556858,10
2,15,0.999416203225644,0.982013786456127,10
3,15,0.998406828243527,0.830283112070826,10
5,15,0.995918784314717,0.707450031869404,10
4,15,0.996754291267184,0.800160921668751,10
6,15,0.994710089282812,-0.125406188898867,10
1,1,0.999627694803508,0.991157382995386,11
2,1,0.999376689615239,0.993187538761653,11
3,1,0.998757748832248,0.970109807890823,11
4,1,0.997070371681122,0.903675721568819,11
5,1,0.99733629693019,0.7836422502721,11
6,1,0.993598102551906,0.682505968127765,11
1,2,0.999643561309221,0.969351698808948,11
2,2,0.999460437518456,0.951929079254432,11
3,2,0.998724875797199,0.684412200036403,11
4,2,0.99645427372582,0.835418136285967,11
5,2,0.996841128251596,0.764952310331201,11
6,2,0.994099769311468,0.595587418662457,11
1,3,0.999677325643659,0.923288349412382,11
2,3,0.999394571211685,0.959745444900694,11
3,3,0.998605848819792,-0.371144771432511,11
4,3,0.998595198235604,0.636052507449291,11
5,3,0.997823480788435,0.506953292414614,11
6,3,0.997135818748559,0.441273011932222,11
1,4,0.99959953321111,0.99703483635095,11
2,4,0.999465509611155,0.942639235912297,11
3,4,0.998774389442802,0.847503250272637,11
4,4,0.995970942359281,0.592098966739605,11
5,4,0.997552804362661,0.284011320185279,11
6,4,0.994830288428708,0.202186052828947,11
1,5,0.9995994922173,0.988329978493712,11
2,5,0.999420919259795,0.962541731301351,11
3,5,0.99861042825636,0.9589634857276,11
4,5,0.997842456012939,0.493061271335559,11
5,5,0.998458740455085,0.682566869811757,11
6,5,0.993675340963804,0.640339218485327,11
1,6,0.999731266527871,0.944344073703248,11
2,6,0.999414952301122,0.983343479310864,11
3,6,0.998652439673022,0.957686203074647,11
4,6,0.997176448400266,0.634461875393069,11
5,6,0.997044382050437,0.539721301604586,11
6,6,0.993645280024557,0.493889999330057,11
1,7,0.999606167203494,0.909328434873839,11
2,7,0.999401406539327,0.971922084495549,11
3,7,0.998496150384607,0.984889536165695,11
4,7,0.99727646983871,0.779923447463054,11
5,7,0.996943534654627,0.705374011651323,11
6,7,0.993529489241933,0.905365984684143,11
1,8,0.999582026950601,0.971658166828484,11
2,8,0.99947854758116,0.734715097173827,11
3,8,0.998407583259683,0.882632570469878,11
4,8,0.996298426749402,0.653768397560817,11
5,8,0.997741611531742,0.522791264241463,11
6,8,0.994322081853007,0.561713483299533,11
1,9,0.999632562868258,0.89516162105702,11
2,9,0.999429764459547,0.585048589554287,11
3,9,0.998558036571601,0.858322790235421,11
4,9,0.997013948939763,0.289086101034356,11
5,9,0.997090806501061,0.733497657329472,11
6,9,0.994844679690324,-0.0389943780936491,11
1,10,0.999611989864679,0.9825174242037,11
2,10,0.999444920052936,0.940371476051755,11
3,10,0.998538322101576,0.918589472052608,11
4,10,0.996628380275884,0.822502578440908,11
5,10,0.997284650442069,0.388247599573235,11
6,10,0.993827940120354,0.373423257233359,11
1,11,0.999620657050111,0.959417381119305,11
2,11,0.999407012905835,0.989086667951904,11
3,11,0.998554285379806,0.943548671841981,11
4,11,0.996504002311092,0.876479145691503,11
5,11,0.997636178191041,0.57079293576347,11
6,11,0.993955147756706,0.271413460320446,11
1,12,0.999571731844779,0.989405755172578,11
2,12,0.999400463653886,0.860844071105684,11
3,12,0.99851850426922,0.875631644805128,11
4,12,0.996255049032601,0.0895571753533921,11
5,12,0.997244993740123,0.513638612158196,11
6,12,0.994084407113332,0.554344886064533,11
1,13,0.999676341499927,0.974430004273785,11
2,13,0.999549561298689,0.691666072211832,11
3,13,0.998821093877394,0.646796099907795,11
4,13,0.996163668111863,0.805928099462828,11
5,13,0.997747992702827,0.826052293379819,11
6,13,0.993902479990912,0.354956821586478,11
1,14,0.999600271142663,0.953631903732761,11
2,14,0.999440840524344,0.551847549345312,11
3,14,0.998828397512305,0.667784706560772,11
4,14,0.997421353089159,0.493091956743417,11
5,14,0.997056929089505,0.726245093002087,11
6,14,0.993182366888703,0.641029010123622,11
1,15,0.999598704000118,0.969150935211996,11
2,15,0.999416913871042,0.96026035192333,11
3,15,0.998601081109727,0.890129501798003,11
4,15,0.997504435444203,0.700514329911787,11
5,15,0.996216352372765,0.994115188149305,11
6,15,0.994077794298866,0.734690175717086,11
1,1,0.999654695453911,0.985087845331897,12
2,1,0.999491400785104,0.945326223166031,12
3,1,0.998730238009167,0.849747324114847,12
4,1,0.997204943334618,0.494474609758078,12
5,1,0.997395787220032,0.731459038806651,12
6,1,0.994562351832485,0.404510883870126,12
1,2,0.999789895539428,0.936209630902935,12
2,2,0.999506610497867,0.910784857220849,12
3,2,0.998815110434963,0.818453435141098,12
4,2,0.996529700471687,0.761752395585156,12
5,2,0.998049059118913,0.281954786928043,12
6,2,0.994631419987903,0.84668396702847,12
1,3,0.999627623891664,0.978757702093127,12
2,3,0.999435998120867,0.962321027293221,12
3,3,0.998601331606146,0.79453473317209,12
4,3,0.997058437953909,0.796291486889388,12
5,3,0.997543623428382,0.714589023972608,12
6,3,0.994442719471657,0.845987314168506,12
1,4,0.999679471199692,0.862065746095183,12
2,4,0.999490525312007,0.904247676311602,12
3,4,0.998653047075792,0.80496940856529,12
4,4,0.996594098530271,0.839382354629245,12
5,4,0.997736826535867,0.921012048060018,12
6,4,0.994986012192282,0.8259765502799,12
1,5,0.999664057640392,0.95829539878998,12
2,5,0.999504628009543,0.896284091574367,12
3,5,0.998842790384045,0.46525721997258,12
4,5,0.998602129551555,0.837537277586343,12
5,5,0.997008856127718,0.566057531925674,12
6,5,0.996786683292122,0.948219550765413,12
1,6,0.999720731520797,0.958347579606541,12
2,6,0.999508993250516,0.858559151593442,12
3,6,0.998619755584726,0.931122238071961,12
4,6,0.99665391594817,0.966181222585828,12
5,6,0.997492671240542,0.428719853455565,12
6,6,0.994650106684604,0.677796237569206,12
1,7,0.999645908800554,0.998738220377144,12
2,7,0.99941363240657,0.994663195010794,12
3,7,0.998617952254792,0.842559054109004,12
4,7,0.997538412550159,0.838459346230352,12
5,7,0.997432047926696,0.767558562623158,12
6,7,0.994642139262157,0.854735697616124,12
1,8,0.999620653316334,0.995232970395956,12
2,8,0.999469056192901,0.934174020893712,12
3,8,0.998860494827745,0.639257904232008,12
4,8,0.996869942706618,0.884298201345261,12
5,8,0.997391561403018,0.729963065006359,12
6,8,0.995696805095217,0.408332028661014,12
1,9,0.999640402117809,0.921270399709182,12
2,9,0.999560767166477,0.813871731873531,12
3,9,0.998570929127462,0.691472111982728,12
4,9,0.996639368765904,0.105526978236094,12
5,9,0.997444703219859,0.17797031078849,12
6,9,0.994922037152554,0.286255945497315,12
1,10,0.999634093901925,0.999294160648034,12
2,10,0.999510090223198,0.9682370640489,12
3,10,0.998640806788344,0.894751938906642,12
4,10,0.996558560928172,0.643069531741656,12
5,10,0.997529755554796,0.509925409937174,12
6,10,0.995119592263665,0.221740072266653,12
1,11,0.999624209292684,0.936255152639393,12
2,11,0.999447116458939,0.932408436359035,12
3,11,0.998593303680219,0.80852201210232,12
4,11,0.996428684051508,0.484120250482418,12
5,11,0.997393848850971,0.446555175917371,12
6,11,0.995187583147656,-0.41854936292986,12
1,12,0.999694821992185,0.988309045900391,12
2,12,0.999529193138009,0.891816904385929,12
3,12,0.998739230722821,0.943060060850049,12
4,12,0.996638060478871,0.972905132859097,12
5,12,0.997715471479768,0.742235139448438,12
6,12,0.994431141901564,0.665245914057842,12
1,13,0.999648944704479,0.907060539347014,12
2,13,0.999448764951968,0.980544903260146,12
3,13,0.998502299799441,0.973172138311574,12
4,13,0.997008457596574,0.514780408081787,12
5,13,0.997532803239751,0.553202713064644,12
6,13,0.994584034114923,-0.102317084276811,12
1,14,0.999654283544028,0.971586322216001,12
2,14,0.999473185125749,0.900147003846973,12
3,14,0.998570597894841,0.961022040975788,12
4,14,0.996866172325507,0.940821741422678,12
5,14,0.997455518818998,0.845234860523528,12
6,14,0.994795199546445,0.545191480901822,12
1,15,0.999630157093946,0.996580587028095,12
2,15,0.999396868990052,0.98687544489602,12
3,15,0.998636853437607,0.979988636499951,12
4,15,0.996717734427178,0.535262869716944,12
5,15,0.997475099775862,0.653348027154055,12
6,15,0.995016832387159,0.483885146782931,12
1,1,0.999610387312232,0.976989603595677,13
2,1,0.999453045320944,0.979424301988892,13
3,1,0.998727990994281,0.976260466060103,13
4,1,0.996146587724417,0.93992672545209,13
5,1,0.997192455334939,0.00483004787558096,13
6,1,0.99517318129223,0.50291873955511,13
1,2,0.999576894151655,0.973976113363423,13
2,2,0.999513357129965,0.815642183228185,13
3,2,0.998611074339577,0.84515304413444,13
4,2,0.996214280778803,0.642659149058922,13
5,2,0.997078700203548,-0.0176143047389448,13
6,2,0.99432638492343,-0.211733773213552,13
1,3,0.999612811798272,0.974030658012169,13
2,3,0.999467362758249,0.910275114963231,13
3,3,0.998851615526391,0.707241905855217,13
4,3,0.997216146276238,0.187055554095783,13
5,3,0.995901626892264,0.896447310240872,13
6,3,0.99438035113398,0.776313708404562,13
1,4,0.999616770828902,0.978488136304693,13
2,4,0.99957732092527,0.839665118704174,13
3,4,0.998733412299753,0.860924808362959,13
4,4,0.996130633158396,0.801459779228112,13
5,4,0.996336387746442,0.717374155812518,13
6,4,0.994179204294525,0.745293414632547,13
1,5,0.999661944328064,0.896794109100944,13
2,5,0.999536370155756,0.587911412123037,13
3,5,0.998999005518805,0.739647118915926,13
4,5,0.996236630688695,0.776127738353401,13
5,5,0.997288710635504,0.775325599950529,13
6,5,0.994516276653089,0.0457504630254866,13
1,6,0.999638238810741,0.978179303504,13
2,6,0.999577309826274,0.911490920568663,13
3,6,0.999057708981806,0.277206916531015,13
4,6,0.997796843813096,0.0579744175205203,13
5,6,0.997093637331195,0.848262770650728,13
6,6,0.994686387568199,0.82782469414741,13
1,7,0.999617609923197,0.985781298191965,13
2,7,0.99945527818393,0.989720077329074,13
3,7,0.998810796562163,0.862040432631826,13
4,7,0.99596001994161,0.936032019406828,13
5,7,0.997202090745597,0.41429587284181,13
6,7,0.993948341954915,0.887696757640793,13
1,8,0.999677711814841,0.897490279963363,13
2,8,0.999448528933533,0.990416710418422,13
3,8,0.998695969192128,0.885722449097676,13
4,8,0.996591429512441,0.8538229251618,13
5,8,0.997421196566655,0.681020030757641,13
6,8,0.993937812609385,0.489226779360638,13
1,9,0.999615830197784,0.851203807164987,13
2,9,0.999479967605481,0.948488219815261,13
3,9,0.998907074323703,0.505052078529649,13
4,9,0.99649341674809,0.876135818961923,13
5,9,0.998142580692627,-0.208124716939324,13
6,9,0.994021800875644,0.768304965646955,13
1,10,0.999616411235967,0.986846455494944,13
2,10,0.999475410747946,0.911699467884399,13
3,10,0.998680173545596,0.858493252466692,13
4,10,0.996383527450275,0.780386903676168,13
5,10,0.997155136234376,0.648694914842478,13
6,10,0.993960021543455,0.202237446926238,13
1,11,0.999602689270622,0.990115119713504,13
2,11,0.999447021113399,0.985579627636694,13
3,11,0.998674997373263,0.881505072747571,13
4,11,0.996028719675493,0.817104838245887,13
5,11,0.995896268297794,0.733386548463264,13
6,11,0.99446779477329,0.705910153258004,13
1,12,0.999642807855392,0.992929159989635,13
2,12,0.999566693189953,0.761942345071151,13
3,12,0.998963330902438,0.636241244229791,13
4,12,0.998532380073221,0.604088848831102,13
5,12,0.997124094666039,0.911187969308078,13
6,12,0.996293975819728,0.519311224803911,13
1,13,0.999654075244691,0.978356699962899,13
2,13,0.999520882053455,0.891206834050376,13
3,13,0.998938183985926,0.255898207390821,13
4,13,0.996480835387895,0.51483732708439,13
5,13,0.997154493960402,0.43126859056138,13
6,13,0.994151737339757,-0.0620896117737792,13
1,14,0.999640837687925,0.983685095228954,13
2,14,0.999470166102935,0.979768730505007,13
3,14,0.99880507883578,0.946858352644965,13
4,14,0.99641137672336,0.592909584166418,13
5,14,0.997500943661802,0.948914106124356,13
6,14,0.9937791977459,0.347583172749009,13
1,15,0.99975831294597,0.949921936841068,13
2,15,0.999470181019094,0.954034150306051,13
3,15,0.998616708944754,0.98536413522236,13
4,15,0.996429679437659,0.798031314929762,13
5,15,0.997431908564087,0.525266470899923,13
6,15,0.994141334731791,0.89964602487243,13
1,1,0.998615634707234,0.987815307880169,14
2,1,0.997898915165742,0.941391878081573,14
3,1,0.994900165475504,0.917719379251329,14
4,1,0.988847711220672,0.0855580099534308,14
6,1,0.99116445204528,0.68425673302536,14
5,1,0.98422194763149,0.484884184570722,14
1,2,0.998691627151408,0.991260901151809,14
2,2,0.997989463710766,0.954532806534026,14
3,2,0.995378166710624,0.952090509619298,14
4,2,0.988079640167513,0.90049935061502,14
6,2,0.990917708428633,0.898133014096861,14
5,2,0.98644851491225,0.419866873379848,14
1,3,0.998505251049154,0.996273108150771,14
2,3,0.998120273831326,0.851183875489468,14
3,3,0.995143176682167,0.746929109771113,14
4,3,0.989577408206828,0.183473042915941,14
6,3,0.991618995237693,-0.587564803785382,14
5,3,0.982921693272113,0.261448969873633,14
1,4,0.998771913301926,0.973597565230609,14
2,4,0.998117884189705,0.772440657220738,14
3,4,0.995162426898778,0.844547478412131,14
4,4,0.988780956474879,0.90064669267233,14
6,4,0.989242674392368,0.350961397223774,14
5,4,0.984759582153675,0.821877229324038,14
1,5,0.998687808380892,0.990909096890589,14
2,5,0.997924101427522,0.946019431984629,14
3,5,0.9962530370146,0.532991978169083,14
4,5,0.986529644007029,0.848529262944961,14
6,5,0.991749613073061,-0.133274637485426,14
5,5,0.983161646399637,0.89576587817533,14
1,6,0.998834040450885,0.951340797396435,14
2,6,0.997647024612299,0.991479157658145,14
3,6,0.995119180651215,0.856413394819969,14
4,6,0.988968422882703,0.87127790289696,14
6,6,0.994039699495969,0.562868423817561,14
5,6,0.982238157831156,0.921344764941182,14
1,7,0.998651730915228,0.992421457798828,14
2,7,0.998062098665554,0.904390561285721,14
3,7,0.995941688655161,0.480780986119885,14
4,7,0.988796298366842,0.596014340901616,14
6,7,0.990752805212264,0.614651895516978,14
5,7,0.984599085789427,-0.150978433164626,14
1,8,0.99866656461074,0.992811416188845,14
2,8,0.997772761199602,0.986363270980423,14
3,8,0.994702748495233,0.979893786967574,14
4,8,0.98837229402373,0.94665345120869,14
6,8,0.991197739771102,0.574487105169125,14
5,8,0.983786377523679,0.312429850536146,14
1,9,0.998984815421716,0.919261248610528,14
2,9,0.997988186348876,0.796865070248982,14
3,9,0.995491755447131,0.500480223963569,14
4,9,0.994606033529382,0.687143592619497,14
6,9,0.990915861823004,0.0166246742336169,14
5,9,0.989727263218691,0.35095676006355,14
1,10,0.998845786872363,0.932845431275509,14
2,10,0.997822319777568,0.97990459055591,14
3,10,0.995192537262155,0.954843108646599,14
4,10,0.988019276068378,0.941263342521765,14
6,10,0.990908532213574,0.799548718450454,14
5,10,0.98332379703811,0.380278188090114,14
1,11,0.998679464448903,0.982343779930208,14
2,11,0.99791686245436,0.933440472586595,14
3,11,0.995130905536859,0.904637813776403,14
4,11,0.989557495386633,0.0633003851236431,14
6,11,0.988381404987193,0.417514979976433,14
5,11,0.984508443053464,-0.250393490032692,14
1,12,0.998678488536723,0.969730828260272,14
2,12,0.998290978567907,0.605156612698942,14
3,12,0.995317692164776,0.860557906050374,14
4,12,0.989267631160602,0.870216244962427,14
6,12,0.992341940647067,0.21293011661506,14
5,12,0.984440533746812,0.282854536052102,14
1,13,0.998660616974789,0.995523387349467,14
2,13,0.997802649061711,0.855484534616092,14
3,13,0.99497646093554,0.946467515186407,14
4,13,0.988076645045204,0.840113542590788,14
6,13,0.99077432603791,0.323398498290752,14
5,13,0.983835896289347,0.840673565668694,14
1,14,0.998652424309048,0.96381469638767,14
2,14,0.99754998142368,0.993047795259142,14
3,14,0.994974361640145,0.961666482098487,14
4,14,0.988059224186625,0.916457283858726,14
6,14,0.991554403742872,0.899221602754848,14
5,14,0.984217163000975,0.595123030069126,14
1,15,0.999083596198935,0.918418848212661,14
2,15,0.998192834966667,0.772747927725704,14
3,15,0.995415119308786,0.89366508635886,14
4,15,0.991787377766297,0.655502385880768,14
6,15,0.991419295280964,0.530941215318931,14
5,15,0.986056536186631,0.540356115470433,14
1,1,0.998591205686985,0.978551800355752,15
2,1,0.998228215363944,0.935892618339564,15
3,1,0.995571405618984,0.885866759921683,15
4,1,0.989201776111872,0.842035472528535,15
5,1,0.993188339323239,0.851145246556735,15
6,1,0.982619694126712,0.267054184843993,15
1,2,0.998590282060736,0.979048653007822,15
2,2,0.998565650823358,0.911601641789813,15
3,2,0.994819534111575,0.970547383163547,15
4,2,0.988709911852733,0.753141910403549,15
5,2,0.991667723496235,0.443806947455138,15
6,2,0.983800339205721,0.722662320086741,15
1,3,0.998811244923077,0.962058168188369,15
2,3,0.998442324526459,0.916385781081497,15
3,3,0.994900374638795,0.899615431062534,15
4,3,0.988669929759943,0.821970920033821,15
5,3,0.992081126701574,0.828447448819025,15
6,3,0.984277389438416,0.198077067223677,15
1,4,0.998539570052852,0.912026518930265,15
2,4,0.998210932839982,0.993564622943101,15
3,4,0.99529084222683,0.144412479927003,15
4,4,0.992919939328895,0.280597496675074,15
5,4,0.991586534410376,-0.00200481536406674,15
6,4,0.981113873216839,0.817896642682869,15
1,5,0.998475818909239,0.990543338997333,15
2,5,0.998041051912219,0.984971908271299,15
3,5,0.994651754046281,0.969419420504495,15
4,5,0.988282208989913,0.896366042326323,15
5,5,0.991784115967446,0.886733960860757,15
6,5,0.98413778546276,0.542504104169985,15
1,6,0.998476280737452,0.947583355012661,15
2,6,0.998039664748913,0.991260492271828,15
3,6,0.995332014139606,0.767106056297527,15
4,6,0.987512755702028,0.966039836076123,15
5,6,0.991651395735913,0.717642884695905,15
6,6,0.983843948303859,0.717426013637839,15
1,7,0.998592440659566,0.982154445567692,15
2,7,0.998336431753792,0.821293648918821,15
3,7,0.995101888389232,0.730947196529991,15
4,7,0.99496171532465,0.742283926554143,15
5,7,0.991246926657326,0.682028796697541,15
6,7,0.989262065420258,0.538965444206665,15
1,8,0.99899173484902,0.970768202344515,15
2,8,0.998269899851814,0.909711527716454,15
3,8,0.996037961981374,0.899807802146442,15
4,8,0.988713269470888,0.96311386440188,15
5,8,0.992046036220957,0.753210373152835,15
6,8,0.983668727626044,0.754358573279013,15
1,9,0.998527366969254,0.991548627107808,15
2,9,0.998146685960556,0.952961347661929,15
3,9,0.995611232073557,0.740432501322694,15
4,9,0.987932791130404,0.831419611797237,15
5,9,0.992580524264856,0.472625304710759,15
6,9,0.984424333943388,0.625813551351578,15
1,10,0.998506756615552,0.957695725007296,15
2,10,0.998236631946348,0.581384670269879,15
3,10,0.994972935231782,0.966916865229459,15
4,10,0.988661788102194,0.560792821370717,15
5,10,0.991530003550907,0.822728432731633,15
6,10,0.983151876692753,0.509419822197158,15
1,11,0.998502454663714,0.958260957141361,15
2,11,0.998332028420433,0.50296926864058,15
3,11,0.995171102964925,0.379493643275569,15
4,11,0.988196210396972,0.503086626870569,15
5,11,0.989587471035439,0.927595975269179,15
6,11,0.985389736532634,-0.850035834547099,15
1,12,0.998855353686295,0.9551597546768,15
2,12,0.998148137491232,0.992195955339829,15
3,12,0.995235704831067,0.850827600029175,15
4,12,0.988429316419944,0.861615440593815,15
5,12,0.9914639931237,0.623393054965841,15
6,12,0.982927882221159,0.864491874437665,15
1,13,0.998534347357759,0.9325755716115,15
2,13,0.99816103757041,0.990839259673476,15
3,13,0.995516092434351,0.990854369209779,15
4,13,0.988124947040805,0.740960635017237,15
5,13,0.992510473593681,0.432118077829899,15
6,13,0.985664066245797,0.219839432123314,15
1,14,0.998517795755535,0.992378742674371,15
2,14,0.998130311187353,0.907424050015891,15
3,14,0.995307645854891,0.713271704758407,15
4,14,0.987823406192434,0.924825063694164,15
5,14,0.988876225540307,0.79907439831952,15
6,14,0.984398488299451,0.817300125870501,15
1,15,0.998357387684933,0.978935672017505,15
2,15,0.998299856934314,0.722798941796777,15
3,15,0.994954962747301,0.751478593576626,15
4,15,0.988908943169846,0.0334571448388356,15
5,15,0.993532845577966,-0.278265727039696,15
6,15,0.983866329793011,0.366190009890716,15
1,1,0.999894016137754,0.964953251335473,16
2,1,0.999864371133446,0.986257039195555,16
3,1,0.999715810130656,0.367712636292098,16
4,1,0.999167753793089,0.858904794917767,16
5,1,0.999317269046184,0.896286361554761,16
6,1,0.998693812658771,0.718104099452566,16
1,2,0.999889229954432,0.989650311834204,16
2,2,0.999862221380477,0.256727776906152,16
3,2,0.999778473866306,0.765697451268544,16
4,2,0.999295339287994,0.805462767332891,16
5,2,0.999330677520993,0.667943070224583,16
6,2,0.999141253842805,0.120787246566984,16
1,3,0.999888000519637,0.99138522967393,16
2,3,0.999868982314599,0.888832221805718,16
3,3,0.99968793003887,0.742439111481703,16
4,3,0.99914637553561,0.90305021634436,16
5,3,0.999127215172279,0.681903527894529,16
6,3,0.998730554513641,0.762042346212111,16
1,4,0.999889729657563,0.977583497684284,16
2,4,0.999857071442018,0.964859360070695,16
3,4,0.99969533616928,0.984694261532524,16
4,4,0.999294961276979,0.837001111842698,16
5,4,0.999331061757414,0.374932301754658,16
6,4,0.998508138195217,0.273120937103469,16
1,5,0.999939856505901,0.926699134886321,16
2,5,0.99989853501307,0.931776716085064,16
3,5,0.99972272783496,0.98682339547385,16
4,5,0.999310225493434,0.273830495324581,16
5,5,0.999339033326042,-0.367735417288247,16
6,5,0.998551901277524,-0.177283627928906,16
1,6,0.999893251240929,0.948939456427906,16
2,6,0.999866641143068,0.857446637396081,16
3,6,0.999742255922143,0.483728504020203,16
4,6,0.999608587108803,0.740233422788037,16
5,6,0.999425610602841,0.560365381814503,16
6,6,0.999353116220324,0.427498783225522,16
1,7,0.999903863769944,0.99116786870595,16
2,7,0.999879134937706,0.948690029490622,16
3,7,0.999760106265006,0.816532358907879,16
4,7,0.999225745793025,0.840091974261237,16
5,7,0.999357475927725,0.694421092172174,16
6,7,0.998523651665819,0.668075825295848,16
1,8,0.999881687631355,0.982477520859599,16
2,8,0.999868333069332,0.690686102542349,16
3,8,0.99968105957842,0.801023479517248,16
4,8,0.999237747906266,0.866902781392066,16
5,8,0.999398871718205,0.777319775120127,16
6,8,0.998489093338178,0.910399010075294,16
1,9,0.99987917513453,0.978869894153474,16
2,9,0.999835977973029,0.968389292901224,16
3,9,0.999676404374205,0.886325636717402,16
4,9,0.99930461789546,0.573434597246952,16
5,9,0.999184297688938,0.526883285112872,16
6,9,0.998503678718244,0.778475946958635,16
1,10,0.999886858782547,0.97454410201166,16
2,10,0.999841424430069,0.992605859636728,16
3,10,0.99971414891738,0.182270996172597,16
4,10,0.999252873979403,0.800316505572585,16
5,10,0.999382823319083,0.0211699166868914,16
6,10,0.998500275590398,0.759646240197965,16
1,11,0.99990110610511,0.703951615258266,16
2,11,0.999843949413127,0.989726192894387,16
3,11,0.999710935211135,0.720673633735625,16
4,11,0.999102549701529,0.622068616340732,16
5,11,0.999270524808806,0.479434298238638,16
6,11,0.998659329106636,-0.150789163520074,16
1,12,0.999906182257228,0.982020096906715,16
2,12,0.999835921669768,0.967910947597973,16
3,12,0.99965247704784,0.994372885391933,16
4,12,0.999271538342385,0.934824131076068,16
5,12,0.999252800367586,0.711846563014771,16
6,12,0.998497318547043,0.847711305671318,16
1,13,0.999886174047235,0.982237707202281,16
2,13,0.999863101815515,0.966276667933544,16
3,13,0.999721943852261,0.861419247044768,16
4,13,0.999360145358213,0.339996059595477,16
5,13,0.999310189736254,-0.0981068796099165,16
6,13,0.998650357658259,-0.356267940996012,16
1,14,0.999887830033149,0.98102675207667,16
2,14,0.999856967210044,0.895226750360106,16
3,14,0.999677886848568,0.995729943743327,16
4,14,0.999392433474488,0.723573512123268,16
5,14,0.99942935141013,0.877319218268611,16
6,14,0.998544909928318,0.632398749514739,16
1,15,0.999932283153199,0.901722148712595,16
2,15,0.999888237479031,0.880244649122995,16
3,15,0.999764103492355,0.534497448807908,16
4,15,0.999244767762692,0.791317093827417,16
5,15,0.99927345016779,0.823783366219537,16
6,15,0.998525980787286,0.681343357049005,16
1,1,0.99999928851969,0.993261385258277,17
2,1,0.999998731514099,0.961270732087212,17
4,1,0.999998246343912,0.529227474517926,17
5,1,0.999996291407894,0.027511550688856,17
3,1,0.999993845544825,0.867934166329573,17
6,1,0.999986637207567,0.865341894027714,17
1,2,0.999999377807729,0.958730396559258,17
2,2,0.999998954498735,0.944232308375663,17
4,2,0.999998214516863,0.58461426144055,17
5,2,0.999993702896271,0.899620939417056,17
3,2,0.999994975172908,0.848897941260687,17
6,2,0.999987341538205,0.902543634364831,17
1,3,0.999999449879761,0.992352487440259,17
2,3,0.999999011761283,0.815275735393289,17
4,3,0.999998001198487,0.973845600804151,17
5,3,0.999993703472611,0.873222813954115,17
3,3,0.999996085735964,0.767099735937771,17
6,3,0.999987536787382,0.59935535080354,17
1,4,0.999999364191976,0.936519172844628,17
2,4,0.999998681196209,0.98087584439109,17
4,4,0.999998054630905,0.639331971497823,17
5,4,0.999993735795878,0.913024367237582,17
3,4,0.999995427673234,0.781217244682181,17
6,4,0.999987284785802,0.907184488483511,17
1,5,0.999999539927283,0.940990902428479,17
2,5,0.999999055436458,0.988123915970129,17
4,5,0.999998223870352,0.951323288792265,17
5,5,0.999994226061961,0.633144430676244,17
3,5,0.99999612954189,0.607613598624511,17
6,5,0.999988074893619,0.36978792913971,17
1,6,0.999999513663892,0.966763156562218,17
2,6,0.999998835534623,0.779539730262276,17
4,6,0.999997205271345,0.937267469154815,17
5,6,0.999995367946264,0.45011706718197,17
3,6,0.999994265078333,0.935004473851674,17
6,6,0.999988985121564,0.446386002259708,17
1,7,0.999999317113644,0.977783486425279,17
2,7,0.999998816951492,0.764884260633826,17
4,7,0.999997852351038,0.786841126522041,17
5,7,0.99999552933524,0.46185247702396,17
3,7,0.999993600285187,0.86355139739498,17
6,7,0.999987662640112,0.0647112568834072,17
1,8,0.999999370854387,0.886387680955698,17
2,8,0.999998777329606,0.961098799470658,17
4,8,0.999997964931449,0.981371806082315,17
5,8,0.999994641998729,0.835103393023276,17
3,8,0.99999639437043,0.728342210866202,17
6,8,0.999987412931492,0.153885919888245,17
1,9,0.999999303097435,0.953625254369624,17
2,9,0.999998819658942,0.900193833405492,17
4,9,0.999997740831942,0.858247776183166,17
5,9,0.999997530854083,0.330915509360098,17
3,9,0.999993664075115,0.844390060752386,17
6,9,0.999986927186397,0.818385744502166,17
1,10,0.99999930006021,0.989767925285452,17
2,10,0.999998815518011,0.959594691307315,17
4,10,0.999997753672286,0.982795821423948,17
5,10,0.999994631082962,0.337464500329757,17
3,10,0.999995588488876,0.661670209948886,17
6,10,0.999987197698302,0.17590006664613,17
1,11,0.999999264549069,0.984761889212845,17
2,11,0.9999988278339,0.869358989515526,17
4,11,0.999997701680047,0.685518178878416,17
5,11,0.999997592745447,0.686973198147441,17
3,11,0.999996064317678,0.60507446942764,17
6,11,0.999995506876662,0.220583363485821,17
1,12,0.999999293569506,0.983989208622927,17
2,12,0.999998720779016,0.976892287382212,17
4,12,0.99999784530883,0.658198083311107,17
5,12,0.999995728894139,0.835690038589493,17
3,12,0.999992826636928,0.898819841847684,17
6,12,0.999987969958837,-0.139474948093973,17
1,13,0.999999259811898,0.997557114797272,17
2,13,0.999998758065707,0.939776152812193,17
4,13,0.999998019505752,0.477073031549021,17
5,13,0.999994087279659,0.818891700791087,17
3,13,0.999996019759395,0.685674692856269,17
6,13,0.999987067871819,-0.159910986213969,17
1,14,0.999999524174914,0.872646088089623,17
2,14,0.999999423597155,0.893623467584095,17
4,14,0.999998355196185,0.537441664811442,17
5,14,0.999994005631138,0.855645247977139,17
3,14,0.999995684201136,0.850329735408185,17
6,14,0.999995499026077,0.317027560213124,17
1,15,0.999999301637772,0.914093159455295,17
2,15,0.99999861526984,0.984595381856781,17
4,15,0.999997753705355,0.973143320284167,17
5,15,0.999996207098924,-0.0456553474677133,17
3,15,0.99999633661171,0.917750534443743,17
6,15,0.999987210790142,0.692711176412117,17
1,1,0.999545191477422,0.940395812278804,18
2,1,0.999322712827516,0.986713508553933,18
4,1,0.998652618695576,0.953634248806366,18
3,1,0.996382648170964,0.760302907881301,18
5,1,0.997856343238229,0.206516562248165,18
6,1,0.995326116332659,0.591258668481202,18
1,2,0.999575376416773,0.984217551537838,18
2,2,0.999478117359025,0.491080983464699,18
4,2,0.998723129899366,0.863317330136784,18
3,2,0.997260210822253,0.754328869075464,18
5,2,0.997807900498076,0.282533197725922,18
6,2,0.995435375388025,0.327604284738217,18
1,3,0.999549912411563,0.967784035487317,18
2,3,0.999515597278575,0.57546674755901,18
4,3,0.999008644924782,0.534121548959258,18
3,3,0.998671416069149,0.871495223575662,18
5,3,0.99706507050585,0.601663421836553,18
6,3,0.997415518982921,0.445674119743263,18
1,4,0.999572947592388,0.989320290029915,18
2,4,0.999403024226352,0.930967692203499,18
4,4,0.99864847011192,0.809556514274573,18
3,4,0.99692383605681,0.943740392541399,18
5,4,0.997636304169847,0.38908630636187,18
6,4,0.995025396457169,0.695347102590031,18
1,5,0.999561174798424,0.976576121718379,18
2,5,0.999403830097817,0.882875180829787,18
4,5,0.998791517676418,0.821886567097182,18
3,5,0.996949198530408,0.784642326836015,18
5,5,0.996848843265413,0.67146128030519,18
6,5,0.995542594923065,0.71284464419738,18
1,6,0.999580442423938,0.898840605532005,18
2,6,0.999396856926631,0.986746223215196,18
4,6,0.99866289732519,-0.23002897785236,18
3,6,0.996848022478719,0.950365813994585,18
5,6,0.997415881900475,0.445826600936293,18
6,6,0.995677903197939,-0.0718664059420703,18
1,7,0.999583848917099,0.986753445975965,18
2,7,0.999386898986494,0.945687457761989,18
4,7,0.998434359420859,0.991462217144881,18
3,7,0.996897884547912,0.714903584640087,18
5,7,0.997702556397984,0.521784094662989,18
6,7,0.995594561309876,-0.230496460490131,18
1,8,0.999637457018765,0.987800109676559,18
2,8,0.999405860325375,0.982443381510873,18
4,8,0.9987909127302,0.970124093021083,18
3,8,0.996822776393095,0.938708512774653,18
5,8,0.997579375082521,0.950750247938434,18
6,8,0.995475400694186,0.736824276816489,18
1,9,0.999552208593484,0.975798415503868,18
2,9,0.999436774496122,0.852478374318034,18
4,9,0.998728183669173,-0.37352146101308,18
3,9,0.997330631376518,0.56269525448623,18
5,9,0.997919080615022,0.108832551568643,18
6,9,0.994920194642127,0.658515519809273,18
1,10,0.99956434402078,0.948412703103477,18
2,10,0.999483644393661,0.870079160164635,18
4,10,0.9988796712595,0.505511292819958,18
3,10,0.996929448786884,0.0222107720312953,18
5,10,0.997861900499447,0.502678583491329,18
6,10,0.995354086775823,0.102779870427903,18
1,11,0.999645960277296,0.936173122265155,18
2,11,0.999329172087063,0.982831141942743,18
4,11,0.998564896653521,0.882108398334959,18
3,11,0.997082030264712,0.901732741273699,18
5,11,0.997536504049389,0.931899323555686,18
6,11,0.995122776771057,0.48384688743064,18
1,12,0.999611572778013,0.988386418641222,18
2,12,0.999449217040523,0.940302223874011,18
4,12,0.998822962764371,0.955552782791955,18
3,12,0.996932262785604,0.92798055945029,18
5,12,0.997554945009425,-0.156957642152414,18
6,12,0.994920061754837,0.931233685817426,18
1,13,0.999572009589958,0.960832620346112,18
2,13,0.999335583541117,0.966483916453394,18
4,13,0.998574935098885,0.885544477243704,18
3,13,0.996995507619624,0.705395802608922,18
5,13,0.99757699364216,0.22193648131799,18
6,13,0.995296409593775,0.421592009582109,18
1,14,0.999775345780684,0.929556269318995,18
2,14,0.999427704532922,0.996455043355472,18
4,14,0.998725695946827,0.935961819595302,18
3,14,0.997090936605432,0.923865867476221,18
5,14,0.997421861375301,0.748009135473471,18
6,14,0.995649020061843,0.268710713594844,18
1,15,0.999684183420471,0.931070259776192,18
2,15,0.999393821672707,0.972342374908944,18
4,15,0.998867735973381,0.525241467755949,18
3,15,0.997299123238668,0.867215351744331,18
5,15,0.997536547877222,0.681773924159633,18
6,15,0.996510938842857,0.327846229670138,18
1,1,0.999638412435508,0.989652429502443,19
2,1,0.999426308194174,0.991392782536239,19
3,1,0.998789159223535,0.757554817176693,19
4,1,0.996769306934853,0.626272620694607,19
6,1,0.997820879030539,-0.10228131397475,19
5,1,0.996038926334451,0.418586449959214,19
1,2,0.999639486104388,0.983807677710582,19
2,2,0.999518945408131,0.864134779233756,19
3,2,0.998787683445737,0.761574550219665,19
4,2,0.998699261938801,0.605945248461678,19
6,2,0.997865619092463,-0.000387070127633751,19
5,2,0.997284410135987,-0.271584518362801,19
1,3,0.999657040186679,0.944078759462609,19
2,3,0.999508400011969,0.909580005192681,19
3,3,0.998780861233452,0.712398567343305,19
4,3,0.997083391715286,0.835727853791667,19
6,3,0.997800068880195,0.496884188320062,19
5,3,0.995490259201127,0.784849299668771,19
1,4,0.999622672495671,0.981504701468477,19
2,4,0.999377889061681,0.99215375623144,19
3,4,0.998757495946377,0.984762572333422,19
4,4,0.997073625689905,0.565446192637909,19
6,4,0.998554715829441,0.394741282551946,19
5,4,0.995235524368326,0.579314842537163,19
1,5,0.999689694528705,0.955630314325313,19
2,5,0.999536796071036,0.979409444728964,19
3,5,0.998832417851574,0.987471320405335,19
4,5,0.996765432088539,0.930733699906895,19
6,5,0.998054658529977,0.912193596126516,19
5,5,0.995786304598575,0.753004018966722,19
1,6,0.999621217723265,0.979031731109933,19
2,6,0.999492000897698,0.725370280719485,19
3,6,0.999031480531563,0.76043930027136,19
4,6,0.996957464242978,0.231222891449565,19
6,6,0.997697207988186,-0.0420454584421199,19
5,6,0.995526904688495,0.39577795936501,19
1,7,0.999634102971769,0.998980738057429,19
2,7,0.9994845136697,0.908280880921068,19
3,7,0.999058150306935,0.784102300515098,19
4,7,0.996909663757605,0.787326348398752,19
6,7,0.997792861844769,-0.107286356354035,19
5,7,0.99557825422488,0.690449863500166,19
1,8,0.99964910898595,0.940947667802197,19
2,8,0.999411730821685,0.99469315245456,19
3,8,0.998796031879448,0.0611260963941662,19
4,8,0.996886954679573,0.965734027453017,19
6,8,0.997619714560404,0.603402868651538,19
5,8,0.995762240023074,0.345892248373688,19
1,9,0.999768385382542,0.955584554018263,19
2,9,0.999480639140319,0.718012632076441,19
3,9,0.998664665202768,0.950286709210614,19
4,9,0.997130275356518,0.772451100040248,19
6,9,0.997837173020325,0.706631342936212,19
5,9,0.995616483931101,0.665393245203496,19
1,10,0.999664430561908,0.981836361222152,19
2,10,0.999471316510112,0.950246702454905,19
3,10,0.998748172827398,0.978378354210368,19
4,10,0.996890257923781,0.730891031991546,19
6,10,0.998257945003841,0.423402001328356,19
5,10,0.995550173482196,0.909924679503653,19
1,11,0.999637821105122,0.993092590424817,19
2,11,0.999476235555647,0.912798485147767,19
3,11,0.998814621838613,0.516869518188259,19
4,11,0.997021409633812,0.687415390378379,19
6,11,0.997759123750265,0.530480417787003,19
5,11,0.995711002391756,-0.635466238190544,19
1,12,0.999696066773762,0.988900069037762,19
2,12,0.999690644543542,0.89337809674292,19
3,12,0.998900494424696,0.946565433171723,19
4,12,0.996852200152247,0.954665424572634,19
6,12,0.997678262957123,0.934843275547275,19
5,12,0.995886125162496,0.762404905934442,19
1,13,0.999640196637501,0.958467475450131,19
2,13,0.999513426446191,0.829397671229538,19
3,13,0.998774338942883,0.686510491423727,19
4,13,0.996945778895041,0.790220371422624,19
6,13,0.997426991354408,0.868665631000971,19
5,13,0.995676335897654,0.345086970887436,19
1,14,0.999703285027684,0.872312270595933,19
2,14,0.999489447531414,0.938030658134013,19
3,14,0.998805258398775,0.42726473414907,19
4,14,0.996822220396711,0.955109908013185,19
6,14,0.997284167684083,0.71517547257806,19
5,14,0.995805488139822,0.899184965541705,19
1,15,0.999657854668685,0.924626503571312,19
2,15,0.999482062623015,0.953754286854156,19
3,15,0.998793753774072,0.76645984124779,19
4,15,0.998201054514105,0.415266263043363,19
6,15,0.997787574289208,0.593824468323991,19
5,15,0.995799099204635,0.348410606123495,19
1,1,0.999999974715549,0.945381918352913,20
2,1,0.999999966294646,0.715396361643126,20
4,1,0.999999925500697,0.756476595524491,20
3,1,0.999999833026695,0.885859911192501,20
5,1,0.999999899039698,0.152882731494552,20
6,1,0.999999845592452,0.512845013130054,20
1,2,0.999999976592425,0.974336857790649,20
2,2,0.999999967955147,0.900279825331881,20
4,2,0.999999919581703,0.836204029643109,20
3,2,0.999999782556616,0.918166701813655,20
5,2,0.999999812348774,0.704230069181302,20
6,2,0.99999967348171,0.784659388253677,20
1,3,0.999999974301844,0.968376154898128,20
2,3,0.999999965838806,0.958869446983736,20
4,3,0.999999923265512,0.793577065047792,20
3,3,0.9999998208039,0.827744553156358,20
5,3,0.99999984739739,0.660231010069341,20
6,3,0.999999675873054,0.654620549164665,20
1,4,0.999999973879168,0.92290999351082,20
2,4,0.999999955693099,0.981494476700464,20
4,4,0.999999928230579,0.139210254013556,20
3,4,0.999999826148762,-0.205058610080247,20
5,4,0.99999982254282,0.396993541153295,20
6,4,0.999999660754397,0.599590173914182,20
1,5,0.999999985385654,0.904231263208776,20
2,5,0.999999958149705,0.993470006333259,20
4,5,0.999999928697427,0.908300017472903,20
3,5,0.999999812082835,0.937100758536354,20
5,5,0.999999874839774,0.241364258539775,20
6,5,0.999999690945992,0.848991850443546,20
1,6,0.999999982098652,0.897194942577975,20
2,6,0.999999970051627,0.845301958359353,20
4,6,0.999999936909517,0.930243902671287,20
3,6,0.999999805057848,0.882685639644972,20
5,6,0.999999866761649,0.85259305805618,20
6,6,0.999999673729466,0.647832285717481,20
1,7,0.999999978103396,0.914358255138016,20
2,7,0.999999962746337,0.917679031951974,20
4,7,0.999999927232642,0.689693791266139,20
3,7,0.999999820483404,0.885033383072545,20
5,7,0.999999864896877,0.659954443897162,20
6,7,0.999999652059299,0.814380076980754,20
1,8,0.99999997984963,0.970713953025266,20
2,8,0.999999965968741,0.908337401523571,20
4,8,0.999999919530205,0.896813928086253,20
3,8,0.999999790507081,0.952890955463086,20
5,8,0.999999851586026,0.586103948854231,20
6,8,0.999999682809274,-0.277320573831154,20
1,9,0.999999971725643,0.989525991564866,20
2,9,0.999999958963858,0.985715713588537,20
4,9,0.999999918503444,0.981046655281697,20
3,9,0.999999791014215,0.891434341504772,20
5,9,0.999999854967941,0.958793938256808,20
6,9,0.99999963931042,0.307219266139614,20
1,10,0.999999971858082,0.998076878480304,20
2,10,0.99999995845984,0.988357170908501,20
4,10,0.99999992252956,0.0947907067164367,20
3,10,0.999999839828894,0.709428530517313,20
5,10,0.999999854831482,0.66771881058576,20
6,10,0.999999655385138,0.751569699634263,20
1,11,0.999999975568502,0.952518807537828,20
2,11,0.999999966050344,0.812526071146256,20
4,11,0.999999937192469,0.788949585367798,20
3,11,0.999999863319087,0.618651911703408,20
5,11,0.999999873560616,0.4808579803644,20
6,11,0.99999963381446,0.123877034179259,20
1,12,0.999999971472906,0.98413172414377,20
2,12,0.999999964040002,0.951736155888746,20
4,12,0.999999917067781,0.901226275161006,20
3,12,0.999999870860469,0.257878407635433,20
5,12,0.9999998551939,0.694022659916543,20
6,12,0.999999711537247,0.21505256004291,20
1,13,0.999999971618293,0.985055550025883,20
2,13,0.999999968028418,0.120112579106372,20
4,13,0.999999933508259,0.384078903797356,20
3,13,0.999999912012497,0.537046811850081,20
5,13,0.999999862528541,0.679797399752622,20
6,13,0.999999887368035,-0.52386975021772,20
1,14,0.99999997321377,0.994968797171242,20
2,14,0.999999971141563,0.955753477443094,20
4,14,0.99999992417051,0.926997096420845,20
3,14,0.999999794014532,0.863660075321665,20
5,14,0.999999857067679,0.636212185378566,20
6,14,0.999999678024782,0.762002040103996,20
1,15,0.99999997267502,0.894076402151354,20
2,15,0.999999964659122,0.973473379682346,20
4,15,0.999999924043735,0.615455163255204,20
3,15,0.999999798883873,0.959354224297571,20
5,15,0.999999859786216,0.101842225244133,20
6,15,0.99999965368712,0.730778813787683,20
1,1,0.999502753712725,0.975250230086115,21
2,1,0.999579942660475,0.816889436630952,21
3,1,0.998848177774014,0.312077261181372,21
4,1,0.996654160701549,0.922467593557766,21
6,1,0.99745365840293,0.675292879397932,21
5,1,0.995915959898287,0.758774070489906,21
1,2,0.9995643608578,0.986548079471466,21
2,2,0.999398829416937,0.896104726579594,21
3,2,0.998750280093024,0.926111794969683,21
4,2,0.995978022513206,0.850881890802975,21
6,2,0.997443949964849,0.690350871506003,21
5,2,0.995960651523171,0.594703558338737,21
1,3,0.999571372454308,0.977373652861057,21
2,3,0.999418838194153,0.985650673012392,21
3,3,0.998818890573371,0.933605957004058,21
4,3,0.996346908184785,0.882708277631843,21
6,3,0.997663153791703,0.6729658330111,21
5,3,0.9961052538494,0.761142864743793,21
1,4,0.999630421622523,0.91579037076306,21
2,4,0.999468943261197,0.950080081975201,21
3,4,0.998793520211307,0.9006408773023,21
4,4,0.9968650933339,0.715846095605725,21
6,4,0.997060147506454,0.583367271853804,21
5,4,0.995936901613666,0.876369853593219,21
1,5,0.999539885863598,0.993439609210404,21
2,5,0.999427998929636,0.950021773977364,21
3,5,0.99890525199445,0.525246370067646,21
4,5,0.997056713337451,0.655569073134616,21
6,5,0.997601370258394,0.373301415231954,21
5,5,0.996902034567735,0.507870802137274,21
1,6,0.999646756933421,0.825068989754119,21
2,6,0.999458640629828,0.910719516498433,21
3,6,0.998843530991206,0.669872935773135,21
4,6,0.997192374653975,0.762815897745545,21
6,6,0.996542938895282,0.829337588129174,21
5,6,0.995868301478329,0.867417942066278,21
1,7,0.999617417274067,0.974791597648315,21
2,7,0.999447987075788,0.978923353041636,21
3,7,0.998726230456873,0.974559829848485,21
4,7,0.997110193950372,0.23685728579227,21
6,7,0.997808947192882,0.345318524359604,21
5,7,0.995513468380762,0.733695352465993,21
1,8,0.999604288941194,0.970057641980653,21
2,8,0.999488075540022,0.958737203107615,21
3,8,0.998892483250672,0.456131439148404,21
4,8,0.998482379270509,0.671050087246088,21
6,8,0.997358793082077,0.802991205631214,21
5,8,0.997236230946092,0.298862824829868,21
1,9,0.999595561303127,0.888684409319468,21
2,9,0.999408985809369,0.84204569521141,21
3,9,0.998764551729135,0.961618230761288,21
4,9,0.996473464328728,0.809935821495255,21
6,9,0.997452092155929,0.196889320297916,21
5,9,0.99563893121258,0.339478922134476,21
1,10,0.999539174170879,0.988320851509692,21
2,10,0.999355005960078,0.97418214918601,21
3,10,0.998783746862659,0.836385678553732,21
4,10,0.996675372389577,0.427971968345195,21
6,10,0.996935877264126,0.726099200646707,21
5,10,0.995716677731517,0.340750783233608,21
1,11,0.999543772398685,0.992050096792654,21
2,11,0.999450571978408,0.935130733681065,21
3,11,0.998715896353641,0.982315143417357,21
4,11,0.996757618882158,0.943545838139171,21
6,11,0.997738044264398,0.530162029987787,21
5,11,0.995834857473362,0.643628783908005,21
1,12,0.999593558660059,0.989092765997011,21
2,12,0.999440524840091,0.957228520966988,21
3,12,0.998997339691694,0.598993766212011,21
4,12,0.996941913986904,0.808468813550561,21
6,12,0.997504728865761,0.510191279285192,21
5,12,0.995323498177155,0.674123319780114,21
1,13,0.999575125962569,0.854720099659324,21
2,13,0.999470331723904,0.86569661825877,21
3,13,0.99901733342906,0.73981263250925,21
4,13,0.996793594428848,0.883584300884957,21
6,13,0.997291592488679,0.394065544546333,21
5,13,0.99588872437091,0.773179063254051,21
1,14,0.999526500749823,0.977536693188947,21
2,14,0.999394774307736,0.97668303119808,21
3,14,0.998664704155314,0.883166420331007,21
4,14,0.996964132672725,0.735328604707326,21
6,14,0.997336281141335,0.718617516244687,21
5,14,0.995582019498167,0.412865011290113,21
1,15,0.99976358562571,0.960568853591967,21
2,15,0.999476074403237,0.956634651906079,21
3,15,0.998811840886709,0.961390184139243,21
4,15,0.996989793743983,0.917367980931308,21
6,15,0.997490971741571,0.126560255278519,21
5,15,0.995727553225202,0.361820008487163,21
1,1,0.999624739308922,0.968643134430113,22
2,1,0.999429892637064,0.973166611775806,22
4,1,0.998924751283371,0.121319480798529,22
3,1,0.996643812254238,0.846066744625156,22
5,1,0.996960677338701,0.647121849023217,22
6,1,0.995953650880249,0.764604945416611,22
1,2,0.999578738647692,0.990596837488988,22
2,2,0.999421176844975,0.948264638461204,22
4,2,0.99868836296423,0.96602169648508,22
3,2,0.996562443887461,0.138780460138196,22
5,2,0.997591268669665,0.669445751455616,22
6,2,0.9957649091874,-0.123215509068747,22
1,3,0.99960634315922,0.981997264084742,22
2,3,0.999478618736649,0.825297005983368,22
4,3,0.998762781247377,0.792326701026623,22
3,3,0.997451637313878,0.566263454951059,22
5,3,0.997625523768539,0.908221606193952,22
6,3,0.995620484258788,0.777328362602697,22
1,4,0.999616715406989,0.953600240994667,22
2,4,0.999446748377091,0.895789530474057,22
4,4,0.998608896377012,0.88964477595729,22
3,4,0.996628903767379,0.695326714082085,22
5,4,0.9976360898875,0.922011792119287,22
6,4,0.995855276507426,0.447245703055584,22
1,5,0.999649823137617,0.930197705620356,22
2,5,0.99946399523321,0.914946590798117,22
4,5,0.998817132336821,0.619322950691244,22
3,5,0.996982189775895,0.879791500357756,22
5,5,0.99787683530961,-0.0259648673954642,22
6,5,0.995490135810785,0.779175588833956,22
1,6,0.999607274131429,0.99058947959614,22
2,6,0.999382912083024,0.993961463881006,22
4,6,0.998640540315891,0.963060543965448,22
3,6,0.996611449460062,0.31613547499424,22
5,6,0.997547684320546,0.769117279459238,22
6,6,0.995794803905159,-0.252180493950635,22
1,7,0.999588079027409,0.991470393850575,22
2,7,0.999469482765082,0.88219253408538,22
4,7,0.998683605063446,0.714216318312734,22
3,7,0.996545002986348,0.865360869214547,22
5,7,0.996750782136832,0.438002879011676,22
6,7,0.996038733849456,0.692972787265395,22
1,8,0.999622655186949,0.994472903209447,22
2,8,0.99947194879734,0.97289591482023,22
4,8,0.998771738954355,0.597214272607975,22
3,8,0.996403350807933,0.932671858407859,22
5,8,0.997654240747732,0.459607187896812,22
6,8,0.995922882732323,0.667053385395042,22
1,9,0.99973001646167,0.9258758872983,22
2,9,0.999474991261512,0.930641630641731,22
4,9,0.99861209722632,0.978425580658563,22
3,9,0.996421984591448,0.955858113360011,22
5,9,0.997812091168928,0.945007319915624,22
6,9,0.996305728838311,0.8342094477921,22
1,10,0.999634844382894,0.79956628616779,22
2,10,0.999316136141695,0.984824628670897,22
4,10,0.998725568093994,0.273977734335824,22
3,10,0.998267998311472,0.558975590833582,22
5,10,0.997622386846623,0.165047511929474,22
6,10,0.997182876783313,-0.229614902997893,22
1,11,0.999599907324611,0.881264680028449,22
2,11,0.99942851033715,0.967368015506843,22
4,11,0.998690009529157,0.659391991157349,22
3,11,0.996351817361933,0.97533601482798,22
5,11,0.997465926571584,0.457002836273633,22
6,11,0.995720915056902,0.919180335488795,22
1,12,0.999605601884042,0.985608980415989,22
2,12,0.999566510850242,0.787945188817653,22
4,12,0.998760797727433,0.957053422681639,22
3,12,0.996508109669102,0.859052636245714,22
5,12,0.997623990928007,0.703290472534938,22
6,12,0.99581076012637,0.452088326300296,22
1,13,0.999602409728829,0.9641265569866,22
2,13,0.999443265075314,0.970048450815179,22
4,13,0.998724794124562,-0.164517657684345,22
3,13,0.99654108058222,0.86162931593664,22
5,13,0.997692920217765,0.618978930422584,22
6,13,0.995894318423373,0.0540240187890374,22
1,14,0.999628899857211,0.982397559597546,22
2,14,0.999557277813781,0.767912761809702,22
4,14,0.998770269723172,0.888077656322508,22
3,14,0.996992298186986,-0.136649364192191,22
5,14,0.997998684165614,0.449541620767574,22
6,14,0.99591583036509,0.267157006935918,22
1,15,0.999594335033222,0.9719333270932,22
2,15,0.999435604428751,0.980900554387931,22
4,15,0.998786942782878,0.31005017700189,22
3,15,0.996955335132015,0.904335218811895,22
5,15,0.997886062689419,0.726892863422631,22
6,15,0.99631495997756,0.589307247062296,22
1,1,0.997262984059938,0.819737748651919,23
2,1,0.994070874740464,0.996347417794777,23
3,1,0.985693818842329,0.916091012798216,23
4,1,0.973575379497024,0.785023142586555,23
6,1,0.976210083223625,0.512762580553868,23
5,1,0.961109101623213,0.254373382261227,23
1,2,0.996509787221602,0.983915348539615,23
2,2,0.994875863713346,0.969047186957383,23
3,2,0.989755091764631,0.541908976588478,23
4,2,0.974281183675263,0.757506235995327,23
6,2,0.966703450063075,0.688211936564068,23
5,2,0.965363048474949,0.891514021875211,23
1,3,0.996575243587925,0.966142037585439,23
2,3,0.994834974734716,0.983700317580464,23
3,3,0.986794960492854,0.926057135960255,23
4,3,0.973985552810498,0.968947656835394,23
6,3,0.978881286993293,0.760018487305969,23
5,3,0.961994100438322,0.859399303645762,23
1,4,0.996595635653134,0.904660687491889,23
2,4,0.995143018447382,0.876856491435019,23
3,4,0.98780878861158,0.593254506549731,23
4,4,0.970461028246798,0.798951703155898,23
6,4,0.978055883479712,0.92840330812399,23
5,4,0.961192988033282,0.488992116638833,23
1,5,0.996285611261932,0.967253533507865,23
2,5,0.995684535965255,0.689367938355015,23
3,5,0.986843324320493,0.966300228978407,23
4,5,0.97212214719144,0.865715604451845,23
6,5,0.980704739368053,0.903616536619048,23
5,5,0.967841603424643,0.410901310279451,23
1,6,0.996033834226026,0.984879091552246,23
2,6,0.994261139192149,0.990061126362598,23
3,6,0.986623987842077,0.925201513232262,23
4,6,0.97412766763729,0.861599858417552,23
6,6,0.977216775312337,-0.0294230055717719,23
5,6,0.959804550367879,0.91427251441301,23
1,7,0.99628258450134,0.988946097399032,23
2,7,0.994951231319172,0.942852546318771,23
3,7,0.986343375610727,0.965051829445462,23
4,7,0.972481837779888,0.81274363483803,23
6,7,0.977654074350427,0.296047078391251,23
5,7,0.960949323078408,0.457885206441893,23
1,8,0.996294164188221,0.988047209529288,23
2,8,0.995055948382809,0.839524329879215,23
3,8,0.988609484071755,0.786921280925871,23
4,8,0.972741336690164,0.42793571903124,23
6,8,0.978059400525169,0.811690811370792,23
5,8,0.961172367545888,0.327774327177129,23
1,9,0.995618865890523,0.991370890667694,23
2,9,0.99432590007242,0.975796859688311,23
3,9,0.98338103823402,0.933053852467862,23
4,9,0.976716541919402,0.594919400020691,23
6,9,0.97780516362143,0.879894329166772,23
5,9,0.961018369060511,0.660297116677689,23
1,10,0.996216233740874,0.985651902693498,23
2,10,0.994780854353612,0.979837648467189,23
3,10,0.987118776061183,0.73870171311035,23
4,10,0.972914969193137,0.297272573332857,23
6,10,0.978942350925697,-0.109759699455341,23
5,10,0.962053445574748,-0.0906571546164941,23
1,11,0.996220348215928,0.983326128533693,23
2,11,0.995592980307452,0.842363614126711,23
3,11,0.987641136817964,0.413380324231149,23
4,11,0.974179793651925,0.588158465043841,23
6,11,0.978211580848669,0.431704392785349,23
5,11,0.959991414531376,0.47285399316602,23
1,12,0.996431620661874,0.903957390947493,23
2,12,0.995142658252448,0.812662290662816,23
3,12,0.987513525142732,0.724508196330898,23
4,12,0.971861970989103,0.96771371202653,23
6,12,0.978943320524363,0.332562322073422,23
5,12,0.960925590879726,0.740446410854658,23
1,13,0.996010060488588,0.996556204836422,23
2,13,0.995595320533978,0.534249418475542,23
3,13,0.987395010552856,0.799787831976003,23
4,13,0.972037344260794,0.839528073160648,23
6,13,0.981384709569537,-0.101450395917526,23
5,13,0.961004861584065,0.748433277173063,23
1,14,0.997389849441537,0.954847002952701,23
2,14,0.995295615756223,0.550958613329846,23
3,14,0.987581390334433,0.521716961840555,23
4,14,0.98566509772416,0.694797843553619,23
6,14,0.978557832983895,0.210885429638585,23
5,14,0.971392980496436,0.373166946987304,23
1,15,0.996144234036452,0.977976588274353,23
2,15,0.99451715854319,0.926237584819213,23
3,15,0.986712660033354,0.955387174900836,23
4,15,0.972009981520304,0.820747058810448,23
6,15,0.976887577022838,0.898422181927839,23
5,15,0.960621461673151,0.611569581909656,23
1,1,0.999553254315395,0.946242430801421,24
2,1,0.999319096016453,0.992534293088035,24
3,1,0.99855862380476,0.659634840873975,24
4,1,0.997167014890029,0.280625348260335,24
6,1,0.997054053404503,0.481238808004495,24
5,1,0.996092558990424,0.681656324125211,24
1,2,0.99955428879093,0.988428419059345,24
2,2,0.999414642055873,0.967822792867382,24
3,2,0.99867500021015,0.816551352381178,24
4,2,0.997662692282836,0.667242196668706,24
6,2,0.997313397137571,0.452316889918697,24
5,2,0.99580512085317,0.8843203474197,24
1,3,0.999540802637832,0.991720747877978,24
2,3,0.999358326781862,0.98743147348453,24
3,3,0.998627554194831,0.668261196357017,24
4,3,0.997197854393036,0.870657503951543,24
6,3,0.997186413015713,0.614200023779774,24
5,3,0.995719116358708,0.853948745890382,24
1,4,0.999556798124637,0.993565133777399,24
2,4,0.999413539314868,0.603454270549841,24
3,4,0.998501469916961,0.669729022148712,24
4,4,0.998556600177336,0.546945163295121,24
6,4,0.997290943142525,0.567468891521429,24
5,4,0.997404140349807,0.731017758016355,24
1,5,0.999457894360396,0.973349284902358,24
2,5,0.999545259835439,0.422565585471587,24
3,5,0.998158032920293,0.795959665668576,24
4,5,0.99693630641545,0.257892338518992,24
6,5,0.997320202768139,0.0915887224180756,24
5,5,0.996056681467374,0.370979543106303,24
1,6,0.999591830436061,0.959625117744623,24
2,6,0.999410410701436,0.942528866234915,24
3,6,0.998455503026564,0.891643483996695,24
4,6,0.996869883038926,0.9380028761215,24
6,6,0.997160086977587,0.910335283575999,24
5,6,0.996038365462623,0.40153939585828,24
1,7,0.999597000273147,0.880948997307358,24
2,7,0.999407743092184,0.980164020198025,24
3,7,0.998487927100166,0.93826932342656,24
4,7,0.997170311852775,0.890768319815612,24
6,7,0.99729822848352,-0.0644318085793034,24
5,7,0.995650150989116,0.672607609144353,24
1,8,0.999549287033878,0.989261026225798,24
2,8,0.999393283534261,0.962953425680553,24
3,8,0.99847305040877,0.944406797952197,24
4,8,0.996987482300836,0.486581406130477,24
6,8,0.997267566230955,0.734420588695461,24
5,8,0.996061408101876,0.339369693745054,24
1,9,0.999628225625836,0.964154533588715,24
2,9,0.999466056580953,0.963353113807762,24
3,9,0.99856127701661,0.969424333774199,24
4,9,0.996926641391223,0.911386448578809,24
6,9,0.997112377356916,0.902918530970477,24
5,9,0.996200966782334,0.55348640759423,24
1,10,0.999642589320606,0.882597974452566,24
2,10,0.999421739133257,0.968819038831901,24
3,10,0.998379364103678,0.839614656949829,24
4,10,0.997120359670532,0.843198823246868,24
6,10,0.997382090982526,0.430386558625682,24
5,10,0.996050114227568,-0.0443920413661809,24
1,11,0.999537900232572,0.995230439226229,24
2,11,0.999352610699062,0.993075593616268,24
3,11,0.998582684619863,0.650241642681119,24
4,11,0.996914934667137,0.916307742978614,24
6,11,0.997800699585239,0.0602980749843949,24
5,11,0.995912515017993,0.679774145626468,24
1,12,0.999544256049592,0.996171856340605,24
2,12,0.999459082942256,0.889411005504337,24
3,12,0.998653118801499,0.880086330138739,24
4,12,0.997005256552115,0.875411799267851,24
6,12,0.997279312077466,-0.0741094550512096,24
5,12,0.995862107250889,0.7952934804523,24
1,13,0.999648396000651,0.970191860910073,24
2,13,0.999458231805052,0.952747476469468,24
3,13,0.998987446393301,0.865765116319944,24
4,13,0.996973008339492,0.939337813499455,24
6,13,0.997249625079106,0.843419695892052,24
5,13,0.996203573705682,0.46782559730945,24
1,14,0.99977070332953,0.963738839298313,24
2,14,0.999542990812961,0.875984175187953,24
3,14,0.998776716803992,0.777710849434249,24
4,14,0.997319367088247,0.892289774411947,24
6,14,0.997473822298708,0.126685734810678,24
5,14,0.995986281355293,0.844418283421814,24
1,15,0.999550350620703,0.991582726597948,24
2,15,0.999458122624479,0.964143799171757,24
3,15,0.998657311611267,0.645741109761638,24
4,15,0.997136580085186,0.5308157828283,24
6,15,0.996343538650153,0.883147618057428,24
5,15,0.996363909702674,0.896711711015078,24
1,1,0.999903420169731,0.953254231072571,25
2,1,0.999893202311585,0.601666193613137,25
3,1,0.9997430500524,0.275991883582097,25
4,1,0.999621717705425,0.87611819115699,25
5,1,0.999392295867515,0.538094527632834,25
6,1,0.999457766599133,-0.779257425774078,25
1,2,0.999899700114146,0.989768804286338,25
2,2,0.999864876363561,0.971312742095275,25
3,2,0.999681845002461,0.944589857007481,25
4,2,0.999237587869837,0.85595429668258,25
5,2,0.999410781815721,0.795831360486301,25
6,2,0.99913023049474,0.307258599503012,25
1,3,0.999901579878991,0.908391654782073,25
2,3,0.999851983511819,0.961517402179751,25
3,3,0.999726871514511,0.94894650179551,25
4,3,0.999502687670615,0.677300294662664,25
5,3,0.999260674007678,0.840843102723448,25
6,3,0.999191160190995,0.565187884427073,25
1,4,0.99988851719009,0.991490342033916,25
2,4,0.999847730725095,0.968571308409706,25
3,4,0.999700888373333,0.893256039026042,25
4,4,0.999414175594051,0.783780567172216,25
5,4,0.999391930497037,0.657895240647679,25
6,4,0.999137298639656,0.70359562710234,25
1,5,0.999909854797192,0.966347469970732,25
2,5,0.999859498300709,0.97093111421477,25
3,5,0.999731900965584,0.844477220345279,25
4,5,0.999248454795439,0.723205851931709,25
5,5,0.999183403806192,0.636092109881363,25
6,5,0.999135614891313,0.708912686056823,25
1,6,0.999897524478017,0.911691273331959,25
2,6,0.999868922828089,0.766225353103697,25
3,6,0.999746268843034,0.465693907201723,25
4,6,0.999607093329652,0.228206633310448,25
5,6,0.999324372904731,0.55228908962228,25
6,6,0.999211149540161,0.509546244457633,25
1,7,0.999915528244897,0.988840274824005,25
2,7,0.999873186378681,0.946181050473242,25
3,7,0.999763828183558,0.799085835012529,25
4,7,0.999226753600143,0.867497380067156,25
5,7,0.999391368032539,0.666398896728103,25
6,7,0.999096436568794,0.827780188194753,25
1,8,0.99989328857075,0.992508283749583,25
2,8,0.99986597929746,0.978890804646943,25
3,8,0.999725461940337,0.857446717939622,25
4,8,0.999251007077273,0.511024362073253,25
5,8,0.999386694553897,0.242300897568894,25
6,8,0.999142189969837,0.129594782721308,25
1,9,0.999949700983729,0.922906933913532,25
2,9,0.999855854624135,0.9796620736238,25
3,9,0.999718610424219,0.913170700060522,25
4,9,0.999346378999067,0.775673434191644,25
5,9,0.999397280178219,0.861175577742243,25
6,9,0.99910507706544,0.917615940311486,25
1,10,0.999935157786559,0.959159989263123,25
2,10,0.999884436338401,0.948481148033837,25
3,10,0.999751324149988,0.977088516893052,25
4,10,0.999259970702557,0.905316279298409,25
5,10,0.999379657923805,0.594269899461282,25
6,10,0.999134712819154,0.828222588436398,25
1,11,0.999898290975645,0.870255291708569,25
2,11,0.999863439460305,0.98979294259209,25
3,11,0.999724872590675,0.737040497144553,25
4,11,0.999112259928336,0.92718155089577,25
5,11,0.999407461353372,0.403755850870232,25
6,11,0.999135367158895,0.766599164627229,25
1,12,0.999896390679998,0.994242968299555,25
2,12,0.999892248387842,0.921129707704136,25
3,12,0.999713642391532,0.978161872827146,25
4,12,0.999351471142848,0.823838973207075,25
5,12,0.99942766751203,0.539787089960567,25
6,12,0.999356184768955,-0.720881272428627,25
1,13,0.999899283072012,0.92036173117737,25
2,13,0.999866295867936,0.957705769142133,25
3,13,0.999715257940326,0.953333849639188,25
4,13,0.999209155120251,0.796831385390547,25
5,13,0.999414060666093,0.387028495579676,25
6,13,0.99906876125757,0.689828983301672,25
1,14,0.999904052477758,0.978724693194146,25
2,14,0.999868297259569,0.959268225307542,25
3,14,0.999708302929981,0.866786453265775,25
4,14,0.999248677289377,0.624324645228537,25
5,14,0.999225350717128,0.807293431491452,25
6,14,0.99905470247203,0.74236001554926,25
1,15,0.999897337439368,0.979693438417657,25
2,15,0.999877200764004,0.824120232189397,25
3,15,0.99972774030724,-0.0547654599199265,25
4,15,0.999338127422452,0.431701509147934,25
5,15,0.999320571384682,0.808223765088611,25
6,15,0.99911035762347,0.6657838280948,25
1,1,0.999620467002189,0.923489235813121,26
2,1,0.999475948544948,0.954269892941437,26
4,1,0.998536752677274,0.86174011254666,26
3,1,0.996712066407988,0.863128457428062,26
6,1,0.996817207780606,0.55481293826001,26
5,1,0.994587110371524,0.47549167596777,26
1,2,0.999562140296878,0.971274920806179,26
2,2,0.999434111219236,0.982755089776508,26
4,2,0.998798572985843,0.504890996979191,26
3,2,0.996822939635692,0.897292898643464,26
6,2,0.997422708824286,0.631958536390907,26
5,2,0.994898355891092,0.706376078493881,26
1,3,0.999774115901974,0.956756025887777,26
2,3,0.999455713064094,0.970819712342435,26
4,3,0.998663822325545,0.95552227439303,26
3,3,0.997189970312973,0.702047898178536,26
6,3,0.99749421633641,0.66729578140568,26
5,3,0.994739626092483,0.537006791561605,26
1,4,0.999614611830269,0.985053266236037,26
2,4,0.999478584640575,0.904711771179408,26
4,4,0.998763892009426,0.704659404401211,26
3,4,0.996728182855589,0.841459653690419,26
6,4,0.997503933824747,-0.202368127424625,26
5,4,0.994927598821478,0.411383322300391,26
1,5,0.999545992602387,0.983992089191526,26
2,5,0.999588653667509,0.183368723325262,26
4,5,0.998728542073387,0.569784431805721,26
3,5,0.998243055222601,0.802891089520722,26
6,5,0.997962973087512,0.552907955843451,26
5,5,0.997195808414346,0.281817592847357,26
1,6,0.999542633522561,0.986064675159977,26
2,6,0.999532979293309,0.95695751127747,26
4,6,0.998539566859922,0.948319442663708,26
3,6,0.99664028281852,0.827032955422193,26
6,6,0.997331386996033,-0.384023639925396,26
5,6,0.994648661132286,0.420760349906464,26
1,7,0.999556371268499,0.985742130936395,26
2,7,0.99940610881654,0.978962382700384,26
4,7,0.99857002183331,0.633400908954972,26
3,7,0.997065624893621,0.584302476741385,26
6,7,0.997273373862706,0.268699961947739,26
5,7,0.99427366139535,0.692293090183138,26
1,8,0.999588241969457,0.892502779929001,26
2,8,0.999481737346199,0.728930763789712,26
4,8,0.998597484443685,0.980513571027216,26
3,8,0.99661528696175,0.998323952520753,26
6,8,0.997352806876145,0.372060266849112,26
5,8,0.994939035775151,0.65497000162474,26
1,9,0.999534921445559,0.998435249161932,26
2,9,0.999484055703573,0.780333956408329,26
4,9,0.998571685832505,0.133922079198442,26
3,9,0.997717570868288,0.762526909876275,26
6,9,0.997326103743831,0.688932793497783,26
5,9,0.994809168575507,0.869607990134166,26
1,10,0.999653051986458,0.973572393795581,26
2,10,0.999454178316636,0.920397881160135,26
4,10,0.998500833754794,0.77110522548957,26
3,10,0.996718252161501,0.863449350520165,26
6,10,0.99651335478316,0.67600179164407,26
5,10,0.995195961713428,0.720216173380378,26
1,11,0.99952992614895,0.993860846181651,26
2,11,0.999457243335066,0.987650533783843,26
4,11,0.998553876495296,0.763975419665491,26
3,11,0.996561734205137,0.26203047151812,26
6,11,0.997328038152348,0.0346203044972113,26
5,11,0.99466738787278,0.593622449063891,26
1,12,0.999590784170314,0.985879088494586,26
2,12,0.99942688810219,0.989815786795241,26
4,12,0.998801891099249,0.185902765849353,26
3,12,0.997080933966448,0.810994665279831,26
6,12,0.997418346320368,0.28514104526462,26
5,12,0.994894732296156,0.64835806571724,26
1,13,0.999540697714727,0.989262776920722,26
2,13,0.999411035328247,0.952755947278835,26
4,13,0.998607848795263,0.755955170239324,26
3,13,0.996500669037884,0.765830624664801,26
6,13,0.997319322642553,0.207890078297834,26
5,13,0.994847393496511,0.54016873363354,26
1,14,0.999574186276482,0.943410995631799,26
2,14,0.999452868933959,0.972305854938324,26
4,14,0.998558288066293,0.865001467881724,26
3,14,0.996985528343587,0.74043541321273,26
6,14,0.997493696260372,0.607200039935254,26
5,14,0.994848247697607,0.398720740002552,26
1,15,0.999556029883375,0.992996124035856,26
2,15,0.999531580719011,0.521767565891243,26
4,15,0.998485066608029,0.983968324380312,26
3,15,0.996746385391754,0.887250602086584,26
6,15,0.998238307209104,0.58804316668407,26
5,15,0.99457510200484,0.299161310705573,26
1,1,0.999996334940547,0.955533322082608,27
2,1,0.999995466934042,0.963298388430169,27
3,1,0.999988568757564,0.744902916511338,27
4,1,0.999974302868789,0.80815802158659,27
6,1,0.999974843112399,0.212829788704856,27
5,1,0.99996257367013,0.70714646125576,27
1,2,0.999996225925076,0.985089898674513,27
2,2,0.999994004700633,0.467928261660415,27
3,2,0.999987232406015,0.679048307794256,27
4,2,0.999977066314045,0.579855368433594,27
6,2,0.999984675131535,0.265066876684386,27
5,2,0.999945778108443,0.627850487722322,27
1,3,0.999998190056133,0.919513481719902,27
2,3,0.999996033649308,0.760737310178613,27
3,3,0.999989105804193,0.973679870869773,27
4,3,0.999973102296154,0.916398796527183,27
6,3,0.999975878832919,0.756942020465529,27
5,3,0.999943634680319,0.705745430921972,27
1,4,0.999996186058845,0.973710941649346,27
2,4,0.999991796124265,0.991668924339048,27
3,4,0.999986867014783,0.810042418121516,27
4,4,0.999970839870565,0.932482265530153,27
6,4,0.999978363392255,0.420951842624398,27
5,4,0.999942718715811,0.810505249725668,27
1,5,0.999996523218013,0.927389180843392,27
2,5,0.999993303103296,0.861664743505955,27
3,5,0.999985984088386,0.97156051465042,27
4,5,0.999970994422166,0.755801721059904,27
6,5,0.999975825966768,0.902780061245208,27
5,5,0.999944432901013,-0.096947378669389,27
1,6,0.999996377778645,0.975463052689926,27
2,6,0.999994620527865,0.793418311744474,27
3,6,0.999987195106499,0.909773565415075,27
4,6,0.999970063956398,0.940247581403455,27
6,6,0.999968686047806,0.818779942095577,27
5,6,0.999952078221951,0.807677629225165,27
1,7,0.999996049326354,0.984535735478999,27
2,7,0.999994018448449,0.680769276698637,27
3,7,0.999988246231056,0.0443084886886538,27
4,7,0.999985354034474,0.698866791199402,27
6,7,0.999976729877422,0.157667575387408,27
5,7,0.999974380419191,0.320456983037964,27
1,8,0.999996129733881,0.993124847348784,27
2,8,0.999993719313969,0.695649917874113,27
3,8,0.999987372813444,0.821163243348084,27
4,8,0.999971518024936,0.699607062206127,27
6,8,0.999971136403056,0.400398407212492,27
5,8,0.999945114866058,0.130700632654767,27
1,9,0.999996835080614,0.972704693482474,27
2,9,0.999993548094701,0.989308448975307,27
3,9,0.999989579150841,0.560988680350697,27
4,9,0.999970275961401,0.859517828062993,27
6,9,0.999969677423509,0.79334083516842,27
5,9,0.99994494526449,0.683458500474209,27
1,10,0.99999617698486,0.996725496288979,27
2,10,0.999993251969113,0.913577419360433,27
3,10,0.999986255036433,0.909538303221604,27
4,10,0.999965811814795,0.898362131485285,27
6,10,0.999982287010163,-0.244377649372366,27
5,10,0.999945909059171,0.853897500270884,27
1,11,0.999996870663051,0.829436011257147,27
2,11,0.999993663852696,0.900454537179756,27
3,11,0.999986443830314,0.973891050722897,27
4,11,0.999972432015442,0.686562821858067,27
6,11,0.999974803760589,0.320378251552294,27
5,11,0.999940984972443,0.384014860721379,27
1,12,0.999996411051441,0.94442993656285,27
2,12,0.999993413580348,0.929820877192526,27
3,12,0.999988187118672,0.408830206077098,27
4,12,0.999969471358611,0.845297960733168,27
6,12,0.99997485920681,0.654977095450809,27
5,12,0.999943843871007,0.741449201409542,27
1,13,0.999996326652458,0.987179457362937,27
2,13,0.999992668510345,0.992890481579253,27
3,13,0.999986727226868,0.966833257056272,27
4,13,0.999970284671186,0.921028281923997,27
6,13,0.999975228524476,-0.186950588611872,27
5,13,0.999942565441344,0.469543679990705,27
1,14,0.999996736000896,0.993774895355009,27
2,14,0.999994688021693,0.979016343173658,27
3,14,0.999988453246378,0.89434475609097,27
4,14,0.99997139690654,0.927177739200979,27
6,14,0.999975903591628,0.902578989273347,27
5,14,0.999939320219262,0.686458512293329,27
1,15,0.999996195838027,0.983430079264469,27
2,15,0.999993500259237,0.890823859689472,27
3,15,0.999987406457355,0.578482410693968,27
4,15,0.99997176420143,-0.313003232138009,27
6,15,0.999976569336009,-0.357475692018424,27
5,15,0.999943900202651,-0.399327024884738,27
1,1,0.999577009224963,0.965134200372772,28
2,1,0.999451576942304,0.898777688637832,28
3,1,0.998573682519228,0.911829871267203,28
4,1,0.996566671988731,0.570680081780466,28
5,1,0.99762552269906,0.314795742883399,28
6,1,0.996138184947378,-0.555049489740537,28
1,2,0.999579849285664,0.949183716534433,28
2,2,0.999419626865856,0.928353057579715,28
3,2,0.998638083581628,0.866303908032627,28
4,2,0.99710710781323,0.89639503686806,28
5,2,0.996612923895492,0.848374281121694,28
6,2,0.996668462130365,0.651260671231378,28
1,3,0.999621196044318,0.894980916590794,28
2,3,0.999509827555925,0.902826336605318,28
3,3,0.998682609950067,0.692051150425383,28
4,3,0.997086317066438,0.406715245808211,28
5,3,0.997748828985119,0.671641064397658,28
6,3,0.996140896680865,0.628928395383782,28
1,4,0.99960062214053,0.985064453389871,28
2,4,0.99945937769576,0.912555883471391,28
3,4,0.998841018421219,0.826626554509652,28
4,4,0.996943719860448,0.238072218171411,28
5,4,0.996972883841483,0.69687384441575,28
6,4,0.995884789652963,0.808016353287832,28
1,5,0.999582720648408,0.975097706137208,28
2,5,0.999450142730198,0.714030002487468,28
3,5,0.998511566982764,0.732469378281155,28
4,5,0.998660200112656,0.686569812084466,28
5,5,0.998228076412478,0.15559699014089,28
6,5,0.997164428927275,0.571968240039936,28
1,6,0.999812171576195,0.989977986557768,28
2,6,0.999539057137359,0.920194995950375,28
3,6,0.998866252247722,0.954948464284711,28
4,6,0.998523236255245,0.479171859597424,28
5,6,0.996776190729237,0.9088607647249,28
6,6,0.995937730078514,0.729916375741571,28
1,7,0.999609215098192,0.902528291906337,28
2,7,0.999402041926624,0.93423973079926,28
3,7,0.998644248803252,0.898954289138637,28
4,7,0.996532048307579,0.965507846795881,28
5,7,0.997454010593588,0.825393461487385,28
6,7,0.99587761191809,-0.152040760583239,28
1,8,0.999582385249381,0.974926359128745,28
2,8,0.999423165141212,0.920330241978642,28
3,8,0.998621450874552,0.900994911319882,28
4,8,0.996571266170619,0.979252072473702,28
5,8,0.997542609378588,0.190163423414765,28
6,8,0.99587932626992,0.467099344832489,28
1,9,0.999582916063636,0.991320099743931,28
2,9,0.999377603603426,0.988247352415242,28
3,9,0.998903494084316,0.767027134179471,28
4,9,0.997407562300157,0.766779557514772,28
5,9,0.997805039963286,0.722942661442128,28
6,9,0.995618627127178,0.936500508497,28
1,10,0.999583458325082,0.989023967734259,28
2,10,0.999383758936502,0.979391105985828,28
3,10,0.998621838254383,0.93811445215525,28
4,10,0.996446532795379,0.719734417978302,28
5,10,0.997669976029348,0.833884075234567,28
6,10,0.995439435408597,0.236377990015598,28
1,11,0.999715422425034,0.973896339400454,28
2,11,0.999439437714196,0.990661237028033,28
3,11,0.998586418553697,0.981357990780431,28
4,11,0.996365222579566,0.852064387049277,28
5,11,0.997592025155096,0.786170239093509,28
6,11,0.996011244156542,0.863558179199403,28
1,12,0.999601732254556,0.982054535082666,28
2,12,0.999429272681532,0.946678174649247,28
3,12,0.998604918996426,0.975763446429314,28
4,12,0.996662876742622,0.789780468738233,28
5,12,0.997687028579786,0.676550079717938,28
6,12,0.99549763840275,0.539641390181911,28
1,13,0.999544436224168,0.983311005616114,28
2,13,0.999405383444066,0.958187024448892,28
3,13,0.998695901019265,0.430508592038263,28
4,13,0.996511749024735,0.76348514975975,28
5,13,0.99762631915421,0.497012873466511,28
6,13,0.996039325512612,0.768047237082584,28
1,14,0.999544202244977,0.987797194359257,28
2,14,0.999454572233813,0.908372192314464,28
3,14,0.998533445015384,0.707582298208542,28
4,14,0.996744814671941,0.458668250523432,28
5,14,0.99678585322358,0.784849361431707,28
6,14,0.995988224850402,0.655336236296983,28
1,15,0.999590554879523,0.959393421154872,28
2,15,0.999371348442331,0.986795724246152,28
3,15,0.998753071063069,0.495649632019665,28
4,15,0.996358944624432,0.539544978977981,28
5,15,0.997836389367722,0.330624129182663,28
6,15,0.995652526593891,0.388371055669838,28
1,1,0.999979714162303,0.97931828848128,29
2,1,0.999971032667263,0.846493759916059,29
3,1,0.999933219379798,0.947554480588363,29
5,1,0.999817084163051,0.416668091075836,29
4,1,0.999841197591912,0.493313363854806,29
6,1,0.999732968022564,0.944418658611079,29
1,2,0.999990917862929,0.86620214673702,29
2,2,0.999971545165786,0.921338258411931,29
3,2,0.999934846643062,0.827241167849456,29
5,2,0.999889304431067,0.568926944203368,29
4,2,0.999797792617998,0.772774084683744,29
6,2,0.999785554628469,-0.382181815059343,29
1,3,0.999981611200984,0.951753861530337,29
2,3,0.999974475113888,0.97627774196982,29
3,3,0.999917526954471,0.923892651002404,29
5,3,0.999833555651755,0.655628527206754,29
4,3,0.999849912357751,0.38710158651718,29
6,3,0.99974550358933,0.846850550416871,29
1,4,0.999979271283588,0.939777449501235,29
2,4,0.999966326688859,0.995690181361721,29
3,4,0.999928451458566,0.509711886861332,29
5,4,0.999840920417257,0.898106121702329,29
4,4,0.999856767837653,0.886655154847028,29
6,4,0.999722526391188,0.905344346889904,29
1,5,0.999982831977353,0.957366145798613,29
2,5,0.999972367258973,0.994266702966001,29
3,5,0.999938914198959,0.921924383434065,29
5,5,0.999877639162321,0.352894650801505,29
4,5,0.999790917866931,0.958903696194121,29
6,5,0.999758748350621,0.658155281207645,29
1,6,0.999980492067751,0.991760246418632,29
2,6,0.999972046666111,0.852722971468391,29
3,6,0.99992981411307,0.962227669677221,29
5,6,0.999921863213998,0.699358529334123,29
4,6,0.999914019205952,0.501496434904874,29
6,6,0.999846762338143,0.443803476024253,29
1,7,0.99997991297857,0.889697208998069,29
2,7,0.999969042849638,0.927915139871617,29
3,7,0.999923117720238,0.824153146331083,29
5,7,0.99980969353302,0.776935520273027,29
4,7,0.99987745082722,0.564427856923626,29
6,7,0.999740971444494,0.482622294033892,29
1,8,0.999978495809313,0.988900518776572,29
2,8,0.999970512058168,0.969560795265643,29
3,8,0.99991323456333,0.808125235932056,29
5,8,0.999830422178017,0.754399172706079,29
4,8,0.999815879610732,0.608520364820714,29
6,8,0.999758896335196,0.728660805943872,29
1,9,0.999979654369482,0.972625714381312,29
2,9,0.999970518380727,0.778205237204606,29
3,9,0.999917874605697,0.996335961114159,29
5,9,0.999857590590541,0.645372612475386,29
4,9,0.999856619362612,0.882042614749897,29
6,9,0.999737401403745,0.142469515502218,29
1,10,0.999977763363488,0.989455274497644,29
2,10,0.99996946354964,0.91872419421539,29
3,10,0.999925604318825,0.7507141510618,29
5,10,0.999809023984109,0.925220158731135,29
4,10,0.999869890924336,0.755309811801212,29
6,10,0.999760131920485,0.540300688122088,29
1,11,0.999976706619094,0.989963770768073,29
2,11,0.99997157240863,0.916050512624856,29
3,11,0.999928599036707,-0.0303372356065099,29
5,11,0.999811149886346,0.709249544676184,29
4,11,0.999876263904555,0.571725410536919,29
6,11,0.999715938621906,0.969820941780325,29
1,12,0.999977901611748,0.995407174099899,29
2,12,0.999969490393241,0.900439206251913,29
3,12,0.999934971559341,0.311701679328873,29
5,12,0.999864536691445,-0.453268540983865,29
4,12,0.999877631357988,0.530990847692278,29
6,12,0.999737086175376,0.543107832104461,29
1,13,0.999978566422656,0.993490467045175,29
2,13,0.99996799924576,0.965353079831186,29
3,13,0.999922849516567,0.853640542829938,29
5,13,0.999836556408763,0.662569983584196,29
4,13,0.999862363008725,0.313514322458232,29
6,13,0.999742173253933,0.0259912902790205,29
1,14,0.999979093632792,0.790555378252486,29
2,14,0.999966266865763,0.984821394858948,29
3,14,0.999941132066949,0.538642298974677,29
5,14,0.999878559745895,0.05651724589344,29
4,14,0.99977305927138,0.959627015597474,29
6,14,0.999763036482915,0.543292322633984,29
1,15,0.999984284036133,0.970018093069156,29
2,15,0.99997504001285,0.923703714347236,29
3,15,0.99994522279056,0.532230606469675,29
5,15,0.999906272181942,0.0472952307613774,29
4,15,0.99979144433922,0.768515685300864,29
6,15,0.9997577051887,0.0497926985404043,29
1,1,0.998416664278636,0.978049787058508,30
2,1,0.997942516012486,0.998589700707636,30
3,1,0.995207974332826,0.00586628594766043,30
4,1,0.990171315648663,0.963794106890185,30
5,1,0.991876627234475,0.824138571297581,30
6,1,0.986934827763266,0.746860806535747,30
1,2,0.999086483929238,0.917693259357698,30
2,2,0.998264855055763,0.901539554570741,30
3,2,0.995282707853836,0.75445713007552,30
4,2,0.994945064356129,0.811526394383471,30
5,2,0.992481769643008,0.453797720840913,30
6,2,0.99081269665389,0.593703789817618,30
1,3,0.99829610458797,0.98710653917434,30
2,3,0.998288716496424,0.738890638421056,30
3,3,0.996075616291299,0.645149092075321,30
4,3,0.990540028070501,0.556966950294144,30
5,3,0.99212149355722,0.543891827647084,30
6,3,0.987253538548034,0.300402436391039,30
1,4,0.998370086389638,0.990829120394199,30
2,4,0.998347516673545,0.924663607141777,30
3,4,0.995222301636606,0.976612613211651,30
4,4,0.989932889969672,0.978567766997207,30
5,4,0.992123819186949,0.772629597471644,30
6,4,0.987068337316151,0.80392690607915,30
1,5,0.998276278198751,0.996402917689163,30
2,5,0.997947363536052,0.97184373984696,30
3,5,0.994940606678872,0.995286802254695,30
4,5,0.989616873204019,0.879423602766104,30
5,5,0.991644355647011,0.809129231185821,30
6,5,0.986747811663159,0.742268932166429,30
1,6,0.998411314994116,0.963596963557712,30
2,6,0.998070381157072,0.982335151699517,30
3,6,0.9952128445329,0.903473878939574,30
4,6,0.990356402083078,0.784623300163308,30
5,6,0.992039180787994,0.378797365667796,30
6,6,0.988984401375567,-0.351982212846772,30
1,7,0.998632827530032,0.888207051758491,30
2,7,0.998206272467546,0.842038782034572,30
3,7,0.995821751878403,0.248490915121831,30
4,7,0.990100615770443,0.847264035758964,30
5,7,0.991943301956035,0.719483109235477,30
6,7,0.985787367582728,0.846906402431723,30
1,8,0.99840961700155,0.987032717025408,30
2,8,0.998184810651934,0.90830701964575,30
3,8,0.995163063430978,0.893035190711803,30
4,8,0.989671541447226,0.91881271009268,30
5,8,0.991919150093926,0.604289918253096,30
6,8,0.98718738244514,0.909146370797811,30
1,9,0.998520564684877,0.843881414348664,30
2,9,0.998039683230677,0.974734948075533,30
3,9,0.995486782424737,0.97291690925107,30
4,9,0.989355496233532,0.819863662927078,30
5,9,0.992057440483931,-0.0860316828316978,30
6,9,0.987586699232165,-0.359199753597856,30
1,10,0.99826216009887,0.988426327023864,30
2,10,0.998061256962049,0.963461044084578,30
3,10,0.99508193400748,0.919474229845683,30
4,10,0.992333238601112,0.720490999275073,30
5,10,0.994012329268567,-0.039716107628499,30
6,10,0.986263562828926,0.823717076055773,30
1,11,0.998669132156301,0.978533752049325,30
2,11,0.998018343331429,0.982928546317698,30
3,11,0.994374392288729,0.976583231396684,30
4,11,0.990230453060751,0.887303350913696,30
5,11,0.992120688432616,0.896315337535887,30
6,11,0.987766104833091,0.813850402694265,30
1,12,0.998330061869053,0.984351206076983,30
2,12,0.998095046446464,0.674674016031281,30
3,12,0.994146007057429,0.962206384318389,30
4,12,0.989510692833199,-0.177685135769146,30
5,12,0.9931261602692,0.397140036216295,30
6,12,0.988096150534667,0.419717090980566,30
1,13,0.998344539939654,0.985693303898576,30
2,13,0.998161982286553,0.928610910999111,30
3,13,0.994652834922592,0.868792053328561,30
4,13,0.99005325347517,0.785164232577773,30
5,13,0.992053083832002,0.838220138633589,30
6,13,0.987609004697943,-0.317041986777073,30
1,14,0.99853502425697,0.966788009729994,30
2,14,0.998426605966887,0.807556759674595,30
3,14,0.99580929140847,0.71429785925892,30
4,14,0.989314488370711,0.845254971470094,30
5,14,0.99022806205638,0.839117438719811,30
6,14,0.986789071211669,0.836983120608521,30
1,15,0.998357471238634,0.979819201072888,30
2,15,0.997997338137526,0.937899171429275,30
3,15,0.994915182275866,0.644114121496247,30
4,15,0.990700801826534,0.419374449012351,30
5,15,0.990068146128789,0.265402253603906,30
6,15,0.986661025589728,0.844386923063163,30
1,1,0.998858848174496,0.932203724086419,31
2,1,0.998049837911591,0.988498020648919,31
3,1,0.995398718494107,0.970352558939931,31
4,1,0.990443822266676,0.905028410433378,31
6,1,0.99137320273615,-0.258619410314403,31
5,1,0.987139438171181,0.701381824397211,31
1,2,0.998723642847461,0.854959376457735,31
2,2,0.998116718395785,0.925590946295149,31
3,2,0.99552430603016,0.695880645052258,31
4,2,0.992021153806875,0.49648310936734,31
6,2,0.991453593703915,0.787556407318504,31
5,2,0.986497020940379,0.916986092541267,31
1,3,0.998236776751605,0.988298391291893,31
2,3,0.998048491425121,0.978718394180872,31
3,3,0.995451161313579,0.884799548060569,31
4,3,0.994815376916469,0.621597898150956,31
6,3,0.991213153692672,0.516725609115331,31
5,3,0.990832021669412,0.510352770508889,31
1,4,0.998265418954277,0.983305183553084,31
2,4,0.998076193555086,0.927376711285153,31
3,4,0.995816927033395,0.883204663730567,31
4,4,0.99070160479964,0.1700444289418,31
6,4,0.991918235715064,0.260639200346167,31
5,4,0.987337352412936,0.458938637081883,31
1,5,0.998286214379644,0.95721291882041,31
2,5,0.998491805731096,0.687751391487205,31
3,5,0.995907921095227,0.462033786401798,31
4,5,0.991059432039266,0.837852631418177,31
6,5,0.992921741661013,0.223757309265994,31
5,5,0.987294558084368,0.58720901191007,31
1,6,0.998212692661982,0.983153515254348,31
2,6,0.997958408269988,0.953759095718488,31
3,6,0.99533422100866,0.971680929450522,31
4,6,0.990411583920201,0.615853552579666,31
6,6,0.991364418770424,0.239900644737768,31
5,6,0.987007003992575,0.460694172815123,31
1,7,0.998477736940963,0.974180241608081,31
2,7,0.998147544061299,0.822286678814858,31
3,7,0.995564697742666,0.908707980982701,31
4,7,0.990219154654982,0.896781506433003,31
6,7,0.988836272637583,0.344830416886428,31
5,7,0.989175452188067,0.915945741382717,31
1,8,0.998500286448378,0.987166783568494,31
2,8,0.998214443709401,0.815430210216009,31
3,8,0.995906454289948,0.873792024408271,31
4,8,0.990580355295008,0.573467143985148,31
6,8,0.991796704199918,0.737153077980578,31
5,8,0.98671067619045,0.271978442701698,31
1,9,0.998274722804039,0.978895286497151,31
2,9,0.997835333361051,0.979839158435354,31
3,9,0.995351993007635,0.911629817216755,31
4,9,0.990427938399078,0.935733843058584,31
6,9,0.991388657774038,0.379508927992592,31
5,9,0.987148899903368,0.784790628322555,31
1,10,0.998502369533069,0.920103280279452,31
2,10,0.998461913587344,0.872721971439955,31
3,10,0.995534035568578,0.975381296730594,31
4,10,0.990552637021741,0.664080494880497,31
6,10,0.98978720250193,0.442911004615116,31
5,10,0.987851166841773,-0.40214920736361,31
1,11,0.998172403305024,0.998136664786672,31
2,11,0.998114800750795,0.749258895447477,31
3,11,0.995711066823487,0.13499372758107,31
4,11,0.990062356726175,0.951573855225094,31
6,11,0.991720528988582,0.220220429646036,31
5,11,0.986977013765216,0.781431941630593,31
1,12,0.998299536400694,0.991390316407981,31
2,12,0.998028498113898,0.984719286267916,31
3,12,0.995555695304172,0.968344026026165,31
4,12,0.989309341794611,0.939507287205127,31
6,12,0.991995892112752,0.968447947344392,31
5,12,0.98708253021286,0.842298214143693,31
1,13,0.99836874653132,0.955281097560798,31
2,13,0.998207976618974,0.955870175114815,31
3,13,0.994928748703108,0.923446456864791,31
4,13,0.990694420452547,0.712519493106037,31
6,13,0.991337932189411,0.861034555848473,31
5,13,0.98690759986321,0.371489824921171,31
1,14,0.998259501834587,0.996991060786231,31
2,14,0.998034937767581,0.864318918603333,31
3,14,0.995277331070138,0.979796663941504,31
4,14,0.991381368426,0.63928313222158,31
6,14,0.993165554260281,0.439268601867409,31
5,14,0.986357640675934,0.429265954028554,31
1,15,0.998369821998782,0.965784427214813,31
2,15,0.998128647932529,0.96969859791976,31
3,15,0.99559328538806,0.409534203058589,31
4,15,0.990126327774192,0.902971912468822,31
6,15,0.991457033342775,0.642663423878599,31
5,15,0.987335209517734,0.789335599061222,31
1,1,0.999678346061602,0.907178829426994,32
2,1,0.999420936189465,0.930691449503538,32
4,1,0.998823626512827,0.416412752996621,32
3,1,0.996783174841639,0.950350980901895,32
6,1,0.997479981098764,0.12742040923288,32
5,1,0.996086391480385,0.573395861700999,32
1,2,0.999512876647136,0.993703231800733,32
2,2,0.999388645988098,0.926180020322567,32
4,2,0.998560018224093,0.737593594332757,32
3,2,0.996673048653325,0.531745224543842,32
6,2,0.997412689684954,0.359119425845307,32
5,2,0.996031032732889,0.382912344425649,32
1,3,0.999558177850412,0.987284596468217,32
2,3,0.999473608479965,0.656531558378471,32
4,3,0.998538130748683,0.945569316043833,32
3,3,0.996833297271611,0.705683711600826,32
6,3,0.997062747916053,0.228885976564206,32
5,3,0.996025023233333,0.663811908802806,32
1,4,0.999610340543916,0.974057393742056,32
2,4,0.999343034954105,0.957220384844854,32
4,4,0.998547217895372,0.871161909013418,32
3,4,0.996678006188429,0.431366226416083,32
6,4,0.997601975137303,0.7181059990196,32
5,4,0.99568401793239,0.517040131937729,32
1,5,0.999751237393729,0.94412662038663,32
2,5,0.999469169170874,0.821759074719758,32
4,5,0.99862657987984,0.360254223856735,32
3,5,0.998411981742021,0.972047818324702,32
6,5,0.997313534378188,0.163805177242407,32
5,5,0.997275030387768,0.0599995334574451,32
1,6,0.999538471775986,0.975476794387388,32
2,6,0.999294827200924,0.98355011146153,32
4,6,0.998525929724323,0.85968875547245,32
3,6,0.996565690734607,0.951484298006762,32
6,6,0.997779649859513,0.267006868123155,32
5,6,0.995645028227803,0.903738052265711,32
1,7,0.999565431614348,0.957057740142862,32
2,7,0.999404211743688,0.778737220347066,32
4,7,0.998556811951457,0.473332992576278,32
3,7,0.996539542405918,0.699685868973377,32
6,7,0.997413351409597,0.588534706582026,32
5,7,0.995985401504725,0.334336819002745,32
1,8,0.999517073067906,0.974218450121541,32
2,8,0.999273889431843,0.995142290781769,32
4,8,0.998415727098311,0.892535511715524,32
3,8,0.996539535784234,0.825984845277101,32
6,8,0.997230767485855,0.651408489921816,32
5,8,0.99605981167761,0.335093769422662,32
1,9,0.999614806109228,0.94098460119804,32
2,9,0.999393954821441,0.898869641024948,32
4,9,0.998503572203335,0.952853354289985,32
3,9,0.997120659149968,0.709099841256814,32
6,9,0.996727519165884,0.718888384347323,32
5,9,0.996268553024698,0.964605308323131,32
1,10,0.999608553568349,0.8244984940471,32
2,10,0.999415279573168,0.910608177396787,32
4,10,0.99866452859718,0.967163680652208,32
3,10,0.996295982109201,0.869141350696065,32
6,10,0.997236278950694,0.251214343578773,32
5,10,0.996384646713017,0.412695169781936,32
1,11,0.999548758886083,0.985959521455097,32
2,11,0.999351793198837,0.987958612076403,32
4,11,0.998637363777109,0.866737570342007,32
3,11,0.996906134954557,0.898527801726301,32
6,11,0.997252808689424,0.255386410312385,32
5,11,0.995799453891598,0.785990666186624,32
1,12,0.999567422174174,0.97637812480525,32
2,12,0.999360472667402,0.868837406624137,32
4,12,0.998638977005894,0.756426073398504,32
3,12,0.996784002829894,0.529899358110053,32
6,12,0.997558336109176,0.556700957588352,32
5,12,0.995593495558758,0.841534382130347,32
1,13,0.999571247837196,0.976011823072193,32
2,13,0.999365233300733,0.980140040606414,32
4,13,0.998520780798917,0.533362399496988,32
3,13,0.997186090412689,0.726616254527428,32
6,13,0.997417896189688,0.728538906690021,32
5,13,0.995585081707913,0.911614889248275,32
1,14,0.999559738137697,0.983639385028547,32
2,14,0.999299514415286,0.932496808837528,32
4,14,0.998543946019172,0.773974949340982,32
3,14,0.996741125301277,0.929680724978393,32
6,14,0.997282774614257,0.603041212213259,32
5,14,0.996381461944653,0.463615226367955,32
1,15,0.999550691669429,0.96442310800231,32
2,15,0.999406007770928,0.869276814668282,32
4,15,0.998574336565741,0.282447777710768,32
3,15,0.996622439547117,0.824311902449984,32
6,15,0.99726555858918,0.4065892746554,32
5,15,0.99584672654483,0.643029279556768,32
1,1,0.995539207706964,0.902935853660208,33
2,1,0.995007560414865,0.892317806875348,33
3,1,0.987407959696313,0.362804833993725,33
4,1,0.967615492370025,0.907784932008041,33
5,1,0.98049756263207,0.229158212625269,33
6,1,0.958490856326754,-0.124453381933453,33
1,2,0.995882999256375,0.868502454421292,33
2,2,0.994813871722661,0.927186232168459,33
3,2,0.987531536307552,0.894385783479224,33
4,2,0.96619523702931,0.889745599849864,33
5,2,0.971880659687423,0.711753066088046,33
6,2,0.959087994460425,0.937213095697878,33
1,3,0.995859585248246,0.978234910275138,33
2,3,0.994427072381721,0.958166306579566,33
3,3,0.985520336817481,0.982886291393387,33
4,3,0.968097929612887,0.901794008281435,33
5,3,0.977098031904056,0.520473663121807,33
6,3,0.954109070586199,0.732849448897992,33
1,4,0.995766479576549,0.935264269078163,33
2,4,0.994323920879008,0.983340983015334,33
3,4,0.986697319856263,0.764017636223595,33
4,4,0.97352095079134,0.518490889536112,33
5,4,0.971801549498766,0.82659624849094,33
6,4,0.954038783956228,0.310055264232783,33
1,5,0.995328962193795,0.994922025101856,33
2,5,0.994626989735919,0.914156439116799,33
3,5,0.985655451048997,0.687380546844564,33
4,5,0.966547605733714,0.988540461455017,33
5,5,0.978711044173767,0.586559940664125,33
6,5,0.955222114217429,0.789281895222752,33
1,6,0.996755627122287,0.693615618378191,33
2,6,0.99426732527048,0.956375445183409,33
3,6,0.985939969168587,0.882098389541716,33
4,6,0.967218734079779,0.627235533991161,33
5,6,0.976171416049372,0.752267824940488,33
6,6,0.95335135436464,0.521488577593911,33
1,7,0.995527274458888,0.986278008512642,33
2,7,0.994587554715891,0.892268730832803,33
3,7,0.985748725014179,0.95279899064217,33
4,7,0.968531213136728,0.657442128563999,33
5,7,0.980713271607736,0.306919080272357,33
6,7,0.953172382708433,0.462593764853634,33
1,8,0.995469111351476,0.990490393573566,33
2,8,0.995493269518358,0.730965113499951,33
3,8,0.986963773894445,-0.0291468252681776,33
4,8,0.966088310174491,0.587929518612375,33
5,8,0.977263580851992,0.917982629469862,33
6,8,0.950986814553591,0.672137912405656,33
1,9,0.995742429925995,0.96505698227874,33
2,9,0.994895246976663,0.853971330242296,33
3,9,0.987195251331381,0.908098865452524,33
4,9,0.96805175475265,0.600500856430579,33
5,9,0.977705847970097,0.971280554418507,33
6,9,0.954038337183225,-0.109741180609169,33
1,10,0.995488402602495,0.983972637027407,33
2,10,0.995491293232934,0.620500311716751,33
3,10,0.985939482530291,0.891551340286649,33
4,10,0.964687998729254,0.886347739362337,33
5,10,0.976998040954977,0.78318149692694,33
6,10,0.953882821345897,0.475537146237762,33
1,11,0.995918023798394,0.977335463887544,33
2,11,0.993650155986275,0.987211865096446,33
3,11,0.984888093624633,0.980101489663826,33
4,11,0.967043823426241,0.937982933628699,33
5,11,0.978095002087571,0.68835159422565,33
6,11,0.952979611432137,0.940668882350002,33
1,12,0.995461886897577,0.993222730775092,33
2,12,0.994465187026446,0.945047908753624,33
3,12,0.985883640706723,0.769249326298466,33
4,12,0.966455002728228,0.956161721219883,33
5,12,0.977250243393715,0.703461383007094,33
6,12,0.954173493085893,0.754670914019295,33
1,13,0.995650595444152,0.962047513059794,33
2,13,0.994450422185832,0.96453090750065,33
3,13,0.986025711852619,0.757888686496169,33
4,13,0.983127756751408,0.507638988253867,33
5,13,0.977165169288531,0.357413329987162,33
6,13,0.964497813311432,0.636829998725342,33
1,14,0.996731587446047,0.958872342613777,33
2,14,0.994995478864097,0.883979504374169,33
3,14,0.98605728508089,0.983775003516763,33
4,14,0.967129291290978,0.832504571349881,33
5,14,0.980967234540736,0.902150858321638,33
6,14,0.955245338557702,0.259257830476143,33
1,15,0.9956831317325,0.934269996357525,33
2,15,0.995201132249644,0.80913244005282,33
3,15,0.987474297727022,0.845904342248384,33
4,15,0.968222337351805,0.785918809862496,33
5,15,0.977412606260605,0.640005095360896,33
6,15,0.956584967331906,-0.331403778622276,33
1,1,0.999902861400501,0.962226350235803,34
2,1,0.999847978735959,0.934416804741171,34
3,1,0.999728310566985,0.770393569403367,34
4,1,0.999234268542139,0.613778698729139,34
5,1,0.999449753527176,0.451141395211064,34
6,1,0.998807902473825,-0.165375529926992,34
1,2,0.999893402960847,0.986084110332868,34
2,2,0.999845897348493,0.972815598751942,34
3,2,0.999751418458329,0.247196779568315,34
4,2,0.999286883588285,0.773527546097584,34
5,2,0.999441837917308,0.540616692011313,34
6,2,0.998750924127839,0.856022073819963,34
1,3,0.999908351852898,0.97313878042987,34
2,3,0.999867309047644,0.963640686415201,34
3,3,0.999747218751488,0.901205414903958,34
4,3,0.99920126107246,0.923517801067275,34
5,3,0.999229377388521,0.753827049693338,34
6,3,0.998783105079904,0.698536279910597,34
1,4,0.999935298868994,0.988286272505264,34
2,4,0.999871217161824,0.305240577190391,34
3,4,0.999691449378189,0.864036105192751,34
4,4,0.999670856753866,0.60446901283686,34
5,4,0.999476800861816,0.54596451683044,34
6,4,0.999184507013669,0.425954368376557,34
1,5,0.999909077991741,0.964833297296545,34
2,5,0.999844619828963,0.988460209542363,34
3,5,0.999738181664152,0.423476537862389,34
4,5,0.99929456825051,0.924750199029551,34
5,5,0.999416976794744,0.789773187169693,34
6,5,0.998659374693731,0.863627665356773,34
1,6,0.999902290616732,0.893207159305079,34
2,6,0.999849816198442,0.729775501164779,34
3,6,0.999704020953952,0.772517547104528,34
4,6,0.999365066188451,0.786164804986873,34
5,6,0.999425664722073,-0.130077970213503,34
6,6,0.998620886838204,0.490042283711018,34
1,7,0.999900994466882,0.951758217695535,34
2,7,0.999849935682955,0.972756500463858,34
3,7,0.999720890961816,0.755484560191498,34
4,7,0.999550175352312,0.310077315031085,34
5,7,0.999415541041725,0.429762763544517,34
6,7,0.998775604915782,0.756080537530834,34
1,8,0.999908471403719,0.966180253142281,34
2,8,0.999843969242225,0.952407817230584,34
3,8,0.999682988905448,0.928935070602679,34
4,8,0.999306060359841,0.350756292753825,34
5,8,0.999417894014745,0.867532277906596,34
6,8,0.999116319920491,-0.0259358084193512,34
1,9,0.999896023937458,0.99402658729594,34
2,9,0.999843564443459,0.936844791801564,34
3,9,0.999703714243706,0.836470877088524,34
4,9,0.999275801378657,0.832456813417716,34
5,9,0.999384171605313,0.835697472848464,34
6,9,0.998713377465489,0.487319281838212,34
1,10,0.999921873913677,0.674267143556125,34
2,10,0.999875391270826,0.895709075777099,34
3,10,0.999743570024802,-0.303612748228594,34
4,10,0.999187148780545,0.919518831636499,34
5,10,0.999420369421295,0.374574752702908,34
6,10,0.998875435168293,0.770888894219651,34
1,11,0.999901694201059,0.997351616994368,34
2,11,0.999902182258892,0.853687080926563,34
3,11,0.999727017238885,0.968555709018247,34
4,11,0.999309672568183,0.887511213067834,34
5,11,0.999514275260114,0.55224705803763,34
6,11,0.99887272015051,0.29709225185527,34
1,12,0.999905696609997,0.953550732813008,34
2,12,0.999863853894929,0.759516130148496,34
3,12,0.999679218638619,0.901053446340956,34
4,12,0.99934281423152,0.0790268109681767,34
5,12,0.99935547901821,0.394501634800594,34
6,12,0.998664948550417,-0.560585077392681,34
1,13,0.99990873133822,0.864805857703418,34
2,13,0.999852572970609,0.934937346812851,34
3,13,0.99969526210845,0.966079516821628,34
4,13,0.999233428908622,0.770905085546051,34
5,13,0.999428155770098,0.782371964582578,34
6,13,0.998674442010109,0.494416788836557,34
1,14,0.999898981274956,0.994101077238226,34
2,14,0.999839787220866,0.980055181975656,34
3,14,0.999748617880918,0.636682726862112,34
4,14,0.999230641850498,0.901491767605322,34
5,14,0.999405443844187,0.75998240915119,34
6,14,0.998760444755465,0.233714041145903,34
1,15,0.999896019046938,0.998617545341208,34
2,15,0.999848824078671,0.658278524832296,34
3,15,0.999725367477604,0.917475181665343,34
4,15,0.999287808552696,0.707565838348763,34
5,15,0.999211454052975,0.777928258140316,34
6,15,0.998791543229297,-0.170187038611974,34
1,1,0.999913232952768,0.978224613852451,35
2,1,0.99987106669524,0.29763371514306,35
3,1,0.999727260960834,0.745539659438256,35
4,1,0.999194116064345,0.440199247639856,35
6,1,0.999437117052905,0.286083422700542,35
5,1,0.998962081006337,-0.251702315025234,35
1,2,0.999916122684544,0.977991729182229,35
2,2,0.99984081427224,0.955695363141617,35
3,2,0.999765131779438,0.342516986797495,35
4,2,0.999192450364985,0.90773183166042,35
6,2,0.999487081947646,0.729886505739461,35
5,2,0.998963907688622,0.934709840336134,35
1,3,0.9999420279244,0.974856772851604,35
2,3,0.999841789658808,0.978228121198802,35
3,3,0.999698470735158,0.902117654485736,35
4,3,0.999159210214701,0.826228756491432,35
6,3,0.999465095677727,0.655180399694447,35
5,3,0.998932812198045,0.133608082128548,35
1,4,0.999913552970181,0.969490197285432,35
2,4,0.999854895297624,0.713901929241715,35
3,4,0.999734526816495,0.852665117681327,35
4,4,0.999468072474411,0.592135046286716,35
6,4,0.999595856949031,0.450604806536427,35
5,4,0.998889539787137,0.719516482329935,35
1,5,0.999914536434453,0.981538349418831,35
2,5,0.999840983624969,0.926965892458616,35
3,5,0.99971864531547,0.634821554445331,35
4,5,0.999246827351805,0.650738505503302,35
6,5,0.999357621716947,0.360669962291119,35
5,5,0.998850759824827,0.565514025960626,35
1,6,0.999931347582086,0.945040260238151,35
2,6,0.99982372813802,0.991445149647585,35
3,6,0.999660038912529,0.974657242026564,35
4,6,0.999150858844067,0.923212591496992,35
6,6,0.999453408345044,0.922299279117537,35
5,6,0.998949056525128,0.729126526111526,35
1,7,0.999925583777671,0.828151466844371,35
2,7,0.999856679907898,0.937841291735415,35
3,7,0.999736965644418,0.971479604155526,35
4,7,0.99912500135192,0.912792078093098,35
6,7,0.99936276064105,0.735518130066544,35
5,7,0.999072493111745,0.501255766814792,35
1,8,0.999913160401796,0.891075487659421,35
2,8,0.999831608521284,0.991069369368291,35
3,8,0.999704055911267,0.974522980058226,35
4,8,0.999138247636478,0.927620203668038,35
6,8,0.999423557098734,0.866879579775373,35
5,8,0.998949946465647,0.425867571273886,35
1,9,0.999926051575473,0.992094411741314,35
2,9,0.999851377384801,0.976390480083752,35
3,9,0.999722291908433,0.921674250043705,35
4,9,0.99910592352511,0.887897065001737,35
6,9,0.999427031197084,0.556443930874373,35
5,9,0.998912084330146,0.680854294508626,35
1,10,0.999908108312083,0.988155419847245,35
2,10,0.999814383124776,0.985556109661511,35
3,10,0.999700951843105,0.970649391720719,35
4,10,0.999135662668782,0.950600136730235,35
6,10,0.999397029059438,0.1748023184779,35
5,10,0.999034884079545,0.560505970543051,35
1,11,0.999907739803281,0.981465930674434,35
2,11,0.999823274313765,0.944010575590112,35
3,11,0.999663557967472,0.934300768796053,35
4,11,0.998993425790604,0.839802837234373,35
6,11,0.999436232811904,0.800645042307465,35
5,11,0.998963547841243,0.462374163409051,35
1,12,0.999916992415197,0.742040703832135,35
2,12,0.999839218605592,0.933975673089319,35
3,12,0.999746090966901,0.176293267330149,35
4,12,0.999130337218648,0.46775265124975,35
6,12,0.999443232596908,-0.0546148149925977,35
5,12,0.998896820945519,0.835236034768662,35
1,13,0.999910447452273,0.990051833876072,35
2,13,0.999847732860796,0.926984642358286,35
3,13,0.999758269241791,0.624439812363567,35
4,13,0.99920885932548,-0.593983565459675,35
6,13,0.999454633383005,-0.24011337108736,35
5,13,0.998888647984462,0.340097591753439,35
1,14,0.999917636649716,0.982659448825383,35
2,14,0.999878249871978,0.835962720247737,35
3,14,0.999744938807617,0.895199045384603,35
4,14,0.999208344684772,0.743475307939556,35
6,14,0.999454746246289,-0.240249114464257,35
5,14,0.998914560173935,0.95701394818058,35
1,15,0.999909507337508,0.997271281689465,35
2,15,0.999888675906347,0.769909155196109,35
3,15,0.999717826089357,0.231877644962057,35
4,15,0.999674056724394,0.604112504532253,35
6,15,0.999472311582252,0.620307968579682,35
5,15,0.999363817335799,-0.185082148399044,35
1,1,0.999999975422068,0.990251277258961,36
2,1,0.999999965696882,0.931809327580173,36
3,1,0.999999934977339,0.167859339711495,36
5,1,0.999999795767421,0.778378500877402,36
4,1,0.999999830672751,0.761631150220547,36
6,1,0.999999664700901,0.801251150578151,36
1,2,0.999999981354649,0.872345013071156,36
2,2,0.999999965532257,0.981450895465935,36
3,2,0.999999935839779,0.707141179112308,36
5,2,0.999999922044414,0.856230612388276,36
4,2,0.999999844218128,0.641758687738608,36
6,2,0.999999871012033,-0.0704402286612146,36
1,3,0.999999977439864,0.99021086687185,36
2,3,0.999999973269749,0.822186515246496,36
3,3,0.999999949050275,0.701602847443198,36
5,3,0.99999983749538,0.663370603774321,36
4,3,0.999999811301029,0.796633680606308,36
6,3,0.999999694297541,0.79974840391884,36
1,4,0.999999976684082,0.983300297435442,36
2,4,0.999999961746418,0.979057085533829,36
3,4,0.999999942901528,0.9353967283358,36
5,4,0.999999828835689,0.517418608753006,36
4,4,0.999999853542051,0.771896718307671,36
6,4,0.999999652176075,0.644730880271045,36
1,5,0.999999982065,0.963129595534628,36
2,5,0.99999996857923,0.981699972717498,36
3,5,0.999999943382507,0.935731554592409,36
5,5,0.999999854465785,0.76722511073586,36
4,5,0.999999776230258,0.913074750926958,36
6,5,0.999999696637138,0.892254271571377,36
1,6,0.999999979033346,0.915275461007426,36
2,6,0.999999967800105,0.956937235033399,36
3,6,0.999999936560181,0.882263387894987,36
5,6,0.999999812025426,0.861976811688431,36
4,6,0.999999827423552,0.730587462793976,36
6,6,0.999999656728228,-0.344302658192061,36
1,7,0.999999977651363,0.870051395117087,36
2,7,0.999999963462346,0.992842482964114,36
3,7,0.999999941737054,0.527430984202784,36
5,7,0.999999829036883,0.295188392683811,36
4,7,0.999999831580307,0.766645930968422,36
6,7,0.999999663178617,0.484521912260092,36
1,8,0.999999976577594,0.992552427940753,36
2,8,0.999999966661276,0.88849681984123,36
3,8,0.999999941513603,0.768669371102901,36
5,8,0.999999875973577,-0.151763704180746,36
4,8,0.999999783480243,0.927282251049923,36
6,8,0.999999670980955,0.86088734207055,36
1,9,0.999999976818982,0.981921879413604,36
2,9,0.999999967091449,0.978958433023496,36
3,9,0.999999930693045,0.990565873402509,36
5,9,0.999999815889636,0.839283783889793,36
4,9,0.999999840611981,0.683047877273128,36
6,9,0.999999690069723,0.472946151104773,36
1,10,0.999999981833677,0.964851223272615,36
2,10,0.999999975193554,0.936942541384247,36
3,10,0.999999942942438,0.901066918031834,36
5,10,0.999999811030657,0.968733703129874,36
4,10,0.999999829998011,0.910568958985074,36
6,10,0.999999662710662,0.661540486339832,36
1,11,0.999999979333293,0.945508451042912,36
2,11,0.999999965524584,0.980915132513896,36
3,11,0.999999932203776,0.997729176842511,36
5,11,0.99999982900607,0.867701835790065,36
4,11,0.999999827866886,0.333947639908825,36
6,11,0.999999821924241,0.371303728452075,36
1,12,0.999999987556134,0.943149819248869,36
2,12,0.999999969831629,0.805982236258984,36
3,12,0.999999933916732,0.91926795897111,36
5,12,0.999999873096902,0.584179083518738,36
4,12,0.999999816863829,0.854954017334624,36
6,12,0.999999662445386,0.807310118746038,36
1,13,0.999999976108604,0.996565898294223,36
2,13,0.999999965235317,0.958755366854607,36
3,13,0.999999935413549,0.917196291348823,36
5,13,0.999999803399342,0.215990561948381,36
4,13,0.999999842655004,0.348651826495456,36
6,13,0.999999670061581,-0.629845763319024,36
1,14,0.999999981847375,0.937048401198694,36
2,14,0.999999973295333,0.990670784099985,36
3,14,0.999999933687699,0.954606068670538,36
5,14,0.999999870043654,0.674720089710393,36
4,14,0.999999838430523,0.43431881102413,36
6,14,0.999999673503556,0.497061302756483,36
1,15,0.999999976552714,0.988998067087292,36
2,15,0.999999970485195,0.763801352261355,36
3,15,0.999999935718111,0.839553300097105,36
5,15,0.999999809875944,0.345858035239933,36
4,15,0.999999795340855,0.642468153664597,36
6,15,0.999999688626836,0.45035035101788,36
1,1,0.999578751989267,0.9924319305291,37
2,1,0.999441087579444,0.944869193268157,37
3,1,0.998672062696776,0.969069336482536,37
4,1,0.997558544177458,0.616615970601559,37
5,1,0.997455132533415,0.355819663545558,37
6,1,0.993981692744999,0.82090318134639,37
1,2,0.999556981939192,0.993753368045643,37
2,2,0.999412900344983,0.970027825305404,37
3,2,0.998662084931992,0.939107590888096,37
4,2,0.996893043731509,0.702178462463134,37
5,2,0.996638769413814,0.669357773649554,37
6,2,0.994405446764877,0.605523016074062,37
1,3,0.999603616282026,0.9895282176185,37
2,3,0.999457351794913,0.74943474330241,37
3,3,0.999155258569104,0.468794797832858,37
4,3,0.997546632331069,0.21113547976641,37
5,3,0.99677098121327,0.565095248363819,37
6,3,0.993981017625992,0.861296367135095,37
1,4,0.999550543631927,0.993246431714827,37
2,4,0.999538742393342,0.646792014121312,37
3,4,0.99880965117757,0.386473075688973,37
4,4,0.996527986924046,0.659835606587293,37
5,4,0.997445498832049,0.814393703716348,37
6,4,0.994953175598066,-0.777706280753543,37
1,5,0.999583938636267,0.915886346228323,37
2,5,0.999463400723929,0.98816724897112,37
3,5,0.998744900709776,0.570967271905062,37
4,5,0.996879469407935,0.897940137795244,37
5,5,0.997340107253668,0.642143611262565,37
6,5,0.994072949335337,0.635274867476261,37
1,6,0.999610648964827,0.736660340638987,37
2,6,0.999356220316871,0.975022153662469,37
3,6,0.998781962788791,0.890564851094362,37
4,6,0.996648922598173,0.961136381156625,37
5,6,0.997256711924265,0.370420942899518,37
6,6,0.993924246343371,0.569440616438156,37
1,7,0.99962970129574,0.940615513073081,37
2,7,0.999455007960456,0.905561802176843,37
3,7,0.998762907227568,0.918031209747684,37
4,7,0.998363042526667,0.61249608342814,37
5,7,0.996585178926024,0.882647907767688,37
6,7,0.994165608525977,0.797250367453792,37
1,8,0.999572255142168,0.965183673093367,37
2,8,0.999330547600411,0.984215391775835,37
3,8,0.998680518647453,0.829784377367251,37
4,8,0.996601412108437,0.946798894371422,37
5,8,0.996141952853566,0.935508715818044,37
6,8,0.994452252296068,0.780232311134658,37
1,9,0.999681857016523,0.981052539475932,37
2,9,0.999515291061061,0.931675824390859,37
3,9,0.99852544381197,0.98440614872263,37
4,9,0.996805895804962,0.841672213226603,37
5,9,0.997175677264627,0.969697374355561,37
6,9,0.994493301856199,0.517761890606234,37
1,10,0.999587354530956,0.88397991892578,37
2,10,0.999419760455971,0.990223342486696,37
3,10,0.99867812563271,0.547250350273799,37
4,10,0.996612125095975,0.730490327510796,37
5,10,0.997424216647323,-0.205322333532073,37
6,10,0.993930671486812,0.361676677904411,37
1,11,0.999567235122021,0.966243519390716,37
2,11,0.999463645626637,0.947165963768071,37
3,11,0.998751837469472,0.821391739820162,37
4,11,0.996269044136273,0.546625148375495,37
5,11,0.99802793315443,0.253046923649929,37
6,11,0.994475400541094,0.723778346201993,37
1,12,0.99975118409399,0.959899443194172,37
2,12,0.999455834459015,0.930469627297074,37
3,12,0.998626217275363,0.94401210947873,37
4,12,0.99685803643705,0.265470723430857,37
5,12,0.997459394075895,0.565251016398849,37
6,12,0.994264770910315,-0.450508171042745,37
1,13,0.999547245315483,0.972165216016937,37
2,13,0.99952397288202,0.915179148028015,37
3,13,0.998755322095643,0.504387653287011,37
4,13,0.998198652469941,0.763655240651316,37
5,13,0.997239552440311,-0.0580357989223268,37
6,13,0.997095796461,0.296119829355432,37
1,14,0.99963045762412,0.985208883204539,37
2,14,0.999488385124159,0.850009848513191,37
3,14,0.998640415914497,0.871638317172585,37
4,14,0.996167307616197,0.919481775508737,37
5,14,0.997229809503975,0.981312591497896,37
6,14,0.994422358796488,0.638862738295171,37
1,15,0.999553217195986,0.992940365074548,37
2,15,0.999438903188957,0.790900820952843,37
3,15,0.998515503618784,0.972163765267419,37
4,15,0.996600183516754,0.935332476282179,37
5,15,0.997426317930381,0.227739898010965,37
6,15,0.99578041632256,-0.000256306985844223,37
1,1,0.999588492592211,0.979400957399564,38
2,1,0.999329826128741,0.984739960475495,38
4,1,0.998550941063383,0.876445742353561,38
3,1,0.997515989491444,0.721128433459176,38
5,1,0.997034027974552,0.877819071592525,38
6,1,0.99559969427965,0.569168970290078,38
1,2,0.999594204695073,0.991799045698129,38
2,2,0.999327359299138,0.993865871986428,38
4,2,0.998658266582771,0.975093598132111,38
3,2,0.998376152170485,0.659585606699989,38
5,2,0.99698193155571,0.557261287986015,38
6,2,0.995060846488402,0.755021037973968,38
1,3,0.99960624757863,0.965773396786982,38
2,3,0.999389372576522,0.917354567637007,38
4,3,0.998570320165894,0.92406321594093,38
3,3,0.997109810086869,0.785613991828186,38
5,3,0.997490638696088,-0.391276625411492,38
6,3,0.995726299789588,0.447960664357905,38
1,4,0.999780741203939,0.944189679354867,38
2,4,0.999422175210527,0.874771679623368,38
4,4,0.99863672685074,0.968473064318656,38
3,4,0.997301206761634,0.641094998097316,38
5,4,0.997383366402354,0.681413134215486,38
6,4,0.996074710896323,0.62906088697616,38
1,5,0.999583655567163,0.996189144213076,38
2,5,0.999475208297949,0.784177279401104,38
4,5,0.998686335594789,0.940387756698496,38
3,5,0.997166963800655,0.892339633568121,38
5,5,0.997607756034019,0.887295987777502,38
6,5,0.996494769236759,0.182491044685064,38
1,6,0.99960423434068,0.92541960611767,38
2,6,0.99938647408819,0.96162510239087,38
4,6,0.998619042643624,0.750209889894164,38
3,6,0.996987960381124,0.942333355371465,38
5,6,0.997613135471688,0.791196025080698,38
6,6,0.995249050975591,0.368195861731417,38
1,7,0.999645316095858,0.958172010090632,38
2,7,0.999454131404568,0.902336394333971,38
4,7,0.998873053143162,0.746019657587136,38
3,7,0.997211932835383,0.773856123500069,38
5,7,0.997346529991205,0.30141337230393,38
6,7,0.995419509914336,0.710332593851156,38
1,8,0.999631918527887,0.96208062279264,38
2,8,0.999430462924518,0.893481683635004,38
4,8,0.998459488802962,0.942370100239848,38
3,8,0.997021628280121,0.945452035199262,38
5,8,0.997780503312132,0.636109831497617,38
6,8,0.995562580532592,0.400590683948487,38
1,9,0.999653912729842,0.967344504565662,38
2,9,0.999548747149569,0.868549337309528,38
4,9,0.998863955153075,0.782904699312166,38
3,9,0.997168124602236,0.791846070155649,38
5,9,0.997008581765793,0.730888256705612,38
6,9,0.995698659677886,0.533295866879055,38
1,10,0.999583382791296,0.995472935481592,38
2,10,0.999463057977942,0.791255985953197,38
4,10,0.998875453507766,0.421279782750502,38
3,10,0.998485824584343,0.69489021066212,38
5,10,0.997782635299555,0.673152448347501,38
6,10,0.997311808733103,0.528858810294851,38
1,11,0.999603909133807,0.976773944805672,38
2,11,0.999409073762429,0.850151517875837,38
4,11,0.9984772572992,0.886108540915386,38
3,11,0.996674081657048,0.790285371341293,38
5,11,0.997652412795347,0.135817528124887,38
6,11,0.995499366241884,0.479955911611122,38
1,12,0.999597624782143,0.982544641524639,38
2,12,0.999448998171968,0.994930162182585,38
4,12,0.998647771218745,0.523935836268868,38
3,12,0.997833845782277,0.523870387712997,38
5,12,0.997188267671495,0.78267075245064,38
6,12,0.995102805231107,0.891806563519546,38
1,13,0.999647870957891,0.892629513450975,38
2,13,0.999400992484366,0.906969897326396,38
4,13,0.998483397014842,0.951947345069656,38
3,13,0.996840509844786,0.377708379748669,38
5,13,0.997692912290082,0.773504206877173,38
6,13,0.995452290360773,-0.0616266364688483,38
1,14,0.999575418105253,0.996788733161632,38
2,14,0.999417775375797,0.956095519684682,38
4,14,0.998597558186053,-0.613014119768958,38
3,14,0.997125708739479,0.915840945141563,38
5,14,0.997591189820746,0.327246619259984,38
6,14,0.995269355247855,0.771105385412138,38
1,15,0.999652337283286,0.964790212043898,38
2,15,0.999416909285603,0.959785944069627,38
4,15,0.998522724733538,0.879196634197054,38
3,15,0.996940761142228,0.795407031040467,38
5,15,0.997745892409802,0.845801382688682,38
6,15,0.995687395508087,0.237823164827673,38
1,1,0.999909608881284,0.969150777357008,39
2,1,0.999864989421439,0.983619158739989,39
3,1,0.999676111990182,0.978388329164582,39
4,1,0.999337862336897,0.491985055123056,39
6,1,0.9993613267944,0.873031231021773,39
5,1,0.999055117014346,0.187112442567922,39
1,2,0.999908178923663,0.927370788153857,39
2,2,0.999872207175016,0.891440779154119,39
3,2,0.99972731929412,0.413391127808696,39
4,2,0.999573060397216,0.867806614426501,39
6,2,0.999401088102103,0.951305461565131,39
5,2,0.999158699110632,0.378913037943454,39
1,3,0.999907186383191,0.919010489290077,39
2,3,0.999870023279671,0.944438243288565,39
3,3,0.999672995589854,0.331045240112233,39
4,3,0.999279729816623,0.928216122256364,39
6,3,0.999160251533505,0.903853733457402,39
5,3,0.998779953424605,0.936025346738864,39
1,4,0.999919781033678,0.788241115438798,39
2,4,0.999892418099144,0.911047771490516,39
3,4,0.999698055869993,0.82752688547942,39
4,4,0.999302219761642,0.866109261371278,39
6,4,0.9993718143143,-0.0225357611671156,39
5,4,0.998816469343405,0.806560452972462,39
1,5,0.999945159356476,0.960314585109125,39
2,5,0.999887989828648,0.81155367165719,39
3,5,0.999678101334138,0.960120667552822,39
4,5,0.999337741589794,0.829973173216196,39
6,5,0.999395972425193,0.178556936275761,39
5,5,0.998877067560005,-0.0353912412043785,39
1,6,0.999899621591604,0.985288915560148,39
2,6,0.9998776289165,0.928610021106036,39
3,6,0.999659337776357,0.952512495140169,39
4,6,0.999257814275057,0.365187659234169,39
6,6,0.999346797599328,0.388925961892781,39
5,6,0.998910458130278,0.31541012405126,39
1,7,0.999897665641701,0.992559734809044,39
2,7,0.999855758709954,0.983719713076863,39
3,7,0.999718979035395,0.856918563333503,39
4,7,0.999245744351073,0.713332712339773,39
6,7,0.999347837371893,0.489989318071136,39
5,7,0.998889969983567,0.428769354481295,39
1,8,0.999904018714114,0.865594783100906,39
2,8,0.999869054646288,0.966051479995817,39
3,8,0.99967716746951,0.639422446100313,39
4,8,0.999388705864535,0.479003105856621,39
6,8,0.999361302477193,0.354300987009315,39
5,8,0.998742757078119,0.745353750701047,39
1,9,0.999899680832582,0.994701430871156,39
2,9,0.999897565708594,0.948948372762185,39
3,9,0.999685647017095,0.937184782875442,39
4,9,0.999438285220275,0.40664973027088,39
6,9,0.999356724378006,0.706329039680913,39
5,9,0.998923418602282,0.724393166320181,39
1,10,0.999898468110104,0.962354985977799,39
2,10,0.999867175826205,0.954644389283526,39
3,10,0.999690888799465,0.853899048870757,39
4,10,0.99926720096725,0.73035791024191,39
6,10,0.999613010129075,0.0316912865395006,39
5,10,0.998846670931594,0.637623456897042,39
1,11,0.999911388859381,0.865543938889471,39
2,11,0.999885832143075,0.918062717448329,39
3,11,0.999671622055678,0.983661302899743,39
4,11,0.999268549264007,0.949965753885186,39
6,11,0.999347752046906,0.476416287835265,39
5,11,0.998819110526324,0.551533314768211,39
1,12,0.999915254580946,0.986460364448991,39
2,12,0.999888001532218,0.941720817888663,39
3,12,0.999712705832609,0.807328867618782,39
4,12,0.999345294266693,0.873027603622869,39
6,12,0.999371283148899,0.777927919067904,39
5,12,0.998800528895846,0.712416497763866,39
1,13,0.999897445790969,0.985574103863656,39
2,13,0.999872439678834,0.970335230384092,39
3,13,0.999659529965956,0.555180541691153,39
4,13,0.999246702231104,0.929440963845483,39
6,13,0.999355164511159,0.734313989651353,39
5,13,0.998911478013468,0.455112875734587,39
1,14,0.999901935429816,0.98529342107971,39
2,14,0.999873485898139,0.936555082077519,39
3,14,0.999644265720545,0.974592172288442,39
4,14,0.999235240613095,0.801513384066043,39
6,14,0.999356594064097,0.604849594073765,39
5,14,0.998803070711061,0.642209556207573,39
1,15,0.999900033571208,0.991499554293957,39
2,15,0.999868763874949,0.911671082527107,39
3,15,0.999705445921051,0.822860698633384,39
4,15,0.999270756158567,0.753013190943601,39
6,15,0.99941093313366,-0.0479096466177939,39
5,15,0.998765677391816,0.773313045737032,39
1,1,0.998851654693444,0.837325250222923,40
2,1,0.998174560359871,0.901628900893469,40
4,1,0.994262362305045,0.974176083931718,40
3,1,0.989974072469759,0.737852273375947,40
6,1,0.987906110002364,0.67784343071179,40
5,1,0.981648375272265,0.76421768505806,40
1,2,0.998589015662314,0.98737021449621,40
2,2,0.99800922690927,0.918003816889158,40
4,2,0.993809709199281,0.965806120370178,40
3,2,0.98873705942073,0.77293277224375,40
6,2,0.991096771480481,0.843771595109755,40
5,2,0.984297785755635,-0.0276584494919574,40
1,3,0.998763601381943,0.978428519771482,40
2,3,0.997912443411221,0.910987709713425,40
4,3,0.993883912386734,0.826706754694513,40
3,3,0.988435523554479,0.935091639620705,40
6,3,0.990151238802491,0.274099826000765,40
5,3,0.9826483942471,0.74199034871106,40
1,4,0.999199863265468,0.967593340468516,40
2,4,0.998352581166045,0.878369760702034,40
4,4,0.996069829748834,0.766310211947041,40
3,4,0.988003978585393,0.976026987639467,40
6,4,0.991991924056916,0.544078989365017,40
5,4,0.982144492695367,0.61414092530341,40
1,5,0.998688338435823,0.915520289139599,40
2,5,0.997884503573445,0.977675541681905,40
4,5,0.995852401644375,0.326634308839724,40
3,5,0.995443866920671,0.751916453393546,40
6,5,0.989696190088223,0.0684095050101265,40
5,5,0.988033785729608,-0.0583195933968328,40
1,6,0.998673784650637,0.971814537984659,40
2,6,0.998738403747321,0.564726024894813,40
4,6,0.995338477616368,0.789491096841304,40
3,6,0.988235656194041,0.893916170075772,40
6,6,0.99057417402308,0.528275763207187,40
5,6,0.982170493052955,0.805163385726351,40
1,7,0.998382332476432,0.985723538738561,40
2,7,0.997920916509523,0.961344908447477,40
4,7,0.994542374827922,0.650016847783655,40
3,7,0.9872536061867,0.582692679569223,40
6,7,0.990284478960354,0.306439307472614,40
5,7,0.982931348286905,0.162685806679667,40
1,8,0.998584081796255,0.996402113902015,40
2,8,0.998020580252047,0.970838384315241,40
4,8,0.99489234466495,0.847926479407042,40
3,8,0.987703581424296,0.974091987174502,40
6,8,0.989659592173234,0.843860301707977,40
5,8,0.982965579073535,0.833818543932444,40
1,9,0.998527267375973,0.986427825370381,40
2,9,0.997652233491822,0.974055936733206,40
4,9,0.995118895538475,0.908937277948014,40
3,9,0.988656995848759,0.729401879178114,40
6,9,0.991374938541371,-0.115445944786068,40
5,9,0.982341678506605,0.706294338777734,40
1,10,0.998520053779193,0.997991563672982,40
2,10,0.998004782703201,0.961870620543712,40
4,10,0.994671756364783,0.902201862212857,40
3,10,0.991072477402029,0.602789539515176,40
6,10,0.991522461257171,0.191637257632773,40
5,10,0.980054943898557,0.902868780694352,40
1,11,0.998585630821837,0.984931727240262,40
2,11,0.99797648729995,0.928375640646011,40
4,11,0.994701985760984,0.94683894218622,40
3,11,0.988283636559821,0.92388926153019,40
6,11,0.989969369509748,0.360526075145443,40
5,11,0.983449462802395,-0.185429299787711,40
1,12,0.99834110406964,0.995116380675551,40
2,12,0.997939569100143,0.961379510176203,40
4,12,0.994541125974311,0.803579049134404,40
3,12,0.987377745313658,0.910154826239978,40
6,12,0.989814769375729,0.317887035839704,40
5,12,0.984208428623725,0.503919942766879,40
1,13,0.998547160275305,0.986574339460949,40
2,13,0.998080763823925,0.905659754552491,40
4,13,0.994901225469408,0.971145981897842,40
3,13,0.988535512034816,0.663101116590522,40
6,13,0.98538186673111,0.739912467459927,40
5,13,0.986920861985227,0.859846109271699,40
1,14,0.998608310180923,0.98551111536093,40
2,14,0.998287118040601,0.831219449960127,40
4,14,0.995075187595245,0.799571627903192,40
3,14,0.988293755844074,0.833709294605758,40
6,14,0.989782488730248,0.437318609124728,40
5,14,0.982162326601393,0.641403554149468,40
1,15,0.998587658205965,0.894260793045722,40
2,15,0.997768627897941,0.99795729729427,40
4,15,0.994864442949793,0.426312894739603,40
3,15,0.986537478328567,0.888646866905287,40
6,15,0.989567753060145,0.935388419203659,40
5,15,0.981535066333102,0.972412456577526,40
1,1,0.9996634220469,0.985838555145208,41
2,1,0.999504207222244,0.876749883668763,41
3,1,0.998945531248707,0.459285666877031,41
6,1,0.997614905465909,0.864577763637945,41
4,1,0.995296809956781,0.914013111315927,41
5,1,0.993287707107872,0.508897391357046,41
1,2,0.999586599377009,0.962196982117948,41
2,2,0.99939339262727,0.955448868874023,41
3,2,0.998775539813728,0.39053006629395,41
6,2,0.99805437729815,0.501316695274939,41
4,2,0.995191836065106,0.881625582413815,41
5,2,0.992865275718422,0.812184508922251,41
1,3,0.999564148819815,0.937849931586583,41
2,3,0.999341257747535,0.950393378736667,41
3,3,0.998565810097459,0.875767779043616,41
6,3,0.997221635982472,0.534399797767802,41
4,3,0.995731081656793,0.629123009981546,41
5,3,0.993708433207273,0.0913310695214374,41
1,4,0.99953084511341,0.990569764999992,41
2,4,0.999424316344572,0.940999397596737,41
3,4,0.998892123490915,0.825669657520807,41
6,4,0.996964811329713,0.56158242504593,41
4,4,0.995969709931801,0.221340042252171,41
5,4,0.992034461045761,0.746186812536178,41
1,5,0.999548360873598,0.989126251894684,41
2,5,0.999364177778832,0.966734419505057,41
3,5,0.998738860074681,0.84249470293535,41
6,5,0.997810152071417,0.819335752604517,41
4,5,0.994818490030633,0.814675460726622,41
5,5,0.992890817999319,0.66410005676335,41
1,6,0.999621413334851,0.923949528609643,41
2,6,0.999329211226336,0.994830200757803,41
3,6,0.998624303749702,0.881547442090319,41
6,6,0.997655874288128,0.539807371658129,41
4,6,0.995437444628426,0.924246453830629,41
5,6,0.992032080984627,0.750635899535429,41
1,7,0.999581757645914,0.941138421816326,41
2,7,0.999386664064774,0.972940958009224,41
3,7,0.998745193064874,0.797707591407161,41
6,7,0.99759430488711,0.702626317553338,41
4,7,0.994835218351264,0.742249722933072,41
5,7,0.992860413428704,0.8293478962142,41
1,8,0.999564915351603,0.989507863204753,41
2,8,0.999412284979001,0.91556961049934,41
3,8,0.998705299327087,0.783087796560187,41
6,8,0.99588391483576,0.335468855834193,41
4,8,0.992345361736766,0.488734187510128,41
5,8,0.994627000945344,0.854524371026836,41
1,9,0.999737393925684,0.918416960505604,41
2,9,0.999415170194595,0.960103342537707,41
3,9,0.998678438871579,0.971752014406961,41
6,9,0.997698452280953,0.242098848650604,41
4,9,0.995717658877092,0.887220120189221,41
5,9,0.992200396309512,0.676271631928898,41
1,10,0.999637137818176,0.972995677668875,41
2,10,0.999401909021505,0.95534386538551,41
3,10,0.998967583198321,0.977443430076416,41
6,10,0.998362471919994,0.371534393378915,41
4,10,0.995443098902229,0.824502664892939,41
5,10,0.992485818884211,0.476591790782148,41
1,11,0.999568844817877,0.979171283998304,41
2,11,0.999499529198075,0.636105526534636,41
3,11,0.998876982110868,0.907252299169637,41
6,11,0.996948854776337,0.639703734037361,41
4,11,0.997558149975665,0.942969381245393,41
5,11,0.994087382238069,0.527509750847234,41
1,12,0.999675590909058,0.955237437668738,41
2,12,0.999464794769856,0.770710999605223,41
3,12,0.998744733891618,0.623575300889811,41
6,12,0.998327498450649,0.433211513673055,41
4,12,0.997718165788974,0.790658873851865,41
5,12,0.996631966941009,0.0381820762770092,41
1,13,0.999560474675694,0.956703313687562,41
2,13,0.999379414159714,0.793720693088914,41
3,13,0.99877451300954,0.862620560765196,41
6,13,0.997642182717438,-0.361084546262872,41
4,13,0.995311053466523,0.140297585609496,41
5,13,0.992722889510809,0.397795500149386,41
1,14,0.999570170543163,0.995166915188443,41
2,14,0.999449486975095,0.979165491052326,41
3,14,0.998778112078822,0.936390179431493,41
6,14,0.99733108089678,0.928390484985283,41
4,14,0.995800570391855,0.948381454075016,41
5,14,0.992669200115159,0.398758974944332,41
1,15,0.999596681942639,0.97159333780999,41
2,15,0.999322174792193,0.985430107593919,41
3,15,0.998661424059666,0.994248963971221,41
6,15,0.997407945303587,0.968788878956438,41
4,15,0.996122067125548,0.53439641114443,41
5,15,0.991916171262953,0.748127062183061,41
1,1,0.999745789788803,0.980792288811541,42
2,1,0.999453044908436,0.961180275808623,42
3,1,0.998824694011218,0.971452959446177,42
4,1,0.997460014197135,0.825540549716039,42
5,1,0.997784766167159,0.278087063070229,42
6,1,0.994830715335442,0.723377911109904,42
1,2,0.999559978103052,0.995511379026915,42
2,2,0.999416461522008,0.954278164056495,42
3,2,0.99880722565281,0.807977485047973,42
4,2,0.99624524669967,0.64242045079738,42
5,2,0.997691400071659,0.186420257868563,42
6,2,0.995253355430822,0.742913406356203,42
1,3,0.999651599398253,0.895845921849132,42
2,3,0.999471429895584,0.977961914257574,42
3,3,0.998771410492871,0.944214710192637,42
4,3,0.996681652838876,0.826177434257137,42
5,3,0.997564364251115,0.805311127012252,42
6,3,0.995369872842773,0.406204078341222,42
1,4,0.999615028118398,0.971254717708553,42
2,4,0.999451746239089,0.963114206253709,42
3,4,0.998929853587232,0.857692794409935,42
4,4,0.998545855871765,0.571907096336652,42
5,4,0.996280439395892,0.970425766067476,42
6,4,0.995367540504636,0.773804940788811,42
1,5,0.999601422272682,0.941590204356486,42
2,5,0.999443656152693,0.926586699051308,42
3,5,0.998730677562899,0.97711216196268,42
4,5,0.996390345584529,0.808498729085559,42
5,5,0.99803679497737,0.600686872659952,42
6,5,0.994959871389057,0.327776317186778,42
1,6,0.999655788456958,0.989498106114637,42
2,6,0.999432763451182,0.966633734145079,42
3,6,0.998865080856494,0.721565700677785,42
4,6,0.996384610467736,0.427379915196936,42
5,6,0.997694509155543,0.47863957098644,42
6,6,0.995308715810951,0.0533273285363546,42
1,7,0.999593126608662,0.91262888454064,42
2,7,0.999420467104428,0.938830115788767,42
3,7,0.998828518781422,0.758780443021422,42
4,7,0.996484101918971,0.658757504259304,42
5,7,0.996663253147878,0.944340065116191,42
6,7,0.994749757466556,0.898685381388622,42
1,8,0.99956597723171,0.991397245493315,42
2,8,0.999417900344813,0.960952099924816,42
3,8,0.998945700558193,0.828935841370652,42
4,8,0.996845566358191,0.470919658124161,42
5,8,0.997624517837888,0.608647249941277,42
6,8,0.994602012369405,0.624756380844731,42
1,9,0.999584956822655,0.983004135100717,42
2,9,0.999370858094914,0.964383603381143,42
3,9,0.998711133411627,0.724069656277286,42
4,9,0.996491426786735,0.110106216979372,42
5,9,0.997090904130716,0.542976465811888,42
6,9,0.995190603569417,0.319265552282623,42
1,10,0.999555227222797,0.971599961997943,42
2,10,0.999514546246366,0.481479561964271,42
3,10,0.998759802225219,0.300678503308005,42
4,10,0.998683157752459,0.91426283824596,42
5,10,0.997608402907951,0.852581685792101,42
6,10,0.997343173076878,0.0269176209115241,42
1,11,0.999552051155425,0.986024391646531,42
2,11,0.99942833857866,0.885100656449421,42
3,11,0.998683856034667,0.763493672695336,42
4,11,0.996122979877324,0.901840578438344,42
5,11,0.997601288334126,0.661891901045519,42
6,11,0.99528184131049,0.761974712845045,42
1,12,0.999551960140699,0.954639343253418,42
2,12,0.99949675076904,0.630204734023055,42
3,12,0.998733463970277,0.607335324544726,42
4,12,0.99640668330027,0.893001664960448,42
5,12,0.997579392768228,0.638829491815223,42
6,12,0.995143850569678,0.560412652922688,42
1,13,0.999564233021725,0.982565761486648,42
2,13,0.9993659174758,0.986331096791107,42
3,13,0.99871873398872,0.985820776088167,42
4,13,0.996376932928632,0.722187766528624,42
5,13,0.997672591142288,0.12100816433219,42
6,13,0.995485549562959,0.666458152817815,42
1,14,0.999570503733878,0.99045808224936,42
2,14,0.99946936809664,0.496920039034418,42
3,14,0.998900197531862,0.819526452091445,42
4,14,0.996198363791439,0.882196407981811,42
5,14,0.997564582015705,-0.00348517468983832,42
6,14,0.995349673489422,0.495849672454873,42
1,15,0.999594963720669,0.964853964144657,42
2,15,0.999329947558689,0.99431862577182,42
3,15,0.998702377293447,0.886459184305364,42
4,15,0.996399344040285,0.903699157643351,42
5,15,0.997587847244681,0.638371842550634,42
6,15,0.994823690168842,0.914978141008984,42
1,1,0.999996244239063,0.995495217024337,43
2,1,0.999994201213761,0.939389453464008,43
3,1,0.999989221885664,0.7946571016626,43
4,1,0.999968551057107,0.12593632793561,43
5,1,0.999979249513939,0.79782742440667,43
6,1,0.999936625511416,0.569085116982454,43
1,2,0.999996790990476,0.993669708216259,43
2,2,0.999994419146932,0.96318609698953,43
3,2,0.999990432671833,0.460302171013738,43
4,2,0.999969431305598,0.867973848803042,43
5,2,0.999975791851679,0.796202367148631,43
6,2,0.999937046668453,0.538582314392569,43
1,3,0.999996538403847,0.9906237263015,43
2,3,0.999991555912766,0.93714680733272,43
3,3,0.999990577927822,0.498545647356727,43
4,3,0.999985955377436,0.549287635267494,43
5,3,0.999977364017612,-0.0715073192910479,43
6,3,0.999981089715723,0.209818306355106,43
1,4,0.999996766407318,0.930399369059005,43
2,4,0.999993715465176,0.987044337894426,43
3,4,0.999990800579708,0.377386016384896,43
4,4,0.9999699938969,0.62810502827732,43
5,4,0.999973267944284,0.329817439360923,43
6,4,0.999936828862346,0.756791696134289,43
1,5,0.999996518497862,0.993523862364537,43
2,5,0.999994276864951,0.972586273340919,43
3,5,0.999988808324038,0.88427915869434,43
4,5,0.999970626748915,0.928665824505479,43
5,5,0.999976925907047,0.911187287864529,43
6,5,0.999942035331578,0.184698388888196,43
1,6,0.999996859820238,0.9860553861464,43
2,6,0.999994474744454,0.967624522099614,43
3,6,0.999989600869127,0.751015301385324,43
4,6,0.99997111726914,0.944805252948631,43
5,6,0.999978471880587,0.542560575770115,43
6,6,0.999937633615642,0.697306899471887,43
1,7,0.999996682178581,0.908372168097708,43
2,7,0.999993829647993,0.966447131299479,43
3,7,0.999988067488299,0.958604512718459,43
4,7,0.999969843887535,0.787403489625411,43
5,7,0.999976401622009,0.879847010522618,43
6,7,0.999937476017273,-0.196407976260894,43
1,8,0.999996834824695,0.976303924449937,43
2,8,0.999993962730052,0.882632633365231,43
3,8,0.999988453584862,0.942321924346137,43
4,8,0.999980049524643,0.678194628296377,43
5,8,0.999972882433629,0.708505064377068,43
6,8,0.999941721478068,0.756838705617686,43
1,9,0.999997852939518,0.941497268111052,43
2,9,0.999994919063207,0.739724538113746,43
3,9,0.999988230685937,0.883099331533381,43
4,9,0.999973435789985,0.858793759273089,43
5,9,0.999981376764286,0.665600760740334,43
6,9,0.999966193577737,0.321901753951925,43
1,10,0.99999734493902,0.92002378681077,43
2,10,0.999994978334907,0.89191194042972,43
3,10,0.999989520136941,0.453035307234071,43
4,10,0.999970717405258,0.874953656062058,43
5,10,0.999975749887633,0.132040518471642,43
6,10,0.999938365675888,0.766574160788187,43
1,11,0.999996669650237,0.993853462040746,43
2,11,0.999994074887692,0.971241427133836,43
3,11,0.99998945516823,0.956866254378263,43
4,11,0.999969787969691,0.903501729092423,43
5,11,0.999977687097547,0.512495396603938,43
6,11,0.99993638714173,0.974533244459751,43
1,12,0.999997019695916,0.952278538472615,43
2,12,0.999994832014115,0.837954114659456,43
3,12,0.999987642128484,0.950365379456527,43
4,12,0.999969089801488,0.920551424424963,43
5,12,0.999975617270953,0.745963807974563,43
6,12,0.999946326453758,-0.281096233339121,43
1,13,0.999996697206853,0.975260222080196,43
2,13,0.999994782418944,0.696101316721601,43
3,13,0.999988823418621,0.777541474453032,43
4,13,0.999964317316759,0.929922081311289,43
5,13,0.99996883957426,0.457776446680565,43
6,13,0.999945678533137,0.725698128432601,43
1,14,0.999996957470423,0.971903585465464,43
2,14,0.999994955853393,0.951878498271565,43
3,14,0.999989772087266,0.656648228139143,43
4,14,0.999969811637012,0.842933211029482,43
5,14,0.999977916592629,0.0205746327454699,43
6,14,0.999939102011085,0.604893430366859,43
1,15,0.9999965925188,0.932702943771336,43
2,15,0.999995681840277,0.62639840341497,43
3,15,0.999988512623351,0.93860059997752,43
4,15,0.999969461155057,0.339079874233092,43
5,15,0.99997737717023,0.322223273175614,43
6,15,0.999937427180401,0.340014040838883,43
1,1,0.999809762763834,0.870801228868351,44
2,1,0.99945349428327,0.993529071008324,44
3,1,0.998847710140036,0.929196179614305,44
4,1,0.997916312448416,0.788857849206776,44
5,1,0.997047238637493,0.719910069556812,44
6,1,0.994821212836342,0.751137866611504,44
1,2,0.999712531129556,0.962737843713221,44
2,2,0.999643481773348,0.725777850694089,44
3,2,0.998855207042703,0.920830624003798,44
4,2,0.996830803291213,0.788157357817235,44
5,2,0.99712477491506,0.332646289832058,44
6,2,0.995114658659023,0.872686388865748,44
1,3,0.999675570910255,0.959802459179851,44
2,3,0.999533766150509,0.937428700348335,44
3,3,0.998764485812247,0.983677919186512,44
4,3,0.996692062018991,0.35285351424231,44
5,3,0.997783044221782,0.881269155748839,44
6,3,0.995168468276463,-0.099651880586873,44
1,4,0.99963540086635,0.978884949271172,44
2,4,0.999456125296605,0.991654737784852,44
3,4,0.998961467468498,-0.294524050430454,44
4,4,0.997107363793072,0.917146318691837,44
5,4,0.997889446372677,0.306695987824282,44
6,4,0.994585594270078,0.951363798299254,44
1,5,0.999630685285504,0.992892006384116,44
2,5,0.999549609654195,0.773908661094937,44
3,5,0.998903578719136,0.769390906991154,44
4,5,0.99693280058755,0.753556458473282,44
5,5,0.997939149026301,0.0225593333526235,44
6,5,0.99474114777838,0.749291902222254,44
1,6,0.999710612738912,0.958100695826558,44
2,6,0.999538312456363,0.967729786660125,44
3,6,0.998841731734615,0.904269860140816,44
4,6,0.996964175970984,0.968325465115766,44
5,6,0.997694180827116,0.979677573305872,44
6,6,0.996294461835625,0.246303614902999,44
1,7,0.999606190812208,0.992475454875898,44
2,7,0.999482666249609,0.955627080397308,44
3,7,0.998758382451822,0.911949922094416,44
4,7,0.996630603119148,0.534290999537626,44
5,7,0.99765357214976,0.690507148884553,44
6,7,0.995153167981586,-0.331394017743219,44
1,8,0.999624210867993,0.990121258913258,44
2,8,0.999485915230265,0.969989835615,44
3,8,0.998809915231069,0.971831085582579,44
4,8,0.997109140417135,0.695118168306724,44
5,8,0.997715831967746,0.419114057772971,44
6,8,0.994684200658583,-0.0953420123197816,44
1,9,0.999618645573964,0.994810257683932,44
2,9,0.999497138587302,0.932789289287734,44
3,9,0.998615398848543,0.698667684936881,44
4,9,0.996973717476545,0.553199779119646,44
5,9,0.996646522352259,0.769921148879235,44
6,9,0.995447757367261,0.861086203158861,44
1,10,0.999597504292089,0.995428872828759,44
2,10,0.999527605097243,0.332444934858661,44
3,10,0.999093434483469,0.772658904740198,44
4,10,0.996550129621548,0.588005630828496,44
5,10,0.997628632221525,0.757690962359183,44
6,10,0.994717769462589,-0.180480951730923,44
1,11,0.999575603303593,0.992753987496905,44
2,11,0.999472490998752,0.900241145589664,44
3,11,0.998650959518923,0.90594181617946,44
4,11,0.996549756607171,0.92409766721302,44
5,11,0.997619006815724,0.0285028444720839,44
6,11,0.994791951948039,0.740486226030694,44
1,12,0.999689939162769,0.76781424519335,44
2,12,0.999500658048415,0.906854488716458,44
3,12,0.998773788864575,0.947832896182962,44
4,12,0.99751413735792,0.815360046778306,44
5,12,0.997777728738323,0.656500662547405,44
6,12,0.995052640226531,-0.0296482145844558,44
1,13,0.999639052814212,0.947744341663135,44
2,13,0.999496260224099,0.961214807447587,44
3,13,0.998784586719609,0.955908688579835,44
4,13,0.997261973094493,0.92147777622404,44
5,13,0.998051142736923,0.850131804598933,44
6,13,0.994544536285683,0.715502135650864,44
1,14,0.999636828387341,0.972141486554643,44
2,14,0.999448816406266,0.989860867102566,44
3,14,0.998878614690546,0.470632471678146,44
4,14,0.997052758178618,0.649621285405933,44
5,14,0.997404889051072,0.795065465916614,44
6,14,0.994724814650273,0.662696484077178,44
1,15,0.999634178024729,0.926470479511736,44
2,15,0.999434279329955,0.984862389648301,44
3,15,0.998875338170598,0.456472046684492,44
4,15,0.998421804417298,0.652480582217614,44
5,15,0.997762648296233,0.161620200635152,44
6,15,0.997610396008407,0.396608604968228,44
1,1,0.999629171416697,0.975478348974244,45
2,1,0.999492878228071,0.969120756617653,45
3,1,0.998807696027525,0.701477670786642,45
4,1,0.996922729197431,0.66598858989224,45
5,1,0.997674855588069,0.941351315205182,45
6,1,0.99465859415361,0.757245982002172,45
1,2,0.999650534869606,0.972269004208377,45
2,2,0.999516824755767,0.990035242242853,45
3,2,0.998942004522679,0.417352352085599,45
4,2,0.997050764514137,0.899868613007322,45
5,2,0.997589570360858,0.771232104274558,45
6,2,0.996021356429064,0.547827435706512,45
1,3,0.99962318654517,0.973017859234788,45
2,3,0.999520371232599,0.778103156776345,45
3,3,0.998978889830422,0.879179933417605,45
4,3,0.997190289688534,0.750604973623133,45
5,3,0.997528591420101,0.744679459230277,45
6,3,0.996059808559058,0.499172002477911,45
1,4,0.999643991783516,0.948671122060292,45
2,4,0.999502291282547,0.937465071557111,45
3,4,0.998883321103043,0.530133457407687,45
4,4,0.998259103263084,0.290313069089172,45
5,4,0.997766391190596,0.61265196824232,45
6,4,0.994606954663676,0.859378608192782,45
1,5,0.999682405036835,0.950910268283391,45
2,5,0.999568280287378,0.583544774993207,45
3,5,0.999057633918729,0.679753361799434,45
4,5,0.996835189055187,0.795462466169917,45
5,5,0.997067687711442,0.843870847487197,45
6,5,0.9954065514084,0.139928581511604,45
1,6,0.999625875976485,0.973312426837732,45
2,6,0.999498142503299,0.973576649001586,45
3,6,0.998773369021413,0.96179701089208,45
4,6,0.996983968443352,0.658532858168668,45
5,6,0.997527568222869,0.0371750270637087,45
6,6,0.994894660282037,0.482695431890264,45
1,7,0.99963784528087,0.99066605376364,45
2,7,0.999512591251508,0.977285874621208,45
3,7,0.998794317340766,0.971923428422113,45
4,7,0.996819984696556,0.766732566323334,45
5,7,0.997642812010053,0.401304609370667,45
6,7,0.995132231096579,-0.129513633378025,45
1,8,0.999651759323085,0.873648355718782,45
2,8,0.999575448921809,0.936246060516052,45
3,8,0.998912196536602,0.894651405048949,45
4,8,0.997275351539698,0.389565177464479,45
5,8,0.99739904047055,0.255369346599264,45
6,8,0.994876789367973,0.951942811938284,45
1,9,0.999623640322081,0.984620955166724,45
2,9,0.999485158303333,0.956859072653713,45
3,9,0.998699472224599,0.979812570516119,45
4,9,0.996858507775127,0.929566763220888,45
5,9,0.997512159415197,0.898653720774694,45
6,9,0.994998218236264,0.240949304935761,45
1,10,0.999762496396024,0.890374123818255,45
2,10,0.999525577467394,0.722865502309378,45
3,10,0.998836484292514,0.967419170866327,45
4,10,0.996874628643653,0.890924206639507,45
5,10,0.997747601462358,0.872006645595581,45
6,10,0.995305067908031,0.727392520777251,45
1,11,0.999641860946977,0.961971879857779,45
2,11,0.99950478892147,0.954786841036593,45
3,11,0.9987817663835,0.941161515776774,45
4,11,0.996756774696339,0.801840738522599,45
5,11,0.996794718561394,0.739682257881464,45
6,11,0.995218476140266,0.792650067062012,45
1,12,0.999608354217826,0.965200976890634,45
2,12,0.999483927560788,0.986431113143257,45
3,12,0.998780745264556,0.849452049850931,45
4,12,0.996866712074383,0.93349034366326,45
5,12,0.997491496357889,0.306561779486442,45
6,12,0.995161234358285,0.689123157086797,45
1,13,0.999600069311458,0.977342458257787,45
2,13,0.999542100180464,0.744759745877672,45
3,13,0.998786425010008,0.750556560882738,45
4,13,0.998499442888366,0.705128775191247,45
5,13,0.997738326982841,0.356314564868056,45
6,13,0.997518972336497,0.609582680904028,45
1,14,0.999593376070569,0.992183029808615,45
2,14,0.999473557598165,0.956918120852056,45
3,14,0.998801695571882,0.42530774049871,45
4,14,0.996900348113476,0.833873989253565,45
5,14,0.997636092941958,0.650431596460685,45
6,14,0.994852806874029,0.932725109567216,45
1,15,0.999570098674954,0.997589709270765,45
2,15,0.999450497787143,0.972529605704467,45
3,15,0.998792274429913,0.951800461009059,45
4,15,0.99647142108388,0.635839500867045,45
5,15,0.997569530456818,0.342086957290085,45
6,15,0.995255941487909,0.442689813324639,45
1,1,0.99964803392769,0.995178992746734,46
2,1,0.99945252020088,0.976994210786964,46
3,1,0.998771350938938,0.860794227379245,46
4,1,0.996852211367486,0.67681443059707,46
5,1,0.997460626923498,0.871878328452022,46
6,1,0.995373720665887,0.439150582029091,46
1,2,0.99971865675101,0.980398102050052,46
2,2,0.999594007170803,0.409567417831592,46
3,2,0.99890191392306,-0.262331104665404,46
4,2,0.996744037685547,0.930401098814525,46
5,2,0.997437270415941,0.797225975317059,46
6,2,0.9955280707799,0.358187893471133,46
1,3,0.99968800179376,0.952796432207635,46
2,3,0.999506905268156,0.94287567634788,46
3,3,0.998835923650762,0.835530562615729,46
4,3,0.997016875981999,0.797181825873978,46
5,3,0.998297520111312,0.477711529780841,46
6,3,0.995056936407239,0.859064030291556,46
1,4,0.999653347112253,0.994559472197623,46
2,4,0.999499282746815,0.816988749113656,46
3,4,0.998691284245327,0.846351368866845,46
4,4,0.99689892978149,0.887906290976856,46
5,4,0.996444998488299,0.766879811802436,46
6,4,0.996439484614302,0.801373935259935,46
1,5,0.999672090305019,0.991789613336401,46
2,5,0.999506986480524,0.981653384111233,46
3,5,0.998812961181357,0.930898352204016,46
4,5,0.996897515921391,0.797623552710195,46
5,5,0.997097355537566,0.471264817664276,46
6,5,0.994985920019405,0.37241379093796,46
1,6,0.999656459851837,0.97500058690524,46
2,6,0.999494740039439,0.936892373128393,46
3,6,0.998736994949967,0.950591323645943,46
4,6,0.996951735153665,0.49997730175966,46
5,6,0.998251295497733,0.886398330275016,46
6,6,0.995058237427584,-0.0607419219255788,46
1,7,0.999694028739593,0.891174823533618,46
2,7,0.999482099603524,0.990181413038181,46
3,7,0.998767729276073,0.959052942580436,46
4,7,0.996896716101597,0.689422268119116,46
5,7,0.997526761213942,0.90181120453555,46
6,7,0.994849489761244,-0.439345582340592,46
1,8,0.999650856194447,0.87330354489464,46
2,8,0.999368884454836,0.974904378299413,46
3,8,0.998622067489945,0.785603077549344,46
4,8,0.996827293565383,0.897140134684294,46
5,8,0.997409604587291,-0.0381199469598954,46
6,8,0.994293307215661,0.756887363592152,46
1,9,0.999655343734676,0.937472275026632,46
2,9,0.999481195121514,0.976505064163832,46
3,9,0.998746674504234,0.839110437212751,46
4,9,0.996873194976932,0.889078883622972,46
5,9,0.997449413502804,0.355834540474194,46
6,9,0.99504947359647,0.689712446470542,46
1,10,0.999626334739105,0.984261642102167,46
2,10,0.99951662966176,0.745765872970545,46
3,10,0.998917981037381,0.556375771114351,46
4,10,0.998826012573347,0.627481306887383,46
5,10,0.997466904478024,0.300299093176764,46
6,10,0.997173178793779,0.572446367272878,46
1,11,0.999632777828096,0.972465080006766,46
2,11,0.99955837566849,0.712934643044978,46
3,11,0.998638866783011,0.961598857594175,46
4,11,0.996775938909641,0.214681940464458,46
5,11,0.997539406315902,0.560037231452713,46
6,11,0.995152225847338,-0.569085091833755,46
1,12,0.999640957852025,0.990075458796871,46
2,12,0.999518338028118,0.897645919688644,46
3,12,0.998820054752688,0.945332500177931,46
4,12,0.997506688913821,0.648974828822846,46
5,12,0.997679079458932,0.284930094098346,46
6,12,0.995363557681142,0.703896757322924,46
1,13,0.999673802236266,0.959078428152511,46
2,13,0.999540607705892,0.817949218845137,46
3,13,0.998809296360681,0.868936541705148,46
4,13,0.996432962532523,0.89361817368031,46
5,13,0.997433410889726,0.906786172681408,46
6,13,0.995272956136406,0.686139772745004,46
1,14,0.999640100280433,0.993258247643972,46
2,14,0.999513403548922,0.931889445674187,46
3,14,0.998719121259629,0.221631649235309,46
4,14,0.997270401796815,0.608687273484751,46
5,14,0.997419617024195,-0.324668982504898,46
6,14,0.995002309378008,0.564651212225435,46
1,15,0.999788912374219,0.871804229620568,46
2,15,0.999523198318723,0.980887662732067,46
3,15,0.998753828736957,0.930689876440262,46
4,15,0.99706371433082,0.900147139538721,46
5,15,0.99743558332431,0.394317258201008,46
6,15,0.995065506375719,0.723605300545825,46
1,1,0.998451825938625,0.985006648197366,47
2,1,0.998432530891737,0.643431362992982,47
4,1,0.994949941060837,0.778938783093468,47
3,1,0.989989832574643,0.588016563644122,47
5,1,0.991601471159863,0.0716909848071537,47
6,1,0.982488492761044,0.631719000861851,47
1,2,0.998668574402431,0.982482200237398,47
2,2,0.997934595371488,0.988918360578545,47
4,2,0.995373689215826,-0.0732629164620293,47
3,2,0.988367541568213,0.595571439217686,47
5,2,0.991682596280291,-0.289173136444057,47
6,2,0.9826914767625,0.803550860511083,47
1,3,0.999155811062852,0.942495533990437,47
2,3,0.9980775600018,0.932864263559505,47
4,3,0.99502123776829,0.65252310352444,47
3,3,0.994548837783557,0.975997210605406,47
5,3,0.991650991597293,0.601007701050779,47
6,3,0.988653503854189,0.089274612535144,47
1,4,0.998908799105352,0.966899856505912,47
2,4,0.997989566435475,0.963309459257731,47
4,4,0.994898816996414,0.888331670252749,47
3,4,0.987892452866242,0.192208492338877,47
5,4,0.991262298096652,0.897795247702912,47
6,4,0.982951911616584,0.498468737845052,47
1,5,0.998648382481048,0.994847040199787,47
2,5,0.998098777496376,0.880397541156244,47
4,5,0.995190749412648,0.537025623642655,47
3,5,0.989115085915987,0.647814601283835,47
5,5,0.989166424915222,0.661333871304738,47
6,5,0.986001051463472,0.352887453818112,47
1,6,0.998714919391334,0.982419947914786,47
2,6,0.997925395172579,0.995426285095928,47
4,6,0.995942100957305,0.761103217064054,47
3,6,0.986655706212783,0.75208409621152,47
5,6,0.990745982967732,-0.591362913504506,47
6,6,0.983816312470596,0.250019230845337,47
1,7,0.998634196879423,0.993487657280671,47
2,7,0.998115389359393,0.903419054364158,47
4,7,0.994998519796495,0.86089737292732,47
3,7,0.986366361184801,0.895323265417421,47
5,7,0.987486613435405,0.822438895686613,47
6,7,0.985146786367734,0.95136502140079,47
1,8,0.998690498713026,0.959410107654141,47
2,8,0.998376619906554,0.389135906124993,47
4,8,0.994724789616319,0.8776922518711,47
3,8,0.987123930806448,0.673208247309674,47
5,8,0.99045466422008,0.697118185182266,47
6,8,0.982915449006442,0.877507700636032,47
1,9,0.99894404770109,0.911344691265989,47
2,9,0.998111939888849,0.97945648351378,47
4,9,0.995367736067844,0.801431215277408,47
3,9,0.988192178746465,0.918704101902082,47
5,9,0.990476290773099,0.652267632472435,47
6,9,0.982233736320112,0.531116415605644,47
1,10,0.998700291018903,0.987094041927597,47
2,10,0.998052088353171,0.929633685470095,47
4,10,0.995126716494418,0.765386478012823,47
3,10,0.987043227762966,0.659358906067708,47
5,10,0.99084000497513,0.674144079761046,47
6,10,0.982780970548427,0.135709029140232,47
1,11,0.998786019723644,0.800854283770593,47
2,11,0.99836254523923,0.859060583932296,47
4,11,0.996308415246457,0.705135102249354,47
3,11,0.988085092535538,0.941614749549745,47
5,11,0.990205978822631,0.824014728073234,47
6,11,0.985475846619895,-0.0929310177292125,47
1,12,0.998612418240552,0.992153505719034,47
2,12,0.998186294282466,0.768861841244995,47
4,12,0.995286884699893,0.964267617832789,47
3,12,0.98797722503634,0.857444476022714,47
5,12,0.991148280175727,0.853698456373778,47
6,12,0.984240512191109,0.879954891176903,47
1,13,0.998669396932373,0.983730550998284,47
2,13,0.998009211572494,0.993280833360985,47
4,13,0.9951325333508,0.726629776096869,47
3,13,0.988271138751606,0.946904672185202,47
5,13,0.990346175290227,0.767150549568674,47
6,13,0.982569230626854,0.58230597223561,47
1,14,0.998784464807988,0.96049930139481,47
2,14,0.997957990975591,0.983295300576692,47
4,14,0.994778907844127,0.995860488751377,47
3,14,0.987787610752886,0.911381499268969,47
5,14,0.990370933555522,0.774190965746951,47
6,14,0.983575819853194,0.697383523367175,47
1,15,0.998742466432035,0.955573404586311,47
2,15,0.998306494984234,0.96983768584155,47
4,15,0.995387111305624,0.902276890356243,47
3,15,0.98883408100669,0.874213021932476,47
5,15,0.991371442208986,0.725255779502711,47
6,15,0.982727404051419,0.580689820057055,47
1,1,0.999704108722333,0.967118214488586,48
2,1,0.999533192608096,0.983679139403035,48
3,1,0.998944640460342,0.817743912299496,48
4,1,0.996952615280508,0.704269097810961,48
5,1,0.997264135491499,0.698736046355104,48
6,1,0.993231181387058,0.778948799524091,48
1,2,0.999689238631985,0.977401279387188,48
2,2,0.999553813882039,0.905428563213936,48
3,2,0.998846570439475,0.754002896313668,48
4,2,0.996667514166694,0.654816863161838,48
5,2,0.997464954791706,0.282361837233402,48
6,2,0.993838538656061,0.44129814154164,48
1,3,0.999683738264251,0.997008787631072,48
2,3,0.99959621036744,0.733834604075459,48
3,3,0.998803611380078,0.957579961504534,48
4,3,0.996399181443103,0.788563358306641,48
5,3,0.997119257892634,0.614201011943437,48
6,3,0.993629997052328,-0.75680498558571,48
1,4,0.999661499239877,0.983007190331851,48
2,4,0.999518411126124,0.965439181953887,48
3,4,0.998832006831138,0.914648625425576,48
4,4,0.996409554495049,0.579500219969082,48
5,4,0.997577308450839,0.689252223568399,48
6,4,0.993535073332165,0.300321921142518,48
1,5,0.999683580804975,0.997312938133235,48
2,5,0.999516780493319,0.991511354800495,48
3,5,0.998941950541472,0.948501465031126,48
4,5,0.996354612367592,0.76535492569073,48
5,5,0.997938480732589,0.864418508938774,48
6,5,0.993414969509665,0.229939329004207,48
1,6,0.999650570207688,0.977702411888342,48
2,6,0.999539502872979,0.968300506698881,48
3,6,0.998844632429798,0.771832428513262,48
4,6,0.996492469231855,0.752221342152996,48
5,6,0.997498215931691,0.523331218028493,48
6,6,0.993122789416233,0.802943256076002,48
1,7,0.999748499349447,0.96651836660806,48
2,7,0.999626285195008,0.97835475781556,48
3,7,0.998916498265489,0.904318665993006,48
4,7,0.996018694812534,0.859993261464919,48
5,7,0.997486159509788,0.530722787144875,48
6,7,0.994127740515454,-0.10655085175856,48
1,8,0.999679589178616,0.958388650012961,48
2,8,0.999570458215338,0.693329857724799,48
3,8,0.998814714154366,0.70964279458318,48
4,8,0.996730063179041,0.464303577355407,48
5,8,0.997598282238634,0.696021734799328,48
6,8,0.992703558233327,0.0707956138949294,48
1,9,0.999798896255598,0.928411436941736,48
2,9,0.999630396220415,0.885263100163073,48
3,9,0.998890875566079,0.934088721674619,48
4,9,0.998582706959506,0.632288636866454,48
5,9,0.997749529092031,0.599567910368316,48
6,9,0.997100890027366,0.460438677823349,48
1,10,0.999661269050706,0.985603802187141,48
2,10,0.999556564759288,0.953069759464269,48
3,10,0.998881727996283,-0.0784273335812567,48
4,10,0.995883309835297,0.631751337521779,48
5,10,0.997447993024176,0.864970028777194,48
6,10,0.993679470000188,0.777014214882503,48
1,11,0.99969224513931,0.992376668748987,48
2,11,0.999498317082244,0.980624999625614,48
3,11,0.998667256763759,0.797444556776463,48
4,11,0.996256186203668,0.922670700372869,48
5,11,0.996735460635506,0.89993415169377,48
6,11,0.993774223515113,0.630906387612272,48
1,12,0.999713255877544,0.825612688975464,48
2,12,0.999564017853996,0.777545028065511,48
3,12,0.99888969248897,0.966752634725992,48
4,12,0.998573056773374,-0.236342954430707,48
5,12,0.995696049004921,0.879369332591217,48
6,12,0.993763884244443,0.485065297114938,48
1,13,0.99972898897343,0.93012878424447,48
2,13,0.999553176138767,0.944792646717451,48
3,13,0.99896535759213,0.871034778568058,48
4,13,0.996466653594332,0.851657075230159,48
5,13,0.998245870217217,0.348584056857756,48
6,13,0.99315826316154,0.710471742732934,48
1,14,0.999684254721951,0.996954249983094,48
2,14,0.99953911239737,0.991747361988668,48
3,14,0.998831505509377,0.964510165314357,48
4,14,0.997741983829139,0.616457561151064,48
5,14,0.997504342122631,0.645694383178271,48
6,14,0.993755907515672,0.77634960180546,48
1,15,0.999685972233674,0.936723288784844,48
2,15,0.999502001941793,0.984343583367686,48
3,15,0.998883108672541,0.61933580694922,48
4,15,0.996372982679917,0.901171520018877,48
5,15,0.997560618821832,0.406812280339545,48
6,15,0.994267610045416,0.765547669277545,48
1,1,0.998802113425798,0.995511764374084,49
2,1,0.998185034480188,0.988741350955997,49
3,1,0.995303420587581,0.938347844956429,49
4,1,0.988887910123567,0.425943384214282,49
5,1,0.991540136642386,0.67091211086875,49
6,1,0.985199600544745,-0.161250632778239,49
1,2,0.998892871942609,0.943034527096161,49
2,2,0.998372019866536,0.951496674484274,49
3,2,0.994956893146356,0.687642936253366,49
4,2,0.989101548151004,0.845557039198532,49
5,2,0.991474568356142,0.876529300391293,49
6,2,0.984106770277756,0.456854346899575,49
1,3,0.998752939955246,0.998496278568368,49
2,3,0.998033729115852,0.987179089945576,49
3,3,0.99538205514501,0.966359223345104,49
4,3,0.991299675027634,0.764653748561946,49
5,3,0.992075237629158,0.94604873226772,49
6,3,0.98182639970577,0.875882364054571,49
1,4,0.998825850515301,0.983335090752887,49
2,4,0.998298892840313,0.918280309786017,49
3,4,0.995495776614157,0.512043522741583,49
4,4,0.989198735395125,0.905565019653343,49
5,4,0.988795969670577,0.696735108370569,49
6,4,0.984108549251347,0.471232979326354,49
1,5,0.999143386996855,0.938404857324678,49
2,5,0.99826223409494,0.957104230930816,49
3,5,0.995184833167643,0.970459282989194,49
4,5,0.989763734296988,0.874070276829098,49
5,5,0.991374548439149,0.129461873176274,49
6,5,0.98392831631776,0.169644093177871,49
1,6,0.999098037032175,0.818183260756113,49
2,6,0.998347073736943,0.786837246986922,49
3,6,0.995811055616593,0.798705188222438,49
4,6,0.988648808856058,0.846379077291799,49
5,6,0.991195398458753,0.0196510850044192,49
6,6,0.984263946342305,0.315341047428082,49
1,7,0.998784397735508,0.987221316189706,49
2,7,0.998191311589355,0.893877750573397,49
3,7,0.995194365471275,0.962985367021806,49
4,7,0.989407264117962,0.283987225935519,49
5,7,0.992390829885331,-0.117665015442137,49
6,7,0.982964398819766,0.846027177308975,49
1,8,0.998793129513686,0.997095815746223,49
2,8,0.998196181788127,0.911563917560561,49
3,8,0.995216940179496,0.964179533518995,49
4,8,0.988793699455508,0.989971746070931,49
5,8,0.992784269733965,0.664529207610265,49
6,8,0.984418590883017,0.750768680246566,49
1,9,0.998679408047539,0.97460529487397,49
2,9,0.998685079133808,-0.0181116384553301,49
3,9,0.99627684247933,0.458954950583259,49
4,9,0.994846327889624,0.765440315120594,49
5,9,0.99425318399291,0.640427172837338,49
6,9,0.988504532339017,0.303352809832661,49
1,10,0.998961434336685,0.989814786145974,49
2,10,0.99822788511581,0.96952785794666,49
3,10,0.996233189566577,0.373266011374712,49
4,10,0.988806625375178,0.768821964968609,49
5,10,0.991232519005787,0.597787567172645,49
6,10,0.983327112173353,0.676097391933816,49
1,11,0.998758931545679,0.998235264781337,49
2,11,0.998191628593527,0.847091368912193,49
3,11,0.995405370340212,0.891961991349261,49
4,11,0.988544194314009,0.813357396747998,49
5,11,0.991773701522394,0.155620140226392,49
6,11,0.982991931144921,0.818546149770727,49
1,12,0.998878558469541,0.976803426100596,49
2,12,0.997994737358489,0.959080154572594,49
3,12,0.994814787554249,0.978154650444165,49
4,12,0.988615156752135,0.892971553261944,49
5,12,0.991170741505142,0.867944239075777,49
6,12,0.984962525729125,0.205500990647535,49
1,13,0.998768673871379,0.974897998425894,49
2,13,0.998007071659104,0.969427673289602,49
3,13,0.994942091688383,0.976648876603675,49
4,13,0.988253950524917,0.912482181023433,49
5,13,0.991494505752807,0.885275970060368,49
6,13,0.984950311847046,-0.130750100923355,49
1,14,0.998883724389868,0.87935118061101,49
2,14,0.998331679721361,0.898274964354231,49
3,14,0.995647511077818,0.86455705508374,49
4,14,0.988734762500634,0.822132161653333,49
5,14,0.987427301256522,0.867873061956373,49
6,14,0.984345272334868,0.616352140785299,49
1,15,0.998711214241611,0.997274762505844,49
2,15,0.998049210337516,0.981305434349618,49
3,15,0.995161633637246,0.777485173350539,49
4,15,0.987676078879732,0.947819487171723,49
5,15,0.99130535223909,0.362278843965632,49
6,15,0.982606684544418,0.900002603361258,49
1,1,0.999608638596967,0.995523641025304,50
2,1,0.999551610146613,0.892698842300838,50
4,1,0.998638248323559,0.893707614617445,50
3,1,0.996724561459653,0.932243870809361,50
6,1,0.997470692729939,0.831750806120063,50
5,1,0.995464260333561,0.813694598519963,50
1,2,0.999652879106727,0.888829410277098,50
2,2,0.999448598403312,0.983448490911962,50
4,2,0.998668897085235,0.520822893793939,50
3,2,0.9965821029086,0.786433077103964,50
6,2,0.996887031701569,0.597115968145698,50
5,2,0.995452933547992,0.554513708645759,50
1,3,0.999615391792387,0.991424993641015,50
2,3,0.999467066752524,0.89717420581937,50
4,3,0.998672761597219,0.656840433245638,50
3,3,0.998466338798422,0.688812086563909,50
6,3,0.997368645063596,0.626274932387998,50
5,3,0.997733056219285,0.40091639184262,50
1,4,0.999614512738995,0.98887915004685,50
2,4,0.999408888786448,0.97758083701666,50
4,4,0.998732329273866,0.955632940474263,50
3,4,0.996705401703273,0.852224360124879,50
6,4,0.997870469904454,0.937000276017311,50
5,4,0.995818074860348,0.636393795939437,50
1,5,0.999628787775193,0.986990901067664,50
2,5,0.999473827162766,0.850828790914404,50
4,5,0.998610688841341,0.699491818451454,50
3,5,0.996527827424783,0.813603995717656,50
6,5,0.996426777772863,0.847619838926673,50
5,5,0.995967285953955,0.733610781037673,50
1,6,0.999640528210684,0.997945300357945,50
2,6,0.999477924266871,0.969369709722523,50
4,6,0.998848171683279,0.196279374922046,50
3,6,0.996356410776628,0.977924264996205,50
6,6,0.997420387906344,0.375705728744141,50
5,6,0.995774011191543,0.853193623173695,50
1,7,0.999727583382097,0.810248182051154,50
2,7,0.999507959907538,0.95928706708643,50
4,7,0.998690122593114,0.962764097478093,50
3,7,0.996524373944345,0.518202316597629,50
6,7,0.997324642517767,0.753154198790692,50
5,7,0.995426415321151,0.648798620187138,50
1,8,0.999633539904481,0.681066021876863,50
2,8,0.999466804469327,0.913722473777718,50
4,8,0.998690930123462,0.621643354958113,50
3,8,0.996060077212603,0.877586297768101,50
6,8,0.997945342848419,0.802493413244202,50
5,8,0.99534568592326,0.72018230006842,50
1,9,0.999770843476086,0.949461368097365,50
2,9,0.999509564419845,0.76180228407616,50
4,9,0.998649575703356,0.94471801743272,50
3,9,0.996767864743165,-0.502536820922978,50
6,9,0.997528637626247,0.224233280950446,50
5,9,0.995555404434336,0.316198725438052,50
1,10,0.999625928175707,0.981646711294881,50
2,10,0.999497984282987,0.821821046875095,50
4,10,0.998877169700611,0.188036478489143,50
3,10,0.996594441117588,0.783625741075518,50
6,10,0.99811941559979,-0.292850511711529,50
5,10,0.995628790687952,0.519398487622078,50
1,11,0.999672246145319,0.994203125035781,50
2,11,0.999528251396698,0.97752084523241,50
4,11,0.998738409236829,0.737196690055952,50
3,11,0.996808777491556,0.849491920326964,50
6,11,0.997373495645401,0.60350414507531,50
5,11,0.995821782195923,0.69313768695935,50
1,12,0.999600956248208,0.985316968117412,50
2,12,0.999456488206583,0.959937388686114,50
4,12,0.998554580031124,0.955964437969411,50
3,12,0.996648692466122,0.794590959969599,50
6,12,0.997363293943306,0.0721628617040796,50
5,12,0.995318779378256,0.910499444842646,50
1,13,0.999730286908208,0.856746886923851,50
2,13,0.99946176339997,0.969923957176586,50
4,13,0.998748104354999,0.845014080085481,50
3,13,0.996493240419414,0.947375951905864,50
6,13,0.997475595690406,0.932051490897438,50
5,13,0.995410907316113,-0.0541945428658448,50
1,14,0.999626264325617,0.989683721978997,50
2,14,0.999416981270681,0.979071540813882,50
4,14,0.998827632110228,0.895953251880034,50
3,14,0.997380696431415,0.826425201877855,50
6,14,0.997365664876167,0.613746623040729,50
5,14,0.995480462084629,0.760349576472642,50
1,15,0.999635528232764,0.980923937646778,50
2,15,0.999449066181676,0.982649609636246,50
4,15,0.99870522303782,0.875530372774747,50
3,15,0.996800795953663,0.812214923279316,50
6,15,0.997378865605972,0.888660339887159,50
5,15,0.995364543590597,0.70973892999314,50
1,1,0.999565435679069,0.907946012162644,51
2,1,0.999524270372349,0.991897142030582,51
4,1,0.998689311819826,0.706363320551609,51
3,1,0.99683766329267,0.670270139166726,51
6,1,0.996970871060784,0.23785200944679,51
5,1,0.993159619493934,0.253646452407194,51
1,2,0.999583243781986,0.983388599805379,51
2,2,0.999525207667193,0.89950775234604,51
4,2,0.998511778455053,0.966607539853294,51
3,2,0.997576475530072,0.765064856897614,51
6,2,0.996343292331775,0.839195074087374,51
5,2,0.993583915331627,0.638851314986329,51
1,3,0.99952104233168,0.995786057147257,51
2,3,0.99952163726298,0.898683390039862,51
4,3,0.99865699094834,0.894137829526006,51
3,3,0.996339052670456,0.705972854409663,51
6,3,0.99638690236107,0.627527099040876,51
5,3,0.99368543418425,-0.307534391022386,51
1,4,0.999539070402014,0.930085175273841,51
2,4,0.999510141853087,0.966439628033389,51
4,4,0.998665707556525,0.526473705457147,51
3,4,0.996590916153769,0.840016453466979,51
6,4,0.996697053575607,0.805315150085369,51
5,4,0.993235306757143,0.671885011345209,51
1,5,0.999496521889949,0.988333254833838,51
2,5,0.999421202855265,0.977923853258402,51
4,5,0.998525720658235,0.965494852152494,51
3,5,0.996705179697886,0.516831527417515,51
6,5,0.997123154060669,0.0337290423623654,51
5,5,0.992923335134862,0.275308452140132,51
1,6,0.999591703527009,0.873826454938593,51
2,6,0.999320189149577,0.999085097464401,51
4,6,0.998643156736032,0.919011062004421,51
3,6,0.996599190048309,0.831413057035214,51
6,6,0.996635165707164,0.770054748585935,51
5,6,0.995154230726602,0.664156284904326,51
1,7,0.99973639866354,0.879741974271915,51
2,7,0.999445641895175,0.960843883890418,51
4,7,0.998547087422201,0.911100993632897,51
3,7,0.997098185561581,0.871807917884775,51
6,7,0.996451309335721,0.357927928768757,51
5,7,0.992671995953711,0.720137961969777,51
1,8,0.999523416444015,0.996719430757423,51
2,8,0.999449991646679,0.968383418277911,51
4,8,0.998634345774983,0.877727245533593,51
3,8,0.996187949600835,0.860778072735638,51
6,8,0.996907562587273,0.67442549684581,51
5,8,0.993093757315618,0.532344048770743,51
1,9,0.999590132905344,0.951710731397399,51
2,9,0.99951165014667,0.896750047735642,51
4,9,0.998777785243144,0.833187158003894,51
3,9,0.996819004511446,0.945160160007286,51
6,9,0.996841261623394,-0.140058136729755,51
5,9,0.993041023364757,0.810223690495435,51
1,10,0.999544619777421,0.773050909711124,51
2,10,0.999496821217008,0.977756316831029,51
4,10,0.998630194284696,0.648642135106874,51
3,10,0.996708729700908,0.784809664313227,51
6,10,0.997388932452847,0.0558392202119012,51
5,10,0.992630617683192,0.241759331229016,51
1,11,0.999536829706264,0.971809903098148,51
2,11,0.999433496971078,0.982252147440045,51
4,11,0.998655904970364,0.517355526920763,51
3,11,0.996434235975235,0.778202810718465,51
6,11,0.997252165907407,0.515334992293423,51
5,11,0.993152083807093,0.368861151572012,51
1,12,0.999513606578872,0.987341159678962,51
2,12,0.999466307617871,0.947883921145538,51
4,12,0.998677269714797,0.450414403260847,51
3,12,0.99762952544585,0.729131260246968,51
6,12,0.997410226921549,0.185700780014066,51
5,12,0.993672800392278,0.136463800758358,51
1,13,0.999608673424416,0.979282214347391,51
2,13,0.999551101992894,0.709360323066896,51
4,13,0.998956193132717,-0.115425688464616,51
3,13,0.998466932944188,0.624905703488376,51
6,13,0.997655462694479,0.789670907093281,51
5,13,0.997170356841569,0.772849516209003,51
1,14,0.999588219678153,0.930349198932785,51
2,14,0.999525763450781,0.735609056589221,51
4,14,0.99882171210701,0.853946993000384,51
3,14,0.996845702210829,0.755675110718829,51
6,14,0.996911931488918,0.563555299495721,51
5,14,0.992383363695834,0.818740648164506,51
1,15,0.999557279050246,0.943210138048413,51
2,15,0.9995084576193,0.89863771706452,51
4,15,0.998880665417467,0.9172340300104,51
3,15,0.996713640157089,0.868201173297509,51
6,15,0.996860450127538,0.227215713319337,51
5,15,0.992462933750366,0.594868083357444,51
1,1,0.999919261250693,0.918364632825683,52
2,1,0.999867444869249,0.813992452177675,52
3,1,0.99968779961772,0.796978864188498,52
4,1,0.999160821870906,0.492989132973522,52
5,1,0.99952966491159,0.332211244824445,52
6,1,0.998976079508955,0.782366704336462,52
1,2,0.999924621903844,0.9881644850616,52
2,2,0.999863487904131,0.940317877214938,52
3,2,0.999754188582692,0.602493973088279,52
4,2,0.999229332136203,0.758580596456784,52
5,2,0.99954451290463,0.0394564691268799,52
6,2,0.999021526685772,0.0258052031710145,52
1,3,0.999934539142337,0.975535209534165,52
2,3,0.999884828235848,0.972641516283311,52
3,3,0.999737660715209,0.974952196622681,52
4,3,0.999282058992398,0.798707663673342,52
5,3,0.999381132073209,0.838670306581543,52
6,3,0.999032955251535,0.458301349668165,52
1,4,0.99992978754284,0.895963313708252,52
2,4,0.999853459387952,0.984975054718729,52
3,4,0.999720421058965,0.929523340876513,52
4,4,0.99917113785002,0.842725328445008,52
5,4,0.999516240782891,0.440578180319014,52
6,4,0.999046109093965,0.579457569690412,52
1,5,0.999920381585045,0.990400429870805,52
2,5,0.999897095726575,0.915805735659486,52
3,5,0.999727087524636,0.924921785398901,52
4,5,0.999707566913043,0.556850991229687,52
5,5,0.999213616242064,0.805617209506959,52
6,5,0.999110644391023,0.50580923965239,52
1,6,0.999924105527805,0.996647043344166,52
2,6,0.99987204129086,0.628020097185216,52
3,6,0.999696557273181,0.0368958334911068,52
4,6,0.999711717478145,0.861952882026896,52
5,6,0.999469716460099,0.587243207739047,52
6,6,0.999236951102924,0.797083179513261,52
1,7,0.999925460689078,0.956793520910647,52
2,7,0.999844016363472,0.976050677654571,52
3,7,0.999702442068795,0.886624909863314,52
4,7,0.999443214696506,0.632415376636885,52
5,7,0.999512939066828,0.611915106494178,52
6,7,0.999026224215197,0.443943659186504,52
1,8,0.999926976980684,0.865435347387877,52
2,8,0.999863633709783,0.972542206524915,52
3,8,0.999774708060718,0.554587500809747,52
4,8,0.999163952493391,0.980686327985638,52
5,8,0.999515770621445,0.763092346954814,52
6,8,0.998976070754011,0.78925781985573,52
1,9,0.999928964957002,0.983987870781403,52
2,9,0.999874834055379,0.959901333870206,52
3,9,0.999754096959983,0.911802956328002,52
4,9,0.999183520328406,0.878543656557408,52
5,9,0.999538070545118,0.819184672455319,52
6,9,0.998964843710825,0.845290962046453,52
1,10,0.999922708398073,0.989331494673978,52
2,10,0.999864677426199,0.932142059603377,52
3,10,0.999711708064355,0.935671500526946,52
4,10,0.999170403694602,0.655947691907589,52
5,10,0.999523113280351,0.2860049648458,52
6,10,0.999142070046685,0.60904949081108,52
1,11,0.999931292664554,0.923584153810584,52
2,11,0.999874414017261,0.868601171367509,52
3,11,0.999744952275836,0.956111359048507,52
4,11,0.999281714734102,0.752432308972707,52
5,11,0.999510075544876,0.0754421923349925,52
6,11,0.998979219627982,0.117354426248814,52
1,12,0.999923971509355,0.811826642206847,52
2,12,0.999869875886166,0.953914477973574,52
3,12,0.999725940732502,0.11346702015286,52
4,12,0.999229519086143,0.804300541558579,52
5,12,0.999520804642045,0.315731752557369,52
6,12,0.99899898690654,0.702464598015516,52
1,13,0.999954322162699,0.961896194675554,52
2,13,0.999866534539793,0.915647644710615,52
3,13,0.99969344447438,0.888238755999259,52
4,13,0.999373581672244,0.140585255475341,52
5,13,0.999297928749433,0.756769524222034,52
6,13,0.998988055596586,0.209768591800809,52
1,14,0.999937830048249,0.992612446450187,52
2,14,0.999889884864342,0.912947219288544,52
3,14,0.999746420522523,0.802126456061263,52
4,14,0.999163149562057,0.656625074970847,52
5,14,0.999525265158474,0.924371775343834,52
6,14,0.999018901974322,0.277981876998468,52
1,15,0.999924782471516,0.996742070725995,52
2,15,0.999853523104015,0.976991080024282,52
3,15,0.999777871123766,0.725142979325519,52
4,15,0.999193989682542,0.856706318304017,52
5,15,0.999493063418346,0.954187790819629,52
6,15,0.999125295955429,0.399095210408192,52
1,1,0.99991988454008,0.978887628688025,53
2,1,0.999851487680586,0.918260701337452,53
3,1,0.999722809868037,0.979858284678592,53
5,1,0.99925067998849,0.953090465310328,53
4,1,0.999251612733654,0.920651266063794,53
6,1,0.999028008546413,0.13562731334172,53
1,2,0.999941034688289,0.834210692347985,53
2,2,0.99984394285228,0.992394152300601,53
3,2,0.999707336460689,0.903860791713041,53
5,2,0.999356637385094,0.0890589861002735,53
4,2,0.999055961835498,0.91275797161877,53
6,2,0.998837261656144,0.028018718280911,53
1,3,0.999911866096675,0.97122972665396,53
2,3,0.999896193300163,0.935693956387812,53
3,3,0.999713906585865,0.992394207389978,53
5,3,0.999498903766363,0.40137782674867,53
4,3,0.99939375615492,0.368279993897206,53
6,3,0.998637170666745,0.895319184769295,53
1,4,0.999913556628961,0.979615204652496,53
2,4,0.999852352260596,0.982176649735097,53
3,4,0.999752002374259,0.587322161726346,53
5,4,0.999267454385095,0.538148278312167,53
4,4,0.999311502113177,0.407155046509787,53
6,4,0.998698523059192,0.247048561835294,53
1,5,0.999928158614789,0.977032837072848,53
2,5,0.999874735632273,0.857871433429586,53
3,5,0.999733513260846,0.982892440994542,53
5,5,0.999242964151133,0.561589392975352,53
4,5,0.99930713132014,0.48035145309503,53
6,5,0.998760884126316,0.0967656189404497,53
1,6,0.999912977541991,0.968567944463478,53
2,6,0.999837158467511,0.963658295236929,53
3,6,0.999720423654339,0.975423415632793,53
5,6,0.999352284984846,-0.0437513530631004,53
4,6,0.999035082102855,0.585852462670771,53
6,6,0.9986827101571,0.582652450539261,53
1,7,0.999902191470386,0.974616969283196,53
2,7,0.999854267505218,0.940726217635391,53
3,7,0.999701951441234,0.805574894142995,53
5,7,0.999265334366948,0.787765694839445,53
4,7,0.999176480899164,0.458886814312095,53
6,7,0.998578120349354,0.826289379938425,53
1,8,0.999927738353132,0.88902832142451,53
2,8,0.999852364116294,0.505991667396006,53
3,8,0.999681391329831,0.470729580517636,53
5,8,0.999721102047541,0.872271701472778,53
4,8,0.999625578824337,0.269463390189588,53
6,8,0.999254840538602,0.272699317241186,53
1,9,0.999913727284982,0.992457659156489,53
2,9,0.999857479093468,0.847184949479598,53
3,9,0.999777889254454,0.763943075918054,53
5,9,0.999448234942564,0.485751468254309,53
4,9,0.999035205291934,0.582726142476108,53
6,9,0.998660698125907,0.0175174143607585,53
1,10,0.999922979636435,0.969569455248322,53
2,10,0.999850968630844,0.985311918934356,53
3,10,0.999749485931352,0.278883905411302,53
5,10,0.999356753046043,0.819611689420259,53
4,10,0.999028621553649,0.866934776017221,53
6,10,0.998672716443165,0.945634315224709,53
1,11,0.999910689228926,0.993939481604073,53
2,11,0.99986152031775,0.946480948543587,53
3,11,0.999703517472636,0.984454126522814,53
5,11,0.999262223736727,0.872911830784079,53
4,11,0.99917057658732,0.895155378251135,53
6,11,0.998628033133308,0.51052320449775,53
1,12,0.999914524386549,0.968723345901704,53
2,12,0.999857190377637,0.893967584287133,53
3,12,0.999725704273667,0.865518158091985,53
5,12,0.999240574555125,0.855973908667759,53
4,12,0.999195074480368,0.911204302009334,53
6,12,0.998705587694448,0.498284600499946,53
1,13,0.999909797711501,0.986575647103519,53
2,13,0.999870476412229,0.73736848428128,53
3,13,0.999750674162636,0.647701086311219,53
5,13,0.999037518140083,0.772930079794175,53
4,13,0.999083216753862,0.820501844156808,53
6,13,0.998718025178771,0.894173917067215,53
1,14,0.999917921924062,0.788172938384891,53
2,14,0.999849354687268,0.960461528514445,53
3,14,0.999725442716,0.900067320446222,53
5,14,0.999313094148959,0.636448859734761,53
4,14,0.999118979869452,0.706045901069647,53
6,14,0.998644173452032,0.707790183149084,53
1,15,0.999919151691503,0.87754821152786,53
2,15,0.999850791229708,0.985979184314131,53
3,15,0.999707052418953,0.652395913860717,53
5,15,0.999249987652177,0.836794446697484,53
4,15,0.999078778969275,0.867659644227284,53
6,15,0.998668009859702,0.329967143128033,53
1,1,0.999999975372057,0.782757061841539,54
2,1,0.999999961348745,0.965247453039828,54
4,1,0.999999930464057,0.576896694679175,54
3,1,0.999999844034272,0.575305580954534,54
5,1,0.999999882538961,0.386650623713919,54
6,1,0.999999747239159,0.80497962535423,54
1,2,0.999999976904017,0.927026815798068,54
2,2,0.999999961776101,0.913291308378309,54
4,2,0.999999931964022,0.832369511734337,54
3,2,0.999999829354167,0.903090623017234,54
5,2,0.999999857295075,0.449921014211115,54
6,2,0.999999744020409,-0.219132311323435,54
1,3,0.999999975493941,0.984348055096372,54
2,3,0.999999959110595,0.988063780591066,54
4,3,0.999999942227174,0.459780340081909,54
3,3,0.999999821801658,0.747692618314801,54
5,3,0.999999863609782,0.0130403072515603,54
6,3,0.99999974055889,0.623800960262113,54
1,4,0.999999974907234,0.971952842826174,54
2,4,0.999999966770819,0.928359390547777,54
4,4,0.999999928362188,0.867739976507601,54
3,4,0.999999839563234,0.732169042171495,54
5,4,0.999999785138429,0.348341050404818,54
6,4,0.999999766605161,0.614583743796027,54
1,5,0.999999974453125,0.992600144465539,54
2,5,0.999999963009038,0.834889496540088,54
4,5,0.999999922982276,0.789891050971411,54
3,5,0.999999823605976,0.787178987977219,54
5,5,0.999999856261182,0.538349569002496,54
6,5,0.999999769877704,0.19975383721676,54
1,6,0.999999980657141,0.953296880872765,54
2,6,0.999999968354778,0.993591687260319,54
4,6,0.999999926247743,0.969157749299355,54
3,6,0.999999838153182,0.931226206637072,54
5,6,0.999999861504662,0.927919776307703,54
6,6,0.99999973612947,0.926199317768169,54
1,7,0.999999975196624,0.951772669738681,54
2,7,0.999999963008883,0.867974738529324,54
4,7,0.999999933989141,0.285038953781944,54
3,7,0.999999807008764,0.801315635928681,54
5,7,0.999999834302357,0.289400122232502,54
6,7,0.999999761845752,0.753358179494326,54
1,8,0.999999977223524,0.961849554472445,54
2,8,0.999999963926972,0.915850164666185,54
4,8,0.999999928376835,0.850690219145053,54
3,8,0.999999820056052,0.571669763595768,54
5,8,0.999999907108392,0.376823917553151,54
6,8,0.99999976370529,-0.0166504555457859,54
1,9,0.999999974583293,0.974817636209525,54
2,9,0.999999956345369,0.992656723553097,54
4,9,0.999999925541552,0.670431477551812,54
3,9,0.999999823139633,0.950051855470433,54
5,9,0.999999857547643,0.436267009957645,54
6,9,0.999999738128413,0.850095408348124,54
1,10,0.999999974302967,0.880390662127023,54
2,10,0.999999966435925,0.725085962465545,54
4,10,0.999999921877034,0.831118296829253,54
3,10,0.999999821179563,0.793223031891062,54
5,10,0.999999853298756,0.949175880266974,54
6,10,0.999999807745384,0.443650446804055,54
1,11,0.999999987560617,0.960767851800156,54
2,11,0.999999961437911,0.987751117586955,54
4,11,0.999999936450299,0.90335749192345,54
3,11,0.999999858410024,0.593231868236056,54
5,11,0.999999856203759,0.826829765016669,54
6,11,0.999999755718113,0.429023838735279,54
1,12,0.999999974930913,0.878171774916714,54
2,12,0.999999964421932,0.972392533744315,54
4,12,0.99999992428055,0.737522952599083,54
3,12,0.999999822111299,0.681014433036908,54
5,12,0.999999859476656,0.460125789475927,54
6,12,0.999999755387052,0.31049318965795,54
1,13,0.99999997384672,0.992204049653482,54
2,13,0.99999997150356,0.940941960678535,54
4,13,0.999999933668328,0.748402812893231,54
3,13,0.999999839498821,0.548065629394187,54
5,13,0.99999985590862,0.795998967293164,54
6,13,0.999999759469503,0.892652602121507,54
1,14,0.999999974046862,0.993780366986584,54
2,14,0.999999965626909,0.34301571211664,54
4,14,0.999999917905266,0.959405339269409,54
3,14,0.999999809263217,0.726820357746791,54
5,14,0.999999865889805,0.563178450627406,54
6,14,0.999999778814837,-0.390898145099104,54
1,15,0.999999979772761,0.985568742328017,54
2,15,0.999999966426937,0.891800345838088,54
4,15,0.999999941474963,0.695803700504331,54
3,15,0.999999914380717,0.842349029896481,54
5,15,0.999999852051486,-0.127946503626731,54
6,15,0.999999871004711,0.403950461560558,54
1,1,0.99966539723942,0.964580722155721,55
2,1,0.999407420947963,0.963942250228724,55
3,1,0.998618054608024,0.882040859329256,55
4,1,0.997158943445082,0.890455035666085,55
6,1,0.997605765974324,0.721727567498932,55
5,1,0.996237742307922,0.80938843759531,55
1,2,0.99964873859519,0.978905341104496,55
2,2,0.999490563641283,0.894669209703091,55
3,2,0.998806262218033,0.918969069693194,55
4,2,0.996750191971059,0.844668746370547,55
6,2,0.997799420848706,0.807068484502919,55
5,2,0.996356921979325,0.610790179340644,55
1,3,0.999631599507442,0.97751908151066,55
2,3,0.999358024095394,0.99317815685728,55
3,3,0.998708219051385,0.849546748425315,55
4,3,0.997551810977104,0.908250970074609,55
6,3,0.997753468200662,-0.0842038377938592,55
5,3,0.996297432017417,0.859875786935139,55
1,4,0.99974073094621,0.849100159786714,55
2,4,0.999467460372591,0.955727473116258,55
3,4,0.998624604033862,0.796001202022915,55
4,4,0.996868939806524,0.893860804906687,55
6,4,0.997577943217677,0.902560010167893,55
5,4,0.996393707540162,0.60777103144641,55
1,5,0.999630427430243,0.954933606847213,55
2,5,0.999403363647447,0.996142125856745,55
3,5,0.99868650660175,0.940693496604947,55
4,5,0.996669125411969,0.811456683404512,55
6,5,0.997675155599048,0.736202367055787,55
5,5,0.99633621522025,0.703043680927927,55
1,6,0.999597282660411,0.980508547926758,55
2,6,0.999454329914758,0.896592749594548,55
3,6,0.998836865642707,-0.076953678033532,55
4,6,0.998570972470151,0.746229232975558,55
6,6,0.997680917094756,0.488754518833855,55
5,6,0.996934713688514,0.453689814728511,55
1,7,0.999811494496542,0.855735641755328,55
2,7,0.999565331910136,0.905129919472117,55
3,7,0.998727338418501,0.941723958494838,55
4,7,0.99675398127323,0.914515755207309,55
6,7,0.997925254219701,0.774704984676293,55
5,7,0.996547432640199,0.439936976380602,55
1,8,0.999653409026894,0.990998658628178,55
2,8,0.999417281924901,0.977520980427206,55
3,8,0.998878973456974,0.49681215713797,55
4,8,0.996840029855857,0.977137573529754,55
6,8,0.997699028161805,0.0460372639523396,55
5,8,0.996229238225322,0.865554210271417,55
1,9,0.999627082349812,0.989085762482358,55
2,9,0.999441346727848,0.844896532833058,55
3,9,0.998697284936108,0.860984653431667,55
4,9,0.996988409226245,0.60609559616512,55
6,9,0.997078149035961,0.732571802911661,55
5,9,0.996110332261356,0.504859538024779,55
1,10,0.999640318127225,0.940005801035673,55
2,10,0.999443355977376,0.912254289499703,55
3,10,0.998739106460191,0.941278228504789,55
4,10,0.996843277810495,0.600028667927805,55
6,10,0.997773539387356,0.24603014025138,55
5,10,0.996369428735261,-0.208384740110398,55
1,11,0.999628861607771,0.988427701037329,55
2,11,0.999405492799248,0.9639433171758,55
3,11,0.998745034764751,0.824979966846241,55
4,11,0.996910559471684,0.813914296021125,55
6,11,0.997468022334543,0.750112846162964,55
5,11,0.99652571338633,0.867760547279845,55
1,12,0.999617052732259,0.997228778629333,55
2,12,0.999544252803711,0.512157812765634,55
3,12,0.998872633775982,0.534756094530731,55
4,12,0.996716262079942,0.951396783600527,55
6,12,0.997789204478633,0.0357355590284751,55
5,12,0.996437686731245,0.79965587929163,55
1,13,0.999629052883129,0.98896423932877,55
2,13,0.999443045284008,0.720463403580414,55
3,13,0.998649132809381,0.8693552744939,55
4,13,0.996961807389304,0.596225544047504,55
6,13,0.997869200355095,-0.170041377102503,55
5,13,0.996315545275826,0.901922529925197,55
1,14,0.999615556071029,0.99844667923486,55
2,14,0.999503694072363,0.92771876868845,55
3,14,0.998502308758833,0.928635199491343,55
4,14,0.996834895885756,-0.23382967153556,55
6,14,0.997678526626244,0.896737044446907,55
5,14,0.996595936568047,-0.111239890574745,55
1,15,0.999625332189056,0.996229136160108,55
2,15,0.999457766956306,0.935548123418518,55
3,15,0.998729516997145,0.473391395556115,55
4,15,0.997042246182792,0.824834833838022,55
6,15,0.998067571155746,0.301602436792823,55
5,15,0.996933009708527,0.207754807432669,55
1,1,0.999999976962636,0.993900830102235,56
2,1,0.99999995420036,0.945684186847489,56
4,1,0.999999917750657,0.939189715426752,56
3,1,0.999999875108151,0.743532142176589,56
5,1,0.999999779090884,0.87888301815359,56
6,1,0.999999752662607,0.404532059885851,56
1,2,0.999999975439827,0.958849258061771,56
2,2,0.999999958979511,0.530202865762852,56
4,2,0.999999920488745,0.377870414099485,56
3,2,0.999999911910975,0.866349375247786,56
5,2,0.999999852750935,0.185894561292327,56
6,2,0.999999817961903,0.549052801780373,56
1,3,0.999999980858245,0.973567890887281,56
2,3,0.999999969021526,0.877215576142427,56
4,3,0.99999994038706,-0.195529649870536,56
3,3,0.999999755558175,0.883988944015917,56
5,3,0.99999983767033,0.294319617994999,56
6,3,0.999999685253567,0.301317679587191,56
1,4,0.999999972779219,0.987572549535044,56
2,4,0.999999955320847,0.905237619484766,56
4,4,0.999999920152411,0.477428544227607,56
3,4,0.999999806282723,0.60939354514229,56
5,4,0.999999745600696,0.745495294749474,56
6,4,0.999999693149076,0.344001738556628,56
1,5,0.999999976841678,0.973154226666451,56
2,5,0.999999958989763,0.757772709465771,56
4,5,0.999999914762799,0.877396724833547,56
3,5,0.999999786250894,0.853992457408078,56
5,5,0.999999785233157,0.0627623460675988,56
6,5,0.99999965889617,0.145383810802723,56
1,6,0.999999977004853,0.97146095085474,56
2,6,0.999999959043453,0.908359949751313,56
4,6,0.99999991375484,0.907848930798879,56
3,6,0.999999782249411,0.697026551321102,56
5,6,0.999999788162318,0.646077159195411,56
6,6,0.999999692031461,0.33135962284031,56
1,7,0.999999979064026,0.838266061521827,56
2,7,0.99999994872017,0.975101443533509,56
4,7,0.999999912556112,0.940641373989144,56
3,7,0.999999788627536,0.831015360909418,56
5,7,0.999999791890876,0.880015318955021,56
6,7,0.999999643254852,-0.228658770548413,56
1,8,0.999999984986954,0.912742641247626,56
2,8,0.999999968911962,0.722935291933516,56
4,8,0.999999903606564,0.842215756639448,56
3,8,0.999999800955411,0.731834978414447,56
5,8,0.999999766081542,0.930910622799045,56
6,8,0.999999677537213,0.743972017057861,56
1,9,0.999999975846014,0.980108441485119,56
2,9,0.999999958465919,0.825740844445577,56
4,9,0.999999913519149,0.927455897591153,56
3,9,0.999999754572542,0.81788405492788,56
5,9,0.999999750043612,0.952361272487466,56
6,9,0.999999655964184,0.932942366235464,56
1,10,0.999999983279442,0.79276087898405,56
2,10,0.999999971950224,0.906911881504248,56
4,10,0.999999932958297,0.206876732728309,56
3,10,0.999999771569956,0.850949944168342,56
5,10,0.999999830778823,0.723844969779741,56
6,10,0.999999660828791,0.691554171768854,56
1,11,0.999999974745902,0.995277002906148,56
2,11,0.999999956011024,0.959226244602457,56
4,11,0.99999991245935,0.757969676230227,56
3,11,0.999999799908105,0.586529673071933,56
5,11,0.999999781217172,0.559509037144736,56
6,11,0.999999655436195,-0.393012059468191,56
1,12,0.999999978332609,0.997710486062094,56
2,12,0.999999958971783,0.916453150848209,56
4,12,0.999999925164817,0.78450618089352,56
3,12,0.999999825000632,0.546214496076336,56
5,12,0.999999811790609,0.577088412697777,56
6,12,0.999999626635578,0.749293859790842,56
1,13,0.999999975600316,0.987630881049642,56
2,13,0.999999954450655,0.975000897268667,56
4,13,0.999999910860751,0.951936750132172,56
3,13,0.999999791996076,0.940663972795385,56
5,13,0.999999787927052,0.893360133237039,56
6,13,0.99999965557661,0.527033209166464,56
1,14,0.99999997576885,0.98979021713237,56
2,14,0.999999934780268,0.992965445144137,56
4,14,0.999999915167201,0.773271123926316,56
3,14,0.999999787977315,0.144546924079411,56
5,14,0.999999788419848,0.490980018835288,56
6,14,0.999999605435272,0.883546333682173,56
1,15,0.99999997506041,0.892550883261411,56
2,15,0.999999946450119,0.985434110515593,56
4,15,0.999999922560374,0.594560808623888,56
3,15,0.999999860793567,0.637323225653697,56
5,15,0.999999900256135,0.360221349715572,56
6,15,0.999999626711075,0.893611438483091,56
1,1,0.999602040046778,0.992468632285678,57
2,1,0.999514441121325,0.816528763104769,57
4,1,0.99876748847485,0.865332990678306,57
3,1,0.997287915541315,0.782057198854835,57
5,1,0.997660364072333,0.00184990605519035,57
6,1,0.995999713561547,0.555267679134013,57
1,2,0.999641879361597,0.950298089446515,57
2,2,0.999482520707708,0.972820052935871,57
4,2,0.998639862323365,0.932803854900996,57
3,2,0.997210501533587,0.913965722135087,57
5,2,0.997539615625925,0.87934814056165,57
6,2,0.996099839787695,0.559356869128304,57
1,3,0.999698463261013,0.863329862543824,57
2,3,0.999487032524752,0.963175800781222,57
4,3,0.998712457628321,0.733876686828723,57
3,3,0.997798764621251,0.630055968051982,57
5,3,0.996686261587018,0.776380569849786,57
6,3,0.995807948475851,0.526209642824953,57
1,4,0.999743917727146,0.95553970883454,57
2,4,0.999472711198214,0.826521448753981,57
4,4,0.998526248850798,0.919976080999145,57
3,4,0.997334184361642,0.413585243020143,57
5,4,0.997676809784886,0.57724534837221,57
6,4,0.995572563683308,0.0890584676881637,57
1,5,0.999596942339734,0.994725886146496,57
2,5,0.999459203632765,0.966540567477671,57
4,5,0.998677926753465,-0.306331300032913,57
3,5,0.997393661861924,0.948816977759214,57
5,5,0.997496112344248,0.601497929789388,57
6,5,0.995736016330657,0.912096190024022,57
1,6,0.999638407323387,0.964968299965014,57
2,6,0.999539674983043,0.674109315064076,57
4,6,0.998839055396807,0.766613129309123,57
3,6,0.997135572727419,0.850050468284615,57
5,6,0.99793798139784,0.821448784370203,57
6,6,0.995819120982282,0.758928599854767,57
1,7,0.999651548132585,0.928352804306082,57
2,7,0.999473011435055,0.90391161831966,57
4,7,0.99880787523599,0.932887068253694,57
3,7,0.997239948191657,-0.000384724240693745,57
5,7,0.997493535682487,0.500512397877218,57
6,7,0.995624965846124,-0.478147404767312,57
1,8,0.999684708800901,0.751536271204205,57
2,8,0.999559270177697,0.933754435387318,57
4,8,0.998909381737763,0.955589217999883,57
3,8,0.997203845593276,0.892586455793057,57
5,8,0.997533568970879,0.0385381057580022,57
6,8,0.99571898608278,0.694972922072086,57
1,9,0.99964944597814,0.993004290016465,57
2,9,0.999517353019899,0.938339605250891,57
4,9,0.998761082516702,0.980122457955731,57
3,9,0.997236266035502,0.868395803700877,57
5,9,0.997430808868122,0.941899955218188,57
6,9,0.99597047014735,0.411172242859843,57
1,10,0.999615433494681,0.987313086839049,57
2,10,0.999513439792014,0.953967992703076,57
4,10,0.998707535520485,0.538529036701532,57
3,10,0.997236583366485,0.892705467980669,57
5,10,0.997402605628521,0.661488403915588,57
6,10,0.996434715207194,0.222160050382727,57
1,11,0.999625214274454,0.931636449347685,57
2,11,0.999459687664626,0.98337880136839,57
4,11,0.998686181185793,0.506123553774512,57
3,11,0.997298669766997,0.941032241816263,57
5,11,0.997421511259814,0.841414836804818,57
6,11,0.996249728544153,0.158230818789514,57
1,12,0.999606401009929,0.987041098050787,57
2,12,0.999479344623842,0.748080157097447,57
4,12,0.99858656049548,0.816581154977821,57
3,12,0.99740471146157,0.737686192292128,57
5,12,0.997015004696342,0.206680490931789,57
6,12,0.995910343704708,0.20926713189891,57
1,13,0.999635141971143,0.987780813681104,57
2,13,0.999471784693146,0.97768636873624,57
4,13,0.99859881260109,0.946682038792136,57
3,13,0.997194558628808,0.959608715960573,57
5,13,0.997452794299552,0.894252447077683,57
6,13,0.995599172712542,0.788542805502631,57
1,14,0.999603624920881,0.988269723170226,57
2,14,0.999482665933776,0.98731752068477,57
4,14,0.998998289543237,0.62773162216778,57
3,14,0.9971469453033,0.785815353508784,57
5,14,0.997460645027417,0.643179581484495,57
6,14,0.995790889322777,0.737734976783533,57
1,15,0.999605105299227,0.980471695783303,57
2,15,0.999388165688905,0.988496627785159,57
4,15,0.99875010850282,0.703675400841281,57
3,15,0.998782772740542,0.658629740991951,57
5,15,0.998260497549038,0.118170266747892,57
6,15,0.997657911385923,0.183016158670018,57
1,1,0.999693845704055,0.994637062272101,58
2,1,0.999425241524113,0.98875051946755,58
4,1,0.998819920655734,0.912485305119896,58
3,1,0.996983683661216,0.855075420492835,58
5,1,0.997482061988724,0.102654746821403,58
6,1,0.996017135619923,0.664718188968045,58
1,2,0.999676909982937,0.968879989368477,58
2,2,0.999464570528027,0.907016965639102,58
4,2,0.998766752038524,0.0506066728018402,58
3,2,0.996817635465196,0.897053761516101,58
5,2,0.997833873318612,0.18043326173516,58
6,2,0.996012448669027,0.80155677217732,58
1,3,0.999638225057084,0.99177279569833,58
2,3,0.999449832928828,0.959708395068255,58
4,3,0.998718408940076,0.869684129822258,58
3,3,0.996881384032095,0.717582235942188,58
5,3,0.997448375471427,0.0654969413550395,58
6,3,0.996186095616646,0.671699636287791,58
1,4,0.999672877586066,0.998255014268293,58
2,4,0.999532253172095,0.855152390007462,58
4,4,0.998892950357225,0.910792788323608,58
3,4,0.996610072629574,0.696345427091581,58
5,4,0.996761201522763,0.83492770191171,58
6,4,0.996220659396419,0.54580812855401,58
1,5,0.999673435095566,0.955534488704935,58
2,5,0.999421362448647,0.727597131545614,58
4,5,0.99876698459245,0.351869857950491,58
3,5,0.998023463536686,0.4743864140131,58
5,5,0.99730318116556,0.870925045614688,58
6,5,0.995839423469739,0.648784254148949,58
1,6,0.999677945928732,0.912287583231481,58
2,6,0.999347357493586,0.977525592019879,58
4,6,0.998764488979457,0.0731064770864315,58
3,6,0.996562494649334,0.850872463961223,58
5,6,0.997471386205558,0.822491708854217,58
6,6,0.995643483334387,0.682676019737006,58
1,7,0.999686294247915,0.99140413016368,58
2,7,0.99942833402345,0.908887409317804,58
4,7,0.998959197451931,-0.218459608382276,58
3,7,0.996715713438399,0.677897707135414,58
5,7,0.997442047450797,0.469500127058775,58
6,7,0.996052649478834,0.522094808322409,58
1,8,0.999696895811013,0.908324854763353,58
2,8,0.999493295759829,0.541120154851655,58
4,8,0.998950574565959,0.507561002726365,58
3,8,0.998232593603177,0.675559762772936,58
5,8,0.997463379926001,0.572343617951609,58
6,8,0.997100677043289,-0.330582051798353,58
1,9,0.999686661925955,0.977294826242627,58
2,9,0.999439353937694,0.963077689998676,58
4,9,0.998714485334232,0.973097350621778,58
3,9,0.996406174328147,0.963369758723504,58
5,9,0.99736126111828,0.954094990867361,58
6,9,0.996230646226585,0.219260467432014,58
1,10,0.999758050650139,0.983579144190621,58
2,10,0.999440134233784,0.874167408626018,58
4,10,0.998630183338303,0.949391252159223,58
3,10,0.996812297910002,0.692601135527498,58
5,10,0.99725424270609,0.738938354308256,58
6,10,0.995875967338726,0.271387213503892,58
1,11,0.999662500921243,0.915101043688569,58
2,11,0.999428517541065,0.927942010459679,58
4,11,0.998634440423442,0.980664921167858,58
3,11,0.996710159830744,0.960841326605507,58
5,11,0.997649984243304,0.830949668457006,58
6,11,0.996129761646741,0.641466091541044,58
1,12,0.999661177323676,0.994682099801732,58
2,12,0.999474359217784,0.911639519815126,58
4,12,0.998783804389644,0.976168224610681,58
3,12,0.997216726548934,0.908172885653412,58
5,12,0.997641563207908,0.752773237455841,58
6,12,0.996386684713281,0.57334012785084,58
1,13,0.999655274150197,0.984250331561601,58
2,13,0.999338554871181,0.978653260594168,58
4,13,0.998719501218748,0.93626475780611,58
3,13,0.996298248577967,0.973165315967883,58
5,13,0.996580745698224,0.814082562022478,58
6,13,0.996419590199087,0.840786508737923,58
1,14,0.999735768685795,0.828973182824722,58
2,14,0.999433980088337,0.950324342393426,58
4,14,0.998574442698484,0.989176334885628,58
3,14,0.996481055533281,0.784277900457123,58
5,14,0.997267709459142,0.734869314304728,58
6,14,0.996168725345115,0.867246362265569,58
1,15,0.999653726527861,0.974076897040821,58
2,15,0.999457760984705,0.794039847183513,58
4,15,0.998797258807981,0.897918028746778,58
3,15,0.996473102273907,0.859623675495273,58
5,15,0.997405064005443,-0.185806490290077,58
6,15,0.996334042588232,-0.104339389062742,58
1,1,0.999981765942067,0.994277659219715,59
2,1,0.999969812043614,0.920835752989189,59
3,1,0.999937556506249,0.964795388200145,59
4,1,0.999845694931474,0.832445819040283,59
5,1,0.99988917605899,0.643690751238389,59
6,1,0.99980759220251,-0.200918661211891,59
1,2,0.999983163756716,0.884893212633826,59
2,2,0.999968528581218,0.968080523899908,59
3,2,0.999943044523466,0.878870161812564,59
4,2,0.999848525155075,0.711135841775665,59
5,2,0.999875781716116,0.847461763658972,59
6,2,0.999823944791496,-0.354106170432452,59
1,3,0.999983649371256,0.996316181747799,59
2,3,0.999976749435672,0.696968856821153,59
3,3,0.999956079163079,0.545014199263843,59
4,3,0.999933312570291,0.488957202804264,59
5,3,0.999892322957877,0.301660508889567,59
6,3,0.999889245294379,0.0722209251768538,59
1,4,0.999989710778805,0.866691168251912,59
2,4,0.999968614406756,0.969144277187329,59
3,4,0.999939752387285,0.91236400982664,59
4,4,0.999844115311492,0.805288936957126,59
5,4,0.999890636832909,0.688711231481348,59
6,4,0.999817854509917,0.836777161745659,59
1,5,0.999982623880021,0.760996628918868,59
2,5,0.99997014344076,0.963146907538031,59
3,5,0.999944672563679,0.354451996402053,59
4,5,0.999848137543457,0.763897474198253,59
5,5,0.999925725545876,0.247272276025248,59
6,5,0.999810538172972,0.552321321393604,59
1,6,0.999982063332754,0.972979938943061,59
2,6,0.999969472172857,0.974356113148306,59
3,6,0.999943331430376,0.928881844924963,59
4,6,0.999851878080633,0.871507811954466,59
5,6,0.999897301428097,0.916011806431026,59
6,6,0.99981208931764,0.770390888195825,59
1,7,0.999981411717433,0.990361371592423,59
2,7,0.999964813491527,0.980854195192682,59
3,7,0.999943018014052,0.950331405469345,59
4,7,0.99983136696464,0.657024553696132,59
5,7,0.999845432983148,0.833504673610151,59
6,7,0.999819494297473,0.394542141842243,59
1,8,0.999981981260059,0.986957532497082,59
2,8,0.999977315849866,0.97236321063962,59
3,8,0.9999494563799,0.656267876788923,59
4,8,0.999837212266489,0.63819157206056,59
5,8,0.999884493341146,0.408605402595682,59
6,8,0.999829690893454,-0.0195238716315105,59
1,9,0.999982075021349,0.978268497361645,59
2,9,0.999968372682338,0.991564214377312,59
3,9,0.999951096839515,0.591376799318568,59
4,9,0.999935839285847,0.445574785784609,59
5,9,0.999827018693217,0.94602288327478,59
6,9,0.999808248503585,0.901783615873204,59
1,10,0.999981634151343,0.980918684364396,59
2,10,0.999970712984657,0.828466236091592,59
3,10,0.999937397651834,0.788223579885885,59
4,10,0.999902259096362,0.603898239533769,59
5,10,0.999889376272482,0.740981924629797,59
6,10,0.999810506507737,0.613307753238133,59
1,11,0.999981671425578,0.890809383812416,59
2,11,0.999969666533992,0.939348486161429,59
3,11,0.999941249322204,-0.11842274710534,59
4,11,0.999851362759784,0.777942482643576,59
5,11,0.999888994010399,0.121382250605638,59
6,11,0.999800233462424,0.939792665628219,59
1,12,0.999983232601749,0.942619536033761,59
2,12,0.99997007155374,0.939851621754264,59
3,12,0.999931114774419,0.94282067958357,59
4,12,0.999820337197177,0.847776917432116,59
5,12,0.999891147681821,0.866226002582465,59
6,12,0.999851520655853,0.389646831347646,59
1,13,0.999983371126416,0.934612344337936,59
2,13,0.999976382176381,0.529555928573765,59
3,13,0.999933194409076,0.958989903242552,59
4,13,0.999851272570895,0.0517909862679731,59
5,13,0.999886070440707,0.370729204533125,59
6,13,0.999801984609332,0.409348762214999,59
1,14,0.999986235625703,0.963685760820472,59
2,14,0.999974145351131,0.696870585303036,59
3,14,0.99994323642297,0.91761860536731,59
4,14,0.999844615518444,0.858393461719724,59
5,14,0.999849428280921,0.778556797148262,59
6,14,0.999817470474896,0.598991267511765,59
1,15,0.999982912509314,0.92738675724071,59
2,15,0.999970548498998,0.936584307931035,59
3,15,0.99995022534916,0.668333602469353,59
4,15,0.999850613416912,0.654415602816878,59
5,15,0.999879481843665,0.48318788812865,59
6,15,0.999807243682435,0.651821276851879,59
1,1,0.999999982363051,0.920867216858831,60
2,1,0.999999962134635,0.863165141651763,60
3,1,0.999999942676703,0.879711413791311,60
4,1,0.999999804178836,0.719084696008323,60
5,1,0.999999887471681,0.841472522425609,60
6,1,0.999999752472898,0.550811318695044,60
1,2,0.999999979898429,0.992501984176754,60
2,2,0.999999963901891,0.720676864092567,60
3,2,0.999999951049616,0.216680293701505,60
4,2,0.999999923550428,0.169253520333277,60
5,2,0.999999796141652,0.893035113859748,60
6,2,0.999999762375722,0.809215106156615,60
1,3,0.99999998185633,0.895391371420846,60
2,3,0.9999999477737,0.997966793103437,60
3,3,0.999999936194029,0.876788345419535,60
4,3,0.999999802474877,0.933724472270701,60
5,3,0.999999890321535,-0.0684354195406286,60
6,3,0.999999770851805,0.757252612944943,60
1,4,0.999999981380198,0.833922416059994,60
2,4,0.999999960266438,0.980166680187539,60
3,4,0.999999934766083,0.799518332685184,60
4,4,0.999999808890447,0.863242125665192,60
5,4,0.999999886046752,0.562315368654571,60
6,4,0.999999770250145,0.313066404968935,60
1,5,0.999999979867466,0.998504651133746,60
2,5,0.999999957612388,0.970704779728868,60
3,5,0.99999993873116,0.930257273445847,60
4,5,0.999999828960145,0.725015134920235,60
5,5,0.999999839403244,0.676058727983701,60
6,5,0.999999765896993,0.641391856160472,60
1,6,0.999999983552999,0.98898166439739,60
2,6,0.999999981203373,0.965406142983327,60
3,6,0.999999946835023,0.930295094037791,60
4,6,0.999999851574763,0.531811109696268,60
5,6,0.999999859743487,0.444050029649892,60
6,6,0.999999768929516,0.898074989681377,60
1,7,0.999999984456889,0.985149507403062,60
2,7,0.999999969531224,0.974968077367069,60
3,7,0.999999937374652,0.534963101416752,60
4,7,0.999999821524906,0.768513636007493,60
5,7,0.99999988161583,0.155173518313269,60
6,7,0.999999816480302,0.701648247102191,60
1,8,0.999999980432842,0.992915182527145,60
2,8,0.999999961388973,0.928829612142152,60
3,8,0.999999933006655,0.97050622323155,60
4,8,0.999999793363811,0.901896688337844,60
5,8,0.999999887923903,0.334769136066458,60
6,8,0.999999772783943,0.0832803070699935,60
1,9,0.999999989769008,0.811097631828545,60
2,9,0.999999963827836,0.828460907998005,60
3,9,0.999999928149514,0.925110180167611,60
4,9,0.999999816165083,0.788162257213425,60
5,9,0.999999885249137,0.140192236481562,60
6,9,0.999999748393436,0.211070014560166,60
1,10,0.999999981799551,0.823057071305198,60
2,10,0.999999961769035,0.950719292849152,60
3,10,0.999999933593727,0.301672424538684,60
4,10,0.999999890289143,0.668596297288684,60
5,10,0.999999863845755,0.825230612973685,60
6,10,0.999999766026733,0.469230493188977,60
1,11,0.999999978416225,0.99455899795294,60
2,11,0.999999961186785,0.908838646425805,60
3,11,0.999999925177809,0.923385651273337,60
4,11,0.999999811181648,0.905441611105685,60
5,11,0.999999882006194,0.205412888079505,60
6,11,0.999999763993905,0.623469606095196,60
1,12,0.99999997969299,0.954809182355262,60
2,12,0.999999962713152,0.934715513445704,60
3,12,0.999999931521245,0.480396881224197,60
4,12,0.999999793517222,0.73236964218511,60
5,12,0.999999875253688,0.861358523219681,60
6,12,0.999999782920515,0.427288255875513,60
1,13,0.999999979644827,0.98431553290629,60
2,13,0.999999960582595,0.195124229679217,60
3,13,0.9999999278563,0.787243245399095,60
4,13,0.999999821455778,0.703219224775621,60
5,13,0.99999985191633,0.822150231190611,60
6,13,0.999999774349666,0.568130956494196,60
1,14,0.999999979919554,0.992538357589432,60
2,14,0.999999960053322,0.826362709731812,60
3,14,0.999999937413644,0.355273910066924,60
4,14,0.999999911399722,0.532937167115338,60
5,14,0.99999992854923,0.367731290348914,60
6,14,0.999999830240499,0.209073467430829,60
1,15,0.999999983034504,0.991621463210507,60
2,15,0.999999967150316,0.689496471225931,60
3,15,0.999999926601453,0.976062869929072,60
4,15,0.999999809266298,0.83329356628589,60
5,15,0.999999878370975,0.95450036280152,60
6,15,0.999999757386559,0.517508136313731,60
1,1,0.998589065172438,0.981429492420642,61
2,1,0.997646988797669,0.99668611059204,61
4,1,0.994384157429633,0.977179303139061,61
3,1,0.989329826868169,0.83111163717849,61
6,1,0.990293653675104,0.922999269643453,61
5,1,0.984554579608304,0.0585293918103822,61
1,2,0.998546302711295,0.956860300357905,61
2,2,0.998070614149243,0.868949043228605,61
4,2,0.99458104227213,0.755400086435844,61
3,2,0.989149968151262,0.894763365905011,61
6,2,0.990698039860815,0.737838696347855,61
5,2,0.987091351940951,0.569633109667343,61
1,3,0.998219731398588,0.996876082752943,61
2,3,0.997789834617155,0.87034243544758,61
4,3,0.994216401252117,0.869034047771894,61
3,3,0.989262953473316,0.959191937404296,61
6,3,0.990983550366374,0.0750547004563101,61
5,3,0.985954872924192,0.52694830015481,61
1,4,0.99821890579704,0.991291781088279,61
2,4,0.997985006958697,0.927613913378381,61
4,4,0.99511906863991,-0.226457181667388,61
3,4,0.995073990948784,0.746391380395917,61
6,4,0.992817225853557,0.247507799280658,61
5,4,0.989436294003623,0.474767846500417,61
1,5,0.998934170969353,0.919758636224544,61
2,5,0.998167589665887,0.92997569965513,61
4,5,0.995171959590068,0.929578704855178,61
3,5,0.989395737627947,0.55019818469518,61
6,5,0.990555017027982,0.19215878419937,61
5,5,0.984867451393656,0.294559019647651,61
1,6,0.998296671707462,0.980185311923968,61
2,6,0.99835331532313,0.401407419733633,61
4,6,0.995108115613833,0.777176782332543,61
3,6,0.989213757102951,0.810299914316716,61
6,6,0.990151994811557,-0.229780484607447,61
5,6,0.98489973431332,0.218427161871185,61
1,7,0.998425081089492,0.971001116180424,61
2,7,0.99782890132036,0.950760813515169,61
4,7,0.994310429279434,0.983383739504145,61
3,7,0.988428991370933,0.866313652692311,61
6,7,0.990138603728626,0.951243052705592,61
5,7,0.984684379668645,0.472056990925567,61
1,8,0.998350537902678,0.99529889737764,61
2,8,0.997846728155117,0.919169575197399,61
4,8,0.995132831092751,0.87972513943656,61
3,8,0.989449018985478,0.598765751241567,61
6,8,0.990806631531158,-0.154024911289244,61
5,8,0.984336761122875,0.396380578392729,61
1,9,0.998339001162863,0.984060020318709,61
2,9,0.99770237035909,0.969645616941625,61
4,9,0.995022468033052,0.872561481858942,61
3,9,0.989120525681623,0.474218752194138,61
6,9,0.987396768856512,0.831828702446113,61
5,9,0.984891126344625,0.879917722513054,61
1,10,0.998797319711857,0.869216678517229,61
2,10,0.997929156830618,0.859466415285915,61
4,10,0.994353017888059,0.968727997969331,61
3,10,0.989203856107921,0.902511134139451,61
6,10,0.990388813472398,0.877078271541641,61
5,10,0.984601620497096,0.750484541128979,61
1,11,0.998533932396965,0.929756054321827,61
2,11,0.998155199714251,0.939834103226963,61
4,11,0.99575416592453,0.620181297584514,61
3,11,0.988970951294768,0.934114841225792,61
6,11,0.990544824828402,0.291190412708621,61
5,11,0.987547236847397,0.669850283825607,61
1,12,0.998463896370644,0.803799138296824,61
2,12,0.997970720074199,0.955791282364701,61
4,12,0.995238885744762,0.742892684743955,61
3,12,0.988766058068427,0.987211707724647,61
6,12,0.991372433255158,0.508792956920377,61
5,12,0.98425563928827,0.544738887158897,61
1,13,0.998324343086452,0.978789069864106,61
2,13,0.997748792694538,0.984362868142906,61
4,13,0.99494599505404,0.946541633537612,61
3,13,0.99060627431042,0.620505109058086,61
6,13,0.991613130502903,0.741116191355467,61
5,13,0.984069532532603,0.848675054437399,61
1,14,0.998314460808104,0.9590857135597,61
2,14,0.997850671818903,0.962667586838199,61
4,14,0.995262410405889,0.334072605735684,61
3,14,0.989182816786922,0.843611711043432,61
6,14,0.989990513610975,-0.105784467937131,61
5,14,0.984437248917823,0.780987512071027,61
1,15,0.998419432016521,0.922326750115372,61
2,15,0.997891684606677,0.82422495961933,61
4,15,0.994756647674149,0.747062097976465,61
3,15,0.988409813461423,0.175986176409104,61
6,15,0.987833879165944,0.711961787950764,61
5,15,0.983744123973638,0.528227576347835,61
1,1,0.998655271632095,0.974162629931927,62
2,1,0.998137501497083,0.985211466834776,62
3,1,0.995587664458993,0.624539825327739,62
4,1,0.987471239534796,0.911425335913349,62
6,1,0.991126592135141,0.770017549957909,62
5,1,0.985596764153356,0.475481868148973,62
1,2,0.998670525390024,0.961994998977603,62
2,2,0.998272591273732,0.963269449244481,62
3,2,0.995648225807343,0.893621696913931,62
4,2,0.995006574209187,0.674653034775168,62
6,2,0.990938743056078,0.627003122159404,62
5,2,0.989263332192353,0.616247799476618,62
1,3,0.998551827487573,0.973551482087111,62
2,3,0.998106252530606,0.961195286241453,62
3,3,0.995374692596197,0.969562184991091,62
4,3,0.987314853996135,0.601455396789148,62
6,3,0.992158344737452,0.805438909738676,62
5,3,0.986886986166497,0.239737445917246,62
1,4,0.998892176688162,0.954397528590376,62
2,4,0.997853169438557,0.984447060649881,62
3,4,0.994805349094843,0.96716852443798,62
4,4,0.986978972699967,0.722597005104715,62
6,4,0.992317308959778,0.876128837228777,62
5,4,0.98353041812065,0.749601761536036,62
1,5,0.99907604318014,0.96842542533934,62
2,5,0.998332513625245,0.712163193738831,62
3,5,0.994710188563938,0.89900928157421,62
4,5,0.987773173970244,0.721020631965201,62
6,5,0.992434481497476,0.365745447659303,62
5,5,0.98432735504785,0.40174144396123,62
1,6,0.998591657585504,0.98452663719139,62
2,6,0.998383734682148,0.344942913482766,62
3,6,0.996514712524842,0.887969185410855,62
4,6,0.98836387574429,0.590592862812835,62
6,6,0.991114943283732,0.644716268126147,62
5,6,0.984517562641982,0.503134546230681,62
1,7,0.998994367999951,0.826819026483183,62
2,7,0.998466942069472,0.7094185074332,62
3,7,0.995908822687953,0.443209325253807,62
4,7,0.986553526128122,0.900766706247077,62
6,7,0.991188983427876,0.732342186036925,62
5,7,0.984636189163021,0.688027820058123,62
1,8,0.998685724014484,0.978038321660719,62
2,8,0.9980772609506,0.96699988925933,62
3,8,0.995449891712608,0.621454727479187,62
4,8,0.987355838077905,0.829829067082123,62
6,8,0.990366882647617,0.46791478836663,62
5,8,0.98531593694093,0.284926248641432,62
1,9,0.998678505403022,0.978080257530491,62
2,9,0.998150483799924,0.958726181603024,62
3,9,0.995620166244692,0.910683338065163,62
4,9,0.987088796689085,0.561157051207521,62
6,9,0.985780069075368,0.292402060007638,62
5,9,0.987619954545673,0.816522950468799,62
1,10,0.998597550863095,0.993499012514164,62
2,10,0.998133273956417,0.955835773727769,62
3,10,0.994803737935455,0.918497424337278,62
4,10,0.987301834730726,0.837305722607703,62
6,10,0.990994165188517,0.818113038042886,62
5,10,0.983966907145288,0.570737563781667,62
1,11,0.998584443380008,0.99182510095264,62
2,11,0.998214225549285,0.921428224673824,62
3,11,0.99536123538493,0.871358411017655,62
4,11,0.991544040577444,0.377702033686796,62
6,11,0.991353639179606,0.226425835092735,62
5,11,0.982822336622397,0.528664111277807,62
1,12,0.998682680119979,0.945414790308906,62
2,12,0.998155097521027,0.910851558849583,62
3,12,0.995719243792256,0.855817789235879,62
4,12,0.985963339435532,0.715897620836663,62
6,12,0.991375549217416,0.00266591554101753,62
5,12,0.983565872544861,0.753514237168294,62
1,13,0.998684606030291,0.978777023001942,62
2,13,0.998099639005788,0.996449861059511,62
3,13,0.995389010379381,0.757370814658629,62
4,13,0.986640052581496,0.933421933022068,62
6,13,0.991290819692171,0.442434509880146,62
5,13,0.984040543435945,0.376403638748793,62
1,14,0.998778120033381,0.711633389949873,62
2,14,0.997831784624132,0.992516189589205,62
3,14,0.995697869579942,0.987203804241872,62
4,14,0.986723290771881,0.866347304107965,62
6,14,0.990948408325232,0.118293217876908,62
5,14,0.983874133572844,0.620633590598085,62
1,15,0.998613190390583,0.9908281838736,62
2,15,0.998331575442171,0.816985207799049,62
3,15,0.995530264620439,0.75922785393804,62
4,15,0.987302314106939,0.785792856537676,62
6,15,0.992922503710287,0.180653484518261,62
5,15,0.984879134095253,0.0704338597357982,62
1,1,0.999593091575381,0.997172902612093,63
2,1,0.999613848790568,0.96131773971087,63
3,1,0.99881266688881,0.876151853386501,63
4,1,0.996915090811096,0.651652607913199,63
6,1,0.997549600360853,0.747677864207639,63
5,1,0.994761547228238,0.454617580581372,63
1,2,0.999820358476542,0.947485835480237,63
2,2,0.999605786224316,0.925808548613288,63
3,2,0.998948517841667,0.891719903757638,63
4,2,0.996762355171993,0.769957197927397,63
6,2,0.997735432724282,0.612893902771603,63
5,2,0.994559627641141,0.87320433283063,63
1,3,0.999596558020584,0.97560043019676,63
2,3,0.999507500907382,0.934514094631986,63
3,3,0.998933129271741,0.833110144717864,63
4,3,0.996771784413388,0.657635059213351,63
6,3,0.997427018387368,0.556621616291288,63
5,3,0.994818565846947,0.135376547309762,63
1,4,0.999576896480338,0.990276220263279,63
2,4,0.999435797439562,0.983190958929077,63
3,4,0.998807503564018,0.71072189836432,63
4,4,0.996530036391421,0.487040083100658,63
6,4,0.997023900622129,0.59838069194237,63
5,4,0.994272443657571,0.506718063710057,63
1,5,0.999646695818059,0.944442368852404,63
2,5,0.999456985668618,0.989259689905786,63
3,5,0.998801999047806,0.86490779479123,63
4,5,0.997331728588212,0.82854587469882,63
6,5,0.997452032201259,0.453370241512565,63
5,5,0.994144184202975,0.917809629813083,63
1,6,0.999605114868146,0.989811484108434,63
2,6,0.999496933956396,0.957962144472774,63
3,6,0.998830857409644,0.932118250418197,63
4,6,0.996581613899339,0.848712653343744,63
6,6,0.997509207865858,0.813275482285373,63
5,6,0.996006695913531,0.028196133642155,63
1,7,0.999607725904809,0.987683378410203,63
2,7,0.999572949474447,0.570969464486428,63
3,7,0.998912444764164,0.877790844670071,63
4,7,0.995989772307708,0.959706559695606,63
6,7,0.997569349815249,0.803495911453155,63
5,7,0.995285953405844,0.801947599679476,63
1,8,0.999635278575407,0.96187149147376,63
2,8,0.999508256089514,0.885588626639964,63
3,8,0.998746784030226,0.683385344458237,63
4,8,0.997038001297732,0.680542700754946,63
6,8,0.996514077972081,0.800544432631052,63
5,8,0.994717044920185,0.890027612083255,63
1,9,0.999593301945489,0.973751546778889,63
2,9,0.999513993497915,0.919186325412207,63
3,9,0.998651155295499,0.91515676219937,63
4,9,0.996157063511503,0.825770939272339,63
6,9,0.996817185617163,0.438115780060349,63
5,9,0.995004984432756,0.69021293922407,63
1,10,0.999597518235349,0.99328375132111,63
2,10,0.999507525930912,0.981175331322426,63
3,10,0.998936387485985,0.724215556085655,63
4,10,0.996436329369504,0.188912050286991,63
6,10,0.99813637142358,0.157609401854381,63
5,10,0.994658382200957,0.151155103545255,63
1,11,0.999608154418736,0.994436176955732,63
2,11,0.999490439592517,0.985230973079666,63
3,11,0.998778294840023,0.956743512336809,63
4,11,0.996587668327638,0.900847885387483,63
6,11,0.997488836299934,0.598435952683757,63
5,11,0.994521224708353,0.764353459934442,63
1,12,0.999613791437685,0.90376043294692,63
2,12,0.999438064795265,0.9861589136013,63
3,12,0.998896459426422,0.949970870199674,63
4,12,0.99597703984212,0.805813308872849,63
6,12,0.997464745829871,0.524869617813235,63
5,12,0.994502706789543,0.546563923204178,63
1,13,0.999575434159254,0.975759202665074,63
2,13,0.999515972631404,0.916333698210125,63
3,13,0.998857524712771,0.593528945740703,63
4,13,0.998739905557511,0.551755334338075,63
6,13,0.997461866965484,0.00950280807099617,63
5,13,0.997321047034809,0.273826708655665,63
1,14,0.999578689831401,0.967380879327817,63
2,14,0.999483234219562,0.92324559900041,63
3,14,0.99868097589586,0.921523021358522,63
4,14,0.996399890903358,0.787743551985751,63
6,14,0.997437874790717,0.110889332939882,63
5,14,0.994752438159204,0.466175402454685,63
1,15,0.999592260016746,0.994837267714767,63
2,15,0.999611528893779,0.654563636277478,63
3,15,0.998856989729672,0.822604911873711,63
4,15,0.996052475140983,0.873079032659248,63
6,15,0.99736002481861,0.657023577693263,63
5,15,0.99591390001946,0.743705589756503,63
1,1,0.999999982144549,0.940945370172466,64
2,1,0.999999970120414,0.730598136111142,64
3,1,0.999999945010752,0.640156498553756,64
4,1,0.999999841872869,0.757498312276431,64
5,1,0.999999864789381,0.922099605849816,64
6,1,0.999999749004712,0.440325496128945,64
1,2,0.999999979910401,0.988176749784704,64
2,2,0.999999967804836,0.956103162581181,64
3,2,0.999999941717187,0.76940812990973,64
4,2,0.999999829658918,0.895008353364941,64
5,2,0.999999860567781,0.517247129720197,64
6,2,0.999999751383819,-0.0303547353456674,64
1,3,0.999999979092166,0.982373746383292,64
2,3,0.999999966873981,0.974841104414122,64
3,3,0.999999941328627,0.801195992664644,64
4,3,0.999999819392568,0.726079905419367,64
5,3,0.999999864844244,-0.228523918713262,64
6,3,0.999999756503801,0.0962026976411103,64
1,4,0.999999980188345,0.959802685595364,64
2,4,0.999999971871124,0.898692258162203,64
3,4,0.999999951911692,0.406988115389257,64
4,4,0.999999817559173,0.939709615881282,64
5,4,0.999999862857678,0.72027153940451,64
6,4,0.999999744860819,0.903150824208124,64
1,5,0.999999978157251,0.990457356814775,64
2,5,0.999999957736733,0.947388538814331,64
3,5,0.999999947612374,0.404757839137807,64
4,5,0.999999843690718,0.817703678480084,64
5,5,0.999999860476547,-0.00313221542548314,64
6,5,0.999999717820612,0.893540106676267,64
1,6,0.999999978264354,0.885150017855748,64
2,6,0.999999965482585,0.987053134959487,64
3,6,0.999999944112614,0.504489649408832,64
4,6,0.99999985277847,0.138597052697822,64
5,6,0.999999822105113,0.402857984295084,64
6,6,0.999999757506095,-0.178883201013088,64
1,7,0.999999984843426,0.960652174026431,64
2,7,0.999999970534083,0.789892260373075,64
3,7,0.999999943211356,0.813132407260876,64
4,7,0.99999985883944,0.906331156319521,64
5,7,0.999999823557111,0.879680953614147,64
6,7,0.999999745274787,0.731958040142655,64
1,8,0.999999978719883,0.994561254782155,64
2,8,0.99999996725577,0.968996393261999,64
3,8,0.999999938779837,0.939391161905198,64
4,8,0.999999846474689,0.865541563570912,64
5,8,0.999999817494092,0.957273498773459,64
6,8,0.999999769863496,0.625224983481775,64
1,9,0.999999981426945,0.961299155606177,64
2,9,0.999999977008368,0.945712591754189,64
3,9,0.99999994023893,0.960600768494947,64
4,9,0.999999813943933,0.950382361194648,64
5,9,0.999999861891921,0.720049763444892,64
6,9,0.999999765584783,0.156734396016548,64
1,10,0.999999978222563,0.988237962473385,64
2,10,0.999999968092289,0.566926257820513,64
3,10,0.999999939332824,0.849478924286763,64
4,10,0.999999871376355,0.134074286523002,64
5,10,0.99999985901062,0.954332928500752,64
6,10,0.999999743784115,0.645371007795354,64
1,11,0.999999981457073,0.981519733064771,64
2,11,0.999999968791744,0.917740959981613,64
3,11,0.999999950924368,0.84335298270679,64
4,11,0.999999917030144,0.653246353586672,64
5,11,0.999999861270273,-0.189806428858383,64
6,11,0.999999854878712,0.612840957918593,64
1,12,0.999999984720153,0.897298739454143,64
2,12,0.999999972855041,0.73038772337492,64
3,12,0.999999929648481,0.93582610928763,64
4,12,0.999999825164486,0.735178949241952,64
5,12,0.99999981478396,0.868330183555625,64
6,12,0.999999758589956,0.693837586044731,64
1,13,0.999999982402747,0.930018418233754,64
2,13,0.999999967376631,0.977979526512533,64
3,13,0.99999994587036,0.12403242398182,64
4,13,0.999999921919608,0.0961682571361429,64
5,13,0.999999827460746,0.806910841885266,64
6,13,0.999999734063269,0.95034201701109,64
1,14,0.999999978918742,0.991515371656596,64
2,14,0.999999965647827,0.973117216863617,64
3,14,0.999999949214287,0.296646390609821,64
4,14,0.999999829154138,-0.174593196976064,64
5,14,0.999999887109606,0.3992785436343,64
6,14,0.999999723725546,0.346045291631991,64
1,15,0.999999979609499,0.965275416063865,64
2,15,0.999999967305675,0.829407081420877,64
3,15,0.9999999407763,0.990796892670611,64
4,15,0.999999819456671,0.719982361697408,64
5,15,0.999999865782554,0.237193524040933,64
6,15,0.999999737471668,0.201502743103875,64
1,1,0.999999982966832,0.995740190847445,65
2,1,0.999999973049204,0.930897390533661,65
3,1,0.999999940092956,0.810218097814976,65
4,1,0.999999824962308,0.926663908537401,65
5,1,0.999999877304894,0.945399404663939,65
6,1,0.999999507179088,0.7597373916737,65
1,2,0.999999985399533,0.978426628314241,65
2,2,0.999999976469062,0.687562317213108,65
3,2,0.999999938429524,0.80100212896423,65
4,2,0.999999802743816,0.826987373290926,65
5,2,0.999999815302605,0.932146033545361,65
6,2,0.999999670915199,0.647733296916866,65
1,3,0.999999983597024,0.992516296267647,65
2,3,0.999999969266257,0.965750528671917,65
3,3,0.999999948101734,0.864733108478246,65
4,3,0.999999816206513,0.889134385702727,65
5,3,0.999999872514529,0.732959224872007,65
6,3,0.999999498568176,0.264187383307468,65
1,4,0.999999984956617,0.985602079335097,65
2,4,0.999999966928456,0.99208261317472,65
3,4,0.999999926425982,0.990517554082458,65
4,4,0.999999875439226,0.724444623229868,65
5,4,0.999999879893548,0.536567377580405,65
6,4,0.999999527815115,0.65783212319308,65
1,5,0.999999983573272,0.962547399021655,65
2,5,0.999999970001065,0.814285070506395,65
3,5,0.999999927613597,0.865326742949069,65
4,5,0.9999998070603,0.895725947804867,65
5,5,0.999999869840734,0.873898268673593,65
6,5,0.999999660601001,0.111260842563922,65
1,6,0.999999988718894,0.959220602354627,65
2,6,0.999999969089434,0.976120817976779,65
3,6,0.999999931322683,0.870380152576488,65
4,6,0.999999834702858,0.731196876474003,65
5,6,0.999999881818645,0.577205177201239,65
6,6,0.999999543920207,-0.599754441326566,65
1,7,0.999999983322369,0.99305393911403,65
2,7,0.999999966571127,0.975916350499163,65
3,7,0.99999993836126,-0.0887952664633774,65
4,7,0.999999820573696,0.889367184492669,65
5,7,0.999999882561181,-0.18744150411388,65
6,7,0.999999490894277,0.906278267688179,65
1,8,0.999999986649335,0.784659241136251,65
2,8,0.999999971941238,0.773936796271609,65
3,8,0.999999934193195,0.952042722485444,65
4,8,0.999999833088038,0.772102859652875,65
5,8,0.999999888423037,0.454631533965246,65
6,8,0.999999453132715,0.775927139635872,65
1,9,0.999999984137486,0.996422126129136,65
2,9,0.999999970677481,0.949127184631233,65
3,9,0.99999993468808,0.830682550452176,65
4,9,0.999999801088946,0.949569171695884,65
5,9,0.999999879904915,0.923837804566,65
6,9,0.999999552451629,0.077270644289891,65
1,10,0.999999984767307,0.903208673508896,65
2,10,0.999999970770042,0.908552362022324,65
3,10,0.999999937686079,0.808839481428453,65
4,10,0.999999925599824,0.606861797505916,65
5,10,0.999999912591022,0.232775653561206,65
6,10,0.999999849061771,-0.263023925634847,65
1,11,0.999999984313909,0.979651650547514,65
2,11,0.999999964341911,0.988644095722621,65
3,11,0.99999994580082,0.660844621118006,65
4,11,0.999999820029794,0.489638830264183,65
5,11,0.999999875182517,0.648410414453684,65
6,11,0.999999484912356,0.310662942900487,65
1,12,0.999999986587078,0.970606343274318,65
2,12,0.999999975924063,0.96321990593244,65
3,12,0.999999945017158,0.771167523465395,65
4,12,0.999999839226784,0.615767462102268,65
5,12,0.999999878138552,0.569884987173451,65
6,12,0.999999488758555,0.711927766142636,65
1,13,0.999999984141784,0.991849113442835,65
2,13,0.999999968796132,0.916586764885492,65
3,13,0.999999937724265,0.96801144088281,65
4,13,0.999999848723824,0.791406261153491,65
5,13,0.999999870518513,0.918569538015689,65
6,13,0.999999502209056,0.286907339708429,65
1,14,0.999999983393691,0.986514187978853,65
2,14,0.999999967758021,0.88113530431183,65
3,14,0.999999938220317,0.920067320475056,65
4,14,0.999999827144481,0.0930517344693435,65
5,14,0.999999849994797,0.209314858202409,65
6,14,0.999999497641859,0.756251564316206,65
1,15,0.999999985586917,0.797075781742059,65
2,15,0.999999973972381,0.973475570874355,65
3,15,0.99999995137193,0.400350399232196,65
4,15,0.999999919114373,0.0998996014754113,65
5,15,0.999999826526137,0.907553339153531,65
6,15,0.999999514988382,0.566974658811609,65
1,1,0.999873241576455,0.989285102975867,66
2,1,0.999862166378265,0.869547824059395,66
3,1,0.999651469095655,0.748402615891631,66
4,1,0.999278153694057,0.846617013026782,66
5,1,0.999409348820935,0.293596969894012,66
6,1,0.99829166951337,0.413532650994555,66
1,2,0.999908155879911,0.979959528506861,66
2,2,0.999851390374342,0.890044917103878,66
3,2,0.99956101075334,0.912043078265722,66
4,2,0.999117362321345,0.988778491248442,66
5,2,0.999240447909872,0.828686901080025,66
6,2,0.99845172244585,0.425000131722812,66
1,3,0.999875404551711,0.988639169764236,66
2,3,0.999846253360801,0.981243540034198,66
3,3,0.999566799701582,0.905989467518421,66
4,3,0.999066508874728,0.909696445090851,66
5,3,0.99920743893974,0.858191778847193,66
6,3,0.99826452791355,0.87586821463683,66
1,4,0.999889459072275,0.964300742620023,66
2,4,0.999851397577534,0.991696073724435,66
3,4,0.999674933285742,0.707086109489425,66
4,4,0.999279479302969,0.0513797198143929,66
5,4,0.999222431209584,0.609869179801455,66
6,4,0.998217483315868,0.455760934557006,66
1,5,0.999863563626702,0.991595861622252,66
2,5,0.999865830211245,0.987275627318664,66
3,5,0.999584857525807,0.900086720877033,66
4,5,0.999218888568041,0.782797787990677,66
5,5,0.999150240238791,0.784595410819274,66
6,5,0.998433471671163,0.258655823630224,66
1,6,0.999865209627648,0.995391468400547,66
2,6,0.999837624370815,0.971515059881612,66
3,6,0.999620145588284,0.93948672139127,66
4,6,0.999142914912919,0.905344508469541,66
5,6,0.999320140797796,0.324287471273374,66
6,6,0.998256175791413,0.676199880182162,66
1,7,0.999866467872418,0.996320250918781,66
2,7,0.999848785400981,0.859425582769496,66
3,7,0.999580767284598,0.853722137183314,66
4,7,0.999289143039611,0.577345175198785,66
5,7,0.999307273771982,0.664374116416727,66
6,7,0.998349279559513,0.454527080629261,66
1,8,0.999872318053228,0.971738505495561,66
2,8,0.999843852706692,0.949758177167273,66
3,8,0.999623951946494,0.707868561078292,66
4,8,0.999209775653433,0.735906516444683,66
5,8,0.999221403279744,0.712862835806976,66
6,8,0.998288179533125,0.238734831890276,66
1,9,0.999862464652285,0.972523435152629,66
2,9,0.999829576214327,0.98605195745399,66
3,9,0.999684251224994,0.50719190697379,66
4,9,0.999519748505673,0.466179485946791,66
5,9,0.99927962487381,0.683477134407562,66
6,9,0.999249874721408,0.61838876149417,66
1,10,0.999872454150362,0.966956346227687,66
2,10,0.999853703176696,0.975974796149122,66
3,10,0.999592443719293,0.429228108960625,66
4,10,0.999268510128163,0.0127003753383786,66
5,10,0.998865378182242,0.86433148484369,66
6,10,0.998193163044056,0.389444751263311,66
1,11,0.999878649259888,0.934311041742135,66
2,11,0.999853091471904,0.392055381703227,66
3,11,0.999670055368362,0.796514603569462,66
4,11,0.999194385296006,0.862099820998465,66
5,11,0.99923507242681,0.705906058161107,66
6,11,0.998172693124175,-0.256133925214979,66
1,12,0.999854373058826,0.987267204030786,66
2,12,0.99985631044424,0.681097534222225,66
3,12,0.999636265517758,-0.262546181092641,66
4,12,0.999167423032827,0.56444202533483,66
5,12,0.999164326054925,0.206435162582499,66
6,12,0.998196916316772,0.694192807654514,66
1,13,0.999873819908378,0.936555463160981,66
2,13,0.999849019500586,0.971292661286777,66
3,13,0.999629088359232,0.258312872805513,66
4,13,0.999095885740478,0.606863349240897,66
5,13,0.999192822396385,0.449083676629736,66
6,13,0.998374413277647,0.886206478759709,66
1,14,0.999901304178294,0.858626286134223,66
2,14,0.999870215099471,0.943110109859019,66
3,14,0.999572323191624,0.983680234340455,66
4,14,0.99917483465351,0.61627625450886,66
5,14,0.999219332040794,0.164623804171721,66
6,14,0.998206771409477,0.508876353694595,66
1,15,0.999923476555694,0.928230647765304,66
2,15,0.999861887789432,0.944593759657004,66
3,15,0.999571178204913,0.916759133709851,66
4,15,0.999229401842768,0.860522769051974,66
5,15,0.999166055518808,0.360248674978323,66
6,15,0.9984298142752,0.588068177478103,66
1,1,0.999614018085706,0.992653565585337,67
2,1,0.999423702778516,0.914993793172365,67
3,1,0.998801588826928,0.735700129163144,67
4,1,0.996719524699641,0.643443041687082,67
5,1,0.997732606431298,0.578264436841615,67
6,1,0.995970844263051,0.0629280365344734,67
1,2,0.999623990932338,0.991543002770375,67
2,2,0.999520629322476,0.741854022825675,67
3,2,0.999206339749312,0.769398530980922,67
4,2,0.996850051644,0.740833604910554,67
5,2,0.997606433591134,0.37025164588072,67
6,2,0.996420551720048,0.147296470669448,67
1,3,0.999660558555306,0.986892754531003,67
2,3,0.999514011702376,0.979739220709877,67
3,3,0.998715704302429,0.989496960899674,67
4,3,0.996863001877895,0.606641136387681,67
5,3,0.997526435902764,0.664733212609525,67
6,3,0.996240184244113,0.360688721687415,67
1,4,0.999602208297063,0.939515835903312,67
2,4,0.999512666153394,0.901213592889741,67
3,4,0.998760249595883,0.823144945645999,67
4,4,0.99681967091324,0.945458819902492,67
5,4,0.997163301470131,0.795337290236676,67
6,4,0.996218678835164,0.760680007782432,67
1,5,0.999759520496138,0.951908486727795,67
2,5,0.999471593555153,0.944583422613986,67
3,5,0.998869249837935,0.854514007790286,67
4,5,0.997434711170413,0.743897713843893,67
5,5,0.997782396836594,0.363629921625136,67
6,5,0.995790694386558,0.871785861675806,67
1,6,0.999632217940163,0.918083529478795,67
2,6,0.999469141389549,0.944416765831521,67
3,6,0.998776542398745,0.572225760043561,67
4,6,0.996830042222725,0.826906029281176,67
5,6,0.997508182416556,0.693553335415941,67
6,6,0.996193963270644,0.398662034005644,67
1,7,0.999634668080411,0.924066488532343,67
2,7,0.999463704525817,0.95745153155112,67
3,7,0.998840762812062,0.527915573526968,67
4,7,0.996898437214456,0.967750924365655,67
5,7,0.997478773515847,0.85040650286373,67
6,7,0.996472665602317,0.427658649833764,67
1,8,0.999598641437966,0.999348558923651,67
2,8,0.999482951923637,0.861100384211346,67
3,8,0.998837281492001,0.911785903526144,67
4,8,0.996748271500872,0.892947284776835,67
5,8,0.9976373239492,0.730746302761909,67
6,8,0.996228757886405,0.800755197403613,67
1,9,0.999606529918078,0.991107798155875,67
2,9,0.999368616712205,0.989881515657591,67
3,9,0.998707529939103,0.931217646601572,67
4,9,0.996808323885219,0.905049446086147,67
5,9,0.997571423792828,0.556249173057556,67
6,9,0.996118024564007,0.87227592810693,67
1,10,0.999593546170783,0.9966128534116,67
2,10,0.999380324672992,0.990571002664148,67
3,10,0.998775338051455,0.8787564746663,67
4,10,0.996781579898665,0.898975680621264,67
5,10,0.997548900790365,0.419494797885465,67
6,10,0.996144847050872,0.0246826074482766,67
1,11,0.999644495538631,0.972962941653959,67
2,11,0.999445236600553,0.976339001833152,67
3,11,0.998864644161552,0.820878996895273,67
4,11,0.997674635075032,0.905772202403016,67
5,11,0.997671348294409,0.317959445810452,67
6,11,0.995772752279556,0.885802034442887,67
1,12,0.999611209200254,0.993692804924765,67
2,12,0.999459572819519,0.945773910072722,67
3,12,0.998769125954652,0.840743659100867,67
4,12,0.996821696416434,0.727553157966451,67
5,12,0.997666519915594,0.724543743457864,67
6,12,0.996326928548069,0.175810687977486,67
1,13,0.999719856907915,0.866403739341137,67
2,13,0.999520838938354,0.885350225531524,67
3,13,0.998882312553557,0.703156494419188,67
4,13,0.998335407385529,0.81252995988716,67
5,13,0.997618482425009,0.751678787088459,67
6,13,0.99733349339824,0.450070176495884,67
1,14,0.999686205327388,0.975110076585706,67
2,14,0.999510034701255,0.90206000070538,67
3,14,0.99880748029594,0.973923225417295,67
4,14,0.996880202274276,0.729151640211672,67
5,14,0.996898111694234,0.724013857526109,67
6,14,0.996231455363686,0.0968449732278166,67
1,15,0.999683876448593,0.782422814635632,67
2,15,0.999453169161004,0.969313634602997,67
3,15,0.998653949771446,0.87306652439345,67
4,15,0.997514454664288,0.543068057938919,67
5,15,0.997571680993518,0.68515032214332,67
6,15,0.99614399037602,0.562496676442839,67
1,1,0.998656371681685,0.970654562696591,68
2,1,0.997984522566078,0.947594151209463,68
3,1,0.995122585192817,0.880900576646295,68
4,1,0.988286252243902,0.700332529312454,68
6,1,0.990862305803435,0.913654629741119,68
5,1,0.985836460823328,0.741956661283959,68
1,2,0.998848313214248,0.947098835904936,68
2,2,0.997771390715485,0.993513411549693,68
3,2,0.994559310328347,0.864231972645931,68
4,2,0.987955701122288,0.903882764647904,68
6,2,0.990004025789423,0.552553378980824,68
5,2,0.984997454107244,0.842552258496897,68
1,3,0.998949110837752,0.865298222730805,68
2,3,0.998016216492495,0.941009530853304,68
3,3,0.995325566106289,0.86199756281234,68
4,3,0.987637137555349,0.920190285068736,68
6,3,0.990450613635992,0.712942582539819,68
5,3,0.986387554303418,0.618973682444644,68
1,4,0.999364977655972,0.845874948738167,68
2,4,0.997474403583748,0.996354564843096,68
3,4,0.995584819837228,0.858052076979694,68
4,4,0.988528814084205,0.746029839568545,68
6,4,0.991394429499083,0.315017056294606,68
5,4,0.9845255763583,0.574616872404052,68
1,5,0.998664781581572,0.995296646900341,68
2,5,0.998055783833252,0.956502671558609,68
3,5,0.995393612915244,0.750070676409335,68
4,5,0.98886533276248,0.299350073790461,68
6,5,0.992740335310866,0.552861083041966,68
5,5,0.985909601927058,-0.0861107342164247,68
1,6,0.998607935075419,0.975831340217589,68
2,6,0.997828944875972,0.929985209155931,68
3,6,0.994788720140304,0.923924448196278,68
4,6,0.988122852569143,-0.00918074865542703,68
6,6,0.988298507314289,0.513285277740969,68
5,6,0.985674815314771,0.194037763400143,68
1,7,0.99864486401144,0.982152799303118,68
2,7,0.998106110645337,0.788217807204377,68
3,7,0.995596578004695,0.867481186899996,68
4,7,0.98808789780419,0.941205207500557,68
6,7,0.989309421902042,0.579430382606716,68
5,7,0.985673163392374,0.87509058216928,68
1,8,0.998655146240107,0.917496845697391,68
2,8,0.997760598559699,0.99700544438246,68
3,8,0.995258960922457,0.624578508094935,68
4,8,0.988412712568501,0.605822773527919,68
6,8,0.990533825655404,-0.01357422897056,68
5,8,0.986176497268717,0.495902067935975,68
1,9,0.998613391494597,0.995487995894364,68
2,9,0.998284956291747,0.846372597598585,68
3,9,0.995363434139119,0.0990601927060506,68
4,9,0.98801601185593,0.720737741125736,68
6,9,0.99057845753495,0.504458003060804,68
5,9,0.986881203801543,0.794440641974156,68
1,10,0.998701302502871,0.94058954456797,68
2,10,0.997969738831217,0.81965413646501,68
3,10,0.994178530745961,0.972938199628902,68
4,10,0.988329134821058,0.808008071335012,68
6,10,0.991973294395246,0.862740901727583,68
5,10,0.98682843223602,0.701572193552321,68
1,11,0.998652185861445,0.97608823138863,68
2,11,0.998405494093861,0.405760429040491,68
3,11,0.996075436490207,0.714305620906807,68
4,11,0.988152680279047,0.882779130394456,68
6,11,0.990784025153885,0.789212020293956,68
5,11,0.986459169702839,0.527115029707482,68
1,12,0.998584052219228,0.992684820521404,68
2,12,0.997879798853108,0.974712825242464,68
3,12,0.995127579586662,0.737279694537794,68
4,12,0.992396701589321,0.258533061235731,68
6,12,0.990665941025482,0.587627380926721,68
5,12,0.98404231037558,0.846981540871642,68
1,13,0.998542358587984,0.996157297838629,68
2,13,0.997940198430926,0.758395539161665,68
3,13,0.995105203674869,0.472031611229521,68
4,13,0.988040435189552,0.619464312895985,68
6,13,0.99065055512286,0.102290445829975,68
5,13,0.985613380938673,0.385717896847493,68
1,14,0.99872854733594,0.970562056162903,68
2,14,0.997996071448089,0.889881695983692,68
3,14,0.995325577952794,0.647319466353444,68
4,14,0.995358318816326,0.803963718883251,68
6,14,0.990289872518144,0.359392514339973,68
5,14,0.9901965637538,0.496371602349416,68
1,15,0.998661086873855,0.982459167607851,68
2,15,0.998012705272906,0.846145595446134,68
3,15,0.994920324497516,0.979175162939134,68
4,15,0.988610264647837,0.510664220640599,68
6,15,0.989931247870003,0.881957993229363,68
5,15,0.987276948797835,0.802197507455222,68
1,1,0.99922824122517,0.889594114338009,69
2,1,0.998190519971125,0.875711908731899,69
4,1,0.995766147044461,0.867047259380357,69
3,1,0.98752976382372,0.780757525124415,69
5,1,0.992656406064697,0.00657956311433163,69
6,1,0.985328230336729,0.410417456317412,69
1,2,0.998472369699696,0.98400594513887,69
2,2,0.998190406389467,0.701310527912334,69
4,2,0.995783246048473,0.787495955414329,69
3,2,0.986068706095559,0.808483399066364,69
5,2,0.991768897090474,0.176548536417213,69
6,2,0.986588646944953,0.550259435378548,69
1,3,0.998529416758234,0.976362894506213,69
2,3,0.998093959939817,0.966578639708022,69
4,3,0.9952662011649,0.789438334104843,69
3,3,0.991580800286632,0.621108620676566,69
5,3,0.991627289910595,0.902307930220877,69
6,3,0.983339491287885,0.882863096297288,69
1,4,0.998693131340911,0.911990539260959,69
2,4,0.998101047670672,0.825181078212406,69
4,4,0.99497665679535,0.849469468629706,69
3,4,0.987152171747986,0.903185100870558,69
5,4,0.991727745405068,0.69624483011969,69
6,4,0.986267168112733,-0.622751581089859,69
1,5,0.998849346176095,0.810648001794377,69
2,5,0.998273607113014,0.898109183215307,69
4,5,0.99536596531903,0.5281064526033,69
3,5,0.994326680785684,0.819996931342814,69
5,5,0.991538090028207,0.730191240878532,69
6,5,0.990125765637927,0.150085616194226,69
1,6,0.998549960220002,0.989839220212624,69
2,6,0.998012366942763,0.959642759761403,69
4,6,0.995524190223446,0.730317431199263,69
3,6,0.984782113159825,0.658106119372646,69
5,6,0.991654270952411,0.384561152775186,69
6,6,0.985695586079188,0.503244253980685,69
1,7,0.998551060325788,0.972956285591067,69
2,7,0.997965746247454,0.982437038274472,69
4,7,0.995014103049494,0.00607311945665266,69
3,7,0.986467537734259,0.939366421657526,69
5,7,0.991618275778119,0.208863509529942,69
6,7,0.986598507761129,0.561065753020933,69
1,8,0.998497121922798,0.982030324324625,69
2,8,0.998246806751102,0.760044352867114,69
4,8,0.995463183421209,0.236648053316023,69
3,8,0.986468686701412,0.737713797200443,69
5,8,0.991805306459618,0.719844066797368,69
6,8,0.986478547771891,0.560810446705708,69
1,9,0.998648769978831,0.961359707894102,69
2,9,0.997995705258977,0.984738193090819,69
4,9,0.995310421509183,0.812634905280356,69
3,9,0.987749610013085,0.633182070210434,69
5,9,0.989961980928522,0.750648695273425,69
6,9,0.985483614959389,0.527304310741764,69
1,10,0.998476802118425,0.991483523497645,69
2,10,0.997829671300943,0.987058602849623,69
4,10,0.995165965662838,0.975903843621174,69
3,10,0.987900534998483,0.895821591470241,69
5,10,0.993045423401681,0.903616008451346,69
6,10,0.986528672257654,0.744144220057978,69
1,11,0.998532735767189,0.992488122583029,69
2,11,0.997945454418998,0.943625627161905,69
4,11,0.995107892010862,0.7962945119119,69
3,11,0.987488079993098,0.0467579517212626,69
5,11,0.989683354963337,0.438125408665963,69
6,11,0.984989049567851,0.287220672765328,69
1,12,0.998437445851135,0.9862041143382,69
2,12,0.99829380962538,0.825441393617423,69
4,12,0.995253905395041,0.893485693073533,69
3,12,0.986789360427106,0.945153015747747,69
5,12,0.99273685354856,0.453278871591573,69
6,12,0.986025741232798,0.856568166419101,69
1,13,0.998487540129949,0.995555670704874,69
2,13,0.997916268364399,0.967964309424369,69
4,13,0.995069014395374,0.922173941323308,69
3,13,0.987426692550732,0.798017966907846,69
5,13,0.989345843726307,0.856178888641258,69
6,13,0.986123690503385,0.781767295387627,69
1,14,0.998570324536597,0.957533102430695,69
2,14,0.998035181148615,0.930357159701429,69
4,14,0.995516315018981,0.860275844349347,69
3,14,0.986796957789336,0.602218628902683,69
5,14,0.991703448534983,0.83845654120333,69
6,14,0.984563828458104,0.737289926215305,69
1,15,0.998535594116688,0.937207239812106,69
2,15,0.998014075101554,0.947152971975749,69
4,15,0.995182659991175,0.37870710872043,69
3,15,0.985665893446632,0.944926272607952,69
5,15,0.992647336810148,0.117171140367107,69
6,15,0.985613317418268,0.755155533918783,69
1,1,0.999999978344697,0.963013816613827,70
2,1,0.999999966095824,0.980796802691927,70
3,1,0.999999924732251,0.872743000335283,70
4,1,0.999999817653957,0.746938259532637,70
6,1,0.999999831372308,0.767738176415942,70
5,1,0.999999810349336,0.620786862761462,70
1,2,0.999999978302069,0.848053432295578,70
2,2,0.999999969139541,0.953165743643195,70
3,2,0.999999930891981,0.897377109051096,70
4,2,0.999999868644422,0.77028695160122,70
6,2,0.999999834986449,-0.194108755463396,70
5,2,0.99999982805498,0.713749832929277,70
1,3,0.99999997901187,0.854440928164737,70
2,3,0.999999969293719,0.988507279552964,70
3,3,0.999999930872809,0.055628957730252,70
4,3,0.999999832448704,0.894858410205307,70
6,3,0.999999852613393,0.743999173659138,70
5,3,0.999999809300279,0.724136663911214,70
1,4,0.999999976740028,0.977809410660265,70
2,4,0.999999969231774,0.93286985488363,70
3,4,0.999999934472411,0.778772821450824,70
4,4,0.9999998800896,0.625456411707136,70
6,4,0.999999872088031,0.515153901086807,70
5,4,0.999999851368896,0.575145651710933,70
1,5,0.999999981631662,0.983230214565058,70
2,5,0.999999972255754,0.977291796973031,70
3,5,0.999999948522024,0.922830686986391,70
4,5,0.999999821415627,0.78467115087434,70
6,5,0.999999860750377,0.645457547113127,70
5,5,0.999999824413275,0.331121576483455,70
1,6,0.999999980522489,0.913511369632659,70
2,6,0.999999968549061,0.830555124930172,70
3,6,0.999999939271368,0.537628638856198,70
4,6,0.999999810658419,0.822284001062125,70
6,6,0.999999808235904,0.702709433006745,70
5,6,0.999999833540228,0.738512906177148,70
1,7,0.999999979779832,0.950127369834465,70
2,7,0.999999968705561,0.969308252386726,70
3,7,0.999999947981639,0.526110653103971,70
4,7,0.99999990725908,0.644336195821166,70
6,7,0.999999870524923,-0.130839947374718,70
5,7,0.999999855089974,0.535137916149034,70
1,8,0.999999980708299,0.896108903805526,70
2,8,0.999999968856642,0.838232354723293,70
3,8,0.999999918423406,0.976818992303096,70
4,8,0.999999815715271,0.87492455721565,70
6,8,0.999999854832205,0.218040009481718,70
5,8,0.999999818298533,0.719407590204748,70
1,9,0.999999978220988,0.97896394436969,70
2,9,0.999999968681877,0.828751846847752,70
3,9,0.9999999403048,0.85393703807715,70
4,9,0.999999810977234,0.775868298317285,70
6,9,0.99999985626258,0.452733022192495,70
5,9,0.999999811325974,-0.160011303880025,70
1,10,0.999999976159148,0.993026298143736,70
2,10,0.999999961559264,0.981919500394683,70
3,10,0.999999932256026,0.57284138658752,70
4,10,0.999999816906693,0.837288822012513,70
6,10,0.999999846762099,0.832767656837556,70
5,10,0.999999820038327,0.756895767000315,70
1,11,0.999999978115974,0.983808883907338,70
2,11,0.99999997039858,0.971239874876761,70
3,11,0.999999928167103,0.875239133555733,70
4,11,0.999999831216808,-0.0212263677209456,70
6,11,0.99999986609673,0.754427746523316,70
5,11,0.999999829775825,0.290774461181871,70
1,12,0.999999977030882,0.966729196045593,70
2,12,0.999999972284604,0.772600480793924,70
3,12,0.999999927946974,0.802612062839642,70
4,12,0.99999987516933,0.549107326269533,70
6,12,0.999999899015058,0.577659959985879,70
5,12,0.999999795396067,0.783732403076845,70
1,13,0.99999997881146,0.984204510302581,70
2,13,0.999999971514213,0.516644182809598,70
3,13,0.999999922010449,0.943744059586528,70
4,13,0.999999809863672,0.679555075784676,70
6,13,0.999999867530776,0.659226825898911,70
5,13,0.999999815210881,-0.61968984583128,70
1,14,0.999999987496841,0.941032513439442,70
2,14,0.999999970140137,0.829111024688833,70
3,14,0.99999992774505,0.883204020109752,70
4,14,0.999999803934594,0.18131429165182,70
6,14,0.999999867096799,-0.0540564911078186,70
5,14,0.999999796067209,0.935188668503659,70
1,15,0.999999977135852,0.989182297799615,70
2,15,0.999999976406524,0.935072243498493,70
3,15,0.999999929883436,0.257053549259279,70
4,15,0.999999820819004,0.954564104835145,70
6,15,0.99999985029179,0.90783522031476,70
5,15,0.999999834391437,0.58259190446033,70
1,1,0.998355568525804,0.985518272290831,71
2,1,0.997988560175752,0.952895678701228,71
4,1,0.995267692746953,0.948377837834141,71
3,1,0.988185602906638,0.845598236381346,71
5,1,0.991683314578376,0.308172547422604,71
6,1,0.984073866889225,0.122637703082882,71
1,2,0.99868906521398,0.965626294006235,71
2,2,0.998325310824803,0.832470017294371,71
4,2,0.99524752761554,0.62950608760978,71
3,2,0.994672423005412,0.962165386074925,71
5,2,0.991199786828486,0.892562960829604,71
6,2,0.98912051528819,0.243011873360251,71
1,3,0.99867819902724,0.986446784403728,71
2,3,0.998426109062777,0.49953897043416,71
4,3,0.995675773470876,0.828278633137256,71
3,3,0.988386596956305,0.730515693889218,71
5,3,0.991611788993168,0.870843090142424,71
6,3,0.98404286553611,0.60646684862321,71
1,4,0.998310513411335,0.927640920525954,71
2,4,0.99862015431646,0.818619425383345,71
4,4,0.995181305127388,0.792799572545767,71
3,4,0.988230550986366,0.765271951852486,71
5,4,0.988800009896799,0.810522548721539,71
6,4,0.984473897138947,0.776204455013353,71
1,5,0.998860263215643,0.831751618479184,71
2,5,0.99779026632494,0.986216471197763,71
4,5,0.99541074145265,0.961919242338044,71
3,5,0.990679597784929,0.756841978664862,71
5,5,0.992597061160052,0.940446336099574,71
6,5,0.981959801422716,0.927801559716082,71
1,6,0.998403763013492,0.970440149471494,71
2,6,0.997838552046656,0.970049557395796,71
4,6,0.996133138715886,0.82308801647351,71
3,6,0.988775889033438,0.546218688235069,71
5,6,0.991806035990913,0.730102868633943,71
6,6,0.982712656039097,-0.0127479931509855,71
1,7,0.998486023526406,0.965978663957989,71
2,7,0.997875933628664,0.99009338553956,71
4,7,0.995319657786766,0.384485771896719,71
3,7,0.988395356113602,0.933411483592801,71
5,7,0.99140429645843,0.138583630357172,71
6,7,0.983905364832082,0.602380812523443,71
1,8,0.998500603784413,0.86176626571204,71
2,8,0.997953375341119,0.982489894567453,71
4,8,0.995604777911839,0.711460506725454,71
3,8,0.987749306854304,0.815126283394597,71
5,8,0.993503502614238,0.693069442149497,71
6,8,0.982166970522279,0.951789209886238,71
1,9,0.999024600549967,0.925499399183399,71
2,9,0.997785091806991,0.990506373822086,71
4,9,0.995559511016978,0.900485640158437,71
3,9,0.98829103998863,0.946132444774305,71
5,9,0.9914787721078,0.717206557588461,71
6,9,0.984900613662584,0.523330729156319,71
1,10,0.998528391808946,0.988723580818236,71
2,10,0.998070042900304,0.981544176829906,71
4,10,0.996028433477513,0.611632696762329,71
3,10,0.988894894544497,0.845700175710556,71
5,10,0.991083171297826,-0.176855877258099,71
6,10,0.983954770331757,0.712038031600089,71
1,11,0.998613002041118,0.890097872353586,71
2,11,0.99790656458287,0.974789465723529,71
4,11,0.995671824323341,0.977132472119541,71
3,11,0.988488218156621,0.939011859954569,71
5,11,0.991375101185084,0.779573712987483,71
6,11,0.9846595837951,-0.106317789949643,71
1,12,0.998453265560045,0.997881535096518,71
2,12,0.997969358879343,0.969189877892769,71
4,12,0.995447076744996,0.945828488464704,71
3,12,0.98817852165819,0.989686230641426,71
5,12,0.990942764602069,0.802563581796715,71
6,12,0.984020119034246,0.413479662661801,71
1,13,0.998448015455656,0.996012219965816,71
2,13,0.9981379139386,0.83637767465847,71
4,13,0.995436807786646,0.868019109725465,71
3,13,0.988066658043676,0.555898542161091,71
5,13,0.988784352721468,0.553994779968688,71
6,13,0.983964399096396,0.872321167785053,71
1,14,0.998469745804352,0.964352948504683,71
2,14,0.998158966932572,0.921642181599643,71
4,14,0.99576729638178,0.852822764136846,71
3,14,0.988381392526621,0.92736942315163,71
5,14,0.991641817122087,0.710111835881867,71
6,14,0.983512664588862,0.588613079451153,71
1,15,0.998347356429407,0.998846887811162,71
2,15,0.997902117753445,0.97753264788056,71
4,15,0.995632218063686,0.817556079993635,71
3,15,0.98868272647282,0.704103085647469,71
5,15,0.991771589277347,-0.239612221674198,71
6,15,0.987275554384513,-0.0323255325371978,71
1,1,0.999584243889581,0.922532352049942,72
2,1,0.99940346508891,0.991396631674027,72
4,1,0.998778348557525,0.923619764048478,72
3,1,0.996653920758183,0.871737580195845,72
5,1,0.997628380523802,0.549022902052292,72
6,1,0.994723031794651,0.781091915669623,72
1,2,0.999609816671599,0.985094526392925,72
2,2,0.999463562056693,0.976519073789475,72
4,2,0.99886354209399,0.926600127985204,72
3,2,0.996811569685181,0.791540971870697,72
5,2,0.997403470803596,0.804839325371961,72
6,2,0.996011854388039,0.173052520451848,72
1,3,0.999573252210601,0.974763784423999,72
2,3,0.999416172381429,0.984305268321273,72
4,3,0.998716911746045,0.896789680155699,72
3,3,0.996727500836446,0.850323399836388,72
5,3,0.997256698345161,0.407075935855678,72
6,3,0.995151562853546,0.684383054165242,72
1,4,0.999580267004508,0.984634528640222,72
2,4,0.999512389133653,0.926446025590262,72
4,4,0.998790168092218,0.912175180862601,72
3,4,0.99742482739543,0.475900091723911,72
5,4,0.997186689753319,0.652548300432111,72
6,4,0.994548965242657,0.668347644058553,72
1,5,0.999673223680042,0.986768209795079,72
2,5,0.999492790427405,0.982929698451997,72
4,5,0.998651391248792,0.979433056774698,72
3,5,0.996803612969935,0.937286999805777,72
5,5,0.997485156635045,0.884252880431735,72
6,5,0.994563825530965,0.771737101861695,72
1,6,0.999586809544612,0.983029279817182,72
2,6,0.999435144063386,0.951993606568724,72
4,6,0.998889303894227,0.606562701102628,72
3,6,0.996378926313543,0.674852865593514,72
5,6,0.997739728045228,-0.531611218621467,72
6,6,0.994543495303864,0.207189542927353,72
1,7,0.999587661416122,0.970257854440144,72
2,7,0.999477940437175,0.839486521457368,72
4,7,0.999089132931741,0.604722943129257,72
3,7,0.99678116432846,0.79334422236012,72
5,7,0.996533043518753,0.828779096042312,72
6,7,0.995297657028768,0.720399955737114,72
1,8,0.999556192280967,0.989571156126582,72
2,8,0.999464624512898,0.932539399842258,72
4,8,0.998787818795036,-0.429282865978176,72
3,8,0.996748643006693,0.88604747684205,72
5,8,0.997026949036509,0.56692210594477,72
6,8,0.994743823289045,0.859709821557497,72
1,9,0.99967254225307,0.936389498147557,72
2,9,0.999458500626163,0.964537960245167,72
4,9,0.998863096577632,0.618378872087828,72
3,9,0.998633837860109,0.350612466847967,72
5,9,0.99757329777118,0.818720132227732,72
6,9,0.997124453698197,-0.197772811406748,72
1,10,0.999599230854101,0.982751597247187,72
2,10,0.99946111059132,0.966439027545209,72
4,10,0.998843846420602,0.79421530688718,72
3,10,0.996578204250638,0.797425434432231,72
5,10,0.997483066000496,0.361395654508957,72
6,10,0.994857421352042,0.313939847230127,72
1,11,0.99956574158279,0.99192599319006,72
2,11,0.999409241033373,0.95857379701628,72
4,11,0.998910350559108,0.830974522360245,72
3,11,0.996421290942784,0.936601967028109,72
5,11,0.997497399295325,0.826001642037579,72
6,11,0.994390965600464,0.853101514943067,72
1,12,0.999591439662325,0.942716063493723,72
2,12,0.99943502475086,0.957524341515702,72
4,12,0.998811387419992,0.673064141211444,72
3,12,0.996585451408201,0.954955749485598,72
5,12,0.997719661731071,0.451632588016587,72
6,12,0.994999854843083,0.211220722161772,72
1,13,0.999748180031045,0.870527114202286,72
2,13,0.999530461153604,0.713047082900959,72
4,13,0.998805797123914,0.974902491780515,72
3,13,0.996875464662073,0.678407485519838,72
5,13,0.997341480222159,0.883207635100894,72
6,13,0.994843328535416,0.255455832456354,72
1,14,0.999575515453761,0.982405361518368,72
2,14,0.999517767072005,0.803083404095184,72
4,14,0.998650597174134,0.96401623080149,72
3,14,0.996630743538989,0.697450845071948,72
5,14,0.997446991040082,0.7783485116375,72
6,14,0.994526608867588,0.270144065156549,72
1,15,0.999625109970602,0.97552332836667,72
2,15,0.999469310906271,0.934366220005367,72
4,15,0.998882972857657,0.727156411119411,72
3,15,0.998168623268218,0.375118045724099,72
5,15,0.995988804653507,0.908868098023185,72
6,15,0.994468706938953,0.850053474847902,72
1,1,0.999984773568011,0.930532647770547,73
2,1,0.999975328202142,0.889078198401118,73
4,1,0.999960206344126,0.743333819788366,73
5,1,0.999891337989884,0.82068752230263,73
3,1,0.99983273199638,0.713726587766392,73
6,1,0.999736023116314,0.433301581396201,73
1,2,0.999984023523978,0.945531778728034,73
2,2,0.999972012461897,0.638903383350923,73
4,2,0.999944230607924,0.867736151862007,73
5,2,0.999853276991718,0.565792081644957,73
3,2,0.999886104364701,0.465430377328044,73
6,2,0.999806333342519,-0.46233302911096,73
1,3,0.999981936378924,0.988081688584725,73
2,3,0.999971290726781,0.84041934498128,73
4,3,0.999945900903859,0.593787275089681,73
5,3,0.999893205331074,0.401590989328988,73
3,3,0.999821761366775,0.731663848968636,73
6,3,0.999750642037598,0.760992764779685,73
1,4,0.999983863508338,0.973886674671696,73
2,4,0.999966920521443,0.969708302328789,73
4,4,0.999949250037458,0.900839277577785,73
5,4,0.999943678343167,0.460381521250465,73
3,4,0.999810346184093,0.847549578785808,73
6,4,0.999734366834914,0.913384117146628,73
1,5,0.999981470664673,0.987513688814909,73
2,5,0.99996818087144,0.935345312866701,73
4,5,0.99994568172735,0.697943598484786,73
5,5,0.999821000913662,0.267031061934901,73
3,5,0.999867423049847,0.457172121534751,73
6,5,0.999759065523525,0.26709098170432,73
1,6,0.99998249269328,0.986011387582877,73
2,6,0.999968671807861,0.84395677071762,73
4,6,0.99994194927341,0.774282279682393,73
5,6,0.999932892327159,0.749058837314052,73
3,6,0.999882871716687,0.62148175298467,73
6,6,0.999872210700682,0.099745647810104,73
1,7,0.999982372126377,0.969113134995619,73
2,7,0.999974312825821,0.956692253462159,73
4,7,0.999947931101005,-0.0949266141970082,73
5,7,0.999872356800789,0.929349380577623,73
3,7,0.999822754669644,0.828302421883962,73
6,7,0.99975368149235,0.653724376173541,73
1,8,0.999990296535985,0.952207888283659,73
2,8,0.999969210456689,0.900768703334511,73
4,8,0.999939975773753,0.991431911345001,73
5,8,0.999875864905716,0.604443287130843,73
3,8,0.999834330286776,0.670200490999798,73
6,8,0.999753372267508,-0.332536651508871,73
1,9,0.999984698712901,0.843523820232521,73
2,9,0.999970576596637,0.918694673942231,73
4,9,0.999945736041406,0.920931009130863,73
5,9,0.999880544071784,0.366295570956254,73
3,9,0.999822394026084,0.911009105125252,73
6,9,0.999753166628756,0.914887852998615,73
1,10,0.999980846818511,0.995806955404879,73
2,10,0.999970757099938,0.829417120757743,73
4,10,0.999946796546997,0.279835556209279,73
5,10,0.99984117584324,-0.117314391373848,73
3,10,0.99990077277645,0.187306799486606,73
6,10,0.999744426286506,0.349361448443732,73
1,11,0.999982152748692,0.93359408511431,73
2,11,0.99996580012977,0.990818913007888,73
4,11,0.999944954119854,0.453912534581924,73
5,11,0.999905683531192,0.669002682218621,73
3,11,0.999774760095576,0.944561775081666,73
6,11,0.999753482042511,0.148891533428531,73
1,12,0.999982461027453,0.996289962281983,73
2,12,0.99996741326844,0.891649557969701,73
4,12,0.999951053096005,0.688264738661061,73
5,12,0.999846951707257,0.280314584269229,73
3,12,0.999866320373154,0.726379986064027,73
6,12,0.999730210369945,0.277803151834489,73
1,13,0.999986286906393,0.935898725022572,73
2,13,0.999975609941536,0.989128964915682,73
4,13,0.999954430751278,0.292578442522528,73
5,13,0.999858874694331,0.892720458285818,73
3,13,0.99985711248701,0.775440440656914,73
6,13,0.999728317172552,0.739105378959329,73
1,14,0.999983197463454,0.982069296037075,73
2,14,0.999967450441888,0.940722350843021,73
4,14,0.999947655115188,0.976727805769062,73
5,14,0.999889086755089,0.828949794878176,73
3,14,0.9998053515582,0.968841558720625,73
6,14,0.999770037341321,0.650088471976734,73
1,15,0.999983355956725,0.978603038389439,73
2,15,0.999969529903541,0.924355555152903,73
4,15,0.999952013693653,0.806248612770901,73
5,15,0.999879085298696,0.146426151919359,73
3,15,0.999893451908736,0.547956070374579,73
6,15,0.999750327851698,0.414080190997048,73
1,1,0.999547501077325,0.993307415024642,74
2,1,0.999431782935096,0.971731736704556,74
3,1,0.99855962842771,0.939079350999746,74
4,1,0.996617005409544,0.894664320605757,74
6,1,0.998087708231041,-0.320373283364148,74
5,1,0.995924493141091,0.677213652808186,74
1,2,0.999710584107574,0.922072880904055,74
2,2,0.999439105362158,0.973182752415967,74
3,2,0.998830133991609,0.871287252521546,74
4,2,0.996529854868953,0.830420972198049,74
6,2,0.997166162813043,0.455249098079788,74
5,2,0.995826281565098,0.764662365719244,74
1,3,0.999585710272916,0.95570738011134,74
2,3,0.999442748860929,0.942396452393961,74
3,3,0.998603176607319,0.807888544884024,74
4,3,0.996369646748654,0.400750064687977,74
6,3,0.997509762896252,0.616552585881244,74
5,3,0.995768613715289,0.153138944557567,74
1,4,0.999519482086719,0.988501330936372,74
2,4,0.999491604121037,0.782209297213559,74
3,4,0.998554429319474,0.926442556154966,74
4,4,0.996375971799989,0.75393683713035,74
6,4,0.997650915790962,0.511855733103668,74
5,4,0.996577039462934,0.42158819968572,74
1,5,0.999626217334976,0.977830987380854,74
2,5,0.999415798931546,0.980975728631804,74
3,5,0.99850876311237,0.865521661420358,74
4,5,0.996147508476065,0.872385314312325,74
6,5,0.997321981533756,0.7740118640864,74
5,5,0.996519520383201,0.641894178935543,74
1,6,0.999503521200917,0.969401807423777,74
2,6,0.999365638890827,0.992747367419633,74
3,6,0.998586590255397,0.403143280966015,74
4,6,0.996413982325649,0.924402929527582,74
6,6,0.997224772370221,-0.22057240432523,74
5,6,0.996341791163755,0.644677570359956,74
1,7,0.999602618378729,0.826456413428609,74
2,7,0.999387897286566,0.973225728051805,74
3,7,0.998502437712865,0.900871971779685,74
4,7,0.996073898364548,0.739665027211709,74
6,7,0.997315031389756,0.544170265790952,74
5,7,0.99591044294448,-0.0158381873686421,74
1,8,0.999546794945894,0.985250947260846,74
2,8,0.99935999780537,0.993991742252433,74
3,8,0.998660373727452,0.529077646074962,74
4,8,0.996457866607751,0.811940212674957,74
6,8,0.997327203989532,0.712964933412884,74
5,8,0.995465139166528,0.839000790758069,74
1,9,0.999488691452003,0.99517839789016,74
2,9,0.999514385486106,0.639348839659012,74
3,9,0.998802746808023,0.66368235410089,74
4,9,0.99829202471992,0.812822661983354,74
6,9,0.997355596543116,0.953284233777095,74
5,9,0.996692151277721,0.470620417860992,74
1,10,0.999522399243921,0.987907028341555,74
2,10,0.999446561595928,0.411969669433384,74
3,10,0.998532618133056,0.860360356341069,74
4,10,0.996401916783748,0.547387555051632,74
6,10,0.995681955792453,0.14790831607428,74
5,10,0.99516840770491,0.716321824625804,74
1,11,0.999566308000753,0.964271641471393,74
2,11,0.999399846565345,0.848602918936396,74
3,11,0.998401728154747,0.704125449375351,74
4,11,0.996129213430468,0.846454144771754,74
6,11,0.997299268889084,0.412256163188942,74
5,11,0.995781498277525,0.705655601907129,74
1,12,0.999579317902939,0.896735886156561,74
2,12,0.999421418887371,0.93932496344507,74
3,12,0.998736637559711,0.872970347369722,74
4,12,0.996028029934766,0.903928711978636,74
6,12,0.9975316576762,-0.165910182608791,74
5,12,0.995796771547871,0.572964583154468,74
1,13,0.999553511016048,0.949661275467774,74
2,13,0.99947026990899,0.981573652099207,74
3,13,0.998657375389888,0.822381156528451,74
4,13,0.996255159370624,0.576754896341361,74
6,13,0.997268999971398,0.775611008284753,74
5,13,0.995963328891422,-0.707938515178854,74
1,14,0.999482440248306,0.993670527037556,74
2,14,0.999417038425809,0.831516187234317,74
3,14,0.998499774129071,0.872023412942101,74
4,14,0.996455876302767,0.825028391486104,74
6,14,0.99758550316981,0.400127298879458,74
5,14,0.995473374439091,0.708792451392619,74
1,15,0.999507207331747,0.977705689436983,74
2,15,0.999399435333321,0.962886536901753,74
3,15,0.998498839332429,0.963721214382464,74
4,15,0.997788604375794,0.397017541152401,74
6,15,0.997388165873823,0.482564438189673,74
5,15,0.995632928389127,0.653649997044076,74
2,1,0.999478334839559,0.983275669074212,75
1,1,0.999482296020862,0.954296683610735,75
3,1,0.998786498845527,0.464395967047651,75
4,1,0.998701358725885,0.768118853544534,75
5,1,0.997615889619722,0.125305404444072,75
6,1,0.997556328134076,0.50359879268555,75
2,2,0.999631817363058,0.991298091292192,75
1,2,0.999571447872812,0.931092667413765,75
3,2,0.999044078791538,0.654970630569918,75
4,2,0.99699124909386,0.882828271643811,75
5,2,0.996633623925536,0.785400160317619,75
6,2,0.995365906742531,0.698851553515565,75
2,3,0.999553268865776,0.989450897102469,75
1,3,0.999392158163211,0.98374279424414,75
3,3,0.998801615725465,0.547715058443033,75
4,3,0.996626320339818,0.581065973486116,75
5,3,0.997347661627029,0.283135734024021,75
6,3,0.996170103006823,0.221213038324099,75
2,4,0.999587401461693,0.988713874277429,75
1,4,0.999434297514125,0.955131003247007,75
3,4,0.998443332348737,0.959626874107096,75
4,4,0.99655521459031,0.780195800686264,75
5,4,0.996847975010919,0.815883141686742,75
6,4,0.994698971287428,0.345792622106983,75
2,5,0.999769787913123,0.67090617463703,75
1,5,0.999367006192569,0.998661826522731,75
3,5,0.998646261309412,0.973387561933712,75
4,5,0.997130490099378,0.624779995513222,75
5,5,0.996795354829224,0.623762299855502,75
6,5,0.994391773008946,0.893183757330497,75
2,6,0.999517588265603,0.916878963266117,75
1,6,0.999416206997292,0.938034622032341,75
3,6,0.998627433106818,0.92242824968341,75
4,6,0.996860267631329,0.703462090133134,75
5,6,0.997051749786955,0.135877640934256,75
6,6,0.99438802354171,0.740225734749296,75
2,7,0.999512481163146,0.993069195858369,75
1,7,0.999408934585967,0.888560150961713,75
3,7,0.998725022567373,-0.0213600008544068,75
4,7,0.997492263689655,0.280099609906102,75
5,7,0.997188069894397,0.252707366378631,75
6,7,0.994435675371064,0.932475732902276,75
2,8,0.999505778210768,0.940395853932866,75
1,8,0.999428044356909,0.925081919633562,75
3,8,0.998582625038157,0.400851295955635,75
4,8,0.997535802272427,-0.0252509195022647,75
5,8,0.99641091640157,0.658653459504944,75
6,8,0.994469259471893,0.64657731680018,75
2,9,0.999587644504349,0.969350120599203,75
1,9,0.999456729541934,0.983052647110689,75
3,9,0.998628069227009,0.944633620524411,75
4,9,0.997025240853203,0.820440473695937,75
5,9,0.996999306829059,0.813729412199626,75
6,9,0.994803131517806,0.797572108586472,75
2,10,0.999534338941746,0.990632036800325,75
1,10,0.999406269208876,0.956940868484448,75
3,10,0.998527107844563,0.981991212879505,75
4,10,0.996596387193533,0.847689652222415,75
5,10,0.996675014046952,0.90750159125667,75
6,10,0.995105803090575,0.438931982005184,75
2,11,0.999518178303784,0.964070032720587,75
1,11,0.999397519975325,0.971531329450235,75
3,11,0.998616528435486,0.815828930889263,75
4,11,0.997144098390439,0.686180103298816,75
5,11,0.997637413482907,0.949685467469402,75
6,11,0.994767493925843,0.478304964290353,75
2,12,0.999507471215416,0.993949088840396,75
1,12,0.999337371746135,0.986361567543485,75
3,12,0.998649175617435,0.924031300577039,75
4,12,0.997090314288807,0.935375676141354,75
5,12,0.996331504325345,0.769045918573931,75
6,12,0.994767203480287,0.499927792785637,75
2,13,0.999640490999477,0.750841703051014,75
1,13,0.999452094491818,0.77482446353708,75
3,13,0.998656334883637,0.596713869680513,75
4,13,0.996388061237546,0.89758404149192,75
5,13,0.995587240215116,0.883738628177794,75
6,13,0.995532727169112,0.622286049669042,75
2,14,0.999535695528348,0.977466978934993,75
1,14,0.999406297005071,0.94862911984499,75
3,14,0.998647403138311,0.915291982012379,75
4,14,0.996407518034868,0.815790749809015,75
5,14,0.996858136082745,0.701533579419045,75
6,14,0.994685495627402,0.838829158850516,75
2,15,0.99956245857605,0.995025070442955,75
1,15,0.999460997410761,0.94307231193074,75
3,15,0.998553721573669,0.936916288360183,75
4,15,0.996650909083551,0.968128523403351,75
5,15,0.997354867012398,0.742007323617815,75
6,15,0.994548518496811,-0.0307658164704822,75
1,1,0.999661690783591,0.922651824865727,76
2,1,0.999509129839297,0.949411956009458,76
3,1,0.99887506052804,0.651921372443823,76
5,1,0.997871114075753,0.0190116325508416,76
4,1,0.995171710363698,0.919169642070317,76
6,1,0.994171385812959,0.810643487738744,76
1,2,0.999684591646054,0.900853064560259,76
2,2,0.999502680475641,0.5858098635285,76
3,2,0.999038644299718,0.812469608715105,76
5,2,0.998382473510673,0.646749545711856,76
4,2,0.997963297948963,0.721671997021091,76
6,2,0.99712122578229,0.154532411812318,76
1,3,0.999766971550511,0.961208962023735,76
2,3,0.999387203272173,0.974261647627076,76
3,3,0.998879450301522,0.948486361232248,76
5,3,0.997513171674335,0.571038365910821,76
4,3,0.9961036949724,0.782719134733568,76
6,3,0.993442376583868,0.911851581630487,76
1,4,0.999705143316006,0.993322605062908,76
2,4,0.999519392240424,0.874646029908384,76
3,4,0.998776757499723,0.95688992585813,76
5,4,0.996283026925133,0.953625637610004,76
4,4,0.997332037818079,0.835267034872787,76
6,4,0.995815374635337,0.144331604030075,76
1,5,0.999646419795793,0.991720627430979,76
2,5,0.999492409012824,0.945217170387818,76
3,5,0.99893497316733,0.609305535057799,76
5,5,0.995654165959045,0.315853373935434,76
4,5,0.997900484722165,0.132346749366712,76
6,5,0.994088303178372,0.337912059396799,76
1,6,0.999618185326326,0.986497688142715,76
2,6,0.99946785945144,0.903057281509121,76
3,6,0.998914249653475,0.765006645345776,76
5,6,0.995979132985083,0.632226505191585,76
4,6,0.997791952289785,0.680985053736924,76
6,6,0.993362232258398,0.642364524221647,76
1,7,0.999643425678161,0.980537361117849,76
2,7,0.999479449324058,0.95491785688898,76
3,7,0.998854560569867,0.968488791099336,76
5,7,0.997804292719618,0.616115891214462,76
4,7,0.996479731996529,0.850224007287146,76
6,7,0.993385002301388,0.882909729603951,76
1,8,0.999646202935155,0.841103596292372,76
2,8,0.999446973221994,0.955666528387715,76
3,8,0.998882810321273,0.748603629354411,76
5,8,0.996677588780309,0.87897818223209,76
4,8,0.996590997396511,0.848399086666948,76
6,8,0.993943859768574,0.485024092481309,76
1,9,0.999681048304676,0.891205681474253,76
2,9,0.999454199734272,0.989221926670942,76
3,9,0.998874677505134,0.931353120553493,76
5,9,0.996118424974359,0.772009977966421,76
4,9,0.997513049357187,0.550757986405067,76
6,9,0.99351500074257,0.162674877858616,76
1,10,0.999635305257747,0.982211415619022,76
2,10,0.999467467199923,0.86588659676257,76
3,10,0.998833038399411,0.886807650961275,76
5,10,0.996786025104691,0.543697965126116,76
4,10,0.996932565221953,0.462070580610188,76
6,10,0.993636346080401,0.584374786847337,76
1,11,0.999668489300987,0.808952852320819,76
2,11,0.999526496770936,0.921408201216336,76
3,11,0.998924114846973,0.442984531915785,76
5,11,0.997558615492142,0.56666732394469,76
4,11,0.995655157096256,0.689155510531905,76
6,11,0.994357754758994,0.609865609844448,76
1,12,0.999631963415917,0.993929098310081,76
2,12,0.999488904402737,0.952220238472814,76
3,12,0.998831520035816,0.311768146970965,76
5,12,0.994871064361348,0.645537607599126,76
4,12,0.997913314240043,0.547563544787512,76
6,12,0.993779640318541,0.675588792510309,76
1,13,0.999654693134907,0.977940059932715,76
2,13,0.999491230037087,0.938654819658556,76
3,13,0.998769033539591,0.952543335560803,76
5,13,0.995640423562527,0.56339382330294,76
4,13,0.995992474654399,0.783827128242902,76
6,13,0.995264448728104,0.801319843265507,76
1,14,0.999664835016659,0.97290650993116,76
2,14,0.999450390363877,0.930758479682788,76
3,14,0.998757695052146,0.884903069723483,76
5,14,0.996025902402614,0.606808214753008,76
4,14,0.997642260706361,0.216809780102592,76
6,14,0.993570105411266,0.178938903978462,76
1,15,0.999664390721819,0.884196539843164,76
2,15,0.999500370289964,0.964462984757146,76
3,15,0.99891300699802,0.479333338623311,76
5,15,0.997005564557596,0.748654305824727,76
4,15,0.997075582585952,0.694673899804334,76
6,15,0.994652858681684,0.60771018294675,76
1,1,0.998608289157538,0.984226280215368,77
2,1,0.997984011655091,0.994460400317361,77
4,1,0.995537849934143,0.963243112543878,77
3,1,0.989629302268167,0.892315431695381,77
6,1,0.990767201050329,0.808738396978729,77
5,1,0.984640579557392,-0.167931229290386,77
1,2,0.998609004659185,0.976723118574204,77
2,2,0.998178115652881,0.79895600065227,77
4,2,0.995640000270626,0.772463646217877,77
3,2,0.989814868170249,0.688276754414673,77
6,2,0.990934680426105,0.556627738883694,77
5,2,0.983456243088022,0.386403231517933,77
1,3,0.998545523594261,0.914137093613745,77
2,3,0.998421894036799,0.596121140943344,77
4,3,0.995854454174832,0.816716045020166,77
3,3,0.989857929709051,0.881970683289624,77
6,3,0.983793346383432,0.539423329904188,77
5,3,0.985682866625921,0.918182205275691,77
1,4,0.99846072859973,0.983163140637582,77
2,4,0.99778436183,0.972511456051475,77
4,4,0.995659968153956,0.93174829619466,77
3,4,0.989792333323761,0.914868933937615,77
6,4,0.990988657544595,-0.266962604962031,77
5,4,0.982707699280036,0.845522010795226,77
1,5,0.998487023972988,0.984598930542634,77
2,5,0.99781046919319,0.989943291750044,77
4,5,0.995825560817512,0.378344622000122,77
3,5,0.989324725419624,0.92244701388788,77
6,5,0.992830269141367,0.255230246936909,77
5,5,0.983533730008744,0.666682743722458,77
1,6,0.998566416194025,0.972763650435906,77
2,6,0.997993440752601,0.736895305754667,77
4,6,0.994894826261843,0.881170162672802,77
3,6,0.989801152810937,0.407654562275502,77
6,6,0.991049319351798,0.657240490357433,77
5,6,0.982826302601571,0.527092209074334,77
1,7,0.998579127912693,0.968212522655025,77
2,7,0.998081332370711,0.923347516734091,77
4,7,0.996047675056001,0.736001130795288,77
3,7,0.989414488916656,0.939187070629044,77
6,7,0.991055116889843,-0.302823191180163,77
5,7,0.985998784473675,0.581166377825544,77
1,8,0.99853360556902,0.990900262346489,77
2,8,0.998020792626685,0.900352013561477,77
4,8,0.995700952034869,0.886303920785752,77
3,8,0.989452209933861,0.870681558566466,77
6,8,0.990873054412066,0.203750918852121,77
5,8,0.983551387489385,-0.243206590758793,77
1,9,0.998435449099179,0.997167396523445,77
2,9,0.998036764984877,0.991964590650507,77
4,9,0.995047257084397,0.994490120255054,77
3,9,0.990493404639276,0.782672943503516,77
6,9,0.990344012366356,0.910273314177274,77
5,9,0.983815347383217,0.651816556262,77
1,10,0.998610695833036,0.953097280677533,77
2,10,0.998504806310265,0.372701133300106,77
4,10,0.996364011974173,0.69797236582321,77
3,10,0.989695198068565,0.891224463891444,77
6,10,0.991262603239954,0.226312634835152,77
5,10,0.982770506943122,0.527313919371474,77
1,11,0.999058352519619,0.975650215901185,77
2,11,0.998243631166531,0.724390085027862,77
4,11,0.995546601452459,0.933774145516415,77
3,11,0.988193218636651,0.72349004648666,77
6,11,0.993002662324037,0.835276878703428,77
5,11,0.983442837020291,0.728848852303899,77
1,12,0.998491576086254,0.961770788443867,77
2,12,0.998306407009145,0.76559088976008,77
4,12,0.995871149219749,0.0519945287648445,77
3,12,0.989260617620693,0.754069084652234,77
6,12,0.990580382656433,0.554837767976449,77
5,12,0.985084321751348,0.201527574086655,77
1,13,0.998631809349216,0.9110253350399,77
2,13,0.99803037235213,0.916824062422612,77
4,13,0.99579751792259,0.960618655724404,77
3,13,0.989567939906034,0.712791079244071,77
6,13,0.990722670184888,0.819143543818429,77
5,13,0.983875389166451,-0.0433558190002395,77
1,14,0.998814248909677,0.928306519968559,77
2,14,0.99792999256766,0.97652777667847,77
4,14,0.995815419696008,0.855942873984569,77
3,14,0.988953491182516,0.905726162709241,77
6,14,0.991703345830582,0.46100551719152,77
5,14,0.982799102885741,0.779752501986605,77
1,15,0.998431861546111,0.995027076226031,77
2,15,0.998087398122508,0.820664046822212,77
4,15,0.995994704590377,0.384639368083832,77
3,15,0.995179873591013,0.694204884056049,77
6,15,0.990369688366217,0.600559875872712,77
5,15,0.989611740730157,0.524058700112286,77
1,1,0.999667433212359,0.963139036336284,78
2,1,0.999460051659746,0.856581638200079,78
4,1,0.998695581691311,0.879387026254469,78
3,1,0.997054616905855,0.917299501996965,78
5,1,0.997425073060677,0.640945199456374,78
6,1,0.995849780182171,-0.151374965699245,78
1,2,0.999664912452778,0.936545181869788,78
2,2,0.999469004247201,0.977649011156862,78
4,2,0.998733290582486,-0.241372154621277,78
3,2,0.997106712880722,0.559243933873605,78
5,2,0.997579149295111,0.468198179401676,78
6,2,0.994728787052995,-0.182678583722322,78
1,3,0.999776060694516,0.940020392187383,78
2,3,0.999424812082,0.992255332940524,78
4,3,0.998533768612673,0.980931286806739,78
3,3,0.996947814302736,0.811183755787744,78
5,3,0.997445424256419,0.0789891293852779,78
6,3,0.994929640957634,0.589537960519503,78
1,4,0.999653321352211,0.944411091580454,78
2,4,0.999609645666357,0.714690669725104,78
4,4,0.998749880582891,0.897822159634673,78
3,4,0.998181174871402,0.32933315203387,78
5,4,0.996967752765626,0.651110293641773,78
6,4,0.994736773977234,0.871097000426845,78
1,5,0.999650323637548,0.976468362527834,78
2,5,0.99949801316037,0.897495199969754,78
4,5,0.998531865772174,0.946929966846961,78
3,5,0.996872797111105,0.902101832399705,78
5,5,0.997200530948707,0.793836594883677,78
6,5,0.99530708094771,0.297276182224025,78
1,6,0.999675131411804,0.963976540945132,78
2,6,0.999481746913584,0.990418585002234,78
4,6,0.998733322837847,0.943383643601236,78
3,6,0.996914836885547,0.87054824014355,78
5,6,0.997353952435404,0.808647625581434,78
6,6,0.994705128899567,0.804646631719791,78
1,7,0.999656274214323,0.856301233944744,78
2,7,0.999463543392731,0.959237414352378,78
4,7,0.998576491683832,0.873734588024664,78
3,7,0.996567859068937,0.709381999759103,78
5,7,0.997262009062918,-0.502346343103563,78
6,7,0.99474914929653,0.530262696040088,78
1,8,0.99968182344548,0.907169390006623,78
2,8,0.999445610799928,0.913937406292017,78
4,8,0.99866159033358,0.822060089772257,78
3,8,0.997275494464671,0.778588178523257,78
5,8,0.997764423801122,0.103334722884461,78
6,8,0.994748469697617,0.832183816363871,78
1,9,0.999634933707041,0.997412648083286,78
2,9,0.999440171120598,0.9416458207379,78
4,9,0.998690322380532,0.927175128918907,78
3,9,0.997449430403211,0.765868762072938,78
5,9,0.997375021410882,0.755349351487686,78
6,9,0.994355545631058,0.790317845078613,78
1,10,0.999734936929517,0.925081775359399,78
2,10,0.999561176668195,0.9052814040886,78
4,10,0.998712396230378,0.668615367814065,78
3,10,0.996859612631391,0.97597413505071,78
5,10,0.997434729158186,0.752169880000464,78
6,10,0.994870761183893,0.597689278611132,78
1,11,0.999633737827974,0.995821779942908,78
2,11,0.999399351315769,0.993436799694464,78
4,11,0.998584633964744,0.715650741401613,78
3,11,0.996855384315435,0.661621455836256,78
5,11,0.997394778109847,0.793462937833398,78
6,11,0.994894254319764,0.310673965977514,78
1,12,0.999620523386081,0.992833800012597,78
2,12,0.99946694050886,0.956340545484284,78
4,12,0.998662084685819,0.776829022839305,78
3,12,0.99685258817395,0.911337573564773,78
5,12,0.995786559627464,0.932805520847595,78
6,12,0.996051134767977,0.8254982527424,78
1,13,0.999614347002755,0.976615127548531,78
2,13,0.99942108531791,0.969528319207626,78
4,13,0.998873594898885,0.819737188148101,78
3,13,0.997035135093834,0.800862476688672,78
5,13,0.997504779573301,0.686392069545047,78
6,13,0.994690092664214,0.706837968024441,78
1,14,0.999637338981982,0.993379503140276,78
2,14,0.999432797339559,0.965587158564112,78
4,14,0.998577780724305,0.895714918619262,78
3,14,0.996952388388903,0.803500804280548,78
5,14,0.997467715400917,0.802961562725232,78
6,14,0.994961397836127,0.200706423744584,78
1,15,0.999631886925747,0.997459247501593,78
2,15,0.999515013414556,0.244463798627979,78
4,15,0.998768252555398,0.392312998275177,78
3,15,0.998532593877023,0.689546701827995,78
5,15,0.996879097337692,0.698313396576066,78
6,15,0.997592044659094,-0.154367175375101,78
1,1,0.998741704571875,0.9499477382583,79
2,1,0.998102815631815,0.86429002975376,79
3,1,0.996410213501657,0.861271233977527,79
4,1,0.98762860056265,0.721765969573997,79
5,1,0.991215787827686,0.551997634478226,79
6,1,0.985754734709862,0.271824366002528,79
1,2,0.998648261444799,0.97491511535198,79
2,2,0.997815063613723,0.97308838472005,79
3,2,0.99556045967363,0.769740858567101,79
4,2,0.98776547896084,0.855772703409343,79
5,2,0.993169778406358,0.871968127353543,79
6,2,0.98469548662246,0.466398540566431,79
1,3,0.998728066733265,0.984857975870942,79
2,3,0.998021441649758,0.969965726753854,79
3,3,0.995841911898447,0.919082681856061,79
4,3,0.988171913682718,0.756231657643628,79
5,3,0.990952460726752,0.618179682533303,79
6,3,0.984207530920254,0.927391903460998,79
1,4,0.998733541125758,0.980586333957055,79
2,4,0.998012308031692,0.917739901313757,79
3,4,0.995642753079289,0.868178293782067,79
4,4,0.992845817116797,-0.283132718942739,79
5,4,0.98998179508142,0.448490947332298,79
6,4,0.981492568377496,0.795374269597599,79
1,5,0.998675275379566,0.99924674048469,79
2,5,0.998064690801765,0.958334442977004,79
3,5,0.995885773493005,0.678691254488527,79
4,5,0.988217657648252,0.70928193674616,79
5,5,0.991078707130699,0.830683152166938,79
6,5,0.985199647939739,0.347371722649411,79
1,6,0.999023633648638,0.921565779865861,79
2,6,0.99801326217804,0.952320455872895,79
3,6,0.995689633067661,0.839819085525714,79
4,6,0.98703071936299,0.911621776934936,79
5,6,0.991892865947647,0.639881346744945,79
6,6,0.984093912955251,0.688097817530975,79
1,7,0.999111182960489,0.939433441956496,79
2,7,0.998037814498761,0.988842325680129,79
3,7,0.995180676910295,0.980503737497369,79
4,7,0.987492802552584,0.874321004795038,79
5,7,0.991418090438823,0.791473312463908,79
6,7,0.984772786489389,0.676522276854641,79
1,8,0.998669946602015,0.99064939511167,79
2,8,0.998137184935864,0.796835401173219,79
3,8,0.995486764468105,0.662439161104887,79
4,8,0.995555735841481,0.821140851892306,79
5,8,0.991543971460478,0.0407004877499307,79
6,8,0.98958357231508,-0.170784671729275,79
1,9,0.998694270522785,0.831696520690166,79
2,9,0.997807695895025,0.965534861053594,79
3,9,0.995769599144833,0.702084785970747,79
4,9,0.988244460254688,0.76653057525012,79
5,9,0.991001292425151,0.402101864828733,79
6,9,0.984619228902403,0.615040576324951,79
1,10,0.998729762711938,0.981699524493125,79
2,10,0.997803042482078,0.975422972538041,79
3,10,0.996154447750174,0.346547802014363,79
4,10,0.988006960702108,0.828910430132356,79
5,10,0.990832947347524,0.632894806932781,79
6,10,0.984963251728079,0.0635754112426975,79
1,11,0.998803421409678,0.98797629868729,79
2,11,0.998018715325812,0.892693142746038,79
3,11,0.995390511670082,0.953367610736463,79
4,11,0.987608266212513,0.960802487453778,79
5,11,0.991383210512774,0.845313572490897,79
6,11,0.985373432136088,0.418673845849163,79
1,12,0.998751458530079,0.970497485381696,79
2,12,0.997984410855699,0.878386238185256,79
3,12,0.9956370646385,0.722377244319528,79
4,12,0.988807773510781,0.516709600729979,79
5,12,0.990863924358,0.251862885072944,79
6,12,0.983787916062278,0.571828608720778,79
1,13,0.998711203687203,0.971950630073216,79
2,13,0.997965659843742,0.984715551548577,79
3,13,0.995794476983216,0.425947297380781,79
4,13,0.989016851493768,0.934946557234111,79
5,13,0.992254907646235,0.284479784789779,79
6,13,0.986339640859371,0.473233282479279,79
1,14,0.998621948130946,0.979765017360553,79
2,14,0.998539424158684,0.763325614746341,79
3,14,0.995651263749757,0.628552375651361,79
4,14,0.987992807262991,0.873488924549726,79
5,14,0.991045803901604,0.370514601083463,79
6,14,0.984141639605318,0.910954899237052,79
1,15,0.998657907203587,0.993195911240908,79
2,15,0.998115306091215,0.634012722330062,79
3,15,0.995904737754128,0.816081062936095,79
4,15,0.989116211252446,0.812234536671986,79
5,15,0.989946837750009,0.904874097559156,79
6,15,0.983488170066274,0.912103814316661,79
1,1,0.998672615652386,0.976592915298835,80
2,1,0.998635344808723,0.638836171040213,80
3,1,0.995912177010405,0.667404283966727,80
4,1,0.987826445009147,0.059332526231521,80
5,1,0.98759682459147,0.436812890732127,80
6,1,0.98513610904437,0.906515175685872,80
1,2,0.998814559534942,0.946786834196458,80
2,2,0.998361461140722,0.962190630492006,80
3,2,0.995006606885556,0.978038414873952,80
4,2,0.987779166485067,0.838585689984028,80
5,2,0.99086679220801,0.293224302090053,80
6,2,0.982649557815299,0.522406474722901,80
1,3,0.999228454839239,0.853764523727499,80
2,3,0.998331607068154,0.905615344592976,80
3,3,0.995231788655816,0.796101363114218,80
4,3,0.98657579177339,0.891221669518271,80
5,3,0.990886767731417,0.697008045721037,80
6,3,0.984446501106441,0.589448120424888,80
1,4,0.998727876609822,0.991370746195965,80
2,4,0.998234002273043,0.909862860595445,80
3,4,0.995934090633457,0.881897856627412,80
4,4,0.995003322079142,0.383754818843409,80
5,4,0.99179020834838,0.940026510635107,80
6,4,0.988193865797189,0.652918560351488,80
1,5,0.9988581110174,0.916673949137839,80
2,5,0.998264914394272,0.912520991242961,80
3,5,0.995038987336037,0.901092905848175,80
4,5,0.991515669731778,0.284340225355053,80
5,5,0.990622005115782,0.86907004700288,80
6,5,0.981324205649025,0.736624041311328,80
1,6,0.99865643453798,0.977611230056735,80
2,6,0.998166333773486,0.950948029657798,80
3,6,0.996231196047028,0.661617602625154,80
4,6,0.986718412107154,0.834488393084248,80
5,6,0.990563967417862,0.696944454897953,80
6,6,0.983519131597968,0.856167268586699,80
1,7,0.99870590586366,0.968401325245506,80
2,7,0.998233292833929,0.856203150555495,80
3,7,0.995437741875509,0.759256863041429,80
4,7,0.987611689327663,0.848792558976638,80
5,7,0.990379948032653,0.647879795618745,80
6,7,0.98647508138052,-0.428423185914918,80
1,8,0.998687182038841,0.977148353847977,80
2,8,0.997768252513333,0.998207560069262,80
3,8,0.995633037945875,0.615839173692137,80
4,8,0.988016866184645,0.894243561344446,80
5,8,0.990328679278222,0.09204005340018,80
6,8,0.982160568535589,0.753827719952336,80
1,9,0.998688903251958,0.995276589257208,80
2,9,0.9981641883233,0.940744661407802,80
3,9,0.995510459807541,0.788129250701674,80
4,9,0.988066235649157,0.905898817467983,80
5,9,0.990935215779816,0.329674078227254,80
6,9,0.982286538383253,0.768983268760186,80
1,10,0.998702806908603,0.992270411999039,80
2,10,0.998348371984816,0.976868928448167,80
3,10,0.995521554684244,0.856979116781254,80
4,10,0.988063074865572,0.695022711802765,80
5,10,0.987871878514063,0.572514450475809,80
6,10,0.984956013747217,0.215574314048112,80
1,11,0.998799870578568,0.965302665475542,80
2,11,0.998272218093998,0.933024363255781,80
3,11,0.995819006789129,0.52562281367913,80
4,11,0.988613735516183,0.621500724726429,80
5,11,0.990551547619797,0.627678018208853,80
6,11,0.983548862268576,0.491558621752758,80
1,12,0.998664699187083,0.959389417424662,80
2,12,0.998487543969854,0.718746674034636,80
3,12,0.995571478498377,0.800872836960556,80
4,12,0.988051594293956,0.87525307956046,80
5,12,0.989986893119733,0.856149066428917,80
6,12,0.983998295399862,0.094231223676345,80
1,13,0.998622048338872,0.997493666570317,80
2,13,0.998257177326546,0.899891944222614,80
3,13,0.995405831950123,0.980622580724036,80
4,13,0.98665499534816,0.940158459633147,80
5,13,0.9905406735776,0.169131731641488,80
6,13,0.985260375526546,0.678024604571768,80
1,14,0.998678350029652,0.951737325060264,80
2,14,0.998011610043644,0.988618264634314,80
3,14,0.99530079849475,0.87476982141452,80
4,14,0.987286367526054,0.73952823395832,80
5,14,0.992342924787518,0.42125983086696,80
6,14,0.984357551565404,0.469748793937193,80
1,15,0.99871336796208,0.968446056987061,80
2,15,0.998289563984312,0.948135319711043,80
3,15,0.995471524677038,0.964784864243883,80
4,15,0.98762029945342,0.943682297311172,80
5,15,0.990212885228579,0.345836875067601,80
6,15,0.984523062821567,0.56301726007448,80
1,1,0.999981290898554,0.918397246396932,81
2,1,0.999960479403932,0.985757324140973,81
4,1,0.99992982671639,0.161937959125359,81
3,1,0.999839123497943,0.522361747971564,81
5,1,0.999856367728948,0.824011896503106,81
6,1,0.999690954078506,0.713406418093776,81
1,2,0.999991733352261,0.960980759894811,81
2,2,0.999975935899507,0.817876162406395,81
4,2,0.999929954445168,0.808008084931884,81
3,2,0.999822686480917,0.85466982553177,81
5,2,0.999856336762018,0.286511846870494,81
6,2,0.999752348436867,0.499388082993544,81
1,3,0.999979751893884,0.987663332961207,81
2,3,0.999961668873238,0.985631527715749,81
4,3,0.999929807975059,0.848708990358032,81
3,3,0.999817299459272,0.776380783002326,81
5,3,0.999855556388267,0.889288485184768,81
6,3,0.999726572949316,0.483045458399605,81
1,4,0.999986961562327,0.948160039638718,81
2,4,0.999973159529739,0.863877177289235,81
4,4,0.999923403538383,0.906484490663906,81
3,4,0.999805700689055,0.846965687672525,81
5,4,0.999831062899119,0.606584028260078,81
6,4,0.999735570977751,0.853156438576627,81
1,5,0.999979473232983,0.999007718378516,81
2,5,0.999968788681752,0.880853818616016,81
4,5,0.999927680746253,0.955602361946266,81
3,5,0.999853636997028,0.45790793416595,81
5,5,0.999816177238195,0.603770075521529,81
6,5,0.999717667485415,0.81067442910642,81
1,6,0.99997986088144,0.996915724697976,81
2,6,0.999965101797985,0.970498848291246,81
4,6,0.999922285850813,0.621261402553037,81
3,6,0.999812073623224,0.78586451038527,81
5,6,0.999802485341288,0.636269793407524,81
6,6,0.999716426511329,0.785307090498942,81
1,7,0.999980820604042,0.977967004718683,81
2,7,0.999967294103154,0.9407579083021,81
4,7,0.99993364414318,-0.0370568233933027,81
3,7,0.999811349920398,0.965059326975844,81
5,7,0.999840392732919,0.572963889048482,81
6,7,0.999742130390938,0.281266257289654,81
1,8,0.999982319107416,0.941574540230216,81
2,8,0.999967201528171,0.96238090412312,81
4,8,0.999921744557816,0.94534261709198,81
3,8,0.99981787324175,0.917775484529517,81
5,8,0.999882528676071,0.211570288844996,81
6,8,0.999724970027477,0.493726019814729,81
1,9,0.999981394780499,0.895997824926561,81
2,9,0.999967063085784,0.980755638377683,81
4,9,0.999930728491656,0.855298293652665,81
3,9,0.999828253815104,0.699448256040256,81
5,9,0.999915602731851,0.170837030817825,81
6,9,0.9997339551203,0.796154137232993,81
1,10,0.999979611999178,0.969249724784898,81
2,10,0.99996757854375,0.887485876252031,81
4,10,0.999928923362607,0.841538713101667,81
3,10,0.999782577729003,0.86759724598997,81
5,10,0.999844221974989,0.905162607495445,81
6,10,0.999725488779181,0.794411523369165,81
1,11,0.999983988007121,0.919730317439407,81
2,11,0.999971478934538,0.323737686924785,81
4,11,0.999952870638619,0.749949701212947,81
3,11,0.999830229372884,0.569285689427702,81
5,11,0.999839504174245,0.65673715724463,81
6,11,0.999708004080953,0.431987353014862,81
1,12,0.99997987935179,0.998987718337049,81
2,12,0.999972360747097,0.943864786646652,81
4,12,0.999927337642745,0.925924156153559,81
3,12,0.999838712684259,0.821923107048492,81
5,12,0.99984196439949,0.9083845040539,81
6,12,0.999714203692373,0.704038815458348,81
1,13,0.999981619352,0.936840877685503,81
2,13,0.999972125211231,0.550098577743039,81
4,13,0.9999244272217,0.477895583140159,81
3,13,0.999888411625799,0.870917642362822,81
5,13,0.999847643860115,0.796355691706527,81
6,13,0.99986020075344,-0.562668720143143,81
1,14,0.999980600155676,0.947908189306507,81
2,14,0.999965910742567,0.962125336634564,81
4,14,0.999933461517527,0.371326010919203,81
3,14,0.999820181907888,0.812033186786516,81
5,14,0.999856683073171,-0.172687175374423,81
6,14,0.999805517545128,0.279916462399746,81
1,15,0.999979172425026,0.993303864227482,81
2,15,0.999966964353602,0.880855331992536,81
4,15,0.99993077880663,0.752167193773469,81
3,15,0.999809801520998,-0.0546031034157953,81
5,15,0.999846349908695,0.061646858744082,81
6,15,0.999710404326247,-0.581806935283381,81
1,1,0.999999979188194,0.984007116905596,82
2,1,0.999999961277399,0.850633239898982,82
3,1,0.999999924102057,0.951439849162035,82
4,1,0.999999890193336,0.369305198369585,82
5,1,0.999999790780904,0.779297273144501,82
6,1,0.999999789804537,0.260415240116339,82
1,2,0.999999977096604,0.993577106718341,82
2,2,0.999999966589702,0.868389654128408,82
3,2,0.999999930973442,-0.488401631326496,82
4,2,0.999999833922983,0.934592716282218,82
5,2,0.999999791598589,0.766361695324099,82
6,2,0.999999742719956,0.5695832374864,82
1,3,0.999999975169141,0.996726874099109,82
2,3,0.999999965855873,0.691558444544807,82
3,3,0.999999925267724,0.790211066938725,82
4,3,0.999999828869416,0.57057015075956,82
5,3,0.999999785014821,0.711747083757006,82
6,3,0.999999739920984,0.56030449307337,82
1,4,0.999999978594541,0.873529065871425,82
2,4,0.999999961723446,0.888847207015148,82
3,4,0.999999930337793,0.772595214197776,82
4,4,0.999999804611159,0.532892362080081,82
5,4,0.999999823915578,0.398992195862435,82
6,4,0.999999724901227,0.774123534371603,82
1,5,0.999999981441937,0.990394161845574,82
2,5,0.999999956656676,0.994582544519042,82
3,5,0.999999928271167,0.953045941418379,82
4,5,0.999999840424517,0.541603070890669,82
5,5,0.999999802768466,0.931028236112392,82
6,5,0.999999711400801,0.932264531462929,82
1,6,0.999999977613776,0.996852139933069,82
2,6,0.999999963910204,0.846336153142315,82
3,6,0.999999936801366,0.933561282288534,82
4,6,0.999999805319065,0.95528083106905,82
5,6,0.999999809356014,0.673280382584765,82
6,6,0.999999753576133,0.544261480503216,82
1,7,0.999999976718063,0.945482711814637,82
2,7,0.999999959648157,0.983196086888496,82
3,7,0.999999929949702,0.764145026775596,82
4,7,0.999999798731393,0.563952469187242,82
5,7,0.999999809375341,0.311643325775581,82
6,7,0.999999716170373,0.639599476841519,82
1,8,0.99999998031222,0.983211042418207,82
2,8,0.99999997036688,0.956778393733394,82
3,8,0.999999943306648,0.955562734021712,82
4,8,0.999999837753679,0.60570290720276,82
5,8,0.999999796400008,0.841079512887788,82
6,8,0.999999733190389,0.116335862228373,82
1,9,0.99999997713926,0.995029499143572,82
2,9,0.99999996313681,0.814771789337117,82
3,9,0.999999925368997,0.94014619500348,82
4,9,0.999999817777256,0.788009062564741,82
5,9,0.999999796399217,0.392243533721636,82
6,9,0.999999740711416,-0.032586241064292,82
1,10,0.999999976384102,0.992592330596495,82
2,10,0.999999956595978,0.975856943029104,82
3,10,0.999999928811958,0.965997463902556,82
4,10,0.999999819267685,0.446444413453338,82
5,10,0.999999821958118,0.28297450153164,82
6,10,0.999999701274467,-0.180239599514761,82
1,11,0.999999986757271,0.894652404461522,82
2,11,0.9999999634941,0.834784781073333,82
3,11,0.999999923103333,0.962972491167755,82
4,11,0.999999874473809,0.574223625526141,82
5,11,0.999999855782731,0.491905839772617,82
6,11,0.999999726806623,0.867210833856514,82
1,12,0.999999978633537,0.930099365145123,82
2,12,0.999999957368608,0.991002025866663,82
3,12,0.999999931464357,0.895230344672835,82
4,12,0.999999799128309,0.849997004494975,82
5,12,0.999999833902104,0.447918619295623,82
6,12,0.999999715231277,0.409468839792451,82
1,13,0.999999978548195,0.965253612084202,82
2,13,0.99999996461899,0.814281587125866,82
3,13,0.999999937600568,0.715029979847403,82
4,13,0.999999776217804,0.930865555631271,82
5,13,0.99999978455998,0.65165002635126,82
6,13,0.999999746194992,0.918537281976089,82
1,14,0.999999982691598,0.576553241335996,82
2,14,0.999999972952082,0.945025877742376,82
3,14,0.999999942107018,0.0363709503678199,82
4,14,0.999999820390317,0.921628608393004,82
5,14,0.999999786525688,0.801734278199757,82
6,14,0.999999722515737,0.799196476199574,82
1,15,0.999999977518142,0.997838303524794,82
2,15,0.999999972899846,0.881642664636942,82
3,15,0.999999937955428,0.767284013761508,82
4,15,0.999999927563934,0.439160688294909,82
5,15,0.999999903646046,0.0595194200717641,82
6,15,0.999999856757055,0.0454887532560938,82
1,1,0.996369466291218,0.988697685738549,83
2,1,0.995917815623529,0.724685779043958,83
3,1,0.988353931446013,-0.199561622163581,83
4,1,0.970587858121412,0.895601770079016,83
5,1,0.975157708692592,0.305345618759899,83
6,1,0.961072836418485,0.129010494126765,83
1,2,0.995996267322599,0.970986073740565,83
2,2,0.995862571293443,0.659790316084566,83
3,2,0.989074286347646,0.620589193061237,83
4,2,0.985917725636535,0.734667415099308,83
5,2,0.973430933567965,0.546298014186664,83
6,2,0.965215942713074,0.715005772447682,83
1,3,0.996729971235194,0.895314842728532,83
2,3,0.994795501772699,0.980777700496576,83
3,3,0.987299487253929,0.979172319258298,83
4,3,0.971565842558805,0.935149316392091,83
5,3,0.977878974784783,0.897556073772268,83
6,3,0.962323786589567,0.498135288326753,83
1,4,0.996323285979284,0.956849624134172,83
2,4,0.994695015633881,0.870167980429203,83
3,4,0.983583811357525,0.93854134707274,83
4,4,0.972960847266598,0.62568738019824,83
5,4,0.975366548576371,0.592710675490096,83
6,4,0.960026056797999,-0.545736570207835,83
1,5,0.996604817919569,0.904408188113082,83
2,5,0.994594446033218,0.980846681611207,83
3,5,0.988352760025683,0.965020478458579,83
4,5,0.970374092948765,0.694739116053714,83
5,5,0.97422297272043,0.621189927956739,83
6,5,0.959599140924517,0.526024709308909,83
1,6,0.996157603468504,0.987662401431971,83
2,6,0.994847681167053,0.896790632736716,83
3,6,0.987014644934182,0.898769865359064,83
4,6,0.970342409354776,0.904139947809972,83
5,6,0.975583963405672,0.151353534912172,83
6,6,0.959527592925059,0.224735999411553,83
1,7,0.996079998989718,0.946130775592248,83
2,7,0.995007673852567,0.846496772069512,83
3,7,0.986774311414692,0.908081353330687,83
4,7,0.976205374351799,0.476803981107844,83
5,7,0.968549230167141,0.804203369275756,83
6,7,0.957340643116767,0.899616307672771,83
1,8,0.996152074782902,0.994136404368429,83
2,8,0.994696358655501,0.951282218457398,83
3,8,0.98730147814107,0.956327514063467,83
4,8,0.971146344247571,0.736522495585779,83
5,8,0.974123817327772,0.694026122817733,83
6,8,0.957474441415685,-0.317992651537625,83
1,9,0.996296556665906,0.974562596944147,83
2,9,0.994960077368469,0.943519033394703,83
3,9,0.987647943361196,0.892157584514126,83
4,9,0.97227440685843,-0.0509148453782229,83
5,9,0.974106138214894,0.651643234783132,83
6,9,0.961678114505214,-0.855418177464482,83
1,10,0.996115259442932,0.975184798661609,83
2,10,0.994280305423504,0.966201767859788,83
3,10,0.987016285636406,0.964447819684513,83
4,10,0.970098585547696,0.867085422652247,83
5,10,0.977615765486519,0.245148929324603,83
6,10,0.957951975034793,0.910975526061881,83
1,11,0.996015924047993,0.997510860342842,83
2,11,0.994417156965065,0.987606509063575,83
3,11,0.987147500333545,0.812709581442918,83
4,11,0.968579562959796,0.806653572344799,83
5,11,0.974207809501384,0.711030772472752,83
6,11,0.958015191336248,0.678082203344153,83
1,12,0.995911137225499,0.996551640064374,83
2,12,0.994352874528431,0.985027576135223,83
3,12,0.987044003043812,-0.347082071340812,83
4,12,0.972747219283724,0.787287937382214,83
5,12,0.969577385735282,0.693153544959172,83
6,12,0.957149038295713,0.808992844707355,83
1,13,0.996521950931341,0.986369612363632,83
2,13,0.994774547569593,0.973072549368123,83
3,13,0.984607562167061,0.980288252501495,83
4,13,0.973177004191616,0.66576329062915,83
5,13,0.978114584105363,0.527371575072208,83
6,13,0.956684852688228,0.916408196177283,83
1,14,0.997414012202216,0.944236326986565,83
2,14,0.994529650414364,0.946887321058044,83
3,14,0.987334764168871,0.915500092664435,83
4,14,0.97178667605313,0.558077971822908,83
5,14,0.976024536948796,0.444848268797254,83
6,14,0.958967897867511,-0.145562249607195,83
1,15,0.996190116783174,0.973211431329383,83
2,15,0.995107090337332,0.888640144472317,83
3,15,0.98825624806562,0.875584007488618,83
4,15,0.971265429478778,0.979359759753454,83
5,15,0.975724486797047,0.455089342833409,83
6,15,0.959789574055702,0.67510639695058,83
1,1,0.999891975806511,0.987902627170341,84
2,1,0.999852140964974,0.842080076436176,84
3,1,0.99964802019764,0.601662002272873,84
4,1,0.999669235233825,0.601760773215406,84
6,1,0.999336844088749,0.503246647968677,84
5,1,0.999304358397921,0.478163121534965,84
1,2,0.999892731322879,0.910817095596595,84
2,2,0.999847915582687,0.937920557219732,84
3,2,0.999622770758228,0.655800244983901,84
4,2,0.999351303054944,0.636756281341986,84
6,2,0.999328845690004,0.434527989403423,84
5,2,0.998946022378736,0.733673258196233,84
1,3,0.999891239428589,0.976295575422351,84
2,3,0.99984638252022,0.944034216980513,84
3,3,0.999618434422779,0.886203916770387,84
4,3,0.999361105528453,0.926292864915698,84
6,3,0.999362245325602,-0.38920132969455,84
5,3,0.99893383784279,0.870336571108024,84
1,4,0.999887348267578,0.9972266218017,84
2,4,0.99983859351293,0.902578878480142,84
3,4,0.999621082484442,0.479733965865839,84
4,4,0.999167470005637,0.698405135391614,84
6,4,0.999160913624857,0.625404161142363,84
5,4,0.99897841994937,0.706009000790723,84
1,5,0.999947959419286,0.933162586292296,84
2,5,0.999874055561024,0.71649479012505,84
3,5,0.999631889350234,0.926007524643013,84
4,5,0.999295014287921,0.826740621002162,84
6,5,0.999317130949824,0.875077644338067,84
5,5,0.99900658015631,0.665868583773675,84
1,6,0.999887397655096,0.973233944317268,84
2,6,0.999850953615461,0.853810387695291,84
3,6,0.999617980106461,0.961754882166918,84
4,6,0.999237025317226,0.713344695546646,84
6,6,0.999133602607886,0.443924768364178,84
5,6,0.999038451465793,0.0501350176953067,84
1,7,0.999896509718213,0.876140754035504,84
2,7,0.99984568883207,0.933397636926363,84
3,7,0.999636059821466,0.334381309419668,84
4,7,0.999192537933092,0.73542099389546,84
6,7,0.999325130596699,0.885249863134026,84
5,7,0.998820610116686,0.875816481915994,84
1,8,0.999886389746829,0.980073615750729,84
2,8,0.99983949061161,0.956266275244804,84
3,8,0.999632124591738,0.531276154713044,84
4,8,0.999276505981606,0.85243438479369,84
6,8,0.999345921512956,0.473158720725926,84
5,8,0.999148301315031,0.561268716908802,84
1,9,0.999873401948457,0.998732361184786,84
2,9,0.999826131005732,0.96189779829341,84
3,9,0.999601320771532,0.852571143732955,84
4,9,0.999238042934651,0.847633924792889,84
6,9,0.999314489389924,0.390217856739855,84
5,9,0.998980072352382,0.765637002700535,84
1,10,0.999890275024202,0.982761682178743,84
2,10,0.999832921791194,0.955690063648304,84
3,10,0.999583164196301,0.93049861826514,84
4,10,0.999521797202902,-0.391888702210315,84
6,10,0.999251465409416,0.275386175680819,84
5,10,0.998963738884691,0.277501734992299,84
1,11,0.999886767251865,0.996850981113059,84
2,11,0.999818256579301,0.990517506512366,84
3,11,0.999629599059515,0.978018784418919,84
4,11,0.999178093219379,0.536271584985709,84
6,11,0.999339227458288,0.31774849573601,84
5,11,0.998946637921385,-0.541052365022308,84
1,12,0.999914350783425,0.910245679542529,84
2,12,0.999872339134042,0.969557240809428,84
3,12,0.999671018382878,0.820829679523249,84
4,12,0.999229526457168,0.56212771941859,84
6,12,0.999319358772308,0.352082468451384,84
5,12,0.998911651044891,0.750593040617642,84
1,13,0.999906751799768,0.880982430495157,84
2,13,0.99985169443565,0.69101982565733,84
3,13,0.999616885204329,0.944398569357408,84
4,13,0.999231744719556,0.74490802861675,84
6,13,0.999331413534283,0.624636004848867,84
5,13,0.998945479773493,0.567246239977896,84
1,14,0.999889226399136,0.994393853569944,84
2,14,0.999827806595903,0.9759336442419,84
3,14,0.99963019486015,0.892016829023864,84
4,14,0.999372558324065,0.799660405498468,84
6,14,0.99935610190498,0.648480003145857,84
5,14,0.998978244356867,0.213561900091354,84
1,15,0.999921236210043,0.937758819497908,84
2,15,0.999843160371668,0.965246892283687,84
3,15,0.999722121621847,0.733162566790882,84
4,15,0.999234193390551,0.902359713934907,84
6,15,0.999275786270755,0.767737091205206,84
5,15,0.998974866553851,0.88911302840039,84
1,1,0.999589298235261,0.92048663540365,85
2,1,0.99937124366656,0.955689240331775,85
4,1,0.998542399341318,0.767768673037925,85
3,1,0.997688230252665,0.531581801481486,85
5,1,0.996591811966811,0.53554593439284,85
6,1,0.995676958579642,0.919869937135525,85
1,2,0.999507503798287,0.98166375381069,85
2,2,0.999492858672177,0.578534722518853,85
4,2,0.998380064811125,0.783686954286485,85
3,2,0.996707931012499,0.663613117109478,85
5,2,0.997328987855256,0.301084111046064,85
6,2,0.996090334367321,0.556402283326431,85
1,3,0.999817679295,0.883717269401156,85
2,3,0.999555206445132,0.901049138389452,85
4,3,0.998774359306528,0.802334228341265,85
3,3,0.99734594124787,0.914934113323577,85
5,3,0.99708136169021,0.699714251815252,85
6,3,0.996081561886272,0.272670154536012,85
1,4,0.999540507700496,0.948767820886416,85
2,4,0.999439645508431,0.967898859278028,85
4,4,0.998609138970437,0.43186731103239,85
3,4,0.996879133739342,0.81703148777007,85
5,4,0.996964132706005,0.808286131917137,85
6,4,0.996173978604066,0.299970892405266,85
1,5,0.999553474739886,0.95419118188184,85
2,5,0.999449037432146,0.897234389209302,85
4,5,0.998575255717112,0.717679075760511,85
3,5,0.996776295593223,0.597851100647918,85
5,5,0.997530368993358,0.565565046687235,85
6,5,0.995785283743826,-0.281262172164608,85
1,6,0.99953786405444,0.981456155812563,85
2,6,0.999424054883617,0.931577429930655,85
4,6,0.998613395818491,0.783922231512608,85
3,6,0.997023194433128,0.954022538417646,85
5,6,0.996996462127758,0.819602691586709,85
6,6,0.995983775571696,0.830316206390275,85
1,7,0.999527013023144,0.973333699551658,85
2,7,0.999338720069583,0.972068988880199,85
4,7,0.998742583697889,0.272608368757636,85
3,7,0.996926816433343,0.859225303657511,85
5,7,0.997208287315684,0.579697871521933,85
6,7,0.995602683231441,0.812338150441147,85
1,8,0.999537280506076,0.990206368633533,85
2,8,0.99935094367011,0.990299820334417,85
4,8,0.998663590947091,0.399498179254777,85
3,8,0.997439453927313,0.850957947685159,85
5,8,0.997653766312041,0.324916954551468,85
6,8,0.996769064041679,0.417876093660694,85
1,9,0.999586898860237,0.985526177803343,85
2,9,0.999443089559421,0.97159110969159,85
4,9,0.998660476299574,0.446725151157545,85
3,9,0.996859150898568,0.740765175994174,85
5,9,0.99707940789593,0.523012632156726,85
6,9,0.995849011245747,0.641545975205256,85
1,10,0.999582035506088,0.985456444738382,85
2,10,0.999409492817313,0.912562281707216,85
4,10,0.998520367665823,0.977573938636023,85
3,10,0.997336680266166,0.688746859059672,85
5,10,0.997521126463487,0.464431420325088,85
6,10,0.995998205684249,0.6532096770977,85
1,11,0.999585185711989,0.968156730711399,85
2,11,0.999439131797498,0.84480096950883,85
4,11,0.99832986665299,0.917499212845261,85
3,11,0.996839239435585,0.65004547609124,85
5,11,0.996271718365427,0.821251838404124,85
6,11,0.995538380365684,0.798980743223325,85
1,12,0.999544513176034,0.992905942174386,85
2,12,0.999422972397401,0.939369107470725,85
4,12,0.998843772326353,0.446139383943649,85
3,12,0.997200849191137,0.775425915965099,85
5,12,0.99677940728821,0.437537953411444,85
6,12,0.995953951253398,0.922379741776264,85
1,13,0.99953782468373,0.939232073482357,85
2,13,0.99939439884342,0.974338377850256,85
4,13,0.99837053431953,0.98939890513759,85
3,13,0.997103569187023,0.752969772810545,85
5,13,0.99727608250075,0.946499797892114,85
6,13,0.995948826570988,0.751673261361768,85
1,14,0.999538701156869,0.995955015091062,85
2,14,0.999416583087148,0.903593568090415,85
4,14,0.998617532400069,0.854055302454661,85
3,14,0.997079548975419,0.981917902160538,85
5,14,0.996907731639232,0.9248762673137,85
6,14,0.996146549214122,0.619651805245569,85
1,15,0.999522672016987,0.994869381637906,85
2,15,0.999419096798057,0.705584528073203,85
4,15,0.998677504651243,0.780770244948413,85
3,15,0.998329825710016,0.92990749200676,85
5,15,0.997332955819437,0.874684361049546,85
6,15,0.99737279190313,0.59287572096211,85
1,1,0.998672453723337,0.971247029333986,86
2,1,0.998069859516949,0.91439844707877,86
3,1,0.994992828729171,0.899503262548902,86
4,1,0.989244781945652,0.804389538032651,86
5,1,0.991568712958564,0.444624279791987,86
6,1,0.986134703961868,0.343965752667198,86
1,2,0.998583354159821,0.994942955419653,86
2,2,0.998334259772193,0.870554359272062,86
3,2,0.995417955901398,0.880288234713297,86
4,2,0.988894610237106,0.924000779673651,86
5,2,0.990974444148092,0.819958476866623,86
6,2,0.98776075655944,-0.164383544755021,86
1,3,0.998589552629246,0.995712855593533,86
2,3,0.997859940226706,0.987029545679061,86
3,3,0.995555071273102,0.878423797408456,86
4,3,0.990815579264999,0.750027775984724,86
5,3,0.992792744441447,0.3412172138472,86
6,3,0.987243187423989,0.742553443068824,86
1,4,0.998676479854781,0.85648595464037,86
2,4,0.998119304118607,0.883891425783033,86
3,4,0.995341936270879,0.759769071028845,86
4,4,0.988342505794179,0.564157546762654,86
5,4,0.991042355389762,0.742240113457287,86
6,4,0.985542237908474,0.752795336690511,86
1,5,0.99863750312425,0.98187807652689,86
2,5,0.997955121338609,0.969071438783333,86
3,5,0.995322409959634,0.589038447241013,86
4,5,0.989708696255251,0.95829939439501,86
5,5,0.990878022927774,0.570034717355107,86
6,5,0.985892945274795,0.562447131981453,86
1,6,0.999030321066605,0.946174424522595,86
2,6,0.99762573682457,0.989278074776926,86
3,6,0.995720631794052,0.918713209960044,86
4,6,0.989482463735406,0.982341357058638,86
5,6,0.993392042983185,0.842699711346672,86
6,6,0.985408188757386,0.914560711085319,86
1,7,0.998993654933397,0.843821714995241,86
2,7,0.998377543787228,0.240778740952997,86
3,7,0.995494657529844,0.889141257143153,86
4,7,0.988852780505899,0.979216636175503,86
5,7,0.992409452427956,0.10729134527313,86
6,7,0.986220909139139,0.649955734860799,86
1,8,0.998582593382704,0.9445774109304,86
2,8,0.998008844164244,0.943989661220454,86
3,8,0.995040788703555,0.621974739893143,86
4,8,0.989334830967165,0.895000619106574,86
5,8,0.990732164167779,0.168116535856488,86
6,8,0.986105013305515,0.953555270937105,86
1,9,0.998528742100777,0.994764048708878,86
2,9,0.998018980025572,0.946097487554889,86
3,9,0.995127640452833,0.809691767647845,86
4,9,0.988419563822567,0.792911264863509,86
5,9,0.990943245205744,0.881560692628034,86
6,9,0.986764701826937,0.547338015678636,86
1,10,0.99853582708908,0.963883627945151,86
2,10,0.9980487099416,0.855365512567968,86
3,10,0.994950166765653,0.47571709073724,86
4,10,0.995258561206847,0.865294561438248,86
5,10,0.990648861783235,0.0395123013778076,86
6,10,0.990847039531073,0.303144177960073,86
1,11,0.998864526499763,0.939333258052955,86
2,11,0.998120665446406,0.898745156926479,86
3,11,0.995175797535818,0.896584426749997,86
4,11,0.989214227334367,0.906136928742214,86
5,11,0.984996799447942,0.379538858776997,86
6,11,0.984798956903426,0.861282891632444,86
1,12,0.998646310715417,0.989846238192387,86
2,12,0.998036176164694,0.928273699076983,86
3,12,0.995187416807543,0.959842458114797,86
4,12,0.989864436150201,0.822721446381572,86
5,12,0.990900326841111,0.764494095769625,86
6,12,0.985919793146467,0.0102912207671684,86
1,13,0.998772829839305,0.96636214801135,86
2,13,0.998210414938871,0.875427401805509,86
3,13,0.99633066409062,0.822048498550437,86
4,13,0.98923574302154,0.415327473132037,86
5,13,0.991115338325272,0.68718775862502,86
6,13,0.985764579791914,0.743076867700582,86
1,14,0.998598303992642,0.99577611259342,86
2,14,0.998103589235051,0.774301103417212,86
3,14,0.994742208121143,0.979135832334126,86
4,14,0.992173115264929,0.399654553999419,86
5,14,0.990851159895287,0.838732406690084,86
6,14,0.984824739708042,0.829338374689711,86
1,15,0.998723064812613,0.971685554895323,86
2,15,0.998015064086038,0.9038628379639,86
3,15,0.995383205024682,0.973185463394079,86
4,15,0.989211955923572,0.881228763943634,86
5,15,0.991039318068782,0.629171844674431,86
6,15,0.987055914981715,0.0305691917583285,86
1,1,0.999910112180638,0.995285147726898,87
2,1,0.999853509749659,0.956886225125824,87
3,1,0.999752109477899,0.866658849780799,87
4,1,0.999263651818221,0.678761883684036,87
6,1,0.999473007588179,0.582390024568041,87
5,1,0.998811693464828,0.376123476727337,87
1,2,0.999921953115567,0.96723807767308,87
2,2,0.999861826220268,0.969426497971218,87
3,2,0.999705629198852,0.92034703614642,87
4,2,0.999299946132404,0.915666294181731,87
6,2,0.999492511221826,0.607616731905153,87
5,2,0.999069767490246,-0.0480399499035968,87
1,3,0.99990778992373,0.973768188530747,87
2,3,0.999855822729184,0.853618517442625,87
3,3,0.999721805810321,0.965292690906738,87
4,3,0.999415268068113,0.73819211393709,87
6,3,0.999456311080451,0.92905255025138,87
5,3,0.998793915633145,0.635699477210112,87
1,4,0.999903986464707,0.985362296497923,87
2,4,0.99986463038417,0.966215977288561,87
3,4,0.999705355571291,0.937571919118892,87
4,4,0.999239747046424,0.763471083613735,87
6,4,0.999456335804185,0.511714033989694,87
5,4,0.998835634027183,0.197710426093105,87
1,5,0.99991894157041,0.853277524566042,87
2,5,0.999873235643715,0.925624566898267,87
3,5,0.999667618051186,0.700379346562029,87
4,5,0.999267406861613,0.846394729638024,87
6,5,0.999224519093294,0.903410924238192,87
5,5,0.998795656599299,0.891435042258267,87
1,6,0.999916058598356,0.99168226532345,87
2,6,0.999857478260261,0.989480216265806,87
3,6,0.999771909728174,0.558296540170742,87
4,6,0.999260887997257,0.912563300568289,87
6,6,0.999621098021968,-0.159964388713592,87
5,6,0.998749261241653,0.873008422785774,87
1,7,0.999906111023259,0.987331071311743,87
2,7,0.99985802950711,0.982189899019878,87
3,7,0.999683459652188,0.896202627102467,87
4,7,0.999230218778982,0.922890374393285,87
6,7,0.999456988391222,0.865640794311387,87
5,7,0.998803843258742,0.649784722246655,87
1,8,0.999908861984423,0.997140425914666,87
2,8,0.999813293282919,0.995653514559148,87
3,8,0.999693465921012,0.862324722852335,87
4,8,0.999271511477242,0.94183067228194,87
6,8,0.999452329070858,0.599674473359299,87
5,8,0.998687241410422,0.934988105373071,87
1,9,0.999911273056132,0.986903780291203,87
2,9,0.999886303631211,0.71219221507559,87
3,9,0.999719761645722,0.864329523214884,87
4,9,0.999649852492615,0.696320292013842,87
6,9,0.999450193033882,-0.192706085737212,87
5,9,0.999324351030579,0.667533626546317,87
1,10,0.999926017948229,0.982849157491508,87
2,10,0.99988645855397,0.896342283257516,87
3,10,0.999731850745066,0.257454503987993,87
4,10,0.999226921323881,0.91390570586025,87
6,10,0.999619921486252,-0.124849587012888,87
5,10,0.998780028071148,0.870512372832939,87
1,11,0.999905444267342,0.988827993540555,87
2,11,0.999860432270877,0.977845556552861,87
3,11,0.999697461495772,0.909718614418575,87
4,11,0.999223711320465,0.859068591869965,87
6,11,0.999423688584295,0.621601959077955,87
5,11,0.99890732290774,0.565264783746511,87
1,12,0.999915310412543,0.953986593571411,87
2,12,0.999882766906207,0.970434404291671,87
3,12,0.999708654939326,0.574936826840398,87
4,12,0.999324110301089,-0.142039175531997,87
6,12,0.99937257322347,0.719375641300307,87
5,12,0.998681669121589,-0.14897100689755,87
1,13,0.999900408131684,0.972767838484958,87
2,13,0.999869681254279,0.479959337361288,87
3,13,0.999659672552892,0.957980803416776,87
4,13,0.999240350825647,0.866748565670335,87
6,13,0.999326813768579,0.437379242805544,87
5,13,0.998806996819964,0.509911931202119,87
1,14,0.999907712194981,0.965572542003861,87
2,14,0.999837642349544,0.978955434945476,87
3,14,0.999681323244905,0.920598995185286,87
4,14,0.99927782806932,0.908533816383259,87
6,14,0.999431108262212,0.249914787482297,87
5,14,0.998809404262782,0.895930651737476,87
1,15,0.999951215421676,0.977391632840464,87
2,15,0.999887781198442,0.80093909527769,87
3,15,0.999708495445441,0.943944678638875,87
4,15,0.999286892485502,0.777656653083758,87
6,15,0.999461530356352,0.502287666215445,87
5,15,0.998827311407589,0.17475514251606,87
1,1,0.999630434960866,0.971332152628806,88
2,1,0.999506104459887,0.958009623661618,88
3,1,0.998711616841451,0.876908003602413,88
4,1,0.996207958292168,0.930349591023333,88
5,1,0.997379288512362,0.288190454998917,88
6,1,0.994948308406589,0.220065386416576,88
1,2,0.999633983172842,0.990294775714446,88
2,2,0.999442927814685,0.957890678557282,88
3,2,0.998803402643118,0.939622181228467,88
4,2,0.996057617511105,0.81590411582917,88
5,2,0.997411453101625,0.478643298512487,88
6,2,0.99411670365747,0.57750917354491,88
1,3,0.999639817704946,0.982660809146232,88
2,3,0.999438822944677,0.98030977144136,88
3,3,0.999172904795149,0.214638019498344,88
4,3,0.997318432434216,0.467143907398755,88
5,3,0.997264626917944,0.417528694449281,88
6,3,0.993041939818579,0.831370247083909,88
1,4,0.999808376870521,0.920797247881257,88
2,4,0.99950882477469,0.975038815979571,88
3,4,0.998792804805115,0.930512228564181,88
4,4,0.996808838118577,0.811830829597046,88
5,4,0.997671211784955,-0.0137416596408051,88
6,4,0.993562952808031,0.727421921629879,88
1,5,0.999664416477607,0.979791734850365,88
2,5,0.999435687251298,0.983995839652363,88
3,5,0.99868094312594,0.939377420713995,88
4,5,0.996287511172135,0.838393288494503,88
5,5,0.997384983385889,0.908724507166088,88
6,5,0.993305134389086,0.556673229373815,88
1,6,0.999628844168489,0.936279649655352,88
2,6,0.999579768343305,0.921988901708688,88
3,6,0.998657292937419,0.714195386814038,88
4,6,0.996766095925888,-0.717597036184204,88
5,6,0.997896886421448,0.0571190179262868,88
6,6,0.993442931723431,0.347199130086173,88
1,7,0.999627015030097,0.980319556294249,88
2,7,0.999521923681583,0.847247054540319,88
3,7,0.9988025595262,0.388173839842192,88
4,7,0.996492583884344,0.860913358052299,88
5,7,0.997333863917105,-0.100851736321908,88
6,7,0.993940793225708,0.0302076752282686,88
1,8,0.999653806543609,0.986497787152395,88
2,8,0.999507465317073,0.966222351380469,88
3,8,0.998877006289338,0.892009189062101,88
4,8,0.99656660583255,0.928526068360941,88
5,8,0.997508595612188,0.822755313354623,88
6,8,0.993571777612663,0.758789688438893,88
1,9,0.999672596355643,0.983275663558958,88
2,9,0.999516719114343,0.823616265415219,88
3,9,0.998813067897819,0.89610275412536,88
4,9,0.996400416277457,0.951313704485186,88
5,9,0.997446587304381,0.88672882056358,88
6,9,0.993813544797013,0.940453504996675,88
1,10,0.999629858134462,0.992853921071127,88
2,10,0.999484640852116,0.973040950793538,88
3,10,0.998900492059692,0.124935090511917,88
4,10,0.998287715639298,0.813621268753469,88
5,10,0.997489066915473,0.453502422121069,88
6,10,0.997363368831866,0.535117941614884,88
1,11,0.999683902641607,0.989121410408992,88
2,11,0.999529772421648,0.873439552707041,88
3,11,0.99879398941099,0.636110268862704,88
4,11,0.996596799270882,0.755965971639059,88
5,11,0.996854544447477,0.508212549258176,88
6,11,0.993858663214361,0.0999043167261393,88
1,12,0.999635763382888,0.971325086900607,88
2,12,0.999504466760251,0.785036693122642,88
3,12,0.998541044852432,0.961484306459214,88
4,12,0.996717508272135,0.851118503028533,88
5,12,0.997357978509739,0.909130881814534,88
6,12,0.996183759104963,-0.367570945008217,88
1,13,0.999614582105382,0.989597343994741,88
2,13,0.999483064685358,0.966596896145836,88
3,13,0.998725898030905,0.924556635382394,88
4,13,0.996367972229411,0.464534085350035,88
5,13,0.997404636195851,0.842081420579697,88
6,13,0.993573650604232,-0.0522240273945674,88
1,14,0.999694163511154,0.83468000150913,88
2,14,0.999543131840444,0.8078750101893,88
3,14,0.998715112902762,0.945598413314367,88
4,14,0.996132107576583,0.870667162716165,88
5,14,0.997554270296476,0.532003554927391,88
6,14,0.993712097574674,0.948042767540102,88
1,15,0.999643252647431,0.992662508769851,88
2,15,0.999425307323917,0.995382499293163,88
3,15,0.998899650309448,0.224648283799842,88
4,15,0.997168988698466,0.827685379597065,88
5,15,0.997382117517186,0.696978836167267,88
6,15,0.99341884067618,0.726602716702675,88
1,1,0.999552157507624,0.754606528140104,89
2,1,0.999466077769602,0.869020575566156,89
3,1,0.998725278541554,0.182388701227965,89
4,1,0.998361504616033,0.806473149274192,89
6,1,0.997051425255024,0.747162641116695,89
5,1,0.99705321396331,0.205896058306065,89
1,2,0.99954272998436,0.9930636300394,89
2,2,0.999466810118654,0.82725186974497,89
3,2,0.998757763719975,0.663508922925904,89
4,2,0.996788275450996,0.231838138458484,89
6,2,0.997555313833885,0.018542440885374,89
5,2,0.995684276950043,0.396942826826036,89
1,3,0.999529547604106,0.998835728893009,89
2,3,0.999403004073851,0.978088974823122,89
3,3,0.998556567996909,0.929011284576798,89
4,3,0.996786357022471,0.912224002013251,89
6,3,0.997089461031981,0.936713849059553,89
5,3,0.995910516359565,0.0559726639164511,89
1,4,0.999532848546963,0.9766282501152,89
2,4,0.999336091019792,0.98665957580978,89
3,4,0.998575577789236,0.89264465947997,89
4,4,0.99660118202437,0.683762796926967,89
6,4,0.99708781466621,0.74909287585261,89
5,4,0.995496467958492,0.416718090693438,89
1,5,0.99971051782124,0.934776605588985,89
2,5,0.999518143291082,0.764220606648238,89
3,5,0.998614475432644,0.931494523084271,89
4,5,0.996753168686213,0.773555153774589,89
6,5,0.997144944759547,0.339708372756126,89
5,5,0.995363669493519,0.750759656220709,89
1,6,0.999554494627201,0.980373916327343,89
2,6,0.999373981134691,0.927458783215118,89
3,6,0.998377976013399,0.784757612744835,89
4,6,0.996551063597431,0.827657906162726,89
6,6,0.997281546726729,0.234574949224811,89
5,6,0.995725224314202,0.550659629796115,89
1,7,0.999536269322654,0.994802205781523,89
2,7,0.999500143387264,0.625538473237706,89
3,7,0.998599298690125,0.925509658072909,89
4,7,0.996593114343964,0.934913528632729,89
6,7,0.997627262754806,0.111062936465275,89
5,7,0.995643461718373,0.735470680640045,89
1,8,0.999688829262177,0.881601547426485,89
2,8,0.999451992077364,0.927914480013189,89
3,8,0.998622729656168,0.689904218171981,89
4,8,0.996616741774685,0.846044704796913,89
6,8,0.997152084812472,-0.223012263939013,89
5,8,0.996261627033099,0.185392300352203,89
1,9,0.999576962366003,0.978812554056048,89
2,9,0.999335773844184,0.991532719004723,89
3,9,0.9986522518451,0.758511552484031,89
4,9,0.997499973661871,0.734551573459376,89
6,9,0.997000036366554,0.637590828154217,89
5,9,0.995153381387318,0.962910118484752,89
1,10,0.999537877175474,0.991736645020842,89
2,10,0.999320998556778,0.993672603758706,89
3,10,0.9985979010042,0.848328442311564,89
4,10,0.997022693134958,0.680200076006657,89
6,10,0.996413570542036,0.632820736673947,89
5,10,0.9951720400227,0.910156761679976,89
1,11,0.999588590070041,0.98490662224645,89
2,11,0.999356638737196,0.887107163433849,89
3,11,0.998549572443376,0.973023458999037,89
4,11,0.996747336024447,0.627508643311923,89
6,11,0.997412103572409,0.951813405419615,89
5,11,0.995691904099225,0.703757799258669,89
1,12,0.999572612376419,0.995318152530958,89
2,12,0.999419485706251,0.976696775504123,89
3,12,0.998744273119374,0.794139316109039,89
4,12,0.996888682904644,0.824197211786008,89
6,12,0.997081842484104,0.599754532880812,89
5,12,0.995209124998103,0.580973269823777,89
1,13,0.999531449691837,0.986896365297807,89
2,13,0.999389470322242,0.950233411738445,89
3,13,0.998645168144913,0.953614523896154,89
4,13,0.996400214578579,0.867103857628053,89
6,13,0.996908750265538,0.629352650260019,89
5,13,0.995717921181376,0.742935366808304,89
1,14,0.999533096848192,0.981171354506189,89
2,14,0.999360035057926,0.948902617642927,89
3,14,0.998564655483059,0.740266995240352,89
4,14,0.996724388903266,0.560710561514106,89
6,14,0.997029973557854,-0.222824940713202,89
5,14,0.995516759507872,0.508540029241323,89
1,15,0.999626092114899,0.907005537551966,89
2,15,0.999422034330581,0.840508069566046,89
3,15,0.998444676213011,0.893179063898809,89
4,15,0.996610860488097,0.656705599252741,89
6,15,0.997234289875767,0.517782822351991,89
5,15,0.995586012613847,-0.286992834206166,89
1,1,0.999624210479769,0.957371047788518,90
2,1,0.999442755187863,0.932799531403926,90
3,1,0.998766064600082,0.85419509934812,90
5,1,0.998209539726911,-0.129275192781639,90
4,1,0.995577555874778,0.895152430529825,90
6,1,0.993509045947176,0.840082691202189,90
1,2,0.999622276729915,0.988300753380013,90
2,2,0.999428083461466,0.975903812437448,90
3,2,0.998946790337041,0.593053922858615,90
5,2,0.997663499834953,0.216946738113871,90
4,2,0.995416110021638,0.955272830474801,90
6,2,0.993789697204443,0.773463092695386,90
1,3,0.999672283858847,0.959292540006569,90
2,3,0.999482027193559,0.91167437017196,90
3,3,0.998849031914025,0.714400131863893,90
5,3,0.996041232881583,0.333640473409767,90
4,3,0.997297163434549,0.63210483440581,90
6,3,0.99399832153333,0.540844130820673,90
1,4,0.999673950745047,0.996722640618009,90
2,4,0.999581075633007,0.608567472125686,90
3,4,0.99878721010462,0.863168423152793,90
5,4,0.996309719409487,0.607552979219597,90
4,4,0.997701953634474,0.752349415801962,90
6,4,0.993635930020712,0.199346249095402,90
1,5,0.999817103811494,0.947758492967667,90
2,5,0.999489393829618,0.991595630011665,90
3,5,0.998841876936689,0.932726690547587,90
5,5,0.997844517743243,0.495046334078435,90
4,5,0.995220235032486,0.947347218480346,90
6,5,0.994520728188353,0.615904602163448,90
1,6,0.999629965373549,0.994080946626534,90
2,6,0.999477387892964,0.962705280740451,90
3,6,0.998882747876473,0.881727497477385,90
5,6,0.995912612893519,0.9487243816599,90
4,6,0.99754708674571,0.843832050771429,90
6,6,0.993106864249799,0.818569343324761,90
1,7,0.999611650407221,0.974556002383121,90
2,7,0.999454441924417,0.941973257828359,90
3,7,0.998889869218349,0.78480028556192,90
5,7,0.996300043856719,0.769774883505579,90
4,7,0.997353576815122,0.745089321024967,90
6,7,0.99292041684645,0.722626438375866,90
1,8,0.999682866990255,0.90844153358555,90
2,8,0.999440571295095,0.974040328882933,90
3,8,0.998833697999748,0.749079138316574,90
5,8,0.995766530477644,0.765551439096631,90
4,8,0.997590393599528,0.438517599136323,90
6,8,0.994463449913602,0.312957013636686,90
1,9,0.999637392361053,0.982657550737536,90
2,9,0.999525738122373,0.709799112181722,90
3,9,0.998728886683384,0.970859997208198,90
5,9,0.995637444775937,0.95870042259593,90
4,9,0.996931754843244,0.764450130650576,90
6,9,0.993682704764457,0.692830482357023,90
1,10,0.999640952236186,0.994730932695419,90
2,10,0.999364402829379,0.989144635785904,90
3,10,0.99883653213872,0.943871209870096,90
5,10,0.996544129833075,0.840839257747758,90
4,10,0.997258769073308,0.96838465212161,90
6,10,0.99316205087447,0.832520237463242,90
1,11,0.99963094127761,0.973535585267487,90
2,11,0.999441289446567,0.941807437484075,90
3,11,0.998703354321237,0.783013074357225,90
5,11,0.997050675062082,0.654557252560233,90
4,11,0.997675105501167,0.809814271669885,90
6,11,0.993054243159539,0.607189686179932,90
1,12,0.999644085741224,0.968067001234964,90
2,12,0.999418219576092,0.951833469732595,90
3,12,0.998741988153041,0.607492857358885,90
5,12,0.995862014328052,0.636173881808747,90
4,12,0.997614991071319,0.0486941992001544,90
6,12,0.993487645305781,-0.157737788216421,90
1,13,0.999625373302769,0.99022847166521,90
2,13,0.99948144476068,0.8229899428913,90
3,13,0.998816187702337,0.35498809542798,90
5,13,0.99867118025369,0.50077294196037,90
4,13,0.997673363376176,0.883024417649019,90
6,13,0.996695288884191,-0.045460397031619,90
1,14,0.999648015510972,0.936358532483125,90
2,14,0.99942268335107,0.978714687490756,90
3,14,0.998739167704203,0.956897964395859,90
5,14,0.99599718696963,0.876854946933056,90
4,14,0.997585142238529,0.773830987103714,90
6,14,0.992887085403786,-0.0122498998011705,90
1,15,0.999625992838181,0.99014333747982,90
2,15,0.999464547481734,0.887312134260621,90
3,15,0.998778635344865,0.749145072263025,90
5,15,0.996249343189378,0.769623452184473,90
4,15,0.997187223704951,0.746712007808603,90
6,15,0.99319476291158,-0.21657134039605,90
1,1,0.999685614227517,0.916247512510747,91
2,1,0.999426396351055,0.938766036802585,91
3,1,0.998686919279219,0.968856222785218,91
4,1,0.996629202558418,0.809820891824254,91
5,1,0.996545729030553,0.821155623208677,91
6,1,0.995114620811324,0.35852690689769,91
1,2,0.999600733111895,0.985983267609351,91
2,2,0.999416852177668,0.869818239010509,91
3,2,0.99851950520636,0.812675446296799,91
4,2,0.996103078103422,0.848640978005632,91
5,2,0.997446044931739,0.592904794386981,91
6,2,0.994685226657721,0.446611768599628,91
1,3,0.999647764024518,0.928386965617085,91
2,3,0.999405736574363,0.863850259363978,91
3,3,0.99863026264511,0.973887873982686,91
4,3,0.996377340563139,0.551619189027303,91
5,3,0.997554852486837,0.278988618898093,91
6,3,0.994134052265315,0.650619833198355,91
1,4,0.999658043119253,0.957043026833595,91
2,4,0.999418337589372,0.934945797031006,91
3,4,0.998860290496146,0.470114470961535,91
4,4,0.995738709787726,0.516528358419733,91
5,4,0.997511386583483,0.088078850152018,91
6,4,0.994768312749167,0.0345397857200387,91
1,5,0.999632341083368,0.979410090245859,91
2,5,0.999423151417009,0.978342897239084,91
3,5,0.998481827378967,0.492344387703512,91
4,5,0.998553013435018,0.994083475423917,91
5,5,0.997536669318186,0.800945155370177,91
6,5,0.996828275170541,0.754027362750734,91
1,6,0.999652935349862,0.98532216290051,91
2,6,0.999525249071953,0.573762362132869,91
3,6,0.998583701780241,0.964468191873269,91
4,6,0.996040485345213,0.53000724253659,91
5,6,0.997433989195914,0.51346351228626,91
6,6,0.994349448836887,0.22784626924284,91
1,7,0.999630377870462,0.993631029167884,91
2,7,0.999457036755926,0.734378781034722,91
3,7,0.998558071813794,0.821943363758933,91
4,7,0.997595999846812,0.260002269649156,91
5,7,0.997439789495854,0.653335337706167,91
6,7,0.994093320564249,0.83910144569297,91
1,8,0.99964221579541,0.977907272521075,91
2,8,0.99936121481906,0.992167203770236,91
3,8,0.998630927496459,0.645356138071019,91
4,8,0.996393129260154,0.66661271102754,91
5,8,0.997021785551744,0.620166473846708,91
6,8,0.994290389019798,0.704535534293578,91
1,9,0.999664216361608,0.95945953241542,91
2,9,0.999454054950156,0.950281795784294,91
3,9,0.998591921214111,0.750310352418475,91
4,9,0.995753412114238,0.812666587913715,91
5,9,0.996493555100742,0.71449475891649,91
6,9,0.994416705444396,0.772273706210305,91
1,10,0.999673173223882,0.990761093602859,91
2,10,0.999436741170269,0.970156896924967,91
3,10,0.998523474320531,0.976797510036965,91
4,10,0.995982477317934,0.610473234043154,91
5,10,0.9971683938799,0.775609717371202,91
6,10,0.994361547456412,0.21850678988869,91
1,11,0.999627443196123,0.999514035335854,91
2,11,0.99949795972085,0.938854575362932,91
3,11,0.998541924975955,0.963593811618982,91
4,11,0.996137268286262,0.936322903162228,91
5,11,0.997100077250311,0.445466587646836,91
6,11,0.994659071668433,0.283562889632749,91
1,12,0.999788679245979,0.905076051458828,91
2,12,0.999436794695096,0.944902724611747,91
3,12,0.998580993569622,0.928570283526432,91
4,12,0.99615508946858,0.776453152686399,91
5,12,0.996958729490572,0.781332002079596,91
6,12,0.994747849527387,0.851386291962147,91
1,13,0.999659977782444,0.979439057532783,91
2,13,0.999314239187203,0.997372073519337,91
3,13,0.998723103954469,0.584159851768493,91
4,13,0.998179935001321,0.414454302864619,91
5,13,0.99618607033645,0.955714669367884,91
6,13,0.996302728577731,0.566392591571727,91
1,14,0.999644435499802,0.984985455416268,91
2,14,0.999448575169468,0.859188959364192,91
3,14,0.998834660716001,0.254262574131495,91
4,14,0.99642596061447,0.230142486073738,91
5,14,0.997350890703467,0.418749527213378,91
6,14,0.993908521700536,0.763813153812759,91
1,15,0.999739114924687,0.982757086522398,91
2,15,0.999498810527457,0.972150980086242,91
3,15,0.998667939233095,0.941645350716423,91
4,15,0.996011696510653,0.787972090606538,91
5,15,0.997039310890943,0.686936202384744,91
6,15,0.994734694892248,0.684716016253272,91
1,1,0.999912082105514,0.940830441459274,92
2,1,0.999876045410282,0.944630435670062,92
4,1,0.999651273539229,0.664660379222579,92
5,1,0.999150078954899,0.880969749570184,92
3,1,0.999136915130221,0.788986497138422,92
6,1,0.999083101491867,0.315544598403832,92
1,2,0.999950384484193,0.962791033213948,92
2,2,0.99988444831079,0.927318563163333,92
4,2,0.999737227286056,0.711240671747847,92
5,2,0.999233060435993,0.308342447800655,92
3,2,0.99921741958072,0.773922024932147,92
6,2,0.998396719669932,0.407356673574836,92
1,3,0.99991072168636,0.990544793276122,92
2,3,0.999887543696031,0.854342253286975,92
4,3,0.999651428790832,0.464622008563492,92
5,3,0.999369739365032,0.777645359788006,92
3,3,0.999136658586218,0.793017104814204,92
6,3,0.998465245081253,0.540107037955801,92
1,4,0.999905052498154,0.981588037897359,92
2,4,0.999867836452523,0.956896853062459,92
4,4,0.999639087782889,0.905953742391729,92
5,4,0.999252213410649,0.926024870511819,92
3,4,0.999111371165995,0.675869586708678,92
6,4,0.998491219154524,-0.185323821540269,92
1,5,0.999902699625667,0.982796818133947,92
2,5,0.999866533819994,0.926414917575425,92
4,5,0.999607103935926,0.89353908158098,92
5,5,0.999056570093349,0.70004638591114,92
3,5,0.999240934901822,0.836186857480756,92
6,5,0.998510502151686,0.534962646458229,92
1,6,0.99991269134453,0.907748539671862,92
2,6,0.999865975883842,0.905032118976735,92
4,6,0.999648716194632,0.969807522869047,92
5,6,0.999016130992482,0.105568268784815,92
3,6,0.999218070664796,0.458575877455496,92
6,6,0.998525674081111,0.0294739537656357,92
1,7,0.999914205242708,0.982988277877146,92
2,7,0.999867471109672,0.980287969760759,92
4,7,0.999698719757808,-0.0174895498991421,92
5,7,0.999203830872498,0.715611779487266,92
3,7,0.999168555166782,0.86598530922075,92
6,7,0.998473748188321,0.962380450389192,92
1,8,0.999924003618939,0.883226950012212,92
2,8,0.999873260906931,0.791138453425222,92
4,8,0.999649787296095,0.560142522799942,92
5,8,0.999647638719695,0.649447038140791,92
3,8,0.999396552435157,0.659702995453052,92
6,8,0.999268193789104,0.516878234893333,92
1,9,0.9999136322726,0.993710009621058,92
2,9,0.999900806609566,0.852272924617492,92
4,9,0.9996844927834,0.571115894387733,92
5,9,0.99901407915539,0.844579262147506,92
3,9,0.999097747478413,0.881281223978365,92
6,9,0.998563875515628,0.892299257239009,92
1,10,0.999919112550317,0.980434561415006,92
2,10,0.99987110089827,0.972819954397688,92
4,10,0.999585778059007,0.978892951340744,92
5,10,0.999281248201896,0.833537363517832,92
3,10,0.999372116704249,0.825236054022223,92
6,10,0.99844951691373,0.789008744573194,92
1,11,0.99990034220179,0.991497965531855,92
2,11,0.999862298265875,0.981981009933907,92
4,11,0.999641486939994,0.906477905373614,92
5,11,0.999598089940256,0.0778764500506311,92
3,11,0.999073554121831,0.26015540662446,92
6,11,0.998358534902661,0.762579454097033,92
1,12,0.999921907826577,0.93814722227404,92
2,12,0.999887840902576,0.845603986672276,92
4,12,0.999720227827497,0.367762836933806,92
5,12,0.999331244076299,0.627341112305016,92
3,12,0.99900291450714,0.929505818910399,92
6,12,0.998636564378367,0.657972888545682,92
1,13,0.999898829711646,0.996822750758717,92
2,13,0.999862407788757,0.849555784315983,92
4,13,0.999617842053719,0.59567206659553,92
5,13,0.998989532204279,0.627548909907738,92
3,13,0.999357719744766,0.508627134750269,92
6,13,0.998362347794335,0.470422446568232,92
1,14,0.999907377451726,0.934737236642841,92
2,14,0.999868288490909,0.513072438319793,92
4,14,0.999623852149753,0.962462058945191,92
5,14,0.99906206942259,0.237569835095523,92
3,14,0.999097029423996,0.362483906793474,92
6,14,0.998530860983942,0.680532498215233,92
1,15,0.999915547646233,0.940996817979362,92
2,15,0.999883211549832,0.888135614582675,92
4,15,0.999576567731335,0.79882280560355,92
5,15,0.999085277675229,0.569283835833877,92
3,15,0.999275796602959,0.822744820881106,92
6,15,0.998468352199156,0.00547500828034094,92
1,1,0.999919203598124,0.997602459303028,93
2,1,0.999874207108814,0.969835363064046,93
4,1,0.999710120183082,0.940406643955794,93
3,1,0.999183454890806,0.669666328460741,93
6,1,0.99933219290409,0.486804136914675,93
5,1,0.998891124844896,0.383085707416189,93
1,2,0.999916790304629,0.988872496960998,93
2,2,0.999853823284157,0.970108808672841,93
4,2,0.999738239013672,0.779025004571534,93
3,2,0.999183714209503,0.839365088584015,93
6,2,0.999442326395618,0.746376931600354,93
5,2,0.998954285811607,0.668756056391119,93
1,3,0.999942148870824,0.973678775823861,93
2,3,0.999898128665235,0.879955921152657,93
4,3,0.999742912512928,0.870771296050912,93
3,3,0.999268545641866,0.961427823038377,93
6,3,0.999429409015611,0.563222540598424,93
5,3,0.999134610828155,0.496228134579499,93
1,4,0.999935753582017,0.984612176315831,93
2,4,0.999898210638341,0.713468728322153,93
4,4,0.999735097322043,0.763913880344221,93
3,4,0.999201832396995,0.794352780349953,93
6,4,0.999310777139998,0.703675993296375,93
5,4,0.998990424825791,0.809216983363162,93
1,5,0.999916582311655,0.992641531970334,93
2,5,0.99987654419427,0.943794967477118,93
4,5,0.999732608296986,0.586108678123806,93
3,5,0.999092471501286,0.724279301440626,93
6,5,0.999596950814593,-0.160544184197761,93
5,5,0.999052156106352,0.798629188865686,93
1,6,0.999922931621275,0.826525070215953,93
2,6,0.999902457446647,0.719329480620521,93
4,6,0.999797093593947,0.413272393846006,93
3,6,0.999182239302825,0.974275890053957,93
6,6,0.99940155934086,0.732337230716238,93
5,6,0.999006076581408,0.393841390486192,93
1,7,0.999921286678434,0.571489524810334,93
2,7,0.999868923875111,0.986235837403029,93
4,7,0.999732307317883,0.269834440960946,93
3,7,0.999161207952932,0.932353670214799,93
6,7,0.999398289070197,0.0638557493358314,93
5,7,0.999000306476076,0.677273914685802,93
1,8,0.999919369531247,0.951073872508143,93
2,8,0.999878717466196,0.936061646462265,93
4,8,0.999708537536532,0.140657735073679,93
3,8,0.999139561767281,0.922074890304341,93
6,8,0.99945943125197,0.103179348623748,93
5,8,0.998943697299558,0.758598915910801,93
1,9,0.999927486731025,0.92612245912165,93
2,9,0.999871882856323,0.952577008390856,93
4,9,0.99976605762283,0.844100069765085,93
3,9,0.999243914313851,0.714375897715706,93
6,9,0.999400500807972,0.458187481656137,93
5,9,0.998949286509131,-0.314603177151193,93
1,10,0.999928185603578,0.842056043116689,93
2,10,0.999880301051929,0.942922910001546,93
4,10,0.999726832419586,0.344469212316672,93
3,10,0.999464261944298,0.631117861883425,93
6,10,0.999425958468508,0.720743422925008,93
5,10,0.998901526184118,0.798652377403809,93
1,11,0.999923540309691,0.891411458347993,93
2,11,0.999858405149168,0.973505170011435,93
4,11,0.999685065293045,0.919785865000049,93
3,11,0.999198303920153,0.682084507901873,93
6,11,0.999387709506818,0.674466774871254,93
5,11,0.998938609778725,0.518440093415146,93
1,12,0.999923602240346,0.980347388354095,93
2,12,0.99987124242403,0.882993273392253,93
4,12,0.999713707074984,0.845679058308098,93
3,12,0.999234587351179,0.861695706267658,93
6,12,0.999336586818162,0.594035804275536,93
5,12,0.998901296635534,0.808826164796454,93
1,13,0.999915082303354,0.990599568214568,93
2,13,0.999855667652619,0.986555787649982,93
4,13,0.999724317106702,0.76489184935134,93
3,13,0.999255311294992,0.65902292800778,93
6,13,0.999399876669148,0.855914876850341,93
5,13,0.998887474572572,0.530594701204935,93
1,14,0.999921679834128,0.98718615303552,93
2,14,0.99988293152378,0.839572095658792,93
4,14,0.999690022414683,0.377054487932735,93
3,14,0.99965306165753,0.977806334718882,93
6,14,0.999676390536297,0.869260725066865,93
5,14,0.99926581300886,0.605926944438453,93
1,15,0.999941964923741,0.946580590820064,93
2,15,0.999888281230318,0.819191075107075,93
4,15,0.999713019138471,0.946955777837511,93
3,15,0.999236321982123,0.649287632031361,93
6,15,0.999441096939708,0.552619412142619,93
5,15,0.999054991204179,0.515914987482521,93
1,1,0.999999979312103,0.934589423260494,94
2,1,0.999999973332292,0.766298306742612,94
4,1,0.99999994460856,0.836998703293926,94
5,1,0.999999827534718,0.46309450904122,94
3,1,0.999999809346689,0.832133297247881,94
6,1,0.999999709895938,0.499517643673434,94
1,2,0.999999977767873,0.996634670350693,94
2,2,0.999999968485343,0.981558011747671,94
4,2,0.999999932406949,0.770718324535361,94
5,2,0.99999979145866,0.59784669088114,94
3,2,0.999999843964656,0.866851794140903,94
6,2,0.999999725583842,-0.0270447838700127,94
1,3,0.999999976659336,0.993467421163822,94
2,3,0.999999963358657,0.975083375142422,94
4,3,0.999999931564687,0.937335889198654,94
5,3,0.999999785738438,0.846297875086368,94
3,3,0.999999833016224,0.793148778839429,94
6,3,0.9999996984365,0.650644868417081,94
1,4,0.999999976913798,0.96547490421641,94
2,4,0.99999996406327,0.992033667360502,94
4,4,0.999999926128644,0.597478656070457,94
5,4,0.999999824543068,0.511739154928278,94
3,4,0.999999817007991,0.890073653747201,94
6,4,0.999999722892019,-0.0679691021922357,94
1,5,0.999999976492051,0.996243892649336,94
2,5,0.999999970620125,0.794853287365777,94
4,5,0.999999932624987,-0.49268875045407,94
5,5,0.999999847123287,0.960707860253073,94
3,5,0.999999748146301,0.954774175499208,94
6,5,0.999999761397154,0.904351960070197,94
1,6,0.999999986748421,0.962163832303105,94
2,6,0.999999970142584,0.956799645586245,94
4,6,0.999999942237434,0.873455570780533,94
5,6,0.999999856471906,0.556308650926136,94
3,6,0.999999760327903,0.870461075086319,94
6,6,0.999999760905123,0.209658263573288,94
1,7,0.9999999789586,0.970775445504268,94
2,7,0.999999968210721,0.886772266028638,94
4,7,0.99999992813938,0.980417771556316,94
5,7,0.999999813518534,0.525383752791888,94
3,7,0.999999813203356,0.697142647353048,94
6,7,0.999999704547639,0.545421919466591,94
1,8,0.999999976922499,0.975879793084985,94
2,8,0.999999964219934,0.996868431586812,94
4,8,0.999999932043632,0.839494923697358,94
5,8,0.999999794043125,0.651883276699463,94
3,8,0.999999851030922,0.709315734489013,94
6,8,0.999999784864876,-0.135676223781917,94
1,9,0.999999982413051,0.98705361507374,94
2,9,0.999999970541697,0.904193521814726,94
4,9,0.99999993201193,0.963841494313918,94
5,9,0.99999984907458,0.772507312007766,94
3,9,0.999999853874855,0.909917804222206,94
6,9,0.99999970607945,0.792241893230966,94
1,10,0.999999976122979,0.959356406408435,94
2,10,0.999999968560125,0.946779769244844,94
4,10,0.999999927332761,0.933654394004577,94
5,10,0.999999806904327,0.831393929595156,94
3,10,0.999999804866173,0.64268791478522,94
6,10,0.999999741665393,0.767130200693381,94
1,11,0.999999978896765,0.979925111315249,94
2,11,0.999999975954639,0.939487809582697,94
4,11,0.999999920171655,0.792609937706055,94
5,11,0.999999788543673,0.464958714055162,94
3,11,0.999999842254734,0.75778223516307,94
6,11,0.999999751605373,-0.141366766431181,94
1,12,0.999999976835612,0.942124041687161,94
2,12,0.999999964893461,0.975356487420991,94
4,12,0.999999935212767,0.249631382376377,94
5,12,0.999999866666138,0.0859180444139827,94
3,12,0.999999777872582,0.716133051762001,94
6,12,0.9999997010554,0.80355488965703,94
1,13,0.999999975407645,0.977304194867746,94
2,13,0.99999997168337,0.539198706251474,94
4,13,0.999999925038912,0.37052877606469,94
5,13,0.99999992533728,0.959611971217406,94
3,13,0.999999897349676,0.469834321316261,94
6,13,0.999999816819156,0.512473844299867,94
1,14,0.999999976363225,0.998685679021995,94
2,14,0.999999966489582,0.746988752121421,94
4,14,0.999999929408607,0.732996439183942,94
5,14,0.999999781978282,0.605475886962655,94
3,14,0.999999888650472,0.879422086516467,94
6,14,0.999999692590108,0.605110978834946,94
1,15,0.999999981856928,0.891032458922532,94
2,15,0.999999964723831,0.983741501549613,94
4,15,0.999999932183572,0.784211193518617,94
5,15,0.999999807293288,0.816794281165293,94
3,15,0.999999853338527,0.0294123888734148,94
6,15,0.999999682123875,0.859540767202875,94
1,1,0.999978152482999,0.972116731216511,95
2,1,0.999967873564163,0.897906245587046,95
3,1,0.999940056129994,0.635124652643271,95
4,1,0.999937517856452,0.815018883046906,95
5,1,0.999914454834627,0.184117976906044,95
6,1,0.999877724739291,0.52255107058946,95
1,2,0.999980269159272,0.911576097011428,95
2,2,0.999967772458097,0.827871033202624,95
3,2,0.999924353753362,0.850616499753145,95
4,2,0.999839197123669,0.78397991362106,95
5,2,0.999862305290409,0.782270765962264,95
6,2,0.999735123721094,0.125299339725325,95
1,3,0.999977533653999,0.98780332036682,95
2,3,0.999968008926929,0.866741173798081,95
3,3,0.999923184399271,0.837327670478212,95
4,3,0.999840830094974,-0.503547778425151,95
5,3,0.99983873624756,0.281229157504299,95
6,3,0.999717789740885,0.554933239235719,95
1,4,0.999981355177548,0.816521539611336,95
2,4,0.999957603077893,0.980030461940426,95
3,4,0.999924106096856,0.928286543886989,95
4,4,0.999854488908289,0.0397006674949017,95
5,4,0.999859652743433,0.549379167699791,95
6,4,0.999696429610129,0.678992300789074,95
1,5,0.999976793138547,0.991638433194468,95
2,5,0.999966925080323,0.953792544401567,95
3,5,0.999932130257381,0.769426614131317,95
4,5,0.999845252581267,0.851199314300218,95
5,5,0.999863025410257,0.522192624337522,95
6,5,0.999829599309791,0.0191059709715374,95
1,6,0.999978078046706,0.983055546016428,95
2,6,0.999968553246857,0.932278982242736,95
3,6,0.99992974009964,0.696145968235412,95
4,6,0.999899265936746,0.370301194871166,95
5,6,0.999832312855947,0.800703822501693,95
6,6,0.999718394713347,0.741635026387465,95
1,7,0.999977811165151,0.967683556793886,95
2,7,0.999978428404816,0.862557802424684,95
3,7,0.999920142637516,0.90485640636834,95
4,7,0.999820321333889,0.77506295931631,95
5,7,0.99986389090499,0.88264535537027,95
6,7,0.999773906439969,0.10361978148257,95
1,8,0.999977786305536,0.997919701657545,95
2,8,0.999966169890776,0.97346081303165,95
3,8,0.999938432662004,0.727622529007579,95
4,8,0.999852774762842,0.199311750291925,95
5,8,0.999858881082868,0.529551643938846,95
6,8,0.999695751246929,0.350975692093933,95
1,9,0.999979863756081,0.973067360041457,95
2,9,0.99997044410187,0.725680027414318,95
3,9,0.999933968984828,0.893860016276015,95
4,9,0.999849509979105,0.839893668602449,95
5,9,0.999875081337528,0.140968067001324,95
6,9,0.999693781792667,0.850407929748849,95
1,10,0.999979798506415,0.982580380992014,95
2,10,0.999970890629887,0.705911353530003,95
3,10,0.999929653567406,0.44297443136796,95
4,10,0.999847186827635,0.157162882852096,95
5,10,0.999861349752125,0.127571173114948,95
6,10,0.999745752396473,-0.674385888880052,95
1,11,0.999986230465893,0.97393186206992,95
2,11,0.999971500210519,0.896087159371669,95
3,11,0.999925481349629,0.989946739503543,95
4,11,0.999860211588568,0.892191059177401,95
5,11,0.99987814963184,0.683765904396181,95
6,11,0.999706569106031,0.694928950623823,95
1,12,0.999981200769617,0.981001238992316,95
2,12,0.999973023054764,0.974595386859851,95
3,12,0.999941314234283,0.648638953251211,95
4,12,0.999846559999513,0.94951868341212,95
5,12,0.999870438077859,0.635833796848915,95
6,12,0.999741980508146,0.721596353449668,95
1,13,0.999978264279087,0.996511749818688,95
2,13,0.999971140814742,0.888557400075102,95
3,13,0.999941857241177,0.854866303093863,95
4,13,0.999851129106076,0.774205864114672,95
5,13,0.999872166584147,0.919897031714624,95
6,13,0.999735086262154,0.853928409184843,95
1,14,0.99997639682652,0.997100565446378,95
2,14,0.999968134056821,0.787240834825303,95
3,14,0.999925957284823,0.362992562982933,95
4,14,0.999843307358693,0.900879428860994,95
5,14,0.999854187463897,0.599460530815184,95
6,14,0.999720377531279,0.353788692554642,95
1,15,0.999985565994276,0.897879606201707,95
2,15,0.99997252685695,0.968503617638161,95
3,15,0.999936180617518,0.814041438669902,95
4,15,0.999833753072587,0.863892538755223,95
5,15,0.999857020412509,0.476929050432737,95
6,15,0.999708885965056,0.270558484621125,95
1,1,0.998627014762819,0.988371261153882,96
2,1,0.998352090295373,0.881853939344428,96
4,1,0.996978160354753,0.742879362742077,96
3,1,0.987741510291598,0.871405962039773,96
5,1,0.992580952903462,-0.0957772709796252,96
6,1,0.98546036336744,0.698519764017905,96
1,2,0.998566634024212,0.984029311119326,96
2,2,0.998241376901432,0.958057773308883,96
4,2,0.995694706855892,0.656815812182797,96
3,2,0.987710287136524,0.837521780103188,96
5,2,0.992148318025615,0.116405006931584,96
6,2,0.985753311104333,0.698246111613059,96
1,3,0.998512787007122,0.971631262930148,96
2,3,0.998450398357202,0.407602268814505,96
4,3,0.996203847984206,0.461083926094783,96
3,3,0.995537294580633,0.938911859520974,96
5,3,0.991222524540571,0.736805359857428,96
6,3,0.987631863987725,0.274476923995207,96
1,4,0.998670620822103,0.963668871555822,96
2,4,0.998250332626182,0.973808520388723,96
4,4,0.995318114008688,0.975948715013772,96
3,4,0.98762853444203,0.934691521863672,96
5,4,0.993239143618702,0.948681289118896,96
6,4,0.986156291386755,0.477497162766516,96
1,5,0.998499151054022,0.995045715439081,96
2,5,0.998095884679117,0.984505768768189,96
4,5,0.995732633773264,0.901769941106429,96
3,5,0.987688343451062,0.911617764860992,96
5,5,0.992158809818135,0.236071513566767,96
6,5,0.984936357555446,0.651831871750837,96
1,6,0.998589657232164,0.986621757545973,96
2,6,0.998193933020205,0.968090197742501,96
4,6,0.99586340692026,0.878538773447307,96
3,6,0.987845986139916,0.649667127802275,96
5,6,0.992077546970577,0.534102023124811,96
6,6,0.985397136979322,0.120243628102334,96
1,7,0.998567037302438,0.96378941381855,96
2,7,0.99830039116414,0.962495768261637,96
4,7,0.996024199545488,0.748917686163787,96
3,7,0.987044981301764,0.927946339549324,96
5,7,0.994251944806671,0.278118908855013,96
6,7,0.984598268219806,0.820539866655289,96
1,8,0.998501004129954,0.987415395881735,96
2,8,0.998234198294488,0.97699771144093,96
4,8,0.995781619117131,0.951749190750094,96
3,8,0.988182588360089,0.837658998160089,96
5,8,0.992312178703752,0.225150586499971,96
6,8,0.984486571950986,0.591690981377324,96
1,9,0.999093955447403,0.945835360269868,96
2,9,0.998179034901366,0.994424923076387,96
4,9,0.995663377798021,0.979695106245975,96
3,9,0.988142382928213,0.895749216776709,96
5,9,0.993025811708832,0.709663067489955,96
6,9,0.98456923171394,0.79462074806432,96
1,10,0.998593174130044,0.968701780350475,96
2,10,0.998422640531132,0.941652111231885,96
4,10,0.995532335985335,0.771671689325869,96
3,10,0.987474988326204,0.767051885864158,96
5,10,0.992213985702963,0.885787797540188,96
6,10,0.984758254061523,0.581063845481375,96
1,11,0.998438192648141,0.986685683678086,96
2,11,0.998397980331927,0.88088186132731,96
4,11,0.996165012482951,0.603167057927402,96
3,11,0.989376278382938,0.827097369756872,96
5,11,0.991920237949452,0.934451422258583,96
6,11,0.986930753575427,0.0531038692697935,96
1,12,0.9985273364696,0.993006353067958,96
2,12,0.99879265499093,0.812209076155615,96
4,12,0.99610187162903,0.898429039591715,96
3,12,0.991497441811293,0.68138590131377,96
5,12,0.989134787228917,0.875027947066555,96
6,12,0.984737183499392,0.895356929216517,96
1,13,0.998457700052838,0.989750009960119,96
2,13,0.998064153716006,0.956516663056421,96
4,13,0.996115430474018,0.717097374902476,96
3,13,0.988097160327947,0.84011122074273,96
5,13,0.993724733871023,0.301176798036031,96
6,13,0.9847617040465,0.69031887510002,96
1,14,0.999063910872485,0.822696622434163,96
2,14,0.99838844430681,0.903687325242418,96
4,14,0.99604516796663,0.659300797776476,96
3,14,0.989294639176567,0.485686128483012,96
5,14,0.991217240906372,0.883204817927251,96
6,14,0.985450916902183,0.577210837435269,96
1,15,0.998726928658648,0.742500738500253,96
2,15,0.998069609615449,0.993603849651215,96
4,15,0.995921631616456,0.937998544735671,96
3,15,0.9885013902475,0.785012033633814,96
5,15,0.992065318315708,0.555395242945793,96
6,15,0.984865388980904,0.171524551903918,96
1,1,0.999557674937825,0.996664214858782,97
2,1,0.999483386353315,0.874016082523836,97
3,1,0.998602110547146,0.798915583950577,97
4,1,0.99624797937315,0.559754203277525,97
6,1,0.997399276239622,0.367584449794979,97
5,1,0.994784424058067,-0.223700453805142,97
1,2,0.999604888894643,0.98575108925658,97
2,2,0.99943580754641,0.966778716381861,97
3,2,0.998811619184963,0.937943361485653,97
4,2,0.996438700775357,0.886592607367079,97
6,2,0.998384261268474,0.18401758533285,97
5,2,0.994592937854057,0.784680081133211,97
1,3,0.99970346871843,0.811844736189129,97
2,3,0.999551886626234,0.709824034832128,97
3,3,0.998844504385787,0.505525963870833,97
4,3,0.998595437495387,0.424380557196696,97
6,3,0.997477636413437,0.524206716842708,97
5,3,0.997169959278649,0.19303061499453,97
1,4,0.999746680943771,0.978290562894949,97
2,4,0.999499864703823,0.91603053730439,97
3,4,0.99851911261352,0.97205293017434,97
4,4,0.99666214963367,0.835317609756108,97
6,4,0.99755170113066,0.827330445173573,97
5,4,0.994595854075473,0.421322752925723,97
1,5,0.99960239856083,0.987181053027507,97
2,5,0.999497048338791,0.944414623664402,97
3,5,0.99882161372,0.745615309163888,97
4,5,0.996733705843507,0.53517720952249,97
6,5,0.997008833883071,0.717535808018793,97
5,5,0.994746792753448,0.28194200913077,97
1,6,0.999584907430264,0.984689597129716,97
2,6,0.999446620427882,0.935521241309992,97
3,6,0.998653088652616,-0.0138778859933232,97
4,6,0.996331714421285,0.566902100915087,97
6,6,0.99744067695907,0.141813211178924,97
5,6,0.994375152140054,0.654104489956434,97
1,7,0.999560505474595,0.986907985026215,97
2,7,0.999414664469902,0.943694849970187,97
3,7,0.99860572784617,0.946663817276223,97
4,7,0.997375026609015,0.547850721284006,97
6,7,0.996303240146772,0.785568975114532,97
5,7,0.993961737691163,0.673735735348255,97
1,8,0.999622457625109,0.991203883395178,97
2,8,0.999502378944736,0.910512860705633,97
3,8,0.998758214111302,0.873047049702363,97
4,8,0.996429617277932,0.748121556233609,97
6,8,0.996783114268367,0.318819397735801,97
5,8,0.994414915042033,0.762964469510094,97
1,9,0.99955971096939,0.997898715154256,97
2,9,0.999399444643619,0.990456512785028,97
3,9,0.998576410010247,0.97899786183513,97
4,9,0.996173713000096,0.860145983720679,97
6,9,0.997391314021653,0.704039596183657,97
5,9,0.994705440453315,0.425503003168782,97
1,10,0.999574831938553,0.900880647908939,97
2,10,0.999324163755437,0.994448179637558,97
3,10,0.998683858465771,0.948102365048897,97
4,10,0.996223940876697,0.934422655557525,97
6,10,0.997869183126268,0.224761993728588,97
5,10,0.994444744736121,0.744774093852307,97
1,11,0.999623429407166,0.777826782440532,97
2,11,0.999350986200707,0.99855770946865,97
3,11,0.998685956087841,0.949327774510964,97
4,11,0.996412132795985,0.832875031624928,97
6,11,0.997545911713257,0.0768216260298007,97
5,11,0.99392356791777,0.609153719259952,97
1,12,0.999553808653989,0.960863642661402,97
2,12,0.999418460055779,0.912698406647944,97
3,12,0.998533330364946,0.910528965108453,97
4,12,0.996451517548989,0.795160305781193,97
6,12,0.997366640325356,-0.485711323392655,97
5,12,0.994317714446732,0.771250884117386,97
1,13,0.999584190635557,0.974316682123819,97
2,13,0.999448297302515,0.966406827237341,97
3,13,0.998519029071776,0.980926650282756,97
4,13,0.996418357402111,0.905890220848111,97
6,13,0.997455965646252,0.855834009475213,97
5,13,0.994566275000537,0.173393184286388,97
1,14,0.999563065449958,0.956509169267236,97
2,14,0.999509132250567,0.939044118935491,97
3,14,0.998445983793258,0.869348409944065,97
4,14,0.995899229982007,0.916714807440373,97
6,14,0.997344346569279,0.863103318678326,97
5,14,0.994674047354566,0.766257697253235,97
1,15,0.999628440370214,0.97254854419525,97
2,15,0.999442992963057,0.854382997637488,97
3,15,0.998883421077206,0.859179215587611,97
4,15,0.996620197860764,0.888415289210916,97
6,15,0.997305150159586,0.84490192264756,97
5,15,0.99454122186744,0.700868219045192,97
1,1,0.999995703662968,0.85918404986689,98
2,1,0.999993851471276,0.916527249528017,98
3,1,0.999988695108542,0.129295119570558,98
4,1,0.99996827548018,0.657170744018057,98
5,1,0.999967487838059,0.456689248295032,98
6,1,0.999928992995336,-0.203655816257923,98
1,2,0.999995777396472,0.955706693573642,98
2,2,0.999993666051564,0.983330969708636,98
3,2,0.999987638370117,0.791287020449078,98
4,2,0.999978614691668,0.337915664128116,98
5,2,0.99996817726345,0.753305950609528,98
6,2,0.999928976769988,0.930919593716139,98
1,3,0.999995858941967,0.995376469448883,98
2,3,0.999995530659725,0.932604940918126,98
3,3,0.999988784278069,0.957430679269521,98
4,3,0.999967491483592,0.757466373736563,98
5,3,0.999972554773448,0.0194659253986284,98
6,3,0.99992723541756,0.867580569660147,98
1,4,0.999995630703166,0.983384465549385,98
2,4,0.999993868613786,0.909689796049205,98
3,4,0.999988438305214,0.286510099884264,98
4,4,0.999965805241103,0.867880086601343,98
5,4,0.999966747224138,0.620047322507796,98
6,4,0.999932243268272,-0.389168956358443,98
1,5,0.999996456544179,0.90072039740244,98
2,5,0.999993790055595,0.961590105018917,98
3,5,0.999987874146846,0.912979024793179,98
4,5,0.999971720121455,0.746775243259751,98
5,5,0.999967627845638,0.555741283769415,98
6,5,0.999918977930584,0.963811253034858,98
1,6,0.999995719053525,0.946499990364241,98
2,6,0.999993275718382,0.777249983627693,98
3,6,0.999987041322358,0.836004954145239,98
4,6,0.99996315157191,0.65305139207598,98
5,6,0.999968254048997,0.760302887987428,98
6,6,0.999928516374732,-0.166245065293952,98
1,7,0.99999707636967,0.961655535642265,98
2,7,0.99999491119833,0.80804904449903,98
3,7,0.999990491683188,0.972318063368497,98
4,7,0.99996338993567,0.917076600822498,98
5,7,0.999978419754071,0.686739425396604,98
6,7,0.999923997432978,0.117433522182813,98
1,8,0.999995656306534,0.987175379931851,98
2,8,0.999994169370096,0.75059095458679,98
3,8,0.999989780752056,0.563096956802782,98
4,8,0.999985080661675,0.866406375942042,98
5,8,0.999970184174678,0.71275738543455,98
6,8,0.999974742240851,0.370142408201728,98
1,9,0.999995899448448,0.97357284982501,98
2,9,0.999994429034492,0.721728413549637,98
3,9,0.999988339587113,0.630232782414274,98
4,9,0.999984281554578,-0.186957368753265,98
5,9,0.999963064594268,0.816789158104168,98
6,9,0.999925311425676,0.86930543559608,98
1,10,0.999995824129152,0.975695629717486,98
2,10,0.999993734023202,0.944957328527701,98
3,10,0.999987779361512,0.914278983520329,98
4,10,0.999966312544417,0.938395689449832,98
5,10,0.999964532060238,0.554852816723815,98
6,10,0.999925087218122,0.324057009910938,98
1,11,0.999995536724544,0.988323730203161,98
2,11,0.999993746632915,0.93444742506798,98
3,11,0.999987473676614,0.798106858080032,98
4,11,0.999965247806038,0.157592406695027,98
5,11,0.99996784158281,0.285711285247853,98
6,11,0.999924648167397,-0.42729252497305,98
1,12,0.999995695010796,0.985268790928161,98
2,12,0.999993649874791,0.900964810879471,98
3,12,0.999987504743504,0.883843156249323,98
4,12,0.999965104225205,0.658857394777314,98
5,12,0.999968467259516,0.420741597363681,98
6,12,0.999924725890619,-0.113288701640074,98
1,13,0.999996733097996,0.966387821466967,98
2,13,0.999993105933076,0.993664430773111,98
3,13,0.99998542120846,0.939887134875848,98
4,13,0.999968657083925,0.784173938148382,98
5,13,0.999965280332841,0.797007705777966,98
6,13,0.999922627540298,0.788640561956269,98
1,14,0.999998420915188,0.939120599380103,98
2,14,0.999995021344555,0.978018866787676,98
3,14,0.999988671003835,0.980049132906687,98
4,14,0.999967704657531,0.954759758239863,98
5,14,0.999973502082767,0.402575714960415,98
6,14,0.99995546649365,0.200079496687702,98
1,15,0.999995187145957,0.994247926261582,98
2,15,0.999993892580318,0.976656833975806,98
3,15,0.999987843675839,-0.0334462094943428,98
4,15,0.999962893681129,0.888823394775733,98
5,15,0.999969541470555,0.757817053124795,98
6,15,0.999932780048128,0.704303966771497,98
1,1,0.999923917347507,0.979616171564767,99
2,1,0.999881069845855,0.87700184262411,99
3,1,0.999765504545901,0.0626630107104051,99
4,1,0.999104713499452,0.0279643335500625,99
6,1,0.999338777204928,0.308965357998398,99
5,1,0.999065970032474,0.0533870773058635,99
1,2,0.999928745592997,0.927774671691316,99
2,2,0.999843576360682,0.978988828598601,99
3,2,0.999753650938446,0.698662906263845,99
4,2,0.999032594125397,0.682434385971728,99
6,2,0.998762729795529,0.925604979942398,99
5,2,0.99910502974892,0.883423684787084,99
1,3,0.999934501673637,0.980565888216562,99
2,3,0.999880562671948,0.937303627595114,99
3,3,0.999772966628864,0.941980678086753,99
4,3,0.999381873181178,0.610895414994075,99
6,3,0.999359085676282,-0.0098021559408338,99
5,3,0.999104444282311,0.802706684750459,99
1,4,0.999944584959135,0.942635663784984,99
2,4,0.999892373207966,0.842139456872898,99
3,4,0.999762306056328,0.966314114240512,99
4,4,0.999097672770673,0.8234531334552,99
6,4,0.999263700785272,0.445415376623068,99
5,4,0.999130975400543,0.618600672383056,99
1,5,0.999922034155805,0.998883946225358,99
2,5,0.999871252732954,0.670683088569111,99
3,5,0.99971227819104,0.682327854251065,99
4,5,0.999684622011109,0.80489407709663,99
6,5,0.999595199700516,0.63934013862642,99
5,5,0.999305100377052,0.0754174226012491,99
1,6,0.999927421224113,0.984783537752814,99
2,6,0.999860967421313,0.965739096934751,99
3,6,0.999729241632197,0.871255237554198,99
4,6,0.999034593895715,0.75656821014984,99
6,6,0.999284792887026,0.860801787811537,99
5,6,0.999122256679291,0.735402876890745,99
1,7,0.999933857592083,0.838898975987312,99
2,7,0.999824043802131,0.997025515905649,99
3,7,0.999747152827085,0.989057106979074,99
4,7,0.999124009996665,0.904668507386588,99
6,7,0.999280530999796,0.565726262033807,99
5,7,0.999277974467883,0.688769752164375,99
1,8,0.99992724458065,0.967431252951012,99
2,8,0.999868581638415,0.818152706597423,99
3,8,0.999711471634238,0.819391791541646,99
4,8,0.999053468527443,0.96514664708298,99
6,8,0.999294185575828,0.57626970235612,99
5,8,0.999111401776259,0.760551191827722,99
1,9,0.999931701317228,0.94431755022966,99
2,9,0.99988513283798,0.893987274350315,99
3,9,0.999743613679936,0.776849801806692,99
4,9,0.999040347292756,0.955213199529427,99
6,9,0.99928881730387,0.810801907896918,99
5,9,0.999088392012748,0.658116759164248,99
1,10,0.999918801329978,0.996168448901019,99
2,10,0.999837875478926,0.97903657710093,99
3,10,0.999706516409977,0.946234923651384,99
4,10,0.999087955865905,0.889967773099123,99
6,10,0.999268745356658,0.837543812404076,99
5,10,0.999056466825263,0.827645538881978,99
1,11,0.999924382375895,0.989703938314029,99
2,11,0.999859877968213,0.961914515914348,99
3,11,0.999746909440151,0.80751625008432,99
4,11,0.999073616282518,0.383808946592393,99
6,11,0.999282541247834,0.707333874757924,99
5,11,0.999162948378695,0.118249519864582,99
1,12,0.999922722881223,0.978452773390262,99
2,12,0.999851573989751,0.931137237042441,99
3,12,0.999721407434958,0.881298869513018,99
4,12,0.999057157775804,0.781715803044939,99
6,12,0.999320518264386,-0.707796452496565,99
5,12,0.999112388215621,0.610033535926864,99
1,13,0.999948379349866,0.969767435324462,99
2,13,0.999856124175923,0.986672196164153,99
3,13,0.999762499928143,0.927895464006861,99
4,13,0.999223566540817,0.681223364154647,99
6,13,0.999314276561155,-0.103026122295033,99
5,13,0.999033590877754,0.907685838247347,99
1,14,0.999926256953325,0.997205115968451,99
2,14,0.999877770267051,0.701454203903362,99
3,14,0.999720142753856,0.977883450401952,99
4,14,0.999034754214522,0.500797261466971,99
6,14,0.999296519603707,0.711519781908117,99
5,14,0.999085561140107,0.0608895215311464,99
1,15,0.999925436205316,0.956486640590385,99
2,15,0.999862372226052,0.292499006913104,99
3,15,0.999772547911529,0.819448134283811,99
4,15,0.999129464751487,0.887789417654602,99
6,15,0.999521909800614,0.370541278505802,99
5,15,0.999136415786393,0.753582197908507,99
1,1,0.999572913800161,0.947524099164899,100
2,1,0.999455184614119,0.890332693330863,100
3,1,0.998658865210743,0.8381077783375,100
4,1,0.997091652832239,0.07947337413069,100
5,1,0.997606873490802,-0.0345595879735535,100
6,1,0.996270542677183,0.710154491838779,100
1,2,0.999581735231845,0.995955930490023,100
2,2,0.999504929650312,0.905752273726643,100
3,2,0.998617195774864,0.976299035084562,100
4,2,0.997053363222322,0.91720013102107,100
5,2,0.996705911584868,0.871419783164764,100
6,2,0.996381139236554,0.831513140088781,100
1,3,0.999589214592901,0.985002057776608,100
2,3,0.999366112988236,0.994729420246984,100
3,3,0.998716410187298,0.711005257046938,100
4,3,0.99811441416161,0.853714075272252,100
5,3,0.997555675450534,0.668876263803001,100
6,3,0.996058335972568,0.959143096635433,100
1,4,0.999591856270054,0.978867563002941,100
2,4,0.999441329124128,0.954305372656385,100
3,4,0.998885952974951,0.607830655877688,100
4,4,0.997253548233402,0.875705905221913,100
5,4,0.997548263756554,0.677464114293795,100
6,4,0.996149949060766,0.840804949856605,100
1,5,0.999631809584915,0.970160620417342,100
2,5,0.999461354192019,0.804115174333449,100
3,5,0.998600527472163,0.866731828811121,100
4,5,0.998444918444264,0.684200197578801,100
5,5,0.997462137288956,0.669558771401636,100
6,5,0.997587421512505,-0.0390522127754814,100
1,6,0.999562603978264,0.973966582163376,100
2,6,0.999520480546897,0.647017761596197,100
3,6,0.998751074987817,-0.0849080661684945,100
4,6,0.996920859305602,0.948764240286943,100
5,6,0.997583536657318,0.744490948605773,100
6,6,0.996259106621572,-0.0654985993137549,100
1,7,0.999560208350908,0.991331165635538,100
2,7,0.999478358029062,0.917665890889955,100
3,7,0.99857817085447,0.822716893570826,100
4,7,0.99696030884657,0.822560449095711,100
5,7,0.99761371323426,0.579223680720242,100
6,7,0.996102011347188,0.551123405014022,100
1,8,0.999650464683862,0.774928646270573,100
2,8,0.999428477583529,0.963335388995542,100
3,8,0.998683857306363,0.957089835906284,100
4,8,0.996681900214105,0.896081980749149,100
5,8,0.997463303494399,0.120526091787878,100
6,8,0.996196706079311,0.659367722832644,100
1,9,0.999606401949528,0.971462910577227,100
2,9,0.999483999836551,0.864474227408962,100
3,9,0.998584236364601,0.984292064200296,100
4,9,0.997093822959048,0.834585204282737,100
5,9,0.998430522602251,0.721913259570876,100
6,9,0.997012439615127,0.625121315360053,100
1,10,0.999635018981668,0.944494613137896,100
2,10,0.999401864158047,0.98516601047858,100
3,10,0.998834321741409,0.531220568576185,100
4,10,0.997065039459092,0.757902391297152,100
5,10,0.997404390782413,-0.156268563994901,100
6,10,0.996172416016823,0.0817235290485796,100
1,11,0.999651580236873,0.909360004887646,100
2,11,0.99951050911745,0.952941640249255,100
3,11,0.998777998118456,0.661567572383798,100
4,11,0.996770748643898,0.907192211588811,100
5,11,0.997443097229395,0.696631189695921,100
6,11,0.996404843771472,0.853041743303771,100
1,12,0.999552479903607,0.986081189042197,100
2,12,0.99945759806867,0.658687439034689,100
3,12,0.998480966049387,0.932153105934388,100
4,12,0.996953336326529,0.317699306761655,100
5,12,0.996887020588218,0.757391670819693,100
6,12,0.995928463462781,-0.662630943329245,100
1,13,0.999574168410423,0.993949752250456,100
2,13,0.999438967478674,0.914909808515228,100
3,13,0.998613739488408,0.946219303231947,100
4,13,0.996991052639159,0.838713875086579,100
5,13,0.99755109874212,0.791124083184356,100
6,13,0.996242973572746,0.567254333804928,100
1,14,0.999591568387296,0.993779431881434,100
2,14,0.999572520535669,0.701910209011584,100
3,14,0.998713706178978,0.902609073820292,100
4,14,0.996791275919188,0.904572142722548,100
5,14,0.998043199617898,0.391731221569539,100
6,14,0.996793525476489,0.509432935989712,100
1,15,0.999790160937945,0.959734304444111,100
2,15,0.999468206716117,0.761913625889752,100
3,15,0.998714011477472,0.812264154401104,100
4,15,0.996855606687617,0.784204923535578,100
5,15,0.997668316516905,0.656569511782805,100
6,15,0.99621500754933,0.758816697400632,100
