"canonical_direction","fold","train","test","seed"
1,1,0.919147359695331,0.975266772023054,0
2,1,0.899373599981443,0.407654100261611,0
3,1,0.851103431288381,0.494162581481098,0
4,1,0.855928253845424,0.343830796325753,0
5,1,0.846099971704156,0.0940305526643137,0
1,2,0.925810557403922,0.868423309793786,0
2,2,0.89990499063488,0.605729538988991,0
3,2,0.84523221851337,0.376137869015541,0
4,2,0.853515864708148,0.716615477003442,0
5,2,0.851824630650555,0.403403604187552,0
1,3,0.926030541997076,0.838814839253046,0
2,3,0.89804158760459,0.810378277084233,0
3,3,0.865290608732933,0.647985437352965,0
4,3,0.858514769612105,0.490049509442881,0
5,3,0.834661069071903,0.662146356689719,0
1,4,0.925844668704997,0.899594413434757,0
2,4,0.898080295804797,0.63682492355801,0
3,4,0.852441155841485,0.540312015196207,0
4,4,0.851408558771512,0.74331355059148,0
5,4,0.849746551039155,0.424533725715171,0
1,5,0.925149323468865,0.775799321040317,0
2,5,0.909641605568872,0.521821744995562,0
3,5,0.840419681691092,0.879105556701179,0
4,5,0.860426656918449,0.653264940778418,0
5,5,0.84707212669223,0.198348121467552,0
1,6,0.93614116539446,0.519257425326722,0
2,6,0.884023256888465,0.693829471102818,0
3,6,0.867438980873348,0.64439552434965,0
4,6,0.85828742867489,0.529892021046614,0
5,6,0.850374182642095,0.299048090330859,0
1,7,0.928580120653933,0.740307164180122,0
2,7,0.897812187748662,0.263685151724789,0
3,7,0.858230879472797,0.704159863322879,0
4,7,0.863381609826604,0.542136847851088,0
5,7,0.843598536889418,0.54562517978784,0
1,8,0.928896576235163,0.779109098095414,0
2,8,0.909730135068126,0.623108644698662,0
3,8,0.849586928505161,0.552942595051492,0
4,8,0.859478711544502,0.676070747926837,0
5,8,0.843096190466953,0.141891451544359,0
1,9,0.926191161312003,0.752611017335118,0
2,9,0.893754481309768,0.867954176643013,0
3,9,0.855597576319105,0.64360828719444,0
4,9,0.861554751663115,0.301836203843444,0
5,9,0.844226645175892,0.651501528931905,0
1,10,0.923143284377524,0.962186223037333,0
2,10,0.911025332542325,0.342625047066349,0
3,10,0.846658563479254,0.345000455500001,0
4,10,0.845021181728999,0.843339569239066,0
5,10,0.84995727410337,0.605245874279187,0
1,11,0.923464033802916,0.913224614968684,0
2,11,0.908614260968461,0.438221177432106,0
3,11,0.855111487348425,0.767731939769632,0
4,11,0.855901343309549,0.362307467852952,0
5,11,0.836749595517769,0.0684547962584086,0
1,12,0.923694442830524,0.907453022472079,0
2,12,0.897195474477726,0.655813336600847,0
3,12,0.855127649265235,0.803398050631007,0
4,12,0.856649438379292,0.53690484296802,0
5,12,0.842037898152229,0.638847790029321,0
1,13,0.92481702152364,0.933807623308977,0
2,13,0.89837550331222,0.660504063208255,0
3,13,0.850328094961565,0.344509336266433,0
4,13,0.865503966751659,0.112781677539563,0
5,13,0.85861212777043,0.172831522586794,0
1,14,0.923777786033738,0.880133216985236,0
2,14,0.907140467926537,0.665355089255966,0
3,14,0.851840937513993,0.622450397068915,0
4,14,0.856640706606497,0.570174843142886,0
5,14,0.831010458565325,0.616882590291904,0
1,15,0.92582576577981,0.849360338557085,0
2,15,0.898297284836032,0.691852255021815,0
3,15,0.856376138503398,0.428809517502559,0
4,15,0.856287704895624,0.551515380601595,0
5,15,0.845928593594559,0.616442377390289,0
1,1,0.936722141677529,0.889132957414106,1
3,1,0.899155512033677,0.793848066561204,1
2,1,0.854484418624496,0.689807576119697,1
4,1,0.836055012258944,0.524146510950456,1
5,1,0.825535935785117,0.517305627520435,1
1,2,0.935726026435568,0.932246204826068,1
3,2,0.89488888989128,0.245954955046185,1
2,2,0.861735295264487,0.354164582005062,1
4,2,0.853615446691311,0.622733071836196,1
5,2,0.832672865974396,0.570503198824077,1
1,3,0.937667194334251,0.92120012077977,1
3,3,0.898369261435825,0.756487650641356,1
2,3,0.852337623292791,0.37145630159793,1
4,3,0.845844721781044,0.435967425752751,1
5,3,0.83799251717527,0.515108175292666,1
1,4,0.935424581000049,0.947321964542772,1
3,4,0.90857517864355,0.643844849756359,1
2,4,0.858701942617666,0.691149121330367,1
4,4,0.840747587204733,0.609913160847197,1
5,4,0.830081571331446,0.491249272359956,1
1,5,0.947561391421157,0.707374075017979,1
3,5,0.904089376190122,0.528694742590536,1
2,5,0.854140486973652,0.2118737272428,1
4,5,0.849633318456127,0.104451853521576,1
5,5,0.854193035767311,0.392553142901584,1
1,6,0.938223101787164,0.857077879425606,1
3,6,0.897831940481302,0.780934238546554,1
2,6,0.844706395671787,0.507978676049523,1
4,6,0.853615244196365,0.390654859330868,1
5,6,0.846754360955651,0.318572713606763,1
1,7,0.93406860709138,0.963273164644691,1
3,7,0.896166519125432,0.670396059422225,1
2,7,0.86225881124994,0.585293815672369,1
4,7,0.84332594423983,0.657729779942735,1
5,7,0.82421852328951,0.730618254652611,1
1,8,0.933806219216848,0.949166595679546,1
3,8,0.897878554967819,0.430901681968803,1
2,8,0.854926555310802,0.691835992886033,1
4,8,0.834251644216895,0.882058972114016,1
5,8,0.837226541376694,0.26873154520553,1
1,9,0.93889989320873,0.762727690674755,1
3,9,0.88749761862797,0.449658261038569,1
2,9,0.875231206260361,0.667158612608672,1
4,9,0.838535389319966,0.59136156171253,1
5,9,0.832645973352918,0.655241881813071,1
1,10,0.936238904975223,0.914139019839861,1
3,10,0.888502737718816,0.462822159093183,1
2,10,0.877805048017735,0.576578155455937,1
4,10,0.835198939152258,0.60602518617913,1
5,10,0.832666534108411,0.47706096984241,1
1,11,0.938115246807324,0.82889881091321,1
3,11,0.893574184951153,0.686077798885278,1
2,11,0.861588145557406,0.15350622016561,1
4,11,0.83361050888302,0.434356975195252,1
5,11,0.83973232545316,0.631138372937003,1
1,12,0.935679975249041,0.943438451496389,1
3,12,0.890996584086358,0.597701142176564,1
2,12,0.857771029016418,0.837802118675588,1
4,12,0.841754781585045,0.760933932724872,1
5,12,0.84319047040131,0.318238851217694,1
1,13,0.935091246494502,0.94502254204435,1
3,13,0.905035002207294,0.456999065691941,1
2,13,0.854549820770968,0.716110779557584,1
4,13,0.854485134156213,0.649884536823236,1
5,13,0.842026430353948,0.25432644534813,1
1,14,0.942188883428897,0.737778811801443,1
3,14,0.901260158668485,0.61916844449831,1
2,14,0.852947922799072,0.812774366954783,1
4,14,0.848653820918117,0.53540573816364,1
5,14,0.849994800532109,0.358710885767196,1
1,15,0.936377384355884,0.865378245564983,1
3,15,0.900905955918776,0.533542637810523,1
2,15,0.854574177664128,0.821510336517008,1
4,15,0.839472678134009,0.727390620105979,1
5,15,0.834125766845858,0.483520305778674,1
1,1,0.909919468513463,0.883136161040028,2
4,1,0.779977093677825,0.377091167641482,2
2,1,0.854317168001704,0.698268200486499,2
3,1,0.798320289494827,0.609627894843285,2
5,1,0.789962911337029,0.116888796346911,2
1,2,0.902947746928073,0.95943783348567,2
4,2,0.777017967950542,0.686281669371011,2
2,2,0.854332501613989,0.778162362080735,2
3,2,0.805954061821055,0.827688334340631,2
5,2,0.79574303662976,0.550657540273136,2
1,3,0.909516079122021,0.860249203216935,2
4,3,0.785105786231879,0.340751039586251,2
2,3,0.84859590137008,0.788722213461571,2
3,3,0.792166193322077,0.783179238836483,2
5,3,0.798452594346785,0.864192908013787,2
1,4,0.917585676737256,0.708496755929861,2
4,4,0.833861572167736,0.284648750748747,2
2,4,0.79175947625786,0.636524506885502,2
3,4,0.804964229812666,0.780412810267528,2
5,4,0.793240301209412,0.720524365586237,2
1,5,0.90163075247168,0.967673680845471,2
4,5,0.778174582727256,0.611559595397905,2
2,5,0.846866495169649,0.605413067755809,2
3,5,0.79513095857212,0.715605540018571,2
5,5,0.799832539959108,0.0674672647383811,2
1,6,0.911048520847704,0.810997885913704,2
4,6,0.779250035410222,0.711009540610794,2
2,6,0.857526714308223,0.680315662656279,2
3,6,0.798178854476857,0.735794911577743,2
5,6,0.79620046927765,0.404399936315036,2
1,7,0.909521618174039,0.853509927200576,2
4,7,0.77921345363457,0.357599690146126,2
2,7,0.860963332078999,0.626664118804589,2
3,7,0.801015364832864,0.627714984029293,2
5,7,0.783087910694875,0.0365654574193663,2
1,8,0.905765241982925,0.89639297407482,2
4,8,0.775891965171387,0.54765086065414,2
2,8,0.845094505820355,0.713906087652323,2
3,8,0.812904344569401,0.163865496772521,2
5,8,0.793346385672567,0.39781195777038,2
1,9,0.909801680050831,0.886180299037861,2
4,9,0.793424724330662,0.239695817579717,2
2,9,0.853338737976354,0.565395040529571,2
3,9,0.806326370439834,0.54767201705523,2
5,9,0.798223378290061,0.427151448904687,2
1,10,0.907806412041762,0.88794163898291,2
4,10,0.778128994429719,0.513977098360722,2
2,10,0.853864674775,0.793406911550063,2
3,10,0.805650720796411,0.67533905999233,2
5,10,0.803432407065117,0.186778246887481,2
1,11,0.90461586063481,0.940455842105033,2
4,11,0.780114777837885,0.0970980736604511,2
2,11,0.850015559321823,0.431696155214014,2
3,11,0.790162327312777,0.419017443074578,2
5,11,0.7967582460007,0.561681396087912,2
1,12,0.908866260176484,0.814582321032904,2
4,12,0.773049144766825,0.6894442953709,2
2,12,0.851652561088417,0.605615562894886,2
3,12,0.796147823759887,0.328798791398854,2
5,12,0.8120154112833,0.560283648274863,2
1,13,0.907625893890622,0.882888395093295,2
4,13,0.777068534962077,0.313455829563636,2
2,13,0.850911244917924,0.841014778627873,2
3,13,0.802825202015862,0.313590094850419,2
5,13,0.805207366354557,-0.159685408551801,2
1,14,0.911270070620869,0.880217681441687,2
4,14,0.76626321056411,0.848161779230116,2
2,14,0.845946667996595,0.540640980766151,2
3,14,0.809664033545681,0.557446563938254,2
5,14,0.797740196010637,0.344120781742866,2
1,15,0.913374213292254,0.857495007734472,2
4,15,0.782561496075708,0.37934515306521,2
2,15,0.848385916557267,0.828640720182555,2
3,15,0.794354828697253,0.671616375436371,2
5,15,0.793587533383681,0.559547813968184,2
1,1,0.925284469663555,0.894836651336474,3
2,1,0.888019102762686,0.872683867726412,3
3,1,0.866507955474723,0.685671267592574,3
4,1,0.836831780594983,0.388057367087928,3
5,1,0.819295120618486,0.519436725277032,3
1,2,0.928150077373791,0.79253328459351,3
2,2,0.892668493561631,0.821642351136823,3
3,2,0.861845928815261,0.891835103954389,3
4,2,0.841331394496831,0.572988108695837,3
5,2,0.809495899535482,0.448535271171212,3
1,3,0.925314877581204,0.85901439643458,3
2,3,0.893557828193817,0.530273522069771,3
3,3,0.869168320061203,0.613640093616034,3
4,3,0.841603528299974,0.622438209556775,3
5,3,0.818269638719621,0.48903923945412,3
1,4,0.926477744985297,0.86536811472139,3
2,4,0.899207599856148,0.674909225624447,3
3,4,0.862286532457454,0.683652246500968,3
4,4,0.838566532550249,0.494190699622483,3
5,4,0.813924990419581,0.350113149181932,3
1,5,0.925269423621674,0.937292161313859,3
2,5,0.90373849285334,0.539817457062695,3
3,5,0.8769334133525,0.71611533665619,3
4,5,0.833454680860039,0.763474895485579,3
5,5,0.825069388177639,0.496194058669138,3
1,6,0.926776693076477,0.818971452796822,3
2,6,0.908773770540771,0.532446291303957,3
3,6,0.851866626857996,0.699293574422964,3
4,6,0.824982041740437,0.800123281673335,3
5,6,0.836542386201178,0.258730757785344,3
1,7,0.934765379716695,0.573653226531613,3
2,7,0.898874843025062,0.911396110426394,3
3,7,0.861168292193978,0.21309064015051,3
4,7,0.834834032916471,0.630489214723593,3
5,7,0.825144820794233,0.722617241346333,3
1,8,0.92578254918008,0.879132222726384,3
2,8,0.907553780469409,0.420682938203636,3
3,8,0.841906558478375,0.639368423113893,3
4,8,0.839658158715091,0.654135584373104,3
5,8,0.817256796390332,0.245523776870957,3
1,9,0.92766533015845,0.852056081963462,3
2,9,0.890328724310578,0.555318080644197,3
3,9,0.872247275010902,0.493589987944447,3
4,9,0.83156178590187,0.671879621326275,3
5,9,0.829500517240825,0.400915305172155,3
1,10,0.925301375890077,0.92713025942857,3
2,10,0.90829188156178,0.756828678883289,3
3,10,0.852485364681308,0.751924144931691,3
4,10,0.817641962555659,0.635829716356603,3
5,10,0.826116083222833,0.0587550238107641,3
1,11,0.927745878550723,0.818972649105474,3
2,11,0.90852775345082,0.728983378471884,3
3,11,0.853207327976933,0.344852845924019,3
4,11,0.83207482077384,0.714146703573746,3
5,11,0.815238421458039,0.391592526742217,3
1,12,0.928606003492967,0.831830035645096,3
2,12,0.915245013320666,0.622063277449109,3
3,12,0.843646947382123,0.809600786177558,3
4,12,0.83759512507851,0.412012383202364,3
5,12,0.823592417146917,0.370232160274127,3
1,13,0.925947696839723,0.906981665277159,3
2,13,0.896975475982121,0.265901995847445,3
3,13,0.865202542138877,0.439600117375769,3
4,13,0.839573917150178,0.0889714912641935,3
5,13,0.832878458649639,0.704708686983535,3
1,14,0.928301746566521,0.839094994083425,3
2,14,0.909137889717682,0.481400226268723,3
3,14,0.851166306457518,0.331352401897124,3
4,14,0.830815940993186,0.364322015328154,3
5,14,0.836612424049791,0.120779741088085,3
1,15,0.927265302102567,0.815184427391091,3
2,15,0.908622848294483,0.485360191408643,3
3,15,0.837456300561424,0.718395681051068,3
4,15,0.834765736739922,0.560082252411363,3
5,15,0.828007893393938,0.206669292563893,3
1,1,0.929296985609143,0.838769023395539,4
3,1,0.907740608904661,0.728057856851167,4
2,1,0.854197883766979,0.341538281502154,4
4,1,0.841276357148302,0.20080391192384,4
5,1,0.843020270254714,0.181106295137694,4
1,2,0.935702993169428,0.712311824246082,4
3,2,0.893035553285407,0.798785838691787,4
2,2,0.870499765101854,0.544482500982915,4
4,2,0.846404502575945,0.565163746406718,4
5,2,0.846402012196937,0.523442364618922,4
1,3,0.930667398860041,0.85773642085686,4
3,3,0.899297526632666,0.693584511954528,4
2,3,0.847570845733944,0.82196851898191,4
4,3,0.848158545014224,0.365628757549233,4
5,3,0.839105146633835,0.642514769969763,4
1,4,0.925693482354299,0.949221766833134,4
3,4,0.888482535899696,0.580903466543683,4
2,4,0.86705818855247,0.573594780423377,4
4,4,0.846727451296943,0.812042354078758,4
5,4,0.845791858163465,0.152621949440784,4
1,5,0.926595990766259,0.958147501836215,4
3,5,0.90644130863561,0.662565425116554,4
2,5,0.853159366718272,0.508920967374517,4
4,5,0.84417110436328,0.667320405755041,4
5,5,0.840114899052927,0.655534483781451,4
1,6,0.930680111511431,0.862269374736342,4
3,6,0.913068885783156,-0.0192429430323557,4
2,6,0.85284205010583,0.575122259779583,4
4,6,0.847093663138856,0.481313959074723,4
5,6,0.849290987112801,0.368799628097841,4
1,7,0.930527607698333,0.860554289089504,4
3,7,0.908997495412249,0.471407744408084,4
2,7,0.841071455884204,0.637356121185217,4
4,7,0.851125383213308,0.484842103759979,4
5,7,0.841591693281045,0.675854204919866,4
1,8,0.93209336399957,0.804767796837502,4
3,8,0.904500766888457,0.676184200923311,4
2,8,0.850549985082886,0.746617551025543,4
4,8,0.839070804757849,0.619947902570748,4
5,8,0.835571840501952,0.306189071347598,4
1,9,0.926312270050655,0.956205102105697,4
3,9,0.907145336942964,0.764239372359594,4
2,9,0.845558845983252,0.53327880508364,4
4,9,0.841157628495163,0.568425640905868,4
5,9,0.83587104640783,0.424045193920181,4
1,10,0.930742222562638,0.886740997045518,4
3,10,0.905060943148771,0.710546255024691,4
2,10,0.857417667710623,0.633614615647282,4
4,10,0.84803192950204,0.145982656895066,4
5,10,0.828508893566447,0.582970450785361,4
1,11,0.935318171161141,0.773217510884253,4
3,11,0.909832525216321,0.424763450715501,4
2,11,0.853361003142177,0.016697746384893,4
4,11,0.871916819327404,0.0822575373584889,4
5,11,0.838989484641912,0.313671439743103,4
1,12,0.933944757509916,0.78637171445101,4
3,12,0.907465843126383,0.730527569104605,4
2,12,0.841070394963218,0.860387543435602,4
4,12,0.849868367875632,0.536711080999704,4
5,12,0.839506808301645,-0.272480086237894,4
1,13,0.929992078329157,0.906027872202028,4
3,13,0.89927863786543,0.615069134785377,4
2,13,0.857854534338766,0.560506434806173,4
4,13,0.84424617694683,0.804733619320727,4
5,13,0.837820811323948,0.474245264302798,4
1,14,0.931070740207455,0.852562625409246,4
3,14,0.899739671750352,0.819044428573023,4
2,14,0.855582807264693,0.81043370618096,4
4,14,0.837380599819306,0.721042343458712,4
5,14,0.846446135294169,0.523651431327915,4
1,15,0.930091608130724,0.875210727625967,4
3,15,0.912329653639934,0.0220847192874139,4
2,15,0.84185782444283,0.828850221158499,4
4,15,0.843299059873178,0.405356028458679,4
5,15,0.839454886761787,0.703412492127582,4
1,1,0.962078405616209,0.874047687732495,5
3,1,0.950449197748937,0.137946392164069,5
2,1,0.919908144389714,0.779949035183292,5
4,1,0.920945103466267,0.554469925882293,5
5,1,0.903484038790423,0.530496865217186,5
1,2,0.961196826271849,0.87314016198794,5
3,2,0.948460096480033,0.782919083932755,5
2,2,0.920998293070404,0.639968679814841,5
4,2,0.91915587301749,0.403013422280544,5
5,2,0.912319391747254,0.354845824719299,5
1,3,0.961744401968159,0.814383389837424,5
3,3,0.949466519066971,0.741672870760378,5
2,3,0.920283626421896,0.477411304884576,5
4,3,0.911707936566874,0.478391391704144,5
5,3,0.906420002545447,0.204600420949526,5
1,4,0.961260375141352,0.8766954211237,5
3,4,0.952889845126695,0.448635127114103,5
2,4,0.921775410277661,0.553662871711173,5
4,4,0.911904409513218,0.671752065188888,5
5,4,0.898593147474719,0.410688374078869,5
1,5,0.961748846221013,0.862013967476585,5
3,5,0.944867693955314,0.292624777437088,5
2,5,0.927571898296757,0.212626113174182,5
4,5,0.906019915295508,0.671840225370617,5
5,5,0.909738674421114,0.353802039208346,5
1,6,0.959632836487437,0.909296105906403,5
3,6,0.950734632611084,0.435285294071675,5
2,6,0.925086788185984,0.381441221112182,5
4,6,0.924464027005311,0.324326241324611,5
5,6,0.892739621241497,0.554084901077673,5
1,7,0.961030332527885,0.846538490679572,5
3,7,0.943550959247258,0.856886014983838,5
2,7,0.925986073151032,0.726134962360405,5
4,7,0.915140875908808,0.798835425793381,5
5,7,0.893400535850817,0.2206922146562,5
1,8,0.963374890564147,0.814797475189507,5
3,8,0.949838074928205,0.642826734198234,5
2,8,0.920900781728688,0.595508694808344,5
4,8,0.923794300772804,0.372258553019281,5
5,8,0.892914165571429,0.594564025913302,5
1,9,0.961977427120608,0.891150439057648,5
3,9,0.95188206956935,-0.206242095294406,5
2,9,0.925043613151308,0.688431260422151,5
4,9,0.921301412156573,0.491200286248036,5
5,9,0.892691353619173,0.448208616335483,5
1,10,0.960022147242909,0.936144592588349,5
3,10,0.948724171689813,0.770664330017508,5
2,10,0.925040910942292,0.781633313120518,5
4,10,0.919482262979711,0.216551659863457,5
5,10,0.889525237480815,0.736843926371232,5
1,11,0.962220991308445,0.842527707267675,5
3,11,0.945162672685235,0.655090623695666,5
2,11,0.927462093382623,0.683829034471633,5
4,11,0.923304000474387,0.166478814300763,5
5,11,0.900102123663024,0.257436991816221,5
1,12,0.958451924271054,0.952650403340502,5
3,12,0.947043802619315,0.565829042651132,5
2,12,0.923918637809546,0.741923920860661,5
4,12,0.913666324359669,0.653040450992091,5
5,12,0.894618553793247,0.27460784997669,5
1,13,0.95813323485128,0.90866817343045,5
3,13,0.951021629299343,0.292209698344563,5
2,13,0.918025533900052,0.859168415957092,5
4,13,0.917827768699842,0.142113862972786,5
5,13,0.90207077533969,0.0061123105715544,5
1,14,0.963219741466524,0.362637066114076,5
3,14,0.953379779873943,0.685126080873668,5
2,14,0.924147817771306,0.579241250770087,5
4,14,0.918542401960075,0.718075295468035,5
5,14,0.894112136092264,0.692663906527714,5
1,15,0.960003179366981,0.911860730220235,5
3,15,0.939339196936831,0.642624605377719,5
2,15,0.933204163428068,0.505179344306455,5
4,15,0.924737999360757,0.233648471910932,5
5,15,0.886733251119933,0.711562248702757,5
1,1,0.930994765769695,0.889987882083922,6
3,1,0.873991310147413,0.643873159128212,6
2,1,0.846292136648176,0.61009906657229,6
4,1,0.835988478521327,0.374196370068852,6
5,1,0.85351478620498,0.0068081986811105,6
1,2,0.929311635388806,0.825707873100654,6
3,2,0.891961531471993,0.445290505383245,6
2,2,0.829847219082554,0.58075080726452,6
4,2,0.830237572633501,0.769168526538423,6
5,2,0.838083843563943,0.756246264207488,6
1,3,0.924242142794188,0.897928790750929,6
3,3,0.899472790741721,0.464263598600289,6
2,3,0.832554563781858,0.689077063738482,6
4,3,0.833891118219311,0.604949819736983,6
5,3,0.852110489722218,0.465691504372252,6
1,4,0.93626684491394,0.456328319481616,6
3,4,0.896532767351154,0.612688191319309,6
2,4,0.824877588080783,0.724816349206081,6
4,4,0.836339247605465,0.308338444996878,6
5,4,0.849300183603823,0.0357740753428841,6
1,5,0.927699292503325,0.854888094746604,6
3,5,0.896985672727755,0.599106400878147,6
2,5,0.837559608584794,0.447997212069222,6
4,5,0.842473356652142,0.66083314487297,6
5,5,0.840712728615141,0.733184666592826,6
1,6,0.929829302439126,0.8584055514597,6
3,6,0.894208989015144,0.590987506798709,6
2,6,0.844432697194053,-0.0312693859161887,6
4,6,0.841672167957978,0.195478339951565,6
5,6,0.852120993763697,0.567957546617539,6
1,7,0.927630148122357,0.826521547932288,6
3,7,0.888926395874116,0.738515276135115,6
2,7,0.837329150179715,0.629272525603006,6
4,7,0.833915122784744,0.759850422077771,6
5,7,0.84731618316785,0.554184006732131,6
1,8,0.926074327083894,0.860249049940486,6
3,8,0.890863892710934,0.669501731355373,6
2,8,0.827518298925523,0.633528137371886,6
4,8,0.836575485777167,0.435689631208578,6
5,8,0.854546673232043,0.615687949679162,6
1,9,0.928129539631092,0.878139009427864,6
3,9,0.884888601510251,0.609924384995514,6
2,9,0.846830880380994,0.490713751307145,6
4,9,0.848283259941982,0.288151422434569,6
5,9,0.851889427244257,0.56465351254934,6
1,10,0.928127651416665,0.836934135795449,6
3,10,0.897900748227552,0.488403560283973,6
2,10,0.820043189469373,0.802550643310436,6
4,10,0.835968301305394,0.722568700629696,6
5,10,0.85507886585789,0.339342093296462,6
1,11,0.929448787608752,0.800384978765274,6
3,11,0.894673043193939,0.860472992154728,6
2,11,0.836748620404463,0.517547251598066,6
4,11,0.830895274934201,0.721895263005793,6
5,11,0.855675018547883,0.678026358715919,6
1,12,0.923391193678406,0.945896818553548,6
3,12,0.890088281967627,0.367534945126351,6
2,12,0.822525510578323,0.754363543232457,6
4,12,0.83104981053358,0.599160293612138,6
5,12,0.851121477426895,0.36128295056955,6
1,13,0.924631012628398,0.926583979036656,6
3,13,0.895405705123768,0.349359516058807,6
2,13,0.832358021498328,0.68663024365191,6
4,13,0.838652700652433,0.815575817008906,6
5,13,0.841686228564005,0.211103922070873,6
1,14,0.922820732251808,0.947017936999751,6
3,14,0.870423113769146,0.542347192674297,6
2,14,0.837705738590817,0.746759948961635,6
4,14,0.835569970913832,0.430855339188461,6
5,14,0.844649882513688,0.274270619887904,6
1,15,0.928405364897755,0.943944882424791,6
3,15,0.89160938307792,0.628918531015805,6
2,15,0.834759668506262,0.636643722642474,6
4,15,0.830465590420944,0.672474877220291,6
5,15,0.844283789114651,0.514336860899654,6
1,1,0.934300988181803,0.801992206250101,7
3,1,0.916116021689117,0.311143166599933,7
2,1,0.854500815086102,0.499108876172095,7
4,1,0.857861759764632,0.47166657095419,7
5,1,0.853992474335749,0.27398640425018,7
1,2,0.933108210211981,0.883827689183685,7
3,2,0.908106587269436,0.506741004456056,7
2,2,0.859407766348514,0.684864169252991,7
4,2,0.864875475444396,0.287049930621167,7
5,2,0.851767392823759,0.491806894951721,7
1,3,0.931067092955805,0.896141660241991,7
3,3,0.907087418694832,0.780116322547755,7
2,3,0.859114929905847,0.635674854996264,7
4,3,0.852487843079137,0.27213027742745,7
5,3,0.846848336990791,0.493160702344467,7
1,4,0.93019887602223,0.906117366183832,7
3,4,0.913983150804413,0.380976806823962,7
2,4,0.83856667506367,0.861821820221629,7
4,4,0.857843949224824,0.349309410958681,7
5,4,0.847120581157765,0.163724026930997,7
1,5,0.932017343307467,0.890347496043453,7
3,5,0.902524126862367,0.542860315025002,7
2,5,0.865402503290481,0.521128843734856,7
4,5,0.851486800241925,0.635584382867822,7
5,5,0.847402922831003,0.232859706269423,7
1,6,0.932240277618084,0.8441348408043,7
3,6,0.913228414785917,0.680462812365612,7
2,6,0.856807741562456,0.747506268847258,7
4,6,0.84590339934986,0.413910336561884,7
5,6,0.851236848265466,0.522432317971286,7
1,7,0.930268352327047,0.936364669931073,7
3,7,0.905176315703589,0.803599218854264,7
2,7,0.866235213208059,0.661972370170978,7
4,7,0.852115829582553,0.417490448112551,7
5,7,0.84446218414277,0.741969885410221,7
1,8,0.930999027567142,0.915469883891295,7
3,8,0.894210464336395,0.893878872780602,7
2,8,0.86729946316132,0.841459065656018,7
4,8,0.850934971934558,0.642547407391559,7
5,8,0.845716804204226,0.600184002785017,7
1,9,0.932532742161038,0.815419050672724,7
3,9,0.914528906619183,0.769207583916472,7
2,9,0.857524946505867,0.665854773398059,7
4,9,0.850922406592038,0.591256224939904,7
5,9,0.856101599723321,0.392258026948571,7
1,10,0.927991434196685,0.961380597440523,7
3,10,0.904420274069244,0.0221205605705166,7
2,10,0.867543561887341,0.810136138281187,7
4,10,0.852600521431356,0.681638113587551,7
5,10,0.840338845582008,0.629034554887925,7
1,11,0.931645467291574,0.913069957980445,7
3,11,0.898373250276704,0.856521840291827,7
2,11,0.86338616958348,0.748534787496875,7
4,11,0.845916421633142,0.668871596397291,7
5,11,0.85482631938284,0.563860228005541,7
1,12,0.934976765647318,0.736399843075939,7
3,12,0.910624403849721,0.870858637385371,7
2,12,0.855621054860846,0.533324998799296,7
4,12,0.859362412150156,0.676438090456977,7
5,12,0.84421809503177,0.504933580067019,7
1,13,0.93050712119353,0.918444816538053,7
3,13,0.918156630105994,0.551629867258155,7
2,13,0.858271006583435,0.582334710083604,7
4,13,0.855506147564261,0.59144356572805,7
5,13,0.844614214246158,0.195163936862828,7
1,14,0.934067083158773,0.866667938388404,7
3,14,0.901351761758177,0.450961985428213,7
2,14,0.881199586109155,0.548556495040472,7
4,14,0.852996632496874,0.597011289190703,7
5,14,0.841516230604959,0.693889895885903,7
1,15,0.938527253330077,0.793453939291092,7
3,15,0.896951888110195,0.67179706091556,7
2,15,0.866206970481337,0.249195323748526,7
4,15,0.865216500220962,0.452541129970311,7
5,15,0.85192090368157,-0.534680478963018,7
1,1,0.935480026788171,0.968791030261459,8
3,1,0.905796922384489,0.238690091332855,8
4,1,0.847927501283676,0.637679614525662,8
5,1,0.863541492927404,0.304605720332405,8
2,1,0.855121322491507,0.681874495520019,8
1,2,0.93592612734577,0.919297935134146,8
3,2,0.904147596348437,0.729527029732478,8
4,2,0.842757116350109,0.806550270192027,8
5,2,0.861545225870467,0.256305868101199,8
2,2,0.869258423401702,0.480477980415845,8
1,3,0.937106613828405,0.934782469299703,8
3,3,0.910333436461973,0.434941340227384,8
4,3,0.845281120419252,0.564999150059906,8
5,3,0.862829159626402,0.468389843291161,8
2,3,0.872248694106519,0.604444341148103,8
1,4,0.93777312687148,0.871076353412932,8
3,4,0.907388754717556,0.66854959086633,8
4,4,0.839351264091986,0.62752234748192,8
5,4,0.863833404529532,0.289971346743812,8
2,4,0.884037035781836,0.425067693573914,8
1,5,0.940374772993839,0.681818502760855,8
3,5,0.909367828696229,0.730163017349126,8
4,5,0.846385991865988,0.560779262433677,8
5,5,0.862146973921309,0.477726883614596,8
2,5,0.867206071053224,0.689822777561162,8
1,6,0.937335604329943,0.865313566577973,8
3,6,0.906882054585855,0.673207526906486,8
4,6,0.841511099269821,0.481552678245814,8
5,6,0.860468879267959,0.248075674543376,8
2,6,0.873112978917727,0.513889776526408,8
1,7,0.937817847913011,0.807180074438396,8
3,7,0.907114128349479,0.702524251478117,8
4,7,0.848826561788491,0.563803862226681,8
5,7,0.863715429328547,0.640333974720731,8
2,7,0.862389966129989,0.745699793781419,8
1,8,0.936781091340323,0.898988966245214,8
3,8,0.909323512843502,0.63519963794969,8
4,8,0.840235776070018,0.665576752282839,8
5,8,0.865391015034341,0.451816293683143,8
2,8,0.867110047103208,0.751723116778488,8
1,9,0.938079333858979,0.784602688728082,8
3,9,0.902234179796186,0.834409704150815,8
4,9,0.851454504300244,0.620782138137942,8
5,9,0.864569095064835,0.0614459233819516,8
2,9,0.863080187590985,0.757520651331777,8
1,10,0.938207584604038,0.784317908456932,8
3,10,0.888356490532446,0.578997171815605,8
4,10,0.861117661214386,0.675102469424193,8
5,10,0.857334851345442,0.703451479574285,8
2,10,0.867189073318644,0.434467124467745,8
1,11,0.938845593250828,0.882705554896339,8
3,11,0.911290104002378,0.678621203728062,8
4,11,0.850304729980073,0.466478911917148,8
5,11,0.864619093834084,0.235253587826715,8
2,11,0.861475572765336,0.634952127540696,8
1,12,0.93618247155676,0.935239582681535,8
3,12,0.903183365527836,0.500045683968569,8
4,12,0.84718750241549,0.648811778182303,8
5,12,0.853840164254783,0.43015221578844,8
2,12,0.869369951057127,0.739947820409575,8
1,13,0.93373861664188,0.972105070238712,8
3,13,0.904119381044606,0.814226757260456,8
4,13,0.836510965812042,0.763793399765231,8
5,13,0.853345587049089,0.578346529762712,8
2,13,0.871584248711107,0.866651077512675,8
1,14,0.935782565147381,0.858608928760183,8
3,14,0.909087672824273,0.689375101160153,8
4,14,0.847218661851257,0.697945473876433,8
5,14,0.86919714118762,0.325555108721337,8
2,14,0.852726982305754,0.799056506340995,8
1,15,0.941346054184056,0.710351640515063,8
3,15,0.902079983446122,0.58914760285174,8
4,15,0.848995998714226,0.623381029485638,8
5,15,0.870276312909243,0.664345989809525,8
2,15,0.862178970358473,0.710493544126211,8
1,1,0.929401800718565,0.920772166128106,9
2,1,0.921916873428339,0.776045378100547,9
3,1,0.853119436228434,0.479172072073801,9
5,1,0.861382691086844,0.460455269047115,9
4,1,0.878559331621945,0.509384274714612,9
1,2,0.929958768560207,0.887151258023136,9
2,2,0.918825996082497,0.560034090229982,9
3,2,0.84853478174845,0.692072041116568,9
5,2,0.856836659199897,0.813946163088472,9
4,2,0.875872018647112,0.667872130438713,9
1,3,0.932272214751845,0.873687147471645,9
2,3,0.919894117169151,0.716981020365492,9
3,3,0.851691795538907,0.657599136515369,9
5,3,0.870321968192044,0.81890637979192,9
4,3,0.868858546183325,0.812729240000342,9
1,4,0.934567296973121,0.775194576373517,9
2,4,0.925293731550244,0.344896892269631,9
3,4,0.850126946072687,0.141991823658936,9
5,4,0.860943476797887,0.713252426645418,9
4,4,0.878683940955035,0.66745660395306,9
1,5,0.931688976282647,0.831686017257738,9
2,5,0.92623845492503,0.678066747725697,9
3,5,0.851076485874213,0.446477356949472,9
5,5,0.869724088941357,0.351104456814928,9
4,5,0.879527963143663,0.604015321615572,9
1,6,0.932374443299872,0.835347563989687,9
2,6,0.92275467875021,0.672519342708008,9
3,6,0.8480141802845,0.697733709792761,9
5,6,0.877869666859283,0.240748308000622,9
4,6,0.882205506381543,0.229248702351944,9
1,7,0.926398899148402,0.966174088485099,9
2,7,0.924744236177536,0.662433711163293,9
3,7,0.850553015707853,0.661653728857348,9
5,7,0.871785232078601,0.627588511872909,9
4,7,0.869850332442551,0.802536615847071,9
1,8,0.928989152046181,0.904510035245807,9
2,8,0.913007290922121,0.779166690706607,9
3,8,0.851748975162034,0.744776606986338,9
5,8,0.863928102921673,0.144786239397324,9
4,8,0.887189927899172,0.0529032441861089,9
1,9,0.929714850070032,0.884604840867257,9
2,9,0.925786129588165,0.753443481481392,9
3,9,0.843864088141704,0.766675211590154,9
5,9,0.860007446850731,0.529251986129575,9
4,9,0.875129813242991,0.483645250952972,9
1,10,0.940059248119492,0.692905221196693,9
2,10,0.915665281810199,0.75159736585253,9
3,10,0.846539927487347,0.535628051175837,9
5,10,0.869266645237054,0.153154722411543,9
4,10,0.866008346155039,0.76656792601212,9
1,11,0.931890345397711,0.797092453222218,9
2,11,0.92218085814935,0.871271480800573,9
3,11,0.85439053457884,0.444700846451429,9
5,11,0.858102734076315,0.76188322685612,9
4,11,0.879773284772996,0.598186257292637,9
1,12,0.929637580155793,0.888881392169284,9
2,12,0.925260208675347,0.778180517168825,9
3,12,0.842799481754902,0.808091950272412,9
5,12,0.8624054861308,0.587947215351829,9
4,12,0.874716418299853,0.806750519866244,9
1,13,0.926834252701589,0.9250536488039,9
2,13,0.923162274399035,0.669327218764665,9
3,13,0.850167235108513,0.430957543042332,9
5,13,0.857978345147605,0.17580344829201,9
4,13,0.874789653959924,0.577227308402027,9
1,14,0.932994077495829,0.777309575754177,9
2,14,0.920903482681017,0.69006155018304,9
3,14,0.848544107193468,0.668752670985911,9
5,14,0.866650671564026,0.364510977435171,9
4,14,0.874240198082033,0.39614163194541,9
1,15,0.928746369189989,0.92895956599553,9
2,15,0.924978094785347,0.679619706869222,9
3,15,0.851971942948963,0.339177481639005,9
5,15,0.853816443306145,0.860966429381061,9
4,15,0.878660268928685,0.402046329948458,9
1,1,0.927409145703935,0.919178093631752,10
4,1,0.875718156466748,0.594984401656592,10
2,1,0.880409033938046,0.6207227512799,10
3,1,0.846075652844423,0.585838250811233,10
5,1,0.849168421849284,0.404334346251409,10
1,2,0.931432055042505,0.812045219694814,10
4,2,0.899111793410934,0.602915947338587,10
2,2,0.860432687983192,0.82620255373839,10
3,2,0.854454498195197,0.394209779817646,10
5,2,0.835383661967905,0.651233548128914,10
1,3,0.937312311153941,0.544475356575892,10
4,3,0.900739510843687,0.552302415443871,10
2,3,0.853466862407258,0.536544163044157,10
3,3,0.853267027184438,0.562226770411316,10
5,3,0.835986804847778,0.58678006452597,10
1,4,0.927724110004994,0.928314475539494,10
4,4,0.870409627294949,0.0646446316651907,10
2,4,0.893351100082787,0.741333809362197,10
3,4,0.854660186268781,0.340615466202378,10
5,4,0.837633785240269,0.528698197888892,10
1,5,0.929415924842715,0.88303186530364,10
4,5,0.910480252612428,0.869674870383173,10
2,5,0.851981421656324,0.755653551080905,10
3,5,0.857649269355228,0.854809291347203,10
5,5,0.823235499328717,0.74855967855093,10
1,6,0.932974048322759,0.845347513091296,10
4,6,0.900682102131303,0.760855285437427,10
2,6,0.862907714356591,0.444567697710566,10
3,6,0.85520931304965,0.78702408078183,10
5,6,0.827504773241578,0.619860506241051,10
1,7,0.927382125619205,0.937014404222468,10
4,7,0.901910523176247,0.545045330512788,10
2,7,0.84789460082519,0.746890363097609,10
3,7,0.844120366154674,0.588430083506613,10
5,7,0.835837924791499,0.713173057334134,10
1,8,0.932454000348874,0.81163863730439,10
4,8,0.903744680949843,0.671267441672756,10
2,8,0.847418729358305,0.802737407301784,10
3,8,0.858803072324867,0.591915403412163,10
5,8,0.831431725343127,0.424172735936605,10
1,9,0.928409874011514,0.9287478373117,10
4,9,0.887389562615954,0.565404417955299,10
2,9,0.865549459533905,0.566620613475569,10
3,9,0.852672525969313,0.816021277738889,10
5,9,0.83216265239515,0.634367151405367,10
1,10,0.929189736383367,0.892129124010064,10
4,10,0.898002155580673,0.432882845064344,10
2,10,0.848705592008408,-0.115771557218386,10
3,10,0.866363929289088,0.491905993325637,10
5,10,0.819062851105147,0.180884138083799,10
1,11,0.930369710357919,0.887062164953642,10
4,11,0.897418406427569,0.777705143457112,10
2,11,0.859713516974593,0.816525110153946,10
3,11,0.860757479572139,0.542042949227064,10
5,11,0.827238198573894,0.368184581197366,10
1,12,0.927299492713201,0.932221184484963,10
4,12,0.896925950431681,0.562182921370697,10
2,12,0.864090814973742,0.676782795700344,10
3,12,0.86013401698262,0.373861491945196,10
5,12,0.833632954365885,0.434367351830033,10
1,13,0.930027858515492,0.888514509432553,10
4,13,0.898168476200415,0.474212296856766,10
2,13,0.859713745719989,0.667998485172078,10
3,13,0.860959509236688,0.645204223966724,10
5,13,0.831247317511995,0.303335213574264,10
1,14,0.929604813433284,0.891263287036377,10
4,14,0.901647817265506,0.1316108459458,10
2,14,0.859384550346982,0.535244033976332,10
3,14,0.847190477233162,0.702969018558595,10
5,14,0.850859023967626,0.537799282632626,10
1,15,0.93187494195464,0.82180973225851,10
4,15,0.879977467960787,0.643962873207435,10
2,15,0.867699988538093,0.844079462765419,10
3,15,0.848909875812802,0.0879581119158915,10
5,15,0.845578149600564,0.170673824184777,10
1,1,0.96276191424461,0.883707227660436,11
4,1,0.950159878083991,0.528351280538536,11
3,1,0.929968821189263,0.727009934945774,11
5,1,0.913371852826313,0.402389181767739,11
2,1,0.902184431219256,0.719970554911337,11
1,2,0.962355815543504,0.885707280898443,11
4,2,0.946939529830237,0.583002801862343,11
3,2,0.931174011026984,0.656246292924983,11
5,2,0.915996941502816,0.641342370647814,11
2,2,0.901828054041724,0.53268233662246,11
1,3,0.96268491553567,0.91506212048812,11
4,3,0.947503279240772,0.909442534618515,11
3,3,0.930791680447299,0.438943552797709,11
5,3,0.900468368594468,0.550316034234046,11
2,3,0.916213141981716,0.80327600771112,11
1,4,0.960711830193611,0.923673718354775,11
4,4,0.948852248901245,0.119275885027911,11
3,4,0.92921962805489,0.519251363558987,11
5,4,0.923021417053992,0.190159805473755,11
2,4,0.895937081527685,0.70680076264286,11
1,5,0.964882460239357,0.736053920302885,11
4,5,0.951985466135562,0.466252239156679,11
3,5,0.930843064265549,0.783620652703406,11
5,5,0.919691914709088,0.629591874272914,11
2,5,0.899486123237679,0.622527091323374,11
1,6,0.961491592221723,0.942633487602744,11
4,6,0.947746300709853,0.255060544655068,11
3,6,0.928006125874774,0.660092713150292,11
5,6,0.917116598886867,0.68872676616389,11
2,6,0.895413690633261,0.688393650773101,11
1,7,0.965008587939067,0.829816855178415,11
4,7,0.945012700437013,0.741908515256114,11
3,7,0.929244572337298,0.892247604375919,11
5,7,0.917225561548451,-0.0746893678830053,11
2,7,0.899657462766411,0.572524631814868,11
1,8,0.964320427856297,0.820613038358107,11
4,8,0.945831993265852,0.54993686350591,11
3,8,0.936117863194556,0.516701666341896,11
5,8,0.909858636454901,0.241500502796265,11
2,8,0.901397729449399,0.582468448827245,11
1,9,0.963194474948793,0.876316975012169,11
4,9,0.947686767776307,0.786748845960192,11
3,9,0.931686145760951,0.693771272533107,11
5,9,0.923067942071427,0.457126995071214,11
2,9,0.894649786702055,0.783764338401664,11
1,10,0.962222540513969,0.83888385149301,11
4,10,0.94913604671008,0.517417013353805,11
3,10,0.931836518238213,0.592150614702281,11
5,10,0.922715933385073,0.251992081279719,11
2,10,0.905850070397768,0.613651719815665,11
1,11,0.963251105241801,0.924240919613637,11
4,11,0.946714606480176,0.814450948069677,11
3,11,0.924642139374617,0.701981324413013,11
5,11,0.907606774677378,0.335886309850972,11
2,11,0.918287170579543,0.516482994049983,11
1,12,0.96391199732597,0.886171498352173,11
4,12,0.947692300874478,0.712677766187797,11
3,12,0.930206358136658,0.285790236824668,11
5,12,0.90343671305764,0.256770464111165,11
2,12,0.905755841875117,0.625738475340081,11
1,13,0.964157681650905,0.756192826376479,11
4,13,0.949054608116753,0.621995338358863,11
3,13,0.930159692073638,0.591903830912305,11
5,13,0.918209441374569,-0.0504158385121788,11
2,13,0.894015673515134,0.680159152012707,11
1,14,0.964352263615852,0.757429373529146,11
4,14,0.946919814653289,0.680116821403422,11
3,14,0.93075315572469,0.800741556540014,11
5,14,0.912702201900608,0.262799620045687,11
2,14,0.905011062778988,0.478600752243593,11
1,15,0.961866460696887,0.959045239183306,11
4,15,0.947949322795748,0.714278719677164,11
3,15,0.924409994781266,0.696747746050138,11
5,15,0.906802728029526,0.7057437795286,11
2,15,0.900890169979813,0.812223406478606,11
1,1,0.887054372406747,0.869992174683308,12
3,1,0.774525844808504,0.56007536624639,12
2,1,0.749563001492837,0.588639706535279,12
4,1,0.72479295092602,0.817789449400733,12
5,1,0.773287975492637,0.354434016034382,12
1,2,0.885169845803085,0.883926153036315,12
3,2,0.772481005409491,0.553673906356212,12
2,2,0.76532256896576,0.651510070327915,12
4,2,0.725983943413046,0.213689715447703,12
5,2,0.770662487436264,0.469446289746626,12
1,3,0.885881774234155,0.848920908815373,12
3,3,0.744242341510014,0.587221155560537,12
2,3,0.783859449685999,0.708742339530529,12
4,3,0.727509498671822,0.239778979499609,12
5,3,0.763159258894122,0.420967752455608,12
1,4,0.885254068332335,0.842088647949398,12
3,4,0.734104378940548,0.522489835155325,12
2,4,0.814569201227365,0.336777551146622,12
4,4,0.731881442724749,0.52746641491686,12
5,4,0.761602621536053,0.358417682499156,12
1,5,0.876380875508338,0.960812906867683,12
3,5,0.741437287813868,0.721900717525723,12
2,5,0.801226382199935,0.451763885176415,12
4,5,0.715837815243247,0.201612628151427,12
5,5,0.766579404921485,0.369617157587837,12
1,6,0.888620985061322,0.829279091970115,12
3,6,0.727594330185133,0.655166890557133,12
2,6,0.81211175010598,0.52444383923449,12
4,6,0.723606953262123,0.628787869783201,12
5,6,0.76266974510982,0.541992967891512,12
1,7,0.895448762413184,0.797460304056148,12
3,7,0.732698136871703,0.440666804225264,12
2,7,0.807600356551904,0.391352069188259,12
4,7,0.723853977570841,0.629930924800528,12
5,7,0.754467170600689,0.563549387257718,12
1,8,0.889498758420519,0.766322256555565,12
3,8,0.756228151487454,0.21390915617758,12
2,8,0.787484524087072,0.639691372983,12
4,8,0.72884127210689,0.281630938002564,12
5,8,0.76602492344467,0.669472032291715,12
1,9,0.894282815717716,0.598753895337347,12
3,9,0.827429329867998,0.866970208054967,12
2,9,0.713384620010311,0.828441074208166,12
4,9,0.716875163558309,0.441912336961494,12
5,9,0.757537624275519,0.320356626777583,12
1,10,0.883001123873141,0.950406352631633,12
3,10,0.756613819602092,0.0804153869402209,12
2,10,0.78648230822472,0.78787181395287,12
4,10,0.746925113899945,0.392488522424431,12
5,10,0.745121657054915,0.336780063442441,12
1,11,0.880592575362738,0.943593251487168,12
3,11,0.773138899454415,0.473506224609889,12
2,11,0.760673140483589,0.751481065956432,12
4,11,0.726511822162324,0.849870283874016,12
5,11,0.747291982198198,0.57893884791608,12
1,12,0.88880479634263,0.817805679780273,12
3,12,0.747769646568352,0.261637504233667,12
2,12,0.807395927334975,0.43697911506418,12
4,12,0.727181880618863,0.790854418151794,12
5,12,0.757687679829551,0.346089140707286,12
1,13,0.885355186849772,0.852643379874964,12
3,13,0.757591343294324,0.65794343829114,12
2,13,0.778303701912213,0.782320306793499,12
4,13,0.717448654010766,0.36156569830756,12
5,13,0.775328075534145,0.555219449913134,12
1,14,0.887437420636572,0.577743670702221,12
3,14,0.741771664676439,0.641476095580499,12
2,14,0.798711346214885,0.620767865098785,12
4,14,0.720871249978173,0.887510008675343,12
5,14,0.745522267338113,0.211032411042734,12
1,15,0.883647589268895,0.914131342325242,12
3,15,0.746977462697114,0.750440444306213,12
2,15,0.779947186291236,0.721806810090711,12
4,15,0.735732867873438,0.245248255948686,12
5,15,0.75188136163093,0.513653876549654,12
1,1,0.912219439782928,0.758763882988033,13
3,1,0.863907613671711,0.656495422054781,13
2,1,0.754935710339964,0.797120980455441,13
5,1,0.80147971232895,0.444333480993426,13
4,1,0.787153292818089,0.494693623818578,13
1,2,0.904671768066949,0.936911196122328,13
3,2,0.863326999331236,0.614333658706847,13
2,2,0.766868177866909,0.618967633446244,13
5,2,0.801755907562628,0.556194085187835,13
4,2,0.779043419548721,0.626045033217711,13
1,3,0.907076512276172,0.893085187739831,13
3,3,0.854414967074711,0.413598936308418,13
2,3,0.773824699269917,0.782522718494395,13
5,3,0.790129868656275,0.865801876460616,13
4,3,0.784976275341306,0.685058662777586,13
1,4,0.912890357688757,0.749807099211373,13
3,4,0.85007249209815,0.488453545025675,13
2,4,0.802751929208901,0.332155563146557,13
5,4,0.811206661795846,0.175323140211409,13
4,4,0.783634631117402,0.293924615638624,13
1,5,0.915979865834538,0.678698782343809,13
3,5,0.845144796034561,0.315879943451649,13
2,5,0.800403866259467,0.426247348633732,13
5,5,0.790521587765278,0.515531405766151,13
4,5,0.794815376916284,0.622875400882182,13
1,6,0.904529047414704,0.909745327841422,13
3,6,0.880746845608843,0.676654183673563,13
2,6,0.769001849329477,0.823200368531558,13
5,6,0.781893034005349,0.587384038405804,13
4,6,0.770853899042216,0.727383406030216,13
1,7,0.90717203953473,0.89759830434392,13
3,7,0.868643015888909,0.782212017954154,13
2,7,0.768211162522485,0.717386568650644,13
5,7,0.805863732223284,0.362097583570669,13
4,7,0.778104573358529,0.35962431431355,13
1,8,0.904494485890097,0.958236805973854,13
3,8,0.846777674705918,0.563854014694436,13
2,8,0.799361741807744,0.753129345865386,13
5,8,0.800838163845976,0.645351347479485,13
4,8,0.773997596735194,0.247560637533436,13
1,9,0.904769201574764,0.936680055420101,13
3,9,0.859098078224175,0.796923136240586,13
2,9,0.778417292067954,0.687162067998797,13
5,9,0.816726824021829,0.421506630799088,13
4,9,0.780179614458084,0.738432065154887,13
1,10,0.911142578771391,0.777064632562807,13
3,10,0.864721163390207,0.791600859620362,13
2,10,0.783922683278773,0.545784741859099,13
5,10,0.805087419898187,0.417720587910406,13
4,10,0.77531403694025,0.477376094026823,13
1,11,0.908151631855748,0.889559915977578,13
3,11,0.852335378367267,0.674399621823694,13
2,11,0.789583264783467,0.395762271744539,13
5,11,0.806653780381657,0.389662461955107,13
4,11,0.783763884710942,0.549410855091268,13
1,12,0.912571693714939,0.765974363309953,13
3,12,0.868349143408526,0.670711540887288,13
2,12,0.767604428873001,0.286482206312815,13
5,12,0.80397910008307,0.253733340896359,13
4,12,0.778377688677482,0.165706006495212,13
1,13,0.90502704481785,0.941641705232502,13
3,13,0.848527265032394,0.108029717297123,13
2,13,0.78825279045958,0.501889354068145,13
5,13,0.797347359026024,0.692074702479807,13
4,13,0.781036219826898,0.492847025792523,13
1,14,0.909108292897977,0.82658683531385,13
3,14,0.861400374987246,0.663308880801884,13
2,14,0.777340125788787,0.496496004854829,13
5,14,0.816182552900541,0.140387254368639,13
4,14,0.777222795646405,0.508047873486562,13
1,15,0.906001387471864,0.935413270430513,13
3,15,0.851637369253921,0.275343227019299,13
2,15,0.793856141483912,0.525853655635238,13
5,15,0.801093927244224,0.565987752670305,13
4,15,0.772789643866317,0.718683517898455,13
1,1,0.901534756302222,0.810468730169785,14
3,1,0.86164819113922,0.723614107043115,14
2,1,0.77754831187497,0.178207794461419,14
4,1,0.78222135385586,0.518860940653129,14
5,1,0.846027399877091,0.429218229957082,14
1,2,0.903293374888763,0.906253854406087,14
3,2,0.874321152604194,0.881413824825886,14
2,2,0.779530446780145,0.629397215262254,14
4,2,0.782144897895746,0.591155401360736,14
5,2,0.833786540369228,0.409036146433915,14
1,3,0.900602319663344,0.901960185217977,14
3,3,0.843947848991082,0.592102254624285,14
2,3,0.805114332777691,0.807008997765225,14
4,3,0.782281285908787,0.6457189821194,14
5,3,0.824304883821747,0.831516156478968,14
1,4,0.901236535193983,0.872340027544769,14
3,4,0.854403781847942,0.872301385053907,14
2,4,0.792763431841226,0.673515403238972,14
4,4,0.781089035826381,0.588561567606054,14
5,4,0.82606056188017,0.627705292841621,14
1,5,0.913930986879706,0.59331706493845,14
3,5,0.838451951455517,0.123626781664218,14
2,5,0.808788899700939,0.596491812355089,14
4,5,0.804784209158632,0.543132683698221,14
5,5,0.825010580683153,0.217102164012204,14
1,6,0.897847057245592,0.948005132614792,14
3,6,0.861766027159249,0.24945457962175,14
2,6,0.777520131204628,0.586229369227853,14
4,6,0.795411827059928,0.154734393256548,14
5,6,0.829736338938705,0.541436521792547,14
1,7,0.902067322378496,0.873457592617302,14
3,7,0.860172581588803,0.583084901037157,14
2,7,0.790917668778216,0.744398788514254,14
4,7,0.799476125654963,0.68244660872416,14
5,7,0.817863346511893,0.793202886992097,14
1,8,0.901747094644032,0.890885225634885,14
3,8,0.869051000691752,0.465554200367224,14
2,8,0.773240582304178,0.448219434421043,14
4,8,0.791291030051608,0.556276793055426,14
5,8,0.828029593969656,0.136546130520463,14
1,9,0.902274979340338,0.859832591115122,14
3,9,0.867503699211108,0.756939402257882,14
2,9,0.781106603684194,0.637090208007556,14
4,9,0.783745039217803,0.702371885948903,14
5,9,0.835796334684882,0.502185582097145,14
1,10,0.905683872398122,0.819403396179323,14
3,10,0.873288929099593,0.323483499075984,14
2,10,0.787031895276482,0.0184473327746758,14
4,10,0.802188362904896,0.207708484151829,14
5,10,0.832796337257296,0.317708996827048,14
1,11,0.902848362038398,0.886590287470339,14
3,11,0.873289583016084,0.632699984823378,14
2,11,0.784262484899693,0.7425945020881,14
4,11,0.772640785983512,0.843360888929388,14
5,11,0.837347494622962,0.268632211874599,14
1,12,0.904605634862036,0.834062224215129,14
3,12,0.865196216687896,0.701468199112314,14
2,12,0.770640990276828,0.575070524024387,14
4,12,0.77626189472545,0.679593749771494,14
5,12,0.831885732651637,0.819904145290465,14
1,13,0.902324702400216,0.860504612466096,14
3,13,0.866796999895266,0.572686920036769,14
2,13,0.784133960775197,0.679588144081686,14
4,13,0.788152367769209,0.0547082906155466,14
5,13,0.832107466687087,0.360801244787291,14
1,14,0.907606150865268,0.773795996929179,14
3,14,0.852371877090555,0.665518197667498,14
2,14,0.786686352198837,0.872584141219605,14
4,14,0.784021154986306,0.879481043255283,14
5,14,0.828907688426261,0.747157948407113,14
1,15,0.902978754715885,0.747471858974432,14
3,15,0.867448107197038,0.57664875975401,14
2,15,0.789253980980272,0.637800846831334,14
4,15,0.788140262542048,0.0122136704391647,14
5,15,0.829750925597102,0.631377697578117,14
1,1,0.934675356505871,0.837316681224932,15
2,1,0.906601974651062,0.741892509495274,15
4,1,0.852115359980031,0.766376638406351,15
5,1,0.843933409097867,0.441220785664418,15
3,1,0.843034784296024,0.416027180697825,15
1,2,0.932688782488891,0.940873621691489,15
2,2,0.912932847352078,0.664721153031713,15
4,2,0.839407731954398,0.774480289997965,15
5,2,0.844280078839415,0.497424619240281,15
3,2,0.843899245476353,0.610018288319389,15
1,3,0.939577158099366,0.77465186778788,15
2,3,0.907083032769069,0.586365734289542,15
4,3,0.851309468897797,0.068709093915352,15
5,3,0.845713155762269,0.637184653716486,15
3,3,0.853708113868645,0.580964809797784,15
1,4,0.935707394546195,0.841053790637111,15
2,4,0.913765049773589,0.790259177185391,15
4,4,0.843213197769565,0.822629598432652,15
5,4,0.84683895403634,0.534741086332034,15
3,4,0.846836486352742,0.713528679578249,15
1,5,0.933922395965562,0.894282687157974,15
2,5,0.912787099292051,0.398798893000404,15
4,5,0.852582154653944,0.533182013044158,15
5,5,0.853301267631668,0.481152494491738,15
3,5,0.840557577005787,0.676408336600153,15
1,6,0.935640110851144,0.839509853991195,15
2,6,0.903531777806552,0.698817048823901,15
4,6,0.865110514179625,0.626301531863545,15
5,6,0.845903197865095,0.534771703511117,15
3,6,0.846096159974559,0.724207221227938,15
1,7,0.933524690448504,0.906743376321397,15
2,7,0.914607859557058,0.231576143521339,15
4,7,0.846977725086224,0.700426562715089,15
5,7,0.837809009421833,0.825646795203002,15
3,7,0.844111604853919,0.62675188952844,15
1,8,0.93256006528507,0.896106287541705,15
2,8,0.91230391264849,0.817465818155937,15
4,8,0.84155877856145,0.394032697794965,15
5,8,0.846514365728768,0.378232074040138,15
3,8,0.851247210152827,0.563680286076143,15
1,9,0.935840215001282,0.832382163622734,15
2,9,0.914546085395152,0.396193669536418,15
4,9,0.850862986764927,0.176249963251934,15
5,9,0.858285176987111,0.517442790546614,15
3,9,0.858954204851009,0.33570270673802,15
1,10,0.933410508075698,0.886120414890365,15
2,10,0.901471187102899,0.615461373607701,15
4,10,0.855287350780327,0.682771638883932,15
5,10,0.831153162967775,0.128053960423111,15
3,10,0.853417241751179,0.188764461624512,15
1,11,0.936336525372326,0.623304549007753,15
2,11,0.914237982455951,0.55484876025066,15
4,11,0.860936708053851,0.501746573849765,15
5,11,0.844179557041587,0.450502625164078,15
3,11,0.836008499551205,0.698585024505092,15
1,12,0.933403222775403,0.85608311007987,15
2,12,0.905552349640477,0.753928188994457,15
4,12,0.847488982025241,0.655587663212009,15
5,12,0.843686768019005,0.325966002063203,15
3,12,0.847684633702412,0.487048544683641,15
1,13,0.932919313619571,0.938629261949921,15
2,13,0.904173043021037,0.664784687481064,15
4,13,0.853298535683982,0.478781486021693,15
5,13,0.842865874401156,0.492721000057709,15
3,13,0.846467622379772,0.723497206223451,15
1,14,0.936214867276166,0.838844809100146,15
2,14,0.902790452661818,0.771712772645114,15
4,14,0.849581020477943,0.61003540393983,15
5,14,0.840784873279751,0.609477840158855,15
3,14,0.856184374623056,0.758667444731587,15
1,15,0.93247644300356,0.92950375094347,15
2,15,0.916373593336295,0.5983479515462,15
4,15,0.838296467618678,0.567892919940502,15
5,15,0.847710302020309,0.457588664666024,15
3,15,0.848008548417881,0.484023845397765,15
1,1,0.906397475939295,0.885185188412433,16
4,1,0.765243624083071,0.604866524452422,16
2,1,0.845810419064182,0.680673292722502,16
3,1,0.819790040876515,0.510587893605363,16
5,1,0.812526926633499,0.67078869787489,16
1,2,0.904291907833656,0.925682846364969,16
4,2,0.772987581874446,0.753931875249793,16
2,2,0.820642654621924,0.735972362700658,16
3,2,0.804926984240373,0.65519232789455,16
5,2,0.820237748716465,0.354939953562415,16
1,3,0.907195274602275,0.855808101657092,16
4,3,0.779760426188868,0.725120773693838,16
2,3,0.830088147364427,0.747551037747054,16
3,3,0.800733382088081,0.753303100258529,16
5,3,0.810004113075444,0.477111201732757,16
1,4,0.910742178086562,0.768684423788395,16
4,4,0.770388952076317,0.598693961812384,16
2,4,0.850496230514218,0.812834360533381,16
3,4,0.821224492882891,0.481513561176014,16
5,4,0.822017533995236,0.279159702177769,16
1,5,0.905303858992745,0.841959841113912,16
4,5,0.780231702255073,0.544525036432237,16
2,5,0.82634113897562,0.707199426787461,16
3,5,0.806970044995945,0.726068179911575,16
5,5,0.798941748123491,0.503890170401588,16
1,6,0.906777776361237,0.881571793282284,16
4,6,0.776928890380597,0.381058898372608,16
2,6,0.841867873434949,0.450803584781812,16
3,6,0.818147541535986,0.541065682008246,16
5,6,0.818937603764042,0.19952532478235,16
1,7,0.905208800216778,0.88847378399458,16
4,7,0.783067182787407,0.217462397013881,16
2,7,0.826781677541164,0.690518328811482,16
3,7,0.800471803760467,0.807013898087906,16
5,7,0.815585712706211,0.479099275244825,16
1,8,0.914182970947125,0.769001706342605,16
4,8,0.770910513320445,0.660795933826814,16
2,8,0.840387097462366,0.882241261706258,16
3,8,0.82120022652811,0.650767020909383,16
5,8,0.801620528816441,0.51426748079079,16
1,9,0.907050439516021,0.835249823924532,16
4,9,0.78039847105883,0.170254033110447,16
2,9,0.843533993900565,0.0236709546347895,16
3,9,0.806715562564469,0.839266774761258,16
5,9,0.810545259872942,0.525368308850286,16
1,10,0.906731053966007,0.89442856095518,16
4,10,0.763589461041913,0.790052024234931,16
2,10,0.835966934448101,0.781410341072818,16
3,10,0.816466647210149,0.229188070891918,16
5,10,0.810539370886167,0.526225101452862,16
1,11,0.905370492466082,0.862891794762298,16
4,11,0.816460737697523,0.0971926775480454,16
2,11,0.799974167233388,0.674382866108485,16
3,11,0.81007303371698,0.751529522263739,16
5,11,0.812390988342772,0.663531808176643,16
1,12,0.900887421874496,0.948827253380573,16
4,12,0.77590045164388,0.657720012092141,16
2,12,0.826939970196143,0.691014100853654,16
3,12,0.809966807145922,0.715603031156786,16
5,12,0.817027011022882,0.597457850038083,16
1,13,0.911089268991914,0.765465580867691,16
4,13,0.77409243447427,0.370322463062293,16
2,13,0.839214815740795,0.832932220039644,16
3,13,0.818721649201777,0.434693063768517,16
5,13,0.800371769350532,-0.0764565347473001,16
1,14,0.903615914464995,0.911512338628098,16
4,14,0.772817430035642,0.408015706872009,16
2,14,0.854005697412542,0.0795715334527313,16
3,14,0.821703963199915,0.401190665026995,16
5,14,0.811135397139482,0.527506728222597,16
1,15,0.903262364862433,0.920525241104751,16
4,15,0.772036475385915,0.734792226280157,16
2,15,0.84491987783667,0.683684928255455,16
3,15,0.81396442703605,0.573468979074297,16
5,15,0.802024158613783,0.303946568720873,16
1,1,0.929640076370122,0.864436125904048,17
3,1,0.906641018466061,0.544572275153504,17
2,1,0.842648428044018,0.603617153247655,17
4,1,0.834875355093938,0.174906345829166,17
5,1,0.858639930404397,0.39985265663313,17
1,2,0.933636590897762,0.703052661583452,17
3,2,0.886214231585348,0.441217302428431,17
2,2,0.862747802480333,0.718014296575518,17
4,2,0.824855526521046,0.513169952897555,17
5,2,0.850670370508868,0.500003300809657,17
1,3,0.926594125100893,0.932586937982534,17
3,3,0.908039625393126,0.078850007848154,17
2,3,0.838008136809141,0.609029075125857,17
4,3,0.837996922091141,0.737618941951128,17
5,3,0.849815767654756,0.601127208536929,17
1,4,0.923159958599284,0.944045417525366,17
3,4,0.900116934790216,0.810936067373297,17
2,4,0.843870459731684,0.432074645129809,17
4,4,0.83134958818935,0.712783350162717,17
5,4,0.85595695908537,0.562903508966988,17
1,5,0.926826412315177,0.917441065059882,17
3,5,0.904016505482613,0.662901672551413,17
2,5,0.845075730651039,0.370545915898297,17
4,5,0.827574743225416,0.697165352457218,17
5,5,0.848911084181031,0.731762998010714,17
1,6,0.937486172112184,0.539201923428186,17
3,6,0.903499193440072,0.785226372376316,17
2,6,0.840188100166868,0.420796062920229,17
4,6,0.829581816226942,0.644838695833132,17
5,6,0.858014446706279,0.644647458155588,17
1,7,0.925302576887059,0.935794968878421,17
3,7,0.911943180023588,0.724267565419538,17
2,7,0.839420706497189,0.581552134120548,17
4,7,0.839329089199745,0.543444310706795,17
5,7,0.856268228892227,0.937304702997444,17
1,8,0.930238307556415,0.81142083603738,17
3,8,0.909731874100612,0.617491747734473,17
2,8,0.835063478746629,0.808120997841591,17
4,8,0.835656766874967,0.769710280014863,17
5,8,0.850015243690605,0.614798055045472,17
1,9,0.926982071169625,0.937359269390887,17
3,9,0.90639091318839,0.592785546640102,17
2,9,0.83244857406706,0.824941106593372,17
4,9,0.830439797244789,0.225991003623437,17
5,9,0.84857895346891,0.597684450588232,17
1,10,0.929482730291921,0.870914711981511,17
3,10,0.905800550528288,0.512006017377064,17
2,10,0.836306107820493,0.708085789225325,17
4,10,0.833184815555566,0.828115276528988,17
5,10,0.861334871539767,0.308785381597354,17
1,11,0.926770830982982,0.928717765686651,17
3,11,0.898261037793826,0.651385298935336,17
2,11,0.851315210156131,0.715129711437583,17
4,11,0.83007279096403,0.626918381702011,17
5,11,0.860515328888905,0.505397282409097,17
1,12,0.928945848475024,0.884267972364678,17
3,12,0.892494337518146,0.664401729161728,17
2,12,0.84307829813609,0.63843071067992,17
4,12,0.829987211693287,0.523338674810272,17
5,12,0.850935435672251,0.454522926200143,17
1,13,0.92948507117312,0.864507700996278,17
3,13,0.890891385198254,0.734749834772911,17
2,13,0.843924954623272,0.797376234607431,17
4,13,0.833777210589128,0.702514820852999,17
5,13,0.851359679098133,0.729275569818561,17
1,14,0.929633528675463,0.89306863409486,17
3,14,0.903462605030411,0.504968957944434,17
2,14,0.847050006576157,0.47001245264133,17
4,14,0.834324036213937,0.512031762631711,17
5,14,0.857314654128453,0.188147673354789,17
1,15,0.932089632525333,0.777005242740346,17
3,15,0.902713094817937,0.883187550825743,17
2,15,0.838328530660227,0.546738299995443,17
4,15,0.846306708247787,0.135633712862666,17
5,15,0.86206406533687,-0.1070728304097,17
1,1,0.906018610234742,0.863910357407479,18
5,1,0.80133309665849,0.237722116915173,18
2,1,0.845491114489432,0.618451781949522,18
3,1,0.804116716892304,0.313316713074202,18
4,1,0.819011151885718,0.656081762327494,18
1,2,0.904869900589363,0.863653865072891,18
5,2,0.79809991265835,0.688694452516986,18
2,2,0.834657752153778,0.656882509283705,18
3,2,0.802317129096291,0.533842463597336,18
4,2,0.811341221812047,0.671033221103441,18
1,3,0.901167550048269,0.915938060222805,18
5,3,0.824633490047359,0.416650379251937,18
2,3,0.819504620152395,0.279212650577598,18
3,3,0.799369945796359,0.697196169958742,18
4,3,0.813078767623381,0.40704225595504,18
1,4,0.90414471252103,0.936908091894368,18
5,4,0.820893243948361,0.410853947369109,18
2,4,0.799773419939396,0.857686198708823,18
3,4,0.801879233644692,0.632932820132501,18
4,4,0.823690815619652,0.058463271937004,18
1,5,0.901959332779222,0.872649417859952,18
5,5,0.837580062227207,0.57342294558814,18
2,5,0.807182263791816,0.444414630115842,18
3,5,0.81331748325073,0.359518627528246,18
4,5,0.803429020393592,0.593397929500339,18
1,6,0.903993580962543,0.893437350244885,18
5,6,0.809946018302767,0.58852714251335,18
2,6,0.820711734680024,0.735901689062855,18
3,6,0.80534892298397,0.615472091267979,18
4,6,0.807188156361059,0.516431196372356,18
1,7,0.90554617281486,0.789367641009741,18
5,7,0.837136091155799,0.696070450192159,18
2,7,0.808613171110874,0.654327083140771,18
3,7,0.807890947433048,0.625819364206946,18
4,7,0.794851085727711,0.821372643664118,18
1,8,0.916107629701387,0.622716124554217,18
5,8,0.835691545032732,0.425756006899474,18
2,8,0.796961688980537,0.876554973134628,18
3,8,0.80997270394991,0.474403020316046,18
4,8,0.814779915784743,0.471700301404765,18
1,9,0.904381644496693,0.911096806119303,18
5,9,0.828595211563287,0.622435934265155,18
2,9,0.78818844737771,0.711704376197353,18
3,9,0.80882106289803,0.339781194221337,18
4,9,0.80228449305128,0.480962967706807,18
1,10,0.903183181387355,0.930891930328457,18
5,10,0.827741112347843,0.814304424369653,18
2,10,0.803824714985655,0.62350760288356,18
3,10,0.803778594449292,0.456220250229591,18
4,10,0.810256444132756,0.25347845830036,18
1,11,0.902377572898653,0.950961796130387,18
5,11,0.841353133871832,0.362953164655212,18
2,11,0.793235277094359,0.353056402180604,18
3,11,0.809363836613085,0.712455795990609,18
4,11,0.811650435195933,0.755232882050588,18
1,12,0.905516700693896,0.819198510780113,18
5,12,0.782125166926952,0.111148899002607,18
2,12,0.856238482195421,0.643438846093424,18
3,12,0.804878362030093,0.398312581482177,18
4,12,0.815690386247272,0.307101733504049,18
1,13,0.905365022676347,0.825678017691712,18
5,13,0.795436291633953,0.328886583551531,18
2,13,0.83571952146957,0.647218378646605,18
3,13,0.803992558376811,0.629193227794606,18
4,13,0.805834133068298,0.729923016528554,18
1,14,0.905082032955683,0.851206034464965,18
5,14,0.814568980235615,0.358053127463704,18
2,14,0.82605365875598,0.490925156437011,18
3,14,0.818739645631777,0.293989143663196,18
4,14,0.811253016505693,0.341092658069059,18
1,15,0.90940304376008,0.810989574752069,18
5,15,0.848058824430058,0.754809421648075,18
2,15,0.77640135477188,0.813265672171139,18
3,15,0.811006399490829,0.595978364443114,18
4,15,0.814767735060221,0.55216388922163,18
1,1,0.892224616117167,0.839104189323695,19
4,1,0.707993555729199,0.67430235046607,19
2,1,0.808106639683274,0.64438215946993,19
3,1,0.74525612753234,0.580726328954707,19
5,1,0.750574180082549,0.749642147846672,19
1,2,0.896700723071007,0.814031238193047,19
4,2,0.722951394942018,0.254781483345321,19
2,2,0.80384351463685,0.73206217807414,19
3,2,0.764472066690078,0.792238268545529,19
5,2,0.749751746190597,0.411310115534209,19
1,3,0.892360951725922,0.922684884927222,19
4,3,0.702319234657335,0.66401920890776,19
2,3,0.801398774545501,0.664248762029879,19
3,3,0.755989587867102,0.570654790389964,19
5,3,0.742035567317076,0.753216046779823,19
1,4,0.8936464383509,0.898473683058833,19
4,4,0.719261758271564,0.24816757614452,19
2,4,0.809105990769571,0.743664055681803,19
3,4,0.766052670619447,0.581182239553711,19
5,4,0.745828789944975,0.657604788450287,19
1,5,0.891173805439333,0.916896180482413,19
4,5,0.724404180119155,0.32455369585119,19
2,5,0.79150828140755,0.706049164479645,19
3,5,0.757979677864917,0.573116654920566,19
5,5,0.749986771074058,0.433860429207626,19
1,6,0.901504302907366,0.748715306143669,19
4,6,0.711025157410081,0.633244816828223,19
2,6,0.807439204258362,0.600202565673072,19
3,6,0.754556348826696,0.623659272048168,19
5,6,0.765971554258356,0.206199632385389,19
1,7,0.897587012835566,0.757588625245917,19
4,7,0.715903160313988,0.409840533817997,19
2,7,0.809157010923032,0.312564220506864,19
3,7,0.748687812314722,0.576217668977931,19
5,7,0.746130106276915,0.517127070597475,19
1,8,0.892091222638556,0.908337587060975,19
4,8,0.706646761551903,0.72284325517284,19
2,8,0.802617911293271,0.833507249614058,19
3,8,0.764681969054652,0.713977350694539,19
5,8,0.731742888330421,0.522682990025303,19
1,9,0.891223589208315,0.903800363307574,19
4,9,0.709498911259998,0.751581618549853,19
2,9,0.806536102107208,0.467825674045949,19
3,9,0.758081398392843,0.438390192965532,19
5,9,0.748763199574734,0.338397472042454,19
1,10,0.900543493783432,0.690543327075036,19
4,10,0.716835376431212,0.546568388921422,19
2,10,0.805452989299704,0.864046791647185,19
3,10,0.773465603049697,0.321711935875272,19
5,10,0.733057000091397,0.632637568505907,19
1,11,0.893325807267253,0.889332453753034,19
4,11,0.710633720581131,0.551524334898122,19
2,11,0.817397059399371,0.688741642392287,19
3,11,0.746469932881965,0.404726015746184,19
5,11,0.740627324987505,0.651195598773824,19
1,12,0.890698243292971,0.922642347057875,19
4,12,0.708345089552369,0.539537378227078,19
2,12,0.826184089244987,0.511069078584119,19
3,12,0.761973235969892,0.320631169475584,19
5,12,0.743560786426061,0.282237889193415,19
1,13,0.890872781425405,0.925089927414943,19
4,13,0.721224100850676,0.415746271331131,19
2,13,0.820074666169279,0.806613101006409,19
3,13,0.752296291218576,0.261423958044658,19
5,13,0.747423433461307,0.28206283130734,19
1,14,0.890699617650753,0.896930758388608,19
4,14,0.708051447423482,0.521101277152048,19
2,14,0.803172876993043,0.370255477516087,19
3,14,0.760869519292437,0.592416958783816,19
5,14,0.727815696993039,0.205058450798825,19
1,15,0.891034725444878,0.862525479678463,19
4,15,0.721790763509125,0.47745220613135,19
2,15,0.797741202106588,0.725060789301851,19
3,15,0.769926490451127,0.533834864302457,19
5,15,0.731096355562763,0.268288786014348,19
1,1,0.906575998169231,0.701539188704334,20
2,1,0.824161074308685,0.618681570802544,20
3,1,0.789454927301674,0.761276704307761,20
4,1,0.758581942698632,0.686710801470075,20
5,1,0.787297783703467,0.53627916796409,20
1,2,0.89863958942971,0.870839160063061,20
2,2,0.831597775147051,0.77730517796757,20
3,2,0.778218819327686,0.733628045064436,20
4,2,0.778219896759568,0.264534916235333,20
5,2,0.77748815840629,0.277954539140043,20
1,3,0.89615938952472,0.812482149528519,20
2,3,0.808214072102323,0.761857644961295,20
3,3,0.797788433859061,0.273855515082095,20
4,3,0.781057593126891,0.484654923940001,20
5,3,0.762071839592374,0.394028159778806,20
1,4,0.898633644010494,0.701634394301223,20
2,4,0.824583180801905,0.463028542122987,20
3,4,0.803766708658353,0.531575593327334,20
4,4,0.775065948041146,0.335757810212049,20
5,4,0.761714442433217,0.580682587873209,20
1,5,0.902138577659784,0.818302863761562,20
2,5,0.825286144273325,0.707101933473557,20
3,5,0.789967048102763,0.547374046525354,20
4,5,0.775235178725106,0.748171595717265,20
5,5,0.762807854065392,0.328798531052921,20
1,6,0.896173691756039,0.87481956693178,20
2,6,0.818165519829718,0.704459524746575,20
3,6,0.775423610375755,0.602345728655141,20
4,6,0.796243306666536,0.587691258332363,20
5,6,0.772259581977766,0.549335744836045,20
1,7,0.897527705521579,0.88163461091945,20
2,7,0.795459626484466,0.627083642905103,20
3,7,0.820773475691127,0.494210942323712,20
4,7,0.800424197873792,0.525136401024824,20
5,7,0.777634648665707,0.461387281893156,20
1,8,0.892865405049682,0.969104592521546,20
2,8,0.81070679593555,0.610155875993343,20
3,8,0.795390740514566,0.539060734641577,20
4,8,0.780801373055759,0.252226007250391,20
5,8,0.773691270456973,0.132525731969316,20
1,9,0.899183883675297,0.866510430022093,20
2,9,0.817762309200286,0.382582098107467,20
3,9,0.79595711286943,0.405255484544361,20
4,9,0.790345601735909,0.229586722013123,20
5,9,0.763398141300016,0.173370368742822,20
1,10,0.89482618496853,0.90492243466458,20
2,10,0.829554249309118,0.163917078831436,20
3,10,0.778874099961144,0.430100075133681,20
4,10,0.786016335201263,0.737436549808638,20
5,10,0.765842487541834,0.174445045004201,20
1,11,0.892825253021872,0.893501096788652,20
2,11,0.816609583238107,0.550677489224538,20
3,11,0.788151317528914,0.502420433508838,20
4,11,0.801449653844152,0.61547182905198,20
5,11,0.773169131495989,0.098880207595488,20
1,12,0.898341030154575,0.801664330748375,20
2,12,0.821664661869516,0.564648206624395,20
3,12,0.791340205314425,0.68312679478295,20
4,12,0.773813221503256,0.76701988875853,20
5,12,0.781687628186729,0.515316169771719,20
1,13,0.898591278619572,0.830915159835797,20
2,13,0.822623291426848,0.613178271439125,20
3,13,0.783760673003221,0.542227448016883,20
4,13,0.787203114423112,0.6333056319947,20
5,13,0.775968735649267,0.389649822085636,20
1,14,0.894313876028532,0.93211219379516,20
2,14,0.814228954153291,0.498664254063563,20
3,14,0.805546713767648,0.555718820764002,20
4,14,0.80090351780456,0.534711087256053,20
5,14,0.766006115365589,0.590799248469264,20
1,15,0.89632161516981,0.864655896172451,20
2,15,0.816310526365851,0.773521942558414,20
3,15,0.787951359409721,0.636165587447354,20
4,15,0.774538554017271,0.433131181729579,20
5,15,0.770939660720551,0.333276495011413,20
1,1,0.903342290434817,0.823301939465344,21
4,1,0.791713822157488,0.451228881013414,21
2,1,0.849399510779577,0.647990898236154,21
3,1,0.779264322847023,0.734786399553349,21
5,1,0.806562332966703,0.672597255366285,21
1,2,0.906930042502422,0.738321878927716,21
4,2,0.840525628610511,0.463108123883851,21
2,2,0.800024236926128,0.796915570160699,21
3,2,0.781919430997167,0.766278226562239,21
5,2,0.803829135440665,0.394377907230443,21
1,3,0.902370100400471,0.875035248885754,21
4,3,0.813783626666353,0.842575271716993,21
2,3,0.816920137140132,0.822737766991359,21
3,3,0.783267269939776,0.632672357003677,21
5,3,0.819321050331493,0.164422831754721,21
1,4,0.910055213394216,0.674173686472543,21
4,4,0.825142030285368,0.529585828883002,21
2,4,0.805226145897542,0.800158403220203,21
3,4,0.794008459227949,0.564740729440627,21
5,4,0.80929992917237,0.656890053007921,21
1,5,0.902481178271309,0.90749364855423,21
4,5,0.806378852138585,0.214620987388867,21
2,5,0.83630862012611,0.715945517309181,21
3,5,0.801922730673189,-0.0300784805654512,21
5,5,0.797334763211084,0.170527653750866,21
1,6,0.899932271357687,0.866961140982511,21
4,6,0.797378396275783,0.63535825026589,21
2,6,0.832959891752557,0.79558598936767,21
3,6,0.792637839054794,0.579322495553244,21
5,6,0.80150289514155,0.457235101391244,21
1,7,0.904248558183907,0.880621119267889,21
4,7,0.817884967230259,0.496855769833095,21
2,7,0.816914814456742,0.549898277692566,21
3,7,0.805144767543,0.827708925787807,21
5,7,0.797119495272845,0.450839428877741,21
1,8,0.905433189751339,0.831149472557209,21
4,8,0.777145588505668,0.560039305627208,21
2,8,0.854680591582004,0.66433264975047,21
3,8,0.79441327122028,0.265371251057256,21
5,8,0.810574874971818,0.382648350280564,21
1,9,0.906491187048102,0.722952935292706,21
4,9,0.803814586077218,0.688996272297765,21
2,9,0.837828012349607,0.63988361918348,21
3,9,0.782462293306914,0.881291846605279,21
5,9,0.808302203389158,0.660874728012011,21
1,10,0.90238339725449,0.887833418667824,21
4,10,0.786073896345468,0.63311034734557,21
2,10,0.845784859444802,0.774447041700221,21
3,10,0.795153654874416,0.700677765034921,21
5,10,0.806481559309422,0.259735833651479,21
1,11,0.901308215302312,0.89818048418945,21
4,11,0.78105460193061,0.48051704658446,21
2,11,0.856811291666624,0.459660295846782,21
3,11,0.796531347515928,0.418036030380594,21
5,11,0.80452221550774,0.116452804372929,21
1,12,0.900577125056194,0.944893889372212,21
4,12,0.800295072177341,0.550067128419532,21
2,12,0.834851835055818,0.694993876640982,21
3,12,0.807685503596631,0.299042942259238,21
5,12,0.82217253048909,0.419118559245948,21
1,13,0.900731015846862,0.901404479360471,21
4,13,0.799169385970107,0.560805670485741,21
2,13,0.832577020345909,0.526094912749952,21
3,13,0.796808095701533,0.631248475413398,21
5,13,0.806077029367061,0.639043924740676,21
1,14,0.904179754225679,0.874189744842091,21
4,14,0.770610098500352,0.452147782051736,21
2,14,0.86945513229779,0.686266041320037,21
3,14,0.799795846575347,0.354463615808543,21
5,14,0.818575924322135,-0.0734758368785102,21
1,15,0.900867574623748,0.907449563830934,21
4,15,0.794281194396747,-0.0128085173242339,21
2,15,0.846896845941189,0.375752202761096,21
3,15,0.787239762668674,0.729038136253218,21
5,15,0.799606001437878,0.355830371269033,21
1,1,0.93251998965682,0.897397033230686,22
2,1,0.919721352727929,0.89232153914989,22
5,1,0.827858015690045,0.28394016421773,22
3,1,0.861254666348321,0.435027669672138,22
4,1,0.853119558410922,0.627855332608658,22
1,2,0.938214222927411,0.626057320671292,22
2,2,0.923690401214793,0.691867741305659,22
5,2,0.833790565335124,0.299849094277638,22
3,2,0.860117195040345,0.642160047768186,22
4,2,0.849373096414035,0.554380556854714,22
1,3,0.929818505455239,0.941213659821361,22
2,3,0.915289545840772,0.602942201060185,22
5,3,0.818124436660309,0.862887125948885,22
3,3,0.859479155931483,0.584741966149355,22
4,3,0.844359775175653,0.497485125244495,22
1,4,0.93498020536454,0.840520470929306,22
2,4,0.920508576288068,0.747825633524845,22
5,4,0.834697185668181,0.395393826198844,22
3,4,0.872710302541396,0.301868122926629,22
4,4,0.865941243623748,0.596598351460396,22
1,5,0.930925848101449,0.914584142637713,22
2,5,0.923974169770562,0.424363017839666,22
5,5,0.827475289253804,0.559402986462122,22
3,5,0.86771249665096,0.649504019584666,22
4,5,0.848057441232819,0.173532944490684,22
1,6,0.937104046967919,0.745354727103744,22
2,6,0.916989475579738,0.70222481449552,22
5,6,0.82305015214048,0.550960109599533,22
3,6,0.865337125473362,0.771195343847991,22
4,6,0.860327643019039,0.675490201857463,22
1,7,0.930921594977288,0.923836336601771,22
2,7,0.913168009996156,0.828544864870351,22
5,7,0.828661121118208,0.411428222545698,22
3,7,0.859247774772808,0.763957973690103,22
4,7,0.861350491163908,0.183530328593795,22
1,8,0.932829447853884,0.894738825863648,22
2,8,0.916948739011528,0.70590315343806,22
5,8,0.830889915217667,0.548266510221834,22
3,8,0.856935924654179,0.600323898168779,22
4,8,0.850640395235627,0.729528502915017,22
1,9,0.934723317471034,0.852360263575562,22
2,9,0.921887106676007,0.516470397154523,22
5,9,0.82080409543189,0.634311043834185,22
3,9,0.859828516822347,0.519938889363516,22
4,9,0.851848424810458,0.732043508442172,22
1,10,0.935003538827754,0.845794611329174,22
2,10,0.912539910843571,0.85048891813464,22
5,10,0.834544380414234,0.0352672687439764,22
3,10,0.864402247409201,0.596903627665255,22
4,10,0.863157513297467,0.418874602412475,22
1,11,0.93416082763012,0.80469371275942,22
2,11,0.92225062995316,0.855028741861689,22
5,11,0.821027245706911,0.562975473507715,22
3,11,0.856388166563071,0.696130928940415,22
4,11,0.840822734547804,0.83559704410441,22
1,12,0.936733029079825,0.87121307766131,22
2,12,0.92278720707779,0.522583493564483,22
5,12,0.821187206658951,0.801938035167787,22
3,12,0.862862977290122,-0.00842567240197288,22
4,12,0.859119604212319,0.784006650168312,22
1,13,0.933371932593141,0.863718655867172,22
2,13,0.922510313425232,0.652809023036629,22
5,13,0.821550557529893,0.764252472944207,22
3,13,0.861897834433021,0.708836140323396,22
4,13,0.852526983006688,0.348978572568303,22
1,14,0.936656534135874,0.714842155150563,22
2,14,0.916978464609429,0.347420263099896,22
5,14,0.826789076504687,0.503320134348587,22
3,14,0.870080909766986,0.266590833720776,22
4,14,0.852329244021096,0.607625035097058,22
1,15,0.930222386901287,0.952854895292202,22
2,15,0.91697730360761,0.668228367661998,22
5,15,0.824007870793819,0.644984903652817,22
3,15,0.860975563346184,0.753010644997069,22
4,15,0.856854709315188,0.466662393473215,22
1,1,0.907168324942557,0.835357898946848,23
4,1,0.839933181068242,0.712400962721646,23
2,1,0.811915622260828,0.857091997033607,23
3,1,0.788884157796493,0.70923702196042,23
5,1,0.80907641184359,0.685476336341616,23
1,2,0.900795877107194,0.946098926213219,23
4,2,0.868973978934817,0.326323130407372,23
2,2,0.781773410121243,0.7469170119226,23
3,2,0.804301924481998,0.464842282802784,23
5,2,0.821443209520429,0.605160270205618,23
1,3,0.903187630758873,0.940044432418552,23
4,3,0.86455891571609,0.443309831135841,23
2,3,0.796168106523533,0.57108229037587,23
3,3,0.788085956414366,0.890670198805831,23
5,3,0.80961811837769,0.514840746356347,23
1,4,0.903014242009562,0.914784416285512,23
4,4,0.82377113110609,0.338033269891366,23
2,4,0.831865927043694,0.676375999865518,23
3,4,0.793281890517894,0.566803411157517,23
5,4,0.817271497070042,-0.152327913150982,23
1,5,0.918645712142292,0.618928096642298,23
4,5,0.854339066079883,0.308946071390091,23
2,5,0.80963578509769,0.68291614273308,23
3,5,0.80641135419994,0.574174421284276,23
5,5,0.815269371312563,0.512829914285064,23
1,6,0.907713139549814,0.859406807010721,23
4,6,0.863900524702172,0.257856165957251,23
2,6,0.785866106429903,0.773733780613758,23
3,6,0.793084845081206,0.497800843072962,23
5,6,0.815898640471005,0.145281152774103,23
1,7,0.906175977087078,0.899600441451959,23
4,7,0.859547571170986,0.543216268606786,23
2,7,0.801313030017231,0.62938972658677,23
3,7,0.784444508190797,0.732763834544302,23
5,7,0.813519387791087,0.637920739075248,23
1,8,0.909719728717983,0.826929202380538,23
4,8,0.831379016019464,0.524114856065933,23
2,8,0.822674822909776,0.825218694037188,23
3,8,0.791110938593025,0.570201806943573,23
5,8,0.809565587686192,0.786235432169377,23
1,9,0.912407664536638,0.639258361806738,23
4,9,0.841288030696832,0.616949943105491,23
2,9,0.814277966333987,0.772564823395916,23
3,9,0.80088862137072,0.391537396857024,23
5,9,0.817967147668342,0.538095844180832,23
1,10,0.906005048862295,0.887870222540509,23
4,10,0.8596799290439,0.64942833191015,23
2,10,0.796042316194695,0.527478945502225,23
3,10,0.788948340077196,0.539951770858686,23
5,10,0.798088815832396,0.591708608397818,23
1,11,0.90488351125573,0.908789807256091,23
4,11,0.864848066082304,0.45519218194867,23
2,11,0.793741546428801,0.665735689953898,23
3,11,0.795079003795419,0.573853356778218,23
5,11,0.811110657740768,0.690200500312745,23
1,12,0.902078047857618,0.963213382683099,23
4,12,0.862518116077532,0.811664476638526,23
2,12,0.779443960509192,0.771458462059256,23
3,12,0.795937153766813,0.864622547282487,23
5,12,0.799408462807034,0.602386799872468,23
1,13,0.907935535238329,0.820431563222124,23
4,13,0.862216096181499,0.599911463328942,23
2,13,0.79929737758249,0.816188692774421,23
3,13,0.796313173098045,0.41261597600564,23
5,13,0.821481811430927,-0.240710936654718,23
1,14,0.905242465004703,0.885175270272772,23
4,14,0.863981505846309,0.331240678060558,23
2,14,0.787374824539039,0.479043600297337,23
3,14,0.788097114341383,0.666323205526863,23
5,14,0.817088635645428,0.5934745939748,23
1,15,0.910847600046718,0.724053067162715,23
4,15,0.843230596552188,0.153045641283561,23
2,15,0.824020290416618,0.619007517777702,23
3,15,0.813646800145956,0.277952008001237,23
5,15,0.817616645143737,0.308264686598446,23
1,1,0.938948111547726,0.752823135713905,24
4,1,0.889075124735002,0.722480057090068,24
2,1,0.860045164167657,0.548035242756352,24
3,1,0.848289476593534,0.819673993315494,24
5,1,0.82826857634266,0.317650473448182,24
1,2,0.934081683170298,0.945683870078845,24
4,2,0.904216299061066,0.653003730618706,24
2,2,0.845741748335763,0.434724357855579,24
3,2,0.858183196370878,0.77200958990151,24
5,2,0.832342795798135,0.78726117860933,24
1,3,0.937809230910514,0.769091974077907,24
4,3,0.870838360809688,0.6379572261054,24
2,3,0.873086062127775,0.789069285460937,24
3,3,0.854930440266923,0.724002772838656,24
5,3,0.839867762052472,0.386881086514653,24
1,4,0.935562178796548,0.893599141166357,24
4,4,0.888847823067326,0.571379149877313,24
2,4,0.855049824336168,0.741177687137379,24
3,4,0.862543281513944,0.387326372539478,24
5,4,0.828702317120719,0.480979628457875,24
1,5,0.939919086385636,0.805992119615767,24
4,5,0.893109992785184,0.124467642828343,24
2,5,0.858582051854967,0.531501068846905,24
3,5,0.875283949957932,0.798222717393576,24
5,5,0.826778554272901,0.721083520101705,24
1,6,0.932881506770918,0.929348938498394,24
4,6,0.885579137995433,0.702956108601091,24
2,6,0.854573576472513,0.758982516639895,24
3,6,0.854051780665186,0.810321133720629,24
5,6,0.831726540714157,0.539246077863103,24
1,7,0.934450708089445,0.904568917601021,24
4,7,0.851965181874414,0.317077325101382,24
2,7,0.892652387452946,0.794624916754322,24
3,7,0.862849953623916,0.35345680265354,24
5,7,0.834439027811021,-0.0370099287006588,24
1,8,0.933395409652235,0.928646062695989,24
4,8,0.893090773379574,0.381033659467752,24
2,8,0.857589173189942,0.492914001908423,24
3,8,0.851667103181975,0.640031485786674,24
5,8,0.822150619885707,-0.104643315986525,24
1,9,0.935261009697666,0.886546947895133,24
4,9,0.883926144462128,0.242543637939729,24
2,9,0.865689169460453,0.574036293768514,24
3,9,0.856455439767161,0.538919537202965,24
5,9,0.817720063318165,0.468047567094168,24
1,10,0.933606421769668,0.858587394123231,24
4,10,0.88987400723586,0.778096605599775,24
2,10,0.852122278765202,0.528466311274232,24
3,10,0.861217905184222,0.319371982385156,24
5,10,0.827784851922925,0.757198022965998,24
1,11,0.934269093923855,0.90548527155612,24
4,11,0.897442920920773,0.694707106059011,24
2,11,0.851691288941624,0.534040562537703,24
3,11,0.85306445629591,0.0665252044637419,24
5,11,0.827349856315823,0.342206474067935,24
1,12,0.933534997449735,0.949381754363969,24
4,12,0.901124915663422,0.540635119208113,24
2,12,0.853250031209869,0.789285990735124,24
3,12,0.845253674607386,0.462167977392048,24
5,12,0.82975925050972,0.423768010239439,24
1,13,0.937562907104153,0.797674878144057,24
4,13,0.899941739469265,0.472236307935009,24
2,13,0.846966855549276,0.618442733631968,24
3,13,0.856904724210269,0.547296231564242,24
5,13,0.828125286525987,0.374503378029334,24
1,14,0.936118934253853,0.841688920718896,24
4,14,0.895079455207137,0.649507756303419,24
2,14,0.845640126788712,0.896066947996296,24
3,14,0.853088612786542,0.615696885916349,24
5,14,0.827131575850738,0.240633630886028,24
1,15,0.937182462129481,0.855718807081949,24
4,15,0.889986683296732,0.285489445910795,24
2,15,0.852551452741521,0.527291844443733,24
3,15,0.861006893799215,0.723296886730045,24
5,15,0.815244290122291,0.430399761897498,24
1,1,0.913739645156339,0.774143507874879,25
4,1,0.870237418383274,0.40264077616375,25
2,1,0.788311863943427,0.590317298995778,25
3,1,0.774111942272259,0.464570059054646,25
5,1,0.822599277392012,0.470639216355995,25
1,2,0.913688117558662,0.786128438200422,25
4,2,0.816406707673895,0.532749438098962,25
2,2,0.829474940066645,0.63926916450839,25
3,2,0.781545264555516,0.434455940874133,25
5,2,0.817267775916341,0.476530979179166,25
1,3,0.906520401853197,0.931682225879891,25
4,3,0.795066740239484,0.767870305965595,25
2,3,0.844845702647923,0.679994792975273,25
3,3,0.765458205469162,0.697396172577333,25
5,3,0.811295170574999,0.222480868261925,25
1,4,0.920760425534313,0.622965126327246,25
4,4,0.800850926734119,0.305953267747102,25
2,4,0.852798994363865,0.72685557615823,25
3,4,0.779076118883095,0.498686457014081,25
5,4,0.797426694245248,0.599748344241747,25
1,5,0.908226437658624,0.941077259574349,25
4,5,0.800359888491984,0.840831845291647,25
2,5,0.83274856809452,0.717576877845956,25
3,5,0.766325626337373,0.771830608719484,25
5,5,0.791518936388427,0.801655046256555,25
1,6,0.910026083324934,0.83205370924397,25
4,6,0.801788582854392,0.0795692067117901,25
2,6,0.846967238902243,0.85153796090261,25
3,6,0.768266021575415,0.675588691287113,25
5,6,0.818749130333092,0.0403801419571257,25
1,7,0.914205126356332,0.781566291951031,25
4,7,0.797736519694256,0.529470508802049,25
2,7,0.857484519228791,0.663214235683655,25
3,7,0.775044345603393,0.544782785624772,25
5,7,0.785378161899108,0.722830310161994,25
1,8,0.908700998379368,0.857233202597823,25
4,8,0.810707057274986,0.656243534101909,25
2,8,0.83164642314351,0.861674830718176,25
3,8,0.76567105225373,0.643927437478773,25
5,8,0.804219005786664,0.389021396175436,25
1,9,0.910843636061888,0.858636451817667,25
4,9,0.794054747763027,0.364438755310252,25
2,9,0.853096793300192,0.68483841573104,25
3,9,0.786617868556375,0.503595725008707,25
5,9,0.807224228582809,0.41514396508291,25
1,10,0.909033931398944,0.88733067168883,25
4,10,0.78163816653423,0.744251134454901,25
2,10,0.843504019595032,0.65293421107282,25
3,10,0.77613497596097,0.567768310647727,25
5,10,0.815868438321383,0.692785419760582,25
1,11,0.908309678654769,0.920951726031723,25
4,11,0.794139250341535,0.606523598807436,25
2,11,0.848069642473941,0.764332970546928,25
3,11,0.77835941472033,0.665510466224478,25
5,11,0.803445188241264,0.687281922271912,25
1,12,0.908271755715985,0.907050849638551,25
4,12,0.794681772710388,0.33552601450106,25
2,12,0.848508338528008,0.600509163600115,25
3,12,0.778804378591922,0.378015028924018,25
5,12,0.806781209911867,0.155343712521993,25
1,13,0.904418766431749,0.955245884432836,25
4,13,0.781722557491646,0.104636221876916,25
2,13,0.863783635091218,0.661673247695372,25
3,13,0.771109445107845,0.663730539830985,25
5,13,0.810013513089176,0.264164517601337,25
1,14,0.909625416887612,0.902155313037695,25
4,14,0.810914753701529,0.61669573510188,25
2,14,0.830031087762398,0.786600173875837,25
3,14,0.771711221552945,0.105049909016902,25
5,14,0.787058581235696,0.548848172126125,25
1,15,0.904911555109251,0.951690912932069,25
4,15,0.806265585248889,0.769312643069725,25
2,15,0.8126211555261,0.720249992088298,25
3,15,0.775938403178988,0.536650264764759,25
5,15,0.8111510065567,-0.179370205803721,25
1,1,0.932570601311721,0.769561269431972,26
2,1,0.907938920737498,0.566239053906096,26
4,1,0.845957318355617,0.546982097436434,26
3,1,0.825652010168099,0.608372168077876,26
5,1,0.856424724649442,0.462810734675794,26
1,2,0.927986917760149,0.90020092375541,26
2,2,0.905920323309125,0.611972520653735,26
4,2,0.832493556352568,0.687389805918798,26
3,2,0.8240162444405,0.693550529210339,26
5,2,0.838746475965572,0.6871942089587,26
1,3,0.927790055800211,0.90279285024383,26
2,3,0.908006475789102,0.441386119081201,26
4,3,0.851341626454072,0.442424715024134,26
3,3,0.809975804240281,0.444024928040573,26
5,3,0.860491457350694,0.714555340842377,26
1,4,0.927805711595306,0.913427525339144,26
2,4,0.896636213239607,0.53165796223293,26
4,4,0.851254594614505,0.376247957339036,26
3,4,0.840371948399293,0.569792711483598,26
5,4,0.841066699386109,0.191053898267073,26
1,5,0.934437566294151,0.670943728917176,26
2,5,0.900830555216038,0.931267500735731,26
4,5,0.847886775143689,0.377815621683362,26
3,5,0.838897529875225,0.239511519194025,26
5,5,0.856552549892163,0.521376371015131,26
1,6,0.925701372492003,0.946153847921789,26
2,6,0.911356035577769,0.545983357589619,26
4,6,0.841536171483413,0.52644466950171,26
3,6,0.827642738269315,0.634167572562507,26
5,6,0.831700851281934,0.272068605245916,26
1,7,0.930658863375801,0.87717954915047,26
2,7,0.904813717059957,0.728393495991731,26
4,7,0.846310924631226,0.219298961754891,26
3,7,0.825918488979269,0.318522173178787,26
5,7,0.86263768914135,0.296259090488912,26
1,8,0.92690309618751,0.919881194007839,26
2,8,0.900108473033591,0.823606306211174,26
4,8,0.838984293793031,0.466362720529683,26
3,8,0.810903740993537,0.857429837755471,26
5,8,0.85262165761921,0.494257671597134,26
1,9,0.934957734652661,0.685405114803489,26
2,9,0.900030491125189,0.825371497412405,26
4,9,0.836283397912254,0.73000085913837,26
3,9,0.820787014565356,0.586984776719293,26
5,9,0.855038704099914,0.732734135257858,26
1,10,0.929155307499534,0.846425459656513,26
2,10,0.889790913358476,0.570218875300467,26
4,10,0.857342169810796,0.587918259423746,26
3,10,0.820580917133467,0.60828360107355,26
5,10,0.845877678953288,0.611737423545262,26
1,11,0.926662833081472,0.930474767687359,26
2,11,0.905762349415149,0.858378264255682,26
4,11,0.849372328609795,0.721564442111498,26
3,11,0.829934578734011,0.499690882659372,26
5,11,0.844443627807592,0.541757891896129,26
1,12,0.927008949791778,0.925369662929909,26
2,12,0.909157075135259,0.582923634293007,26
4,12,0.842133167724039,0.413853062871077,26
3,12,0.821939366904121,0.668761228590714,26
5,12,0.847546657417683,0.46330154896695,26
1,13,0.931180040774806,0.796420691998475,26
2,13,0.898674170685788,0.503264977610975,26
4,13,0.849731590076329,0.522043289267357,26
3,13,0.837621883126284,0.284646776292228,26
5,13,0.855280555059235,0.45707261238418,26
1,14,0.929075667734102,0.897565783194547,26
2,14,0.904439300009873,0.750435820835382,26
4,14,0.832731137603008,0.869156338588831,26
3,14,0.823914898166628,0.717372475351244,26
5,14,0.843818403447196,0.521533880606594,26
1,15,0.926495134694331,0.906438667749234,26
2,15,0.907679247196297,0.673546765609445,26
4,15,0.84387784969165,0.762907802942818,26
3,15,0.82443021406388,0.604621918491231,26
5,15,0.8425898556682,0.513578369898244,26
1,1,0.892074770739353,0.750185617596088,27
5,1,0.721765362362755,0.727650355466939,27
2,1,0.816528216056143,0.811562001652706,27
3,1,0.763421970497546,0.802586011640111,27
4,1,0.746346381336747,0.541437198315317,27
1,2,0.886694367180165,0.875445155353633,27
5,2,0.728001481476888,0.68793528598272,27
2,2,0.805395869801496,0.674507930629383,27
3,2,0.750946224163977,0.652325489952254,27
4,2,0.793308488748258,0.640610628965046,27
1,3,0.883394145708441,0.928761054109671,27
5,3,0.704480144853953,0.691358111653712,27
2,3,0.840179779547031,0.509780479078829,27
3,3,0.781090448754864,0.473313930098182,27
4,3,0.7469540842404,0.368761861263773,27
1,4,0.885934797573095,0.90108891624095,27
5,4,0.71973368043487,0.542994613816569,27
2,4,0.829929991936945,0.864087698156148,27
3,4,0.782347142590182,0.318687181161009,27
4,4,0.773930297337366,0.32096358757445,27
1,5,0.891253180784323,0.80124339341937,27
5,5,0.719738250442707,0.16786404998713,27
2,5,0.829492332169787,0.833385073943744,27
3,5,0.767948588745816,0.329922786166307,27
4,5,0.778196006536,0.650393177847267,27
1,6,0.885705135424639,0.884614713815105,27
5,6,0.728350817527217,0.0646044200501827,27
2,6,0.814235253674303,0.609206156574722,27
3,6,0.775323126137237,0.363293203763776,27
4,6,0.750645194526482,0.112283033749658,27
1,7,0.894352586184818,0.769697596681539,27
5,7,0.726233350446162,0.317154013409577,27
2,7,0.837020705595423,0.768097652482313,27
3,7,0.769986494897878,0.671542431340453,27
4,7,0.756521046607154,0.454169015697845,27
1,8,0.889499991434078,0.835503957333891,27
5,8,0.723876138249373,0.550553182672931,27
2,8,0.821996592400478,0.545169269429099,27
3,8,0.768321077783594,0.561719889969658,27
4,8,0.762625392993229,0.591223361531834,27
1,9,0.890758382550431,0.811211607333972,27
5,9,0.706182030055827,0.472803446134749,27
2,9,0.827620829023766,0.468709538480982,27
3,9,0.777087015357026,0.283914789898263,27
4,9,0.755855917718843,0.163179642013797,27
1,10,0.888740758343,0.893051181631664,27
5,10,0.722814683164738,0.162868747163087,27
2,10,0.82574052715547,0.720752168231892,27
3,10,0.775504089089964,0.437033811040341,27
4,10,0.752447250675768,0.350784778167893,27
1,11,0.884721141141063,0.909026766656109,27
5,11,0.714115137357201,0.0241584394843061,27
2,11,0.83119471947311,0.453757317765583,27
3,11,0.786696574571309,0.342488023880647,27
4,11,0.751465844049258,0.724408602831621,27
1,12,0.884230412044778,0.953159397974312,27
5,12,0.728790615115737,0.623777350717676,27
2,12,0.816712129962163,0.919716219577038,27
3,12,0.761757728892471,0.762535536487767,27
4,12,0.771996017978449,0.649315845697087,27
1,13,0.897951568516318,0.745571226989629,27
5,13,0.725812074051045,-0.0678558910795956,27
2,13,0.826351422710876,0.845137979548418,27
3,13,0.769683135603498,0.389469217370257,27
4,13,0.762295791040807,0.185393654387433,27
1,14,0.890904826067008,0.775191800592089,27
5,14,0.709069535913269,0.766837800435184,27
2,14,0.831264500566783,0.652205221590776,27
3,14,0.772938028174814,0.719757973975331,27
4,14,0.748646928569401,0.7471293441717,27
1,15,0.883557197548871,0.952043093300437,27
5,15,0.71567214654032,0.367848132096229,27
2,15,0.824605867565657,0.297770255193627,27
3,15,0.778398911164814,0.755139178002383,27
4,15,0.755657882209187,0.405198142554515,27
1,1,0.914542704107332,0.854591689050181,28
2,1,0.819252045413633,0.645757467773127,28
3,1,0.812804880826981,0.531006819700363,28
5,1,0.817045851639986,0.458079326699841,28
4,1,0.802666565050342,0.319933404078881,28
1,2,0.916380893392221,0.79359499961005,28
2,2,0.840378772897484,0.751861354465681,28
3,2,0.759804089712279,0.377084576345221,28
5,2,0.804526856732274,0.591298651622615,28
4,2,0.806126036730898,0.474759815606735,28
1,3,0.915198754162674,0.859310755737847,28
2,3,0.845884341064319,0.834150651102483,28
3,3,0.751599336982224,0.625751897159917,28
5,3,0.804769452897509,0.699716022806253,28
4,3,0.813777195763489,0.41084915325306,28
1,4,0.911604207210569,0.891245568292309,28
2,4,0.847302237394406,0.704956532601588,28
3,4,0.770429760201368,0.407329866526311,28
5,4,0.801386123002776,0.601048878026525,28
4,4,0.800254647975385,0.585728345225771,28
1,5,0.912762126194531,0.882588201688874,28
2,5,0.829636564162,0.697687970792183,28
3,5,0.777662124806759,0.733173920205114,28
5,5,0.810063805703847,0.507858792004768,28
4,5,0.813538599043081,-0.0545346612079088,28
1,6,0.913151938867036,0.893634185333797,28
2,6,0.849583549342189,0.682019088031153,28
3,6,0.767411485102798,0.617188262502902,28
5,6,0.793794706595312,0.623905239195931,28
4,6,0.810709987346476,0.531908382088349,28
1,7,0.910326972860013,0.958370498645198,28
2,7,0.846067108150672,0.688778871664584,28
3,7,0.76837391037378,0.744018152575584,28
5,7,0.810528401896149,0.389851664562226,28
4,7,0.807972255472349,0.470969967689566,28
1,8,0.91215862349921,0.92112563289894,28
2,8,0.838391437640747,0.569015316838877,28
3,8,0.772187517428994,0.765700724618319,28
5,8,0.806133695304715,0.169345571547828,28
4,8,0.810018516726065,0.826636573628098,28
1,9,0.911013060861918,0.904077111092381,28
2,9,0.837970432880525,0.0690276889369694,28
3,9,0.781782531342842,0.737787929421402,28
5,9,0.802795562677508,0.641013944102531,28
4,9,0.812940188920357,0.651133280317529,28
1,10,0.912086238599768,0.88708302487643,28
2,10,0.846728792015997,0.767191157588828,28
3,10,0.77974144321924,0.440475117706684,28
5,10,0.80156938650192,0.471575167795768,28
4,10,0.799547597511594,0.524965013553804,28
1,11,0.909605821188636,0.961599887631556,28
2,11,0.848424803086297,0.401168766416102,28
3,11,0.769443613713954,0.595300468752858,28
5,11,0.808629201819354,0.520929303043949,28
4,11,0.812130473276587,0.712956864707883,28
1,12,0.922107801997435,0.551433263955742,28
2,12,0.849737534698703,0.602524069173396,28
3,12,0.774780742246848,0.578842841597058,28
5,12,0.796349033300016,0.544203621024046,28
4,12,0.807052702969272,0.705859148302371,28
1,13,0.912825027711369,0.901621946542912,28
2,13,0.835051390638622,0.483625253187547,28
3,13,0.77326293760664,0.682096480865902,28
5,13,0.789214981218619,0.603646964264973,28
4,13,0.811596383945782,0.651892861881179,28
1,14,0.914243819510857,0.885541271139155,28
2,14,0.827117497435903,0.462330623424176,28
3,14,0.793144063702143,0.43756858212139,28
5,14,0.809298397303971,0.211034179059166,28
4,14,0.815963197535745,0.391794186058053,28
1,15,0.914144642431073,0.867444229668277,28
2,15,0.797054547459192,0.834351128050513,28
3,15,0.805454764365463,0.596530751742273,28
5,15,0.801892689844287,0.683991896032011,28
4,15,0.810862789803967,0.614069816797396,28
1,1,0.912878368331928,0.629921036292887,29
5,1,0.854866389134575,0.797080276053342,29
2,1,0.764372096839589,0.82795225407316,29
3,1,0.807765828056509,0.640790471774937,29
4,1,0.827434594356824,0.503226175049277,29
1,2,0.909051704571253,0.872893292942963,29
5,2,0.824577071462584,0.254272894509309,29
2,2,0.810030156520855,0.79558400971951,29
3,2,0.812095522602472,0.456032847551567,29
4,2,0.828962410610427,0.560914098371363,29
1,3,0.905640989362822,0.914726070207462,29
5,3,0.872162813771006,0.177167094699696,29
2,3,0.756572254780308,0.701345729100189,29
3,3,0.810134061333132,0.498739708663217,29
4,3,0.830470383643452,0.281610923773464,29
1,4,0.910316130463429,0.856392483789034,29
5,4,0.854964938187034,0.666279387730964,29
2,4,0.783281494771087,0.620972786566744,29
3,4,0.81598860826088,0.485934981696434,29
4,4,0.827806855914368,0.425260922804403,29
1,5,0.907377856337396,0.859022097107,29
5,5,0.874190789988785,0.658261488627189,29
2,5,0.759614666305968,0.577560817721495,29
3,5,0.813308770978594,0.669863013622991,29
4,5,0.831485382160007,0.816537311420751,29
1,6,0.910328647615597,0.780582778369723,29
5,6,0.815793998563046,-0.032370693103162,29
2,6,0.833948579522562,0.778456261387911,29
3,6,0.816042891254837,0.398041551156846,29
4,6,0.820482184047428,0.474896036162399,29
1,7,0.90915888960586,0.793904045683423,29
5,7,0.871352764516325,0.73796719034416,29
2,7,0.75398122979165,0.700047814530164,29
3,7,0.810472654239317,0.326222952188224,29
4,7,0.822081102338813,0.560582395343886,29
1,8,0.916182673919971,0.653616872302424,29
5,8,0.859113469049361,0.553674093956076,29
2,8,0.767859594633395,0.444415474070043,29
3,8,0.819197761188287,0.426935489601112,29
4,8,0.833211441240702,0.469469138774234,29
1,9,0.910329541102914,0.757429945357743,29
5,9,0.882197594113564,0.757093600501295,29
2,9,0.751807370233925,0.759510131863297,29
3,9,0.811502012655207,0.808659504564098,29
4,9,0.834516608409402,0.71760157413507,29
1,10,0.904200796322179,0.950789410332642,29
5,10,0.877273721392343,0.610401750714371,29
2,10,0.753955813407077,0.580223694027736,29
3,10,0.808247189568564,0.765946539060416,29
4,10,0.830514898227895,0.38743744983522,29
1,11,0.911633029558206,0.760665354501107,29
5,11,0.837202705107118,0.567970387495953,29
2,11,0.780473933038254,0.775702573535371,29
3,11,0.814590852447675,0.785940676471764,29
4,11,0.82938522055933,0.739236183503043,29
1,12,0.908461890405368,0.908580939307723,29
5,12,0.832337975930617,0.264676477564999,29
2,12,0.802923415422742,0.495973019856428,29
3,12,0.817440612538727,0.254077078875884,29
4,12,0.831957433723641,0.204318181907988,29
1,13,0.907242553119789,0.910819840015414,29
5,13,0.87018237017465,0.176295006254303,29
2,13,0.769119665924503,0.649652646729539,29
3,13,0.806326151570139,0.640843085325387,29
4,13,0.834556589625114,0.259319323143369,29
1,14,0.904134290013249,0.919484433801849,29
5,14,0.885130232134491,0.510788839860696,29
2,14,0.748465765966371,0.673208073807092,29
3,14,0.812366175019631,0.398353090812422,29
4,14,0.836798597640827,0.549559315652355,29
1,15,0.906309076548785,0.885340262858412,29
5,15,0.852551914163694,0.469730191969158,29
2,15,0.773357201532759,0.87295652479406,29
3,15,0.807571176952054,0.8111158593754,29
4,15,0.826404804726526,0.598723720708511,29
1,1,0.898305452175238,0.957745600329134,30
4,1,0.72969645626477,0.795235533476766,30
2,1,0.83690555014772,0.762018288599528,30
3,1,0.794259440985861,0.649713358942852,30
5,1,0.791943880091391,0.561583316289825,30
1,2,0.897974039246449,0.934422871184609,30
4,2,0.745465964859572,0.594091986260865,30
2,2,0.819738728353722,0.685099851239281,30
3,2,0.784748536614686,0.484111289647152,30
5,2,0.780637154079706,0.510324845956844,30
1,3,0.902731353618326,0.85524205985003,30
4,3,0.74077310411398,0.595730962596291,30
2,3,0.84589215370521,0.464585216696648,30
3,3,0.783533930758447,0.648381241359939,30
5,3,0.793609322628904,0.370889286945447,30
1,4,0.899271434215215,0.859497425692636,30
4,4,0.740819631856151,0.696848652348558,30
2,4,0.833828417650583,0.783708455470601,30
3,4,0.770425063777617,0.493335527799631,30
5,4,0.787446747486571,0.776729949759218,30
1,5,0.908063143853458,0.663261005582786,30
4,5,0.74709754663938,0.569829912856492,30
2,5,0.83528564691532,0.510466639438558,30
3,5,0.778058047897675,0.799735180489584,30
5,5,0.799018591064867,0.385687513749097,30
1,6,0.9076686734914,0.731375989487085,30
4,6,0.734812830788038,0.585205103128344,30
2,6,0.826244383622587,0.895316539696118,30
3,6,0.779407782594721,0.505644171465325,30
5,6,0.792545309740289,0.534843179535584,30
1,7,0.897474232052666,0.962766780082623,30
4,7,0.769713106936538,0.131156808749735,30
2,7,0.801356078765944,0.743431854332182,30
3,7,0.786223277904085,0.659240795420024,30
5,7,0.795005258113894,0.60891753839737,30
1,8,0.900307283965308,0.852285226579288,30
4,8,0.744542060828324,0.470810885794403,30
2,8,0.828711469269592,0.686299619770453,30
3,8,0.783735367135499,0.628035643966216,30
5,8,0.777348687230725,0.240246466570485,30
1,9,0.891888504389712,0.969537919180955,30
4,9,0.731746425636941,0.619694222486548,30
2,9,0.827988905041612,0.223985438126399,30
3,9,0.777519753182591,0.579108515900545,30
5,9,0.806360672451414,0.490052971588663,30
1,10,0.904254337016815,0.719471512369064,30
4,10,0.746086181589308,0.201924756117053,30
2,10,0.80354314058315,0.898632026331374,30
3,10,0.788533291833011,0.434130059541693,30
5,10,0.782649939687839,0.36745204174706,30
1,11,0.901289273111541,0.906388049792888,30
4,11,0.740011331673566,0.41378191599396,30
2,11,0.842928836116749,0.340275032106886,30
3,11,0.786634397973331,0.509901445084608,30
5,11,0.788277770700635,0.725947181696377,30
1,12,0.899234323148646,0.887700822359507,30
4,12,0.736527191413936,0.268448015390912,30
2,12,0.834477842159112,0.827614787405288,30
3,12,0.774881854660234,0.582616512307844,30
5,12,0.793113491908348,0.300812359747988,30
1,13,0.897229362908923,0.930736444217798,30
4,13,0.75363508299363,0.186798189536956,30
2,13,0.826192016861151,0.628979646398745,30
3,13,0.786994274940161,0.541173015719074,30
5,13,0.789634555621654,0.292565903049004,30
1,14,0.905818520620656,0.5666778086527,30
4,14,0.746200654419457,0.450820701024884,30
2,14,0.82867953329835,0.683152899997053,30
3,14,0.789627310557513,0.622016829314287,30
5,14,0.803019275599424,0.0803719699249517,30
1,15,0.901471894454213,0.870598803484466,30
4,15,0.733897888254222,0.629281828320065,30
2,15,0.826113970942641,0.813716414455629,30
3,15,0.784898303471204,0.761873921428988,30
5,15,0.777682086437442,0.716428294417346,30
1,1,0.928521951560381,0.961003758605212,31
3,1,0.901082833298334,0.598252179186458,31
2,1,0.858135716939121,0.505429706169363,31
4,1,0.863576565304454,0.509280511497041,31
5,1,0.852160431882453,0.589705004882836,31
1,2,0.926856861185455,0.917390615225223,31
3,2,0.911427223759055,0.495798507731967,31
2,2,0.841815790561765,0.566416593421235,31
4,2,0.854330006413933,0.850984678317572,31
5,2,0.853978520421689,0.255952950664693,31
1,3,0.925418646811456,0.951360141576008,31
3,3,0.90318072314141,0.732977741152977,31
2,3,0.84783910366131,0.806866646937068,31
4,3,0.855777450381236,0.728897408895975,31
5,3,0.842285105964554,0.690608685715171,31
1,4,0.935965083592773,0.650633308865299,31
3,4,0.870070323748313,0.0903762042472215,31
2,4,0.905024275713764,0.553255335512874,31
4,4,0.873460187251562,0.106622312804163,31
5,4,0.874137428531878,0.230452661702995,31
1,5,0.929961560670031,0.766213502917648,31
3,5,0.906290016090973,0.767885470351775,31
2,5,0.84805864836138,0.43656576843134,31
4,5,0.85133319377567,0.745228074295709,31
5,5,0.852708287135081,-0.0132313439772083,31
1,6,0.927921829786588,0.857837087652402,31
3,6,0.915464365985815,0.64259715867502,31
2,6,0.846200134756371,0.586211457259034,31
4,6,0.851170505075904,0.605722479149805,31
5,6,0.850839033122187,0.655896144877484,31
1,7,0.927185293700724,0.921043308200658,31
3,7,0.918109403797771,0.833193556327236,31
2,7,0.838572591987278,0.709655865620556,31
4,7,0.853140191488586,0.74114842176917,31
5,7,0.846834158791309,0.401365340188494,31
1,8,0.929461206069574,0.839261152221594,31
3,8,0.915691626694356,0.838240820549766,31
2,8,0.846306201380647,0.570054579732183,31
4,8,0.858179069631717,0.316924185065966,31
5,8,0.838740361636669,0.691566576718866,31
1,9,0.927422385763083,0.870873707273218,31
3,9,0.915483738259278,0.658416498400489,31
2,9,0.841185619333647,0.745727124208658,31
4,9,0.857763190938281,0.720286065897948,31
5,9,0.851354367461876,0.184201539075696,31
1,10,0.92725353106843,0.911383018128802,31
3,10,0.901227827788518,0.529750168117776,31
2,10,0.852533966828082,0.865996237417065,31
4,10,0.859205232408714,0.780083837995453,31
5,10,0.836380106796539,0.477332344971281,31
1,11,0.926092647627205,0.931392446497558,31
3,11,0.91636029250574,0.405305357267681,31
2,11,0.849319430567067,0.814445375738437,31
4,11,0.855262151584963,0.306967631307896,31
5,11,0.84277900229439,0.659602985162078,31
1,12,0.926319724953744,0.916575538584926,31
3,12,0.918226359146383,0.822864089961567,31
2,12,0.844006662088109,0.782831825277569,31
4,12,0.860915042735701,0.719519801632551,31
5,12,0.836805878589087,0.562077320443266,31
1,13,0.927962600441579,0.883072590607977,31
3,13,0.903518665078783,0.84870703887715,31
2,13,0.849008165273701,0.730054558775033,31
4,13,0.854525358959366,0.644105622795678,31
5,13,0.853930166755521,0.0770459690043902,31
1,14,0.934439866757854,0.62866383497967,31
3,14,0.892831050415417,0.53722138648388,31
2,14,0.862545316599266,0.882777617905003,31
4,14,0.853590280942319,0.323851044508343,31
5,14,0.857767626873343,0.579160397636789,31
1,15,0.928037616847617,0.828629093446662,31
3,15,0.905908492999469,0.323507460812819,31
2,15,0.859392043009228,0.704431037774988,31
4,15,0.856812959063144,0.709246115248864,31
5,15,0.842892234369588,0.518451443531351,31
1,1,0.933730931735197,0.773024547992969,32
2,1,0.910974710392875,0.67277939588333,32
3,1,0.852676587740348,0.78975732338722,32
4,1,0.863516639574224,0.362504453276909,32
5,1,0.8488710823982,0.611812237242685,32
1,2,0.928305022683896,0.920516111207744,32
2,2,0.899974389774552,0.272267271928455,32
3,2,0.854407715973844,0.768101994107378,32
4,2,0.851744796481457,0.529628323642994,32
5,2,0.857458632460617,0.643740905006444,32
1,3,0.942195325947371,0.624608954301564,32
2,3,0.905967911505383,0.660116736845297,32
3,3,0.858799917657921,0.37353595281532,32
4,3,0.862171712462356,0.796848662677367,32
5,3,0.843867571395166,0.373845481417046,32
1,4,0.935556070067281,0.805723799841013,32
2,4,0.908724874299815,0.701795023263387,32
3,4,0.854463975517401,0.51161472873378,32
4,4,0.886448592425338,0.305807298363111,32
5,4,0.857379024183277,0.585925001938524,32
1,5,0.931428938837497,0.876421480479386,32
2,5,0.904382075585878,0.605561687923871,32
3,5,0.866989030209415,0.279685654361243,32
4,5,0.85963903039805,0.221478257477127,32
5,5,0.854011577963129,-0.0247481508747569,32
1,6,0.929042780540181,0.911457931871594,32
2,6,0.90470218916196,0.756143534144326,32
3,6,0.863037255728448,0.735075162947696,32
4,6,0.846597683195218,0.678305346199377,32
5,6,0.861979238261052,0.375139454443351,32
1,7,0.928956030351362,0.946943111234479,32
2,7,0.904629205462335,0.465895040008059,32
3,7,0.860627686587015,0.811378765128338,32
4,7,0.867043054184544,0.61310766134546,32
5,7,0.841776933610336,0.686413508615723,32
1,8,0.92934920321574,0.917183057252027,32
2,8,0.896875451577393,0.708130943951649,32
3,8,0.881293371783269,0.72285902837216,32
4,8,0.865151638337529,0.707532025273654,32
5,8,0.82842265394728,0.679509418413966,32
1,9,0.930467040108078,0.89786740924401,32
2,9,0.906437571690099,0.764282406939609,32
3,9,0.8647232438112,0.499553489159671,32
4,9,0.856721911755041,0.811687927810545,32
5,9,0.837690837074704,0.447457045586456,32
1,10,0.929420762783974,0.935404739192142,32
2,10,0.911006795870357,0.545646273267186,32
3,10,0.862821659895845,0.610432262882658,32
4,10,0.864539586423489,0.609884837323184,32
5,10,0.851619752362177,0.655901232633071,32
1,11,0.930252301215601,0.913315746188394,32
2,11,0.899033711058562,0.868114114078229,32
3,11,0.861194286714884,0.609943563222647,32
4,11,0.862292710978075,0.322622623602144,32
5,11,0.864492177451204,0.0631549665944819,32
1,12,0.930287774482337,0.901583757095454,32
2,12,0.901625014129496,0.715965374582265,32
3,12,0.867066321515968,0.466981936209797,32
4,12,0.840572584040392,0.750187458064178,32
5,12,0.837384781968102,0.845836902074521,32
1,13,0.933619137856656,0.793701887422546,32
2,13,0.902471534238317,0.763794865038449,32
3,13,0.866686215157219,0.669347060645948,32
4,13,0.854520981041401,0.841252776394863,32
5,13,0.848330275833841,0.390732464383165,32
1,14,0.932271206101687,0.889314340052575,32
2,14,0.906675770320071,0.723667231119306,32
3,14,0.862549763801854,0.570161065016853,32
4,14,0.848510646290309,0.685907123489338,32
5,14,0.852310299030143,0.437687600876841,32
1,15,0.931247546214102,0.84475475218189,32
2,15,0.910140223070476,0.441545685547708,32
3,15,0.862179295720014,0.713801443301619,32
4,15,0.867662812253903,0.580441207033085,32
5,15,0.840313363320566,0.283336157439525,32
1,1,0.965032617559663,0.83792454913119,33
3,1,0.95268852219073,0.634907752043823,33
4,1,0.91154146912644,0.794352223681799,33
5,1,0.913302745138084,0.510722206809167,33
2,1,0.91569343953384,0.560106746001161,33
1,2,0.961172608511412,0.907818237778499,33
3,2,0.951239793712099,0.198811789742482,33
4,2,0.917485088811538,0.54428856068875,33
5,2,0.935892242648019,0.429972783787074,33
2,2,0.902931803133677,0.748212759517433,33
1,3,0.968445368144473,0.585005861405732,33
3,3,0.953482837387068,0.834815171537973,33
4,3,0.915423220496437,0.247095487474005,33
5,3,0.915676835906281,0.508240758824851,33
2,3,0.924853922063935,0.569093113200943,33
1,4,0.961171984274493,0.938005965957542,33
3,4,0.954225653499682,0.647824408473333,33
4,4,0.916824354889581,0.732891886157134,33
5,4,0.927153014667222,0.643979938114984,33
2,4,0.897798739684554,0.842448733533632,33
1,5,0.962610809388602,0.898697968599329,33
3,5,0.950365561478344,0.799627596534944,33
4,5,0.913384974717724,0.700713885644685,33
5,5,0.914179759514928,-0.0581805348480288,33
2,5,0.921604032349783,0.844441424576996,33
1,6,0.961981107706929,0.906577526020673,33
3,6,0.951788604238598,0.70922715090919,33
4,6,0.926140252025863,0.514861513996766,33
5,6,0.91439388522763,0.566069677882335,33
2,6,0.924997971202203,0.826241787571475,33
1,7,0.962073278445515,0.806096382084567,33
3,7,0.952865708699206,0.64071659338897,33
4,7,0.920085827585867,0.52837517073971,33
5,7,0.92820863932453,-0.0433343676726068,33
2,7,0.900291515099651,0.692919375998061,33
1,8,0.962828224278363,0.854267043806156,33
3,8,0.953872479747383,0.658124656254376,33
4,8,0.917802721969945,0.67845477566315,33
5,8,0.921056116592244,0.1664878296634,33
2,8,0.916324123227044,0.696163545950955,33
1,9,0.961557331169521,0.939568584957085,33
3,9,0.953085856531994,0.322692151352385,33
4,9,0.915475405399068,0.741841271645877,33
5,9,0.932953094037318,0.0932724811823415,33
2,9,0.899386727425344,0.647806222490233,33
1,10,0.964537924092457,0.912063007009021,33
3,10,0.954684877126302,0.486218731612736,33
4,10,0.916406948013708,0.746350672468194,33
5,10,0.927631986140271,0.248280069796314,33
2,10,0.909209801723765,0.572085526572346,33
1,11,0.962064452419416,0.853639758188751,33
3,11,0.952642675829178,0.830646917476612,33
4,11,0.918238952177842,0.590733787178352,33
5,11,0.932770855151975,0.48724499338092,33
2,11,0.897363438384808,0.699942320140749,33
1,12,0.961860192666652,0.918120122450964,33
3,12,0.952710893882932,0.650572067550724,33
4,12,0.916828931966731,0.677498159909745,33
5,12,0.924486652798617,0.41469257567569,33
2,12,0.903033251863069,0.62734971662495,33
1,13,0.962114295043827,0.878859821699515,33
3,13,0.951793749703855,0.878756828641819,33
4,13,0.914104250171009,0.676034802976712,33
5,13,0.924804058285846,0.542466657863641,33
2,13,0.904878704538293,0.581509390353447,33
1,14,0.965378911210862,0.824285326600732,33
3,14,0.958157709112141,0.414076089686773,33
4,14,0.913707713009493,0.232716083723202,33
5,14,0.917484438501253,0.289671312902182,33
2,14,0.929994315381033,0.7514512710942,33
1,15,0.96299511192282,0.895551178328812,33
3,15,0.949145717828047,0.55990099654593,33
4,15,0.918417405722547,0.683144822140663,33
5,15,0.909325591078019,0.599347758468229,33
2,15,0.920747745526334,0.601952811576853,33
1,1,0.908200848248619,0.740937839450715,34
4,1,0.791159099041938,0.503248521657536,34
2,1,0.856316698641693,0.698953638701783,34
3,1,0.799908288199133,0.728064779731578,34
5,1,0.829910677789323,0.302387586087261,34
1,2,0.901789232976974,0.930986438745846,34
4,2,0.78168830858696,0.852289059252471,34
2,2,0.836229908837961,0.697760543989728,34
3,2,0.811044002047987,0.606711440173674,34
5,2,0.822170282992385,0.701330768783158,34
1,3,0.900889350688636,0.872745990382085,34
4,3,0.79388916827075,0.64299814878819,34
2,3,0.827964992081039,0.93542060386105,34
3,3,0.804774042075509,0.886913715048463,34
5,3,0.813090172060902,0.314278002025702,34
1,4,0.903077059732682,0.808080200281686,34
4,4,0.807459851473508,0.82894356743174,34
2,4,0.820361599349046,0.625904419252866,34
3,4,0.810194802795891,0.708318076537755,34
5,4,0.810027125485439,0.336217545448751,34
1,5,0.903822747956647,0.851060328784486,34
4,5,0.803910100297562,0.673009352023802,34
2,5,0.820257616603193,0.637944028590055,34
3,5,0.814671556021068,0.726636590782035,34
5,5,0.805607156468647,0.717959466185249,34
1,6,0.899620902451892,0.911306805541612,34
4,6,0.813508962284197,0.140276870844776,34
2,6,0.813181570090704,0.720338396191888,34
3,6,0.806495819334449,0.699248920007493,34
5,6,0.825561865266748,0.61891482600275,34
1,7,0.903046128635081,0.907290646994173,34
4,7,0.770165997525156,0.400687343083727,34
2,7,0.865870746101717,0.736876070883834,34
3,7,0.810651297181978,0.633111469479524,34
5,7,0.816386772259215,0.697162135665596,34
1,8,0.897954271123139,0.939842361534602,34
4,8,0.802859292200976,0.50278911745766,34
2,8,0.825501009079677,0.833040475585025,34
3,8,0.809367651202308,0.375493201302432,34
5,8,0.814654144193742,0.520890745651873,34
1,9,0.913667879511383,0.651956740394412,34
4,9,0.782332059429104,0.349015682709629,34
2,9,0.871505459433291,0.49751091619008,34
3,9,0.808385292074586,0.243835081495742,34
5,9,0.818484902800992,0.272480301446336,34
1,10,0.901133385138833,0.888335324401398,34
4,10,0.79576619504969,0.607735360611014,34
2,10,0.82104176190969,0.481676180960678,34
3,10,0.808771431373645,0.703027058541655,34
5,10,0.816721330572152,0.420957820864481,34
1,11,0.897961785520705,0.921379180810573,34
4,11,0.795014173924622,0.546486110460289,34
2,11,0.845360599537365,0.137389887033178,34
3,11,0.786720561941398,0.766496850803246,34
5,11,0.827991456458428,-0.0255169821877414,34
1,12,0.896120863722538,0.960038046437052,34
4,12,0.808393791550572,-0.045315567276922,34
2,12,0.82413920883754,0.717174104315983,34
3,12,0.813734269355299,0.556760061204805,34
5,12,0.817692077324422,0.491966434888449,34
1,13,0.908985930199214,0.627522384539462,34
4,13,0.820793063903655,0.339422193607486,34
2,13,0.80818686399665,0.62678718145294,34
3,13,0.824138407146917,0.605721399633632,34
5,13,0.798916060178923,0.807036699624815,34
1,14,0.905387582156188,0.806625299750298,34
4,14,0.792786932504385,0.759258683258812,34
2,14,0.838199668821196,0.71096195082593,34
3,14,0.811299884660723,0.41096880255765,34
5,14,0.820689340488576,0.560925748084296,34
1,15,0.897858199018998,0.945607313481122,34
4,15,0.790779034558109,0.841559207094291,34
2,15,0.820473101950586,0.685339630046454,34
3,15,0.805298587841554,0.414828688540835,34
5,15,0.807707094965892,0.31302276386371,34
1,1,0.908592010681265,0.851739075450711,35
3,1,0.831246238361313,0.598713517444268,35
2,1,0.819932015984635,0.598559053260272,35
4,1,0.799249359470863,0.809991379396925,35
5,1,0.769174737981687,0.80253208233666,35
1,2,0.905382031900055,0.894666566709419,35
3,2,0.823840907155979,0.680798145772068,35
2,2,0.807024604694835,0.810059805276365,35
4,2,0.812499221162122,0.60298159320621,35
5,2,0.764459524564586,0.714488905800797,35
1,3,0.909424695098487,0.871071475596127,35
3,3,0.804354904185053,0.717797262768828,35
2,3,0.837126350458569,0.631326442437417,35
4,3,0.81568043044386,0.695457188970484,35
5,3,0.766356089593693,0.638471056337687,35
1,4,0.909858590535567,0.83696766523252,35
3,4,0.823897956397935,0.249849572623785,35
2,4,0.812834011311294,0.838968540484876,35
4,4,0.813536315855432,0.343904667023365,35
5,4,0.762243363342002,0.703474563005991,35
1,5,0.906199875271427,0.914653984101625,35
3,5,0.84744779141058,0.553062968169391,35
2,5,0.797848613508331,0.718509061950703,35
4,5,0.810965835817273,0.764812404198882,35
5,5,0.777095450115086,0.462911827410769,35
1,6,0.901958021411428,0.975007371783831,35
3,6,0.792630506548369,0.796021591638383,35
2,6,0.811752579911384,0.758215372038426,35
4,6,0.814723337840265,0.482884326086491,35
5,6,0.789241470822602,0.630749517954283,35
1,7,0.908632951855247,0.818584242058377,35
3,7,0.81197651848624,0.587695598711637,35
2,7,0.812347165884724,0.762086525828742,35
4,7,0.796113360805739,0.804423534651119,35
5,7,0.793682106878321,0.614884867337353,35
1,8,0.91562016501925,0.699262050789482,35
3,8,0.79473706437553,0.639722382663652,35
2,8,0.829638267191623,0.528799195998865,35
4,8,0.817506698759917,-0.0748688740697332,35
5,8,0.773056398756348,-0.116496609174339,35
1,9,0.908220070503873,0.902697062183338,35
3,9,0.817156609568358,0.762312017534086,35
2,9,0.814056924961251,0.327418940907224,35
4,9,0.817827066345417,0.747155753017774,35
5,9,0.772490791661921,0.273611790685637,35
1,10,0.903491458448753,0.959398831804023,35
3,10,0.8091270209459,0.492740253287348,35
2,10,0.818551794285611,0.486179972190538,35
4,10,0.817392390553372,0.475564806278956,35
5,10,0.770201924758913,0.346864649300506,35
1,11,0.907945866516447,0.871544084153387,35
3,11,0.809835463618729,0.350614113651587,35
2,11,0.828751250329649,0.793451198100437,35
4,11,0.817217439271128,0.298863618089692,35
5,11,0.784630864999291,0.132543956050169,35
1,12,0.914004742044688,0.733539800389203,35
3,12,0.819322601163231,0.29781330900629,35
2,12,0.826478131903294,0.66773404477444,35
4,12,0.811400742700414,0.591965511510916,35
5,12,0.791730158341451,0.364860618334206,35
1,13,0.90962412073661,0.863457247046678,35
3,13,0.810524445835928,0.569013468943676,35
2,13,0.818866010138264,0.551604310455834,35
4,13,0.802627274926405,0.491567356763893,35
5,13,0.778713530489707,0.64199204261155,35
1,14,0.908368507457331,0.891834092128541,35
3,14,0.799754220531393,0.168507463898063,35
2,14,0.83411647704621,0.436598792853179,35
4,14,0.816458605540425,0.618567044066323,35
5,14,0.795158946585454,0.295016265565067,35
1,15,0.904296631354357,0.917552048239985,35
3,15,0.821746263577086,0.685924071481197,35
2,15,0.818676798095776,0.595677540556005,35
4,15,0.829425947838595,0.45014105828634,35
5,15,0.768427769186889,0.630715677780791,35
1,1,0.930128212745835,0.879356555592638,36
2,1,0.912732864913907,0.565212738291747,36
4,1,0.82605500789084,0.788337393232661,36
5,1,0.858220321765796,0.259741759726766,36
3,1,0.824673889068282,0.800301906518219,36
1,2,0.930370535317954,0.856989417339823,36
2,2,0.910298484221042,0.77544168145783,36
4,2,0.8303176011473,0.268674249672554,36
5,2,0.853228199221654,0.139126388054205,36
3,2,0.854789053322077,0.411282853860292,36
1,3,0.931677141300234,0.773064929412061,36
2,3,0.908998308315839,0.772032967216861,36
4,3,0.836068517056158,0.441939452115272,36
5,3,0.827430206911006,0.278824414347085,36
3,3,0.851732448957143,0.513134984305476,36
1,4,0.933755791025651,0.806433549294098,36
2,4,0.908467130063001,0.785423864874305,36
4,4,0.825323561577438,0.49192320781673,36
5,4,0.844864820056958,0.586707020924466,36
3,4,0.850147089239897,0.652554063032631,36
1,5,0.928047489469996,0.918014561516921,36
2,5,0.908309500480174,0.818499483312814,36
4,5,0.8239548996328,0.288112275222757,36
5,5,0.851384345454066,0.376400253563573,36
3,5,0.836666098415094,0.802086490978267,36
1,6,0.932762844744799,0.770505321354658,36
2,6,0.913225035852477,0.732152275937819,36
4,6,0.839581435701085,0.478167525714005,36
5,6,0.854535995295254,0.155437325865706,36
3,6,0.833370357694187,0.624839142515054,36
1,7,0.929810712341117,0.858726693538383,36
2,7,0.913903651131126,0.752394602826517,36
4,7,0.83454859712973,0.640993174930981,36
5,7,0.836431990983481,0.235487035963663,36
3,7,0.856116799371082,0.710791859631386,36
1,8,0.929353969700713,0.828432022872945,36
2,8,0.913592118671988,0.732031123489698,36
4,8,0.835395744655439,0.41386282704958,36
5,8,0.836365245076542,0.398455945584867,36
3,8,0.845186782341965,0.662444800443462,36
1,9,0.929306338967286,0.919691960998682,36
2,9,0.910375556889395,0.811709678562325,36
4,9,0.830088901420882,0.368909601358941,36
5,9,0.855806994999048,0.689388844050828,36
3,9,0.832535039888832,0.797268184647214,36
1,10,0.931683562216523,0.884304923533122,36
2,10,0.914737688501613,0.588506361615869,36
4,10,0.831660089960747,0.309470052593039,36
5,10,0.846644250763493,0.376223887365789,36
3,10,0.843934539909328,0.475567926061486,36
1,11,0.933118873541161,0.767952256727548,36
2,11,0.909971768669905,0.720949597390667,36
4,11,0.827352773819794,0.723884751675333,36
5,11,0.846526721646812,0.20670460104068,36
3,11,0.865517448770024,0.538788191175028,36
1,12,0.932683987822602,0.780010621016416,36
2,12,0.911981784109467,0.647641040848027,36
4,12,0.82264655378452,0.715371138030671,36
5,12,0.840089843907312,0.218461763652635,36
3,12,0.855685765429335,0.770847592276497,36
1,13,0.927800025232976,0.963464573720486,36
2,13,0.91176608834543,0.682266122938517,36
4,13,0.830219741824938,0.72150531039409,36
5,13,0.839887671159188,0.601614012070807,36
3,13,0.837800826827469,0.678414454883499,36
1,14,0.929776116767784,0.857574173141347,36
2,14,0.910469638123723,0.396873110050512,36
4,14,0.819113907651131,0.654009784486795,36
5,14,0.838353372028713,0.103141358317539,36
3,14,0.853521810105155,0.619400611248559,36
1,15,0.932261490068359,0.801889421348596,36
2,15,0.910754596701171,0.790750578659748,36
4,15,0.833704976668617,0.507274918669124,36
5,15,0.832000643111506,0.759224950506006,36
3,15,0.836200181683557,0.796484766961146,36
1,1,0.929591319770417,0.905033168610846,37
3,1,0.892257398521103,0.187312449916878,37
2,1,0.843973013511582,0.53634814584981,37
5,1,0.836691601528167,0.548582076703058,37
4,1,0.840335792058725,0.63217630343572,37
1,2,0.932117451613123,0.873755759952572,37
3,2,0.900368684670698,0.531636508053497,37
2,2,0.83419491501707,0.577390052454629,37
5,2,0.830510699640374,0.534156969272,37
4,2,0.838598419202622,0.630828096330514,37
1,3,0.933154752908257,0.820165851908829,37
3,3,0.893919439456859,0.549835696953765,37
2,3,0.852772001401766,0.569011141569196,37
5,3,0.82835208027142,0.0752160918548294,37
4,3,0.839859601322587,0.261263647615667,37
1,4,0.931955312361286,0.828323668965248,37
3,4,0.900539835578674,0.41591779864784,37
2,4,0.829449300773061,0.655577918474844,37
5,4,0.832598301499863,0.403330582977252,37
4,4,0.831349812273715,0.135581268552224,37
1,5,0.930989593526229,0.880167944613384,37
3,5,0.890061608882019,0.68371114795538,37
2,5,0.847466334804084,0.937990424511083,37
5,5,0.83443724656156,0.620780341917963,37
4,5,0.830652750929954,0.695710585551784,37
1,6,0.934983884027501,0.73412221823375,37
3,6,0.897733162630624,0.833929318378659,37
2,6,0.844033429861693,0.706664353315283,37
5,6,0.83578465715481,0.193917714666233,37
4,6,0.841059286765837,0.594837487142308,37
1,7,0.931203768235052,0.91338237743936,37
3,7,0.876864218064672,0.816026048560568,37
2,7,0.852833039157968,0.779614120137441,37
5,7,0.826165313965689,0.454873449607321,37
4,7,0.840126285135523,0.671569914306724,37
1,8,0.936749988342596,0.761681520828282,37
3,8,0.899526295111805,0.675572638771584,37
2,8,0.840770286298842,0.687346758113054,37
5,8,0.83148274109764,0.49719799123919,37
4,8,0.843260056759602,0.64271427169469,37
1,9,0.930943106169906,0.920148422229117,37
3,9,0.884867804478186,0.669770778330069,37
2,9,0.853069641217252,0.451528653613026,37
5,9,0.82820763771261,0.708424540052855,37
4,9,0.844061921490332,0.441037745716385,37
1,10,0.936236037626585,0.815256921410304,37
3,10,0.898735722891439,0.528162205668257,37
2,10,0.844935605408414,0.640245799485024,37
5,10,0.826497490243065,0.693396325880672,37
4,10,0.832909044450759,0.600894520056976,37
1,11,0.931752496197053,0.906303466585632,37
3,11,0.89720244602047,0.590070491036607,37
2,11,0.846112947358753,0.235792466089486,37
5,11,0.833708969464844,-0.232495024622054,37
4,11,0.839381499080575,0.445333363871369,37
1,12,0.936164310321843,0.800911794089304,37
3,12,0.892050352277616,0.453358192568708,37
2,12,0.843806862846054,0.670304917357577,37
5,12,0.835741390931395,0.35664849132959,37
4,12,0.840093465472508,0.263363732363863,37
1,13,0.930750411930211,0.917522408819802,37
3,13,0.904342870152208,0.644388999044771,37
2,13,0.834741217160919,0.682797658939247,37
5,13,0.831980929303063,0.647776439742422,37
4,13,0.835601818696695,0.760541238219574,37
1,14,0.933530926477962,0.839282436792628,37
3,14,0.882782917781838,0.365913702008403,37
2,14,0.867918187044617,0.619147380785128,37
5,14,0.838719178865724,0.48352425667048,37
4,14,0.833080877560158,0.581158609566488,37
1,15,0.928533026229157,0.960269912977708,37
3,15,0.897191322423375,0.339482190697056,37
2,15,0.837208952416373,0.701195294167231,37
5,15,0.826442369117161,0.60415979555199,37
4,15,0.844008725727011,0.825277482857343,37
1,1,0.890788972979712,0.843859794284846,38
3,1,0.777284186516571,0.536705943714254,38
2,1,0.798697548639056,0.456182917203025,38
4,1,0.760174608409087,0.729426933346693,38
5,1,0.7696304702011,0.195954269256,38
1,2,0.893698751183117,0.851969608814799,38
3,2,0.812998574496504,0.616603237274458,38
2,2,0.73915539600469,0.693018763203401,38
4,2,0.769900785642938,0.720656619777571,38
5,2,0.77675365197939,0.399813364809342,38
1,3,0.889347217947747,0.920681357168608,38
3,3,0.803850583108301,0.532138759368708,38
2,3,0.78714637697412,0.723125800655496,38
4,3,0.748302916951651,0.754818364937424,38
5,3,0.784147933224842,0.586639112839305,38
1,4,0.889528728235924,0.928167504477925,38
3,4,0.793109337997249,0.871140528223453,38
2,4,0.767360309032025,0.729630805898617,38
4,4,0.764809294786048,0.694220278583513,38
5,4,0.766200857228614,-0.197499289140194,38
1,5,0.895719686116273,0.832291271632046,38
3,5,0.789695193866527,0.715642159192131,38
2,5,0.781657869489147,0.672662686929287,38
4,5,0.770286022616563,0.37341368915531,38
5,5,0.778160619980555,0.394582890600804,38
1,6,0.892659467415854,0.889910519913841,38
3,6,0.820395284811069,0.413602459705917,38
2,6,0.760879005855229,0.654166277200647,38
4,6,0.773872245188344,0.377507997920128,38
5,6,0.759815237435699,0.628670829241031,38
1,7,0.894782816656158,0.828124144853074,38
3,7,0.779455279388323,0.527853554245569,38
2,7,0.799458650387374,0.642567006933949,38
4,7,0.783931599820113,0.205888118752288,38
5,7,0.777003425729285,0.4564613469886,38
1,8,0.893496336658639,0.838397321438545,38
3,8,0.800504619593828,0.612057068899439,38
2,8,0.753223428266744,0.754213845152678,38
4,8,0.771200315052584,0.670935973774777,38
5,8,0.778785147686697,0.391327249515121,38
1,9,0.897214307988995,0.7742205446879,38
3,9,0.793997029235687,0.882325923717701,38
2,9,0.778649409197583,0.177843665452379,38
4,9,0.768486245180188,0.587110927106592,38
5,9,0.765660081856321,0.757693367549904,38
1,10,0.893083828702824,0.820709704132078,38
3,10,0.791986574572152,0.614617917492207,38
2,10,0.767827998022834,0.753615679138904,38
4,10,0.766898026071953,0.817860027997965,38
5,10,0.779036375744198,0.644256502059439,38
1,11,0.895899448665325,0.799835583108391,38
3,11,0.774768536303535,0.83336760162044,38
2,11,0.782338192296617,0.853640833274845,38
4,11,0.766385771182575,0.366448194532998,38
5,11,0.778197700812178,0.275733615909017,38
1,12,0.890754966731509,0.900416841989573,38
3,12,0.792947517740587,0.380317943857535,38
2,12,0.796829725997266,0.495448478852761,38
4,12,0.781153302942273,0.361250961159102,38
5,12,0.760856573449738,0.603076158947726,38
1,13,0.90692957307081,0.570216912873854,38
3,13,0.821572530635079,0.473689392425114,38
2,13,0.759135321762884,-0.159898999183145,38
4,13,0.766672078500225,0.310957765998825,38
5,13,0.781278778137354,0.693503736771104,38
1,14,0.892156133368048,0.894510377515767,38
3,14,0.787753663132794,0.508894494984822,38
2,14,0.794615196383552,0.807368454985238,38
4,14,0.753824891307961,0.788753126898593,38
5,14,0.779045495497946,0.344067172587979,38
1,15,0.889850325987143,0.91041345506496,38
3,15,0.776428504276121,0.391214967770488,38
2,15,0.798978282508558,0.741946016476638,38
4,15,0.772123524703387,0.632744639878713,38
5,15,0.777879985359808,0.375222853006529,38
1,1,0.928172688271296,0.866914699274039,39
3,1,0.871571219296499,0.680184949325112,39
2,1,0.878519796847322,0.659088427572266,39
5,1,0.836885725398039,0.553882531158426,39
4,1,0.832891985620975,0.769735350184696,39
1,2,0.93178988248598,0.783382342158396,39
3,2,0.880506545456553,0.756481339426254,39
2,2,0.864500212766567,0.700885168551487,39
5,2,0.831576278571822,0.637550901022363,39
4,2,0.829732049815845,0.479586832480277,39
1,3,0.925858136598779,0.905977593453376,39
3,3,0.888089022560183,0.582584783384053,39
2,3,0.859441458042782,0.730551560904165,39
5,3,0.831556331807297,0.514509695781422,39
4,3,0.833393436814091,0.273835925091092,39
1,4,0.925912279723428,0.934462127192949,39
3,4,0.891161322882554,0.816318544519776,39
2,4,0.844541955831318,0.727817334366581,39
5,4,0.831686955075855,0.735215886164088,39
4,4,0.828872295009663,0.667520611802739,39
1,5,0.925387259549604,0.943071851409501,39
3,5,0.880337774727373,0.356559119161125,39
2,5,0.863049500769627,0.693626646808601,39
5,5,0.841374129229498,0.290660914501789,39
4,5,0.838367426826254,0.589046008922124,39
1,6,0.926750074670039,0.861371682800059,39
3,6,0.884888126882004,0.672504098512485,39
2,6,0.85769832416581,0.679924015419332,39
5,6,0.824407814376935,0.631275476125593,39
4,6,0.841574732840823,0.504733724905655,39
1,7,0.929404744990562,0.905072448317627,39
3,7,0.870538631795799,0.718065701532025,39
2,7,0.869079988150828,0.769949610953274,39
5,7,0.835890020150954,0.304090060795889,39
4,7,0.832844476259842,0.457605831256856,39
1,8,0.929462377627173,0.811302336411337,39
3,8,0.88671913795183,0.43266149892355,39
2,8,0.858281359962856,0.54752062044546,39
5,8,0.823978172555704,0.463816620120636,39
4,8,0.846396198727685,0.591558213811195,39
1,9,0.928356270038882,0.867558320211423,39
3,9,0.894374262006143,0.453468312183489,39
2,9,0.846135759037488,0.573025945398875,39
5,9,0.83700522858562,0.531862470636644,39
4,9,0.84222780614149,0.450777131381713,39
1,10,0.932296147514257,0.785094196552232,39
3,10,0.882131458043615,0.657536261695841,39
2,10,0.849702406119269,0.769741698118163,39
5,10,0.834190427599601,0.534407715544091,39
4,10,0.853200442715811,0.555854549096061,39
1,11,0.927949956395466,0.894848948245559,39
3,11,0.887921312960694,0.480964149524486,39
2,11,0.856739395593326,0.533207776168445,39
5,11,0.834816621059667,0.681096613265484,39
4,11,0.83046779351245,0.41421785538719,39
1,12,0.925477279456576,0.955829023420521,39
3,12,0.878682543371974,0.269902086835904,39
2,12,0.863633545266081,0.672344340838459,39
5,12,0.831596478106849,0.829104829112071,39
4,12,0.825041408640225,0.823243841545623,39
1,13,0.936323857654968,0.511701422619376,39
3,13,0.894278642024181,0.658127234886204,39
2,13,0.85463514641082,0.579188420574702,39
5,13,0.837305163435347,0.272284141568692,39
4,13,0.826497616032039,0.48033784929181,39
1,14,0.927894970716548,0.897150142860105,39
3,14,0.873188109678887,0.70907470771702,39
2,14,0.862983985850812,0.63938422441866,39
5,14,0.839016745740212,0.578567633414627,39
4,14,0.838857349340325,0.630201970483556,39
1,15,0.926206027558765,0.902848644082228,39
3,15,0.878448102059273,0.254680401818826,39
2,15,0.871656836981947,0.767578305515227,39
5,15,0.818431916616073,0.373199908241582,39
4,15,0.840158917480403,0.552239373681979,39
1,1,0.909096949540526,0.925022621063887,40
5,1,0.794497179069575,0.404435700650822,40
2,1,0.841502326348465,0.847173649581255,40
3,1,0.802004046472797,0.520956745504522,40
4,1,0.815691051365357,-0.151342396133324,40
1,2,0.915602379634968,0.772417260587738,40
5,2,0.859863341811514,0.532212950239845,40
2,2,0.78215387694993,0.738119022811215,40
3,2,0.800900845285217,0.533677404062697,40
4,2,0.803412956485482,0.523692639736179,40
1,3,0.91011598949211,0.92991371144272,40
5,3,0.851521209959164,0.819328864544948,40
2,3,0.774831720130761,0.748303328880131,40
3,3,0.810039811929326,0.75864391575737,40
4,3,0.801930364827802,0.604367147476799,40
1,4,0.911645330113175,0.901280426317101,40
5,4,0.790508986954463,0.274108006680531,40
2,4,0.840287996516007,0.782172265521811,40
3,4,0.808689213336632,0.635639007486576,40
4,4,0.81324676323742,0.581224082146142,40
1,5,0.911992993345087,0.869737427077648,40
5,5,0.835210402936658,0.482600092757939,40
2,5,0.813754020981066,0.43261574025087,40
3,5,0.809825464352516,0.530355785858038,40
4,5,0.8225675004076,0.810991093590603,40
1,6,0.911547133031299,0.915111797720015,40
5,6,0.832934807280504,0.294315574206911,40
2,6,0.792115115045265,0.915629107383018,40
3,6,0.796581840816231,0.616959481934411,40
4,6,0.833221204230574,0.316415604694063,40
1,7,0.91464189940809,0.795873855980154,40
5,7,0.843288663076467,0.59678514701218,40
2,7,0.791945326588184,0.585522250387119,40
3,7,0.799465376452265,0.603594554039179,40
4,7,0.797709928353261,0.760919155002329,40
1,8,0.913618171690907,0.829314298452288,40
5,8,0.86158936655732,0.560996545016734,40
2,8,0.772301285796401,0.489301556441342,40
3,8,0.817488981443483,0.409418905335681,40
4,8,0.827874135959384,0.546635916634492,40
1,9,0.912162394959851,0.894623436643119,40
5,9,0.862697285655218,0.743245711597869,40
2,9,0.775117760032223,0.623752691971833,40
3,9,0.80301368324874,0.639706283563923,40
4,9,0.801576871822611,0.714800087670959,40
1,10,0.909212878185793,0.934554836790868,40
5,10,0.837597368427469,0.104752525527166,40
2,10,0.802355782106144,0.587370300148815,40
3,10,0.802761223752134,0.715710878914328,40
4,10,0.816540395357383,0.374170181178448,40
1,11,0.911061737101841,0.911161242661834,40
5,11,0.827560971404268,0.450137730680318,40
2,11,0.813736529853841,0.615574466166672,40
3,11,0.794368421630322,0.727955226000251,40
4,11,0.812578974329884,0.584129816716169,40
1,12,0.923104391600859,0.625583463738582,40
5,12,0.862273581644117,0.39242562578949,40
2,12,0.773171075912236,0.761055163684216,40
3,12,0.802806141438974,0.561918113758244,40
4,12,0.810898144173977,0.0563940111469506,40
1,13,0.914910251492287,0.793525171176907,40
5,13,0.821657325216894,0.475761649577992,40
2,13,0.816079264547668,0.708617700512979,40
3,13,0.800741055711757,0.613024324810505,40
4,13,0.815521716601471,0.47993737168757,40
1,14,0.911467686590058,0.875676600643228,40
5,14,0.840344513311007,0.4582258263647,40
2,14,0.783305934863381,0.758475392804161,40
3,14,0.805510375171426,0.694985079557346,40
4,14,0.791544485945034,0.429343562878475,40
1,15,0.911122173362012,0.887404434791044,40
5,15,0.85998855710747,0.308756544073234,40
2,15,0.771764969053062,0.874814303455218,40
3,15,0.808129852297333,0.556971114949545,40
4,15,0.812789786336707,0.414938010808399,40
1,1,0.935516090126441,0.354240431599231,41
2,1,0.895702114543885,0.772699652420721,41
4,1,0.866467472591756,0.26771006081658,41
3,1,0.859057268982087,0.295303177999509,41
5,1,0.853700580087973,0.593743980052519,41
1,2,0.926770009082173,0.947438347663676,41
2,2,0.899314643980244,0.769342221546939,41
4,2,0.846106536233828,0.619877262096915,41
3,2,0.854634654015281,0.859729211058168,41
5,2,0.850944736686415,0.67628023086922,41
1,3,0.92719605511698,0.904749949386823,41
2,3,0.900412668204554,0.101381639553395,41
4,3,0.851296726234592,0.725612633724784,41
3,3,0.849814942790568,0.586180880477243,41
5,3,0.867339518495043,0.315034375211023,41
1,4,0.927607002481384,0.88500352752051,41
2,4,0.896161886519201,0.71289806095249,41
4,4,0.851541059592569,0.850778341581421,41
3,4,0.851391342771098,0.750007788449015,41
5,4,0.852083867643217,0.359686147242694,41
1,5,0.934109214408514,0.808268884999959,41
2,5,0.904681677243223,0.629027549734804,41
4,5,0.848579709090355,0.183802453212976,41
3,5,0.869109261838515,0.0805826323952218,41
5,5,0.871475851025135,0.626947018250459,41
1,6,0.927613986147823,0.862306756746151,41
2,6,0.899221269046434,0.448320349133351,41
4,6,0.844355231066528,0.665680929650195,41
3,6,0.871268565331487,0.555939979979526,41
5,6,0.866343613863577,0.463322738256513,41
1,7,0.927141844517401,0.879866953161743,41
2,7,0.90184826448174,0.762240130007924,41
4,7,0.862704683896422,0.539460377891419,41
3,7,0.850572952324966,0.686591240423718,41
5,7,0.857103844370854,0.296447746230629,41
1,8,0.929747291332704,0.910088103295363,41
2,8,0.897185077063744,0.615394957579449,41
4,8,0.863135853540988,0.656458720057609,41
3,8,0.850579290110863,0.586214150596416,41
5,8,0.859332449888727,0.571317445250917,41
1,9,0.92864743247263,0.867308582481609,41
2,9,0.896873127532766,0.597771189397147,41
4,9,0.850515685650407,0.631039920214753,41
3,9,0.854406881913863,0.882036719537448,41
5,9,0.859870347704503,0.430295909155763,41
1,10,0.930590278536,0.827460249897319,41
2,10,0.884479288325128,0.488355603478701,41
4,10,0.872716947652916,0.723857579794984,41
3,10,0.84523049243383,0.700633500422893,41
5,10,0.865103421863483,0.537253822075542,41
1,11,0.93503785963677,0.75248511782505,41
2,11,0.893684439115885,0.810694780960432,41
4,11,0.858651697869384,0.438133320490368,41
3,11,0.854560820752036,0.487512377977619,41
5,11,0.858442915642191,0.450985948805829,41
1,12,0.933716521745375,0.6679650816431,41
2,12,0.895909056901413,0.687623482731334,41
4,12,0.846954324939151,0.342921701013447,41
3,12,0.873052733985707,0.629396986172673,41
5,12,0.862089801735566,0.665234693270878,41
1,13,0.928887511114984,0.912847432212688,41
2,13,0.901243681143531,0.711436837709675,41
4,13,0.849699095890044,0.605673399928194,41
3,13,0.852956469292306,0.704687752890017,41
5,13,0.863951823236609,0.597303270787846,41
1,14,0.926383753432265,0.950936689475665,41
2,14,0.89817511826696,0.483540574073634,41
4,14,0.85465378298664,0.632619111380936,41
3,14,0.855865166714467,0.296196168087295,41
5,14,0.868832229529197,0.575271258295553,41
1,15,0.930106435695197,0.816628451975099,41
2,15,0.902181486704917,0.630698756214223,41
4,15,0.849899886214265,0.0564187563554264,41
3,15,0.862057969211669,0.580850674974231,41
5,15,0.862790395085778,0.739355580373704,41
1,1,0.905498259423203,0.921773203394879,42
4,1,0.828154144228671,0.723996070654458,42
2,1,0.810581292729552,0.483568086382702,42
3,1,0.799998787308305,0.321622213934948,42
5,1,0.768075482195694,0.143219634319641,42
1,2,0.908967146572543,0.899701016576793,42
4,2,0.843863418702242,0.5070033785245,42
2,2,0.779750916588432,0.744483147813932,42
3,2,0.799270628919897,0.652115833696486,42
5,2,0.778776270123479,0.19712745776979,42
1,3,0.909493236729343,0.836256061311397,42
4,3,0.799892008980175,0.653188611217873,42
2,3,0.833357892630656,0.837751792343784,42
3,3,0.792294647090931,0.746606729500853,42
5,3,0.782774483053013,0.660355580204459,42
1,4,0.908174333757247,0.880029039078705,42
4,4,0.797074672636865,0.285778703798474,42
2,4,0.855238280792662,0.544966488050798,42
3,4,0.809990464486698,0.361440210643302,42
5,4,0.790787195830825,0.487251351126503,42
1,5,0.90835480259353,0.880064254276156,42
4,5,0.868344666534533,0.311407733408587,42
2,5,0.782175102165396,0.338647793914442,42
3,5,0.799583872331035,0.527534602133716,42
5,5,0.767096730231929,0.499357752609801,42
1,6,0.912547326948174,0.843767602565369,42
4,6,0.859614425189376,0.653211464240255,42
2,6,0.7729480303099,0.581015762724456,42
3,6,0.786544630442943,0.810023478042424,42
5,6,0.773623490322297,0.755590682578346,42
1,7,0.911617153401208,0.812303697688311,42
4,7,0.862626525738277,0.434853515149711,42
2,7,0.782869889648403,0.813110909970057,42
3,7,0.80687839991076,0.659310586954612,42
5,7,0.772790484624675,0.500979070749809,42
1,8,0.905653577572599,0.956973412649902,42
4,8,0.850965864516004,0.626518820020801,42
2,8,0.769903206340422,0.701220426949529,42
3,8,0.786075620836857,0.815677614015599,42
5,8,0.762648126194588,-0.364702729416766,42
1,9,0.904787818865814,0.919738309592598,42
4,9,0.862673531737673,0.556747241431473,42
2,9,0.776302107483769,0.507593513730798,42
3,9,0.791493012743734,0.595977037816041,42
5,9,0.773581428585009,0.0874627665157132,42
1,10,0.908411233996291,0.830379238057047,42
4,10,0.849526288707299,0.837216630074445,42
2,10,0.796872019861559,0.66179876758807,42
3,10,0.794633777817431,0.541722894476613,42
5,10,0.764254604715158,-0.123000809885357,42
1,11,0.907422616468052,0.888837866649312,42
4,11,0.848267516344803,0.611923134255483,42
2,11,0.799056181273979,0.437402855748046,42
3,11,0.798361209390486,0.365701714751747,42
5,11,0.768644615084118,-0.280019309641743,42
1,12,0.915003070638779,0.720328932747807,42
4,12,0.85544957279814,0.511768832447169,42
2,12,0.76836802381949,0.633984043760802,42
3,12,0.80955963314165,0.22258561464309,42
5,12,0.772298836135814,0.755922751544717,42
1,13,0.910648419894943,0.833042125506072,42
4,13,0.826571507520533,0.459176663804158,42
2,13,0.810163328321313,0.72187374877948,42
3,13,0.799522567771168,0.557038905686968,42
5,13,0.769983197377701,0.0411104481712115,42
1,14,0.909470684238326,0.901479396977965,42
4,14,0.848428664866669,0.236843137316289,42
2,14,0.784649645566041,0.659668640300932,42
3,14,0.804213190049955,0.695995826649319,42
5,14,0.779369992613691,0.368776415116524,42
1,15,0.914228888602544,0.809810238893967,42
4,15,0.857910783756394,0.266578338232748,42
2,15,0.790031847790669,0.326191992635483,42
3,15,0.80955658196052,0.591308159569914,42
5,15,0.784487994079367,-0.157931608727352,42
1,1,0.906443891708961,0.785651690074412,43
4,1,0.806820306952345,0.591410661645079,43
2,1,0.829246590847949,0.802688491848936,43
3,1,0.788368057483873,0.687881528900366,43
5,1,0.783001323440364,0.531197507380242,43
1,2,0.899428487841749,0.929119589761104,43
4,2,0.799887445542444,0.581148802230184,43
2,2,0.802470168289583,0.65798832225355,43
3,2,0.803637714383278,0.578649591275352,43
5,2,0.785074478975762,-0.506308466065691,43
1,3,0.896044379784205,0.96391366870832,43
4,3,0.793472422322338,0.578360298047392,43
2,3,0.817131883496602,0.579925027960501,43
3,3,0.79635278695544,0.443872909779783,43
5,3,0.776089670556514,0.298924774830544,43
1,4,0.89898935130627,0.930069467863407,43
4,4,0.795408924330709,0.473713063561802,43
2,4,0.819283537590151,0.35952758477629,43
3,4,0.803742476581313,0.697897980935412,43
5,4,0.783568024704773,0.24822531682067,43
1,5,0.903144985972713,0.87240255062675,43
4,5,0.790298384514063,0.431967143680396,43
2,5,0.822647236007371,0.758032952479779,43
3,5,0.805737616431915,0.414520283487519,43
5,5,0.789054512011563,0.273925876050433,43
1,6,0.89981513703873,0.921841410127724,43
4,6,0.804200471067004,0.738839106305444,43
2,6,0.783093023826951,0.783964809228367,43
3,6,0.8022810900056,0.450394921761022,43
5,6,0.776842462267628,0.535231395635869,43
1,7,0.904674378974282,0.818209381417146,43
4,7,0.799358897544932,0.231945243196686,43
2,7,0.812196314207415,0.71376007550961,43
3,7,0.803095479390606,0.634322403534971,43
5,7,0.768409180680206,0.7167095796236,43
1,8,0.899895125461583,0.915360365950189,43
4,8,0.765265324649314,0.657882526007899,43
2,8,0.845991281220691,0.561572689410332,43
3,8,0.785460149873138,0.724304620281259,43
5,8,0.777704347412932,0.398390764578381,43
1,9,0.900782696023042,0.888773059823927,43
4,9,0.789832410351856,0.201846984570419,43
2,9,0.834654958338734,0.559672244351008,43
3,9,0.805838285947155,0.344805887070858,43
5,9,0.77532241556637,0.423457285288885,43
1,10,0.903719872764003,0.821682784527528,43
4,10,0.801882176545352,0.443990942472892,43
2,10,0.805562643549005,0.621190299180873,43
3,10,0.811605254502083,0.660789527831035,43
5,10,0.770374482865731,0.34248217413494,43
1,11,0.91094065081553,0.704598753762649,43
4,11,0.765145726280009,0.705113470031936,43
2,11,0.851070649107444,0.671769877551827,43
3,11,0.807991883471209,0.581604170544777,43
5,11,0.78187560618465,0.76895085284661,43
1,12,0.899641683129527,0.901383385140917,43
4,12,0.779675296269822,0.408149599185298,43
2,12,0.844371361172455,0.773142399269314,43
3,12,0.792887549794656,0.81412618941487,43
5,12,0.788521085739236,0.536896003110984,43
1,13,0.907656854760456,0.822262501926078,43
4,13,0.819821699057202,0.664570861411635,43
2,13,0.793052264285714,0.198028432148704,43
3,13,0.803502516219809,0.38086445079214,43
5,13,0.76843959161937,0.724119276092715,43
1,14,0.915218855377389,0.698503821879995,43
4,14,0.810534928401299,0.306416503279775,43
2,14,0.790446729875777,0.531749622539731,43
3,14,0.780426868986641,0.837313704337125,43
5,14,0.772413929542243,0.626932064014753,43
1,15,0.899865271852309,0.878573987757974,43
4,15,0.777762587718724,0.499654702879338,43
2,15,0.831681268781849,0.512371944770581,43
3,15,0.797722494757597,0.813350431870716,43
5,15,0.780510464072215,-0.02937016385644,43
1,1,0.907873465064858,0.898045323320029,44
5,1,0.82269620532665,0.325138607820274,44
2,1,0.819206888631641,0.606657951042948,44
4,1,0.794807363642946,0.498140058038231,44
3,1,0.816343539724942,0.495555776179875,44
1,2,0.91033700092024,0.76566530960637,44
5,2,0.79301798009975,0.579514002637138,44
2,2,0.833654317943297,0.70903965691153,44
4,2,0.80376839393727,0.518418276004932,44
3,2,0.800823028527997,0.549485688764732,44
1,3,0.907815466274245,0.859149921920729,44
5,3,0.810225745419554,0.715645685535651,44
2,3,0.820091358449412,0.809204310612705,44
4,3,0.796508411221872,0.0936569227463026,44
3,3,0.80515429738944,0.737820409129578,44
1,4,0.905431010219499,0.914415256489407,44
5,4,0.819357362808689,0.529597533777966,44
2,4,0.803485319693463,0.513841645311322,44
4,4,0.798386040025076,0.533867051777301,44
3,4,0.814195727266348,0.267015008623384,44
1,5,0.909648763153283,0.786724933886957,44
5,5,0.80495309749225,0.44340004303613,44
2,5,0.830896388972054,0.525185907969876,44
4,5,0.799254257795253,0.304922778494385,44
3,5,0.826808462648769,0.816463422003779,44
1,6,0.905225627992669,0.921223033558263,44
5,6,0.809132256060521,0.58516004087671,44
2,6,0.836342089080617,0.537384217036301,44
4,6,0.78395787662773,0.779796543308449,44
3,6,0.824547623667185,0.0903234288612058,44
1,7,0.90505996354319,0.911738216350454,44
5,7,0.829627675795795,0.471976570653727,44
2,7,0.796081494825401,0.602680667165082,44
4,7,0.788219985292119,0.618132712470322,44
3,7,0.822976195188609,0.549307534234298,44
1,8,0.90707822979383,0.879942523718379,44
5,8,0.808372998404044,0.430303794984625,44
2,8,0.813624315782095,0.860176199330366,44
4,8,0.804496591362048,0.453271431212252,44
3,8,0.816481523723355,0.771159276227357,44
1,9,0.905890322090512,0.874249223936736,44
5,9,0.808088929002532,0.298659947582219,44
2,9,0.820004994335655,0.658640415610911,44
4,9,0.792377136190563,0.596966234209143,44
3,9,0.822232543044352,0.283438325974453,44
1,10,0.903667098147995,0.917639370088857,44
5,10,0.802444235540799,0.452811902634525,44
2,10,0.824030965571181,0.73152663847503,44
4,10,0.792326664777443,0.472467879424552,44
3,10,0.82508673330669,0.685808892669772,44
1,11,0.916750945973503,0.599305966773858,44
5,11,0.828005428509142,0.431275879372879,44
2,11,0.799522822002897,0.714122521514758,44
4,11,0.793544987328334,0.370845679757935,44
3,11,0.823371413502048,0.740955742588513,44
1,12,0.905034346767652,0.938309898208439,44
5,12,0.788118033018218,0.433270879252427,44
2,12,0.834803191228452,0.717118235312902,44
4,12,0.795875591308301,0.652040790045993,44
3,12,0.807530410583283,0.549308847835612,44
1,13,0.906536493592818,0.858985706473134,44
5,13,0.805529903585683,0.319697373123279,44
2,13,0.831499550533455,0.741640199711703,44
4,13,0.794940888404414,0.630687043322376,44
3,13,0.823547206774027,0.478679337181369,44
1,14,0.906436341574118,0.822077315074559,44
5,14,0.825240138502687,0.381101830077905,44
2,14,0.794680873853716,0.773248774080279,44
4,14,0.79885777810034,0.183777440843729,44
3,14,0.827820630523066,0.417313612596448,44
1,15,0.909516136837662,0.789969327378852,44
5,15,0.808453171335885,0.526620300392617,44
2,15,0.809844816763194,0.602103602382618,44
4,15,0.79583729328275,0.742614826478601,44
3,15,0.813095807244437,0.608155917754797,44
1,1,0.935341350151908,0.649765645656833,45
4,1,0.919465666113581,0.478620982575894,45
2,1,0.867337141448527,0.30843524323404,45
3,1,0.834468087012866,0.642212581171628,45
5,1,0.864529117510734,0.631376246790431,45
1,2,0.939008386923876,0.63717131671817,45
4,2,0.887019958852481,0.116475046300266,45
2,2,0.906029951694556,0.613730364222969,45
3,2,0.863474345382254,-0.033710875435401,45
5,2,0.869233169776435,0.509470452553769,45
1,3,0.93205381296924,0.936917857572912,45
4,3,0.905794951896285,0.555504746503942,45
2,3,0.861919477808132,0.814630659976153,45
3,3,0.846520947717847,0.467985683492666,45
5,3,0.854666989419071,0.724413209621316,45
1,4,0.933996560321231,0.914781177376431,45
4,4,0.894802464521535,0.0343586910314747,45
2,4,0.891300775192822,0.661619184792934,45
3,4,0.847695869559689,0.556776451920085,45
5,4,0.862526111680777,0.674070984422252,45
1,5,0.929306462038621,0.947257244753437,45
4,5,0.91864286042914,0.384030488575325,45
2,5,0.861004267777573,0.852797647704206,45
3,5,0.850561952770356,0.401948240977633,45
5,5,0.860160796406862,-0.0328692612436207,45
1,6,0.934221070056447,0.917237081814573,45
4,6,0.905749274630025,0.728770965300432,45
2,6,0.875371675397229,0.789021536622017,45
3,6,0.842916309671227,0.672783316638265,45
5,6,0.855191321374666,0.63226110030519,45
1,7,0.935206672707838,0.837749966412272,45
4,7,0.910090804163447,0.693098229655887,45
2,7,0.86738631855916,0.760708275754696,45
3,7,0.843023777069631,0.721251608699839,45
5,7,0.859321807600258,0.382100004414272,45
1,8,0.934119242060256,0.921449074258043,45
4,8,0.916748066273348,0.606385273848468,45
2,8,0.870776472736214,0.784173929750917,45
3,8,0.848027851507318,0.465978321838045,45
5,8,0.851685379992275,0.526245870820489,45
1,9,0.935052478040332,0.88915777784405,45
4,9,0.903469051705633,0.718556977285344,45
2,9,0.878212765492188,0.81655371257787,45
3,9,0.846773418937551,0.550918545857773,45
5,9,0.856576800737069,0.569023113327853,45
1,10,0.932667244255066,0.887400894962871,45
4,10,0.91355650059673,0.721968922574032,45
2,10,0.865475063691943,0.699932078583724,45
3,10,0.847913702442784,0.457379669179946,45
5,10,0.859979829559108,0.690827644594439,45
1,11,0.93970638254485,0.712824504656035,45
4,11,0.909480788643663,0.323624046258223,45
2,11,0.874053793951206,0.725897302160259,45
3,11,0.83922441009185,0.870388461644436,45
5,11,0.870669774613423,0.462175492166142,45
1,12,0.933143181191017,0.834873801467971,45
4,12,0.908211520188308,0.567011139560145,45
2,12,0.877062950824345,0.752469136235478,45
3,12,0.84063966432895,0.60737908462113,45
5,12,0.856987771332483,0.767871242798913,45
1,13,0.934825327776469,0.860671711091168,45
4,13,0.901413491846767,0.757532616435997,45
2,13,0.873745765154491,0.680021893739434,45
3,13,0.840978212112486,0.509058264693122,45
5,13,0.866336765064497,0.367405047581755,45
1,14,0.934522559573369,0.919276783400385,45
4,14,0.916513805847755,0.713997277289288,45
2,14,0.862777841254263,0.711222947787986,45
3,14,0.849037030457235,0.596684865093309,45
5,14,0.85743820300863,0.458428994897922,45
1,15,0.934532299282187,0.884511036331426,45
4,15,0.88161158464158,0.557730346280272,45
2,15,0.899412991647881,0.864334273494103,45
3,15,0.84218122859683,0.669192685221501,45
5,15,0.865791385942278,0.18948017658926,45
1,1,0.890097251329055,0.891636497947405,46
5,1,0.772741375042552,0.379922694774687,46
2,1,0.82796832000199,0.576835700679917,46
3,1,0.782397549353861,0.730107199172372,46
4,1,0.751718838355775,0.352250414272093,46
1,2,0.893480827060303,0.853696677449513,46
5,2,0.802965149895268,0.604253333552061,46
2,2,0.781168846620568,0.798411883181832,46
3,2,0.776830027325881,0.477237381099107,46
4,2,0.735421147762925,0.42750380933487,46
1,3,0.888399943808636,0.917085720628086,46
5,3,0.789442357198348,0.604513658667318,46
2,3,0.812090489838195,0.668454899591992,46
3,3,0.74845860478661,0.750443066303591,46
4,3,0.766805725750752,-0.216491633032306,46
1,4,0.886973897091254,0.926381951149005,46
5,4,0.785200207420993,0.0900837066936586,46
2,4,0.808513773688479,0.618018234434322,46
3,4,0.768773710549557,0.522599692674739,46
4,4,0.747500350019076,0.538009051465712,46
1,5,0.893819245302636,0.859972374564518,46
5,5,0.755339558584329,0.615551706041688,46
2,5,0.844866931522842,0.850417567879991,46
3,5,0.763923023724441,0.65644903578623,46
4,5,0.735222942646157,0.472732759097157,46
1,6,0.900212853754007,0.775103763885523,46
5,6,0.753186172562525,-0.396949263428658,46
2,6,0.865943106437654,0.562376640063548,46
3,6,0.786889058452063,0.518983536501093,46
4,6,0.743404804108944,0.561703133536099,46
1,7,0.888919128732497,0.902105981568368,46
5,7,0.739428081768104,0.834242688302188,46
2,7,0.850606564320891,0.868244625061222,46
3,7,0.769718094979715,0.463989630258552,46
4,7,0.753541881671979,0.644227318100053,46
1,8,0.896425569846971,0.731643930487774,46
5,8,0.756509706753937,0.594371695751494,46
2,8,0.828179760154503,0.74775560522059,46
3,8,0.769396959409685,0.931579154094992,46
4,8,0.7545646028582,0.355441077396808,46
1,9,0.887620361294952,0.942811529601982,46
5,9,0.810550005405439,0.571300904965944,46
2,9,0.782386248432845,0.859532300483658,46
3,9,0.779498866448985,0.541059746144047,46
4,9,0.743180117831511,0.581049388732377,46
1,10,0.891454116602239,0.861298964856809,46
5,10,0.754823997363295,0.472894504800552,46
2,10,0.839620529252888,0.895745816936922,46
3,10,0.780645982028694,0.501253477867168,46
4,10,0.717751844330702,0.283607275597439,46
1,11,0.890893060803633,0.91543460007012,46
5,11,0.777573449807295,0.268935535860174,46
2,11,0.801800846051965,0.636298455716411,46
3,11,0.775095127997782,0.505519236101659,46
4,11,0.751772677209165,0.722667321774164,46
1,12,0.896080379567683,0.740945957907171,46
5,12,0.817404762284518,0.47316862845146,46
2,12,0.787129916118105,0.82884152476937,46
3,12,0.774074843818384,0.765616677340256,46
4,12,0.750918322727057,0.604667682459272,46
1,13,0.889420570301558,0.88468025243903,46
5,13,0.737343599826762,0.722862523673941,46
2,13,0.864190809609492,0.863455490998667,46
3,13,0.774613862921771,0.424236289033108,46
4,13,0.734375386400134,0.381605205363572,46
1,14,0.891838178137154,0.881554994689206,46
5,14,0.748323974099189,0.257988689955285,46
2,14,0.858749275112553,0.836333005917967,46
3,14,0.783082073849633,0.392926906196368,46
4,14,0.752934885462338,0.224454643913023,46
1,15,0.890705798295381,0.911007100833917,46
5,15,0.770734506522651,-0.0123754981923481,46
2,15,0.830315330906103,0.491631236018405,46
3,15,0.781878329297892,0.116481807698148,46
4,15,0.766874705945791,0.254129081044178,46
1,1,0.912064648453447,0.464734542583249,47
2,1,0.881185311902095,0.682199477977448,47
3,1,0.782600767151356,0.121062808101012,47
4,1,0.786022147006265,0.679770274715615,47
5,1,0.824151028788741,0.514694949596351,47
1,2,0.895937946463411,0.908276244149544,47
2,2,0.864201976739704,0.918876713448954,47
3,2,0.785127552175422,0.190188997320114,47
4,2,0.788254424670513,0.771413023832078,47
5,2,0.807206204388575,0.615919681362672,47
1,3,0.897868219756004,0.941689882353613,47
2,3,0.870545714788966,0.549498576317332,47
3,3,0.775571123197908,0.535580365331717,47
4,3,0.795778779866635,0.676895573210696,47
5,3,0.81665266286609,0.589350971924814,47
1,4,0.901644054586828,0.8239404796672,47
2,4,0.857358956406705,0.907999511400444,47
3,4,0.800610289412451,0.271857518848568,47
4,4,0.818868933127491,-0.0170711671922144,47
5,4,0.826452661701676,0.261588256555517,47
1,5,0.902326528356124,0.888998000355255,47
2,5,0.866879575975422,0.891950615790641,47
3,5,0.785453820634299,0.58531852238082,47
4,5,0.78194906776312,0.528137017798304,47
5,5,0.812697788792534,0.650147859178627,47
1,6,0.90492230995973,0.811507359501161,47
2,6,0.860456897857704,0.249167702825427,47
3,6,0.794470867590202,0.596354520004932,47
4,6,0.798971603401506,0.715228401750497,47
5,6,0.815123718296456,0.4937931075421,47
1,7,0.897880611277716,0.930321535079094,47
2,7,0.859574553706022,0.661115852248892,47
3,7,0.778570227820181,0.827855555576487,47
4,7,0.800429975278244,0.286469648109315,47
5,7,0.811900584146201,0.51231636775414,47
1,8,0.899332175706052,0.864973983305498,47
2,8,0.858366160993205,0.365618921306169,47
3,8,0.804033568402766,0.698218021925183,47
4,8,0.802322900899577,0.271205531662023,47
5,8,0.808422685744007,0.642885007066868,47
1,9,0.904218011656958,0.838360894927556,47
2,9,0.852558600777084,0.799351895538144,47
3,9,0.802399399508404,0.321994649168102,47
4,9,0.805216826883199,0.426373774524137,47
5,9,0.813547550640059,0.649500163803509,47
1,10,0.900186466522983,0.851171216643964,47
2,10,0.84650554474524,0.565347008901638,47
3,10,0.801704246530599,0.612797992147536,47
4,10,0.791386928806564,0.636119445007912,47
5,10,0.818160319195354,0.765056398424309,47
1,11,0.901917515479528,0.827790918985277,47
2,11,0.871807278789072,0.832700093237619,47
3,11,0.774581414274881,0.280772064450527,47
4,11,0.803976843602531,0.514919320466163,47
5,11,0.809838552528994,0.672788843332281,47
1,12,0.897200788919398,0.927226419743161,47
2,12,0.868921819672325,0.649427541267539,47
3,12,0.794391978249849,0.757157906036043,47
4,12,0.791402702767791,0.701146425292807,47
5,12,0.810388201340425,0.151156779484533,47
1,13,0.898348920101527,0.938316767401614,47
2,13,0.851148549294483,0.466176122499407,47
3,13,0.803862717979911,0.781464922580786,47
4,13,0.791380682114168,0.537229655481019,47
5,13,0.803274920317601,0.179597171799423,47
1,14,0.904253110233382,0.80340243152717,47
2,14,0.864396354319979,0.746752750915409,47
3,14,0.793958738947503,0.702632785894293,47
4,14,0.794548669406562,0.252290367972128,47
5,14,0.818354757085313,0.296897295925121,47
1,15,0.903506076897249,0.691566106557729,47
2,15,0.872437417824889,0.452809550587489,47
3,15,0.789895331340564,0.755115462825413,47
4,15,0.801602233444768,0.637179029313697,47
5,15,0.810886342352856,0.464648427122162,47
1,1,0.927528756182214,0.897893410741722,48
5,1,0.880825491689618,0.187772350665468,48
2,1,0.845915962887157,0.826103967552494,48
4,1,0.82691252758017,0.462332515503711,48
3,1,0.868727311791343,0.709725441264178,48
1,2,0.927051944663146,0.876209384966668,48
5,2,0.857542793786185,0.788920027513707,48
2,2,0.864555564764493,0.93871466169732,48
4,2,0.838719351165268,0.281583500440521,48
3,2,0.852519136263784,0.686463996128282,48
1,3,0.927444660337052,0.911120201781563,48
5,3,0.852399866592891,-0.012938786672665,48
2,3,0.881583743589117,0.688165625002053,48
4,3,0.843151908293528,0.31471510628508,48
3,3,0.870334669916895,0.538934859887474,48
1,4,0.929213459612449,0.834148510302815,48
5,4,0.847416821371603,0.719488819239625,48
2,4,0.887437163078538,0.722299916159765,48
4,4,0.822198031742604,0.672256373169493,48
3,4,0.874154550580407,0.642684483359411,48
1,5,0.923974624751468,0.938078640943469,48
5,5,0.862464818050871,0.471430307700553,48
2,5,0.864216460175604,0.179283395332451,48
4,5,0.829307101597512,0.620987332620407,48
3,5,0.874717334077071,0.406208905106064,48
1,6,0.924549345470478,0.948493024737305,48
5,6,0.870200165736669,0.160163806048433,48
2,6,0.866293802914359,0.716074125790853,48
4,6,0.849335586107824,0.484299887996553,48
3,6,0.843979185478778,0.398079439625151,48
1,7,0.928181321355703,0.848522530972018,48
5,7,0.858865178535481,0.731288541310709,48
2,7,0.868070093308048,0.492867526281078,48
4,7,0.868364148881593,0.621090696078381,48
3,7,0.832939973749122,0.200025002384836,48
1,8,0.928841120758201,0.883851286226756,48
5,8,0.841877396185788,0.394701084917977,48
2,8,0.891216272470003,0.79669546013973,48
4,8,0.82991107976996,0.515589290584256,48
3,8,0.874506252587384,0.539720070701678,48
1,9,0.933175347186109,0.642898852687237,48
5,9,0.879950934956012,0.464182680920678,48
2,9,0.846201120968627,0.76933134477982,48
4,9,0.829234120464793,0.635898976728334,48
3,9,0.863168518245373,0.520359666262532,48
1,10,0.927609144379063,0.795392461992891,48
5,10,0.853671006740413,0.371627531713431,48
2,10,0.885537118263357,0.663907481912936,48
4,10,0.838341432228319,0.560969050182424,48
3,10,0.849757382889292,0.536527788549992,48
1,11,0.932316238935702,0.803678981570412,48
5,11,0.849646206930612,0.646949068168567,48
2,11,0.882907455343889,0.667932683375715,48
4,11,0.846028488749988,0.327845536016253,48
3,11,0.847680732955862,0.675656144391488,48
1,12,0.924866216863035,0.917155757079177,48
5,12,0.847691060264128,0.0578346391112132,48
2,12,0.884744804642964,0.308232244196409,48
4,12,0.841122636120055,0.568784132975626,48
3,12,0.848141240731109,0.102696209410332,48
1,13,0.934039850831032,0.762962923902162,48
5,13,0.882010771257509,0.540354630381907,48
2,13,0.850048204705043,0.793138934858498,48
4,13,0.821704581200781,0.479141515098856,48
3,13,0.875507837879381,0.687605033803715,48
1,14,0.926916698048313,0.916846552673678,48
5,14,0.845941754070805,0.525716616637935,48
2,14,0.88801861103129,0.848478697316848,48
4,14,0.837092218221717,0.452461146774108,48
3,14,0.857822155164583,0.758728245450763,48
1,15,0.924246114160172,0.900751446509366,48
5,15,0.854173275787117,0.50050190052337,48
2,15,0.874368973109503,0.789845190111939,48
4,15,0.834933683849144,0.78754815512901,48
3,15,0.862715084807926,0.393815348042156,48
1,1,0.911284932380526,0.90551554482222,49
3,1,0.799655821139827,0.707234053745473,49
2,1,0.833837185961756,0.598874301087446,49
4,1,0.804775201828595,0.717251233655674,49
5,1,0.834360095844862,0.242266967950946,49
1,2,0.905192673795672,0.96062797219426,49
3,2,0.807669941109906,0.7084435545058,49
2,2,0.839848093649214,0.665439375291402,49
4,2,0.807618886017281,0.762921202742928,49
5,2,0.832171944465896,0.635421959964974,49
1,3,0.923910212740018,0.424085092502817,49
3,3,0.794962076466862,0.498899132042559,49
2,3,0.852814993035886,0.832460146172577,49
4,3,0.803938601384183,0.739218339875454,49
5,3,0.827106597692914,0.364042255480558,49
1,4,0.908188320582678,0.89606511598214,49
3,4,0.800553753151658,0.70034297772228,49
2,4,0.847778289806495,0.66404723003955,49
4,4,0.805143118716226,0.620710391112586,49
5,4,0.836251838005169,0.133322466610431,49
1,5,0.916739579684435,0.655109815793523,49
3,5,0.800751827357383,0.504239715016239,49
2,5,0.844736658895706,0.621088560164301,49
4,5,0.813712663339757,0.102035206989906,49
5,5,0.823687790045052,0.43923338922638,49
1,6,0.911985298352926,0.882746534404428,49
3,6,0.80083363514952,0.179456243642231,49
2,6,0.844075018556412,0.745694800065854,49
4,6,0.812144149236948,0.599268244554525,49
5,6,0.819796713274518,0.739096342002568,49
1,7,0.9104599859155,0.907654262854156,49
3,7,0.812561072980599,0.621218549773744,49
2,7,0.825765024181873,0.83215652233605,49
4,7,0.816727566871435,0.223379510444125,49
5,7,0.819226135734767,0.758010987132133,49
1,8,0.912275771786016,0.909045046518892,49
3,8,0.813330620092721,0.383236170622945,49
2,8,0.833056214442558,0.835761924593207,49
4,8,0.826104622069303,0.345440361857303,49
5,8,0.825482974754619,0.720938516472571,49
1,9,0.910557557921942,0.875787831419384,49
3,9,0.811444088816441,0.596385788251128,49
2,9,0.834376490715494,0.403976733561271,49
4,9,0.801053239041868,0.553607690101254,49
5,9,0.832526133348747,0.429257806261101,49
1,10,0.9071515097115,0.949457773820189,49
3,10,0.796667715703373,0.410534900687469,49
2,10,0.849031160805898,0.666345818151,49
4,10,0.811176925310568,0.790721199198146,49
5,10,0.823588637745706,0.48568066069933,49
1,11,0.906956992354245,0.952823358565841,49
3,11,0.803860980160142,0.316850015727746,49
2,11,0.832397917026034,0.396647313340691,49
4,11,0.818197937237538,0.244891570402178,49
5,11,0.827661942322916,0.374427095252136,49
1,12,0.912032678554697,0.879811625726728,49
3,12,0.800085883527347,0.709275916507421,49
2,12,0.850252444900359,0.781513570380184,49
4,12,0.804133281822697,0.732544021332845,49
5,12,0.828735144891868,0.617335179105531,49
1,13,0.912121273757185,0.905708218114775,49
3,13,0.787399022663338,0.549927364430754,49
2,13,0.85602923777417,0.518489456037216,49
4,13,0.815716614238228,0.407253538017276,49
5,13,0.825191484788421,0.336924407863607,49
1,14,0.911216788988218,0.835764082668378,49
3,14,0.792382974524369,0.649310106134743,49
2,14,0.84405665863307,0.804060587720019,49
4,14,0.800415698611517,0.498457116277638,49
5,14,0.830937947607094,0.73224789718613,49
1,15,0.91534281793175,0.884568250560417,49
3,15,0.788467387291699,0.675620942726897,49
2,15,0.849615222419373,0.551888422108963,49
4,15,0.817240994714698,0.702584099505471,49
5,15,0.827228592956427,0.32248338689207,49
1,1,0.927931722083441,0.827242953506153,50
2,1,0.899795612087865,0.779220028609845,50
3,1,0.83118558474939,0.32995555817266,50
4,1,0.854112498416936,0.593508311983333,50
5,1,0.8233360467326,0.586088564402123,50
1,2,0.925477893174024,0.93120407827734,50
2,2,0.904983380097722,0.37607185412243,50
3,2,0.820168215717827,0.800245977162029,50
4,2,0.856610363772474,0.339334227259223,50
5,2,0.828870198033002,-0.233846384905354,50
1,3,0.924949612119935,0.91153711894439,50
2,3,0.908928892060986,0.618671145992474,50
3,3,0.837085924486309,0.102392282942697,50
4,3,0.854196359706533,0.723006766058305,50
5,3,0.834693254355469,0.288479131970264,50
1,4,0.928222498015579,0.854316311684948,50
2,4,0.903391572728738,0.760925024818263,50
3,4,0.829364812391446,0.633423834968323,50
4,4,0.870188602581324,0.54199125625163,50
5,4,0.816360731260747,0.629448251586429,50
1,5,0.924442458828687,0.949617329315675,50
2,5,0.904076215047452,0.587649315592901,50
3,5,0.824323374612814,0.613901326721524,50
4,5,0.855163272653392,0.256646513412845,50
5,5,0.818056250982967,0.773926355713304,50
1,6,0.928316212041381,0.908356294127651,50
2,6,0.900087923952472,0.75596660947392,50
3,6,0.827897596228554,0.710644671570193,50
4,6,0.858105267253596,0.738145379114684,50
5,6,0.82517034449769,0.128549764075113,50
1,7,0.928245910966098,0.856507974707207,50
2,7,0.899577626470681,0.761215522197273,50
3,7,0.828502909094626,0.646662473980036,50
4,7,0.847229891156822,0.715092827483307,50
5,7,0.819146126914388,0.45046228163321,50
1,8,0.937259940542463,0.504191380885115,50
2,8,0.905819477293177,0.689179794360684,50
3,8,0.846083996060343,0.331953019175139,50
4,8,0.857423093689527,0.680235193501604,50
5,8,0.818495911538195,0.630504108081093,50
1,9,0.932585264480719,0.72417367058984,50
2,9,0.904182510250737,0.710601074701009,50
3,9,0.823426421143975,0.632432620670155,50
4,9,0.864552470559958,0.481211996251016,50
5,9,0.833038846946634,-0.136552761345651,50
1,10,0.927762766414862,0.87598313841174,50
2,10,0.905994015817692,0.348834971778663,50
3,10,0.82071348115152,0.823523801115584,50
4,10,0.853296536042505,0.587353290923624,50
5,10,0.830684953943211,0.366604221056839,50
1,11,0.924919779101386,0.904040954469091,50
2,11,0.899157408940732,0.488528876463221,50
3,11,0.823231504736675,0.751939858334943,50
4,11,0.85020830661011,0.485444468481089,50
5,11,0.827045543100193,0.602610750391592,50
1,12,0.928124626174484,0.90058235672342,50
2,12,0.904233292402459,0.818923379057184,50
3,12,0.825382821340124,0.818602182706743,50
4,12,0.863806692531819,0.397657488785279,50
5,12,0.827454508083984,0.610137244631539,50
1,13,0.927139706217276,0.833451634731633,50
2,13,0.900037300213555,0.914833937543305,50
3,13,0.82763982036105,0.573566290593106,50
4,13,0.849739700486939,0.781056080323715,50
5,13,0.827952231304825,0.501663866695257,50
1,14,0.929966004848705,0.88082232998258,50
2,14,0.909008860459365,0.414963457188522,50
3,14,0.828721111591667,0.571588225730488,50
4,14,0.858415948352941,0.428306647258233,50
5,14,0.811621120917836,0.743852189842673,50
1,15,0.923064192774637,0.964744255947566,50
2,15,0.902745650989607,0.673004620418006,50
3,15,0.831813699467429,0.477482549580001,50
4,15,0.864265315712315,0.25959114402882,50
5,15,0.808822814630735,0.280503361401556,50
1,1,0.935040815420535,0.835671574880494,51
2,1,0.908762493555056,0.230005262868132,51
5,1,0.863156141842666,0.798169027475355,51
4,1,0.838773819411732,0.854192091545647,51
3,1,0.86610842581922,0.699060826336204,51
1,2,0.931070356643475,0.899841734422332,51
2,2,0.899212233503575,0.875853660762983,51
5,2,0.858552399690052,0.745960281454673,51
4,2,0.857046302739637,0.412753657722053,51
3,2,0.867709040014688,0.528545109924608,51
1,3,0.932579902585592,0.870008157337976,51
2,3,0.905483184212074,0.617354791084546,51
5,3,0.853216844556956,0.330208452244885,51
4,3,0.866736423046042,0.150762436984076,51
3,3,0.876770469773127,0.77957688223986,51
1,4,0.932105878742186,0.860204321260314,51
2,4,0.908397991403732,0.402516316980698,51
5,4,0.859292464538475,0.571959381268713,51
4,4,0.839563977370437,0.530316574176295,51
3,4,0.876367467304604,0.548739996056407,51
1,5,0.931736918690093,0.90743756383832,51
2,5,0.900983295178603,0.406442687461724,51
5,5,0.845620061788845,0.574486330079072,51
4,5,0.852392436115523,0.348240414757467,51
3,5,0.884340195050828,0.228117907043694,51
1,6,0.931168501646114,0.913216822628052,51
2,6,0.896159805408193,0.753328860111412,51
5,6,0.843727563329064,0.773241066113269,51
4,6,0.857836120972581,0.554345543577038,51
3,6,0.87521372866925,0.743514462694051,51
1,7,0.931894115170866,0.908112719189265,51
2,7,0.901349580068432,0.605183941861028,51
5,7,0.858135917164572,0.755535719543197,51
4,7,0.841042548702461,0.647364091466689,51
3,7,0.877794146497196,0.370216604444407,51
1,8,0.931675630077747,0.912020226148071,51
2,8,0.902638372114011,0.774604832251525,51
5,8,0.856249566829594,0.464145806279558,51
4,8,0.840041174636935,0.759160691775743,51
3,8,0.872447802803061,0.611691470143518,51
1,9,0.932374885732465,0.877531336506507,51
2,9,0.896754674486828,0.578350585761029,51
5,9,0.871323973896761,0.427603959431823,51
4,9,0.844903219852944,0.621275167477646,51
3,9,0.866559585986391,0.388024648807331,51
1,10,0.93113519380296,0.921978058668943,51
2,10,0.903564977985818,0.521752188573071,51
5,10,0.854062584237768,0.617999495662373,51
4,10,0.845606322882107,0.831693731487236,51
3,10,0.872411979972527,0.629066856106264,51
1,11,0.938300434445599,0.685577077092857,51
2,11,0.900259488742745,0.773521830833695,51
5,11,0.863350320346632,0.375063551256369,51
4,11,0.849629212695821,0.206641357112658,51
3,11,0.865364063142792,0.392950303245799,51
1,12,0.934905659844747,0.807875044949954,51
2,12,0.904150591161055,0.805337369027238,51
5,12,0.86617516752646,0.424937192244407,51
4,12,0.871994946011371,0.702131222073059,51
3,12,0.839347504357335,0.825733208455165,51
1,13,0.931870174621529,0.909538744745761,51
2,13,0.901205984038088,0.646855741113294,51
5,13,0.850730495485743,0.476635614491789,51
4,13,0.851842982122917,0.741383705675762,51
3,13,0.867190128267765,0.597912849373815,51
1,14,0.930136361146482,0.926236514557191,51
2,14,0.900992730338178,0.551012625670592,51
5,14,0.85177464661429,0.582523075342402,51
4,14,0.841786339109513,0.879595968950315,51
3,14,0.864665454647381,0.852062321859402,51
1,15,0.93401406419085,0.852407804452158,51
2,15,0.902956331507443,0.53632313974516,51
5,15,0.857526256389608,0.705908877845422,51
4,15,0.83947344632882,0.534832893366931,51
3,15,0.868774946691192,0.581626401653787,51
1,1,0.910542608086378,0.764474975168945,52
4,1,0.812543340942616,0.226258986389257,52
2,1,0.808149362500085,0.786590783814007,52
3,1,0.819295300784936,0.24440622189002,52
5,1,0.769892072863398,0.805900444301554,52
1,2,0.908068070843032,0.895467589195386,52
4,2,0.846605486099665,0.67243175627865,52
2,2,0.767941385943233,0.617078657532649,52
3,2,0.807077946023239,0.498710475281648,52
5,2,0.773165022242267,0.253483918981648,52
1,3,0.91209404513574,0.858149133375143,52
4,3,0.836269718690521,0.378937357723051,52
2,3,0.783489275966666,0.708905459064384,52
3,3,0.820732486811919,0.212700960551472,52
5,3,0.766177162270593,0.590371787544906,52
1,4,0.909470363484545,0.856728667466947,52
4,4,0.859844940840581,0.418313591740723,52
2,4,0.757002537356744,0.851533584590923,52
3,4,0.806183612992278,0.589092429218425,52
5,4,0.779117929597941,0.417543964627821,52
1,5,0.91726593403596,0.831583197012358,52
4,5,0.776417196293375,-0.302540873037011,52
2,5,0.857207363847202,0.911609749297271,52
3,5,0.822539802949057,0.211884140299274,52
5,5,0.771304730932924,-0.259275324041244,52
1,6,0.906028134483119,0.922609578240968,52
4,6,0.856495566653907,0.472161905028542,52
2,6,0.755752008659219,0.573778153180066,52
3,6,0.810751863515393,0.703143829898065,52
5,6,0.769713446787927,-0.0792805450040141,52
1,7,0.909925939411175,0.885557361070149,52
4,7,0.819603205071813,0.17040471947517,52
2,7,0.789334108881545,0.670224378105421,52
3,7,0.8178159423683,0.50550353066792,52
5,7,0.769702669227002,0.427519392309618,52
1,8,0.91770657655757,0.717032604023819,52
4,8,0.789751935451609,0.300773167633148,52
2,8,0.823326258056532,0.8559893565524,52
3,8,0.815311778331883,0.818754649578182,52
5,8,0.765647675609316,0.525468696107308,52
1,9,0.907521581540888,0.949253809008663,52
4,9,0.860230827377185,0.440316421244318,52
2,9,0.764139265850391,0.532672385301167,52
3,9,0.807403541502511,0.769762711180116,52
5,9,0.773089023739019,0.315960483943242,52
1,10,0.910316803366085,0.893728144249482,52
4,10,0.804498933776289,0.474038858535758,52
2,10,0.819164007685213,0.622429922023892,52
3,10,0.813185899597984,0.603032324907416,52
5,10,0.769304390739236,-0.307126426117387,52
1,11,0.911495380219672,0.862973365810059,52
4,11,0.863971979027429,-0.0369271271805251,52
2,11,0.759616106211739,0.737652518076076,52
3,11,0.813064689438807,0.68694544864491,52
5,11,0.780062783576621,0.219395178276728,52
1,12,0.907096622314418,0.924052988566786,52
4,12,0.805900036838669,0.636834759485881,52
2,12,0.804802432084785,0.82420388030649,52
3,12,0.800798638892171,0.642069395045373,52
5,12,0.769640316156359,0.135035819923034,52
1,13,0.910067100859374,0.888819164312747,52
4,13,0.838777957713616,0.551321820247344,52
2,13,0.774393714089235,0.642603749837681,52
3,13,0.816769614102273,0.40463049966892,52
5,13,0.768129464879504,0.366075802826974,52
1,14,0.917619663431226,0.655024113003846,52
4,14,0.838142939801336,0.208529835900337,52
2,14,0.78480218731176,0.628337985469154,52
3,14,0.810684934567894,0.594658072763033,52
5,14,0.766891485367277,0.701475282026617,52
1,15,0.909097806074763,0.92242959888848,52
4,15,0.849241212312955,0.786575139249057,52
2,15,0.768654915403564,0.469909953539487,52
3,15,0.803568008014008,0.782879934529825,52
5,15,0.773663360767873,0.509312032789841,52
1,1,0.910718648809694,0.960783111170138,53
4,1,0.784629128449221,0.587363779030152,53
2,1,0.879344808744508,0.334301773822503,53
3,1,0.799807026307505,0.782868927500394,53
5,1,0.781644812690797,0.671126820658692,53
1,2,0.9088046435808,0.929512254572658,53
4,2,0.790339740521403,0.531705760594193,53
2,2,0.876436945503783,0.759341732607411,53
3,2,0.806070224527816,0.468459225164424,53
5,2,0.776705288818575,0.307288841731052,53
1,3,0.92323812059054,0.69378450284736,53
4,3,0.789598080000139,0.58979029021801,53
2,3,0.87198424080672,0.786016346045793,53
3,3,0.818032831611413,0.400907968130336,53
5,3,0.783864802345599,0.494414380028915,53
1,4,0.915384231296198,0.904432901558377,53
4,4,0.817266435215647,0.218680430655605,53
2,4,0.832184810331824,0.861682883654895,53
3,4,0.82053433925667,0.535821781181348,53
5,4,0.779440468126912,0.491135168271944,53
1,5,0.911352080218643,0.932631399786251,53
4,5,0.794924802795903,0.54753930284943,53
2,5,0.851690251454978,0.779309495030879,53
3,5,0.80925544645317,0.474754331152126,53
5,5,0.774788652579975,0.232848454791996,53
1,6,0.913005918299985,0.928768160187211,53
4,6,0.79494787867329,0.452234549397382,53
2,6,0.872755296880362,0.777801077696929,53
3,6,0.808266006738475,0.42567309278301,53
5,6,0.77750215109651,0.372339240921076,53
1,7,0.916911742879376,0.769972685690343,53
4,7,0.793047506104966,0.612043182473147,53
2,7,0.873699765785693,0.652566481808661,53
3,7,0.795299693651672,0.865777778779108,53
5,7,0.776286594807932,0.370120018537645,53
1,8,0.916387695634299,0.774507007675101,53
4,8,0.814083618837262,0.746386247037382,53
2,8,0.840324797267354,0.811487296758033,53
3,8,0.805941478520703,0.724327766760052,53
5,8,0.770873343021668,0.375327609060426,53
1,9,0.91292981302337,0.931243664696318,53
4,9,0.791518821245536,0.700668608928739,53
2,9,0.859146551422809,0.832801223464684,53
3,9,0.811786747052699,0.109449412190953,53
5,9,0.772396036192037,0.653753997182793,53
1,10,0.914065436357859,0.909740392197503,53
4,10,0.779786131610747,0.720585428654938,53
2,10,0.876756880420436,0.536474242434326,53
3,10,0.814459060397753,0.756836078708489,53
5,10,0.770639793820591,0.404108103233644,53
1,11,0.914841091019052,0.901372075295877,53
4,11,0.788339391214088,0.0705599176892865,53
2,11,0.873557225528074,0.8236252675501,53
3,11,0.810726269119627,0.851766411513813,53
5,11,0.773480195554885,0.243068045367051,53
1,12,0.91506890565498,0.885638972146344,53
4,12,0.78419824108783,0.604610815899226,53
2,12,0.85659940241148,0.834783938955534,53
3,12,0.814502335877326,0.282212348214147,53
5,12,0.774680635838062,0.0596058912646531,53
1,13,0.914002745872328,0.889952971202559,53
4,13,0.789145381662422,0.456827599996993,53
2,13,0.868884452172772,0.749442482421832,53
3,13,0.803114052245309,0.720311346144158,53
5,13,0.777032334561401,0.0808125614303133,53
1,14,0.917461742333769,0.826877683721249,53
4,14,0.784021219349399,0.479758189697319,53
2,14,0.878527270766107,0.554161977951414,53
3,14,0.812827623771739,0.530850171131592,53
5,14,0.768143861420782,0.652105827212018,53
1,15,0.918380909809227,0.841201604323039,53
4,15,0.789997465539208,0.343211555728572,53
2,15,0.879695547346178,0.643314297239053,53
3,15,0.814617208578464,0.141304126212724,53
5,15,0.773691376431873,0.0364774434416252,53
1,1,0.96365942950182,0.946018022259941,54
2,1,0.96084898195025,0.432302529103653,54
3,1,0.92674519295793,0.57936796536014,54
4,1,0.908427420593115,0.557521135724807,54
5,1,0.927622837088095,0.484204021975919,54
1,2,0.964152391179458,0.888348130805066,54
2,2,0.961536400219208,0.67142425454065,54
3,2,0.927897129589566,0.749820343724506,54
4,2,0.913440480600109,0.388669927347001,54
5,2,0.921709561857353,0.542456658548249,54
1,3,0.962375838843242,0.880515720954815,54
2,3,0.960918183370526,0.750811566243125,54
3,3,0.926627980273091,0.58072025582304,54
4,3,0.912943777645793,0.426457928103326,54
5,3,0.914832993652511,0.725398492586691,54
1,4,0.961936330034905,0.924765266655965,54
2,4,0.961141208485642,0.691107664223331,54
3,4,0.923087426601987,0.647343519140431,54
4,4,0.916157901838581,0.345672692402066,54
5,4,0.919320883897417,0.341101472799192,54
1,5,0.962561854865335,0.924707985211733,54
2,5,0.958875854703409,0.84835152707267,54
3,5,0.935205099329726,0.544765620435364,54
4,5,0.90773394205575,0.634868375469272,54
5,5,0.919396671787976,0.270226474462652,54
1,6,0.963017314629393,0.878443680204209,54
2,6,0.9592704281197,0.658027833768448,54
3,6,0.924686482829647,0.555531461014112,54
4,6,0.908497362596245,0.706511874740118,54
5,6,0.912470258440004,0.790688557283834,54
1,7,0.962566985496432,0.889832017272336,54
2,7,0.961282439581375,0.61771233639648,54
3,7,0.922126161454818,0.500455367532828,54
4,7,0.918885874469729,0.141218255370109,54
5,7,0.91875899076568,0.525276201967472,54
1,8,0.964257674851875,0.803622162095809,54
2,8,0.957678035812976,0.882983690025873,54
3,8,0.925932187359137,0.658034083356986,54
4,8,0.90964034668328,0.582711509254901,54
5,8,0.916895195488405,0.505835917768709,54
1,9,0.963894238512579,0.798935041191836,54
2,9,0.959572350675473,0.74998095633532,54
3,9,0.929117882501532,0.572482594922768,54
4,9,0.91306436141178,0.345765506527312,54
5,9,0.920019195158693,0.341942969475803,54
1,10,0.962592250400415,0.917834248931612,54
2,10,0.960306285790037,0.740875999426373,54
3,10,0.927449939885184,0.450499410453518,54
4,10,0.907441117544115,0.864994065266405,54
5,10,0.916869328336936,0.375779526708912,54
1,11,0.964126084119515,0.86673906859579,54
2,11,0.959717107728957,0.63143134882367,54
3,11,0.923807936581164,0.852401065831038,54
4,11,0.908333906166672,0.80426815225594,54
5,11,0.920380974598876,0.858991775215268,54
1,12,0.961301698928332,0.920344312075921,54
2,12,0.961759183099276,0.652193507731358,54
3,12,0.924513864986954,0.603067440229045,54
4,12,0.91182232583518,0.631992688260486,54
5,12,0.917109350986801,0.321368959538356,54
1,13,0.96461802467076,0.776393207860929,54
2,13,0.956773912469634,0.764664293106679,54
3,13,0.921739348999665,0.86247538099857,54
4,13,0.909054533341435,0.529715598271674,54
5,13,0.91891581245136,0.461532408623596,54
1,14,0.961265432590088,0.919638493890247,54
2,14,0.958701304074833,0.641885599685469,54
3,14,0.922810124041584,0.877335945851274,54
4,14,0.912580119881618,0.505676919610254,54
5,14,0.92000703786274,0.339009223811216,54
1,15,0.966238565436469,0.675749044182847,54
2,15,0.960002715866244,0.883163534005033,54
3,15,0.92729307946001,0.416760554090986,54
4,15,0.911535747431982,0.63841119352273,54
5,15,0.924394717525852,0.377861580378537,54
1,1,0.892327669768421,0.859879482685656,55
5,1,0.725956065452847,0.713951425960299,55
2,1,0.836339639034881,0.632497435146216,55
3,1,0.731231669917411,0.678491133422364,55
4,1,0.784867888501502,0.359526270417916,55
1,2,0.888035226899982,0.899024292079607,55
5,2,0.736707293377257,0.704258684721257,55
2,2,0.829634841418968,0.743787204088729,55
3,2,0.757434841958788,0.806946432041478,55
4,2,0.748332011634803,0.847522679675636,55
1,3,0.89784838582073,0.697996204309058,55
5,3,0.727420623788025,0.579092522181912,55
2,3,0.83615792367783,0.841211001032196,55
3,3,0.7424419340953,0.66523484659567,55
4,3,0.767859735972671,0.604130634713871,55
1,4,0.891379355522507,0.871333420174191,55
5,4,0.722189276921996,0.521774283670775,55
2,4,0.837721475303846,0.66261731199627,55
3,4,0.754286059649265,0.224372682352337,55
4,4,0.761731818628959,0.634255627807146,55
1,5,0.889604134552548,0.891348986963184,55
5,5,0.705052134117237,0.822057985668718,55
2,5,0.854114103600856,0.62318461708152,55
3,5,0.776047363380866,0.421230144997123,55
4,5,0.753516103847794,0.363681656096369,55
1,6,0.895410914483876,0.779991725503431,55
5,6,0.73351666401086,0.362835493157883,55
2,6,0.822317852046676,0.463074391171143,55
3,6,0.743898972161639,0.246110272046239,55
4,6,0.797557826735353,0.185347854512977,55
1,7,0.889378100882895,0.881759348711049,55
5,7,0.738479842110283,0.180735812408884,55
2,7,0.838942856366321,0.747379279773512,55
3,7,0.729602370546051,0.25019478836368,55
4,7,0.791780184519591,0.0443515967708369,55
1,8,0.889511385187361,0.876121578188467,55
5,8,0.718191440367189,0.461712098651972,55
2,8,0.849366792581568,0.62656249290727,55
3,8,0.743496489777955,0.595266941665555,55
4,8,0.757880827288524,0.503154765456108,55
1,9,0.897122945421474,0.702241328406792,55
5,9,0.748586051285433,-0.127285552813757,55
2,9,0.814338287558796,0.719953455460357,55
3,9,0.760294620250193,0.327026892797794,55
4,9,0.785866513040483,0.56188320652631,55
1,10,0.890739299679732,0.898123736670585,55
5,10,0.727979664552386,0.422958989844339,55
2,10,0.851916140967075,0.581983077371518,55
3,10,0.760330326742373,0.526227187611317,55
4,10,0.751448850505925,0.426569297390061,55
1,11,0.886585260881656,0.897279965806884,55
5,11,0.788479671237818,0.248148306124407,55
2,11,0.754662188087195,0.874726705449397,55
3,11,0.766693302541098,0.512338415101942,55
4,11,0.773058274118738,0.158127562582829,55
1,12,0.887015152512087,0.951103947044084,55
5,12,0.725667179827498,0.595526874950094,55
2,12,0.823110880214411,0.739341559311232,55
3,12,0.748913064476681,0.801826197428304,55
4,12,0.750819505223602,0.245274075890298,55
1,13,0.889378465461696,0.890905393062765,55
5,13,0.722936252374343,0.417897646672641,55
2,13,0.837414948508404,0.934050284840853,55
3,13,0.763741131656427,0.531671381520255,55
4,13,0.779369790680969,0.697725630953662,55
1,14,0.890662123644091,0.879191203456557,55
5,14,0.72976456203524,0.545083698946209,55
2,14,0.839063685665887,0.76116104075366,55
3,14,0.752451283660745,0.686610392381552,55
4,14,0.744246524105828,0.626176838629255,55
1,15,0.889912249677903,0.882326791290109,55
5,15,0.717600956014016,0.142622292050029,55
2,15,0.840854325963026,0.823948734359785,55
3,15,0.785547766676115,0.622806889158759,55
4,15,0.729167621104916,0.49003392219376,55
1,1,0.923693566066173,0.528759591702662,56
3,1,0.86519176813696,0.235801172720599,56
4,1,0.756518978229885,0.912199341480017,56
2,1,0.815633369716415,0.334347119534604,56
5,1,0.782214843909604,0.103439923871867,56
1,2,0.910323248054296,0.882973322564366,56
3,2,0.857378345030045,0.365010270955597,56
4,2,0.779483896711945,0.569066616873627,56
2,2,0.815967965835445,0.641171100938479,56
5,2,0.785317968429211,0.609421585405707,56
1,3,0.911818905238405,0.876911459243007,56
3,3,0.862696607514375,0.814769066498952,56
4,3,0.765333707734262,0.8728126175338,56
2,3,0.801257663784759,0.833747060324997,56
5,3,0.7768598530603,0.628175839751285,56
1,4,0.91208481787565,0.917460444127382,56
3,4,0.859447809843098,0.692985323563612,56
4,4,0.779492192282641,0.583406888935431,56
2,4,0.811069610846848,0.66036610966896,56
5,4,0.771024471192578,0.505926119849984,56
1,5,0.914386178274811,0.863495502168538,56
3,5,0.868504735995634,0.501257418712735,56
4,5,0.776286070961527,0.641238271617096,56
2,5,0.818254896045246,0.442026961114181,56
5,5,0.783020855891593,0.532985616335599,56
1,6,0.90799056878962,0.951216101055445,56
3,6,0.860864900346675,0.434781014804815,56
4,6,0.763211582433731,0.57791572923446,56
2,6,0.815686458664475,0.725798666055972,56
5,6,0.787294462698092,0.229306683708974,56
1,7,0.915066381599529,0.830027499834473,56
3,7,0.862278392943682,0.781408242124316,56
4,7,0.776403492107549,0.338466604808995,56
2,7,0.824379521647451,0.661583637634818,56
5,7,0.779284642121995,0.686441696480814,56
1,8,0.907805024133899,0.946932152711836,56
3,8,0.856382386823968,0.808869017161937,56
4,8,0.762369641718794,0.769552155366118,56
2,8,0.806107418919526,0.625058525775884,56
5,8,0.793038693358088,0.48595048514771,56
1,9,0.90847147632285,0.963299767878504,56
3,9,0.848818678496653,0.574322244160026,56
4,9,0.782057068558095,0.764284855332933,56
2,9,0.815476272911249,0.545256784166104,56
5,9,0.793150476932642,0.537681823877664,56
1,10,0.91475287041995,0.841855911965819,56
3,10,0.860097149855022,0.471476756992612,56
4,10,0.768577269999436,0.688128968312137,56
2,10,0.819639442620431,0.418661603401878,56
5,10,0.790687741974725,0.0448464834772888,56
1,11,0.91296324143766,0.870131628455574,56
3,11,0.864633133118807,0.579510364100597,56
4,11,0.782455509045329,0.290268236999295,56
2,11,0.807162916661875,0.464490570492051,56
5,11,0.795350310386695,-0.0322280403946888,56
1,12,0.913016204751299,0.906555503940503,56
3,12,0.8674174415296,0.816308519685865,56
4,12,0.772102208748857,0.40539952606935,56
2,12,0.806817810967445,0.687906293257599,56
5,12,0.783508513775829,0.416616869252484,56
1,13,0.912683381103701,0.838362254714738,56
3,13,0.861568272287932,0.0785189439669179,56
4,13,0.79155021158487,-0.40687044386474,56
2,13,0.81409618406623,0.605606536741021,56
5,13,0.784304642427509,0.546257172441946,56
1,14,0.909421477639002,0.936963880016773,56
3,14,0.85723271787542,0.756660450514896,56
4,14,0.776579290116135,-0.0139216608013253,56
2,14,0.813550122260108,0.581328166639361,56
5,14,0.790683192803727,0.77073688204459,56
1,15,0.913887953544546,0.795814077186461,56
3,15,0.844351982227079,0.744104463539296,56
4,15,0.771275212585846,0.595516426657005,56
2,15,0.819695428727269,0.608438153095138,56
5,15,0.784218810284753,0.475773680006393,56
1,1,0.926985196862302,0.896358243318164,57
2,1,0.909866890851523,0.650382799373908,57
4,1,0.847676463606514,0.430444909467938,57
3,1,0.840780490492334,0.706318403246644,57
5,1,0.860551273789902,0.225869428576167,57
1,2,0.924550926318957,0.932825702982903,57
2,2,0.90806680154015,0.640206349877082,57
4,2,0.844083841249028,0.565268202949613,57
3,2,0.844970540193333,0.43035551657656,57
5,2,0.860630098035751,-0.402386707601474,57
1,3,0.926721359181296,0.862483251359534,57
2,3,0.905023864793598,0.874872712503376,57
4,3,0.855872992592863,0.550679994808017,57
3,3,0.837617212739307,0.81512724480059,57
5,3,0.858587901242303,0.293576927068154,57
1,4,0.930897626992124,0.826762067958621,57
2,4,0.910907090863471,0.625248742624254,57
4,4,0.840252597611871,0.814092181577489,57
3,4,0.845299105924197,0.487359775654935,57
5,4,0.866233551554442,0.625306079787464,57
1,5,0.927732914425867,0.881382895737724,57
2,5,0.908628072360078,0.75085289403225,57
4,5,0.845923711887146,0.576193411742019,57
3,5,0.842463104900792,0.693826592987974,57
5,5,0.861142632885991,0.16646364434561,57
1,6,0.92569357844354,0.892711592400219,57
2,6,0.913155912177245,0.615608742611256,57
4,6,0.845592590599388,0.335026971787381,57
3,6,0.847561222477605,0.745339036189773,57
5,6,0.866378865913757,0.705522544942653,57
1,7,0.925167171673967,0.932812917221683,57
2,7,0.909992939563461,0.736519106970191,57
4,7,0.844270192165557,0.596114446355135,57
3,7,0.840271671713677,0.649994348322926,57
5,7,0.865599129600875,0.738289161264802,57
1,8,0.934262354056641,0.449085204144008,57
2,8,0.907770410636059,0.743066321925998,57
4,8,0.847911171222238,0.523671371166946,57
3,8,0.861590639517246,0.382934686856783,57
5,8,0.869683504982538,0.551518003366733,57
1,9,0.928437278829046,0.868180568814315,57
2,9,0.911092820391401,0.647740267980982,57
4,9,0.853916728044227,0.510609350014087,57
3,9,0.840182070023261,0.846363114297259,57
5,9,0.860554967145279,0.386436617004131,57
1,10,0.927410039970844,0.821357605788414,57
2,10,0.904384887309121,0.7084204644642,57
4,10,0.841012451494655,0.469614162182382,57
3,10,0.838005695464635,0.529672195157449,57
5,10,0.867191376318865,0.680805897077583,57
1,11,0.926662092095919,0.888667670305093,57
2,11,0.911089103439103,0.529827979082444,57
4,11,0.840802768448285,0.793546596200488,57
3,11,0.844353971348456,0.627555765981075,57
5,11,0.86205788626349,-0.419330642147573,57
1,12,0.938393274540103,0.65523501249652,57
2,12,0.907331832138209,0.706702601052519,57
4,12,0.84518990410074,-0.218317185400604,57
3,12,0.843967408308004,0.632364861081589,57
5,12,0.859746467864078,0.455688519657868,57
1,13,0.926196699275283,0.907330087359152,57
2,13,0.911854103460375,0.830798088786424,57
4,13,0.840247012408785,0.74492645756594,57
3,13,0.843846427607379,0.291465699014911,57
5,13,0.857255411519691,0.221811259792435,57
1,14,0.927279024987779,0.921480809331042,57
2,14,0.912546286670568,0.809768490953322,57
4,14,0.844661713959192,0.822582829308416,57
3,14,0.854100494977426,0.426548773299231,57
5,14,0.856501588789924,0.474706963721578,57
1,15,0.92681059323389,0.933645435587522,57
2,15,0.906688641303012,0.55113902446677,57
4,15,0.853714045361142,0.400946238841308,57
3,15,0.854648453667772,0.530320528563927,57
5,15,0.862479232599237,0.488513667136961,57
1,1,0.935962994277392,0.839058513714016,58
5,1,0.858264003627627,0.671472868145597,58
2,1,0.882587529500442,0.786927216124345,58
3,1,0.848932785606273,0.386225506016864,58
4,1,0.828373226878,0.800960386748946,58
1,2,0.931839445357286,0.940864899035678,58
5,2,0.859037305545721,0.223490058761018,58
2,2,0.87112191244872,0.474240946121604,58
3,2,0.843191328336691,0.574476924599415,58
4,2,0.85947745634162,0.258723246592641,58
1,3,0.936855033916528,0.81286676890124,58
5,3,0.848140834418151,0.379772828823984,58
2,3,0.897713319041985,0.885717564800296,58
3,3,0.831170117483217,0.589312165051794,58
4,3,0.832832881605862,0.407059939111283,58
1,4,0.93388990546628,0.873081520639195,58
5,4,0.895330713687011,0.552796035593693,58
2,4,0.835468096385905,0.751915705612937,58
3,4,0.85201706537636,0.367982506182603,58
4,4,0.836779797899946,0.335315890742176,58
1,5,0.93277071650195,0.959141541110488,58
5,5,0.849819977897112,0.29674146383784,58
2,5,0.89775259486319,0.821623750161077,58
3,5,0.840171183362183,0.626999202838701,58
4,5,0.835642223200912,0.29667184736452,58
1,6,0.934600773284039,0.849626376656578,58
5,6,0.86361747664675,0.523539729745425,58
2,6,0.869217005592999,0.632052651334087,58
3,6,0.857829072839571,0.489131250587615,58
4,6,0.844405157946624,0.408228663230019,58
1,7,0.93400272759595,0.862098249219997,58
5,7,0.846465174707763,0.435082143665028,58
2,7,0.904678364848733,0.665622080962618,58
3,7,0.845649425505028,0.653082185870763,58
4,7,0.830163728712235,0.61942149498186,58
1,8,0.930264091233831,0.960345773778839,58
5,8,0.881707327421012,0.270643664844017,58
2,8,0.853476172345578,0.72389333590943,58
3,8,0.840246469881832,0.565540997455399,58
4,8,0.841516202240002,0.47931379673202,58
1,9,0.93957801325083,0.666555945600867,58
5,9,0.904600327766194,0.178807822538771,58
2,9,0.847680682403244,0.791912826692906,58
3,9,0.83990613148259,0.757264366340507,58
4,9,0.830288534097371,0.512887043783218,58
1,10,0.930898778045041,0.935031447491059,58
5,10,0.880592089552982,0.516854052969683,58
2,10,0.863545994468962,0.554481742959295,58
3,10,0.853136354711595,-0.170193397623623,58
4,10,0.839164582332372,0.589186947716193,58
1,11,0.931754641132143,0.930494659312086,58
5,11,0.882235763957672,0.49851593306301,58
2,11,0.855710037685613,0.548503154496398,58
3,11,0.841956932952972,0.306177979527061,58
4,11,0.833766860496088,-0.297691826120592,58
1,12,0.934705166746272,0.800448097969539,58
5,12,0.85782334987133,0.384503749698399,58
2,12,0.8859336214928,0.726623816962978,58
3,12,0.823048314626541,0.787197883665474,58
4,12,0.845670499970543,0.256617700319036,58
1,13,0.932048034770374,0.91141238586377,58
5,13,0.874737669723904,0.460095234518203,58
2,13,0.849931727491476,0.919704886640691,58
3,13,0.84751768961348,0.749387481344767,58
4,13,0.83867003127918,0.541902341160212,58
1,14,0.931784230727599,0.92804322367889,58
5,14,0.866680964448221,-0.00272366303598542,58
2,14,0.888994135400069,0.71733547895381,58
3,14,0.835258697593839,0.683788255069614,58
4,14,0.82011494499802,0.43196578338098,58
1,15,0.932118240519496,0.887665053254171,58
5,15,0.887266736624332,0.472092332783755,58
2,15,0.847138876546888,0.661348864992429,58
3,15,0.838124997028962,0.74763166342474,58
4,15,0.835573709684094,0.385430995304591,58
1,1,0.93275958114884,0.949902243130205,59
3,1,0.886342249291553,0.503326038793199,59
2,1,0.859077848965969,0.667250350861692,59
4,1,0.840853428417474,0.426214810945764,59
5,1,0.836959625407611,0.249335492398908,59
1,2,0.933508936503436,0.848335233540828,59
3,2,0.905542967858081,0.739811875788875,59
2,2,0.852655728681456,0.645456586303978,59
4,2,0.84623680493144,0.489460457390747,59
5,2,0.820186004606868,0.554492905337404,59
1,3,0.931971525202576,0.942101732418983,59
3,3,0.905875882591224,0.580978542697736,59
2,3,0.854261560924394,0.60474083329361,59
4,3,0.853855962162481,0.494517925886369,59
5,3,0.818328639555961,0.526272592997777,59
1,4,0.932379730500124,0.916187366334709,59
3,4,0.906670427027818,0.789135286145246,59
2,4,0.840387427103925,0.729601041225423,59
4,4,0.845012381067461,0.318959115651547,59
5,4,0.822292050437774,0.125962092533245,59
1,5,0.932652598133391,0.86688787067531,59
3,5,0.905515559211705,0.469906063345109,59
2,5,0.845043426478648,0.815357552021288,59
4,5,0.850778459208205,0.595003293494781,59
5,5,0.815904293681819,0.570582522764972,59
1,6,0.930757657196381,0.955442620821023,59
3,6,0.901961947574147,0.515463015087953,59
2,6,0.848910201355269,0.726365640456668,59
4,6,0.838716383641097,0.792485172919862,59
5,6,0.833106115069253,0.558129223712824,59
1,7,0.933254497482269,0.857864703154029,59
3,7,0.898323481435717,0.721357122542111,59
2,7,0.854882695462621,0.496460879704164,59
4,7,0.850445771561267,0.638248572490977,59
5,7,0.817649665106375,0.535059386311496,59
1,8,0.933150945317285,0.867599657425146,59
3,8,0.901766377198696,0.63430596760543,59
2,8,0.854421304559477,0.392923749002597,59
4,8,0.855670092470678,0.120223141755088,59
5,8,0.835346696448607,0.386712615861536,59
1,9,0.933544271151622,0.882114640926515,59
3,9,0.90774668290465,0.538894758553262,59
2,9,0.845058767436728,0.615825863327285,59
4,9,0.842578713185936,0.557193836022347,59
5,9,0.819766971035006,-0.288094814369753,59
1,10,0.933090208197644,0.943176677062393,59
3,10,0.903418117371847,0.628844817905663,59
2,10,0.843846010983133,0.797102357594512,59
4,10,0.837863583041246,0.614432862935237,59
5,10,0.821404638236956,0.785777267085379,59
1,11,0.933454949345035,0.84920455690487,59
3,11,0.894556771907933,0.576299815681378,59
2,11,0.860830160774664,0.738916765415688,59
4,11,0.848871997076485,0.57382660666955,59
5,11,0.828263064973918,0.0815991950860209,59
1,12,0.935797310426325,0.784691416101541,59
3,12,0.907109911835148,0.52931502441151,59
2,12,0.841848290966345,0.675959755558468,59
4,12,0.837688712901626,0.822145220904872,59
5,12,0.834046181742914,0.196019482865513,59
1,13,0.945468328801279,0.553015457615566,59
3,13,0.886777334101565,0.499475365111482,59
2,13,0.871751623823588,0.526687191198454,59
4,13,0.839923512094921,0.461100121217982,59
5,13,0.83507701923398,0.44373250677077,59
1,14,0.933103653048294,0.858557096412034,59
3,14,0.897957012276404,0.551204144145805,59
2,14,0.857589957852795,0.551375769034564,59
4,14,0.829994729641868,0.880938182944319,59
5,14,0.83830304978535,0.597578404290095,59
1,15,0.926311622057706,0.97331621391974,59
3,15,0.903810015467904,0.833310429672366,59
2,15,0.851959737034987,0.508519177438757,59
4,15,0.841004857480019,0.478329333508748,59
5,15,0.828921204190775,0.478106889795534,59
1,1,0.91092787091347,0.886230295711899,60
4,1,0.844666835606528,0.844979733935644,60
2,1,0.800636724772234,0.229408449836111,60
3,1,0.802107525530753,0.68601203027807,60
5,1,0.782134999381754,0.385469064357611,60
1,2,0.91750203194665,0.781134833245816,60
4,2,0.840075093953633,0.428046755878365,60
2,2,0.80633366957136,0.725274076921983,60
3,2,0.789130970728534,0.662396384512863,60
5,2,0.787702343908755,0.668162008799612,60
1,3,0.90962598760037,0.842402815781849,60
4,3,0.817988593753965,0.436893222133971,60
2,3,0.833122940419903,0.541456636855888,60
3,3,0.801190198167583,0.330159031955714,60
5,3,0.79415711639342,0.330335267932516,60
1,4,0.910357739720498,0.838508603917464,60
4,4,0.864908119797805,0.848266954424071,60
2,4,0.770591759201623,0.68242031122276,60
3,4,0.79762732375122,0.506290419007271,60
5,4,0.792251281448632,0.536783637703595,60
1,5,0.909979636873577,0.860200460195199,60
4,5,0.868677172429763,0.584628297587292,60
2,5,0.778758051312895,0.540230013834963,60
3,5,0.801260566113197,0.48828152436532,60
5,5,0.773658766857814,0.525840055847585,60
1,6,0.90514153362781,0.935273774653487,60
4,6,0.843347620577453,0.099550272120648,60
2,6,0.788801987655897,0.856892589279515,60
3,6,0.80873632303819,0.773171953837264,60
5,6,0.790160255093972,0.469124408019512,60
1,7,0.911694503907794,0.856628602693169,60
4,7,0.827422046074899,0.514016247987823,60
2,7,0.824591840424499,0.584948949331041,60
3,7,0.806025275994363,0.584689041790758,60
5,7,0.799893738495818,0.0919114458867542,60
1,8,0.908662745909918,0.854324902607143,60
4,8,0.820382473754886,0.783331417094648,60
2,8,0.807045656832714,0.852222176735951,60
3,8,0.793658217971242,0.647417613294985,60
5,8,0.772295438440753,0.475649094302632,60
1,9,0.911864213305848,0.836581397441566,60
4,9,0.830778197794054,0.594135316681593,60
2,9,0.81872913645123,0.278638496299411,60
3,9,0.815569145915793,-0.0720329927936828,60
5,9,0.790211951179583,0.237677954996032,60
1,10,0.908146689518697,0.896562956680493,60
4,10,0.837164887667626,0.490296872562633,60
2,10,0.799807654588823,0.711083356710727,60
3,10,0.800483099937434,0.603598718183377,60
5,10,0.773880149436442,0.295655491332901,60
1,11,0.907684191860407,0.927540852239374,60
4,11,0.850922912750279,0.253105542336424,60
2,11,0.793883047765864,0.389770548878597,60
3,11,0.79793303170644,0.512357388167913,60
5,11,0.784577160941331,0.463452803306816,60
1,12,0.908822461471251,0.912902177610273,60
4,12,0.848423127331216,0.795966035232012,60
2,12,0.784987590927936,0.646678196203364,60
3,12,0.789211394484647,0.80675292420406,60
5,12,0.785928443123403,0.444994612953723,60
1,13,0.911068995948634,0.831212913494508,60
4,13,0.847849362300463,0.379230261257318,60
2,13,0.782238571661686,0.683961255222221,60
3,13,0.799765729443312,0.647076590752462,60
5,13,0.810274417791154,0.408780907948033,60
1,14,0.905855194719105,0.971312694555616,60
4,14,0.857821071424955,0.805905270560146,60
2,14,0.784162559232176,0.558468161054799,60
3,14,0.794599192120347,0.789223379469344,60
5,14,0.775456959486947,0.629127424196278,60
1,15,0.910678018071426,0.882312274905298,60
4,15,0.834066400787299,0.345919452709173,60
2,15,0.802333168010378,0.609595885938683,60
3,15,0.799819921026358,0.515986010292226,60
5,15,0.78940079968027,0.441521844304797,60
1,1,0.90538374976101,0.917643780600786,61
4,1,0.811927948754732,0.153114067826802,61
2,1,0.855821527180687,0.823382361797909,61
3,1,0.806050400973768,0.507795540600167,61
5,1,0.776366154940206,0.452111337217097,61
1,2,0.907365306816633,0.84714963519036,61
4,2,0.807550925456394,0.699123859667228,61
2,2,0.852332033211886,0.441335748776642,61
3,2,0.801834711483482,0.408194253473712,61
5,2,0.776375576559119,0.285862568215471,61
1,3,0.90639160245325,0.899391462631158,61
4,3,0.810148900900758,0.592165532238739,61
2,3,0.842818860481544,0.631140138501823,61
3,3,0.811563673827398,0.605723218952673,61
5,3,0.773550453756274,0.643367327544517,61
1,4,0.90813260171354,0.861925463270406,61
4,4,0.812174141194066,0.643881173907072,61
2,4,0.848126629048273,0.706890894630953,61
3,4,0.804739753064413,0.379568771717581,61
5,4,0.768478600813803,0.310586650115149,61
1,5,0.907431074739109,0.84946826841471,61
4,5,0.80433784200553,0.187331308504746,61
2,5,0.860168905641115,0.568195551551638,61
3,5,0.79811062248091,0.575072243202776,61
5,5,0.796165200691119,0.139989897675076,61
1,6,0.913803113244135,0.746481119053492,61
4,6,0.808558711816903,0.234547947284943,61
2,6,0.868090153941848,0.761101366127635,61
3,6,0.803231302007708,0.397803329973241,61
5,6,0.788740311248374,0.378404036898563,61
1,7,0.903108224278971,0.947293823824024,61
4,7,0.797258386677874,0.448421891096574,61
2,7,0.865817671069315,0.592085312174571,61
3,7,0.803071367411044,0.63073706323031,61
5,7,0.76307102013638,0.695734529090273,61
1,8,0.905162460909563,0.896496165865478,61
4,8,0.848269372752411,0.145858642794394,61
2,8,0.807258676514051,0.930223973092973,61
3,8,0.798709189637997,0.408781043022079,61
5,8,0.782252030997159,0.439210634372405,61
1,9,0.909505116161687,0.792178131926705,61
4,9,0.857387395356971,0.437571327763425,61
2,9,0.802734835971981,0.765624766743692,61
3,9,0.807386257418422,0.736467042387425,61
5,9,0.767805798587664,0.164223467529705,61
1,10,0.908198932592073,0.848995081232909,61
4,10,0.830918950743922,0.600530503458577,61
2,10,0.821346144656771,0.828243312569277,61
3,10,0.802636257363484,0.538043541512246,61
5,10,0.768437336231362,0.514406879015785,61
1,11,0.904167457434924,0.923493499150399,61
4,11,0.865597503227108,0.337354310231955,61
2,11,0.800119982623636,0.649684537753338,61
3,11,0.813838692357427,0.185095963516039,61
5,11,0.772128707246417,0.0800896118837816,61
1,12,0.906492859921508,0.886802980500951,61
4,12,0.818379707376572,0.219606907022883,61
2,12,0.844134186837498,0.803383578920679,61
3,12,0.814174885646317,0.654079455430547,61
5,12,0.767610112240256,0.179701516303917,61
1,13,0.908585559045671,0.875778779195683,61
4,13,0.793012225394302,0.726859762130903,61
2,13,0.8536787787544,0.756022444374607,61
3,13,0.808584636315791,0.613565666650894,61
5,13,0.776249553486656,0.521172986985636,61
1,14,0.903300721563557,0.944225135862788,61
4,14,0.794899253488115,0.732548921543883,61
2,14,0.850546591391971,0.873264592280924,61
3,14,0.797073027603792,0.718509577343166,61
5,14,0.758420200176488,0.323421081334307,61
1,15,0.914304729462199,0.693344274862307,61
4,15,0.805500132927099,0.332346134036911,61
2,15,0.849200859444509,0.679028566567873,61
3,15,0.816053246067298,0.378689700745376,61
5,15,0.77464929313507,-0.00640941418127254,61
1,1,0.959918910578823,0.93919374039252,62
3,1,0.94889618888087,0.748397339756489,62
4,1,0.928742873246043,0.354205358215745,62
2,1,0.930588944736205,0.57108257920422,62
5,1,0.915637720195991,0.778902856166134,62
1,2,0.964762635894643,0.727919446940158,62
3,2,0.951640270328078,0.73181702475197,62
4,2,0.92575833832695,0.434972867382327,62
2,2,0.925971242391476,0.793415920983971,62
5,2,0.91366871006945,0.716228993507604,62
1,3,0.963370208557215,0.89490344433169,62
3,3,0.954737042076368,0.431714966526874,62
4,3,0.922191227799335,0.856958808459624,62
2,3,0.92712431508497,0.788258515174752,62
5,3,0.92081808603169,0.36435642826505,62
1,4,0.96163654694188,0.912938812206689,62
3,4,0.95002189072915,0.77583883190078,62
4,4,0.924661268625401,0.373348119600048,62
2,4,0.926737665248468,0.535429153447432,62
5,4,0.91648087544691,0.358578408153938,62
1,5,0.96447888691883,0.759090142336111,62
3,5,0.951689338965254,0.546553355335487,62
4,5,0.922084336115217,0.620727249363134,62
2,5,0.927179488035971,0.800501634903556,62
5,5,0.915536913058065,0.52023860387119,62
1,6,0.96577885217201,0.748950273522715,62
3,6,0.951333596927402,0.639517992693423,62
4,6,0.923186529516777,0.366211444818485,62
2,6,0.925036788285738,0.699071339100119,62
5,6,0.920212648106019,0.49608163846796,62
1,7,0.964084771635441,0.880323768744918,62
3,7,0.947436223717687,0.803193090521872,62
4,7,0.929099994210214,0.512302444987025,62
2,7,0.927649599151438,0.706628662456846,62
5,7,0.919244112790243,0.481073560989018,62
1,8,0.961399741348444,0.921809570665565,62
3,8,0.949471664846052,0.0948337730959755,62
4,8,0.918917753311633,0.914123062616121,62
2,8,0.929331940317731,0.668619316470765,62
5,8,0.915579356044141,0.412897317881965,62
1,9,0.962078090025838,0.93017704237185,62
3,9,0.942127621831732,0.893869357289442,62
4,9,0.924198132121157,0.205581808962145,62
2,9,0.93039528472935,0.513209924909058,62
5,9,0.911167537979241,0.575160362562414,62
1,10,0.961917687532249,0.900111075886403,62
3,10,0.94788416361808,0.913144354158771,62
4,10,0.916039743193463,0.829351530836595,62
2,10,0.928025266348761,0.886700690777657,62
5,10,0.913118217453356,0.28927876935562,62
1,11,0.960833545745061,0.862911513294149,62
3,11,0.948665609557139,0.370590965736518,62
4,11,0.92495713496006,0.543819008537739,62
2,11,0.926690586016054,0.799417503782913,62
5,11,0.912268719572911,0.501516408933052,62
1,12,0.960856395940666,0.938286701336434,62
3,12,0.952051631238144,0.76766873242311,62
4,12,0.924479455952223,0.262837028127096,62
2,12,0.931275937032081,0.802797239804702,62
5,12,0.916867726777182,0.683000082309037,62
1,13,0.963066208590279,0.852450439437708,62
3,13,0.954079715615098,0.174625319001352,62
4,13,0.920615152225961,0.533866064407301,62
2,13,0.934028124420017,0.289181661532857,62
5,13,0.918483279675159,0.146317409936225,62
1,14,0.964828002819584,0.71559721644545,62
3,14,0.94958229779211,0.644793693857971,62
4,14,0.921111964152151,0.815837713296224,62
2,14,0.929539811504657,0.665477284557662,62
5,14,0.911086947221017,0.052209651686394,62
1,15,0.961979457131387,0.915950193177498,62
3,15,0.950041390731013,0.420631225346966,62
4,15,0.925583786057144,0.411310907034672,62
2,15,0.926061525929035,0.612848640494616,62
5,15,0.917730118912126,0.638330823815819,62
1,1,0.889198692514952,0.842348219384063,63
4,1,0.738411963498037,0.705884496632193,63
2,1,0.770250203471129,0.665192599899578,63
3,1,0.789806484182886,0.365484651909912,63
5,1,0.710645894059108,0.387722183944527,63
1,2,0.882071149763575,0.959245497259399,63
4,2,0.719129123486119,0.625296048222506,63
2,2,0.796475187606359,0.723044531542669,63
3,2,0.775237331035074,0.69595269561625,63
5,2,0.721242577589944,0.686364057497752,63
1,3,0.886475795502884,0.871336704886699,63
4,3,0.753379121358218,0.742425110696572,63
2,3,0.754461805483198,0.576130659428865,63
3,3,0.774816225726501,0.611390831025536,63
5,3,0.717397902341878,0.421197922700469,63
1,4,0.888735787256728,0.888273601091982,63
4,4,0.73325320649317,0.486904077426167,63
2,4,0.789260305695816,0.679587092166084,63
3,4,0.772681052451104,0.563763494198833,63
5,4,0.729745736922558,-0.16010949187827,63
1,5,0.889366388405122,0.910581578357233,63
4,5,0.736774543309155,0.551735094099345,63
2,5,0.768246330342454,0.502839594182705,63
3,5,0.765049228295403,0.579806816417181,63
5,5,0.723785880077664,0.399959693497312,63
1,6,0.888909830302207,0.835798324317665,63
4,6,0.754411379249434,0.42147212640817,63
2,6,0.772705118771819,0.658816933196686,63
3,6,0.758703884348561,0.46406937048418,63
5,6,0.727156064307003,0.584900103029584,63
1,7,0.879667232359018,0.967509479782524,63
4,7,0.759897730384458,0.616322593869615,63
2,7,0.741948311252664,0.719914544605557,63
3,7,0.781803981267152,0.629930312761839,63
5,7,0.704885996040012,0.285640763939807,63
1,8,0.881086389192007,0.942120103101038,63
4,8,0.744589683491902,0.261278182912316,63
2,8,0.761514153623556,0.362426772114745,63
3,8,0.770374566998737,0.740137185569003,63
5,8,0.729706732404539,0.297708310017309,63
1,9,0.884315827286099,0.893656219539366,63
4,9,0.741900507652789,0.0556025481012167,63
2,9,0.775418766878426,0.405097517878096,63
3,9,0.772737429767118,0.694640395301887,63
5,9,0.733160527806913,0.375161394339245,63
1,10,0.909733224997716,0.286285426216653,63
4,10,0.745265620176665,0.529798151060902,63
2,10,0.783011111613029,0.566421269747729,63
3,10,0.795256870015019,0.181052318356691,63
5,10,0.732267869913859,0.359266317154971,63
1,11,0.887613535716946,0.912018766115382,63
4,11,0.713403735547419,0.772445472249187,63
2,11,0.77372019181415,0.800985562554726,63
3,11,0.770223090996908,0.76448679521419,63
5,11,0.721460382257434,0.643414408584298,63
1,12,0.889850064400965,0.883806803096218,63
4,12,0.757558374539139,0.693841433444283,63
2,12,0.752813702869111,0.507304936742879,63
3,12,0.761095210807703,0.721249556430885,63
5,12,0.736132241288678,0.40436821938927,63
1,13,0.892378696241539,0.813629978310182,63
4,13,0.752445722863088,0.511268567894112,63
2,13,0.752698852982108,0.606027825902497,63
3,13,0.775074050581225,0.0763326442336797,63
5,13,0.734890643498658,0.14447316835527,63
1,14,0.892059011329982,0.870012871262152,63
4,14,0.762236632243896,0.445120001415953,63
2,14,0.773696328528937,0.542514734032291,63
3,14,0.779425647098286,0.459508196941294,63
5,14,0.734922209464716,0.300691359964872,63
1,15,0.893882889750879,0.826312933900692,63
4,15,0.761766706158102,0.619142578950272,63
2,15,0.7454001862697,0.806956146517375,63
3,15,0.773433933775624,0.583053718581446,63
5,15,0.735372446630947,0.525238726864227,63
1,1,0.934566184687838,0.873444134623544,64
4,1,0.889059192223393,0.452727232046909,64
2,1,0.854860085853353,0.926864332478832,64
3,1,0.839969536956412,0.53199977482798,64
5,1,0.846084708788802,0.233170030797979,64
1,2,0.931747246316974,0.940144993098648,64
4,2,0.888089772419318,0.35417703798519,64
2,2,0.868305300794685,0.677659062973458,64
3,2,0.845958750797365,0.647829332480703,64
5,2,0.849658260657597,0.401693145598817,64
1,3,0.933380004302828,0.908747356970164,64
4,3,0.863213277410851,0.449811656793891,64
2,3,0.890086499297732,0.846747169795144,64
3,3,0.830159984012019,0.872261869206992,64
5,3,0.84455110324874,0.628352131891858,64
1,4,0.932359898066994,0.914547835755702,64
4,4,0.892748092433012,0.275659320225915,64
2,4,0.852093638250106,0.474382501409283,64
3,4,0.840188692586608,0.567948568263927,64
5,4,0.842327393044521,0.321307703840923,64
1,5,0.931953855408039,0.896949454241586,64
4,5,0.888629506198525,0.434242913167064,64
2,5,0.86316262458764,0.752512585952119,64
3,5,0.832970130214858,0.628962626887139,64
5,5,0.855676245097224,0.579511477630536,64
1,6,0.934699325674586,0.827451329693609,64
4,6,0.860884962330925,0.48751494662492,64
2,6,0.898664565173947,0.539695769517969,64
3,6,0.840481817056534,0.686533373892498,64
5,6,0.840111938924152,0.0918493962709743,64
1,7,0.932824789213205,0.901381467403157,64
4,7,0.849024306728987,0.64558667779781,64
2,7,0.889609642881581,0.844946843973681,64
3,7,0.844128583781451,0.440838589442325,64
5,7,0.84676702123225,0.551029179654246,64
1,8,0.934505848905351,0.860706997319216,64
4,8,0.878109011273507,0.66429919337507,64
2,8,0.866140853691141,0.720947801253068,64
3,8,0.846531614639516,0.730373072869917,64
5,8,0.837739481219913,0.781395612697813,64
1,9,0.937471586346364,0.778374854987853,64
4,9,0.857906494828868,-0.0294773296022858,64
2,9,0.893951673240874,0.191271571069072,64
3,9,0.844116458864582,0.470576963315391,64
5,9,0.866192848679906,0.727738614529412,64
1,10,0.931834333744509,0.859167398012464,64
4,10,0.888652493271275,0.774393391150514,64
2,10,0.850364288178888,0.703937464415674,64
3,10,0.848136647699055,0.425814723313599,64
5,10,0.84988836034488,-0.0363008279264469,64
1,11,0.930894558975643,0.936076541657495,64
4,11,0.888515366712713,0.610105945350441,64
2,11,0.859152591292737,0.665419041539967,64
3,11,0.833719981864624,0.737168813780655,64
5,11,0.846728675004769,0.611409715476889,64
1,12,0.935084430775981,0.853200067350649,64
4,12,0.89355020863407,0.34989564295415,64
2,12,0.859246112315502,0.632466382282702,64
3,12,0.834290253320521,0.594154417880545,64
5,12,0.854550704229083,0.0809374026437122,64
1,13,0.939857376869585,0.555223278242637,64
4,13,0.857338209020029,0.681822313897218,64
2,13,0.890931075475393,0.698751550086311,64
3,13,0.844318717286115,-0.0440734064631424,64
5,13,0.84906899679198,0.719610436548138,64
1,14,0.934981478332449,0.879471355000076,64
4,14,0.883666004897996,0.553627154119638,64
2,14,0.869692952912502,0.762060451779035,64
3,14,0.841090685559461,0.597887642211747,64
5,14,0.848354302870091,0.817273989088923,64
1,15,0.935351661419418,0.895467862645248,64
4,15,0.900082418077444,0.6423942861455,64
2,15,0.854139199887952,0.776387142423723,64
3,15,0.855387589984081,0.40371073457182,64
5,15,0.854931958580529,0.741568253342717,64
1,1,0.928016603004056,0.947968750647999,65
3,1,0.914372196946426,0.471713804837918,65
2,1,0.841483865574989,0.580924874734576,65
4,1,0.826700656348758,0.805707488308547,65
5,1,0.874901876305181,0.379395802831536,65
1,2,0.93402595501275,0.797095400920231,65
3,2,0.91901762546864,0.488805385936571,65
2,2,0.851567472376707,0.284292379815854,65
4,2,0.843334871170724,0.607001188302803,65
5,2,0.862942432777406,0.528555054389313,65
1,3,0.929325237945496,0.94248633920404,65
3,3,0.90122921974393,0.760936814109998,65
2,3,0.855454021548123,0.737567964304472,65
4,3,0.831769663831876,0.44721989157409,65
5,3,0.8683116720137,0.435977035957923,65
1,4,0.931428078078771,0.873242682855679,65
3,4,0.920276004555235,0.449970758672554,65
2,4,0.835025300036509,0.714708996049063,65
4,4,0.842548459627392,0.536650785475874,65
5,4,0.868069610298447,0.668108998075448,65
1,5,0.93649774549575,0.630855941316762,65
3,5,0.849025650850383,0.344845859970906,65
2,5,0.906837339795782,0.857912446274571,65
4,5,0.845393679629297,0.142128973719467,65
5,5,0.871605442290851,0.380635687122462,65
1,6,0.929930355002992,0.90849307324932,65
3,6,0.917829342020539,0.520671470552565,65
2,6,0.841086889417375,0.717039879964632,65
4,6,0.827233567054335,0.692145896474742,65
5,6,0.86742064939621,0.720799117377414,65
1,7,0.931639100932983,0.857535045832762,65
3,7,0.892218464684273,0.821654300467077,65
2,7,0.86044860222162,0.576015925795106,65
4,7,0.845507987828204,0.377201762352737,65
5,7,0.859076134953946,0.604071932035717,65
1,8,0.930917306796986,0.868319641437851,65
3,8,0.914373371843896,0.832829637227245,65
2,8,0.844221112036323,0.595227389126093,65
4,8,0.827193302747666,0.514180063277232,65
5,8,0.871744864421526,0.0586882926518579,65
1,9,0.929961580182676,0.940108958146764,65
3,9,0.914664587413473,0.879053811062844,65
2,9,0.840685358637963,0.759178782207039,65
4,9,0.834265698816687,0.626853821018653,65
5,9,0.859576069383463,0.592659680185036,65
1,10,0.93088293959078,0.886018452078928,65
3,10,0.915239829769403,0.840129392642253,65
2,10,0.848708920503246,0.525461270481923,65
4,10,0.82658916695155,0.594743442045954,65
5,10,0.871190075677438,0.607791585789669,65
1,11,0.927741385920251,0.95056332546281,65
3,11,0.910176732878992,0.43277481325819,65
2,11,0.842514808829492,0.632600450155617,65
4,11,0.831846215513204,0.391502889837702,65
5,11,0.86030723946565,0.066549277294067,65
1,12,0.926480904176042,0.954114030730354,65
3,12,0.915327940786935,0.365622774637362,65
2,12,0.837843051645372,0.805377533135104,65
4,12,0.833129693837002,0.494646119865764,65
5,12,0.860105685273087,0.507810611283467,65
1,13,0.93007819347403,0.929262848544118,65
3,13,0.916570712442337,0.540346950283355,65
2,13,0.849047468940176,0.654810954592565,65
4,13,0.838747124095144,0.449963707772136,65
5,13,0.868696063595878,0.137809755385408,65
1,14,0.935869076472146,0.736461015151372,65
3,14,0.9143982921736,0.47957863383591,65
2,14,0.844846038019347,0.454962814049,65
4,14,0.833041083568621,0.699814329068974,65
5,14,0.867039417477404,0.243692974677765,65
1,15,0.931792387855185,0.836323741829328,65
3,15,0.916342470441887,0.660794459330119,65
2,15,0.842840015837358,0.640177637508347,65
4,15,0.834695612850459,0.599166888091922,65
5,15,0.865599311161715,0.528727164993981,65
1,1,0.968687392552631,0.772169613830683,66
2,1,0.946083951900445,0.663538294756942,66
3,1,0.922051859218929,0.764197000186467,66
4,1,0.907034531357971,0.0759629602598464,66
5,1,0.895207185650107,0.195733746981926,66
1,2,0.967501067113923,0.851571224396778,66
2,2,0.945699000418151,0.483320898248113,66
3,2,0.920047723576734,0.854825290023195,66
4,2,0.90496013055424,0.772222203199385,66
5,2,0.885745552485597,0.497067959428938,66
1,3,0.967660310024976,0.889457395582293,66
2,3,0.946357368052609,0.7894848539563,66
3,3,0.926105875260164,0.561166826338797,66
4,3,0.910925636155485,0.450530062917851,66
5,3,0.881970726157859,0.608210861162077,66
1,4,0.967132270924147,0.899158699434224,66
2,4,0.946054615308636,0.351943567786866,66
3,4,0.926653093117383,0.553862508585576,66
4,4,0.906432319580424,0.228691515453004,66
5,4,0.900510845568422,0.193221585960968,66
1,5,0.967839038747942,0.668984150187167,66
2,5,0.943287778313497,0.621474132158458,66
3,5,0.924317075750038,0.486309118585929,66
4,5,0.907570445043476,0.414559971666799,66
5,5,0.882178011937376,0.357807936903324,66
1,6,0.966162224050376,0.909566930195128,66
2,6,0.945030223597525,0.707345605648595,66
3,6,0.921834297452383,0.420307469723714,66
4,6,0.910444176858598,0.381868023181149,66
5,6,0.879863108052873,0.496718922585087,66
1,7,0.965213889606077,0.957747082244226,66
2,7,0.941315390175919,0.739603281161695,66
3,7,0.936097617393442,0.538007374560814,66
4,7,0.906056694805263,0.452355132000049,66
5,7,0.885609295000883,0.515757149042494,66
1,8,0.967091093268688,0.936662813360125,66
2,8,0.949447600017203,0.806420673335696,66
3,8,0.917120102357063,0.806263688322501,66
4,8,0.903701322486549,0.700567802589919,66
5,8,0.896676730779541,0.382831164997373,66
1,9,0.967304331161718,0.852632151366534,66
2,9,0.945425187160512,0.300942052977822,66
3,9,0.92497705176626,0.512987955081632,66
4,9,0.904804349947912,0.810195820835457,66
5,9,0.882866600838337,0.502668642930595,66
1,10,0.967463602501142,0.80577385233169,66
2,10,0.947300474268661,0.727587556608987,66
3,10,0.921266002634131,0.55382402549071,66
4,10,0.908405010149781,0.71655930347311,66
5,10,0.880435641924404,0.464921874865178,66
1,11,0.967799274754311,0.882982904866628,66
2,11,0.94565976418004,0.396683850234176,66
3,11,0.926675344749024,0.53472126732547,66
4,11,0.916749379837071,0.0951993315454584,66
5,11,0.89064736441024,-0.114971461337746,66
1,12,0.966318626058493,0.889891858085873,66
2,12,0.944342447593194,0.773208549614195,66
3,12,0.918436351378259,0.629178871411623,66
4,12,0.914670378410195,0.410989620372608,66
5,12,0.884704290697546,0.521867369906562,66
1,13,0.966062827060291,0.931595361209634,66
2,13,0.94964416395195,0.47843399595157,66
3,13,0.91534448395889,0.639691204199287,66
4,13,0.908608933789462,0.733273623334202,66
5,13,0.894635750232405,0.256253205186336,66
1,14,0.966232832389535,0.926556540301616,66
2,14,0.945728089507774,0.729384536220759,66
3,14,0.929113232460282,0.278837314355641,66
4,14,0.908852286712843,0.433530603060243,66
5,14,0.881929435888696,0.352488892331546,66
1,15,0.968589002153404,0.832164474408318,66
2,15,0.947596136251424,0.788224144914609,66
3,15,0.91847923521574,0.732346845293607,66
4,15,0.911239584087531,0.515099690385614,66
5,15,0.885255419897421,0.301477166743956,66
1,1,0.933163510177033,0.931124015460026,67
3,1,0.900163746700234,0.727156146087401,67
2,1,0.8747756056358,0.61917946848611,67
4,1,0.849865768079729,0.454998899984405,67
5,1,0.866254078920957,0.633502533390964,67
1,2,0.939696195448457,0.728447822051593,67
3,2,0.90355274440628,0.766702604628843,67
2,2,0.86464028470052,0.596902810523045,67
4,2,0.85439053342843,0.618264565160988,67
5,2,0.858858240182019,0.674524424635121,67
1,3,0.932703902686266,0.957479848551987,67
3,3,0.900241538614849,0.762067528416067,67
2,3,0.871239604815751,0.435148924448663,67
4,3,0.862374799143452,0.304091851374893,67
5,3,0.866819584671329,0.474303721033361,67
1,4,0.93508821582929,0.806901883984312,67
3,4,0.89952844438117,0.304388582515403,67
2,4,0.875792998449904,0.827751983204198,67
4,4,0.853676937567459,0.531888155078686,67
5,4,0.869533653151222,0.223385688603256,67
1,5,0.934837058100942,0.87557618111789,67
3,5,0.881369357438858,0.365274777735152,67
2,5,0.895670103959356,0.679692156076381,67
4,5,0.8472770873001,0.673883886906296,67
5,5,0.860060195488931,0.547485698247301,67
1,6,0.929369711648179,0.959342755809912,67
3,6,0.898910028860754,0.610249290804632,67
2,6,0.87801067954185,0.633695482526512,67
4,6,0.852608950051638,0.312684713323996,67
5,6,0.858116838896381,0.228572823859642,67
1,7,0.937562991036797,0.790620459214382,67
3,7,0.891713707502344,0.748466434747648,67
2,7,0.881087067814569,0.713048927199591,67
4,7,0.859657590110195,0.248821845395221,67
5,7,0.857392032074879,0.616763793019994,67
1,8,0.933080909774713,0.933056731487767,67
3,8,0.893035991058886,0.599840236975349,67
2,8,0.879019856177925,0.871153910161106,67
4,8,0.852378092315116,0.718608252024195,67
5,8,0.850688885403857,0.653367277454289,67
1,9,0.933292287557262,0.916979423134059,67
3,9,0.90421540377043,0.719810196642095,67
2,9,0.867619419719384,0.654812219398908,67
4,9,0.841391798437926,0.739293660990861,67
5,9,0.861235660368466,0.802922557540773,67
1,10,0.935394218346396,0.828239368667761,67
3,10,0.903518700898355,0.547474913802117,67
2,10,0.86502647535501,0.648906994620586,67
4,10,0.857945794732777,0.521161058305711,67
5,10,0.866492120697503,0.181825504916165,67
1,11,0.931625470032235,0.934326015799603,67
3,11,0.90252684731598,0.177511941876735,67
2,11,0.872381329427199,0.540984194923312,67
4,11,0.857562912960608,0.486584247960032,67
5,11,0.862449307916686,0.436499036551882,67
1,12,0.936462027632654,0.792906935470136,67
3,12,0.905069324969843,0.356823574929677,67
2,12,0.870404799593405,0.854476275789867,67
4,12,0.849956796449687,0.662806110608485,67
5,12,0.86224284444015,0.488669877819574,67
1,13,0.936914882254053,0.847456898099945,67
3,13,0.882790895022754,0.780032707743332,67
2,13,0.891736629138207,0.65783234512971,67
4,13,0.857897255844665,0.578641824790643,67
5,13,0.862128709062991,0.279674437080657,67
1,14,0.934846244924776,0.900065074018991,67
3,14,0.896152673004954,0.77427954613908,67
2,14,0.880418616268804,0.539902281652307,67
4,14,0.84974557759788,0.771023067533476,67
5,14,0.858472671518709,0.181100940308959,67
1,15,0.936297695251274,0.840428615012754,67
3,15,0.90015897009927,0.717598662736036,67
2,15,0.874496980859406,0.698729178955733,67
4,15,0.856369507402952,0.667281750185717,67
5,15,0.858944521767986,0.684251360452917,67
1,1,0.922901308195764,0.722412695470021,68
4,1,0.824802767154475,0.161790502718283,68
2,1,0.836048970571276,0.614411360529035,68
3,1,0.821046319824518,0.177655176427178,68
5,1,0.815904798834903,0.507464268494652,68
1,2,0.915024449554785,0.902776108899013,68
4,2,0.793170136120449,0.636788936191099,68
2,2,0.840973102145541,0.722741224557797,68
3,2,0.791250058877873,0.888244833987206,68
5,2,0.803160046088832,0.549890190487583,68
1,3,0.913896274678041,0.928489774473076,68
4,3,0.807111700023924,0.359090054506677,68
2,3,0.826594894992267,0.699907129245786,68
3,3,0.801182758565376,0.200129939049895,68
5,3,0.794739068386257,0.546343805248159,68
1,4,0.915087357274117,0.933864294466475,68
4,4,0.834034083083594,0.648441881941067,68
2,4,0.815180357707072,0.417394792832349,68
3,4,0.793791410731337,0.440991211990676,68
5,4,0.814422544341349,0.143648200197488,68
1,5,0.917656731524198,0.867939202053522,68
4,5,0.814385019656678,0.766158796324951,68
2,5,0.824816387009091,0.704051956474287,68
3,5,0.78737014834675,0.203338318324415,68
5,5,0.812389771693632,0.458584231902726,68
1,6,0.915341774782948,0.896054701689169,68
4,6,0.805197177670103,0.127951908964214,68
2,6,0.839417526488421,0.755421387381161,68
3,6,0.793711674972293,0.112513218891269,68
5,6,0.792325697579244,0.631392703843423,68
1,7,0.916441749448518,0.890348324001068,68
4,7,0.825373911342384,0.664052149931189,68
2,7,0.821067463169822,0.372785506345214,68
3,7,0.78533547705189,0.719095228909275,68
5,7,0.795329317872166,0.38441267916234,68
1,8,0.914434490749202,0.922572650275503,68
4,8,0.813863930676335,0.417031308879745,68
2,8,0.811676135647357,0.888592056814131,68
3,8,0.791843658113244,0.753952343144648,68
5,8,0.792727385744324,0.569858540249404,68
1,9,0.914592323841653,0.903175217141769,68
4,9,0.797923424422997,0.35606757745478,68
2,9,0.856228907635403,0.561632957027662,68
3,9,0.794341600305233,0.883984179186862,68
5,9,0.800276232539257,0.350342282310489,68
1,10,0.927730873418238,0.633570047209766,68
4,10,0.79820133798409,0.639821419096905,68
2,10,0.838182916061776,0.800605882859856,68
3,10,0.793468101358582,0.397773389695813,68
5,10,0.798988975980453,0.696529952026621,68
1,11,0.916904624583975,0.867185184041864,68
4,11,0.835094285929133,0.803751377898126,68
2,11,0.799941779911839,0.5588105505506,68
3,11,0.794445695192707,0.878573015163094,68
5,11,0.812873409771269,0.437442917033471,68
1,12,0.914432702984167,0.897197513337377,68
4,12,0.817703796951955,0.359679877948116,68
2,12,0.833436969329699,0.75865236279903,68
3,12,0.800416455095766,0.654759304273508,68
5,12,0.775206498270992,0.648648483110181,68
1,13,0.912217529567266,0.928172143838098,68
4,13,0.809828701630118,0.529296702481085,68
2,13,0.830572088767054,0.619649796342432,68
3,13,0.799524478162673,0.536395931986973,68
5,13,0.791651135376784,0.509250432196313,68
1,14,0.923389069922228,0.727834271463782,68
4,14,0.829347450028795,0.728524521966099,68
2,14,0.821769266353387,0.364801261578776,68
3,14,0.779188628095624,0.887441226896767,68
5,14,0.810869540395996,0.689521123582439,68
1,15,0.915514619963679,0.92565117788345,68
4,15,0.811255776336812,0.569487658277494,68
2,15,0.85181570163825,0.534075073734136,68
3,15,0.794029678691945,0.697652418707524,68
5,15,0.794932527251501,0.603043554931736,68
1,1,0.892115467104201,0.888164211034096,69
4,1,0.807799960979222,0.222246139425372,69
2,1,0.788285561793629,0.453461625708082,69
3,1,0.779801366618619,0.464362622262025,69
5,1,0.761933586510281,0.233127723963177,69
1,2,0.895556521868808,0.867495687156007,69
4,2,0.772419933200398,0.459569187469051,69
2,2,0.830108631890793,0.733779896022585,69
3,2,0.796233608024344,0.649993225522277,69
5,2,0.757021857485639,0.460869123066325,69
1,3,0.901487745909296,0.733817034156842,69
4,3,0.792442070469627,0.207056254746315,69
2,3,0.809733667658107,0.636412866418277,69
3,3,0.79093589575122,0.486789171360342,69
5,3,0.773505014881634,0.504590355977537,69
1,4,0.892425140192684,0.910763173928391,69
4,4,0.772745111495315,0.761083690083322,69
2,4,0.822572557396456,0.695185977355873,69
3,4,0.796823269205764,0.385939985212659,69
5,4,0.761505439467127,-0.124864631304829,69
1,5,0.898124597797034,0.821037448579759,69
4,5,0.823168675765963,0.589681100402478,69
2,5,0.76353279254198,0.801937794883009,69
3,5,0.786143685037426,0.766872134271615,69
5,5,0.76587958153565,0.557091003724873,69
1,6,0.888008279937616,0.877252557003886,69
4,6,0.828092261950956,0.298664014504399,69
2,6,0.774300360926122,0.73961719469896,69
3,6,0.767777218468457,0.832949606809893,69
5,6,0.780043970670742,0.277641445780747,69
1,7,0.897663159168792,0.810466529279593,69
4,7,0.762400316080647,0.727391935225388,69
2,7,0.829031424720274,0.750914849482666,69
3,7,0.785335341005145,0.572802972433789,69
5,7,0.777775170497803,0.527669713331216,69
1,8,0.894681946251417,0.925524999587238,69
4,8,0.801987132560017,0.380145594949442,69
2,8,0.799930362852669,0.896003995666831,69
3,8,0.782232074020717,0.268020346182454,69
5,8,0.786847803049573,0.414769904888355,69
1,9,0.893780910549372,0.891087460725026,69
4,9,0.785079057060784,0.41448723470868,69
2,9,0.830171897203729,0.447616436908985,69
3,9,0.784299257652974,0.637543795493748,69
5,9,0.765410707362988,0.707613935829969,69
1,10,0.894604722318865,0.852076122571421,69
4,10,0.773808112540496,0.659012030722107,69
2,10,0.821495739701335,0.75995538889101,69
3,10,0.7754411705294,0.798662774902125,69
5,10,0.786024392069671,-0.0643505465822272,69
1,11,0.891863751452449,0.953816457130932,69
4,11,0.801161751042653,0.763984446966983,69
2,11,0.787471129837959,0.771256952120404,69
3,11,0.776291033605451,0.554151752382165,69
5,11,0.767840848963322,0.462346622079905,69
1,12,0.894165197243512,0.886475667628318,69
4,12,0.773894294159953,0.163227371891048,69
2,12,0.837456168979655,0.15182067176911,69
3,12,0.783146183135324,0.744908217553602,69
5,12,0.773029074109001,0.0551526616996033,69
1,13,0.896061809307807,0.803674855122637,69
4,13,0.804788693513461,0.476965616739062,69
2,13,0.816803136717533,0.704829884210743,69
3,13,0.790358000307867,0.594903089313593,69
5,13,0.769922904581282,0.622766148605045,69
1,14,0.895641487389314,0.787726172249102,69
4,14,0.776127114928872,0.859669683700951,69
2,14,0.818287495445297,0.673536205016128,69
3,14,0.795063078225401,-0.00566668581845155,69
5,14,0.767110899560648,0.254663881196982,69
1,15,0.893299328584641,0.868214574027206,69
4,15,0.762719275811785,0.55418769667321,69
2,15,0.842004806315614,0.30635461608499,69
3,15,0.780939016555474,0.661402988790147,69
5,15,0.771502020820369,0.538502956848345,69
1,1,0.937805929817114,0.731582968698796,70
3,1,0.906674313261013,0.786639199106278,70
4,1,0.852403122139558,0.645565655786615,70
2,1,0.857313754946306,0.770355771128672,70
5,1,0.84020567631789,0.261101320889455,70
1,2,0.932039242222715,0.913916947550312,70
3,2,0.905872777689794,0.664662784537957,70
4,2,0.843806894579572,0.784958922058989,70
2,2,0.864926390549189,0.765840355855012,70
5,2,0.841999595173482,0.778107151705788,70
1,3,0.931219577318998,0.938784355898742,70
3,3,0.90940851335416,0.80342675868647,70
4,3,0.847559530229037,0.593685810993454,70
2,3,0.863386835877649,0.523595932146599,70
5,3,0.844516511791404,0.28502884463891,70
1,4,0.934133896116387,0.815701811488749,70
3,4,0.909960563167101,0.760023493601658,70
4,4,0.860007824990359,0.518934103949955,70
2,4,0.85503262355079,0.468990469575441,70
5,4,0.842752888598982,0.521069696971874,70
1,5,0.931976422450476,0.913816002562608,70
3,5,0.910182738845317,0.836288217467719,70
4,5,0.864139183497663,0.310707053862397,70
2,5,0.851558172284132,0.78524504001103,70
5,5,0.833781653728293,0.246912466641437,70
1,6,0.933640643694928,0.875259633703279,70
3,6,0.909102311006107,0.235744870925029,70
4,6,0.868930396143093,0.762416496937814,70
2,6,0.84860969864647,0.867444152750717,70
5,6,0.835069743344359,0.471952878145873,70
1,7,0.932610469598425,0.900376090884632,70
3,7,0.914242098881403,0.553490636884,70
4,7,0.845558343954411,0.723184400693055,70
2,7,0.853089817775699,0.801448702153665,70
5,7,0.845432110050659,0.511012577585062,70
1,8,0.935916120794105,0.80096986919909,70
3,8,0.910284981066067,0.564269824779943,70
4,8,0.847523899024383,0.535426360123836,70
2,8,0.857493333246312,0.738640208331728,70
5,8,0.841043285013304,0.598594390114814,70
1,9,0.931926640479349,0.912206184560877,70
3,9,0.909346488838827,0.551869870477626,70
4,9,0.848849822888752,0.653035586322744,70
2,9,0.859011007774409,0.745882398723665,70
5,9,0.840578856114739,0.515872844533157,70
1,10,0.933885371470847,0.860803183280468,70
3,10,0.911363713538756,0.727432631031768,70
4,10,0.840497098872159,0.769803952596562,70
2,10,0.868903758537251,0.107544088812349,70
5,10,0.832074052654842,0.169332528054768,70
1,11,0.930070186843819,0.969645269510548,70
3,11,0.908100459809236,0.503555236598806,70
4,11,0.848458356810654,0.805307478201233,70
2,11,0.86533416123207,0.44049664582566,70
5,11,0.834125176134575,0.407959996485676,70
1,12,0.937760923767631,0.760399645891257,70
3,12,0.908217198401314,0.600249762430346,70
4,12,0.844055929133941,0.531133684503905,70
2,12,0.867570560961448,0.638851301650088,70
5,12,0.850325233550034,0.293428834081234,70
1,13,0.931629537582571,0.954392769506734,70
3,13,0.905390883523125,0.738801733075115,70
4,13,0.85793807741246,0.496628474689554,70
2,13,0.865434950751255,0.699311129830316,70
5,13,0.839671813831141,0.566296302148515,70
1,14,0.934776767269016,0.831230117461355,70
3,14,0.914775390974068,0.441240841431368,70
4,14,0.852598232694633,0.119353749663997,70
2,14,0.860031655977461,0.574206330930558,70
5,14,0.832174605673111,0.0890356840587584,70
1,15,0.935653234184693,0.862248011488257,70
3,15,0.906014167596443,0.582581971033068,70
4,15,0.859258311087284,0.419045608430487,70
2,15,0.865585757583053,0.717135323784182,70
5,15,0.848063027191943,0.124709518477866,70
1,1,0.93065415055984,0.875059727925022,71
3,1,0.892067977616063,0.57300981157617,71
2,1,0.86120945140436,0.604108161038454,71
4,1,0.865479664845479,0.610620413071152,71
5,1,0.852343653863408,0.590456850541758,71
1,2,0.928601028989993,0.904550896173534,71
3,2,0.891601903029021,0.684178593163748,71
2,2,0.855880707100498,0.696515232588674,71
4,2,0.867406291996341,0.661524184418504,71
5,2,0.847382981029316,0.730312500215326,71
1,3,0.931540569431913,0.798640827638253,71
3,3,0.894225483036055,0.610720900834259,71
2,3,0.852434149057055,0.883212959244348,71
4,3,0.856568476754849,0.62269982348401,71
5,3,0.865838529234093,0.335272631875095,71
1,4,0.927647530515116,0.930826798270101,71
3,4,0.900926462943164,0.725284864394618,71
2,4,0.847998857879538,0.69889070139582,71
4,4,0.878051280833164,0.709879319254394,71
5,4,0.824236306271687,0.0832215751145703,71
1,5,0.933288561469215,0.835919478067358,71
3,5,0.891977157899739,0.465214827701747,71
2,5,0.858589924103423,0.497688698752419,71
4,5,0.879641564121847,0.784707212391336,71
5,5,0.844713111746627,0.674433189949387,71
1,6,0.929541105918182,0.925060786112342,71
3,6,0.899098360734227,0.596459795943702,71
2,6,0.849478134099837,0.806796334762525,71
4,6,0.882307235927618,0.570014776957323,71
5,6,0.842877812452932,0.610418443565275,71
1,7,0.930584025989994,0.846106650108753,71
3,7,0.8916944894691,0.711916520891569,71
2,7,0.8574450434461,0.312662713411893,71
4,7,0.868905890873593,0.789395216912296,71
5,7,0.849569073482995,0.482661109305389,71
1,8,0.928448287317496,0.905565218184371,71
3,8,0.893391428781589,0.60490543828652,71
2,8,0.850072141125576,0.717138903592586,71
4,8,0.867892226155673,0.66882842257653,71
5,8,0.855605028248699,0.142904216152167,71
1,9,0.932072905220368,0.783241711517572,71
3,9,0.89520480807777,0.711985561209083,71
2,9,0.855271520784977,0.5053013423013,71
4,9,0.882025773855135,-0.1134779987666,71
5,9,0.838419032449031,0.666910025338728,71
1,10,0.932342893177588,0.789739522108101,71
3,10,0.896954177045475,0.641080486578821,71
2,10,0.851712641010589,0.74192175186333,71
4,10,0.8533612904253,0.689278480838631,71
5,10,0.878289564590229,0.51459942091066,71
1,11,0.927212705622599,0.923014039380142,71
3,11,0.890799574984771,0.766756684301559,71
2,11,0.851736831958335,0.668232030160512,71
4,11,0.86863253922909,0.773931406991172,71
5,11,0.851890004258495,0.2290770775162,71
1,12,0.929074250369571,0.919201432235416,71
3,12,0.869488535706262,0.52941967165486,71
2,12,0.8767103077191,0.834500192959947,71
4,12,0.868064221033243,0.424618595285167,71
5,12,0.849984658374209,0.461086454390347,71
1,13,0.930571692308037,0.777724367866575,71
3,13,0.892582833363997,0.77413587743585,71
2,13,0.851494909810828,0.816968222128726,71
4,13,0.876533249038531,0.575408847736536,71
5,13,0.83997912876707,0.356066953115802,71
1,14,0.932723836114255,0.791591314396739,71
3,14,0.892571372876603,0.77283002219782,71
2,14,0.859367096938002,0.554141718435788,71
4,14,0.880839574527667,0.481146950345013,71
5,14,0.847057025391812,0.116999223230829,71
1,15,0.930093584210423,0.891255184895601,71
3,15,0.891774949721734,0.491477298739966,71
2,15,0.852673255302782,0.487719180767387,71
4,15,0.870460710192793,0.472129717387664,71
5,15,0.869070234488995,0.159849872514352,71
1,1,0.932684267497078,0.652503559616971,72
3,1,0.899743785990569,0.627197180290359,72
2,1,0.865705431443154,0.779044977428399,72
4,1,0.837770772117695,0.718758765794933,72
5,1,0.86293030878623,0.755461907920085,72
1,2,0.920549825362946,0.933744091069348,72
3,2,0.908739252891078,0.895658218427638,72
2,2,0.847412440081143,0.556271221875375,72
4,2,0.839855373120183,0.716877531990487,72
5,2,0.861916877302359,0.459645016164131,72
1,3,0.927236961974164,0.764885215847866,72
3,3,0.909316139934826,0.549678732512678,72
2,3,0.864378410697919,0.66183223578479,72
4,3,0.846486362120615,0.468064391865823,72
5,3,0.870168450059571,0.834165196551506,72
1,4,0.929175357065187,0.768598801796005,72
3,4,0.912609376877232,0.821507326387446,72
2,4,0.860659870600335,0.778737094605728,72
4,4,0.839903990587773,0.45532971965459,72
5,4,0.868233527038317,0.37962747479067,72
1,5,0.927668683456553,0.765809267339298,72
3,5,0.91603608231339,0.515518877030329,72
2,5,0.858220361866338,0.435700313661549,72
4,5,0.849967286172259,0.324449418594087,72
5,5,0.877039122245334,0.444338259451198,72
1,6,0.92289210445291,0.905880737003161,72
3,6,0.898081689995247,0.558049435850901,72
2,6,0.868132978294646,0.650062119222671,72
4,6,0.840150142059772,0.658701118895365,72
5,6,0.865140645628061,0.571974810051993,72
1,7,0.925979822453151,0.815365546675522,72
3,7,0.897887801656239,0.566896421011934,72
2,7,0.874170727962754,0.337008393199283,72
4,7,0.855900017001075,0.536992697853306,72
5,7,0.873321919820516,0.511112177496821,72
1,8,0.923349246835068,0.916776703914986,72
3,8,0.906751371717314,0.644550590720189,72
2,8,0.854134248682713,0.739098338644891,72
4,8,0.845426300554579,0.520203302456448,72
5,8,0.876938243326529,0.446759371475772,72
1,9,0.922262099561086,0.937385781095602,72
3,9,0.897673572807307,0.552595649691762,72
2,9,0.863727803651229,0.763661196608967,72
4,9,0.837154887456715,0.772636258652132,72
5,9,0.874745022957147,0.434287232140011,72
1,10,0.922505756021783,0.921871850719767,72
3,10,0.901268836658423,0.842009797051208,72
2,10,0.855118505542508,0.693627376761412,72
4,10,0.836884025041356,0.868831758095926,72
5,10,0.873636483393157,0.778919973937688,72
1,11,0.92167262715626,0.947710766944029,72
3,11,0.91035000768967,0.719874671900413,72
2,11,0.862811622285671,0.6370438911149,72
4,11,0.847083161746766,0.0436774581197039,72
5,11,0.867278021279765,0.680506903074754,72
1,12,0.925580269364141,0.785460749564984,72
3,12,0.903555287209599,0.613702752762163,72
2,12,0.860241214070907,0.723292962645485,72
4,12,0.848561626070123,0.557927053803201,72
5,12,0.865336077297515,0.507132562890158,72
1,13,0.920753977077074,0.92054831776623,72
3,13,0.908328377741844,0.534410761227242,72
2,13,0.85897387093259,0.680688748381483,72
4,13,0.835667743441688,0.654624221133493,72
5,13,0.873648523970935,0.263176267223124,72
1,14,0.92548588469673,0.8585673430429,72
3,14,0.904762149131483,0.817621482153419,72
2,14,0.867438891819719,0.160326973373592,72
4,14,0.861502636319513,0.491864021535851,72
5,14,0.874253593760704,0.501237167764208,72
1,15,0.922190888531834,0.873642086577941,72
3,15,0.911096537086929,-0.0556495458266676,72
2,15,0.849600901568872,0.904103434083013,72
4,15,0.839132788032975,0.672436077499764,72
5,15,0.865727316706591,0.378210878765428,72
1,1,0.93223123873809,0.927005665710623,73
2,1,0.890603047469165,0.833299054586156,73
3,1,0.893078942290255,0.405935422632286,73
4,1,0.840990465176101,0.757093658559488,73
5,1,0.878705048168132,0.393263490701934,73
1,2,0.93292127838375,0.880176644299588,73
2,2,0.910106827076128,0.730418245521558,73
3,2,0.864463222155708,0.817273557227995,73
4,2,0.840650020173627,0.504678860002358,73
5,2,0.873927403396314,0.242716372081407,73
1,3,0.933645914515397,0.840236269169079,73
2,3,0.906419079799769,0.490669081876414,73
3,3,0.873947296948552,0.795232038137805,73
4,3,0.84230135058562,0.421788753726944,73
5,3,0.87395233814496,0.272442916930778,73
1,4,0.933230845598742,0.839076015087074,73
2,4,0.9006082210912,0.722419479251877,73
3,4,0.88009138399906,0.501161294111161,73
4,4,0.842559615371505,0.523317513432417,73
5,4,0.874093730124422,-0.0727439187260568,73
1,5,0.937117885951451,0.756405078197329,73
2,5,0.902412712927861,0.703904286653922,73
3,5,0.878807027771961,0.83958851674537,73
4,5,0.856393282320708,0.214348581132027,73
5,5,0.88176985274598,0.314208377639329,73
1,6,0.931143199163255,0.905527538613085,73
2,6,0.906664659515371,0.318286351900933,73
3,6,0.878103233193769,0.730334007587821,73
4,6,0.844789729309118,0.573584054682128,73
5,6,0.870639560759454,0.426533543042583,73
1,7,0.933767365780426,0.871300187815896,73
2,7,0.902835706153415,0.546130986872361,73
3,7,0.866985546104942,0.743797896631942,73
4,7,0.850482269913262,0.524486839401716,73
5,7,0.868580919441582,0.68680034610457,73
1,8,0.933667221870488,0.920311350289409,73
2,8,0.906697490269389,0.82269087490704,73
3,8,0.870314273712356,0.337692768600455,73
4,8,0.826314793644215,0.77417566097988,73
5,8,0.872747424855305,0.378028123379478,73
1,9,0.933569563145596,0.868931983973504,73
2,9,0.903641204535685,0.531503628154048,73
3,9,0.874958987024916,0.776193575531055,73
4,9,0.846439985129025,0.756031839702011,73
5,9,0.861469199680991,0.604571816467576,73
1,10,0.929987556950755,0.950733857428893,73
2,10,0.903662448037472,0.800236449107745,73
3,10,0.875651376874257,0.69917335654223,73
4,10,0.839515050965164,0.627062656625317,73
5,10,0.870943854951076,0.323693333033802,73
1,11,0.931953452898521,0.901599468324082,73
2,11,0.894132385634598,0.609051800019477,73
3,11,0.888995172346317,0.51079033080184,73
4,11,0.839326743535869,0.422093821226191,73
5,11,0.871343098227246,-0.302397750039677,73
1,12,0.93639373316193,0.733328442431493,73
2,12,0.917236480846139,0.496154941774288,73
3,12,0.878839925749447,0.0236468386062445,73
4,12,0.836825793663493,0.619346728013382,73
5,12,0.867140900292607,0.352454864561248,73
1,13,0.932369627782709,0.884869805833616,73
2,13,0.89622800874743,0.850575707614123,73
3,13,0.876463203742991,0.675016038928359,73
4,13,0.842966042387166,0.686718244338764,73
5,13,0.867510851972866,0.697046154755022,73
1,14,0.932442137056008,0.908179225078454,73
2,14,0.906861477744793,0.58485965012915,73
3,14,0.867501188486499,0.797825877995721,73
4,14,0.846098641275627,0.525028597845625,73
5,14,0.870413735485073,0.79753542358433,73
1,15,0.93406485066699,0.868426138390717,73
2,15,0.90317805202814,0.91813949094383,73
3,15,0.878917915327946,0.698843644507355,73
4,15,0.839066048840943,0.55357406646518,73
5,15,0.861915568695446,0.230939845380498,73
1,1,0.92656060381745,0.892381455901475,74
4,1,0.89767508283836,0.565694930247215,74
3,1,0.84534945425017,0.367397290048834,74
2,1,0.829729591770307,0.738342673508605,74
5,1,0.839966006092078,0.327063234457074,74
1,2,0.929025428410473,0.856487669786556,74
4,2,0.87481917960295,0.656495541680034,74
3,2,0.868543611725229,0.648450398778292,74
2,2,0.828037294854376,0.702399145316482,74
5,2,0.840313339889701,0.00780113046702878,74
1,3,0.930887326645075,0.757995699196052,74
4,3,0.90045554924327,0.443052951067442,74
3,3,0.849240491811852,0.742931261723308,74
2,3,0.837512778750385,0.36676926718453,74
5,3,0.854730697304768,0.297497976786289,74
1,4,0.929830398531363,0.835697217587324,74
4,4,0.883745141655207,0.652442771427357,74
3,4,0.867571141239507,0.656401923319964,74
2,4,0.829269684415505,0.660259266153558,74
5,4,0.846928099814251,0.619609527677328,74
1,5,0.938126511109317,0.629020651062276,74
4,5,0.887447610899179,0.574415094216108,74
3,5,0.863433218352346,0.53878974295039,74
2,5,0.840523621249832,0.489901606496969,74
5,5,0.851926032579194,0.0509703731317094,74
1,6,0.925516406766404,0.943732812440488,74
4,6,0.894364126183949,0.849531191663639,74
3,6,0.843335188919909,0.669479405343813,74
2,6,0.822578338757281,0.911003356315482,74
5,6,0.846133662506298,0.174889939837394,74
1,7,0.92740055230142,0.868612386961344,74
4,7,0.892838567509741,0.635897187505028,74
3,7,0.854300390944924,0.497673187066946,74
2,7,0.834441503142675,0.729312691743692,74
5,7,0.855391703376698,0.615835314405189,74
1,8,0.928381518388328,0.82527827984674,74
4,8,0.902526024988431,0.496638632125137,74
3,8,0.845408781695784,0.62692733572618,74
2,8,0.83012256000283,0.608385470199481,74
5,8,0.843859439665738,0.612923856938308,74
1,9,0.925431093028212,0.914466940658335,74
4,9,0.885723340315778,0.635211355598539,74
3,9,0.852917999319277,0.875008455173737,74
2,9,0.838054474138293,0.585452853078362,74
5,9,0.842438744323952,0.812091268433973,74
1,10,0.926509625978723,0.895817856329031,74
4,10,0.894821283359191,0.442895912542048,74
3,10,0.843617757522524,0.707694098339927,74
2,10,0.847600600933804,0.100818791126929,74
5,10,0.838781507250492,0.444702563652257,74
1,11,0.926011753903846,0.881164318498646,74
4,11,0.885464118638807,0.497208850670659,74
3,11,0.862026569397398,0.482722728538474,74
2,11,0.841654308468682,0.432480478941274,74
5,11,0.849980008991411,0.617879715247258,74
1,12,0.926132329120743,0.904475235731772,74
4,12,0.882565202042907,0.65999467912174,74
3,12,0.853836848605749,0.309868768748695,74
2,12,0.829680386686335,0.532983443577807,74
5,12,0.843796732146026,0.471764897491568,74
1,13,0.922974957671717,0.923049499112056,74
4,13,0.862558408676375,0.525780929708128,74
3,13,0.870815595298662,0.646234869795326,74
2,13,0.826090194324342,0.808201084374289,74
5,13,0.848119757348119,0.562261911574509,74
1,14,0.92593446905702,0.859498109726113,74
4,14,0.885689045443553,0.632137379051017,74
3,14,0.872003165430309,0.462620370512452,74
2,14,0.825665781926552,0.68119793107088,74
5,14,0.838461063480954,0.354906284461134,74
1,15,0.928102112477582,0.81707855705172,74
4,15,0.883973214679566,0.150869379788486,74
3,15,0.865013077227678,0.266665138019214,74
2,15,0.845907951003061,0.705370935327409,74
5,15,0.844686290800441,0.28542742058693,74
1,1,0.908653872703507,0.860659881348099,75
4,1,0.794164478195651,0.102797154981079,75
2,1,0.844488777269258,0.558276103553192,75
3,1,0.806224144587881,0.709540405183557,75
5,1,0.782307757981195,0.591090010871544,75
1,2,0.904842820182876,0.934767749559837,75
4,2,0.764659068457238,0.707253659191593,75
2,2,0.868183176495922,0.51593408076385,75
3,2,0.811121485233495,0.703391317353744,75
5,2,0.785346522042067,0.613918652916996,75
1,3,0.911791905630672,0.756288166427262,75
4,3,0.776566870212623,0.527989924609792,75
2,3,0.839657100760562,0.694344610027946,75
3,3,0.811421435619228,0.0628767730786375,75
5,3,0.798627993296711,0.431844689521222,75
1,4,0.914888438349207,0.733970672568489,75
4,4,0.790433720468107,0.201238648946158,75
2,4,0.85030996308839,0.836311615858647,75
3,4,0.816587629043215,0.446869104637434,75
5,4,0.777496541470475,0.383166100935138,75
1,5,0.907755250738989,0.94218782978471,75
4,5,0.792689788470628,0.417880273350065,75
2,5,0.839867316605652,0.796660162132455,75
3,5,0.815204269317023,0.239838620610099,75
5,5,0.786524777139165,0.338485678527751,75
1,6,0.909825804019747,0.801513898268387,75
4,6,0.772042893126749,0.505582893523209,75
2,6,0.841476664122565,0.5163404517307,75
3,6,0.811023414735822,0.615111623085298,75
5,6,0.799503999741923,-0.142810814019771,75
1,7,0.906353660338926,0.919323019583971,75
4,7,0.778951691126536,0.753337677144,75
2,7,0.851096833606812,0.701091004094531,75
3,7,0.812000370619724,0.599383865159144,75
5,7,0.78561670675985,0.159094554789967,75
1,8,0.911395505390698,0.777808023269457,75
4,8,0.777960487741388,0.788199247778819,75
2,8,0.849357217355753,0.752696165262246,75
3,8,0.827114771681155,0.61582170001653,75
5,8,0.788714243917766,-0.218946730642858,75
1,9,0.922451902982892,0.413093260175821,75
4,9,0.775653106128086,0.687057845183953,75
2,9,0.848380150844541,0.782619845422549,75
3,9,0.80669599856251,0.659775790506281,75
5,9,0.793900579270989,0.468923138212755,75
1,10,0.905672206171097,0.944486709707148,75
4,10,0.772332203342708,0.693190562374601,75
2,10,0.842653260870385,0.835562805507613,75
3,10,0.801206843957917,0.807451431245424,75
5,10,0.779720509077091,0.772097363637682,75
1,11,0.907687126801952,0.872765523020945,75
4,11,0.782563209173448,0.623168642458182,75
2,11,0.850845896292463,0.332458148059563,75
3,11,0.808106679158809,0.78424636450008,75
5,11,0.793263669897799,0.106510376077858,75
1,12,0.907521231814161,0.90728769932433,75
4,12,0.782049106913366,0.729294115442757,75
2,12,0.852637955135331,0.641233646489764,75
3,12,0.810431715791306,0.780786605691819,75
5,12,0.784331005094596,0.891731580512223,75
1,13,0.905896678152922,0.948212714424211,75
4,13,0.780454601819997,0.362535914900044,75
2,13,0.843887071852556,0.677230799685016,75
3,13,0.811176020754491,0.764422146604471,75
5,13,0.792258404287253,0.527473149944916,75
1,14,0.912159643794167,0.813644316144136,75
4,14,0.79712479256988,0.316487572159348,75
2,14,0.841003700984259,0.613528872613856,75
3,14,0.831150299913655,0.32065576936007,75
5,14,0.788830332108974,0.599601271909112,75
1,15,0.90887844225371,0.846147893989757,75
4,15,0.779440122119339,0.525914683227234,75
2,15,0.840914765513953,0.715826579916117,75
3,15,0.817302815915844,0.661501531779309,75
5,15,0.786592123099967,0.503960882392549,75
1,1,0.929483943282929,0.908223562421099,76
2,1,0.887995379984399,0.497055167058697,76
3,1,0.867588618294573,0.605553796302868,76
4,1,0.860441252024098,0.279998358816305,76
5,1,0.849324079822068,0.15800842614344,76
1,2,0.932135818972973,0.862180715694562,76
2,2,0.893657006992631,0.616594960461701,76
3,2,0.869746547276822,0.62318373613022,76
4,2,0.859173137831009,0.484616911223689,76
5,2,0.84255801744933,0.501784507478286,76
1,3,0.93324262820307,0.824401118925514,76
2,3,0.896317862834698,0.738030473983509,76
3,3,0.87498480361601,0.480861743857014,76
4,3,0.864509755126464,0.307113612334552,76
5,3,0.842583359566192,0.397854993275461,76
1,4,0.934772513033125,0.496806328807168,76
2,4,0.899491667818713,0.408847893921616,76
3,4,0.870960126305793,0.716517557740318,76
4,4,0.849370164217414,0.838008139036718,76
5,4,0.853904809786825,0.170425419116483,76
1,5,0.928693774359596,0.905893432305752,76
2,5,0.891343970491168,0.81228486447708,76
3,5,0.87913463114955,0.67708721606621,76
4,5,0.854098643982507,0.804694683776357,76
5,5,0.853183920519608,0.319908957713459,76
1,6,0.929288637844068,0.880531277251781,76
2,6,0.891663028162717,0.598214686199858,76
3,6,0.881036709053606,0.643617720543395,76
4,6,0.857408695467594,0.465721189058622,76
5,6,0.845999059365784,0.79747886482949,76
1,7,0.929455212679493,0.886047526082851,76
2,7,0.887102241294062,0.822673586598436,76
3,7,0.876274924229836,0.525627044586837,76
4,7,0.854857706194217,0.674596964617413,76
5,7,0.846576696005584,0.154628564008347,76
1,8,0.930051872045056,0.905173311954588,76
2,8,0.894856629853705,0.275261064480902,76
3,8,0.871572249985418,0.666010018884326,76
4,8,0.86141635474927,0.0682287020434423,76
5,8,0.860921318991103,0.391930806910777,76
1,9,0.928923757116797,0.93697666720009,76
2,9,0.897872728288128,0.71682738465675,76
3,9,0.87213985911898,0.43334301901892,76
4,9,0.86193929908486,0.512126532793783,76
5,9,0.852046467038926,0.255904815461656,76
1,10,0.936873596991183,0.712270657451721,76
2,10,0.883749371872703,0.676043536617705,76
3,10,0.87270350455814,0.6237643146573,76
4,10,0.858368737714782,-0.0190107997580636,76
5,10,0.844474931483118,0.850995860374704,76
1,11,0.927533027757286,0.916122169262436,76
2,11,0.889334117479448,0.669004150385139,76
3,11,0.867129231251899,0.60718263400271,76
4,11,0.852669232359284,0.825600414642251,76
5,11,0.846892986281485,0.254364750874341,76
1,12,0.930721389314566,0.88880796404833,76
2,12,0.892156641434585,0.81156943051711,76
3,12,0.868952769173821,0.564333352009849,76
4,12,0.853442597728406,0.535121644567234,76
5,12,0.842899308843186,0.386234227053379,76
1,13,0.934969505742019,0.712480467823378,76
2,13,0.885624441836765,0.694000109093451,76
3,13,0.876767460935268,0.509265398323285,76
4,13,0.865780874068585,0.602484514971095,76
5,13,0.858123102604333,0.12782810581826,76
1,14,0.928275115945584,0.882862037881751,76
2,14,0.902361826231338,0.625521814684581,76
3,14,0.867626101649491,0.625993658907349,76
4,14,0.855138420273465,0.551273882718311,76
5,14,0.843818409834476,0.248666567112652,76
1,15,0.928678750919076,0.94846754750084,76
2,15,0.893991401156329,0.825087453869974,76
3,15,0.866552374015653,0.641372700116446,76
4,15,0.848519559928719,0.677126793557746,76
5,15,0.847386986017466,0.606256229178942,76
1,1,0.967499685097981,0.855883781404186,77
2,1,0.948262482614264,0.869319390751432,77
4,1,0.921451666743041,0.439262327949537,77
3,1,0.905811881194217,0.585936157141619,77
5,1,0.906960665824072,0.440816351953367,77
1,2,0.96290815274533,0.92795810923579,77
2,2,0.948494349415231,0.698363267780078,77
4,2,0.913954678916843,0.66850922826972,77
3,2,0.910936277847023,0.687429921393703,77
5,2,0.901193170446055,0.362458994802605,77
1,3,0.965131880021077,0.790878350780383,77
2,3,0.944233137211027,0.80257023404301,77
4,3,0.917344285321392,0.684219603863566,77
3,3,0.912779729704866,0.573751123539664,77
5,3,0.892194831183646,0.485009270675106,77
1,4,0.96039171343615,0.954610885422831,77
2,4,0.945848463159214,0.546377854101072,77
4,4,0.917158821428981,0.638439072453541,77
3,4,0.907233087458357,0.712559025039912,77
5,4,0.894729946780205,0.659736072804235,77
1,5,0.965347382757535,0.796567540075397,77
2,5,0.946633720900338,0.832317423639453,77
4,5,0.915699135769228,0.454493929722328,77
3,5,0.918286649013554,0.773711874506783,77
5,5,0.891768282400979,0.698593799191316,77
1,6,0.966708069563545,0.76267390222997,77
2,6,0.944990661936499,0.686088503548804,77
4,6,0.925910692720681,0.423191003268824,77
3,6,0.916690256189879,0.452276499645191,77
5,6,0.889804622658161,0.487386672977759,77
1,7,0.963203854827274,0.910378955753815,77
2,7,0.944697432600941,0.743356020555783,77
4,7,0.918483560202773,0.73366923362628,77
3,7,0.912188263818721,0.331706162982259,77
5,7,0.894810972880174,0.27411226530737,77
1,8,0.965648484161991,0.869616328542017,77
2,8,0.947609188019059,0.68789060631705,77
4,8,0.913391323175163,0.606908263516323,77
3,8,0.913012177763726,0.796348101818022,77
5,8,0.894753227578671,0.659851944482516,77
1,9,0.964780281316358,0.840451161356149,77
2,9,0.947840465077294,0.771466006932899,77
4,9,0.92087691964665,0.643289335358861,77
3,9,0.918922190041564,0.259030123694892,77
5,9,0.89172925177403,0.452405201550166,77
1,10,0.963854348766003,0.861447263964812,77
2,10,0.946416930855727,0.607250795798342,77
4,10,0.922194789264488,0.838071253679391,77
3,10,0.912555250767951,0.448141778366296,77
5,10,0.889307603954073,0.704294312466045,77
1,11,0.961137622201565,0.95090329852849,77
2,11,0.947473488269289,0.355732333470508,77
4,11,0.924037252572695,0.443289526014536,77
3,11,0.909738428756021,0.478800332776149,77
5,11,0.891779360217421,0.0768073193543465,77
1,12,0.963948683633168,0.806160623205699,77
2,12,0.946979866459754,0.704018235998614,77
4,12,0.91932621277215,0.579017474932617,77
3,12,0.913427887313073,0.45074455140197,77
5,12,0.892606042637651,0.484685386279452,77
1,13,0.963434263130472,0.81542413379575,77
2,13,0.949103589493172,0.595701428943006,77
4,13,0.925064337031337,-0.0360803112058578,77
3,13,0.915832487022623,0.410335600015897,77
5,13,0.899248650748888,-0.285846964727716,77
1,14,0.962955762229031,0.930274407905665,77
2,14,0.950206778892415,0.793004311016052,77
4,14,0.917739960585129,0.428339357776834,77
3,14,0.916958670019814,0.439438247551275,77
5,14,0.894367298783109,0.386176048991343,77
1,15,0.962242300160297,0.948699727661755,77
2,15,0.948096862790631,0.598421717311125,77
4,15,0.914857575070028,0.403664097555236,77
3,15,0.914342072099764,0.638330915172898,77
5,15,0.891892258326998,0.34634459061976,77
1,1,0.900798699087467,0.946753964270675,78
2,1,0.868712602693697,0.619627302849056,78
3,1,0.775108459949082,0.735588956123279,78
4,1,0.793244179940008,0.659735754783546,78
5,1,0.798944215491883,0.778008637489971,78
1,2,0.903780443657237,0.936450774413802,78
2,2,0.868800991208637,0.42281051341583,78
3,2,0.771356487646177,0.749569212766039,78
4,2,0.787244653668868,0.55033047483232,78
5,2,0.804791042487089,0.380786799102388,78
1,3,0.910892990216627,0.702224432394908,78
2,3,0.867456460516355,0.613835189597884,78
3,3,0.788089107557807,0.648737509689612,78
4,3,0.794204479460912,0.710849525421634,78
5,3,0.807757224827497,0.497245098947172,78
1,4,0.904459125845123,0.860038824988889,78
2,4,0.856259399705982,0.867238563939238,78
3,4,0.784261548223975,0.465820421993025,78
4,4,0.783239815860498,0.679786349009246,78
5,4,0.811390417776031,0.436207661800539,78
1,5,0.906876729558307,0.80466111786267,78
2,5,0.86645866058048,0.789348277697571,78
3,5,0.79421235425825,0.0275110899896343,78
4,5,0.789098518659163,0.388530075867755,78
5,5,0.794140522080285,0.374293493367919,78
1,6,0.903632280666926,0.910532717223801,78
2,6,0.865016784623598,0.783364527654967,78
3,6,0.783069901329673,0.647805494307902,78
4,6,0.785578438914722,0.686351284796839,78
5,6,0.804622334880328,0.525958755991463,78
1,7,0.915044808203041,0.522527636629833,78
2,7,0.862940229821108,0.83741489248982,78
3,7,0.78954328349691,0.293646159650483,78
4,7,0.775992451379757,0.850733391118489,78
5,7,0.79810712952961,0.423779791312451,78
1,8,0.904642420195879,0.898708918725421,78
2,8,0.870746436963795,0.397729932215735,78
3,8,0.775200636840488,0.78057988067156,78
4,8,0.799414036119665,0.173660543411165,78
5,8,0.804094220610155,0.518682123870801,78
1,9,0.90271377318673,0.912287796033908,78
2,9,0.870195345296747,0.311577766178581,78
3,9,0.773204624582964,0.715437645341094,78
4,9,0.78641323387022,0.74631293194546,78
5,9,0.809095949015756,0.610669071637744,78
1,10,0.901204131116639,0.945049889626698,78
2,10,0.869666878794607,0.596758047828971,78
3,10,0.773792610800062,0.745102776035519,78
4,10,0.795252755606359,0.400013629267871,78
5,10,0.795981261611699,0.182543016511373,78
1,11,0.903428216328876,0.890226394444756,78
2,11,0.851105833825595,0.588798558318291,78
3,11,0.789071227093273,0.699523448860107,78
4,11,0.795195020743774,0.715984744299024,78
5,11,0.805173751917347,0.463030810155707,78
1,12,0.903814566451513,0.90359480052473,78
2,12,0.86004014303358,0.566887082120421,78
3,12,0.779356845511748,0.349662165609098,78
4,12,0.796889775181874,0.295910723141909,78
5,12,0.810881197756614,0.119670357009778,78
1,13,0.901286819671028,0.939036219008131,78
2,13,0.857940478839988,0.84391529402403,78
3,13,0.772047526515625,0.748779776386658,78
4,13,0.789925340027003,0.546779082157776,78
5,13,0.797139761607298,0.371597287476581,78
1,14,0.908821139532714,0.805343185550018,78
2,14,0.864251776874689,0.791441947883292,78
3,14,0.785713037246557,0.276774147826167,78
4,14,0.794899411753148,0.592399411646828,78
5,14,0.797846211419907,0.570518324627644,78
1,15,0.904795302570538,0.859894277099644,78
2,15,0.852106393515025,0.571610149454576,78
3,15,0.786510600921493,0.699864486644278,78
4,15,0.799705119344583,0.543201614442476,78
5,15,0.811650971058794,0.702187765086543,78
1,1,0.894001362895066,0.863174311191772,79
4,1,0.755434245935824,0.270783967961751,79
2,1,0.819864273701287,0.766030268429588,79
3,1,0.797335492027139,0.566340460080186,79
5,1,0.768187782720696,0.577423334667038,79
1,2,0.896078754330051,0.884741373426181,79
4,2,0.74117386241442,0.638331350904836,79
2,2,0.835435402431578,0.817825055499775,79
3,2,0.809305307334403,0.225272548427204,79
5,2,0.769422196314746,0.432957112419238,79
1,3,0.90005743529711,0.820802591624249,79
4,3,0.751882716151657,0.677448925201448,79
2,3,0.828057102890928,0.688021589546712,79
3,3,0.807659319715897,0.680489264018902,79
5,3,0.77271301304949,-0.1562372923736,79
1,4,0.89471708009371,0.936550889087196,79
4,4,0.736740597263408,0.630239726536422,79
2,4,0.833004648991331,0.276836488934754,79
3,4,0.809398704553417,0.58055849252328,79
5,4,0.765132924042713,0.628875504979599,79
1,5,0.896691766208946,0.909084786930573,79
4,5,0.745405010607734,0.587072670051646,79
2,5,0.821757692188279,0.877911065339751,79
3,5,0.805930912998359,0.383397280954694,79
5,5,0.764712681721872,0.44840316899985,79
1,6,0.894393314340211,0.890534286964676,79
4,6,0.745815635133073,0.430711712719961,79
2,6,0.836028159829723,0.632622195101381,79
3,6,0.787363901997223,0.775688436657356,79
5,6,0.765846775795816,0.455188495153353,79
1,7,0.895098811629316,0.920060362628638,79
4,7,0.738529737380116,0.446818608622637,79
2,7,0.829260229891728,0.689428012120417,79
3,7,0.803517599679047,0.781357755603263,79
5,7,0.785695146437649,0.30383597489166,79
1,8,0.899177605843217,0.712953128122818,79
4,8,0.746801982444579,0.628553488754986,79
2,8,0.819194425906137,0.60754156466991,79
3,8,0.805342509507525,0.642286083965026,79
5,8,0.770611537419035,0.324135221273085,79
1,9,0.897564552031269,0.870261504545397,79
4,9,0.753709009848665,0.528951266052137,79
2,9,0.804818077643657,0.83352271496068,79
3,9,0.805505346111878,0.530652174692194,79
5,9,0.76399735741746,0.0346605717846046,79
1,10,0.891922952944328,0.930572841328375,79
4,10,0.744069522891948,0.493061678745768,79
2,10,0.829878656191537,0.806272914090627,79
3,10,0.802698420894678,0.765795815137502,79
5,10,0.768258469305276,0.480117350320795,79
1,11,0.899229788980913,0.818012694231582,79
4,11,0.791151312760375,0.737468044742995,79
2,11,0.765273397186956,0.68448450176259,79
3,11,0.800641800848891,0.761604841432155,79
5,11,0.77157750798939,0.515234672578614,79
1,12,0.893411127327547,0.934504160940975,79
4,12,0.759294658176239,0.565456196878462,79
2,12,0.815163522004404,0.709822260913975,79
3,12,0.798156808857592,0.707779930666736,79
5,12,0.768211942646241,0.536348773994675,79
1,13,0.890361234361786,0.936963386407049,79
4,13,0.744797750354737,0.52380777045578,79
2,13,0.831548974518446,0.606454820582893,79
3,13,0.799318567526943,0.714647217500658,79
5,13,0.761982778672128,0.404870442006044,79
1,14,0.892609197402259,0.913129231703563,79
4,14,0.746858376896357,0.23582451997753,79
2,14,0.828614099203855,0.304645367477761,79
3,14,0.813984602391957,0.497449962988844,79
5,14,0.77220513568556,0.187577783108202,79
1,15,0.912997273437578,0.497518692449388,79
4,15,0.756704361636984,0.403465939745479,79
2,15,0.825932800609646,0.720171979295089,79
3,15,0.811889413073761,0.0905407454102364,79
5,15,0.754974002356329,0.606933156261619,79
1,1,0.927210003649457,0.834727014089753,80
3,1,0.893551562221317,0.724496143937754,80
4,1,0.841544132368353,0.524118549453606,80
5,1,0.855445868185303,0.130407089987664,80
2,1,0.865981605469795,0.873106371521686,80
1,2,0.923183942531736,0.955374217517451,80
3,2,0.89117646601895,0.704164019382942,80
4,2,0.85236747419959,0.46496011521061,80
5,2,0.832512162595977,0.474319858644205,80
2,2,0.867037181518063,0.659778264170239,80
1,3,0.9283083023853,0.837468268205899,80
3,3,0.894561430987185,0.321877135438205,80
4,3,0.841998256795472,0.749397430880118,80
5,3,0.840819634950027,0.240077149186476,80
2,3,0.865972132834818,0.706543124432583,80
1,4,0.92622499204785,0.897773904855962,80
3,4,0.898110639946193,0.362484414672775,80
4,4,0.848535331501104,0.575750679626318,80
5,4,0.867277911315264,0.131115010320643,80
2,4,0.821659178151335,0.760037902505983,80
1,5,0.928376792035711,0.82572696116915,80
3,5,0.900025729579485,0.64038727729812,80
4,5,0.84596614134994,0.813873104258315,80
5,5,0.847327539122088,0.551906008165109,80
2,5,0.858425616496445,0.691865799728524,80
1,6,0.927852764616456,0.859074530543655,80
3,6,0.89788428032037,0.392419766469374,80
4,6,0.84742730845847,0.317919391127981,80
5,6,0.866524346500017,0.258460029063459,80
2,6,0.84310512705558,0.567775311872728,80
1,7,0.929478317753698,0.809748664136797,80
3,7,0.879011130074781,0.574824214612122,80
4,7,0.857997814537507,0.794672092622077,80
5,7,0.841205278081152,-0.0899993815820117,80
2,7,0.862750734582796,0.5029113936018,80
1,8,0.923724586129385,0.957665384879741,80
3,8,0.89563474961777,0.508052384827308,80
4,8,0.840322747541167,0.630000309922732,80
5,8,0.843190826137394,0.503838108917414,80
2,8,0.863040717512631,0.52245569435361,80
1,9,0.929286427351397,0.772661312727743,80
3,9,0.894363589731831,0.711357676178322,80
4,9,0.843127710112274,0.447346089636859,80
5,9,0.82940342945887,0.511312794565268,80
2,9,0.870984819752014,0.837487999178623,80
1,10,0.936240843326291,0.582911018879961,80
3,10,0.89529849106295,0.631562305945727,80
4,10,0.846965200730365,0.646000214847346,80
5,10,0.86607014558712,0.469542660670696,80
2,10,0.833467442967497,0.681489823146208,80
1,11,0.92349138096494,0.947859658146776,80
3,11,0.896683662286301,0.712199188355106,80
4,11,0.849461510575696,0.254583691984676,80
5,11,0.845651183000622,0.501380949649817,80
2,11,0.850106809637085,0.912199537444775,80
1,12,0.924233115766537,0.930636645042929,80
3,12,0.891116257318472,0.717177506319717,80
4,12,0.851212760694906,0.54091600838512,80
5,12,0.850206582025457,0.339693609554724,80
2,12,0.834642230769716,0.863540845399173,80
1,13,0.92682301550352,0.850347600435998,80
3,13,0.89277078867384,0.554803305526336,80
4,13,0.848302831120659,0.608136635397442,80
5,13,0.870789772959742,0.0386326455610635,80
2,13,0.833636066920464,0.677216155727611,80
1,14,0.92906819204771,0.77012989187681,80
3,14,0.898071546662816,0.765387769559128,80
4,14,0.843936314995127,0.630135939518564,80
5,14,0.838540179282042,0.535953474061242,80
2,14,0.857479114859542,0.591232923633224,80
1,15,0.924223935926009,0.949453666137875,80
3,15,0.896235874165992,0.585520493814359,80
4,15,0.835173769949961,0.849217217309718,80
5,15,0.866360416297958,0.335969797535883,80
2,15,0.830356668437347,0.810604145098511,80
1,1,0.903119649796836,0.855186850368708,81
4,1,0.789752830964258,0.471179678239664,81
2,1,0.863304731959161,0.478716593861098,81
3,1,0.818971817424601,0.658977509975299,81
5,1,0.805659436439062,0.720173269776387,81
1,2,0.902863043671441,0.904153636249103,81
4,2,0.793011628670413,0.557756727965672,81
2,2,0.865533044644859,0.64933182549316,81
3,2,0.83215934197176,0.180456848535321,81
5,2,0.797818185394051,0.649454036629098,81
1,3,0.901359601555021,0.907133963286383,81
4,3,0.806332770686808,0.470906625712631,81
2,3,0.863995786321217,0.62032353084806,81
3,3,0.811300165565308,0.581372668076888,81
5,3,0.798746170550291,0.215685083458386,81
1,4,0.906014872537168,0.747317723683419,81
4,4,0.819355909363401,0.40937144072449,81
2,4,0.832542830303341,0.686162402664399,81
3,4,0.816867220460783,0.661439366086081,81
5,4,0.810980758088905,0.261839331018216,81
1,5,0.899957243994658,0.920591622892737,81
4,5,0.812894691223219,0.16601491482119,81
2,5,0.833979172826608,0.68724648322637,81
3,5,0.80348586105641,0.760912657303413,81
5,5,0.807538114745205,0.49041465230323,81
1,6,0.908709477395343,0.663190047426189,81
4,6,0.794672082467222,0.69316962991596,81
2,6,0.848057830665555,0.874579152260226,81
3,6,0.816163362694442,0.501945347722033,81
5,6,0.804070426756813,0.173221938387745,81
1,7,0.902119628909511,0.86937056884665,81
4,7,0.798154512585948,0.421538094260993,81
2,7,0.848735950976026,0.826239006961726,81
3,7,0.816485476479197,0.521760417864715,81
5,7,0.796395878415691,0.426795359458504,81
1,8,0.901791798707925,0.80867277119767,81
4,8,0.80089838264821,0.568926197472544,81
2,8,0.856048265893362,0.688033959679058,81
3,8,0.806641806792951,0.800784736289554,81
5,8,0.813185604087601,0.55877287359958,81
1,9,0.899535089762589,0.876173549256245,81
4,9,0.789084863709012,0.683856109373746,81
2,9,0.852900826767303,0.742596834929382,81
3,9,0.804526840830725,0.82577311477441,81
5,9,0.803546389102362,0.570640813283229,81
1,10,0.913330480173947,0.546585307037347,81
4,10,0.810852621962271,0.545155547726501,81
2,10,0.836735151241826,0.87545922352218,81
3,10,0.806375486215515,0.518517796461663,81
5,10,0.819327553843573,0.625686058275362,81
1,11,0.900149873047735,0.906619325006409,81
4,11,0.797863527654257,0.689854875555852,81
2,11,0.834547877953421,0.65333911516187,81
3,11,0.810245284984459,0.636585590182524,81
5,11,0.811424245467375,0.366366171498828,81
1,12,0.903413773867401,0.870150876435904,81
4,12,0.791621101266456,0.588024288725744,81
2,12,0.861921090385342,0.669458281444117,81
3,12,0.816321920784243,0.368291706606218,81
5,12,0.807561407854784,0.558461599005852,81
1,13,0.900277052074738,0.887737048908228,81
4,13,0.79063627076637,0.617055597324004,81
2,13,0.854886057071628,0.62172304960166,81
3,13,0.822782700420287,0.641974112941159,81
5,13,0.803842898654394,0.713669287532253,81
1,14,0.896760549019814,0.960759942494077,81
4,14,0.801655291378614,0.726429677300798,81
2,14,0.848278839672214,0.652708200662419,81
3,14,0.821045180965018,0.135056775928352,81
5,14,0.807497712959298,0.751528423330832,81
1,15,0.900268363669121,0.88819039439996,81
4,15,0.8019972229257,0.419667783360935,81
2,15,0.846910509126192,0.713671383303713,81
3,15,0.809384106678096,0.335157475055683,81
5,15,0.812473319159412,0.443296767121139,81
1,1,0.911136612918895,0.855587635969637,82
2,1,0.82723364599716,0.583052258032884,82
3,1,0.827145719784363,0.516203584073456,82
4,1,0.795942823520906,0.71980649089401,82
5,1,0.799559230074106,0.330794618296809,82
1,2,0.912152518915315,0.846462587305908,82
2,2,0.835250011442525,0.58555703130753,82
3,2,0.811759848271173,0.234970068147558,82
4,2,0.815945232813393,0.320925896450525,82
5,2,0.812131129931391,0.423979366537648,82
1,3,0.904439323232351,0.928692191614642,82
2,3,0.833845853266518,0.623456934952925,82
3,3,0.815556859290794,0.82446876847927,82
4,3,0.79464817981623,0.518756843181829,82
5,3,0.799113980489531,0.6405400318497,82
1,4,0.906856819811269,0.9216710412969,82
2,4,0.818584350901965,0.690226077242189,82
3,4,0.84723775351588,0.548218471370706,82
4,4,0.793975476984023,0.452284981287675,82
5,4,0.778984369432084,0.575874980379541,82
1,5,0.909550498786325,0.858735094716414,82
2,5,0.827427913241993,0.665056309295395,82
3,5,0.821178890828858,0.808128521926451,82
4,5,0.799146741727307,0.458840872152594,82
5,5,0.786165647812852,0.728340634646168,82
1,6,0.909024823115058,0.871995743852732,82
2,6,0.833808566950511,0.795123775109895,82
3,6,0.817064274669406,0.532878403117893,82
4,6,0.803747246988601,0.289891781235665,82
5,6,0.794383217945102,0.280716647725343,82
1,7,0.913085509158143,0.840639634988233,82
2,7,0.838760768516302,0.656625056790492,82
3,7,0.825417155153314,0.552697564386027,82
4,7,0.794814799691988,0.466191075976382,82
5,7,0.804259326585562,0.665916576489566,82
1,8,0.911958898173669,0.805993014363763,82
2,8,0.842296832733763,0.69044645917538,82
3,8,0.812643385766783,0.530772175146524,82
4,8,0.795951971568229,0.675695022706442,82
5,8,0.788629165799764,0.692857063053091,82
1,9,0.915197423396533,0.705631026589005,82
2,9,0.839747933921969,0.648971479795798,82
3,9,0.797950417933957,0.757396461874577,82
4,9,0.79737642836153,0.267711615879002,82
5,9,0.808316506980535,0.367122955924664,82
1,10,0.907543966878598,0.939806208462436,82
2,10,0.831723880595963,0.777051355123295,82
3,10,0.812451797066099,0.804220184626949,82
4,10,0.792487562183517,0.741663265924813,82
5,10,0.789317091594946,0.381856627215213,82
1,11,0.907105254719655,0.9364825783117,82
2,11,0.822530153280916,0.89826723999849,82
3,11,0.821170639110265,0.534939491023459,82
4,11,0.795068712876391,0.310247042319211,82
5,11,0.775254523857559,0.643186206422649,82
1,12,0.91726877054366,0.777763176620909,82
2,12,0.825754934656233,0.692762699105229,82
3,12,0.81939670015271,0.417651778045469,82
4,12,0.796078514589247,0.629642690835462,82
5,12,0.786090852041426,-0.146391389610465,82
1,13,0.907026912289217,0.905754595878829,82
2,13,0.838208754140173,0.543965387468045,82
3,13,0.813498705831559,0.714653610340017,82
4,13,0.792316157574497,0.661371068725659,82
5,13,0.793565902399691,0.528357068005124,82
1,14,0.909729111176612,0.897894888227805,82
2,14,0.841879636767089,0.441329972191076,82
3,14,0.805220213390291,0.609204452581328,82
4,14,0.799325094304735,0.62007441870867,82
5,14,0.787539904503941,0.25221337118583,82
1,15,0.908625661742042,0.872671316860921,82
2,15,0.83544224220243,0.41124189457583,82
3,15,0.817382744950762,0.6510521875092,82
4,15,0.795025436396375,0.754276833188365,82
5,15,0.791443243037274,0.52500276688331,82
1,1,0.907488421358509,0.819197222599033,83
2,1,0.868268439281062,0.477172364630467,83
3,1,0.798683287276238,0.506757408182487,83
5,1,0.766032333145066,0.409423537597276,83
4,1,0.824075212080779,0.347120143512085,83
1,2,0.912558567822037,0.65787960071339,83
2,2,0.811026475818191,0.513796012895438,83
3,2,0.857749011368063,0.329097703188307,83
5,2,0.799907386994451,0.156710433387016,83
4,2,0.829713460160951,0.379792294110438,83
1,3,0.910446131056652,0.7628571282072,83
2,3,0.840495116486053,0.817958047191478,83
3,3,0.811725416181968,0.528248641478641,83
5,3,0.772616007755985,0.307304399969037,83
4,3,0.820305631235452,0.703377830538513,83
1,4,0.912864895656003,0.78897430732472,83
2,4,0.862010768800553,0.818884152316345,83
3,4,0.790805944459169,0.35296716466025,83
5,4,0.776302298145703,-0.337493958074695,83
4,4,0.824163399776715,0.50070812410776,83
1,5,0.906392876639333,0.870343199958589,83
2,5,0.884206866018452,0.493707263098805,83
3,5,0.795681914377759,0.184194375325113,83
5,5,0.76182917809788,0.706297201694194,83
4,5,0.834775635123145,0.266058671598751,83
1,6,0.904165650025867,0.901447507599593,83
2,6,0.848962958749927,0.70491948226574,83
3,6,0.805736034600003,0.759944828489784,83
5,6,0.767568353589931,0.368692020070323,83
4,6,0.821834415284981,0.706579483428715,83
1,7,0.901366273430929,0.951790052242874,83
2,7,0.850661881722985,0.640641653570611,83
3,7,0.805325531415979,0.52555630612342,83
5,7,0.764946223970212,0.374621208250628,83
4,7,0.821452877939035,0.508861196372576,83
1,8,0.903909391571395,0.899387694227969,83
2,8,0.849894959876604,0.809046872567654,83
3,8,0.811911806473022,0.670065995271652,83
5,8,0.776628218031088,0.638120667484272,83
4,8,0.808646152077366,0.329550843921492,83
1,9,0.905136529306355,0.897439695786507,83
2,9,0.859698447929761,0.377737310061889,83
3,9,0.790515863235035,0.871056114951573,83
5,9,0.763541624781575,0.561254167148351,83
4,9,0.831653867869715,0.206779580877789,83
1,10,0.900291669394294,0.950601668590644,83
2,10,0.852356684680262,0.199229692123291,83
3,10,0.799867620099425,0.695421668245886,83
5,10,0.770428702827929,0.814320582238518,83
4,10,0.829514633942902,0.571887711348312,83
1,11,0.908766457872484,0.760302466238846,83
2,11,0.828901083185533,0.783942677020403,83
3,11,0.809888810269122,0.659556156908195,83
5,11,0.794762456575662,0.550276729233835,83
4,11,0.79005892707923,0.867846056709311,83
1,12,0.906000098472263,0.903520533834558,83
2,12,0.853229873368079,0.51078743536779,83
3,12,0.811384111897983,0.4881581383283,83
5,12,0.776765298486214,0.389956764226942,83
4,12,0.825083594811627,0.351005596437008,83
1,13,0.907579151126424,0.893864351176108,83
2,13,0.851823036903203,0.600419095712902,83
3,13,0.803171827306589,0.516478004494718,83
5,13,0.770465334636049,0.378794357143108,83
4,13,0.832068902844175,0.363643918307488,83
1,14,0.909221655765578,0.840656307794313,83
2,14,0.848312846483094,0.501366854265653,83
3,14,0.80901701339393,0.708358402781124,83
5,14,0.769617809981279,0.5675780924677,83
4,14,0.815566394094078,0.567103204510693,83
1,15,0.906457615118318,0.890208349795858,83
2,15,0.876162462775143,0.905508972180032,83
3,15,0.779316151908995,0.835366169644084,83
5,15,0.756449215381816,0.740940998087857,83
4,15,0.824129961304588,0.766077924911769,83
1,1,0.931793542975529,0.80254281835028,84
4,1,0.908510834757908,0.574120101387424,84
2,1,0.846271619538497,0.446603884384105,84
3,1,0.855713538766697,0.611892744190899,84
5,1,0.865513650062853,0.446391150545777,84
1,2,0.931109770837107,0.852915899852469,84
4,2,0.894282653163877,0.695854222603486,84
2,2,0.849469690537386,0.796134712913771,84
3,2,0.867315422425653,0.117671836366185,84
5,2,0.848766668649348,0.365991448137286,84
1,3,0.927892539244398,0.934076705195767,84
4,3,0.89883073035418,0.790271272732407,84
2,3,0.849905120788653,0.713871339089734,84
3,3,0.860152350747684,0.497238112437316,84
5,3,0.849770128841691,0.171955776821449,84
1,4,0.931949420933223,0.827589541509368,84
4,4,0.906674145260426,0.645779446881449,84
2,4,0.852305711383542,0.705372413409452,84
3,4,0.861311580504971,0.548767268789993,84
5,4,0.849945875950496,0.4330197849716,84
1,5,0.928612635970307,0.844634803988113,84
4,5,0.909846877364514,0.55025290915423,84
2,5,0.839018888710317,0.415158599619552,84
3,5,0.861444253784172,0.789420981339428,84
5,5,0.851493501681486,-0.0102655624601964,84
1,6,0.932499668871241,0.702940372761236,84
4,6,0.895047420671499,0.550041592306106,84
2,6,0.861279557508002,0.549359550691716,84
3,6,0.858350806115097,0.603302180816515,84
5,6,0.867238421634594,0.179790498722194,84
1,7,0.929164464980255,0.881388558289137,84
4,7,0.905571275713698,0.551403989336437,84
2,7,0.842705946873865,0.723578492683146,84
3,7,0.871981506854069,0.351944417406443,84
5,7,0.84293200727189,0.621048432031456,84
1,8,0.933691794114189,0.760639995051441,84
4,8,0.906022259960412,0.708413457459585,84
2,8,0.839419126662438,0.795384021816073,84
3,8,0.865655874599422,0.600663255456822,84
5,8,0.852104715687442,0.296012190118202,84
1,9,0.926748144425685,0.933576666490175,84
4,9,0.893656769159854,0.513230891143868,84
2,9,0.853956846689744,0.489611364196471,84
3,9,0.870138123884678,0.607661573698982,84
5,9,0.843571166183269,0.0365091422017402,84
1,10,0.935951595110967,0.589189624000152,84
4,10,0.863893959530321,0.803958912620291,84
2,10,0.876959197631423,0.724440012867073,84
3,10,0.855655270313201,0.808711484970723,84
5,10,0.855308135416847,-0.133595198426509,84
1,11,0.93236018417286,0.769748710643856,84
4,11,0.895759216379131,0.380108345217879,84
2,11,0.856880229483061,0.57873000935407,84
3,11,0.866344378089892,0.638323404844963,84
5,11,0.846280155074746,0.368787326072931,84
1,12,0.926028529108703,0.920258509474529,84
4,12,0.90366019533667,0.447593414186336,84
2,12,0.846667800448583,0.508826455729804,84
3,12,0.852623935272895,0.583117045240001,84
5,12,0.851002683600522,0.52135930922051,84
1,13,0.928787546719001,0.924877528211337,84
4,13,0.890569682658109,0.699241050802458,84
2,13,0.862759225018929,0.425400296679398,84
3,13,0.862221359557147,0.245651059993863,84
5,13,0.85284247613064,0.10074760275357,84
1,14,0.928962828216156,0.903134752041682,84
4,14,0.902120047350089,0.507762663198945,84
2,14,0.858214647055927,0.657787446850779,84
3,14,0.871690753129507,0.505429492686222,84
5,14,0.835863631644548,0.662522222133114,84
1,15,0.925711344253362,0.989879247211488,84
4,15,0.905807466475548,-0.225110083908335,84
2,15,0.846198490831237,0.749173739746123,84
3,15,0.861656458038552,0.829237072441974,84
5,15,0.844326194413165,0.630418001015492,84
1,1,0.905698181429856,0.9423189273546,85
2,1,0.851248285326137,0.690277485858032,85
3,1,0.773796497788473,0.808994330324723,85
4,1,0.776113551003334,0.630164513606618,85
5,1,0.803342988289287,0.36851848768612,85
1,2,0.918635600587722,0.507382659707022,85
2,2,0.847490096502928,0.69901716746989,85
3,2,0.788030047324561,0.483627374931098,85
4,2,0.776260019858068,0.63404711420726,85
5,2,0.803043813943945,0.431041144153319,85
1,3,0.90747778392304,0.914984960230654,85
2,3,0.841144511466596,0.769417143154392,85
3,3,0.787363205327427,0.661578948071969,85
4,3,0.776935645574823,0.237353720113392,85
5,3,0.797961808102484,0.647626452091913,85
1,4,0.913712299342042,0.78524876735003,85
2,4,0.856933753511126,0.66836106981547,85
3,4,0.79677016935281,-0.0215464861999712,85
4,4,0.798307219181444,0.291717080445626,85
5,4,0.810050268916956,0.415176605630619,85
1,5,0.91026407689049,0.86691463732232,85
2,5,0.839449293732476,0.78521271610696,85
3,5,0.79684513327727,0.755617221660099,85
4,5,0.770421295469626,0.494698148182723,85
5,5,0.793036840917462,0.690192402117141,85
1,6,0.902856154904047,0.958877049890253,85
2,6,0.845648257200969,0.831365519149271,85
3,6,0.785268508268348,0.645552640267479,85
4,6,0.771023228548144,0.584965438612785,85
5,6,0.80399939405897,0.353843439725433,85
1,7,0.916764821980916,0.794333633280998,85
2,7,0.858616023783271,0.63361691028325,85
3,7,0.780194514263015,0.602722992061969,85
4,7,0.765782874292184,0.380604946652117,85
5,7,0.81731666919079,0.21415208204442,85
1,8,0.907106044833433,0.917770655726597,85
2,8,0.844546537607993,0.811539363373712,85
3,8,0.791033499553655,0.29714703842782,85
4,8,0.78109285664006,0.797964308607905,85
5,8,0.800000139345646,0.453405954246503,85
1,9,0.909239995791328,0.901172672961919,85
2,9,0.842501148045291,0.361277934170835,85
3,9,0.79386472212433,0.667106214839121,85
4,9,0.77509736253015,0.547957260916847,85
5,9,0.82094796211077,0.477911590384161,85
1,10,0.909560212029532,0.89938657978947,85
2,10,0.83557767423957,0.593036199461444,85
3,10,0.804895204652752,0.681002530811818,85
4,10,0.78649283266205,0.495328882818993,85
5,10,0.791040536592411,0.690474420579149,85
1,11,0.908921363687068,0.913815841953737,85
2,11,0.854486414917283,0.208974832666311,85
3,11,0.778294976121882,0.836926698912968,85
4,11,0.785354199397308,0.717034555240104,85
5,11,0.810541515397088,0.621527832796823,85
1,12,0.90747758330038,0.856776244956783,85
2,12,0.845836824745895,0.419202839243843,85
3,12,0.783068942150606,0.156917804269114,85
4,12,0.781251339359805,0.399186463696545,85
5,12,0.812363652101895,0.325094298780153,85
1,13,0.913321089527679,0.840233106331538,85
2,13,0.865518976258074,0.530205209809821,85
3,13,0.77552402059872,0.751189422148324,85
4,13,0.784661754559597,0.520714384755965,85
5,13,0.787888588265094,0.612193293482172,85
1,14,0.912154300484654,0.873019957282987,85
2,14,0.858448980732064,0.728060230634344,85
3,14,0.771740965863176,0.531635148649161,85
4,14,0.779598175257723,0.350299578334859,85
5,14,0.803205272097158,0.559287321154983,85
1,15,0.915008207356635,0.602558162913798,85
2,15,0.857910314599755,0.735596111965814,85
3,15,0.768379142576785,0.734655118087639,85
4,15,0.772012770001531,0.508637307816481,85
5,15,0.806360175046902,0.327324660441667,85
1,1,0.930671475242362,0.874314372885008,86
4,1,0.899140126677476,0.493463351707606,86
2,1,0.841610788153832,0.75331096129705,86
3,1,0.849360633695948,0.691546917060507,86
5,1,0.842760690914558,0.513266511763584,86
1,2,0.934755776474069,0.675185172382671,86
4,2,0.887481514117667,0.734505840624133,86
2,2,0.84603202895867,0.716725111237535,86
3,2,0.857316110174858,0.696703689728409,86
5,2,0.842175663881387,0.523780476829294,86
1,3,0.929210037217889,0.904026392068502,86
4,3,0.900080315986824,0.684016744551229,86
2,3,0.849290800644881,0.476783568246455,86
3,3,0.853354115028123,0.664027254913157,86
5,3,0.839895353848508,0.154241743866013,86
1,4,0.930368038018015,0.888051222827148,86
4,4,0.885143862443215,0.588686647710669,86
2,4,0.850654999747815,0.648845876333539,86
3,4,0.850911151675856,0.4975616572478,86
5,4,0.837680574114813,0.500001051776104,86
1,5,0.930663137212285,0.927554436110502,86
4,5,0.899407165340739,0.510901884455314,86
2,5,0.841922758011988,0.502096990604439,86
3,5,0.852709963657282,0.676160476878594,86
5,5,0.831637658520179,0.545002574395437,86
1,6,0.933755645432363,0.829995986615253,86
4,6,0.889189709673852,0.59793388817505,86
2,6,0.829571829485637,0.777205378795481,86
3,6,0.854695619803938,0.244590955220348,86
5,6,0.835843676104109,0.553589970903202,86
1,7,0.931363139623147,0.912725215745938,86
4,7,0.894745438108036,0.622126475996571,86
2,7,0.842707558170535,0.832571498369386,86
3,7,0.857844525542566,0.603783912791131,86
5,7,0.828824507913081,0.399181837346434,86
1,8,0.929837388924366,0.880470595309932,86
4,8,0.896300627958524,0.564436040985398,86
2,8,0.843924886240166,0.682820009391378,86
3,8,0.857085828777781,0.451268117823418,86
5,8,0.823153209538441,0.693379547172201,86
1,9,0.938461184390833,0.374890478658937,86
4,9,0.88263893438163,0.305543425877233,86
2,9,0.867252794445984,0.746325762526925,86
3,9,0.855623808661803,0.554633706655337,86
5,9,0.847006685231743,0.177533333519517,86
1,10,0.929580229602063,0.896606094649353,86
4,10,0.894094623247337,0.111182394706024,86
2,10,0.839074978040848,0.649767573033119,86
3,10,0.862526048854021,0.74488573240361,86
5,10,0.832541929441129,0.584505860981065,86
1,11,0.932050188709689,0.881038055289961,86
4,11,0.896099565795501,0.469623829851902,86
2,11,0.845113805318352,0.623989375297077,86
3,11,0.849990761016643,0.947723596430126,86
5,11,0.844033990815155,0.276651709932566,86
1,12,0.93259355556305,0.870852382424582,86
4,12,0.888942082851709,0.423281994376534,86
2,12,0.852177096362647,0.366661100289885,86
3,12,0.871493748263105,0.175633231881062,86
5,12,0.835606381148715,0.41483864671607,86
1,13,0.93094893959003,0.925147215161213,86
4,13,0.894885138588435,0.855596216373181,86
2,13,0.853626674351996,0.539627335383657,86
3,13,0.861592330420296,0.625232150667068,86
5,13,0.823093003353143,0.818397208671853,86
1,14,0.934902142216069,0.810885558675579,86
4,14,0.899045016196986,0.426644303090999,86
2,14,0.852578887455395,0.594520837669932,86
3,14,0.859369842916559,0.560748489264875,86
5,14,0.839273054047249,0.0591938788799269,86
1,15,0.932185780285781,0.877190145308226,86
4,15,0.900704216694535,0.749852670914482,86
2,15,0.839328770175259,0.689395088479949,86
3,15,0.847364561287143,0.872043654182061,86
5,15,0.84164121980599,0.202095246661649,86
1,1,0.934619767276408,0.892610118696334,87
3,1,0.885506064347542,0.749942319965394,87
2,1,0.845229158758717,0.792735339209507,87
5,1,0.869612140614408,0.147342278994225,87
4,1,0.827348690203035,0.644584886224133,87
1,2,0.933750676124435,0.92415994908596,87
3,2,0.899651272095286,0.568353492283779,87
2,2,0.833330755282337,0.482593810759391,87
5,2,0.831541186138842,0.409827197047636,87
4,2,0.872538235712401,-0.226523700050103,87
1,3,0.932944793079448,0.927548653469836,87
3,3,0.905362515444732,0.288273521546222,87
2,3,0.835830595656213,0.487411335930306,87
5,3,0.877341602773647,0.642724442962984,87
4,3,0.81481186863498,0.664120671833998,87
1,4,0.935152236408609,0.876068553511331,87
3,4,0.862510721936723,0.341281308994468,87
2,4,0.869306121220951,0.647278850901538,87
5,4,0.826183982236616,0.37895502581837,87
4,4,0.87017825373788,0.544013207899176,87
1,5,0.934605872724706,0.909461181975984,87
3,5,0.886168609327291,0.725256561500489,87
2,5,0.837288463857022,0.71406935469484,87
5,5,0.881089327642497,0.242921480599747,87
4,5,0.822673521847025,0.579243166958182,87
1,6,0.93809231301785,0.844365421734652,87
3,6,0.87101592516474,0.564383576876016,87
2,6,0.869506827096484,0.65098222808696,87
5,6,0.84111595691009,-0.101316959224431,87
4,6,0.853957134318363,0.576620776380761,87
1,7,0.938420537434435,0.685417231174799,87
3,7,0.896687677430259,0.827548083897192,87
2,7,0.827579777560622,0.60314596144603,87
5,7,0.840524552467407,0.319312483697111,87
4,7,0.852100627409402,0.760242697194517,87
1,8,0.937814705627197,0.784675278253923,87
3,8,0.901217611048132,0.834484765723891,87
2,8,0.824168951861105,0.632160806977606,87
5,8,0.882833152972866,-0.137267353650596,87
4,8,0.830294974433787,0.577432890448402,87
1,9,0.932366914491498,0.951859033873659,87
3,9,0.895602875768056,0.756105815868172,87
2,9,0.823419481442921,0.743887535091276,87
5,9,0.828794529931376,0.529698867368899,87
4,9,0.872093882332271,0.654855980220962,87
1,10,0.933571953891161,0.920165710678951,87
3,10,0.890521271923861,0.692508513039454,87
2,10,0.842835958119336,0.570990532044123,87
5,10,0.873013408787264,0.0397845734692612,87
4,10,0.816424057723662,0.658033836706999,87
1,11,0.934116162000697,0.888835274054626,87
3,11,0.88809235850282,0.752652363709424,87
2,11,0.839858799588447,0.573574669015485,87
5,11,0.838625084562223,0.817581794589788,87
4,11,0.849506596298513,0.718928820569535,87
1,12,0.935114228921084,0.858641583075861,87
3,12,0.895988879789306,0.462779908379655,87
2,12,0.833852146603053,0.811964511620983,87
5,12,0.847537774081067,0.0643981068854232,87
4,12,0.848631433411615,0.521614297747758,87
1,13,0.933624442598464,0.957727797259035,87
3,13,0.904464961892219,0.345857494030411,87
2,13,0.827973034444088,0.323116648337286,87
5,13,0.842326281088434,0.160470140586977,87
4,13,0.861994892237393,0.437914984419948,87
1,14,0.940678224710147,0.390083484070926,87
3,14,0.889081223488592,0.566106560384798,87
2,14,0.84713480095508,0.473153011337128,87
5,14,0.842596989487053,0.257425229859858,87
4,14,0.8737951121238,0.361217505488849,87
1,15,0.935429561855266,0.906486621701834,87
3,15,0.900842141499184,0.489742613509304,87
2,15,0.828065288842137,0.790703657082802,87
5,15,0.849198811247568,0.486164842481335,87
4,15,0.855663158502121,0.731631919014818,87
1,1,0.911668539418929,0.859871042184749,88
4,1,0.826656067223205,0.420298351994333,88
2,1,0.795777873340537,0.85795354960235,88
3,1,0.814072872897839,0.581674524329102,88
5,1,0.789863082837362,0.498651101178559,88
1,2,0.912696719837351,0.784920631704296,88
4,2,0.811159480351286,0.577816559791777,88
2,2,0.823349825027942,0.455970475153567,88
3,2,0.812165830718665,0.355700422509348,88
5,2,0.800757400692723,0.262245083000114,88
1,3,0.915377079682515,0.786612954080085,88
4,3,0.823335805794572,0.356325584147899,88
2,3,0.810120621784346,0.764329860199771,88
3,3,0.803665883411571,0.817533108997966,88
5,3,0.790065746654584,0.416467587044227,88
1,4,0.916292075092279,0.772442193710103,88
4,4,0.783211908291981,0.53749420363699,88
2,4,0.851113257583021,0.822748360620116,88
3,4,0.817182269085654,0.688468315819961,88
5,4,0.774789580167301,0.74885715201303,88
1,5,0.90963346804943,0.894087670346229,88
4,5,0.797017068497558,0.574378875898554,88
2,5,0.833801754905191,0.724747460872082,88
3,5,0.812186345224332,0.45724697890333,88
5,5,0.78513850724522,0.342290110991081,88
1,6,0.92207792663811,0.644765982725466,88
4,6,0.810638024398376,0.362220768861112,88
2,6,0.823921594699504,0.3418241859094,88
3,6,0.82063711294962,0.180335500066013,88
5,6,0.788075801851703,0.126282489541202,88
1,7,0.912632544098328,0.90092821847202,88
4,7,0.837017314995082,0.247930218482424,88
2,7,0.805340086865919,0.449627713477157,88
3,7,0.818442802947139,0.541788414535558,88
5,7,0.783735819542223,0.0293040319428521,88
1,8,0.908788572512382,0.928645165388647,88
4,8,0.829770739765661,0.76795512168288,88
2,8,0.801618460607191,0.504981762128782,88
3,8,0.812128461461205,0.731990049156767,88
5,8,0.786207244923164,0.101764103477701,88
1,9,0.909247088863982,0.953035714723239,88
4,9,0.825140420118718,0.402449128473194,88
2,9,0.797985561893756,0.878013135274552,88
3,9,0.819246458386995,0.888206027413901,88
5,9,0.784865248330312,0.80173983486892,88
1,10,0.908588683670109,0.915727690782398,88
4,10,0.781636882488376,0.437112366501573,88
2,10,0.85655173682372,0.748560906643363,88
3,10,0.809283524518777,0.713938571493117,88
5,10,0.797060567902253,0.320728890170485,88
1,11,0.913107894773065,0.873331767565527,88
4,11,0.786797130833,0.363692215289553,88
2,11,0.84867797880536,0.745244871038096,88
3,11,0.822296567782475,0.128836516262194,88
5,11,0.796444495489944,0.390177995166411,88
1,12,0.912881341356742,0.899018641134775,88
4,12,0.824085145127131,0.578564428880134,88
2,12,0.823231075411224,0.629439395827685,88
3,12,0.812208863227926,0.663417926019418,88
5,12,0.793681941393767,0.275031108053297,88
1,13,0.910770444141507,0.902533604759862,88
4,13,0.820142623650973,0.36046187362388,88
2,13,0.822245237361395,0.670875762084084,88
3,13,0.824567854866208,0.129533386966694,88
5,13,0.77631259925501,0.439993729389302,88
1,14,0.907615407202654,0.952202882004031,88
4,14,0.829296948503417,0.509914263350796,88
2,14,0.807783925102285,0.545798590205947,88
3,14,0.812945471419259,0.595233493772511,88
5,14,0.795264941213597,0.222600143726995,88
1,15,0.90615643729876,0.951359362113831,88
4,15,0.788257295704466,0.766098210741757,88
2,15,0.83258946787906,0.67560521199257,88
3,15,0.816867976400331,0.590930688726718,88
5,15,0.782744746713881,0.171449747138657,88
1,1,0.909490574165401,0.747643388860418,89
5,1,0.772284279982341,0.471888250704013,89
2,1,0.841463259033207,0.637423510799729,89
3,1,0.812197536251966,0.613325025755199,89
4,1,0.817992163464903,0.353284520064819,89
1,2,0.908526016670565,0.809354127788813,89
5,2,0.772939195984195,0.508983963633045,89
2,2,0.849741782730115,0.790216131734261,89
3,2,0.809631061691559,0.579922570530577,89
4,2,0.797101638432866,0.355407437521613,89
1,3,0.898812105188808,0.975206644908993,89
5,3,0.764668069989814,0.571768854908825,89
2,3,0.850908393984355,0.754454001512402,89
3,3,0.818400074982574,0.367108127153529,89
4,3,0.797514401074781,0.737908790486335,89
1,4,0.908073064938998,0.836999105522187,89
5,4,0.767516945803402,0.706934776049178,89
2,4,0.843376554852004,0.396361278216485,89
3,4,0.825789742933732,0.604379431123483,89
4,4,0.791527500293979,0.328254333889408,89
1,5,0.903980248720543,0.914264963221194,89
5,5,0.773513915732363,0.470925743466141,89
2,5,0.852192643656265,0.487399347905244,89
3,5,0.802412434051976,0.541672232557,89
4,5,0.808729458037198,0.0363198525162102,89
1,6,0.90610989337436,0.892281429478402,89
5,6,0.769373970275432,0.388332090933114,89
2,6,0.852304898965079,0.815925352605529,89
3,6,0.824974468316678,0.0963313788039135,89
4,6,0.7910684031461,0.348544498608003,89
1,7,0.90522556314542,0.862987196451745,89
5,7,0.816415533704198,0.143982942151527,89
2,7,0.790583205034748,0.739914545001975,89
3,7,0.813178747193309,0.654641998690976,89
4,7,0.791703074130431,0.682606237897969,89
1,8,0.90456245184199,0.906978940992621,89
5,8,0.785195881490301,0.348046892343375,89
2,8,0.831447754014021,0.627983112024588,89
3,8,0.810145696760849,0.563602556411555,89
4,8,0.810177231785458,0.474000377337235,89
1,9,0.909503798891081,0.824842159752737,89
5,9,0.772809488162351,0.621686166938908,89
2,9,0.854190545459569,0.628036676449531,89
3,9,0.805270683307911,0.758707241906689,89
4,9,0.800339741602856,0.366516178215304,89
1,10,0.908268050728133,0.868833100712352,89
5,10,0.769408362124154,0.464138759159651,89
2,10,0.852172503020744,0.79308840023292,89
3,10,0.824773714738717,0.455950451825211,89
4,10,0.791713959716856,0.761854066353626,89
1,11,0.903590738343881,0.918874245381113,89
5,11,0.778147405560339,0.266797559105138,89
2,11,0.85010701216027,0.304344152372622,89
3,11,0.806512515827733,0.596038489352002,89
4,11,0.776779974140876,0.461402885294134,89
1,12,0.909588496247936,0.83848432704044,89
5,12,0.771102748959246,0.287112475031885,89
2,12,0.8483021826898,0.804122433989074,89
3,12,0.804672044617822,0.6689574746571,89
4,12,0.805232748170904,0.147629903725985,89
1,13,0.907775738199274,0.876321807155233,89
5,13,0.764765164641888,0.693775362335845,89
2,13,0.851927103892981,0.805124840639233,89
3,13,0.808292750465052,0.742925966763911,89
4,13,0.779887699692658,0.683173143208968,89
1,14,0.902202777280123,0.963107095235401,89
5,14,0.753736656006432,0.748369935690795,89
2,14,0.84859950732579,0.644720832618498,89
3,14,0.803286673337319,0.778154018121873,89
4,14,0.793187520456536,0.632704018586414,89
1,15,0.91813790200058,0.394673967988741,89
5,15,0.778384132506572,0.123441658297765,89
2,15,0.83290080422445,0.589308855567793,89
3,15,0.809495758407712,0.699277081326503,89
4,15,0.811298143105543,0.53765160823288,89
1,1,0.962446739808636,0.85590086208779,90
2,1,0.951721412370847,0.849502510479296,90
3,1,0.921933818571043,0.421009821847071,90
4,1,0.900882485624986,0.712124379535037,90
5,1,0.920553097812405,0.250564654286604,90
1,2,0.961531140535168,0.863886686311958,90
2,2,0.953481271826996,0.66716649455668,90
3,2,0.922641691499133,0.71626154480237,90
4,2,0.911857679250414,0.679827096219057,90
5,2,0.909902930157965,0.580976627197369,90
1,3,0.965308250798238,0.703510495080156,90
2,3,0.950354798946002,0.554910582257003,90
3,3,0.915164233905802,0.504520927451254,90
4,3,0.911935799658049,0.499950247951763,90
5,3,0.932086495780517,-0.0100601433273444,90
1,4,0.96284072619402,0.831392054539095,90
2,4,0.949339401990399,0.511544693876356,90
3,4,0.918386771412263,0.870552257257044,90
4,4,0.91095799537568,0.532879219758212,90
5,4,0.91381747780157,0.148255319291965,90
1,5,0.960976726619381,0.919760283895069,90
2,5,0.951223410018873,0.715817912545258,90
3,5,0.927349154651787,0.607492828184459,90
4,5,0.909766413146474,0.737106632311233,90
5,5,0.915149036491369,0.696163626050794,90
1,6,0.960609525235678,0.916654401377423,90
2,6,0.951090444207762,0.662871469316981,90
3,6,0.919310787562999,0.610302630009273,90
4,6,0.906302256371338,0.667848212220689,90
5,6,0.915553788089069,0.434479855608734,90
1,7,0.965405670416884,0.745797371530257,90
2,7,0.951867073061577,0.676746553168376,90
3,7,0.923707567833717,0.337061626746221,90
4,7,0.911842995810799,0.294332589202787,90
5,7,0.917301224502444,0.447373623609276,90
1,8,0.961428382849827,0.9079486941313,90
2,8,0.949154488633352,0.889875350642323,90
3,8,0.922796394599507,0.311120120698478,90
4,8,0.909508293313115,0.682406769417665,90
5,8,0.909614972269921,0.637433577012527,90
1,9,0.96227023801748,0.860244044873065,90
2,9,0.950834533546872,0.59206583806931,90
3,9,0.918605630116533,0.265658491034141,90
4,9,0.912886006323224,0.250732738950974,90
5,9,0.918141364452384,0.432863052568301,90
1,10,0.962642409886997,0.806258462039727,90
2,10,0.95120656295516,0.566950191746227,90
3,10,0.918055210389957,0.88048526335718,90
4,10,0.901474700612361,0.834950371000497,90
5,10,0.920241929535099,0.470469673117865,90
1,11,0.962135134477788,0.897186281031944,90
2,11,0.949951607319113,0.712524135258003,90
3,11,0.920964557992393,0.59211346661074,90
4,11,0.903037564483616,0.120220288541245,90
5,11,0.920901121705588,0.35377376956696,90
1,12,0.964698562891183,0.743385262299614,90
2,12,0.951057482223766,0.665972601375673,90
3,12,0.916050872072073,0.562088963133197,90
4,12,0.904754039004237,0.645671956667933,90
5,12,0.919406057558913,0.394793220302234,90
1,13,0.959602340746655,0.97949420655531,90
2,13,0.948960365165088,0.670701832728024,90
3,13,0.924920313549733,0.60812087858098,90
4,13,0.9035810392605,0.654857981796228,90
5,13,0.916464899491606,0.26885116847589,90
1,14,0.960753219114978,0.925687603486563,90
2,14,0.947420165639935,0.850307609525096,90
3,14,0.920719927740491,0.81099082856835,90
4,14,0.901406147204385,0.435826629082694,90
5,14,0.919344662339326,0.306806102451411,90
1,15,0.960212873951525,0.923666197791004,90
2,15,0.950986517003523,0.616188106937078,90
3,15,0.916620888341917,0.472303370444381,90
4,15,0.915685861577128,0.27040219272642,90
5,15,0.905341309524346,0.69999562680693,90
1,1,0.931510922090154,0.874353329639407,91
3,1,0.897538672694295,0.047751752645025,91
2,1,0.858727711680026,0.520894577366036,91
4,1,0.861755414482832,0.503611312757283,91
5,1,0.844318603219885,0.32965268076411,91
1,2,0.933607106548491,0.896372688472088,91
3,2,0.900617969266358,0.341109883582403,91
2,2,0.851271465110255,0.634199820127157,91
4,2,0.857238131073893,0.51144989167442,91
5,2,0.849283468977134,-0.232940311936683,91
1,3,0.935045975929607,0.767075065417135,91
3,3,0.902407408900521,0.588519236881438,91
2,3,0.85591596345741,0.651521533445873,91
4,3,0.851233923343576,0.761863426630144,91
5,3,0.839190763420989,0.597213042136634,91
1,4,0.932349577503736,0.919289218450181,91
3,4,0.904886658571753,0.714080219626668,91
2,4,0.848423561680334,0.617662978017196,91
4,4,0.852409557653586,0.763502016772122,91
5,4,0.853890928509708,0.289144463514076,91
1,5,0.932197497645326,0.898379482567598,91
3,5,0.903473070591504,0.772252948309358,91
2,5,0.845052989900656,0.694215015951389,91
4,5,0.860411214564693,0.534780074237694,91
5,5,0.850600172234923,0.315928392779709,91
1,6,0.933131571244439,0.865880745676446,91
3,6,0.902621138881337,0.498594922504686,91
2,6,0.850560483832953,0.692247880041722,91
4,6,0.850609532747547,0.844809878171234,91
5,6,0.843861549327232,0.264814969593069,91
1,7,0.932397438167865,0.856420056737134,91
3,7,0.900544979279326,0.835107601177921,91
2,7,0.847106894715792,0.571548336611846,91
4,7,0.850493444319048,0.385065572131825,91
5,7,0.843588158767688,0.181123427752494,91
1,8,0.932659525584354,0.868386951895171,91
3,8,0.902943556128549,0.570551956036524,91
2,8,0.847489575615312,0.53477553615646,91
4,8,0.850059963047212,0.683549402405451,91
5,8,0.853211247322904,0.459849424559022,91
1,9,0.931371605483705,0.887104315732549,91
3,9,0.885914766352457,0.552774426145439,91
2,9,0.870922551728688,0.63067426712701,91
4,9,0.853669210878499,0.481580163107638,91
5,9,0.846777198096845,0.468447767078085,91
1,10,0.944024412657098,0.459759816574481,91
3,10,0.897149229826486,0.649099674363561,91
2,10,0.854130322848524,0.629465022676849,91
4,10,0.864382976308335,0.322668728962089,91
5,10,0.846452272388257,0.4039167608699,91
1,11,0.934603159894693,0.702739671102501,91
3,11,0.89759999105223,0.543734723500825,91
2,11,0.847670336270501,0.25839254529929,91
4,11,0.860497217821163,0.347500219989225,91
5,11,0.852284581360803,0.369666054518573,91
1,12,0.930435007539669,0.953348036390906,91
3,12,0.900904774124328,0.73998957867184,91
2,12,0.84334839480172,0.846820632504073,91
4,12,0.849349465294606,0.687583661126606,91
5,12,0.847005070855229,0.184195318595611,91
1,13,0.931228278344383,0.898441743254592,91
3,13,0.901957251502099,0.784018288434154,91
2,13,0.853438954308646,0.59969199344161,91
4,13,0.850470456026774,0.623683958313947,91
5,13,0.843097977222405,0.703919909791749,91
1,14,0.930017428801405,0.909871863471629,91
3,14,0.896263063896695,0.634405744789101,91
2,14,0.839059833163555,0.701647732788561,91
4,14,0.850839920331105,0.645475675663393,91
5,14,0.847521083481661,0.530439031298537,91
1,15,0.933677813386316,0.817650398062058,91
3,15,0.901675294333156,0.71763312935603,91
2,15,0.847071377799042,0.656332432790641,91
4,15,0.860987338377983,0.369792532266077,91
5,15,0.846309818471797,0.156532018212637,91
1,1,0.927867348144443,0.963061805005093,92
2,1,0.891078888689724,0.611157823769082,92
4,1,0.884826296798945,0.479279648511481,92
3,1,0.839876962953879,0.689940069326559,92
5,1,0.857789722590125,0.389066967839932,92
1,2,0.926896654836234,0.954479155635162,92
2,2,0.904439320700124,0.760275271065237,92
4,2,0.857634755952696,0.699796151620769,92
3,2,0.860547050081997,0.665053992994354,92
5,2,0.844090277028131,0.782483140525045,92
1,3,0.931649768522501,0.849827761572009,92
2,3,0.886478884700996,0.744717758259157,92
4,3,0.878050637064762,0.787914362054184,92
3,3,0.849902215688442,0.793576174554185,92
5,3,0.848318228065845,0.210424633474275,92
1,4,0.931113279592883,0.854850983850877,92
2,4,0.896340286479655,0.564118781980657,92
4,4,0.886734383433819,0.405155147347337,92
3,4,0.851633873756626,0.60804220421945,92
5,4,0.844419819958323,0.553621340066181,92
1,5,0.931645548925473,0.837193995879311,92
2,5,0.893145389124601,0.100336251600427,92
4,5,0.863613638306132,0.450930398720248,92
3,5,0.855914623389373,0.169647274544769,92
5,5,0.862319765338731,0.340199378096672,92
1,6,0.932535152134931,0.815041154183587,92
2,6,0.912925490924486,0.610718530653296,92
4,6,0.861422577780186,0.608285103077982,92
3,6,0.841619778324741,0.650323731271929,92
5,6,0.852893022060221,0.598892031553249,92
1,7,0.929789623498273,0.906590169281432,92
2,7,0.901887835542538,0.506141000545556,92
4,7,0.869648488602891,0.354620462834385,92
3,7,0.850723101702562,0.629682740822951,92
5,7,0.841804702868244,0.239495245428296,92
1,8,0.931092887322471,0.83412067174514,92
2,8,0.90015726284481,0.674081504940252,92
4,8,0.855656166033944,0.817725953470359,92
3,8,0.854055955517397,0.822583525998563,92
5,8,0.857340390371667,0.673672207431846,92
1,9,0.933900653477225,0.823559779813631,92
2,9,0.905412847307749,0.632942513764475,92
4,9,0.858109493439426,0.785930253095554,92
3,9,0.847713407761611,0.544934463414551,92
5,9,0.861277544777078,0.0804348381599982,92
1,10,0.928315928872488,0.928670007210367,92
2,10,0.894062790879979,0.552644186155045,92
4,10,0.868764279934753,0.593432276128415,92
3,10,0.841801561743541,0.645201191584237,92
5,10,0.857979568405855,0.753507436431622,92
1,11,0.934611725197654,0.79271166874314,92
2,11,0.900581355019527,0.77802785531876,92
4,11,0.868318322640858,0.218181387914666,92
3,11,0.851323828693129,0.598095558167993,92
5,11,0.853414189972321,0.515249523782048,92
1,12,0.928841272266868,0.924478934205099,92
2,12,0.896048317164076,0.723394414823059,92
4,12,0.864438420752454,0.756481499202964,92
3,12,0.842915679025838,0.683101672042412,92
5,12,0.863266080520044,0.666590479291604,92
1,13,0.931589188195071,0.812560306471128,92
2,13,0.901082073827511,0.386734602541424,92
4,13,0.861926453179681,0.647519698136297,92
3,13,0.854320290459132,0.31313035278114,92
5,13,0.847450778156109,0.621926201065581,92
1,14,0.932311415893195,0.880681894561973,92
2,14,0.902013054359512,0.586407784865478,92
4,14,0.85744859363808,0.116672034498326,92
3,14,0.868199132086685,0.415670765255243,92
5,14,0.858121994909088,0.440848451688613,92
1,15,0.93110556462961,0.794019895571437,92
2,15,0.89791311863374,0.822951637579075,92
4,15,0.867693860401526,0.689245643932603,92
3,15,0.848020548324516,0.716329643625286,92
5,15,0.844556764009257,0.356334074592408,92
1,1,0.93487623772119,0.815003948283265,93
3,1,0.877369688875761,0.554202174478377,93
2,1,0.874801549069795,0.843077683855433,93
4,1,0.854918640207804,0.527682818159245,93
5,1,0.858502432422621,0.447349636218352,93
1,2,0.929803436897375,0.921233137097704,93
3,2,0.885023679715322,0.492917253495842,93
2,2,0.881669395350981,0.518813937291888,93
4,2,0.835118035555574,0.77416831251272,93
5,2,0.874975730414947,0.31846421662238,93
1,3,0.931829913876286,0.879117744097618,93
3,3,0.884869464868899,0.69117234657644,93
2,3,0.874083855976597,0.442457507417,93
4,3,0.847204168356994,0.554684726860291,93
5,3,0.870205418151215,0.452312126805725,93
1,4,0.933172677120566,0.869935235898969,93
3,4,0.873995707637484,0.714170295664529,93
2,4,0.874400000399729,0.685048310997599,93
4,4,0.871029995024173,0.682073920106846,93
5,4,0.833035124223918,0.823423200765671,93
1,5,0.933807529958512,0.852193297903959,93
3,5,0.869766295958465,0.440305977266153,93
2,5,0.888048736481341,0.706630939988665,93
4,5,0.833461537084086,0.420594271396977,93
5,5,0.877887543432406,0.686929563114661,93
1,6,0.932313667203134,0.910621668644135,93
3,6,0.875082238838157,0.630938572552319,93
2,6,0.881409692502437,0.688711713179777,93
4,6,0.857696864282033,0.360562943154618,93
5,6,0.862609405863927,0.430781794126707,93
1,7,0.933732915751665,0.862671685266328,93
3,7,0.879826432316496,0.723003249475132,93
2,7,0.868745278911749,0.424181271185585,93
4,7,0.843068490871525,0.64528691711039,93
5,7,0.867051015598805,0.69988440146513,93
1,8,0.932335342162289,0.882793026716733,93
3,8,0.909071790666765,0.43290773682156,93
2,8,0.839640307566118,0.858965743185882,93
4,8,0.835930281216951,0.580713736518362,93
5,8,0.877026756450435,0.605579316295821,93
1,9,0.931385032389353,0.942384602850381,93
3,9,0.890083232342524,0.715488958338365,93
2,9,0.861474466456926,0.80827463416997,93
4,9,0.854800488412475,0.231615205247465,93
5,9,0.850165852446797,0.558478686165736,93
1,10,0.937382228356517,0.827755062785713,93
3,10,0.863997996819279,0.238699741865494,93
2,10,0.893777430897311,0.643477011169639,93
4,10,0.841486837749576,0.72370623290988,93
5,10,0.853123622911282,0.553524579780825,93
1,11,0.935411764283822,0.859293544863832,93
3,11,0.859974659933107,0.141636784723761,93
2,11,0.895195272280545,0.828408878644509,93
4,11,0.856502763296292,0.25721383929425,93
5,11,0.87451257339279,0.548135781472755,93
1,12,0.930878356996153,0.961513176364733,93
3,12,0.882512164172721,0.804799450768745,93
2,12,0.872986583040575,0.557131673397101,93
4,12,0.835870158642935,0.675562674704971,93
5,12,0.869950454099139,0.618161024915798,93
1,13,0.931455877552439,0.918936908526369,93
3,13,0.881709691848521,0.656136717576959,93
2,13,0.870364654153768,0.810418332680358,93
4,13,0.844079425841743,0.626244915840611,93
5,13,0.876488256147251,0.646288492637864,93
1,14,0.935534041778883,0.799373316005807,93
3,14,0.870949700847663,0.619535620357292,93
2,14,0.881075770280877,0.730157711406669,93
4,14,0.835714481035036,0.516467230897977,93
5,14,0.871313346532289,0.00187936344932164,93
1,15,0.931627266469759,0.921956145443293,93
3,15,0.917842306172241,0.57325488629486,93
2,15,0.82993358636536,0.818304861917786,93
4,15,0.8575490387324,0.387185082238409,93
5,15,0.863907978266169,0.5310066490768,93
1,1,0.933034985073446,0.788032196243515,94
2,1,0.91477007054373,0.753230465098234,94
3,1,0.828643708481794,0.608833353436076,94
4,1,0.850942906532884,0.614533629905157,94
5,1,0.832491659164161,0.438042094823501,94
1,2,0.932477524568907,0.831089932307076,94
2,2,0.917211736166212,0.878041672888744,94
3,2,0.83815283264639,0.298432515784424,94
4,2,0.856565921892906,0.44272221839714,94
5,2,0.848898696237943,0.579437688065694,94
1,3,0.929887132055653,0.919457507521984,94
2,3,0.915209658206908,0.539557515956531,94
3,3,0.826931440679082,0.719262977237086,94
4,3,0.844127295727414,0.585259706784025,94
5,3,0.833464983595082,0.633165309640489,94
1,4,0.929681484512144,0.884032022276371,94
2,4,0.915696690259738,0.738024115016873,94
3,4,0.820538641595251,0.599354596523586,94
4,4,0.840291441633413,0.656280450689484,94
5,4,0.826968749075098,0.614614135648661,94
1,5,0.936280267534514,0.800842258400019,94
2,5,0.91615259085262,0.720295542343405,94
3,5,0.827862521987135,0.428311819439214,94
4,5,0.845742034858372,0.234034167499883,94
5,5,0.842450390928737,0.263377414846712,94
1,6,0.930346189398644,0.907323162897557,94
2,6,0.91447958481855,0.861851994572053,94
3,6,0.823052845328792,0.54988969130671,94
4,6,0.839374974725334,0.604392991161126,94
5,6,0.824454890239959,0.601003772925766,94
1,7,0.933577689121561,0.836633667612554,94
2,7,0.916780155270164,0.700954882522205,94
3,7,0.826906173253973,0.507157046429816,94
4,7,0.835686869111231,0.636614501083559,94
5,7,0.843731248490535,0.350507742033598,94
1,8,0.936683095897362,0.720367518423555,94
2,8,0.918709603319605,0.772689247517132,94
3,8,0.825847395163018,0.290620916263717,94
4,8,0.853763763429461,0.355922875535018,94
5,8,0.824685439375958,0.694241707000715,94
1,9,0.927985665888978,0.938157734082708,94
2,9,0.91507936022039,0.562488129862976,94
3,9,0.829641469001113,0.480673072588276,94
4,9,0.845589736101088,0.711188800228561,94
5,9,0.823961105979788,0.633765413650378,94
1,10,0.926926017348828,0.94294270429416,94
2,10,0.917514448281652,0.657174581010826,94
3,10,0.824607777510072,0.476104534807224,94
4,10,0.844491258918607,0.504268114500659,94
5,10,0.824064267402563,0.347123632140573,94
1,11,0.929238065476122,0.908075019772816,94
2,11,0.913056472909755,0.548939777499769,94
3,11,0.823877979329998,0.69828251405437,94
4,11,0.834335427599545,0.62006396686819,94
5,11,0.837459167963201,0.0335830675306271,94
1,12,0.932288822329192,0.774740987943256,94
2,12,0.911972856800583,0.665969960046175,94
3,12,0.823890507417778,0.693041043211467,94
4,12,0.846464835970329,0.640559019678484,94
5,12,0.822784771293032,0.892368068060721,94
1,13,0.931592629360234,0.869037567154615,94
2,13,0.915734681097723,0.836504593586415,94
3,13,0.820748607781132,0.531368869089698,94
4,13,0.84559597894128,0.598283009210698,94
5,13,0.844152332938427,0.373871272398555,94
1,14,0.929283807405414,0.92203157666494,94
2,14,0.919572474530089,0.760830288397106,94
3,14,0.847589759222327,0.248589377145167,94
4,14,0.83864270824421,0.437305642158397,94
5,14,0.830567616398697,0.479984149750951,94
1,15,0.935959284343348,0.419684309153492,94
2,15,0.909989250627601,0.888155674190925,94
3,15,0.825713324605952,0.788148582263288,94
4,15,0.857417225470774,0.253005304024323,94
5,15,0.823351252765262,0.575767183726388,94
1,1,0.965221549630689,0.833159139864308,95
2,1,0.952663704764666,0.85018342234063,95
3,1,0.920278024190318,0.90647795095785,95
4,1,0.912993460389207,0.500833434105201,95
5,1,0.936052158138142,0.445671818308329,95
1,2,0.967048440426074,0.677418268969135,95
2,2,0.953087855228568,0.623838073110372,95
3,2,0.923115349720613,0.566140731948426,95
4,2,0.912464212719139,0.27846115060289,95
5,2,0.929166023772462,0.113710604293577,95
1,3,0.961406749256307,0.949429005755352,95
2,3,0.9539913948082,0.662957007079414,95
3,3,0.921459771100644,0.653037981816456,95
4,3,0.917762387935338,0.715478412004907,95
5,3,0.925320750424507,0.457150463642669,95
1,4,0.963531440905693,0.913944756275406,95
2,4,0.954358184485324,0.645970689787532,95
3,4,0.926034606849065,0.673409654358286,95
4,4,0.912846978306732,0.205746386836898,95
5,4,0.940103568034957,0.386905403632511,95
1,5,0.96350198534315,0.891566005036689,95
2,5,0.951053528191619,0.744510241359379,95
3,5,0.929398396350314,0.272970724756909,95
4,5,0.903702284412795,0.806782034098537,95
5,5,0.934023298044656,0.458098461323872,95
1,6,0.96466537491453,0.904187403153426,95
2,6,0.951636844669909,0.805622802639131,95
3,6,0.926331511912674,0.744579914183902,95
4,6,0.909908812991059,0.563387795470288,95
5,6,0.934673029469742,0.522266690474566,95
1,7,0.964179066003758,0.899654794949652,95
2,7,0.953467880851504,0.723299477218018,95
3,7,0.924486840712173,0.743474190577216,95
4,7,0.906779021723427,0.538412230432479,95
5,7,0.929914567196164,0.546665179309326,95
1,8,0.965288751899088,0.779035466914651,95
2,8,0.954223377289569,0.75789275877578,95
3,8,0.935168434906664,0.738089712650745,95
4,8,0.922762657013771,0.608729659073648,95
5,8,0.915278569641201,0.481008124467893,95
1,9,0.962422516498341,0.921416010246824,95
2,9,0.952341873084262,0.609974891419565,95
3,9,0.925283678946535,0.619038559599369,95
4,9,0.90755382841765,0.659120247674767,95
5,9,0.925125351738238,0.417775189524966,95
1,10,0.962227599658435,0.956977189057942,95
2,10,0.95578047083852,0.40734423397832,95
3,10,0.929025935696191,0.630839286620125,95
4,10,0.923179572062832,0.597777407317141,95
5,10,0.914363879201197,0.633911826856065,95
1,11,0.964994725002756,0.906575605376816,95
2,11,0.951776643330596,0.879077160958648,95
3,11,0.930517193662871,0.595069692141347,95
4,11,0.910150666025431,0.740454710135326,95
5,11,0.927301732974853,0.659230072131924,95
1,12,0.964021486947634,0.867170227318021,95
2,12,0.952486150591609,0.772176972091758,95
3,12,0.929703348408642,0.51047438153778,95
4,12,0.906251574935655,0.729260740866989,95
5,12,0.928563272775362,0.475466363030019,95
1,13,0.96517189003692,0.804440004190921,95
2,13,0.952285805906075,0.800663213380831,95
3,13,0.932702095607381,0.371650499208139,95
4,13,0.9192591034061,0.568945849244167,95
5,13,0.915323009904132,0.808421055415886,95
1,14,0.963644594161107,0.90623580339918,95
2,14,0.957397830635443,0.5098032819512,95
3,14,0.929785452968723,0.511965757257138,95
4,14,0.909353118366844,0.797724092255822,95
5,14,0.925737139450391,0.671150551699468,95
1,15,0.96702891599491,0.61904674461778,95
2,15,0.956308153443777,0.662644499170562,95
3,15,0.928114848208894,0.550952837300717,95
4,15,0.914458645511853,0.0440908788379122,95
5,15,0.93772888165909,0.600773439972233,95
1,1,0.930907845164161,0.710614574552738,96
4,1,0.898866174527789,0.506333329873697,96
2,1,0.850560451179386,0.4083850964611,96
5,1,0.864028370998037,0.534867647227775,96
3,1,0.854232661119625,0.160753645007696,96
1,2,0.930381400893909,0.680748161891954,96
4,2,0.894379679356394,0.260404329215374,96
2,2,0.85969055452288,0.424861685845723,96
5,2,0.859567043090669,0.293239652590712,96
3,2,0.856523245242891,0.349064540868959,96
1,3,0.922895954299376,0.837657517264367,96
4,3,0.896228391524574,0.766525540736218,96
2,3,0.851347979311502,0.679578691752645,96
5,3,0.869230955779279,0.719301264919178,96
3,3,0.832106766358125,0.835153944851878,96
1,4,0.921253808091499,0.902340884493337,96
4,4,0.888305243857321,0.527995328268369,96
2,4,0.864610126207345,0.479398001830452,96
5,4,0.852819209755438,0.586971616561722,96
3,4,0.84124982165399,0.459668872564557,96
1,5,0.923965036586364,0.877375283440525,96
4,5,0.896793358794952,0.709891794965756,96
2,5,0.852408169915326,0.720111907073385,96
5,5,0.84422644884055,0.325322053219922,96
3,5,0.860775778633743,0.722183861684557,96
1,6,0.920056855980973,0.928251008204593,96
4,6,0.900425904929975,0.493094034674922,96
2,6,0.846734122230897,0.63820269605587,96
5,6,0.850351860865476,0.628570849449624,96
3,6,0.852197355479274,0.50116999472254,96
1,7,0.926646330483581,0.814818673750738,96
4,7,0.894343888583212,0.7565775201627,96
2,7,0.85541599162127,0.719636563635099,96
5,7,0.844643244308107,0.485969650175604,96
3,7,0.856710397652856,0.619631361940191,96
1,8,0.919546183794676,0.950187103177604,96
4,8,0.89924179487723,0.495282002189197,96
2,8,0.850763306724546,0.586075485940783,96
5,8,0.857624151637398,0.59809500148862,96
3,8,0.830978554394531,0.875313447159865,96
1,9,0.924032973779805,0.906912441840949,96
4,9,0.895202975593835,0.564014922041659,96
2,9,0.853660435179172,0.620617513407741,96
5,9,0.86305831022943,0.0292174705798812,96
3,9,0.831973164799088,0.392322346965566,96
1,10,0.927021958500632,0.765849669382992,96
4,10,0.866276113119743,0.43400743028289,96
2,10,0.887340680467173,0.842046270106194,96
5,10,0.877746881920576,0.515769744469463,96
3,10,0.835012484884161,0.588886751420917,96
1,11,0.925570992219322,0.862857414874597,96
4,11,0.878703037177782,0.561871262504194,96
2,11,0.867278511435118,0.865114892611788,96
5,11,0.860560633963779,0.274175966373366,96
3,11,0.840318210535072,0.755785034714387,96
1,12,0.924848222205629,0.885339870617729,96
4,12,0.895151243845507,0.864016423462312,96
2,12,0.853494755291819,0.359164866404875,96
5,12,0.865073930489864,0.610581021325339,96
3,12,0.833901031964591,0.666650285139727,96
1,13,0.925354498041129,0.718533472536723,96
4,13,0.906435111858271,0.711798147506054,96
2,13,0.85199172373188,0.597937591530134,96
5,13,0.857327289603427,0.466466524273241,96
3,13,0.850023676648543,0.627113958687024,96
1,14,0.918024448576359,0.991383699924846,96
4,14,0.891832629401044,0.558401103592205,96
2,14,0.845807072932459,0.832524164247336,96
5,14,0.863533738938102,0.408499686306605,96
3,14,0.833441119398126,0.91125471045222,96
1,15,0.927600398141554,0.792701860463891,96
4,15,0.899427829111294,0.732930634258817,96
2,15,0.844671004225987,0.691768398216832,96
5,15,0.838209574906551,0.0166754867405948,96
3,15,0.865205408515568,0.760186215297155,96
1,1,0.930656136072575,0.971149320975279,97
4,1,0.870483478547114,0.532955293050789,97
2,1,0.88004639005576,0.581847638922112,97
3,1,0.821109888194276,0.802912867062541,97
5,1,0.859135282537384,0.394359105392394,97
1,2,0.931057728238142,0.959531584592209,97
4,2,0.86379749507905,0.621283341040171,97
2,2,0.873334019915284,0.615278666846828,97
3,2,0.839758819895216,0.431882866931936,97
5,2,0.868292960696513,0.0889965158400573,97
1,3,0.93330444809536,0.925970368855368,97
4,3,0.866370278078829,0.739688549719609,97
2,3,0.871745638094135,0.616908144368322,97
3,3,0.843373571401318,0.460487931397468,97
5,3,0.865094588408236,0.490538391015407,97
1,4,0.937452516216011,0.832237692088942,97
4,4,0.855771163581485,0.103407716231415,97
2,4,0.89695167978564,0.694604917467721,97
3,4,0.832447593129046,0.682047403070662,97
5,4,0.866071403103892,0.304151694285852,97
1,5,0.93574743016879,0.745789431517701,97
4,5,0.888647418967093,0.409314373620458,97
2,5,0.854373343221643,0.834735251301798,97
3,5,0.842347300904499,0.66291675594916,97
5,5,0.846096136365391,0.631419442311951,97
1,6,0.936437308107,0.806778240064773,97
4,6,0.847905836644594,0.696791601678531,97
2,6,0.887927944562773,0.825468850182113,97
3,6,0.83226380969532,0.463578115819795,97
5,6,0.8557820834556,0.697559181847758,97
1,7,0.935410807743898,0.871192975336904,97
4,7,0.857217632831503,0.380506547963582,97
2,7,0.88942220965975,0.605329995882355,97
3,7,0.828672490353525,0.574393748756275,97
5,7,0.853019907804323,0.698344190352503,97
1,8,0.932810650001673,0.93394831619111,97
4,8,0.876196484891175,0.355364181358434,97
2,8,0.865825928116213,0.854782095000715,97
3,8,0.83743847802127,0.628633997599522,97
5,8,0.859925712250479,0.494662112719666,97
1,9,0.934536621428609,0.893943906801559,97
4,9,0.858207408364185,0.746990389610673,97
2,9,0.887045254721473,0.658187819265458,97
3,9,0.838298778687914,0.615320044338037,97
5,9,0.859276203261382,0.255656044810145,97
1,10,0.932303526928071,0.944088542995795,97
4,10,0.8648426439488,0.527002900956872,97
2,10,0.883282073099485,0.67259729511192,97
3,10,0.841570975042475,0.468067726374354,97
5,10,0.833652540781891,0.435348379006543,97
1,11,0.932647338182162,0.911892856012424,97
4,11,0.855018369160445,0.481784609758498,97
2,11,0.889908672957589,0.819101013520899,97
3,11,0.853735976232628,0.109754053546318,97
5,11,0.86047420203674,0.222032473871895,97
1,12,0.940978032754167,0.725122605907274,97
4,12,0.888101436183878,0.256907430449373,97
2,12,0.859070977667472,0.805274263747068,97
3,12,0.836552662518337,0.708704160130082,97
5,12,0.849835002508144,0.649409758083179,97
1,13,0.930839516947377,0.916240542596364,97
4,13,0.872015528642098,0.434621586080779,97
2,13,0.869230301444591,0.509025964346118,97
3,13,0.833791889580451,0.815683884652389,97
5,13,0.848100837087103,0.505077152130754,97
1,14,0.935362003595794,0.854157035000384,97
4,14,0.853840192772748,0.645182271945959,97
2,14,0.89433254027681,0.821957697437734,97
3,14,0.836598081724172,0.537583885534299,97
5,14,0.84915658251225,0.678392562708942,97
1,15,0.934678462538752,0.834405643413781,97
4,15,0.872671507145396,0.88257675117713,97
2,15,0.867668523108987,0.716138955343593,97
3,15,0.829254513405351,0.503343872811868,97
5,15,0.867748968003139,0.588550672848818,97
1,1,0.927553114849625,0.838492955034994,98
2,1,0.895986239910395,0.635116715789203,98
4,1,0.838853288616314,0.579074127157337,98
3,1,0.85596011346039,0.750083228615596,98
5,1,0.863007742873248,0.358160558187818,98
1,2,0.930419688890271,0.758457264620263,98
2,2,0.89189140514891,0.619521691111753,98
4,2,0.838756693145987,0.514028080178226,98
3,2,0.855714532612473,0.572169819919188,98
5,2,0.872671474132918,0.500512117676099,98
1,3,0.926717366893127,0.887688430566081,98
2,3,0.903350070910124,0.412277568837746,98
4,3,0.830495588600972,0.847707993673265,98
3,3,0.856219182518823,0.529569916271356,98
5,3,0.863214651829827,0.326268423110784,98
1,4,0.927738136462825,0.826962115759231,98
2,4,0.907058510136049,0.212254449970808,98
4,4,0.824310520043426,0.63000147750065,98
3,4,0.862309260613644,0.428049299349125,98
5,4,0.877495189763112,0.648009632879653,98
1,5,0.925723750392364,0.864167440524017,98
2,5,0.8969038290702,0.842678125047914,98
4,5,0.828814685811113,0.748697553942172,98
3,5,0.851526450934347,0.480552510835191,98
5,5,0.869946735155205,0.435674138861063,98
1,6,0.928339732744957,0.853452709965166,98
2,6,0.903136168575141,0.750662679223495,98
4,6,0.845701118531481,0.441055584554329,98
3,6,0.861215166955547,0.323208481591982,98
5,6,0.866193058385645,0.607391961253896,98
1,7,0.924779688947058,0.930221363501752,98
2,7,0.889816124730058,0.583675644973246,98
4,7,0.832451653309658,0.470607872252237,98
3,7,0.855748141809481,0.632945227861971,98
5,7,0.870790122306351,0.619636601875707,98
1,8,0.924959717900691,0.889901652816897,98
2,8,0.895062708547074,0.798793540483297,98
4,8,0.83911205843948,0.361298662649559,98
3,8,0.854678453608515,0.792734905611807,98
5,8,0.87309429712816,0.313363099681059,98
1,9,0.925233641181057,0.906622847326002,98
2,9,0.899457973232363,0.381274652321277,98
4,9,0.832855597826517,0.369925060971675,98
3,9,0.855403458829831,0.425165965700106,98
5,9,0.869527801407215,0.573902051002939,98
1,10,0.926413190895523,0.898299565178339,98
2,10,0.89236841474145,0.810590127606067,98
4,10,0.849214553052279,0.578106265171523,98
3,10,0.854152624069073,0.635720479433052,98
5,10,0.869483056125946,0.676405869060903,98
1,11,0.929150181912839,0.806780130038085,98
2,11,0.896832368779026,0.643572353931475,98
4,11,0.832952560682571,0.582517559122116,98
3,11,0.846264395332234,0.69230719832811,98
5,11,0.870631288368527,0.473375172128576,98
1,12,0.927450124068563,0.834463059952566,98
2,12,0.901096352125111,0.457967829148353,98
4,12,0.838041320690979,0.0944023874227154,98
3,12,0.866509370970342,0.380090008825256,98
5,12,0.875830612126787,0.299481542293626,98
1,13,0.9247038143216,0.868189765199339,98
2,13,0.901213610670353,0.500612673134706,98
4,13,0.831644738772858,0.661933512111216,98
3,13,0.873074060879612,0.627900847031024,98
5,13,0.868173727123232,0.508176758265731,98
1,14,0.928021620520046,0.850952322516473,98
2,14,0.888608518665807,0.83894903977771,98
4,14,0.826109995552822,0.698073181582203,98
3,14,0.862630224444717,0.574170870633062,98
5,14,0.865429989071103,0.541850527429136,98
1,15,0.927974554093329,0.851263673432992,98
2,15,0.898321167680635,0.785538901383871,98
4,15,0.838337619474872,0.720103286234541,98
3,15,0.849298285538925,0.762183294770437,98
5,15,0.868873424633741,0.249615244893869,98
1,1,0.902840347347063,0.90942412905801,99
4,1,0.830607135471593,0.575204396766896,99
2,1,0.771336361958772,0.83260381353942,99
3,1,0.800425794689475,0.64887504134069,99
5,1,0.806342373689883,0.60480483358443,99
1,2,0.903191639027611,0.889907921306816,99
4,2,0.84611284523651,0.334007214724786,99
2,2,0.763802357540485,0.644581982442347,99
3,2,0.806397377448873,0.557736873271329,99
5,2,0.790850281487898,0.737457790874311,99
1,3,0.905826937631289,0.83622071121741,99
4,3,0.801797240919061,0.595974581535948,99
2,3,0.812468911818229,0.713289864669516,99
3,3,0.807456710852942,0.436487748154941,99
5,3,0.804243293716777,0.0155676749727123,99
1,4,0.902646222668394,0.894767144460272,99
4,4,0.796138169871188,0.56844456749792,99
2,4,0.81116394320794,0.729776778031469,99
3,4,0.800646635641227,0.52324986371817,99
5,4,0.792576280100233,0.359540793516884,99
1,5,0.907044435073809,0.793800764520041,99
4,5,0.787918960320502,0.146488655372543,99
2,5,0.827895127256954,0.764720087041639,99
3,5,0.81724059095947,0.459376824728846,99
5,5,0.778388471597715,0.164099673812637,99
1,6,0.897201873800173,0.948828025847791,99
4,6,0.813658638660301,-0.0632061673200393,99
2,6,0.800068834618856,0.696218086583698,99
3,6,0.793053675880368,0.739490003136851,99
5,6,0.792217501124973,0.451626379691113,99
1,7,0.902383491524378,0.887959434606917,99
4,7,0.800288337167894,0.328501309855737,99
2,7,0.801190770184627,0.71800666302147,99
3,7,0.813163988880419,0.407480060671303,99
5,7,0.795914127851256,0.352274627465697,99
1,8,0.901723098969174,0.895343372732484,99
4,8,0.835291494441858,0.614130277864131,99
2,8,0.774993236294308,0.839706579723673,99
3,8,0.787334648392336,0.679797029815312,99
5,8,0.801632072741228,0.386431776274854,99
1,9,0.903141360470596,0.902392930371598,99
4,9,0.820290497049734,0.326968227125251,99
2,9,0.795404032266145,0.586516893959751,99
3,9,0.806543393287917,0.587130118034836,99
5,9,0.808751769146744,0.60591706862604,99
1,10,0.901860635116528,0.89565080893944,99
4,10,0.810475339122,0.533298905831974,99
2,10,0.792037041943631,0.467058224766578,99
3,10,0.803974879525267,0.71074268719889,99
5,10,0.786102000834776,0.43260559016346,99
1,11,0.902061862072425,0.900717509088383,99
4,11,0.803932507176122,0.629814074963649,99
2,11,0.806506718537491,0.660936762940334,99
3,11,0.792332877676922,0.882077962836466,99
5,11,0.793150051103326,0.0370957622682293,99
1,12,0.907015158412753,0.728903569267093,99
4,12,0.766651364183875,0.560975805510879,99
2,12,0.833006445445894,0.84834327288996,99
3,12,0.806497851995703,0.477588948872046,99
5,12,0.790418065074262,0.643403620195705,99
1,13,0.913875451876875,0.608745246061724,99
4,13,0.787738376145109,0.0212272518933831,99
2,13,0.82165916308474,0.777245317856445,99
3,13,0.803368001470167,0.702341294865906,99
5,13,0.789933005700493,0.42136771242202,99
1,14,0.902689553962432,0.88561407830788,99
4,14,0.788165058181416,0.541768368001429,99
2,14,0.810613915041975,0.514753997527022,99
3,14,0.817988560955697,0.240760353592924,99
5,14,0.786852341217571,0.512699833036897,99
1,15,0.904547749173424,0.832531731392702,99
4,15,0.837488577117605,0.627430878995847,99
2,15,0.764908608336242,0.766810050046523,99
3,15,0.814634180904509,0.373853384989848,99
5,15,0.795247978539458,0.398281541326092,99
1,1,0.922870151315104,0.881867022108211,100
3,1,0.876573193698933,0.330725628774263,100
2,1,0.864840632428824,0.863849404625118,100
4,1,0.856018500698354,0.461945389844427,100
5,1,0.835701924386196,0.618713278499621,100
1,2,0.923897345430935,0.779344274754841,100
3,2,0.861440416095002,0.529824020867686,100
2,2,0.88752562265498,0.610537406752221,100
4,2,0.85502285437572,0.417446753857256,100
5,2,0.834740492892822,0.472296872461067,100
1,3,0.92240630549712,0.864883664324345,100
3,3,0.860541638940275,0.642707652879123,100
2,3,0.882515670105435,0.881076665801903,100
4,3,0.853974983763484,0.548316202929172,100
5,3,0.82705039564628,0.471897910319402,100
1,4,0.928039137008698,0.754848039365854,100
3,4,0.876200507849388,0.289741000097182,100
2,4,0.875320328661777,0.38176645182366,100
4,4,0.869083514106118,0.383141620163113,100
5,4,0.823529141039715,0.714765801021134,100
1,5,0.92064504717631,0.928830679208797,100
3,5,0.874861628678303,0.676035537614389,100
2,5,0.868465863076902,0.556691056875472,100
4,5,0.856479872575919,0.70111580677941,100
5,5,0.829900800371143,0.33793565026023,100
1,6,0.920081712455182,0.912409607301528,100
3,6,0.875611569723422,0.672622815297741,100
2,6,0.88287840238543,0.688951787706187,100
4,6,0.852122274391915,0.319017069528043,100
5,6,0.834516974349284,0.341518242681926,100
1,7,0.921530232105018,0.909690172312171,100
3,7,0.871224939695881,0.755363726790226,100
2,7,0.867576598047802,0.4113256705024,100
4,7,0.85402378492558,0.68610049498133,100
5,7,0.826489910392761,0.593483715532193,100
1,8,0.920038840681775,0.933253327463373,100
3,8,0.880658015055891,0.828024931789889,100
2,8,0.854921481820987,0.741275859528804,100
4,8,0.85475532755291,0.698146713843763,100
5,8,0.833080409041948,0.537737947507016,100
1,9,0.922814818218035,0.861176379303421,100
3,9,0.846646775376597,0.914651118878754,100
2,9,0.884981618402606,0.779079080402959,100
4,9,0.857155566374576,0.870567187471265,100
5,9,0.811718079784858,0.759046787218597,100
1,10,0.922575990616326,0.84743909968448,100
3,10,0.871714326740059,0.526677448045339,100
2,10,0.877301953271092,0.598223879807742,100
4,10,0.854540768375126,0.388553325549433,100
5,10,0.831725370272228,0.296330399140826,100
1,11,0.923506297336377,0.823684271671582,100
3,11,0.884797880356643,0.625182305505784,100
2,11,0.859188742789948,0.762646402283829,100
4,11,0.859087430448628,0.610402441033839,100
5,11,0.82142300209532,0.61412541068174,100
1,12,0.930255402869264,0.531957962994939,100
3,12,0.878215552118028,0.587604660354512,100
2,12,0.86990291566808,0.624174666865764,100
4,12,0.862387102185074,0.262671698919889,100
5,12,0.833693161145066,-0.11192537067998,100
1,13,0.921759488988388,0.848945817722235,100
3,13,0.874931477885585,0.369701673079458,100
2,13,0.866616772150089,0.0229163840309229,100
4,13,0.863989037064008,0.736549675715185,100
5,13,0.822724084660763,0.543919416677742,100
1,14,0.924100212767673,0.644021523811984,100
3,14,0.862642894712736,0.259410079465289,100
2,14,0.890612776785402,0.148088999605687,100
4,14,0.861807340245481,0.192229014654939,100
5,14,0.841041688249451,0.217934605693775,100
1,15,0.925025404858432,0.847260432912144,100
3,15,0.854466705989075,0.356945939623112,100
2,15,0.897161858004046,0.51910108853032,100
4,15,0.849605992474637,0.0584267887776374,100
5,15,0.85417380403673,0.241134189777716,100
