"canonical_direction","fold","train","test","seed"
1,1,0.999540575835568,0.953882836903493,0
2,1,0.99905434556597,0.646671398161487,0
4,1,0.99652003403949,0.700733660767231,0
3,1,0.992854461249609,0.771469701347457,0
6,1,0.993306090703162,0.722304890238772,0
5,1,0.990334537701493,0.749083191812754,0
1,2,0.999502653102302,0.984534714988468,0
2,2,0.998892417305938,0.92240987825948,0
4,2,0.997072991840416,0.756831241941278,0
3,2,0.993957141925995,0.943781125223785,0
6,2,0.99411184176347,0.607519297809859,0
5,2,0.991958374734853,0.611889592655776,0
1,3,0.99941675339414,0.971696718514253,0
2,3,0.998854638755135,0.947507601958412,0
4,3,0.996566833353432,0.934280945651825,0
3,3,0.992691978002794,0.807283190255519,0
6,3,0.993628766911065,0.557051454894344,0
5,3,0.991556702943159,0.455400492083887,0
1,4,0.999473104872708,0.978172680728211,0
2,4,0.998707948835042,0.923803140994142,0
4,4,0.996328802718278,0.714060452327622,0
3,4,0.993764541946929,0.622388314140536,0
6,4,0.993049572661606,0.26815932990273,0
5,4,0.990898178377767,0.72949663918743,0
1,5,0.99950006920606,0.903286357575206,0
2,5,0.998690546097866,0.991703493118766,0
4,5,0.99656227380636,0.929896524048985,0
3,5,0.995803349770337,0.242856276726716,0
6,5,0.994127825165912,0.11601340953562,0
5,5,0.989700689767565,0.712345561967299,0
1,6,0.999383656854408,0.995367210390696,0
2,6,0.998930102539385,0.799805793264732,0
4,6,0.996695347070188,0.485887240867491,0
3,6,0.993330002470087,0.709549706908813,0
6,6,0.991737811055419,0.683328268428803,0
5,6,0.991141119803685,0.733096205254984,0
1,7,0.999491761703654,0.959118238221546,0
2,7,0.998893038596913,0.912034830593817,0
4,7,0.996937865476951,0.897965720361472,0
3,7,0.993036603533865,0.173771660975589,0
6,7,0.993422833723318,0.619373791646536,0
5,7,0.990959464727055,0.0352143767122465,0
1,8,0.999439815425719,0.986811784823535,0
2,8,0.998769742475482,0.953623512281705,0
4,8,0.99645474493938,0.596142702901981,0
3,8,0.993409551019471,0.684618431927003,0
6,8,0.993649068343677,0.919427891182888,0
5,8,0.990291187078816,-0.196466234893217,0
1,9,0.999440032271333,0.95287521529139,0
2,9,0.998830617227173,0.927870022100791,0
4,9,0.99635954334876,0.0857364251474493,0
3,9,0.993587413330109,0.690131332383241,0
6,9,0.993973497747618,-0.169138735032544,0
5,9,0.99116139649704,0.486318847080795,0
1,10,0.999437357355727,0.993375757852746,0
2,10,0.998821297491298,0.933401939770061,0
4,10,0.99648733848152,0.919294766306727,0
3,10,0.993161623843016,0.637189351765724,0
6,10,0.995805042634041,-0.23687828076702,0
5,10,0.990652222343291,0.603652598987971,0
1,11,0.999430038113421,0.989637788711731,0
2,11,0.998995473143419,0.658247441283652,0
4,11,0.996713190976708,0.878673754700886,0
3,11,0.993277442506976,0.826295033179271,0
6,11,0.993217956240747,0.737774377931232,0
5,11,0.990487421328284,0.491858053382759,0
1,12,0.999460917177216,0.977033730721625,0
2,12,0.998763661269011,0.995674457773238,0
4,12,0.996122520874549,0.945973956401431,0
3,12,0.993329185127373,0.876488593609135,0
6,12,0.993770393406038,-0.571061451837999,0
5,12,0.991112240735062,-0.195584007145007,0
1,13,0.999463251696758,0.98781158746224,0
2,13,0.998912882657722,0.8820742786411,0
4,13,0.996918863742817,-0.48465795566462,0
3,13,0.993509328502693,0.706915656441591,0
6,13,0.993359799215778,0.800168911604791,0
5,13,0.990360894661995,0.867447408820423,0
1,14,0.999622368801539,0.923611961760265,0
2,14,0.998665555205988,0.991190316355834,0
4,14,0.996647311958881,0.838703417193317,0
3,14,0.99346789973127,0.951171346296085,0
6,14,0.994696594372077,0.400159683309577,0
5,14,0.990989425732573,0.589370821324348,0
1,15,0.999428276123819,0.989451351544,0
2,15,0.998666441259922,0.986904147746574,0
4,15,0.996613525729049,0.567182595176521,0
3,15,0.996392152131853,0.616792829689904,0
6,15,0.994000077904272,0.387278935153708,0
5,15,0.992965366618284,0.465226115566042,0
1,1,0.998168220908593,0.959825027549302,1
2,1,0.997427007394294,0.919148062148764,1
4,1,0.991203384257027,0.942781097404957,1
3,1,0.984018297572578,0.910289285366902,1
6,1,0.983395951177951,0.576221821031357,1
5,1,0.975920833391915,0.526019288157908,1
1,2,0.997948798343152,0.983679983598244,1
2,2,0.99752343327346,0.893733834180876,1
4,2,0.99176123443545,0.892704709645206,1
3,2,0.984044284252084,0.806820939205645,1
6,2,0.98267181515176,0.270447070006463,1
5,2,0.977613544097369,0.00905410218289912,1
1,3,0.997988373951213,0.905014965727486,1
2,3,0.996850399987475,0.985935228637702,1
4,3,0.992214087599143,0.476160973706844,1
3,3,0.991900006755402,0.815819831255599,1
6,3,0.988244263195488,0.953164248738133,1
5,3,0.983072494582405,0.120173134481916,1
1,4,0.997964804870837,0.983282849852581,1
2,4,0.996874464780056,0.981906934926536,1
4,4,0.991660109060398,-0.0378255931700151,1
3,4,0.98500485727364,0.62236652054304,1
6,4,0.982878838890237,0.279601682750085,1
5,4,0.974192658144666,0.822110886232776,1
1,5,0.997844633880406,0.983410972239236,1
2,5,0.997261685404308,0.858084166729333,1
4,5,0.991714157878622,0.297079194665958,1
3,5,0.98358661136185,0.957379294075726,1
6,5,0.98225216668005,0.677932527441718,1
5,5,0.977032443280926,0.693023266136238,1
1,6,0.998545227306375,0.924337151074209,1
2,6,0.99662295712464,0.988052507999913,1
4,6,0.99218977451862,0.838184429532636,1
3,6,0.984770633720316,0.907899337546109,1
6,6,0.98219245669229,0.465080664268193,1
5,6,0.977023120562149,0.0967852959106104,1
1,7,0.998018427484547,0.910441398029852,1
2,7,0.997008263770912,0.978010319334362,1
4,7,0.99161290398758,0.871909158343251,1
3,7,0.986124602931873,0.554615850637828,1
6,7,0.981962130936139,0.684161394493783,1
5,7,0.974165492530329,0.780606462619996,1
1,8,0.997965716999264,0.951364918229149,1
2,8,0.997153810584516,0.856359877514281,1
4,8,0.991117531771382,0.969080281475569,1
3,8,0.984565262400223,0.69698007783545,1
6,8,0.981389759336038,0.850118929773569,1
5,8,0.974424594760903,0.292575815612442,1
1,9,0.997793169385912,0.964715696537711,1
2,9,0.997452941870538,0.780191726102729,1
4,9,0.992200220915595,0.805912945878497,1
3,9,0.984810193924437,0.667365726585573,1
6,9,0.982544814149607,0.619610874888529,1
5,9,0.975240050571882,0.959870681490589,1
1,10,0.997953352010203,0.953269836950671,1
2,10,0.997037558851308,0.984099331218291,1
4,10,0.993916279809292,0.269936250846792,1
3,10,0.984250505753955,0.868123709045053,1
6,10,0.98151195634295,0.188800268013614,1
5,10,0.975501156236997,0.744397113140721,1
1,11,0.997850330051635,0.99624897888123,1
2,11,0.997401560011847,0.685466417705821,1
4,11,0.991396727564919,0.9322897731547,1
3,11,0.984555450284566,0.95785527786616,1
6,11,0.986587639114533,-0.479435702042597,1
5,11,0.977667702682042,0.28062899937555,1
1,12,0.997913908708212,0.949249752716656,1
2,12,0.996991307592653,0.922062458723173,1
4,12,0.991366744400306,0.940850707903941,1
3,12,0.984594111013688,0.508356955792417,1
6,12,0.98259319034844,-0.820948720318646,1
5,12,0.97612446351696,-0.573504003891039,1
1,13,0.99795419699526,0.916147057517702,1
2,13,0.99717787008396,0.990776602709647,1
4,13,0.991905302656775,0.426080194532169,1
3,13,0.985047729370371,0.867364410607779,1
6,13,0.981192487918958,0.500607779114003,1
5,13,0.977820741125062,0.283679503582538,1
1,14,0.997860362057185,0.992076160037416,1
2,14,0.996836144972927,0.985819078710348,1
4,14,0.991050941477403,0.897195246458984,1
3,14,0.983944463627855,0.853937677299376,1
6,14,0.977691424074758,0.48114832562045,1
5,14,0.978598573670248,0.13140431897874,1
1,15,0.997875245287604,0.992439558316523,1
2,15,0.997018873640284,0.979891373310501,1
4,15,0.99209638275412,0.777806891354065,1
3,15,0.98422009568815,0.973944753060817,1
6,15,0.982956064554988,-0.169170452849441,1
5,15,0.978088939572129,0.620951347551505,1
1,1,0.996610132632157,0.986732622775674,2
2,1,0.995866725862922,0.986943567252577,2
3,1,0.987529340549512,0.883233599179324,2
4,1,0.979864415648621,0.971638904937432,2
6,1,0.979117543818921,0.578491377767327,2
5,1,0.968394834626629,0.68254821260545,2
1,2,0.997232575997106,0.950049958724909,2
2,2,0.996709383292408,0.768614910353252,2
3,2,0.989865942419608,0.533537057626565,2
4,2,0.981069877279425,0.817358437940934,2
6,2,0.981542736473892,0.476423367413733,2
5,2,0.96773253892221,0.0806234114186677,2
1,3,0.996689903575468,0.994676421601075,2
2,3,0.995719189279072,0.940298439892837,2
3,3,0.986205880400592,0.927606765709748,2
4,3,0.982671164838726,0.569737960174695,2
6,3,0.982509395537647,0.813051728278201,2
5,3,0.963672015808676,0.661978973284729,2
1,4,0.996966060776186,0.854647206409477,2
2,4,0.995989408269488,0.933872160863537,2
3,4,0.989272716672636,0.968810328556193,2
4,4,0.980199152807841,0.796267369871627,2
6,4,0.982477945305194,0.87625859031037,2
5,4,0.96587778233942,0.587181821256314,2
1,5,0.996806791345629,0.953333198121873,2
2,5,0.996098732802674,0.948909002817064,2
3,5,0.987286478676132,0.911119212218847,2
4,5,0.977713208345542,0.966897536939022,2
6,5,0.981062343881073,0.860015018137652,2
5,5,0.969841037094659,0.511449751043127,2
1,6,0.996738903984134,0.990968654954435,2
2,6,0.996078691150752,0.848659440746081,2
3,6,0.987064701716212,0.963557734074921,2
4,6,0.979260564155226,0.425634009789356,2
6,6,0.972797825330789,0.648786502696028,2
5,6,0.970447437845414,0.893386943147069,2
1,7,0.996660223797536,0.976590859670488,2
2,7,0.996383463886499,0.715124333877794,2
3,7,0.990013795763918,0.338099598264046,2
4,7,0.981471317835169,0.742635684880561,2
6,7,0.980562845937272,0.111494066831262,2
5,7,0.967122783694558,0.340806756944579,2
1,8,0.996317713521736,0.982992138607807,2
2,8,0.995709590829747,0.981899454144915,2
3,8,0.987880314881155,0.954320827542025,2
4,8,0.980305857185131,0.687355013313032,2
6,8,0.980472429359009,0.349167672493898,2
5,8,0.963834746352427,0.867237296751661,2
1,9,0.998064092077563,0.847229966449223,2
2,9,0.996360165263004,0.910135576108964,2
3,9,0.987222852170123,0.821656147816368,2
4,9,0.980210224613963,0.799949601111779,2
6,9,0.979582714546911,0.506801533079292,2
5,9,0.964162251295025,0.668582848302873,2
1,10,0.996857663064813,0.98990399740154,2
2,10,0.995851768509591,0.989301709189042,2
3,10,0.987991784036138,0.967710934126963,2
4,10,0.979846286922532,0.861485061649666,2
6,10,0.98169238786437,0.672397258724728,2
5,10,0.965215763515812,0.691499827033803,2
1,11,0.996749651970017,0.978422648481214,2
2,11,0.995616965792617,0.964595643506573,2
3,11,0.987704847847659,0.380080680222417,2
4,11,0.984350711648638,0.0412155799005645,2
6,11,0.979125252594642,0.70995671079058,2
5,11,0.963497852675092,0.349375543841093,2
1,12,0.996775022336592,0.943473369211385,2
2,12,0.995955989084961,0.964704266412298,2
3,12,0.988209836883011,0.871241108333167,2
4,12,0.9800601866408,0.842059533910223,2
6,12,0.981464591120826,0.247181344713859,2
5,12,0.966687658888312,0.532280929473212,2
1,13,0.996860748280474,0.987479158969555,2
2,13,0.996158546037939,0.897823664150446,2
3,13,0.98832671596319,0.917891266357898,2
4,13,0.978458458061955,0.773163391252365,2
6,13,0.979840451501583,0.570382596117705,2
5,13,0.968906263986524,-0.107345509746395,2
1,14,0.997017700070398,0.86126534568864,2
2,14,0.996294677573815,0.185372528566377,2
3,14,0.989127983871865,0.602601492174885,2
4,14,0.987774870485225,0.484984811667467,2
6,14,0.981662469946946,0.156271200735194,2
5,14,0.978967490593051,0.306877801219787,2
1,15,0.996421149809267,0.947653085829521,2
2,15,0.995585584083569,0.95223358706478,2
3,15,0.989896222836059,0.755898980917092,2
4,15,0.980344532829615,0.742915536000075,2
6,15,0.980492610945872,-0.0397504338623201,2
5,15,0.96277263512566,0.762028478650963,2
1,1,0.999301894801602,0.989227378075781,3
2,1,0.999109285089077,0.905564254398494,3
3,1,0.99724799065668,0.720970608881289,3
5,1,0.99490737265784,0.827955018895245,3
6,1,0.994931537536588,0.298749213634698,3
4,1,0.993083318235654,0.0141915202428216,3
1,2,0.999328529039228,0.988445565901788,3
2,2,0.998780252311762,0.957536209404751,3
3,2,0.997108291869876,0.667472185532234,3
5,2,0.995992739762728,0.282665909561974,3
6,2,0.994776557602745,0.959489571181317,3
4,2,0.993052803161811,0.606541581810515,3
1,3,0.999284760800603,0.991248131547954,3
2,3,0.998688842677612,0.965729500962823,3
3,3,0.997402883971903,0.692884108094104,3
5,3,0.995454168395319,0.787717754693668,3
6,3,0.994965477564137,0.954302835727996,3
4,3,0.993588703544924,0.783754513310261,3
1,4,0.999390238390048,0.986299154018515,3
2,4,0.998835989895427,0.770519433356765,3
3,4,0.997253726588005,0.898768512463803,3
5,4,0.99621026217944,0.64855230952013,3
6,4,0.99452724938389,0.500012161061957,3
4,4,0.993780675914433,0.190344818132728,3
1,5,0.999358070057034,0.980242218439367,3
2,5,0.998858655898449,0.960501340418197,3
3,5,0.997420105253834,0.810137144483963,3
5,5,0.99378668942964,0.7694216368609,3
6,5,0.995224468874562,0.732254391971916,3
4,5,0.994128025351191,0.471993084691391,3
1,6,0.999356814376759,0.973428246159326,3
2,6,0.998603830041487,0.98996102695448,3
3,6,0.997300139513254,0.98196058665867,3
5,6,0.995083021621085,0.639514137878922,3
6,6,0.995163600499775,0.444150154327143,3
4,6,0.992466372094302,0.964705213640719,3
1,7,0.999375454635026,0.886101236416424,3
2,7,0.998593987702913,0.998455650673491,3
3,7,0.997150522173533,0.979012992418966,3
5,7,0.995324129143088,0.845167075997982,3
6,7,0.99474189675447,0.923187455812097,3
4,7,0.992325677498344,0.889198015336871,3
1,8,0.999535243511645,0.962204470175623,3
2,8,0.998874055326061,0.892029714962569,3
3,8,0.997147701319022,0.803582030191839,3
5,8,0.996562329496532,0.155446888132182,3
6,8,0.994858603037718,0.438937591787789,3
4,8,0.992342554129348,0.961806034168204,3
1,9,0.999296948073372,0.981700236765022,3
2,9,0.998787292621942,0.92125830435833,3
3,9,0.997187413872722,0.631496457287941,3
5,9,0.994836342026826,0.955601140537659,3
6,9,0.994510991386296,0.939739066705098,3
4,9,0.993606642116779,0.484478775605571,3
1,10,0.999325190657728,0.987932391814428,3
2,10,0.99871246188923,0.976828416148988,3
3,10,0.998275319334004,0.85785221681663,3
5,10,0.996409514623985,-0.0279283439489005,3
6,10,0.994718253119395,0.310474533833008,3
4,10,0.993035912244315,0.743617031644776,3
1,11,0.99932886363301,0.965561535714101,3
2,11,0.998814500770188,0.576830868694459,3
3,11,0.996968695471097,0.370117334206287,3
5,11,0.997055388289611,0.917123146958173,3
6,11,0.995067281927031,-0.285087203795628,3
4,11,0.991955653690605,0.939251782299081,3
1,12,0.999306696662848,0.991698546535406,3
2,12,0.998697395629973,0.977046437939554,3
3,12,0.996987868807351,0.976781013533011,3
5,12,0.995494762445358,0.672921638341274,3
6,12,0.993896314947049,0.866253531911364,3
4,12,0.992887012225651,0.814836047283382,3
1,13,0.999311383051843,0.97048433627289,3
2,13,0.998833504673287,0.464015330476217,3
3,13,0.997375822101507,-0.369336671108596,3
5,13,0.994654446401806,0.657084316407344,3
6,13,0.994798890486029,0.595098394361521,3
4,13,0.992977347901926,0.644138242638444,3
1,14,0.999347683277305,0.984257398232644,3
2,14,0.998898129089658,0.933765183550587,3
3,14,0.997448088301383,0.63046182991896,3
5,14,0.995229099726063,0.379693888785355,3
6,14,0.994585947124484,0.918133306405245,3
4,14,0.992524070225979,0.671359500495606,3
1,15,0.999331262489626,0.889565285952681,3
2,15,0.998851415916541,0.878900931477456,3
3,15,0.997512223090285,0.640849609146883,3
5,15,0.995083196129002,0.357964080630816,3
6,15,0.99540790888115,-0.675487644134305,3
4,15,0.992530710769277,0.639928685028398,3
1,1,0.999325718558686,0.893847442566956,4
2,1,0.998904404007728,0.399879541790551,4
4,1,0.996519122230955,0.850877845795596,4
3,1,0.993356421172261,0.901826725248007,4
5,1,0.99278307566199,0.530174584889468,4
6,1,0.981971292297952,0.551668952044648,4
1,2,0.999195802764948,0.979124018971145,4
2,2,0.998752641813126,0.985867313836479,4
4,2,0.996857437178284,0.866478323785227,4
3,2,0.994518164634879,0.956254363394788,4
5,2,0.994645128922845,0.36685885577764,4
6,2,0.983397745149855,0.534531484499256,4
1,3,0.99919032730546,0.966690242280214,4
2,3,0.998896945475699,0.91038930664668,4
4,3,0.996685461257796,0.895496154266697,4
3,3,0.994179868247523,0.65898029438685,4
5,3,0.994531244662278,0.501194994843002,4
6,3,0.980151644577671,0.00980528517922796,4
1,4,0.999168571330299,0.95658949171048,4
2,4,0.998652889347148,0.988302409421935,4
4,4,0.996847250393926,0.412095071577836,4
3,4,0.995588560650107,0.654275514687862,4
5,4,0.995827644027865,-0.388977282899439,4
6,4,0.993269019917598,0.26284866794847,4
1,5,0.99913106923704,0.99811695190274,4
2,5,0.998731175439675,0.996077032192457,4
4,5,0.996543966604548,0.975206786467926,4
3,5,0.994484029873084,0.774478256387751,4
5,5,0.994835057276165,0.884572963534186,4
6,5,0.981034921409366,0.287324534170202,4
1,6,0.999168629547806,0.992913339023334,4
2,6,0.999013985822774,0.80349995822508,4
4,6,0.996651304805817,0.876534959540214,4
3,6,0.994090674865915,0.763235913875404,4
5,6,0.993613541806981,0.815733287053736,4
6,6,0.981500629044929,0.484852236973576,4
1,7,0.999091688935505,0.949134377553374,4
2,7,0.998776909516519,0.905864766755952,4
4,7,0.996420936416251,0.56583879241448,4
3,7,0.993074064544033,0.816778927086166,4
5,7,0.993783149219636,0.683786458133479,4
6,7,0.980843578709003,0.856723180587895,4
1,8,0.999172801844588,0.986830639670028,4
2,8,0.998965434635064,0.851190550273423,4
4,8,0.996985667279116,0.853033844767219,4
3,8,0.993594651107724,0.773134718252237,4
5,8,0.99474773934995,0.690676016657113,4
6,8,0.981159062528655,0.230489823304147,4
1,9,0.999189680929478,0.973878196732058,4
2,9,0.998747022057024,0.983115434265183,4
4,9,0.996929943200628,-0.198814713611961,4
3,9,0.993614607262321,0.828926044645045,4
5,9,0.994274593962754,0.394146330141143,4
6,9,0.982087190089383,0.239688212515305,4
1,10,0.999253964631422,0.974705284137153,4
2,10,0.998942970068783,0.884163374631241,4
4,10,0.99662471926797,0.852354318194608,4
3,10,0.993668698561401,0.825134652377153,4
5,10,0.994250304975821,0.629724731924019,4
6,10,0.981212186664064,0.884026603702772,4
1,11,0.999288931480655,0.939297927685113,4
2,11,0.998933077703452,0.745858816568348,4
4,11,0.997011490304133,0.956741605649789,4
3,11,0.994137167782661,0.819357573927594,4
5,11,0.994531626282406,0.794096327385641,4
6,11,0.979867304789495,-0.255396946790766,4
1,12,0.999356943589878,0.877792703407996,4
2,12,0.998825855419416,-0.323967164947548,4
4,12,0.997318832046289,0.711073705046784,4
3,12,0.993486318836143,0.294761399723534,4
5,12,0.994754007876875,0.276901235486111,4
6,12,0.980919023926294,0.21914669285643,4
1,13,0.999149423390448,0.991396563713724,4
2,13,0.998797759027883,0.938204976325161,4
4,13,0.996516901960196,0.961895908466495,4
3,13,0.993620060145002,0.883807695568512,4
5,13,0.993463235923726,0.35862127729421,4
6,13,0.98155794645944,0.693053176268143,4
1,14,0.999190715970468,0.99879660646355,4
2,14,0.998954149074749,0.659177734271255,4
4,14,0.997179524447672,0.815287463650432,4
3,14,0.994368896829582,0.800330201970236,4
5,14,0.995150423665731,0.470654681952237,4
6,14,0.981397960778683,0.678972700838234,4
1,15,0.999221867991972,0.982357983272498,4
2,15,0.998781171235802,0.977934653392504,4
4,15,0.997116873431612,0.419382881750241,4
3,15,0.993854741010465,0.912286784606045,4
5,15,0.993892224446032,0.918941002460103,4
6,15,0.980185443672281,0.96160487523864,4
1,1,0.999731196423217,0.931297159350135,5
2,1,0.999579113085287,0.965525584149227,5
3,1,0.999031001722269,0.953826492121284,5
4,1,0.998572890692764,0.724099825391473,5
5,1,0.997829934554749,0.382343833185288,5
6,1,0.996180110182317,-0.0168301399310889,5
1,2,0.999700784558229,0.955294152046068,5
2,2,0.999613568970151,0.913787884601328,5
3,2,0.999158319902091,0.5312653067145,5
4,2,0.998188001990503,0.881773720272793,5
5,2,0.997473544012252,0.361838135882625,5
6,2,0.99564557613174,0.722722538966395,5
1,3,0.999737986306563,0.907028365096683,5
2,3,0.999657274966897,0.886744459397845,5
3,3,0.999056162146387,0.849386709011161,5
4,3,0.998295028142735,0.843192128920075,5
5,3,0.997788721630036,0.439663256254982,5
6,3,0.995984499860604,0.27832384771269,5
1,4,0.999771103291734,0.949970727919304,5
2,4,0.999596928791179,0.957796843311523,5
3,4,0.999124061698877,0.937462200791743,5
4,4,0.998293030139701,0.936408014293891,5
5,4,0.997858951105361,0.558056385257532,5
6,4,0.996124819203528,0.650998704804305,5
1,5,0.999728778795471,0.969462845091487,5
2,5,0.99963007338436,0.903015010658248,5
3,5,0.999047976929364,0.536391367120496,5
4,5,0.99854818110172,0.72269608311025,5
5,5,0.998183057232479,0.927420181204316,5
6,5,0.996228367428048,0.67997175670943,5
1,6,0.999773203373154,0.991432249632156,5
2,6,0.999622799177433,0.976130049525539,5
3,6,0.99928615786087,-0.0395936403449135,5
4,6,0.998115421046091,0.961304285870288,5
5,6,0.997849557958584,0.0100274311488351,5
6,6,0.996270203951303,-0.0610731919477548,5
1,7,0.999702984686881,0.980774564185219,5
2,7,0.999535400534611,0.971504460207103,5
3,7,0.999057918063265,0.878867994216408,5
4,7,0.998292143617165,0.577037161386788,5
5,7,0.997746004713597,0.555489402198801,5
6,7,0.995894555305262,0.247537470233454,5
1,8,0.999691473877651,0.989105604954323,5
2,8,0.999547068840212,0.975533624285274,5
3,8,0.999128111400829,0.893937741535007,5
4,8,0.998892977229451,0.667292266017561,5
5,8,0.997889507070731,0.263783826575616,5
6,8,0.997595568962632,0.48959359156444,5
1,9,0.999807412354028,0.948603279666585,5
2,9,0.999572823964726,0.952703569257999,5
3,9,0.99910317896796,0.947920679753851,5
4,9,0.998459902000811,0.776717650802917,5
5,9,0.998051708629819,0.262523642541445,5
6,9,0.996214304720452,-0.423330553921709,5
1,10,0.999728050072406,0.991071520694828,5
2,10,0.999674415126867,0.754142508833972,5
3,10,0.999232345337348,0.840238385831997,5
4,10,0.998325497244204,0.793534617897336,5
5,10,0.998317621250359,0.897775155210827,5
6,10,0.996214719107877,-0.0610807705178631,5
1,11,0.999705950464036,0.92704099238203,5
2,11,0.999615904830856,0.971782042209204,5
3,11,0.999284241687161,0.786062441261971,5
4,11,0.998047590559683,0.786854245169295,5
5,11,0.997906315002993,0.0748891226822066,5
6,11,0.997114393217783,0.262278219579373,5
1,12,0.999749944876848,0.860409255323947,5
2,12,0.99959848812508,0.925461046283881,5
3,12,0.999147668210682,0.985997232565839,5
4,12,0.998527530870799,0.757119210123204,5
5,12,0.997965331794162,0.502287991454806,5
6,12,0.995770029523259,0.581165797449379,5
1,13,0.999682988110997,0.943896129407419,5
2,13,0.99953660305701,0.973038119516704,5
3,13,0.999094213942584,0.869611132516331,5
4,13,0.998347215100041,0.408998780892428,5
5,13,0.997837378698321,-0.0505591937787442,5
6,13,0.996030954491327,0.58068711999061,5
1,14,0.999709831873672,0.950651995859264,5
2,14,0.999581504411452,0.935327667844778,5
3,14,0.999097033868516,0.879809067342745,5
4,14,0.998208824556352,0.729161021515853,5
5,14,0.997757470840641,0.471876372779163,5
6,14,0.995909181625655,-0.505211792448314,5
1,15,0.999717848512536,0.860239303135924,5
2,15,0.99958905414453,0.941332228186283,5
3,15,0.999204415951211,0.542695142007934,5
4,15,0.998783183443347,0.69835115096352,5
5,15,0.998008565026119,0.387171267857143,5
6,15,0.997239440083086,0.292712310149293,5
1,1,0.999390961499996,0.962728397482551,6
2,1,0.998928100313773,0.925561204900357,6
3,1,0.997137464329434,0.909866983646047,6
4,1,0.99425974878269,0.63309444095808,6
5,1,0.994538244921591,0.870720100214215,6
6,1,0.99375210054972,-0.452905782251887,6
1,2,0.999352819467492,0.997999191240433,6
2,2,0.998724817657669,0.992468570797219,6
3,2,0.997124509200685,0.885674429878707,6
4,2,0.992850793408925,0.803046305145337,6
5,2,0.995761106253753,0.186308897740612,6
6,2,0.988517608274183,0.634762949980633,6
1,3,0.999363102894209,0.979438596560543,6
2,3,0.999073304596135,0.785057430019803,6
3,3,0.997332848855853,0.736294952515909,6
4,3,0.994592640417552,0.252050023071608,6
5,3,0.995145692692833,0.892256822016168,6
6,3,0.989670022154659,0.568668659245206,6
1,4,0.999371508765103,0.980730383371511,6
2,4,0.998885803865856,0.971560386970123,6
3,4,0.997143113973154,0.911966213984838,6
4,4,0.994025753650264,0.807765936095583,6
5,4,0.992554288553142,0.888826328378394,6
6,4,0.991027474176834,0.688834184240728,6
1,5,0.999339701847909,0.972013322872096,6
2,5,0.998889472939709,0.933740913552903,6
3,5,0.997135418965201,0.758494621891599,6
4,5,0.993825665034654,0.522054817134926,6
5,5,0.994051863808068,0.485852463061824,6
6,5,0.988993078727803,0.469820306635271,6
1,6,0.999385478000001,0.987862891672235,6
2,6,0.999133054329363,0.631292149379833,6
3,6,0.997129382938458,0.976544489508459,6
4,6,0.993363685115715,0.759612594615105,6
5,6,0.99494515714902,0.59448110644081,6
6,6,0.988150516595011,0.501148325862372,6
1,7,0.999331319605738,0.996268391300151,6
2,7,0.998839401570407,0.9231108434518,6
3,7,0.997083927160848,0.740728809566022,6
4,7,0.99707305237941,0.645027200562844,6
5,7,0.994549322022879,0.796464104055511,6
6,7,0.993130611205255,0.567901487951628,6
1,8,0.999434294463988,0.986538771955102,6
2,8,0.998933042309269,0.954802096825925,6
3,8,0.997575217861749,0.85442282251087,6
4,8,0.993545672276589,0.964461141806706,6
5,8,0.994705913321606,0.503144498076832,6
6,8,0.988847840923622,0.693037885506318,6
1,9,0.999450359435596,0.934901573091123,6
2,9,0.998826404405404,0.944728561831371,6
3,9,0.997451324566001,0.873052994896335,6
4,9,0.99368896293712,0.857270678173461,6
5,9,0.994810905423027,0.716726107275253,6
6,9,0.989575946822023,-0.219404643723471,6
1,10,0.999449286404369,0.988714723016202,6
2,10,0.999089812782647,0.931631405364145,6
3,10,0.997499275006925,0.849647200947185,6
4,10,0.993031754712545,0.654090862444748,6
5,10,0.994606314697695,-0.143658138776368,6
6,10,0.989052971994193,0.124322285194519,6
1,11,0.999397755905058,0.935401819115377,6
2,11,0.99881521151536,0.981110146750835,6
3,11,0.997170518737295,0.845594346025266,6
4,11,0.993436884795171,0.900830057154359,6
5,11,0.994521891789368,0.795580889049977,6
6,11,0.988320566436195,0.827514561386221,6
1,12,0.99938896000018,0.941932245783898,6
2,12,0.998944922331686,0.897901613741764,6
3,12,0.997670295341589,0.163085484937478,6
4,12,0.993614504807178,0.296616522540778,6
5,12,0.99446875146987,0.326023030538016,6
6,12,0.987515379616545,0.71650161865767,6
1,13,0.999605411376677,0.984458161537533,6
2,13,0.998954505509329,0.926129848444893,6
3,13,0.997140442686596,0.892201853782767,6
4,13,0.993726972181039,0.909980843544602,6
5,13,0.994872195471605,0.413270307022648,6
6,13,0.989151963878854,0.80273464993978,6
1,14,0.999365867596682,0.971945637953088,6
2,14,0.998914689309202,0.89484001805693,6
3,14,0.997221444905451,0.553742547104624,6
4,14,0.993328807825028,0.927444216312385,6
5,14,0.995120728924537,0.338593197661323,6
6,14,0.989299177035661,0.354979244499467,6
1,15,0.999391162459748,0.99148222376546,6
2,15,0.999006347121033,0.946545478223981,6
3,15,0.997144574209292,0.857148269778701,6
4,15,0.995148204049962,0.479349049156479,6
5,15,0.99458918063157,0.853583962197949,6
6,15,0.98836843000074,0.744352751939516,6
1,1,0.99918211735713,0.992000261021944,7
2,1,0.99877807475093,0.842170464814457,7
3,1,0.996831596574055,0.673990181434568,7
4,1,0.995900187331016,0.914234681402973,7
5,1,0.995707054749343,0.632942483847961,7
6,1,0.994113777086085,0.714381712300194,7
1,2,0.99918051180893,0.962161159783858,7
2,2,0.998534027490342,0.970053796002899,7
3,2,0.995858622323647,0.340749292838667,7
4,2,0.993364212260564,0.383276721367022,7
5,2,0.991682245803862,0.53001391040011,7
6,2,0.986818016903875,0.66811522440377,7
1,3,0.999145441942591,0.985246331617876,7
2,3,0.998727780025389,0.867118960895067,7
3,3,0.995861154032067,0.697200552845758,7
4,3,0.993110333805631,0.285581232815365,7
5,3,0.993418306394011,0.367613387706415,7
6,3,0.987167314039137,-0.27897266516241,7
1,4,0.9991501324592,0.986545086235815,7
2,4,0.998677594424672,0.989749669082934,7
3,4,0.995961496970694,0.730814458251685,7
4,4,0.994809046673972,0.869714923483095,7
5,4,0.993774130244237,0.440664185513632,7
6,4,0.986466784548052,0.820049124475276,7
1,5,0.999400061974721,0.958320187591396,7
2,5,0.998836579767043,0.904730088926956,7
3,5,0.996650997767258,0.808844347858181,7
4,5,0.995467645458053,0.814774578611924,7
5,5,0.993093655483981,0.794557376219282,7
6,5,0.987870190447335,0.700173433169673,7
1,6,0.999151614073832,0.97939966489181,7
2,6,0.998697248817994,0.901347697194414,7
3,6,0.996759271666922,0.63002346793323,7
4,6,0.994456405519555,0.778440405710591,7
5,6,0.993002203255454,0.587273810658163,7
6,6,0.986488219393223,0.866206510546752,7
1,7,0.999181608931659,0.989969492466818,7
2,7,0.998743159697048,0.891044242966,7
3,7,0.996074659950755,0.628458622586866,7
4,7,0.995619264332456,0.656935147304919,7
5,7,0.991868418082061,0.840203879903643,7
6,7,0.986899932048622,0.821312821273004,7
1,8,0.999187170312352,0.932084487858955,7
2,8,0.998649104927415,0.94937543388138,7
3,8,0.995777189282569,0.884508608141527,7
4,8,0.993953129663453,0.65138033462136,7
5,8,0.993000236820684,0.692023712679262,7
6,8,0.987180980304976,0.698594626102737,7
1,9,0.999358971574743,0.948151222287948,7
2,9,0.998858464806441,0.936290438915371,7
3,9,0.996019852040201,0.934567088447648,7
4,9,0.994641288413837,0.980069366471662,7
5,9,0.992677769101228,0.886291212439762,7
6,9,0.989774421430689,0.525221438731943,7
1,10,0.999214271602197,0.97159274403829,7
2,10,0.998681935946376,0.96820956480013,7
3,10,0.995791489143054,0.924968796884314,7
4,10,0.995568190804199,0.857466949410458,7
5,10,0.993236029185322,0.638829947419311,7
6,10,0.987078047973196,0.581025524598819,7
1,11,0.999102084115072,0.967319808746413,7
2,11,0.998535180313995,0.996237561123419,7
3,11,0.995861265609628,0.663640280767088,7
4,11,0.993185955561196,0.804062971008402,7
5,11,0.994354020404649,0.534507775496533,7
6,11,0.986478128380177,0.54633237481463,7
1,12,0.999469926889379,0.770431655847622,7
2,12,0.99886372786713,0.692141467401458,7
3,12,0.996387285005752,0.795252821662336,7
4,12,0.995111515744816,0.376919112718024,7
5,12,0.992311069451252,0.930419561239454,7
6,12,0.985967593375255,0.103877387028506,7
1,13,0.999166119485111,0.965589566876428,7
2,13,0.998541679838388,0.987178484921996,7
3,13,0.995964881081042,0.256853119115193,7
4,13,0.995288328768516,0.758182970803509,7
5,13,0.992016347864982,0.925241138115928,7
6,13,0.988567098636642,-0.311368504162717,7
1,14,0.999279804955326,0.98464148215734,7
2,14,0.998623622990331,0.982449493089935,7
3,14,0.995647316615524,0.985919126338315,7
4,14,0.993408653123844,0.754727843533523,7
5,14,0.995467028516912,0.776739464625218,7
6,14,0.986191717347567,0.703062080624707,7
1,15,0.999173158437012,0.990202222439241,7
2,15,0.998800345278076,0.974750611088709,7
3,15,0.996177036568444,0.904956989105229,7
4,15,0.995479454442016,0.738806470079646,7
5,15,0.992687041844453,0.916244729652027,7
6,15,0.987425844331221,0.916297406597497,7
1,1,0.998317491816851,0.813868026781198,8
2,1,0.996692198841361,0.951937199742574,8
4,1,0.990254839835266,0.833857137345683,8
3,1,0.983248083090977,0.742996674126818,8
6,1,0.982527902869511,0.0920765988141841,8
5,1,0.966551946510974,0.694035390020691,8
1,2,0.997652883930224,0.962284904637883,8
2,2,0.997409996195025,0.793259621821554,8
4,2,0.991158171782692,0.920546833986876,8
3,2,0.980784639907701,0.912961877411833,8
6,2,0.983127218460947,0.155767572126643,8
5,2,0.966174101130602,0.669009478796521,8
1,3,0.997650797084922,0.988201969585234,8
2,3,0.996314811009775,0.996029106420677,8
4,3,0.992433455274207,0.369194157672328,8
3,3,0.982795143426391,0.899553243160129,8
6,3,0.982090600101619,0.460237364797739,8
5,3,0.970827921848485,0.0279093217254804,8
1,4,0.997694061152579,0.971579100258146,8
2,4,0.996668357522707,0.957882794450917,8
4,4,0.990196991374038,0.774071583031641,8
3,4,0.990129669451051,0.755984247614745,8
6,4,0.984217822234583,0.479035825547825,8
5,4,0.9817976092439,0.359124389904174,8
1,5,0.997901306452262,0.876598861805452,8
2,5,0.996515996564841,0.869497158621046,8
4,5,0.99011130559341,0.871303814816804,8
3,5,0.980550459282703,0.760393673720331,8
6,5,0.982513060016002,0.206975329812295,8
5,5,0.974082556239837,-0.520816779821856,8
1,6,0.997659878637199,0.982770509687354,8
2,6,0.996807637615905,0.722989914705536,8
4,6,0.990447710339246,0.978742605890816,8
3,6,0.981265290851062,0.853913830501333,8
6,6,0.983357297944056,0.412078371212615,8
5,6,0.968317218996776,0.823998729611346,8
1,7,0.997842239255459,0.976262242144148,8
2,7,0.996897803058375,0.864605361729306,8
4,7,0.991650523367957,0.847387595615511,8
3,7,0.979117007242832,0.888218523758143,8
6,7,0.983103145421485,0.6106813490802,8
5,7,0.965718257021821,0.865485897446394,8
1,8,0.997528141724324,0.987701707090678,8
2,8,0.997268670502154,0.63571140366378,8
4,8,0.991683607058359,0.32238206423275,8
3,8,0.982893012147983,0.839991303786694,8
6,8,0.98250845490981,0.509454280207523,8
5,8,0.967211003034917,0.487343684511325,8
1,9,0.997404685574897,0.999172477809531,8
2,9,0.996802012510784,0.939001437760842,8
4,9,0.991087482234794,0.894912310171587,8
3,9,0.98309021432225,0.330610848016083,8
6,9,0.981564693854985,0.552337530174493,8
5,9,0.96917341218483,-0.196537642186069,8
1,10,0.997459255848536,0.994607487333026,8
2,10,0.996453754794608,0.967147936248604,8
4,10,0.991766030637362,0.464339244202323,8
3,10,0.980625317016103,0.815492698505192,8
6,10,0.977360197063066,0.308830158516162,8
5,10,0.967120135717683,0.611762390669566,8
1,11,0.997709647557551,0.90733714951861,8
2,11,0.995663077681558,0.959285841532485,8
4,11,0.990981773069024,0.111585059912419,8
3,11,0.981850191750318,0.661944938855277,8
6,11,0.982414675988264,0.163152516352118,8
5,11,0.964330714493821,0.922006333791284,8
1,12,0.997645001031505,0.965784361642828,8
2,12,0.99675173882776,0.886803009080866,8
4,12,0.990506901678106,0.879451800509685,8
3,12,0.979987864789794,0.92778519011706,8
6,12,0.978035953491707,0.621713077629617,8
5,12,0.967776449347025,0.177911595322954,8
1,13,0.997686036457577,0.997786775007314,8
2,13,0.996430431237813,0.978337086484137,8
4,13,0.991669339460675,0.410622561817287,8
3,13,0.979469402283822,0.726836866581649,8
6,13,0.984773525870625,0.590373141258013,8
5,13,0.964407237343621,0.787629902952888,8
1,14,0.997622948004413,0.701961983709646,8
2,14,0.996742492778203,0.966028231641559,8
4,14,0.990858988075288,0.569890679199606,8
3,14,0.983473014125967,0.401428177519241,8
6,14,0.982144164505123,0.564038914228952,8
5,14,0.967719173958597,0.743137495197074,8
1,15,0.998316765993844,0.822188065162805,8
2,15,0.996896384766235,0.896010326486627,8
4,15,0.991582866572589,0.839909284531867,8
3,15,0.980288389352397,0.954434984972169,8
6,15,0.981464452645289,0.318539484806957,8
5,15,0.96752547867271,0.732678410830745,8
1,1,0.999214432307481,0.989552758215194,9
2,1,0.998543669716075,0.913945618169509,9
3,1,0.997684515175851,0.333067767421687,9
4,1,0.993672082704085,0.797921776451137,9
5,1,0.992339898714787,0.562885389893103,9
6,1,0.988760526062722,0.0354998544291188,9
1,2,0.999218072363022,0.989317270666742,9
2,2,0.998408369500255,0.965730006820774,9
3,2,0.997088911771588,0.979264289820024,9
4,2,0.99175923426051,0.796131129024759,9
5,2,0.992948458838921,0.846267757394031,9
6,2,0.989648722866637,0.569840098427196,9
1,3,0.999270542903809,0.990085656752202,9
2,3,0.998531277805598,0.975604777198099,9
3,3,0.997337150464542,0.666184397195103,9
4,3,0.991463063993334,0.610597036005737,9
5,3,0.993462839992282,0.766742188941436,9
6,3,0.988112997518488,0.909222200847653,9
1,4,0.999154083327465,0.974510129128751,9
2,4,0.998407375076962,0.976462297804864,9
3,4,0.997109701764604,0.346283453332619,9
4,4,0.992086275710599,0.792451466350394,9
5,4,0.989309738971339,0.8157602989051,9
6,4,0.986602390477741,0.948459130381587,9
1,5,0.999227122433931,0.9801856582814,9
2,5,0.998529709505919,0.895734560006819,9
3,5,0.996577480410221,0.974813708363468,9
4,5,0.991535554803331,0.562390016969995,9
5,5,0.99354844691954,0.506813903159254,9
6,5,0.988712810357297,0.0139127632121132,9
1,6,0.99929805650094,0.965672737611858,9
2,6,0.998498963868884,0.944163226514226,9
3,6,0.99689662223705,0.981483655331739,9
4,6,0.991623357489842,0.876557482636397,9
5,6,0.992824212722211,0.682045789689723,9
6,6,0.988213240233953,0.417805853718496,9
1,7,0.999252653004507,0.985080998118276,9
2,7,0.998530546091598,0.967125633078969,9
3,7,0.997067784533344,0.883102304844199,9
4,7,0.993449360153915,0.634310718314659,9
5,7,0.993125346186227,0.448978426349419,9
6,7,0.988279095318167,0.933947225873449,9
1,8,0.999233653528411,0.995585654537472,9
2,8,0.998705211648981,0.758273170233533,9
3,8,0.9975451610438,0.753562960688714,9
4,8,0.996113748910676,0.822687965447669,9
5,8,0.993278800993626,0.880933985664332,9
6,8,0.992470388356428,0.734194982599433,9
1,9,0.99927506009049,0.828686712543386,9
2,9,0.998452336817549,0.755501203737137,9
3,9,0.996920500547117,0.946681753523802,9
4,9,0.991668041767124,0.811140961935354,9
5,9,0.992628915785303,0.707584185802862,9
6,9,0.990859589754806,0.0835345879974559,9
1,10,0.999469211835514,0.924013022918083,9
2,10,0.998792998355487,0.978160706375431,9
3,10,0.997713508765479,0.721505866311723,9
4,10,0.992878453772812,0.909620147233155,9
5,10,0.992731799223681,0.667603898544639,9
6,10,0.990063150881772,0.474700334471671,9
1,11,0.999449784539978,0.576501385826442,9
2,11,0.998740643140933,0.890284648536629,9
3,11,0.99745717625492,0.41428570002893,9
4,11,0.992150298352876,0.82852098792789,9
5,11,0.995010538507197,0.432828699507669,9
6,11,0.989016050319578,0.712567803082124,9
1,12,0.999157897245796,0.989434727105897,9
2,12,0.998830290084192,0.682939798951695,9
3,12,0.997015043627874,0.969704012534903,9
4,12,0.992704990401557,0.572948996124543,9
5,12,0.994511960735415,0.441006958155131,9
6,12,0.988344551151666,0.714595394679529,9
1,13,0.999333260897142,0.959726101236551,9
2,13,0.998646716359958,0.76440462926241,9
3,13,0.997082984912168,0.835249956538214,9
4,13,0.991192629825201,0.832776964131591,9
5,13,0.992843768560339,0.70881850020465,9
6,13,0.98911368881011,0.672731928458564,9
1,14,0.999263741026035,0.952766711967695,9
2,14,0.998388014882122,0.953602032390407,9
3,14,0.997205547245984,0.559846002218353,9
4,14,0.993629174040079,0.33900826332218,9
5,14,0.991415248537738,0.750498578927008,9
6,14,0.989391168961494,0.520694466023287,9
1,15,0.999421789119258,0.885665744476762,9
2,15,0.99855303565222,0.974556646235538,9
3,15,0.997143545396549,0.98409193402368,9
4,15,0.991447595345006,0.942778412386597,9
5,15,0.993105558212609,0.292196991841637,9
6,15,0.990681399196105,-0.137690874539452,9
1,1,0.999955413756299,0.981315243028496,10
2,1,0.999918202278955,0.925178573104312,10
3,1,0.999797420857997,0.975421902606867,10
5,1,0.99957340882934,0.53181439245233,10
4,1,0.999587297571427,0.837061301577645,10
6,1,0.999022804209217,0.164406132017285,10
1,2,0.99995846066568,0.96985931728965,10
2,2,0.9999058007322,0.987588142407715,10
3,2,0.999789865922107,0.966477492723155,10
5,2,0.999606601480351,0.830403114068173,10
4,2,0.999522267359912,0.783675066061912,10
6,2,0.999148335796828,0.828431057307473,10
1,3,0.999944949166961,0.970842090532573,10
2,3,0.999906153890661,0.975875101236182,10
3,3,0.999785878997474,0.661333737389593,10
5,3,0.99971888326043,0.0713539519248127,10
4,3,0.99958897151358,0.490062740951805,10
6,3,0.999018181570554,0.663390187946982,10
1,4,0.99995058223883,0.968133637721432,10
2,4,0.999921269065037,0.797908147807398,10
3,4,0.99980275274515,0.836995559845384,10
5,4,0.999793080015835,-0.361723933479387,10
4,4,0.999538111796881,0.771485539612747,10
6,4,0.999009833440205,0.610471018055251,10
1,5,0.999962598327415,0.942139063640161,10
2,5,0.999921916186119,0.957588415308088,10
3,5,0.999800744700305,0.969956699904491,10
5,5,0.999657990831417,0.689428548480563,10
4,5,0.999592924415522,0.82395865915063,10
6,5,0.999086382236139,0.64526666098763,10
1,6,0.999950694166495,0.984559677147495,10
2,6,0.999907621785306,0.913409258734281,10
3,6,0.99982406321979,0.72105521820984,10
5,6,0.999532667184444,0.670291289513057,10
4,6,0.999427429700857,0.778533653868819,10
6,6,0.99900572382338,0.83868671383434,10
1,7,0.9999678879275,0.946818785619195,10
2,7,0.999922754047403,0.843288610752045,10
3,7,0.999793051277935,0.854132556356003,10
5,7,0.999522174385927,0.415676473571777,10
4,7,0.99958607166036,0.450302004383428,10
6,7,0.999108931288515,-0.075726427733744,10
1,8,0.999950751562506,0.932459691622312,10
2,8,0.999919596357479,0.841593803522857,10
3,8,0.999838476669151,0.291977005842776,10
5,8,0.999762737224775,0.429075589958492,10
4,8,0.999594596674944,0.461701446972178,10
6,8,0.999647569534185,-0.27044034603047,10
1,9,0.999960815406485,0.867202359861548,10
2,9,0.999902567097232,0.98587184444921,10
3,9,0.99979982882536,0.908648308779349,10
5,9,0.999559523866938,0.597807270701288,10
4,9,0.999456622763611,0.820069397206629,10
6,9,0.999095226723052,0.763962455325428,10
1,10,0.999944834928239,0.979821591534478,10
2,10,0.999907330005227,0.947422763386602,10
3,10,0.999785167717739,0.845498800749027,10
5,10,0.999645147947827,0.38266021826197,10
4,10,0.999548871697995,0.66892667703817,10
6,10,0.999058290401488,0.232481955804429,10
1,11,0.999940791638372,0.995497947220963,10
2,11,0.999907825731317,0.922714871570801,10
3,11,0.999776645111012,0.655073851241252,10
5,11,0.999826846393949,-0.119807002108213,10
4,11,0.999489095345627,0.773356140643037,10
6,11,0.999087329419761,0.536235152135721,10
1,12,0.999945853516428,0.995005812870243,10
2,12,0.999909285761669,0.94773323801749,10
3,12,0.999808214126727,0.858924882414655,10
5,12,0.999603254145505,0.827885673239042,10
4,12,0.999520726076106,0.891052306283378,10
6,12,0.999186316302412,-0.482726616748163,10
1,13,0.999949147991765,0.981889475122215,10
2,13,0.999925445492985,0.967899673059621,10
3,13,0.999810675871642,0.591290820529793,10
5,13,0.999597929886848,0.425693844226711,10
4,13,0.999554827286926,0.781371943729576,10
6,13,0.999016135725321,0.125239179182898,10
1,14,0.999945621455702,0.980427252405433,10
2,14,0.999901610408189,0.980077262664226,10
3,14,0.999786403254469,0.849384681763799,10
5,14,0.999578610186562,0.0503970984873306,10
4,14,0.999520061570676,0.864104452587948,10
6,14,0.999182937689618,-0.349287084752802,10
1,15,0.999953812233592,0.911495029070308,10
2,15,0.999932970769301,0.970244461992017,10
3,15,0.999773830236496,0.878171991368865,10
5,15,0.999560842113205,0.356352687566499,10
4,15,0.99949464086694,0.806824521971168,10
6,15,0.999048010940791,0.124964288295394,10
1,1,0.99810422743771,0.98961489179483,11
2,1,0.997005111837057,0.984250983187475,11
3,1,0.992476435736569,0.986665808218618,11
4,1,0.978326713547943,0.902069937999294,11
6,1,0.984264513175369,0.52506707820032,11
5,1,0.971571912334922,0.652668623037566,11
1,2,0.998186298288491,0.956894366519661,11
2,2,0.997322214586037,0.935073981045137,11
3,2,0.992460958039005,0.811318304210424,11
4,2,0.977928383563683,0.810331365612416,11
6,2,0.974823468775341,0.734366209515444,11
5,2,0.972979726631043,0.849972306552817,11
1,3,0.998165802245861,0.927013228494675,11
2,3,0.996921945324963,0.973524566636805,11
3,3,0.992883221786921,-0.594341348302462,11
4,3,0.987481063784616,0.604594426564684,11
6,3,0.983129995204474,0.321115966351956,11
5,3,0.973844343538529,0.472654312295258,11
1,4,0.998042010232645,0.993033920711228,11
2,4,0.997403945346839,0.943008323991913,11
3,4,0.994089609929019,0.762042505785343,11
4,4,0.979710477793673,0.26820412939564,11
6,4,0.982730907007325,0.227625026437497,11
5,4,0.970693520302356,0.414851449299063,11
1,5,0.998169182937324,0.973147976401281,11
2,5,0.997301652398055,0.949996242037907,11
3,5,0.993142287090832,0.900188631650807,11
4,5,0.982842064782029,0.400442824145234,11
6,5,0.986766447255286,0.498102768018364,11
5,5,0.970818402277065,0.548254107502851,11
1,6,0.998486691747282,0.943876751428196,11
2,6,0.997024035194158,0.988015363488323,11
3,6,0.992203920518399,0.965975964433063,11
4,6,0.978514492008301,0.865538649062849,11
6,6,0.983750513016933,0.186396375527716,11
5,6,0.971165823131359,0.0881014480636299,11
1,7,0.998155456148375,0.915998424466844,11
2,7,0.996480191436276,0.984280954281431,11
3,7,0.991816881891376,0.98044026134301,11
4,7,0.97689254936489,0.952586167722668,11
6,7,0.983757191433456,0.403876226551517,11
5,7,0.968438692218757,0.851333471460098,11
1,8,0.998025493638032,0.968789016830141,11
2,8,0.997431762924631,0.784930522947976,11
3,8,0.991510029708982,0.896104629126381,11
4,8,0.978859302312441,0.397967581079214,11
6,8,0.983428403618695,-0.276234031748771,11
5,8,0.969954764899653,0.505042924532855,11
1,9,0.998347939956721,0.861624210927684,11
2,9,0.997291786737727,0.563946552569619,11
3,9,0.99242695310164,0.835955111050943,11
4,9,0.980905112382292,-0.0816039373933467,11
6,9,0.985436061897496,0.490490388858359,11
5,9,0.972291577441374,-0.269711869247785,11
1,10,0.998036027032001,0.986911035636784,11
2,10,0.997313546296031,0.898275035780014,11
3,10,0.992515757926164,0.853049179424778,11
4,10,0.976675133358125,0.877146303312285,11
6,10,0.984770812481096,-0.356332886007085,11
5,10,0.96981364976778,0.688315829596036,11
1,11,0.99819244417589,0.90968412026396,11
2,11,0.997062648293537,0.993834052475448,11
3,11,0.992461928465967,0.850545052368357,11
4,11,0.977837496180397,0.873870902419783,11
6,11,0.984697719664197,0.302551476109798,11
5,11,0.971197227688658,-0.351746387877179,11
1,12,0.998101769879664,0.985590904965837,11
2,12,0.996989044714093,0.824591207197702,11
3,12,0.992988267646704,0.735686965776354,11
4,12,0.979378285013644,-0.21188251609862,11
6,12,0.979402198833375,0.521791310898403,11
5,12,0.968189458980626,0.661213292308027,11
1,13,0.998196242415189,0.975175818041633,11
2,13,0.997865285625563,0.621808227251698,11
3,13,0.993550118428021,0.734186532046128,11
4,13,0.97815529536672,0.638906363070181,11
6,13,0.982992700108446,0.94555704641904,11
5,13,0.967952882095797,0.745942863809832,11
1,14,0.998024910376794,0.968670790349313,11
2,14,0.997425886166358,0.48273006785733,11
3,14,0.993588495330202,0.439527393023721,11
4,14,0.979376260301419,0.783842408843148,11
6,14,0.98712544731467,0.337444763207134,11
5,14,0.968468299105864,0.459206672587105,11
1,15,0.998033612258015,0.986528003381072,11
2,15,0.99700193817021,0.980011967892178,11
3,15,0.992453649821557,0.967491350607804,11
4,15,0.9774824298169,0.760725118331752,11
6,15,0.983138675889438,0.513093884473407,11
5,15,0.969255884969655,0.932051573672441,11
1,1,0.994585200878002,0.966698558884038,12
2,1,0.992379044262405,0.910068124667664,12
3,1,0.981118477102461,0.894762794190791,12
4,1,0.963554227012405,0.89996484503462,12
5,1,0.963083551787779,0.326150055848334,12
6,1,0.938608830419383,-0.0771457070324724,12
1,2,0.995553425468095,0.909706411125005,12
2,2,0.992237287183021,0.91036093916747,12
3,2,0.978557905476496,0.877306690475544,12
4,2,0.964810909204942,0.580310215803562,12
5,2,0.961777674958762,0.387329105008433,12
6,2,0.925741436387282,0.766849399398037,12
1,3,0.994119042300692,0.968587691384706,12
2,3,0.990919089710657,0.980785758053439,12
3,3,0.978381492071967,0.683257613488821,12
4,3,0.963200356048449,0.875605337835924,12
5,3,0.956896170197994,0.681128734501734,12
6,3,0.93683133957965,0.758092139695153,12
1,4,0.996064569221663,0.85696956515874,12
2,4,0.992832865525007,0.890272197893569,12
3,4,0.982879769000527,0.636158378816731,12
4,4,0.964047577308288,0.864604661227525,12
5,4,0.96723384450971,0.855508499913604,12
6,4,0.928483494742737,0.719514583553371,12
1,5,0.994452765228601,0.939038904055948,12
2,5,0.992753423174347,0.826311022676928,12
3,5,0.980310602475134,0.433167434090685,12
4,5,0.979327114330678,0.833404369644612,12
5,5,0.95302280032211,0.809488085461919,12
6,5,0.935671695587975,0.834066210447126,12
1,6,0.994159374818923,0.979812680790552,12
2,6,0.991986686451147,0.85276538313523,12
3,6,0.976667329087345,0.799497166416016,12
4,6,0.962261034828332,0.872657863631795,12
5,6,0.955626887841533,0.255056573269781,12
6,6,0.930633340204578,0.714925405460783,12
1,7,0.994081812956303,0.997661671444409,12
2,7,0.99071069965493,0.996723125290143,12
3,7,0.977526664950938,0.898742914067872,12
4,7,0.965697101704714,0.817496244762719,12
5,7,0.956419815106007,0.650286659470128,12
6,7,0.93253500892909,0.70113906937897,12
1,8,0.994006130201624,0.992892351174562,12
2,8,0.992386790827586,0.936186235837522,12
3,8,0.979852074719397,0.658396288452632,12
4,8,0.962922085242062,0.934800875402233,12
5,8,0.957545877204832,0.687587458688013,12
6,8,0.933256029362367,0.0835217151471438,12
1,9,0.994365433826082,0.898709575454844,12
2,9,0.991429349509906,0.937291849709515,12
3,9,0.980604795433293,0.705964808058074,12
4,9,0.963513647622692,0.336369891773423,12
5,9,0.955447531175041,0.629520829984159,12
6,9,0.93030881107922,-0.104591899463746,12
1,10,0.994105917105256,0.996405909146974,12
2,10,0.992196534099245,0.968596156913497,12
3,10,0.979671584794111,0.765401944558236,12
4,10,0.96378689519577,0.795003440861541,12
5,10,0.95776800718737,0.543917229626249,12
6,10,0.932940599880786,-0.53496890404332,12
1,11,0.993988679498973,0.936502143304132,12
2,11,0.991962646254784,0.863041744005262,12
3,11,0.978335501722047,0.858326927937892,12
4,11,0.964026260177085,0.371324483186887,12
5,11,0.956435207218341,0.397126176594302,12
6,11,0.929330967354204,0.674201610258717,12
1,12,0.994490551865122,0.986849695537529,12
2,12,0.992088747613492,0.709867069341487,12
3,12,0.97720467605843,0.98739369930858,12
4,12,0.960806454943171,0.958117194521152,12
5,12,0.958039354686345,0.724213920813884,12
6,12,0.932874316987161,0.528725108290632,12
1,13,0.994463399223458,0.874747421966688,12
2,13,0.991594474436985,0.972296729700221,12
3,13,0.977764759166085,0.92633190834452,12
4,13,0.964537685950845,0.86049787800529,12
5,13,0.956426421795966,0.730645533931901,12
6,13,0.931712902277806,-0.71433858975176,12
1,14,0.994369971038738,0.983786467015122,12
2,14,0.992027918433513,0.826475799847198,12
3,14,0.977637746791795,0.97787178923609,12
4,14,0.961373771130204,0.993372329351426,12
5,14,0.957396248638481,0.8146629576118,12
6,14,0.934871546953403,0.760582482923766,12
1,15,0.994190168651078,0.995982303241813,12
2,15,0.990486986176779,0.989724418876438,12
3,15,0.977135210684568,0.927684127512245,12
4,15,0.964031880280957,0.704532415125624,12
5,15,0.955983941028366,0.33311947894828,12
6,15,0.92989215867151,0.326816275688837,12
1,1,0.99979835793617,0.96274523527411,13
2,1,0.999646185951222,0.987962270019488,13
3,1,0.999339104696748,0.973567695670584,13
4,1,0.998717961173979,0.940330441307571,13
5,1,0.998370877021024,0.091945146766833,13
6,1,0.997954161003967,0.494816120689284,13
1,2,0.999792366500839,0.974300721248625,13
2,2,0.999674202366147,0.88807097281748,13
3,2,0.999334509494247,0.868860442094054,13
4,2,0.998709493320622,0.614097650242968,13
5,2,0.998189553205308,0.381760975994925,13
6,2,0.99773718470837,-0.360214828005132,13
1,3,0.999791965821934,0.989130910008248,13
2,3,0.999667141571279,0.849555942500566,13
3,3,0.99938775599745,0.822627456308369,13
4,3,0.998464100085817,0.819106221479059,13
5,3,0.998280031106017,0.206918634394776,13
6,3,0.997717167659993,0.713997036836874,13
1,4,0.999804099901827,0.995455090792379,13
2,4,0.999773540476261,0.73157070551478,13
3,4,0.999447119191775,0.553247255648747,13
4,4,0.998915101391629,0.599695121858865,13
5,4,0.998047603422957,0.862435201002142,13
6,4,0.997788850177508,0.478758982331381,13
1,5,0.999833275506591,0.891429079451043,13
2,5,0.999726865774368,0.443386129162701,13
3,5,0.999419081470572,0.791012694309287,13
4,5,0.99870063757391,0.833854764086649,13
5,5,0.998430296229531,0.626183010996961,13
6,5,0.997487415722524,0.560176057764915,13
1,6,0.999799337714989,0.986675704226704,13
2,6,0.999748231029841,0.84008570128846,13
3,6,0.999546151685159,0.41334187034447,13
4,6,0.998665054155789,0.403434640246787,13
5,6,0.998472141693218,0.685938000372041,13
6,6,0.997570246482852,0.942637654495594,13
1,7,0.99979658306696,0.984837959697485,13
2,7,0.999679693313183,0.983926043354568,13
3,7,0.999463641808422,0.528912276826156,13
4,7,0.998792115785817,0.869123195222432,13
5,7,0.998070983862584,0.733263339403756,13
6,7,0.997662268447683,0.890648442880078,13
1,8,0.999815829799692,0.917642620678809,13
2,8,0.999649194527369,0.972121823912649,13
3,8,0.999287757015218,0.889460855339605,13
4,8,0.998815982080537,0.904164921684095,13
5,8,0.998359493489297,0.822813657047008,13
6,8,0.997563010515975,0.489045855077406,13
1,9,0.999794140686136,0.933222704325669,13
2,9,0.999690449405326,0.90207761112784,13
3,9,0.999408201228539,0.683203949226146,13
4,9,0.998947756347187,0.503414362253536,13
5,9,0.998369070153267,0.172892789739048,13
6,9,0.99762468997275,0.734386551353331,13
1,10,0.999801497682255,0.983197697599973,13
2,10,0.999654868828317,0.972898671470914,13
3,10,0.999313336264266,0.863035674211637,13
4,10,0.998675882176551,0.831697496428612,13
5,10,0.998456994877776,0.699863121358693,13
6,10,0.997797040229167,0.0570617475375748,13
1,11,0.999796459850737,0.995444752631189,13
2,11,0.999627699865552,0.977147089689497,13
3,11,0.999357996720885,0.942026249104833,13
4,11,0.998536451139089,0.809348771309215,13
5,11,0.998110384137963,0.889369707092528,13
6,11,0.997832301986351,0.495522247865319,13
1,12,0.999829292300619,0.991076476857627,13
2,12,0.999693636478885,0.797834277248291,13
3,12,0.999413489038774,0.814479521474466,13
4,12,0.999310087967912,0.627974453483645,13
5,12,0.99862654203022,0.569448344622234,13
6,12,0.998423136737351,0.692944578257652,13
1,13,0.999836398687381,0.970287809353678,13
2,13,0.999679748451486,0.905772856803056,13
3,13,0.999411441150631,0.562714079726662,13
4,13,0.998623826572159,0.207831413787562,13
5,13,0.998372387695035,-0.0862572319639917,13
6,13,0.99764757340001,0.301149314682876,13
1,14,0.999799312150981,0.984969321949611,13
2,14,0.999677239443564,0.965168454393695,13
3,14,0.999375106073469,0.980430997499611,13
4,14,0.998881218353507,0.310181011034398,13
5,14,0.998422267902972,0.920766795036697,13
6,14,0.997483779909424,0.483983403332253,13
1,15,0.999876462320954,0.949678170964029,13
2,15,0.999680215233893,0.892393158143436,13
3,15,0.999297997259323,0.919726304957753,13
4,15,0.998858137371172,0.568142249348114,13
5,15,0.998158644050977,0.712958915430215,13
6,15,0.997464641139652,0.745649724484121,13
1,1,0.995080383949651,0.990484312105614,14
2,1,0.990658896181709,0.897465211864918,14
3,1,0.978871601217259,0.746501353384638,14
4,1,0.950225675588334,0.153321732518278,14
6,1,0.944112358743361,0.686761227178111,14
5,1,0.932171990966014,0.705092640371784,14
1,2,0.995412875281233,0.995939347381156,14
2,2,0.989508933933294,0.97613092962752,14
3,2,0.97766721397771,0.962641402652421,14
4,2,0.948378935707943,0.895803873631021,14
6,2,0.944782460609172,0.870535436563412,14
5,2,0.937422096960048,0.638788411612963,14
1,3,0.994791617731905,0.990380394492248,14
2,3,0.990612425285661,0.862877712013222,14
3,3,0.976317973233535,0.864115572075075,14
4,3,0.952077223901545,0.176203662864195,14
6,3,0.947820207488893,0.0484273766303554,14
5,3,0.932128183769822,0.0409657860810025,14
1,4,0.995305089592777,0.971804302765939,14
2,4,0.990675360982135,0.823764564338922,14
3,4,0.979514909083354,0.829112094177862,14
4,4,0.945189241223344,0.785933605623871,14
6,4,0.955418591760404,0.479903277519332,14
5,4,0.935966758488226,0.85152815229125,14
1,5,0.995433787588426,0.975355624340015,14
2,5,0.99133983021348,0.82264484525845,14
3,5,0.981578557053054,0.502688313374694,14
4,5,0.948698527105947,0.570676039506755,14
6,5,0.95667312205909,-0.287919970512512,14
5,5,0.927787746733719,0.875444664252399,14
1,6,0.995509089461173,0.964046575684343,14
2,6,0.988922470136033,0.992654458837457,14
3,6,0.976678591207313,0.799103970654787,14
4,6,0.94778060015495,0.959374469916594,14
6,6,0.95008764330879,0.495477743788062,14
5,6,0.927878113937875,0.885668543745136,14
1,7,0.995395929462942,0.986923045401641,14
2,7,0.991149784350878,0.848329159995454,14
3,7,0.983658567937705,0.448884555438823,14
4,7,0.951236842931018,0.660477925151167,14
6,7,0.943112666277685,0.563808997126138,14
5,7,0.935639275537395,0.151066408172403,14
1,8,0.995434250321883,0.982872683236504,14
2,8,0.989848894687343,0.975381402379582,14
3,8,0.976401889074376,0.981081992198133,14
4,8,0.948097154161716,0.975178299574163,14
6,8,0.9424172920794,0.629781383851478,14
5,8,0.932239936941424,0.47597000489343,14
1,9,0.996270628914231,0.944974545789898,14
2,9,0.990613956797839,0.787904604243277,14
3,9,0.977171686281546,0.396528027970416,14
4,9,0.975126746493932,0.720860984395314,14
6,9,0.94342980350222,-0.595575942448333,14
5,9,0.944245195675358,0.480870302778933,14
1,10,0.995888520250956,0.932900015644059,14
2,10,0.988437978135695,0.98318390561975,14
3,10,0.976560475975393,0.930837059909847,14
4,10,0.945071540870196,0.925734053421664,14
6,10,0.944732211616505,0.467398772103481,14
5,10,0.931418031192723,0.420261470667489,14
1,11,0.99518375302586,0.994332550190523,14
2,11,0.989516527297686,0.927781931305027,14
3,11,0.977594600088073,0.911586751197691,14
4,11,0.949257782939602,0.35462337380574,14
6,11,0.929483840580789,0.31070714824076,14
5,11,0.933915388810817,-0.260182405365731,14
1,12,0.995522519141269,0.972939886767027,14
2,12,0.992420034421805,0.576606937718929,14
3,12,0.978304495272451,0.863412105376271,14
4,12,0.950250879762177,0.849262138577499,14
6,12,0.94687708889963,0.378226659779071,14
5,12,0.937857805548638,0.135257104577429,14
1,13,0.995206995557627,0.9970186651463,14
2,13,0.990596945932069,0.407099513085724,14
3,13,0.97680328333087,0.854307466430565,14
4,13,0.950152077356263,0.681491493764945,14
6,13,0.944067299924915,0.387611400315494,14
5,13,0.929188764465271,0.75425220455949,14
1,14,0.995476104630106,0.935314279309665,14
2,14,0.988456319757216,0.993991481572498,14
3,14,0.977152833465833,0.944875624425443,14
4,14,0.946429777098171,0.874415558869576,14
6,14,0.961814689944097,0.787550406852817,14
5,14,0.938139036146449,0.522012142052071,14
1,15,0.996159465436642,0.921097876371189,14
2,15,0.991715250227417,0.69125724338068,14
3,15,0.979518440180279,0.869977171031279,14
4,15,0.956469069956803,0.541990487420639,14
6,15,0.94698503106336,0.381413335468199,14
5,15,0.932414391316417,0.622668317408986,14
1,1,0.999296460595283,0.953094646271431,15
2,1,0.998920570197017,0.914326537790522,15
3,1,0.997450551289871,0.798495359186286,15
4,1,0.992637597808289,0.540257834945563,15
5,1,0.995836019663478,0.834554889084551,15
6,1,0.985002078517849,0.78193195543413,15
1,2,0.9992709023787,0.982342204326961,15
2,2,0.998935274186889,0.924212060323644,15
3,2,0.99712124859482,0.960714016383008,15
4,2,0.991764220442845,0.634270691108501,15
5,2,0.994854689467606,0.464441191592309,15
6,2,0.986237642945552,0.645031175638948,15
1,3,0.999469515227323,0.974176386087469,15
2,3,0.999034174479763,0.946728208915569,15
3,3,0.997117631146237,0.911606510098462,15
4,3,0.992599329819155,0.639896783153005,15
5,3,0.995246860845827,0.692971961994796,15
6,3,0.986994583792266,0.000997907523892837,15
1,4,0.999250721437326,0.953770355441438,15
2,4,0.998903278910674,0.9906899130198,15
3,4,0.997304590613896,0.92301090044913,15
4,4,0.994820473364473,0.510560045916963,15
5,4,0.994762242572018,-0.108451178330568,15
6,4,0.98568048262846,0.866773107981153,15
1,5,0.999206039520823,0.990964119264461,15
2,5,0.998676646610902,0.990580790541187,15
3,5,0.997093772522981,0.955630982589079,15
4,5,0.991612405345987,0.784880214933879,15
5,5,0.994784976543948,0.898783200033262,15
6,5,0.986279477524675,0.596203064877301,15
1,6,0.999235866035145,0.960013769511322,15
2,6,0.99882236956998,0.988383010335005,15
3,6,0.997322959803313,0.798165683746444,15
4,6,0.991027378181139,0.928503242593051,15
5,6,0.994937033222707,0.656207577678384,15
6,6,0.987036835962952,0.544733966132059,15
1,7,0.999350108988987,0.986587578548765,15
2,7,0.998823113027256,0.946794578188023,15
3,7,0.996747101308211,0.613516483087918,15
4,7,0.996901331980745,0.826296238573053,15
5,7,0.995081802852069,0.421188618039518,15
6,7,0.99251094265867,0.583092429020508,15
1,8,0.999528554356744,0.97455916662676,15
2,8,0.999018676913385,0.905680176694763,15
3,8,0.997678985739079,0.81052776401533,15
4,8,0.991863436072213,0.928649529580845,15
5,8,0.995199304541981,0.624115429063477,15
6,8,0.98629191858968,0.772917391889089,15
1,9,0.999247123167993,0.984533812402454,15
2,9,0.998837640910548,0.963902170594904,15
3,9,0.997582982778454,0.743917872168463,15
4,9,0.991675759580346,0.723451869905635,15
5,9,0.994916122977512,0.714181517682356,15
6,9,0.986631783781029,0.515088784257108,15
1,10,0.999231705527799,0.968440564156609,15
2,10,0.998904736755056,0.705590033188638,15
3,10,0.997157211673616,0.937758486366081,15
4,10,0.991211465930819,0.563037910959187,15
5,10,0.994739790328802,0.767460610204135,15
6,10,0.987175793201813,0.517939835760746,15
1,11,0.999254623843618,0.94417816419443,15
2,11,0.998833152398606,0.508970680974344,15
3,11,0.997767873470492,0.443419759371798,15
4,11,0.99151661469528,0.48950514966357,15
5,11,0.993190940670983,0.903271052192501,15
6,11,0.989365824848912,-0.64207273404841,15
1,12,0.999235391347934,0.931171814194977,15
2,12,0.998879676385996,0.967666995953838,15
3,12,0.997255904432998,0.759093408915615,15
4,12,0.991448537070574,0.871677661185372,15
5,12,0.994943558226382,0.529984635294499,15
6,12,0.986822489632017,0.63423883609637,15
1,13,0.999230991280074,0.934219455898491,15
2,13,0.99884492024278,0.991483064026835,15
3,13,0.997307972155609,0.962276064527918,15
4,13,0.991547875151592,0.714624915253498,15
5,13,0.994989029907276,0.637272201133433,15
6,13,0.985762855911676,0.43097143623432,15
1,14,0.999281048367073,0.979357875862675,15
2,14,0.998820299355393,0.922334058161424,15
3,14,0.997383612277995,0.765771066142062,15
4,14,0.991290240455922,0.836649583251132,15
5,14,0.994137537901718,0.688022354512896,15
6,14,0.986704596865578,0.216612585339255,15
1,15,0.999209383628341,0.991021578988307,15
2,15,0.998789877896305,0.865067139449801,15
3,15,0.997211365181824,0.704278015040822,15
4,15,0.992173367241295,-0.0895954283031527,15
5,15,0.995505966496047,-0.255338750711386,15
6,15,0.987002998956851,0.191830213032208,15
1,1,0.999809864743861,0.980534477155406,16
2,1,0.999639789023834,0.98788570610704,16
3,1,0.999222039749579,0.601900632514761,16
5,1,0.99805408468572,0.912132228058765,16
4,1,0.998177662367889,0.812810298100211,16
6,1,0.996083797257732,0.574535647947468,16
1,2,0.999805499980917,0.992608295792294,16
2,2,0.999683647251965,0.188568631297002,16
3,2,0.999365768913451,0.823806486490088,16
5,2,0.998381934289375,0.669260667696107,16
4,2,0.998019267960125,0.877393040947229,16
6,2,0.996469268601328,0.0533119587423463,16
1,3,0.999824402912532,0.980337782126556,16
2,3,0.999642060258723,0.913452089282566,16
3,3,0.999135721337052,0.800056490975371,16
5,3,0.998215907564967,0.882804354471241,16
4,3,0.997420425412326,0.742390562207687,16
6,3,0.995726255510485,0.624387428898914,16
1,4,0.999814128274948,0.960445359127448,16
2,4,0.99964473772194,0.907443089629129,16
3,4,0.999220692132728,0.983351651411021,16
5,4,0.998368941698042,0.397996497158837,16
4,4,0.998117879978689,0.769353984049371,16
6,4,0.995068415140982,0.203858678415372,16
1,5,0.999866650615757,0.911145070237426,16
2,5,0.999700455833934,0.880895447941592,16
3,5,0.999208008083604,0.967511256911311,16
5,5,0.998221031719607,0.257336074781075,16
4,5,0.998426327104911,-0.237886139933363,16
6,5,0.995561148564061,-0.174340315991644,16
1,6,0.999811490244047,0.965694813766165,16
2,6,0.999618391682664,0.907318547178872,16
3,6,0.99927947674479,0.67623159442369,16
5,6,0.998759558751769,0.784881713461546,16
4,6,0.998297831780305,0.489354127416741,16
6,6,0.998323436865655,0.581176925039391,16
1,7,0.999830166217264,0.99468601301232,16
2,7,0.99967685004777,0.920771521841386,16
3,7,0.999369607188163,0.700195255264632,16
5,7,0.998396237540588,0.787564003928723,16
4,7,0.998183333485022,0.911435097075305,16
6,7,0.994926490536752,0.527314695368197,16
1,8,0.999809476483225,0.99257068575251,16
2,8,0.999665296719326,0.811994796497781,16
3,8,0.999182982636944,0.864017909262096,16
5,8,0.998533532503745,0.875791973780094,16
4,8,0.998009326366361,0.755420592557025,16
6,8,0.995339266499047,0.679902056860267,16
1,9,0.999800796512089,0.972773395473685,16
2,9,0.999570959556697,0.959927240926864,16
3,9,0.999282188247776,0.838847261057614,16
5,9,0.99825635709083,0.185731235229256,16
4,9,0.998100689233688,0.714759634389532,16
6,9,0.994890584327648,0.819307145236732,16
1,10,0.999801207782862,0.997799106343584,16
2,10,0.999569392700002,0.988508431254227,16
3,10,0.99922892600554,0.117826650994804,16
5,10,0.99877000759832,0.154279645137222,16
4,10,0.997943652119985,0.847353191131661,16
6,10,0.994964818106057,0.613537304823483,16
1,11,0.999834089432634,0.83116138087365,16
2,11,0.999605127416814,0.987241431488632,16
3,11,0.99927691601638,0.793705108913028,16
5,11,0.998146668423924,0.634861944992794,16
4,11,0.997973186442382,0.863964685076722,16
6,11,0.99552754748881,-0.126020648764463,16
1,12,0.999813019124963,0.980160941442428,16
2,12,0.999585657057311,0.973822963388563,16
3,12,0.999108462701619,0.988777885946566,16
5,12,0.998019878856977,0.803985737268227,16
4,12,0.998163171074376,0.886725630987799,16
6,12,0.994997306413931,0.796597824974333,16
1,13,0.999791255759222,0.998478910326333,16
2,13,0.999631902064387,0.937550221440889,16
3,13,0.999400450121264,0.676057949476782,16
5,13,0.998942231006934,0.169467366367146,16
4,13,0.997902073638783,0.576628952942356,16
6,13,0.995359697376046,-0.225485560098116,16
1,14,0.999829898428019,0.979847705493199,16
2,14,0.999661706396656,0.831852754001817,16
3,14,0.999153137135834,0.98283244034259,16
5,14,0.998221638568868,0.780112995405108,16
4,14,0.998279395283106,0.357700819489223,16
6,14,0.996364867259353,0.687517454866437,16
1,15,0.999877567563267,0.941838000654194,16
2,15,0.999726974264637,0.849574445863099,16
3,15,0.999488056420737,0.298564332039409,16
5,15,0.998217751369585,0.446741380343338,16
4,15,0.998116253310898,0.719737650463283,16
6,15,0.995309613207703,0.766416482141501,16
1,1,0.998998476641887,0.976995193162749,17
2,1,0.99818809309616,0.963985389500387,17
4,1,0.996042935727018,0.476371894483991,17
3,1,0.990911503762577,0.870097414126931,17
5,1,0.992690649948156,0.284099168846814,17
6,1,0.980879610469316,0.948274560555589,17
1,2,0.999030694268895,0.970542320624288,17
2,2,0.998327609448095,0.942724481411463,17
4,2,0.996294269859953,0.707209363633834,17
3,2,0.990236742966354,0.75021374399591,17
5,2,0.989081135669326,0.622033102544625,17
6,2,0.982869901236978,0.909219657744079,17
1,3,0.998944244974714,0.994069047630605,17
2,3,0.998473208783688,0.837215692915742,17
4,3,0.995526754777157,0.898591411113579,17
3,3,0.991159171559248,0.786987737839134,17
5,3,0.993027568232685,0.338372640585137,17
6,3,0.983002101031997,0.582263700354186,17
1,4,0.998983498007863,0.963934347412017,17
2,4,0.998257366261677,0.971596005535155,17
4,4,0.995803970812913,0.497113876028401,17
3,4,0.991977738135231,0.56092208814407,17
5,4,0.990238453701969,0.675465439863212,17
6,4,0.981336576258394,0.800198530240201,17
1,5,0.999061010102039,0.935672994496136,17
2,5,0.998164173624337,0.977076960416394,17
4,5,0.994705905853698,0.95191826440676,17
3,5,0.990022694225261,0.656874971316807,17
5,5,0.993210324190357,0.404559240185173,17
6,5,0.982423075573507,0.380869927389384,17
1,6,0.999386880833851,0.965131807876078,17
2,6,0.998463690890098,0.821838179747384,17
4,6,0.995101334420639,0.931083477273068,17
3,6,0.990540561358154,0.930079729430709,17
5,6,0.992555317904627,0.189848488695268,17
6,6,0.982755637809851,0.602319298300511,17
1,7,0.998925835813567,0.969175223834986,17
2,7,0.998592985483361,0.666857188074552,17
4,7,0.995111848995985,0.735022665948428,17
3,7,0.99121208613756,0.49113620590039,17
5,7,0.992087323423834,0.703153051987499,17
6,7,0.984289498339671,-0.38587004372513,17
1,8,0.998960217313455,0.883018444049395,17
2,8,0.998356984479342,0.773058744621311,17
4,8,0.995472437505573,0.988909821589019,17
3,8,0.991402079523141,0.793451486196615,17
5,8,0.992927325551947,0.542751663286422,17
6,8,0.982422551748186,0.557226601846302,17
1,9,0.998919028671277,0.954892238736023,17
2,9,0.998420311495732,0.935156873540779,17
4,9,0.995120114514175,0.94155471844072,17
3,9,0.991762680589302,0.815861603362026,17
5,9,0.992193472510528,0.482533936930774,17
6,9,0.982635855623991,0.62667412147167,17
1,10,0.998986896791023,0.986876177432811,17
2,10,0.998261572729863,0.949214526268819,17
4,10,0.995478718086528,0.902253801301895,17
3,10,0.990435638216078,0.578288691925035,17
5,10,0.992954176600246,-0.291818254570713,17
6,10,0.981781504795107,-0.243604107769247,17
1,11,0.998957778295816,0.988507658658026,17
2,11,0.998296212228988,0.853732085497605,17
4,11,0.995566042084316,0.514738196945108,17
3,11,0.995419184559456,0.960051687802236,17
5,11,0.993090298091914,0.665003904421273,17
6,11,0.991664508482739,0.0510262916231276,17
1,12,0.998895527801894,0.981206016510464,17
2,12,0.998253864263861,0.966616037559194,17
4,12,0.995344202996168,0.772171219697265,17
3,12,0.9911720900078,0.819068264006797,17
5,12,0.991574583414361,0.727703271200215,17
6,12,0.983410257709035,-0.0483903877382056,17
1,13,0.998936989154764,0.987578316988527,17
2,13,0.998336336624203,0.945861687581631,17
4,13,0.995990193944747,0.0338714743928515,17
3,13,0.991690802179419,0.759827073887835,17
5,13,0.990714439531445,0.78519818078575,17
6,13,0.982480494227396,-0.155809121579388,17
1,14,0.999004564941477,0.884438969707098,17
2,14,0.998618225932528,0.845035378261784,17
4,14,0.995670903120134,0.677732595404197,17
3,14,0.991241751426036,0.869151301899714,17
5,14,0.991490624715001,0.791528119334271,17
6,14,0.987429500457282,-0.195939692761492,17
1,15,0.99901235139345,0.911117362736925,17
2,15,0.998052060307155,0.970022010944935,17
4,15,0.995871467142419,0.365259777282472,17
3,15,0.993566432373598,0.20417548858388,17
5,15,0.992884827589232,0.905797045170325,17
6,15,0.980482462866203,0.744348976373176,17
1,1,0.997348812982627,0.954461047494014,18
2,1,0.996492134841615,0.963957442182378,18
4,1,0.989315592792969,0.961098668537923,18
3,1,0.976812958492025,0.423364986199027,18
5,1,0.981910155489214,0.431262023817901,18
6,1,0.96700114929495,0.604483384211766,18
1,2,0.99760421312381,0.976438548440877,18
2,2,0.997151019850166,0.604757391802984,18
4,2,0.991263533499934,0.8211310268306,18
3,2,0.979644259028678,0.720283246034863,18
5,2,0.981250456602382,0.444968981404684,18
6,2,0.968723832299311,0.485098546343552,18
1,3,0.997582959034799,0.968463178957503,18
2,3,0.997265226299192,0.772278218013789,18
4,3,0.989806224794323,0.229545897805936,18
3,3,0.989271606103342,0.548038802167906,18
5,3,0.977904211006276,0.691554601612813,18
6,3,0.981035748466015,0.54822485426955,18
1,4,0.997421662423567,0.99569347798871,18
2,4,0.9969511863742,0.932868857575077,18
4,4,0.990540797900434,0.530818415775213,18
3,4,0.97970854454787,0.890673185938271,18
5,4,0.981006195312083,0.527762262752064,18
6,4,0.966320256588218,0.697392321560836,18
1,5,0.997444189676639,0.986707745909033,18
2,5,0.997125376762697,0.899149694396802,18
4,5,0.9915895663268,0.730304052798084,18
3,5,0.980246821190457,0.717258826656232,18
5,5,0.980376477608497,0.541334070972096,18
6,5,0.966271442927958,0.709100492675544,18
1,6,0.997547363729453,0.964716110947461,18
2,6,0.996896931108607,0.98209057886467,18
4,6,0.989593103314046,0.448274345260691,18
3,6,0.975660278750568,0.930571404658558,18
5,6,0.980856289302936,0.762244115335114,18
6,6,0.971133982532268,-0.259296282196018,18
1,7,0.997481164762814,0.983241524687656,18
2,7,0.996825303114281,0.959129035248937,18
4,7,0.988295018702923,0.976929285846328,18
3,7,0.980140358028255,0.460234185995753,18
5,7,0.980679589654832,0.847375385730283,18
6,7,0.969653920791811,0.438218632292828,18
1,8,0.99775352082368,0.987045340188373,18
2,8,0.996933273199529,0.96931842803636,18
4,8,0.990152390292893,0.965629810619879,18
3,8,0.979239774706734,0.839140506647176,18
5,8,0.982699189373817,0.904626443002752,18
6,8,0.968949123378485,0.833110383882578,18
1,9,0.997347455682447,0.978004907656134,18
2,9,0.996926354535686,0.962010205518551,18
4,9,0.99047350572315,-0.54341246473089,18
3,9,0.980164817915833,0.638318043551138,18
5,9,0.982061595134892,0.0468540721002311,18
6,9,0.965236215381951,0.533441385616315,18
1,10,0.997495060846812,0.959666148853972,18
2,10,0.997285483176914,0.873274266117242,18
4,10,0.990990060424386,0.492096150152761,18
3,10,0.977918742459429,0.365793442539129,18
5,10,0.982829840870875,0.423597486894258,18
6,10,0.967473652447009,0.340129764882728,18
1,11,0.997675549339137,0.941600610447784,18
2,11,0.996415598355561,0.987291051753692,18
4,11,0.98974298369544,0.846012563163476,18
3,11,0.979242119280957,0.869666881194954,18
5,11,0.980409139315234,0.824109171061327,18
6,11,0.966864472590253,0.609815781965595,18
1,12,0.997555223632647,0.992002295039859,18
2,12,0.9969368164328,0.981113333558723,18
4,12,0.990699539157758,0.907671144204376,18
3,12,0.979600819806319,0.82523237765411,18
5,12,0.980172626836904,-0.0429424135893171,18
6,12,0.96313903221464,0.894648240264449,18
1,13,0.997474090786293,0.9632141232991,18
2,13,0.996551658202111,0.969289503184387,18
4,13,0.989144331939162,0.892472879400594,18
3,13,0.979559581818581,0.568627569057227,18
5,13,0.980263009091574,0.173734033657373,18
6,13,0.965026331094122,0.677356540195917,18
1,14,0.998024734936989,0.940015439376488,18
2,14,0.996759743707883,0.995056679575067,18
4,14,0.989152310217044,0.965678682243345,18
3,14,0.979215697978155,0.962891563528936,18
5,14,0.979573191687231,0.785858610196239,18
6,14,0.966708364728318,0.523959449862358,18
1,15,0.998535950378538,0.912798572804279,18
2,15,0.996895693806258,0.949652424912002,18
4,15,0.990381917909804,0.769659612267265,18
3,15,0.982112841817413,0.522341579137651,18
5,15,0.977248597514339,0.884112425754412,18
6,15,0.968175217306305,0.46586149227215,18
1,1,0.997489477733024,0.994769663604108,19
2,1,0.995747926743318,0.977301674050752,19
3,1,0.991050712009005,0.833795534589999,19
4,1,0.982562734691359,0.786644573757819,19
6,1,0.981260890413815,0.637098765386118,19
5,1,0.971242096085205,0.611158054521296,19
1,2,0.99773422231307,0.973514237077389,19
2,2,0.996307080320891,0.856877762960278,19
3,2,0.991248742848905,0.572755052406368,19
4,2,0.989639692405339,0.713250290331192,19
6,2,0.982974688038005,-0.0774509480731182,19
5,2,0.973210365277115,0.102795453818737,19
1,3,0.997820358285871,0.947500583696374,19
2,3,0.996058413396349,0.89617736096758,19
3,3,0.991399324847738,0.815828156940409,19
4,3,0.983882436338789,0.737760358431039,19
6,3,0.98134513412635,0.499218070231226,19
5,3,0.970091201672726,0.351706087410743,19
1,4,0.997526843821273,0.987078337795959,19
2,4,0.995394756794125,0.978031133358679,19
3,4,0.991038509889614,0.980609179817431,19
4,4,0.983028555864065,0.670077668682892,19
6,4,0.98473280555651,0.395212365593629,19
5,4,0.96814384848,0.672999349447255,19
1,5,0.997848744269573,0.978429685452048,19
2,5,0.99614033444931,0.964376204241688,19
3,5,0.991127272433915,0.976717858218383,19
4,5,0.982563597034481,0.902016921855479,19
6,5,0.984713128474912,0.887203915813083,19
5,5,0.971172915172433,0.650793753149505,19
1,6,0.997670431569316,0.989593177746647,19
2,6,0.996112812581711,0.722450503287679,19
3,6,0.992066606828368,0.75789492970168,19
4,6,0.983442601596291,0.390528769867954,19
6,6,0.98274627149819,-0.0904876287024721,19
5,6,0.9698709762235,0.666830886055336,19
1,7,0.997687345027969,0.997374646910192,19
2,7,0.996324714200297,0.892766502992956,19
3,7,0.992964996251178,0.880796165501272,19
4,7,0.982512413710764,0.900411868701511,19
6,7,0.98094142714714,0.182822681178653,19
5,7,0.96910233998208,0.606168736104057,19
1,8,0.997726447004546,0.941620004850321,19
2,8,0.995523800682583,0.989616569119605,19
3,8,0.991249460939942,0.451347416024823,19
4,8,0.981568375969707,0.981892561727749,19
6,8,0.98115439622642,0.0433611567424523,19
5,8,0.970953320698691,0.456139661719205,19
1,9,0.99838748578298,0.966653438009695,19
2,9,0.996232256919009,0.659108255169351,19
3,9,0.989524740070857,0.961047164072586,19
4,9,0.98443629269732,0.79959298629989,19
6,9,0.982256576362744,0.719160162310863,19
5,9,0.969912052316293,0.643526190986363,19
1,10,0.997975052917844,0.959517729501374,19
2,10,0.996169979472666,0.940616957525496,19
3,10,0.990500431210035,0.98907270229106,19
4,10,0.982776684543647,0.850248716497019,19
6,10,0.978401856155861,0.217867089010194,19
5,10,0.969224216542234,0.808613940416308,19
1,11,0.997613961437954,0.993236550236448,19
2,11,0.99616097036348,0.825744792798769,19
3,11,0.991212578383763,0.583290813074039,19
4,11,0.983965386997011,0.730617679314475,19
6,11,0.981820880921931,0.309517926843812,19
5,11,0.969543640797353,-0.344850815331768,19
1,12,0.997876128621004,0.987799299220437,19
2,12,0.996911104719209,0.899681262300732,19
3,12,0.991528523034373,0.936119205046932,19
4,12,0.983141430274008,0.922522769135602,19
6,12,0.981216983307472,0.711181445386482,19
5,12,0.96993100017595,0.69151901522639,19
1,13,0.997605602260208,0.979617984214189,19
2,13,0.996147120370753,0.826133150815539,19
3,13,0.99086475347158,0.731924399164584,19
4,13,0.982183847330967,0.833479513097518,19
6,13,0.982226295085941,0.587138358616403,19
5,13,0.971156788017734,0.608411442643361,19
1,14,0.998120663903566,0.872015473617365,19
2,14,0.995894957439349,0.932138404666451,19
3,14,0.991787945033481,0.623992084615934,19
4,14,0.982777456584644,0.934790197845053,19
6,14,0.977025989172881,0.739668975912179,19
5,14,0.972337567350588,0.886652002339522,19
1,15,0.997717935369148,0.935326374611216,19
2,15,0.996091543264549,0.956549432030393,19
3,15,0.990860478300602,0.849038731232859,19
4,15,0.985336224082935,0.646081974308049,19
6,15,0.981021037984519,-0.348983369649916,19
5,15,0.972006629559765,0.265364763092106,19
1,1,0.998873189872623,0.97177740436835,20
2,1,0.998784848568138,0.686516889142496,20
3,1,0.997146761436625,0.793811248211956,20
4,1,0.994494491792843,0.848239786684888,20
5,1,0.995421144387672,0.218798951433905,20
6,1,0.989870778055228,0.53665654675606,20
1,2,0.998886938036811,0.952779833648211,20
2,2,0.998743236663075,0.836165018879628,20
3,2,0.996818163102359,0.850201554616398,20
4,2,0.993557863691948,0.896017558898791,20
5,2,0.991735381501988,0.877817190348513,20
6,2,0.987008980826397,0.919554898135811,20
1,3,0.998887446129359,0.981842590415511,20
2,3,0.998744905206718,0.922609410361781,20
3,3,0.997005867131378,0.678739532697405,20
4,3,0.994752914193984,0.822308391130084,20
5,3,0.993860213729664,0.853324791058614,20
6,3,0.990334745980912,0.415338879113062,20
1,4,0.998902584508035,0.923047206734617,20
2,4,0.998406091664599,0.978808125204046,20
3,4,0.997018644905698,0.440690025895197,20
4,4,0.994385368910862,0.1214895907704,20
5,4,0.993796024388483,0.234544406098372,20
6,4,0.986818726967694,0.649869973947008,20
1,5,0.999376669169173,0.932946776971526,20
2,5,0.998589431816732,0.989912934068474,20
3,5,0.997594755308833,0.809244568057473,20
4,5,0.994354268602061,0.958120873502436,20
5,5,0.995152490234699,0.040631767870338,20
6,5,0.987925077465511,0.651849191990096,20
1,6,0.999113698197236,0.895308976539066,20
2,6,0.998717325566919,0.833927045284506,20
3,6,0.997216254686716,0.971295698398569,20
4,6,0.994321996012213,0.884054766094386,20
5,6,0.994403093111221,0.883815848729855,20
6,6,0.987200112065785,0.596836956869648,20
1,7,0.9991898391723,0.940808692150544,20
2,7,0.998663745053775,0.910198915328584,20
3,7,0.997083786062974,0.704174192042228,20
4,7,0.993988709197209,0.885886508115037,20
5,7,0.994910680993341,0.461470826061922,20
6,7,0.986641017429767,0.685486956108543,20
1,8,0.999087019741659,0.963199304772864,20
2,8,0.998611833821355,0.909669727698185,20
3,8,0.997096801218074,0.884251572370256,20
4,8,0.993659287590206,0.928824760104343,20
5,8,0.994154355701555,0.630435836302035,20
6,8,0.987957102863361,0.188231571224829,20
1,9,0.998866246108632,0.97114081092096,20
2,9,0.998450121191146,0.974458090678253,20
3,9,0.99677178899629,0.986334556162452,20
4,9,0.993445564157859,0.851598555806454,20
5,9,0.994297999120044,0.804317758773523,20
6,9,0.986959688979615,0.278682390844898,20
1,10,0.998784820486726,0.996842077365933,20
2,10,0.998517527387813,0.991190775044444,20
3,10,0.996803272469338,0.636640562467787,20
4,10,0.995150324781687,0.560340655022834,20
5,10,0.994278062608663,0.595957174477729,20
6,10,0.987420018339365,0.488800985820733,20
1,11,0.999068163399384,0.965744700089494,20
2,11,0.999034490954662,0.726908273382045,20
3,11,0.997112896429316,0.758719230917726,20
4,11,0.993957431894806,0.904500308844568,20
5,11,0.99668548553523,0.510550289382802,20
6,11,0.98562074683601,0.430091043621123,20
1,12,0.998873503568313,0.978661065291302,20
2,12,0.998486854001862,0.985585507439167,20
3,12,0.996798386071887,0.96188116028142,20
4,12,0.995623541222698,0.336990095512328,20
5,12,0.994505696968751,0.537749115086521,20
6,12,0.986204778939314,0.235171027700179,20
1,13,0.998818764532066,0.974047127845322,20
2,13,0.998924200586433,0.0517867383313668,20
3,13,0.997640292295183,0.438100110932379,20
4,13,0.997492131445442,0.469975119798248,20
5,13,0.99441713955577,0.697833897023346,20
6,13,0.99300610253834,-0.283388740780766,20
1,14,0.998921252589654,0.995032835344207,20
2,14,0.998768854261369,0.957352708428445,20
3,14,0.996962494925246,0.881054034150523,20
4,14,0.994280618430411,0.730579987874328,20
5,14,0.994581166383391,0.588456481387489,20
6,14,0.987279268997303,0.622535878197316,20
1,15,0.998872751363613,0.939503764977891,20
2,15,0.99868398733648,0.965799655658945,20
3,15,0.99690387876884,0.638927734423403,20
4,15,0.9939798024683,0.88319825705818,20
5,15,0.994527934209084,0.0255193332458185,20
6,15,0.987422362207488,0.805717124529375,20
2,1,0.999053370653518,0.947096238331115,21
1,1,0.999150472132779,0.944103466385172,21
3,1,0.997771293304919,-0.0281790712758081,21
4,1,0.993157337263227,0.903953427907004,21
6,1,0.992309058914367,0.652590192586295,21
5,1,0.987880983797544,0.510216733236545,21
2,2,0.999083303066516,0.98731548875311,21
1,2,0.998971150931914,0.969130206735756,21
3,2,0.997447993707109,0.953066713878993,21
4,2,0.992326015649383,0.887191236739346,21
6,2,0.993017760658115,-0.128545570568421,21
5,2,0.988395378490909,0.560059152633941,21
2,3,0.999130792712669,0.976526838396574,21
1,3,0.998978418240642,0.982785655723143,21
3,3,0.998033737488888,0.867135038848033,21
4,3,0.993249134486432,0.743764544237388,21
6,3,0.993669436263985,0.733191686680918,21
5,3,0.986164571335103,0.793094797025673,21
2,4,0.999157078338475,0.930121433535722,21
1,4,0.999059017580347,0.958116479093778,21
3,4,0.997872663955096,0.858135755772993,21
4,4,0.993257741707363,0.931955823004252,21
6,4,0.992583822612802,0.300602419800332,21
5,4,0.986339320267804,0.741615963682133,21
2,5,0.999119588848794,0.969517831733235,21
1,5,0.999049374490266,0.926046055932735,21
3,5,0.99791777721628,0.530275581190516,21
4,5,0.992873063382314,0.724403312583959,21
6,5,0.992658691613503,0.399423132616897,21
5,5,0.990369203846173,0.233224308006321,21
2,6,0.99928029430303,0.79661270149865,21
1,6,0.999095381410308,0.907465739544484,21
3,6,0.997808535281839,0.744364330588717,21
4,6,0.995167359932177,0.517858705626497,21
6,6,0.992391676183104,0.68866864564612,21
5,6,0.986789378075009,0.582599242478649,21
2,7,0.9991814059451,0.945260383803868,21
1,7,0.999076694194695,0.96898645673335,21
3,7,0.997549807726056,0.967878579895586,21
4,7,0.994076965910611,-0.175105895350746,21
6,7,0.99291396338396,0.435290235074219,21
5,7,0.986168314980494,0.566503827564851,21
2,8,0.999178603146114,0.968852322948273,21
1,8,0.999122546776838,0.97440184924995,21
3,8,0.997860678391701,0.254740354090862,21
4,8,0.996381624357131,0.712089682584344,21
6,8,0.993887624038977,0.36394638458946,21
5,8,0.992398262329665,0.555357170065426,21
2,9,0.999188821487687,0.853164507865858,21
1,9,0.999067169168521,0.870278373683582,21
3,9,0.99769417496772,0.957577012619368,21
4,9,0.992906192865938,0.777665941674259,21
6,9,0.993852811321269,-0.134890728418984,21
5,9,0.985279981817326,0.534120568023041,21
2,10,0.999031741491866,0.983754525978679,21
1,10,0.998957466007696,0.960143296640453,21
3,10,0.997662211922231,0.842544782979688,21
4,10,0.993168365500899,0.368865283392326,21
6,10,0.99074436057306,0.827100319202382,21
5,10,0.986293323746836,0.1763912001332,21
2,11,0.999099886849224,0.994766419592727,21
1,11,0.999041608324639,0.953638003746007,21
3,11,0.997595523091661,0.977111534010753,21
4,11,0.993408060061559,0.942887852621475,21
6,11,0.992638108198524,0.350033590163655,21
5,11,0.986254344351282,0.745863852618316,21
2,12,0.999080519737098,0.992046479826406,21
1,12,0.999098052986912,0.956584110790759,21
3,12,0.997804901738137,0.863276320783415,21
4,12,0.99374440470175,0.765892551392517,21
6,12,0.992591067280016,0.688404956301228,21
5,12,0.984852980330167,0.969010505783658,21
2,13,0.999099487214915,0.889973417438123,21
1,13,0.999136778814708,0.835483824289819,21
3,13,0.997889941721239,0.730776048495491,21
4,13,0.993201314446203,0.893899929253837,21
6,13,0.992632018198108,-0.0358589589042937,21
5,13,0.986664426797508,0.75534059630978,21
2,14,0.99896437198261,0.970720221477988,21
1,14,0.998887098719835,0.978969012874202,21
3,14,0.99735522405623,0.903146351674093,21
4,14,0.992525214460685,0.867549228295232,21
6,14,0.992571259834123,0.514159565585613,21
5,14,0.986219122398993,0.610136688094488,21
2,15,0.999369738098377,0.938926670484023,21
1,15,0.999104393317516,0.972159395059142,21
3,15,0.997779286438804,0.926976754322747,21
4,15,0.993743113399879,0.884735412942829,21
6,15,0.992740680757012,0.447420132726683,21
5,15,0.986203890186012,0.42440562377036,21
1,1,0.996413099813465,0.97949545460813,22
2,1,0.995580440553373,0.941352196788921,22
3,1,0.989809225334646,0.489046755099371,22
4,1,0.979032608524121,0.897694193518705,22
5,1,0.971677152344029,0.563420198219938,22
6,1,0.960074222088418,0.449727881413476,22
1,2,0.996983395934441,0.944885244160764,22
2,2,0.993836291591863,0.975015157140404,22
3,2,0.98716060273098,0.956666579317277,22
4,2,0.979875071284955,0.418604690068089,22
5,2,0.975458726691033,0.362180767039742,22
6,2,0.963408244134954,-0.107455664858958,22
1,3,0.996951433615263,0.972471148546843,22
2,3,0.99490521129394,0.893118459353935,22
3,3,0.988907341005943,0.674562155923142,22
4,3,0.982182407675523,0.572631133538185,22
5,3,0.974414533238925,0.362007565431634,22
6,3,0.961321345285247,0.715744977944507,22
1,4,0.99661086226195,0.954796763060654,22
2,4,0.994576199095781,0.925088167478086,22
3,4,0.988405615198298,0.827413101852496,22
4,4,0.978557246323666,0.942498319919257,22
5,4,0.974753804014215,0.883142428472771,22
6,4,0.962145319292092,0.0352081975266784,22
1,5,0.997724448300642,0.92211757063267,22
2,5,0.995578918656976,0.902770797508246,22
3,5,0.989902200237544,0.565700930853444,22
4,5,0.98331989464435,0.700818977964738,22
5,5,0.978767091895048,0.116415521497641,22
6,5,0.959301902844901,0.767408699363031,22
1,6,0.996633975464323,0.992625152537411,22
2,6,0.99463969136481,0.972972765787593,22
3,6,0.987690653202511,0.833547393547453,22
4,6,0.979551450002647,0.295154856882026,22
5,6,0.974266361186892,0.705215152511682,22
6,6,0.965034865578772,-0.131848816139181,22
1,7,0.996741232369279,0.965551848027197,22
2,7,0.995033256429468,0.870883871277723,22
3,7,0.989081810717168,0.646667749437359,22
4,7,0.979801463402779,0.515847790159136,22
5,7,0.974391664981723,0.466142626407558,22
6,7,0.962803017067823,0.653922322961523,22
1,8,0.996561612481562,0.986767532256747,22
2,8,0.994470717921793,0.980344244562051,22
3,8,0.989015680341122,0.464495352135571,22
4,8,0.979564369393789,0.874629888612731,22
5,8,0.974253223733223,0.577040465681947,22
6,8,0.960711305925494,0.364540524209516,22
1,9,0.997337707505732,0.92605171997366,22
2,9,0.995679438934707,0.920257521965902,22
3,9,0.988961190419192,0.956841784039001,22
4,9,0.978544458459742,0.780156999525201,22
5,9,0.978824455396749,0.965055388402114,22
6,9,0.966715177313837,0.687781604902303,22
1,10,0.996602176687563,0.882450031993701,22
2,10,0.994606019052714,0.985840308451342,22
3,10,0.989491685361386,0.226996822621705,22
4,10,0.988452230140997,0.87609656388692,22
5,10,0.97814043253499,-0.353299625353963,22
6,10,0.973912976900766,0.183375089774764,22
1,11,0.996817417798646,0.913383958177823,22
2,11,0.994710844526754,0.963923393670214,22
3,11,0.988961856885056,0.848525556682623,22
4,11,0.977453299640901,0.93731575472789,22
5,11,0.974314286291725,-0.116468179614083,22
6,11,0.961128832622844,0.909150715789495,22
1,12,0.996667362343348,0.975759782351786,22
2,12,0.995717571583618,0.89841258777892,22
3,12,0.987491739328842,0.950696296079269,22
4,12,0.979728722685517,0.829812837777787,22
5,12,0.974384798983368,0.890994714843217,22
6,12,0.961326133881341,0.50670530943866,22
1,13,0.996757024407178,0.922500257114196,22
2,13,0.994751958018861,0.950539948187386,22
3,13,0.989270974344694,0.605639125557864,22
4,13,0.981340348120648,0.639754475917624,22
5,13,0.973481355873831,0.335022274411998,22
6,13,0.964930301924756,-0.141429267246715,22
1,14,0.996930643208658,0.976787903922749,22
2,14,0.995444525524864,0.870004931970594,22
3,14,0.992624454598997,0.795213381654467,22
4,14,0.981005980163863,0.0751948903693542,22
5,14,0.980661760765868,0.39987512842258,22
6,14,0.963318008220975,0.448855559250889,22
1,15,0.996619354616492,0.978354820518902,22
2,15,0.994787302682361,0.958656088675106,22
3,15,0.989634212649335,0.683106938735384,22
4,15,0.979298399300738,0.949721631798503,22
5,15,0.976243906252397,0.710700917029222,22
6,15,0.963636198744719,0.715877015901763,22
1,1,0.998244473407395,0.814195808113019,23
2,1,0.996584156180968,0.987162241067168,23
3,1,0.988188439680326,0.832886503169996,23
4,1,0.976901748578966,0.72978206757403,23
5,1,0.978819292827478,0.754187269420874,23
6,1,0.963930062722429,0.554161640955855,23
1,2,0.99801197703697,0.962848631671471,23
2,2,0.996853793377969,0.970069291940355,23
3,2,0.993457340886659,0.183704046341245,23
4,2,0.979788432134802,0.755616103877541,23
5,2,0.97160681883308,0.787024513538019,23
6,2,0.966800095792179,0.728439922559839,23
1,3,0.997831163211563,0.96093769625703,23
2,3,0.996934717955559,0.970237958009525,23
3,3,0.988821240726387,0.923319700063556,23
4,3,0.980208150259862,0.97709130012946,23
5,3,0.981719403916998,0.886988316689513,23
6,3,0.966200729842128,0.67881275275192,23
1,4,0.997567334068275,0.91766443163433,23
2,4,0.996775965399446,0.940934384084523,23
3,4,0.99060344253893,0.525208959148027,23
4,4,0.972820616875888,0.863985549157368,23
5,4,0.983148943472341,0.838821773211625,23
6,4,0.967992936224013,0.373164009393523,23
1,5,0.997473276086733,0.982414507183072,23
2,5,0.997493053276843,0.545372791202311,23
3,5,0.988826141514119,0.972515736426556,23
4,5,0.977516409789764,0.865202705154188,23
5,5,0.983745295177212,0.873861328492433,23
6,5,0.972764410430962,0.410409015384255,23
1,6,0.997337711075988,0.993558315727207,23
2,6,0.9964997666506,0.989865579373911,23
3,6,0.988571508774793,0.851030249451768,23
4,6,0.977444883157712,0.819805307210826,23
5,6,0.982457452527563,-0.203810327528853,23
6,6,0.962531849592923,0.857449879390146,23
1,7,0.997626094126125,0.964434418709641,23
2,7,0.996828749625693,0.898947022748948,23
3,7,0.98895356924418,0.858053974336051,23
4,7,0.97668593477453,0.680315356395867,23
5,7,0.982850160701417,0.318027859976012,23
6,7,0.964270241874365,0.473036702978993,23
1,8,0.997675459740499,0.977159608686224,23
2,8,0.996682387095709,0.943907610080225,23
3,8,0.989589099651149,0.7342772823876,23
4,8,0.977631822937052,0.228845175867641,23
5,8,0.982071150894201,0.816945813242219,23
6,8,0.965912364819143,-0.233734286052162,23
1,9,0.997239667533387,0.987106797828305,23
2,9,0.996478929549543,0.983377186888448,23
3,9,0.986409980261313,0.860098575825776,23
4,9,0.982297677440429,0.575843089139271,23
5,9,0.982762485882777,0.917158458520278,23
6,9,0.973316011391416,0.449927784930741,23
1,10,0.997627645976509,0.983376920491075,23
2,10,0.996519665368045,0.989091163982154,23
3,10,0.989204795257167,0.55082764122741,23
4,10,0.976997161883683,0.343099362587394,23
5,10,0.981772907478592,-0.315724230840357,23
6,10,0.967417395349898,-0.11873538549125,23
1,11,0.997565233393285,0.984464239857446,23
2,11,0.997141839449197,0.854014697910793,23
3,11,0.990402295416091,0.271012246159833,23
4,11,0.97814988106187,0.411979700307588,23
5,11,0.984569249910549,0.344976885347133,23
6,11,0.962865375630181,0.246403512885772,23
1,12,0.997683453482047,0.918006256043985,23
2,12,0.997153877199119,0.729755875308,23
3,12,0.990530590357389,0.511453699506775,23
4,12,0.97772084600831,0.823494193035844,23
5,12,0.986588366684445,0.0973767445133886,23
6,12,0.96442981082174,0.525305613018904,23
1,13,0.997523511899287,0.995624342053169,23
2,13,0.996852938483927,0.927815254248247,23
3,13,0.99021899569194,0.832138123589393,23
4,13,0.977412769399667,0.270950314638204,23
5,13,0.98272392766246,0.462134740235687,23
6,13,0.96528070649572,0.588589462113124,23
1,14,0.998453081799773,0.943536828221706,23
2,14,0.997187967861385,0.541181950131043,23
3,14,0.991196397828363,0.263360479487197,23
4,14,0.986687950558616,0.740856888421843,23
5,14,0.984471909682042,0.159613321576744,23
6,14,0.978385910700676,0.0970638836006368,23
1,15,0.997507955848244,0.983069785080787,23
2,15,0.996593908755711,0.944888632491914,23
3,15,0.98876104298119,0.862515396377457,23
4,15,0.976913594925105,0.705075338955673,23
5,15,0.980147796832936,0.953038779758657,23
6,15,0.966663104376397,0.356603141247513,23
1,1,0.999274270452681,0.906719140857195,24
2,1,0.998625145558,0.985403190151314,24
3,1,0.997206987351015,0.666844311590027,24
6,1,0.995565567131658,-0.50375708344125,24
4,1,0.99215838212301,0.687804027296241,24
5,1,0.985858590046137,0.886283220424847,24
1,2,0.999297194376637,0.984566688522723,24
2,2,0.998885042900625,0.935934548860017,24
3,2,0.997495515394214,0.88260299644238,24
6,2,0.99418515634971,0.56450498530118,24
4,2,0.99516060372037,0.302657341126236,24
5,2,0.986892918231623,0.880313115819648,24
1,3,0.999259329062118,0.994342251641206,24
2,3,0.998746895590192,0.985033848403719,24
3,3,0.997548498050348,0.650230310916693,24
6,3,0.995456700621148,0.761926313452557,24
4,3,0.992948742353589,0.712582472119733,24
5,3,0.985821985085838,0.644498051468543,24
1,4,0.999253028481861,0.996155855356259,24
2,4,0.998847397393353,0.384850452448792,24
3,4,0.997302377024694,0.75021618390329,24
6,4,0.996254055761435,0.481333815593838,24
4,4,0.99501616155668,0.740397596725377,24
5,4,0.993408550146118,0.775273445141706,24
1,5,0.999143349411085,0.964227778525336,24
2,5,0.999066869565696,0.396583094002588,24
3,5,0.997044133966252,0.792627079391321,24
6,5,0.995732071437298,0.0545643030677982,24
4,5,0.991830787501448,-0.00820040817674886,24
5,5,0.987368841796337,-0.104259135331732,24
1,6,0.999336828394635,0.954090845908291,24
2,6,0.998763238953956,0.93823219481138,24
3,6,0.997168167763452,0.925197498068877,24
6,6,0.995445400484842,0.904197703579478,24
4,6,0.992396673555006,0.827836863210944,24
5,6,0.986701938912537,0.493653708364283,24
1,7,0.999424724212444,0.918899507139513,24
2,7,0.998853798832742,0.966149239143688,24
3,7,0.997369295356601,0.93742869641006,24
6,7,0.995223041613304,-0.199520497964229,24
4,7,0.993120029107233,0.796517919648643,24
5,7,0.986180420225636,0.662063397572836,24
1,8,0.999288400646183,0.983127106387895,24
2,8,0.998756868500223,0.976669780855287,24
3,8,0.997290827465313,0.886186457650052,24
6,8,0.99513886576509,0.454286248648929,24
4,8,0.992209646188118,0.602009900712979,24
5,8,0.987741060086443,0.0699305209085216,24
1,9,0.9993430139546,0.953225004278603,24
2,9,0.998783869723586,0.97896266454295,24
3,9,0.997293890928837,0.91180958900733,24
6,9,0.995199648570545,0.677446812165998,24
4,9,0.991767396057836,0.873688498086394,24
5,9,0.989302762152434,0.0468936211858004,24
1,10,0.999437334482397,0.91553094452455,24
2,10,0.998831361947372,0.966202825663032,24
3,10,0.997080772512364,0.814668875353041,24
6,10,0.996129041664971,0.473991383723372,24
4,10,0.992605582325657,0.855131009157441,24
5,10,0.987284880396468,0.0857489690640302,24
1,11,0.999240088176709,0.994779289246358,24
2,11,0.998696241156772,0.992450075487757,24
3,11,0.997325253383585,0.687105705175326,24
6,11,0.996643220208788,-0.0324131714819899,24
4,11,0.991460025249969,0.743803631303528,24
5,11,0.987022913740741,0.549969986041628,24
1,12,0.999278766579449,0.986577866697528,24
2,12,0.998916060077934,0.812906790247737,24
3,12,0.997523326295015,0.87773074641409,24
6,12,0.995548807114799,-0.227753361377818,24
4,12,0.991859271442696,0.869904979981604,24
5,12,0.985724146454243,0.656397041140904,24
1,13,0.999338520966057,0.981541898883974,24
2,13,0.998887694535161,0.814550229961397,24
3,13,0.997823450798883,0.865543823416095,24
6,13,0.995341349305148,0.920598456255355,24
4,13,0.991844497262962,0.906028082003381,24
5,13,0.987246578867929,0.411438459529132,24
1,14,0.999451615687913,0.968274862653564,24
2,14,0.998908638126447,0.935658340198889,24
3,14,0.997548287171721,0.810730373025867,24
6,14,0.995565660199522,0.808364220997821,24
4,14,0.992445043228728,0.697155930724458,24
5,14,0.986707811040747,0.729621625425284,24
1,15,0.999298381770804,0.962842050891578,24
2,15,0.998843759835643,0.951308054348696,24
3,15,0.99769566622634,0.665611898469455,24
6,15,0.993079792243075,0.437758645258442,24
4,15,0.99207661586344,0.81207065495265,24
5,15,0.987238714209791,0.921522249115636,24
1,1,0.997414242667869,0.949937300286145,25
2,1,0.997567790156788,0.569183664488539,25
4,1,0.992513273114567,0.295859548914863,25
3,1,0.992407744432083,0.962907464849742,25
6,1,0.98615477226958,-0.639587108269711,25
5,1,0.981248396101823,0.0193967390766252,25
1,2,0.997385358386085,0.987564725882297,25
2,2,0.996041067354763,0.955803506550422,25
4,2,0.992674656545358,0.895199772818817,25
3,2,0.983753111561755,0.78719315879409,25
6,2,0.98082794613392,0.87652609411543,25
5,2,0.977802376481504,0.293022802268316,25
1,3,0.99796937739948,0.906647262948338,25
2,3,0.996164263420345,0.94204570006823,25
4,3,0.992993639314102,0.963224109824783,25
3,3,0.982905371298066,0.959882359582329,25
6,3,0.988100478066896,0.596228730594969,25
5,3,0.976235016551037,0.798890785254581,25
1,4,0.997027864804296,0.990493030754254,25
2,4,0.99602035632153,0.956214495599932,25
4,4,0.993013683351116,0.938681805915699,25
3,4,0.985857061271384,0.766259678725142,25
6,4,0.980873345069513,0.822745728309764,25
5,4,0.975468698253227,0.700912403346706,25
1,5,0.997550708808122,0.961608537284072,25
2,5,0.996257652389644,0.950236039570331,25
4,5,0.993116222367779,0.897236469576167,25
3,5,0.984551639250043,0.676946809884204,25
6,5,0.980479884997073,0.436017528757586,25
5,5,0.976535385579774,0.619988313253648,25
1,6,0.997458104772679,0.809817093305943,25
2,6,0.996478337830089,0.436501186859015,25
4,6,0.993491423937975,0.758984411424736,25
3,6,0.983192977661195,0.857609186265953,25
6,6,0.984649615272689,0.0536904876895732,25
5,6,0.977280423106125,0.658803948635173,25
1,7,0.997402696164113,0.992492061533732,25
2,7,0.996159940209321,0.94406670630782,25
4,7,0.993546111361995,0.86198771952918,25
3,7,0.983056893019905,0.947378344414994,25
6,7,0.980595575239504,0.76756651291298,25
5,7,0.97428017534215,0.79750495651231,25
1,8,0.997275716836654,0.995486719383274,25
2,8,0.995999161795504,0.964207438615707,25
4,8,0.993604851017642,0.887256842039833,25
3,8,0.985605249073466,0.689968663736508,25
6,8,0.980207918512752,0.0755788225582183,25
5,8,0.975732389119325,0.218429593937158,25
1,9,0.997887129117316,0.932221743977943,25
2,9,0.996390387105454,0.967534495049767,25
4,9,0.993765541419907,0.877470933434691,25
3,9,0.984044112744019,0.839008103859199,25
6,9,0.982967030077347,0.442070132036702,25
5,9,0.976244472696608,0.855277857664031,25
1,10,0.997618494542953,0.960744533590085,25
2,10,0.996542454015548,0.945293048432683,25
4,10,0.992953774483562,0.973393885286685,25
3,10,0.983850687536611,0.857297692078488,25
6,10,0.980600122198404,0.621558307700538,25
5,10,0.976216739376377,0.813740829061729,25
1,11,0.997333656826286,0.834481643944143,25
2,11,0.996207206829553,0.984325401262411,25
4,11,0.99311129804811,0.652282905384625,25
3,11,0.981529723381096,0.911898577234037,25
6,11,0.981632906213113,0.270921236895492,25
5,11,0.978889676002258,0.672346598616864,25
1,12,0.99751519191019,0.980021175898995,25
2,12,0.996222622402729,0.932023878950859,25
4,12,0.992952077164654,0.957058709971849,25
3,12,0.984060413522395,0.943736647300689,25
6,12,0.98336316304539,-0.41685914890425,25
5,12,0.980313799597174,0.0936282641345693,25
1,13,0.997391923889237,0.895448284414192,25
2,13,0.996085996276491,0.932555947380368,25
4,13,0.993204418573001,0.932718097662698,25
3,13,0.983544736841828,0.813720518175931,25
6,13,0.981500183379505,0.476067733227726,25
5,13,0.974633005364798,0.794884489736069,25
1,14,0.997623119347516,0.945883096436484,25
2,14,0.995909436389247,0.964116101551027,25
4,14,0.992826447177106,0.776835258824182,25
3,14,0.984224784694477,0.654518195256234,25
6,14,0.977937421521445,0.27988033821882,25
5,14,0.975214288669587,0.611842263227779,25
1,15,0.99734611874714,0.981694934207183,25
2,15,0.996167117990668,0.834030549492493,25
4,15,0.993420844093843,-0.0979579473458824,25
3,15,0.984675370970464,0.817320805093993,25
6,15,0.98238411598135,0.37009359031952,25
5,15,0.97679779891318,0.356883200961297,25
1,1,0.997705675532406,0.932685465138158,26
2,1,0.995167136616935,0.965656155457536,26
3,1,0.987128045271124,0.78225738315228,26
4,1,0.978539673407447,0.793656247687886,26
6,1,0.980729011005853,0.430023834683422,26
5,1,0.963500418280003,0.264786862911091,26
1,2,0.997173823354794,0.970383025450873,26
2,2,0.995499268961094,0.966547685602048,26
3,2,0.988685527372887,0.659966586769256,26
4,2,0.980073759320702,0.764025292800555,26
6,2,0.983832871840444,0.622838180965142,26
5,2,0.965177099237883,0.651469847623386,26
1,3,0.998374060352404,0.958229334561386,26
2,3,0.995006991869478,0.962654557988215,26
3,3,0.987946462914889,0.896483239969539,26
4,3,0.980068087995982,0.690710674504462,26
6,3,0.982719370158906,0.720992573907453,26
5,3,0.962042773236176,0.809897567361555,26
1,4,0.997325647624179,0.992409405396533,26
2,4,0.995604885986918,0.821496543832722,26
3,4,0.988134390602878,0.749634323151872,26
4,4,0.977146709401702,0.849701645306787,26
6,4,0.983005765695085,-0.101811536017835,26
5,4,0.962633533625248,0.49533187907407,26
1,5,0.997088213166027,0.978590977413181,26
2,5,0.996554902697869,0.457911184301534,26
3,5,0.988812133358097,0.506090467124394,26
4,5,0.988619158778191,0.867193636240625,26
6,5,0.983894408244858,0.322215686967089,26
5,5,0.976468820832781,0.32166089942177,26
1,6,0.997271480865688,0.961113788783105,26
2,6,0.995299518671399,0.96297241640679,26
3,6,0.98672355405389,0.896266398961434,26
4,6,0.976620168274514,0.876501645804707,26
6,6,0.982285482940683,-0.0960407203299232,26
5,6,0.961281395429678,0.515227312088643,26
1,7,0.997282026543238,0.975422179500032,26
2,7,0.994471659566605,0.981379808405832,26
3,7,0.98763773857502,0.488070334342928,26
4,7,0.981047601342131,0.337453442314404,26
6,7,0.982059955532482,0.369878508195265,26
5,7,0.960188460552727,0.685499546601418,26
1,8,0.997695755549449,0.897818850875856,26
2,8,0.994973449522442,0.86915625339047,26
3,8,0.986177040805738,0.941888990340809,26
4,8,0.975570177372062,0.912098015875998,26
6,8,0.982456191256369,0.446403044575623,26
5,8,0.963763848987437,0.622317526087423,26
1,9,0.997158026353174,0.994861874072878,26
2,9,0.995320638548446,0.946590498418642,26
3,9,0.987173393332293,0.0731825927746426,26
4,9,0.980158571557829,0.673968169966943,26
6,9,0.981781259545482,0.804460266558186,26
5,9,0.962748913323611,0.807214286932983,26
1,10,0.997499400884394,0.984375568147269,26
2,10,0.995329445503422,0.838106068627995,26
3,10,0.986430566900281,0.60074731290997,26
4,10,0.977867290575387,0.750921713347005,26
6,10,0.977658924392471,0.71921121220649,26
5,10,0.966392184820773,0.641271414718722,26
1,11,0.997240808347615,0.981065119473308,26
2,11,0.994999167052773,0.986914862178055,26
3,11,0.986898950252365,0.88759153114909,26
4,11,0.978461538740577,-0.635643792952687,26
6,11,0.982516657629906,0.015818892204319,26
5,11,0.960958571915019,0.605307508167515,26
1,12,0.997322448012943,0.988380238293331,26
2,12,0.994889080087367,0.984567083551432,26
3,12,0.987838313935228,0.838101101916791,26
4,12,0.979794404638213,0.796788609519965,26
6,12,0.982518239043598,0.717877120550812,26
5,12,0.961642680645387,0.801213559686209,26
1,13,0.997220125778683,0.974111156677177,26
2,13,0.995500761260871,0.915236914409967,26
3,13,0.990995579243143,0.536259729211111,26
4,13,0.976003535992682,0.915643529942752,26
6,13,0.981887732245226,0.248886397997803,26
5,13,0.962248044348936,0.629409143646105,26
1,14,0.997349906027459,0.949422721369721,26
2,14,0.995133357705786,0.967862218453246,26
3,14,0.986965619371357,0.927749797840594,26
4,14,0.97960058987026,0.695352111804177,26
6,14,0.98245534621034,0.643571181332928,26
5,14,0.962994584552587,0.371165788073628,26
1,15,0.997372245022364,0.983639623546216,26
2,15,0.996108559704903,0.743551760160335,26
3,15,0.987117857251178,0.945370172286777,26
4,15,0.977415574642651,0.794572773305661,26
6,15,0.985774323465507,0.507129085595994,26
5,15,0.963090533811973,0.322034971578559,26
1,1,0.999131726538738,0.926291026645319,27
2,1,0.999049684592201,0.956419439061787,27
4,1,0.997080811048331,0.413988094157945,27
3,1,0.993977822668285,0.767993767034035,27
6,1,0.992782116340489,-0.0646150512656498,27
5,1,0.989241355151679,0.578046177801878,27
1,2,0.999046057542411,0.993578887244623,27
2,2,0.999074635246994,0.41295738279904,27
4,2,0.997612834626267,0.551230676083764,27
3,2,0.994652265311226,0.715892464963664,27
6,2,0.993849649289003,0.293592653953615,27
5,2,0.987143813836255,0.568117849139183,27
1,3,0.999465625118452,0.889103783311765,27
2,3,0.999076541233428,0.851774165264437,27
4,3,0.997284772085242,0.949761079136968,27
3,3,0.994969934267404,0.852994793224865,27
6,3,0.992704956752539,0.545906390768195,27
5,3,0.986171275780628,0.70664400812621,27
1,4,0.999124335239422,0.950644503067307,27
2,4,0.998712011005157,0.98574321738888,27
4,4,0.997057079709037,0.768362041300464,27
3,4,0.993799408778256,0.878019573028878,27
6,4,0.992450106120663,0.405022906307283,27
5,4,0.985372272786373,0.797685750796266,27
1,5,0.999203792375058,0.934188718299134,27
2,5,0.998860699578387,0.950542449498919,27
4,5,0.9964593654529,0.96525859572177,27
3,5,0.993846620862077,0.769522486792128,27
6,5,0.992658483780339,0.928064445462945,27
5,5,0.986857968068319,0.0184283332585197,27
1,6,0.99915283040403,0.968979185497131,27
2,6,0.999089741521671,0.746688493042909,27
4,6,0.997442479608365,0.945111188565085,27
3,6,0.994857574739684,0.759513021176868,27
6,6,0.991934704323982,0.772231500455731,27
5,6,0.989171591497678,0.896812585745242,27
1,7,0.9991266357555,0.960934304039341,27
2,7,0.999035104361754,0.903913914576951,27
4,7,0.997465853851656,0.379537817606662,27
3,7,0.996094222669458,0.729023951622215,27
6,7,0.992952647038755,0.345631895890193,27
5,7,0.992929503221711,0.319331894931764,27
1,8,0.999159781500997,0.992746493815047,27
2,8,0.99901683185361,0.649198049377868,27
4,8,0.997608324145702,0.859622886742492,27
3,8,0.994805294638124,0.687531323665638,27
6,8,0.993350406327029,0.409286088655057,27
5,8,0.988110807447231,0.431230840533949,27
1,9,0.999215580333514,0.925873972767024,27
2,9,0.999010189952477,0.977327371847229,27
4,9,0.997119165515506,0.63020032943459,27
3,9,0.993507144441379,0.944491672016923,27
6,9,0.992434596388568,0.668316440219097,27
5,9,0.985732147317724,0.733969664315277,27
1,10,0.999137894549526,0.992720264479,27
2,10,0.998833134910048,0.980083100841437,27
4,10,0.996868707445457,0.862041312215171,27
3,10,0.99361527575236,0.677093519607828,27
6,10,0.992774594295067,-0.0714570616206718,27
5,10,0.986317276496652,0.939473456163719,27
1,11,0.999298377262792,0.865026732661573,27
2,11,0.998889734555048,0.974019005202524,27
4,11,0.996950031918948,0.946073055982102,27
3,11,0.994318276373692,0.81982155636117,27
6,11,0.992925538974118,0.394258729903534,27
5,11,0.985390046658693,0.337600640067268,27
1,12,0.99915067916141,0.933922163810077,27
2,12,0.999019570570282,0.926764348165096,27
4,12,0.997618256880498,0.38622079170191,27
3,12,0.99381999273372,0.922044421060476,27
6,12,0.9929125376525,0.470374143569467,27
5,12,0.986336957012589,0.695562670564653,27
1,13,0.99919619136957,0.961187951643749,27
2,13,0.998793505798889,0.995236861116802,27
4,13,0.997035493148205,0.958758987686497,27
3,13,0.994001544693621,0.872228741724057,27
6,13,0.992398794743927,0.753122042566522,27
5,13,0.987390554039062,-0.165405825388374,27
1,14,0.999168970739524,0.990798076700056,27
2,14,0.998911269049485,0.989500184528632,27
4,14,0.997195343397686,0.953027681145123,27
3,14,0.994307434413655,0.864072485362798,27
6,14,0.993068373604329,0.893609418768514,27
5,14,0.985543328551629,0.794372058909404,27
1,15,0.999158082755252,0.968480100991501,27
2,15,0.998982581789433,0.895965976866563,27
4,15,0.99718259752998,0.586757771374583,27
3,15,0.995041233804612,-0.00215804265708926,27
6,15,0.992932993019562,-0.422919333007928,27
5,15,0.98672236722915,-0.571453094727139,27
1,1,0.999787973702118,0.97258134982956,28
2,1,0.999629289999411,0.936970918294346,28
3,1,0.99919511047466,0.920411355992706,28
4,1,0.998116127889663,0.700118142826223,28
5,1,0.997937271926729,0.199678477299365,28
6,1,0.996078661818763,-0.500568782551003,28
1,2,0.999788306161155,0.917727992725765,28
2,2,0.999598157348412,0.971903060158609,28
3,2,0.999150653851217,0.925398784114958,28
4,2,0.998545875207727,0.611894072966594,28
5,2,0.997917234943213,0.864358797665837,28
6,2,0.998200242784049,0.332364457545547,28
1,3,0.999797041250663,0.912004030421912,28
2,3,0.999655671715868,0.873145454897279,28
3,3,0.999252313563648,0.514095910747966,28
4,3,0.998428163221348,-0.034202643605377,28
5,3,0.998253441071785,0.780613676396982,28
6,3,0.995611810979829,0.551845976999201,28
1,4,0.999802380626058,0.983798144000586,28
2,4,0.999658642971615,0.870345792318419,28
3,4,0.999257782072639,0.838533221514302,28
4,4,0.998232358679638,0.567823018560349,28
5,4,0.99771300991827,0.858257956384086,28
6,4,0.99526473174144,0.428548198253593,28
1,5,0.999786676097399,0.942396314956053,28
2,5,0.999676289424642,0.721326080849186,28
3,5,0.999171358726818,0.932239476267837,28
4,5,0.99898278099323,0.749886058961677,28
5,5,0.998579390698438,0.361925700671976,28
6,5,0.998175068275849,0.171209068286862,28
1,6,0.999912702274185,0.991751882243501,28
2,6,0.999699092984302,0.904312161209435,28
3,6,0.999399645772684,0.946162722365733,28
4,6,0.998841183133858,0.639336361204467,28
5,6,0.998102439667074,0.918745108037734,28
6,6,0.995720174413905,0.635455440044269,28
1,7,0.999793330056905,0.925686481872222,28
2,7,0.999578822754409,0.946354349134243,28
3,7,0.999188397544107,0.862339708551428,28
4,7,0.998265373180987,0.92821496830788,28
5,7,0.998113102322233,0.463287111684816,28
6,7,0.995535939139705,-0.108674541829086,28
1,8,0.999777485479569,0.97951353167422,28
2,8,0.999579338996046,0.94853693726373,28
3,8,0.999198181202201,0.834327662602693,28
4,8,0.998262052759565,0.942399312605186,28
5,8,0.997952981035241,0.376670826995367,28
6,8,0.995239681204777,-0.11740246782615,28
1,9,0.999791633440622,0.988186194417463,28
2,9,0.999565262975237,0.985397870207578,28
3,9,0.999269611241913,0.816810763764884,28
4,9,0.998469303269342,0.861574751164674,28
5,9,0.998215128320013,0.65071854046084,28
6,9,0.995323592136697,0.896075638544349,28
1,10,0.999793910805664,0.98708997249812,28
2,10,0.999567309909617,0.982918032966342,28
3,10,0.999171188303869,0.943720520156457,28
4,10,0.998204435930272,0.753655538507366,28
5,10,0.998188302913665,0.696453164686536,28
6,10,0.994551990137169,0.687112426068322,28
1,11,0.999863005754117,0.960041674297897,28
2,11,0.999618515004038,0.987868486222486,28
3,11,0.999209283515799,0.951475058268628,28
4,11,0.998492223406928,0.813342189715363,28
5,11,0.997866651235177,0.885970058178234,28
6,11,0.995474609679494,0.880226794196087,28
1,12,0.999786542917174,0.984121543065855,28
2,12,0.999582348496665,0.957313848207391,28
3,12,0.999140083877802,0.98391349284811,28
4,12,0.998122093136587,0.747257371989535,28
5,12,0.998222589254289,0.165107669340381,28
6,12,0.995124949949832,0.455760361100809,28
1,13,0.999763647760224,0.987788696853957,28
2,13,0.999582829953785,0.92159923650058,28
3,13,0.999115922979565,0.535657351606683,28
4,13,0.998180250602209,0.847626193575399,28
5,13,0.997974836273801,0.679542799591842,28
6,13,0.995528849921507,0.738346495772195,28
1,14,0.999762134764434,0.988734872765229,28
2,14,0.999610098443593,0.640976255978016,28
3,14,0.999123277071382,0.797720623124318,28
4,14,0.998127692848438,0.521059424031917,28
5,14,0.99753225973688,0.88030856559467,28
6,14,0.99543202961409,0.219873105233975,28
1,15,0.999790729390338,0.95144242050894,28
2,15,0.999549156898012,0.985621549917509,28
3,15,0.99915666679981,0.638498151742615,28
4,15,0.998277622665514,0.476197595619868,28
5,15,0.998162822045413,0.325541930618296,28
6,15,0.995025722713315,0.492942422319665,28
2,1,0.999997619557988,0.893753985617427,29
1,1,0.999996608542337,0.911669075613353,29
3,1,0.999992186481603,0.885525295995419,29
4,1,0.99998629327833,0.438796812417343,29
6,1,0.999982349719452,0.130947694389571,29
5,1,0.999954996472155,0.974070311043347,29
2,2,0.999998720821365,0.846017809462932,29
1,2,0.999996765725071,0.974349192880203,29
3,2,0.999993776357751,0.806842768294425,29
4,2,0.999986025841086,0.846130357306298,29
6,2,0.999983359848645,0.694125697001796,29
5,2,0.999963906462155,-0.289256221888178,29
2,3,0.999996826429119,0.977575464439181,29
1,3,0.999997021640785,0.967338405936388,29
3,3,0.999991178824138,0.952109979765612,29
4,3,0.999985013761412,0.895300444891901,29
6,3,0.999984855024819,0.424048329117965,29
5,3,0.999959112521487,0.700012279335748,29
2,4,0.999996915551808,0.976141565450278,29
1,4,0.999995715548137,0.993151095115818,29
3,4,0.999991772083939,0.678755413736982,29
4,4,0.999986132003212,0.910489695181524,29
6,4,0.999985124879503,0.653455276763011,29
5,4,0.999956388203991,0.902064690570892,29
2,5,0.999997171020894,0.974270359752243,29
1,5,0.999996598146086,0.972727663592615,29
3,5,0.999993332715217,0.898779588018293,29
4,5,0.999986431140119,0.860417617625595,29
6,5,0.999984259847267,0.572266349283408,29
5,5,0.999960069821946,0.333729327785505,29
2,6,0.99999719869035,0.982939264932517,29
1,6,0.99999674139586,0.89500136618227,29
3,6,0.999993337135405,0.569455876411745,29
4,6,0.999991709288227,0.816309290486296,29
6,6,0.999989313695401,0.490334404680229,29
5,6,0.99998821551761,0.693425470579207,29
2,7,0.999997177156869,0.851665645096451,29
1,7,0.99999635073776,0.935006061593388,29
3,7,0.999991156828023,0.781835345429688,29
4,7,0.999985199952781,0.53780754451986,29
6,7,0.999983761328983,0.618662763897091,29
5,7,0.999956148379123,0.491456304904749,29
2,8,0.999996971895906,0.95764840404269,29
1,8,0.999995946930321,0.970094217263584,29
3,8,0.999989932231267,0.968791778453705,29
4,8,0.999987414689624,0.681826867453258,29
6,8,0.999976472023085,0.771724455819703,29
5,8,0.999957415790379,0.537371214874854,29
2,9,0.999997134628185,0.950409193094697,29
1,9,0.999996074787622,0.96162699638951,29
3,9,0.999991338111725,0.924292553464943,29
4,9,0.999988088772462,0.675412909449541,29
6,9,0.999983743461214,0.87282892960783,29
5,9,0.999956914582384,0.13722742652741,29
2,10,0.999996994979593,0.9695319759469,29
1,10,0.999996360935109,0.931017460841803,29
3,10,0.999991402400288,0.733682295075008,29
4,10,0.999985702453724,0.77019230903641,29
6,10,0.999984155509924,0.470038477240522,29
5,10,0.999957396031557,0.637388234413672,29
2,11,0.999996684165575,0.992313527725519,29
1,11,0.999996592785986,0.920479819405486,29
3,11,0.999991969342684,0.323675550682431,29
4,11,0.999983496849103,0.840435173354361,29
6,11,0.999984119220636,0.0578190997264625,29
5,11,0.999958228038212,0.931024803063553,29
2,12,0.999997084401099,0.942421409785389,29
1,12,0.999995469270629,0.964424403720893,29
3,12,0.999992847746283,0.203229018700753,29
4,12,0.999989604720638,-0.0321804570069908,29
6,12,0.999984546757113,0.429804692831959,29
5,12,0.999962471797884,0.655794518769753,29
2,13,0.999997024846429,0.98653297303197,29
1,13,0.999995857273597,0.97591930748777,29
3,13,0.999991079041184,0.790291820691542,29
4,13,0.999987286568232,0.379776564693838,29
6,13,0.999983735859959,0.175602212411303,29
5,13,0.999956833819994,0.471604446304532,29
2,14,0.999996481593257,0.829846550336601,29
1,14,0.999996025659906,0.983114290007267,29
3,14,0.999992514657223,0.680946369148256,29
4,14,0.999984823960562,0.874885805025405,29
6,14,0.999983622965031,0.366423211221529,29
5,14,0.999953673645494,0.818555196223896,29
2,15,0.999997757073691,0.941383017724596,29
1,15,0.999996040332861,0.906588733829632,29
3,15,0.999993538202997,0.608645313468019,29
4,15,0.999986851158532,0.595814570708705,29
6,15,0.999988596508836,0.365549870023613,29
5,15,0.999956814130814,-0.106708103420549,29
1,1,0.993428679145389,0.971558206934735,30
2,1,0.990359890164368,0.997223529380517,30
3,1,0.979681010803355,-0.0560015099556454,30
4,1,0.951513786736383,0.923913182965856,30
6,1,0.965901430175509,0.688806670253335,30
5,1,0.945689962279856,0.827046564994248,30
1,2,0.995200329965621,0.914570722989075,30
2,2,0.991682780276547,0.922455452302243,30
3,2,0.979519765315486,0.646624850865869,30
4,2,0.978498979792506,0.731293858103911,30
6,2,0.970729854357893,0.411427182012441,30
5,2,0.955900897322446,0.652727291725653,30
1,3,0.993076002996563,0.980121849730961,30
2,3,0.992839662454911,0.743607155862594,30
3,3,0.982044312566657,0.729314345056459,30
4,3,0.954821810129979,0.540934481339029,30
6,3,0.967375482069485,0.503233999498034,30
5,3,0.947694423129373,0.202145894691081,30
1,4,0.993236548128202,0.994596209215681,30
2,4,0.992915778650221,0.911429389997441,30
3,4,0.977956671905806,0.968148783340083,30
4,4,0.952037162802747,0.986875612411718,30
6,4,0.966158077690444,0.773888318213157,30
5,4,0.949787819396439,0.722772443311468,30
1,5,0.992985688559669,0.994021573842989,30
2,5,0.990685121259436,0.971895040042646,30
3,5,0.978557250805936,0.941229795503037,30
4,5,0.953366683439593,0.80576395190743,30
6,5,0.965013496994293,0.673855527222199,30
5,5,0.942728975985908,0.699535304170506,30
1,6,0.993328827696569,0.970473433717909,30
2,6,0.991369946860915,0.960696527845776,30
3,6,0.979623266721906,0.840191768337302,30
4,6,0.955124437120666,0.650873663032502,30
6,6,0.96620120033045,0.487692308602309,30
5,6,0.951305802936559,-0.255133313318489,30
1,7,0.995115029976906,0.88642209501188,30
2,7,0.992318841970996,0.837021330289148,30
3,7,0.981431900412617,0.564866534264154,30
4,7,0.949462135240062,0.91786111469836,30
6,7,0.966218832818784,0.607800535765436,30
5,7,0.945634408855615,0.824404130721412,30
1,8,0.993449667430379,0.977330940842803,30
2,8,0.991770476005734,0.885172121549732,30
3,8,0.978834742763814,0.954197792704066,30
4,8,0.952827267784994,0.857472784489606,30
6,8,0.96463478647689,0.636434976298811,30
5,8,0.946796096314439,0.943724407295768,30
1,9,0.994250470077317,0.83170948750404,30
2,9,0.990872618968854,0.962246071032714,30
3,9,0.980419137065617,0.941755649819363,30
4,9,0.947662094963239,0.728916074956618,30
6,9,0.96755852056649,0.443859834511523,30
5,9,0.949771296145521,0.465818920481746,30
1,10,0.992868879852467,0.98803220136196,30
2,10,0.992021590721195,0.950526999166071,30
3,10,0.980481343989983,0.640162397112166,30
4,10,0.95840681877318,0.674990640066257,30
6,10,0.97256993685082,-0.0839659491056636,30
5,10,0.946447062911569,0.902729127685796,30
1,11,0.993826465502383,0.992714503612633,30
2,11,0.990744398448877,0.976566262961491,30
3,11,0.974101359354276,0.987269015897539,30
4,11,0.951937698461756,0.924231201498593,30
6,11,0.966889753007188,0.937748119486561,30
5,11,0.945510152299819,0.858587757372476,30
1,12,0.993134369080186,0.974581794811162,30
2,12,0.991948961735854,-0.0558944778024223,30
3,12,0.969322356577303,0.932740561723199,30
4,12,0.960400582229405,0.610145908831137,30
6,12,0.973900762475513,0.533460283808882,30
5,12,0.950140880560326,0.549296834021961,30
1,13,0.993116496095486,0.989504104230377,30
2,13,0.991957812303899,0.827437558107573,30
3,13,0.978320500766123,0.806948276081783,30
4,13,0.953174168747904,0.732725017854245,30
6,13,0.966609740075607,0.721369189236657,30
5,13,0.953103614178984,-0.0969640431350417,30
1,14,0.993692967307592,0.97278280820176,30
2,14,0.992376502927447,0.563360943803604,30
3,14,0.982439681776972,0.795745187306277,30
4,14,0.952693020930069,0.688076441987729,30
6,14,0.9577795366201,0.880092581822224,30
5,14,0.940253443547107,0.911590928534164,30
1,15,0.993506773855486,0.96278076287743,30
2,15,0.990810120521784,0.934258424993238,30
3,15,0.978082969319611,0.513353001390207,30
4,15,0.956480358801603,0.369104242832322,30
6,15,0.957651243933065,0.494765876607092,30
5,15,0.945440225262885,0.807233952468502,30
1,1,0.994594456999795,0.949804593780895,31
2,1,0.989212763788045,0.984824367075454,31
4,1,0.973541759531607,0.970637578882626,31
3,1,0.964906639279128,0.920777269072463,31
6,1,0.966320252650047,-0.00284375616570337,31
5,1,0.936206934572537,0.51728594832115,31
1,2,0.995792487305129,0.857808017369027,31
2,2,0.989593539341131,0.909900733869977,31
4,2,0.97384802755756,0.794217756051947,31
3,2,0.968302072742326,0.500353123940313,31
6,2,0.966177683894185,0.841377953401432,31
5,2,0.934142884024086,0.954868033847976,31
1,3,0.993470094245893,0.989699640426306,31
2,3,0.988872069184996,0.969838514762686,31
4,3,0.974210665530035,0.705233238863532,31
3,3,0.975610993514162,0.693548004860821,31
6,3,0.966047528622774,0.681379515941909,31
5,3,0.955061741278281,0.150009791705977,31
1,4,0.99376778823494,0.983079202409298,31
2,4,0.990827674078503,0.927957479193282,31
4,4,0.979139820280589,0.891869914372523,31
3,4,0.967988142145247,0.287398719917948,31
6,4,0.96868388519977,0.369779919438086,31
5,4,0.936606980663248,0.651133403242154,31
1,5,0.993901220642978,0.946009012740253,31
2,5,0.991661236712482,0.492429631807839,31
4,5,0.978799798597257,0.346893180886945,31
3,5,0.965412866652241,0.902467613793462,31
6,5,0.972518022414054,0.170609150726096,31
5,5,0.935494865373209,0.63672204986583,31
1,6,0.993496598279618,0.976628811363126,31
2,6,0.988868194190525,0.942130667051068,31
4,6,0.975368446525209,0.839450951054702,31
3,6,0.964294960013194,0.633319312255706,31
6,6,0.96686979181192,-0.136584406214496,31
5,6,0.938348361717738,0.296929635196067,31
1,7,0.994315895887869,0.97143871256315,31
2,7,0.989998239865291,0.846318904461979,31
4,7,0.97485827190371,0.922533665659584,31
3,7,0.962612031287956,0.902885607749329,31
6,7,0.951054890164063,0.35035744514942,31
5,7,0.950740821686305,0.916233250669799,31
1,8,0.994260503391381,0.98659598637043,31
2,8,0.990178266413868,0.775179619893038,31
4,8,0.974876270392717,0.838014231814144,31
3,8,0.965218530457375,0.655297105689552,31
6,8,0.966504178334809,0.924737078523416,31
5,8,0.937964436072275,0.149251665968381,31
1,9,0.993727371760709,0.971599559501589,31
2,9,0.988216107850595,0.991240154822276,31
4,9,0.974298049600254,0.720222349332809,31
3,9,0.96528630526581,0.874617870313425,31
6,9,0.967702665573465,0.522702594546756,31
5,9,0.934420907157268,0.77516332180223,31
1,10,0.993987878959749,0.932243816513878,31
2,10,0.991951928089682,0.810997470204931,31
4,10,0.973812366455577,0.818102911989937,31
3,10,0.965787704880846,0.877249978771298,31
6,10,0.962404924371665,0.344436902516056,31
5,10,0.936956737835289,-0.140412238235958,31
1,11,0.993570689765058,0.989112685475253,31
2,11,0.990070179802923,0.853972367897325,31
4,11,0.977703448356116,-0.337614709364635,31
3,11,0.963441137705219,0.933090271720365,31
6,11,0.966493347141183,0.536724594847479,31
5,11,0.937147275956199,0.815141520674001,31
1,12,0.993965490662738,0.98117075364145,31
2,12,0.989063308474599,0.990397762649432,31
4,12,0.975086192686713,0.9778301981946,31
3,12,0.96185685799923,0.825851066419816,31
6,12,0.969512623669425,0.933745360148377,31
5,12,0.933420661511028,0.855238219193809,31
1,13,0.993902517177507,0.973490550213837,31
2,13,0.98963129996152,0.932869354818856,31
4,13,0.972332111529779,0.84921248031295,31
3,13,0.966849699778226,0.791227297533881,31
6,13,0.96667462097273,0.808705496573099,31
5,13,0.935205930052875,0.470788410283758,31
1,14,0.993832944669337,0.994436748892545,31
2,14,0.989143612031414,0.839806298307811,31
4,14,0.973259748528942,0.980373089198461,31
3,14,0.969962432486824,0.527380735903837,31
6,14,0.972236750265485,0.672978128807295,31
5,14,0.937177807516956,0.421741733416671,31
1,15,0.994064983129752,0.965426238441441,31
2,15,0.989315703439972,0.964359131508624,31
4,15,0.974601378587224,0.501867844248675,31
3,15,0.963813861520016,0.870128060835847,31
6,15,0.968078898382511,0.700192765799943,31
5,15,0.93784859502156,0.857215433539127,31
1,1,0.998358153366758,0.896577717650783,32
2,1,0.997152070256367,0.881890346346736,32
4,1,0.992545555252995,0.380605233543067,32
3,1,0.982224551678249,0.953137387128599,32
6,1,0.982835184979,0.173071147465188,32
5,1,0.967199718533822,0.584214988210194,32
1,2,0.996161567316887,0.992039111569499,32
2,2,0.997125514059365,0.899569278511687,32
4,2,0.989653359098393,0.775169900128744,32
3,2,0.983581007079715,0.492267950386896,32
6,2,0.981225505623683,0.0191447530333403,32
5,2,0.966458723620536,0.256788634903615,32
1,3,0.996582155197037,0.977748070079093,32
2,3,0.996954805488137,0.846299707913449,32
4,3,0.989910115661706,0.761471018900355,32
3,3,0.982163910312822,0.788271158404264,32
6,3,0.97858839434062,0.1381648561719,32
5,3,0.969828842662484,0.614773174295517,32
1,4,0.996858692829219,0.959383363497326,32
2,4,0.996351031371951,0.940997303080913,32
4,4,0.990389862509595,0.818907239796775,32
3,4,0.982318380554116,0.519852884186149,32
6,4,0.982760699248463,0.682505211515823,32
5,4,0.964964486642976,0.272291567730211,32
1,5,0.997540470655684,0.906045214125842,32
2,5,0.997127453247336,0.866320148148586,32
4,5,0.989766040201955,0.366617932287202,32
3,5,0.988273376437103,0.983948484481719,32
6,5,0.982565080929266,0.147217654299796,32
5,5,0.975759434278794,-0.172669767215664,32
1,6,0.996316560339063,0.937823539451144,32
2,6,0.996261012776139,0.993804680295952,32
4,6,0.990018392282086,0.665696900220353,32
3,6,0.982180581286662,0.96006378853359,32
6,6,0.985720264755631,-0.0435688985206321,32
5,6,0.963355004381761,0.91436311261809,32
1,7,0.996442594114214,0.943306055440535,32
2,7,0.996858127808008,0.828612454576052,32
4,7,0.989653353397511,0.193947542991854,32
3,7,0.982616189511729,0.845173087527787,32
6,7,0.981938751920131,0.780989384416026,32
5,7,0.968016023600891,0.231386385660279,32
1,8,0.996009099542409,0.985976355231559,32
2,8,0.996394765089338,0.989118081690829,32
4,8,0.990609417355978,0.725183039457641,32
3,8,0.982179660666998,0.746213481742832,32
6,8,0.980810269680821,0.590023851630775,32
5,8,0.967009061855172,0.459728544009891,32
1,9,0.996874185603344,0.943095321566497,32
2,9,0.996884605525463,0.962798064151344,32
4,9,0.989402518179471,0.94881440625659,32
3,9,0.983175202570258,0.840977133285736,32
6,9,0.974732239950375,0.389496307768719,32
5,9,0.968013753781168,0.931066023406376,32
1,10,0.996379780069415,0.926562879140453,32
2,10,0.997052151819587,0.894068469649335,32
4,10,0.99009515900549,0.965571982369631,32
3,10,0.980770462544043,0.907955991021652,32
6,10,0.98086397786914,0.659934371873203,32
5,10,0.965905787535496,0.563014657652092,32
1,11,0.99630739219908,0.981555128192219,32
2,11,0.996813896534327,0.98850817127898,32
4,11,0.990042455892856,0.876769161534448,32
3,11,0.982229085724186,0.962995445752643,32
6,11,0.979155620176436,0.601944571319744,32
5,11,0.966518020638133,0.715118385976207,32
1,12,0.996523837647739,0.968802930732054,32
2,12,0.996704942967377,0.877566472968881,32
4,12,0.98993060025308,0.726748535183419,32
3,12,0.982168322354813,0.727531090022947,32
6,12,0.984046733549873,0.534212521237305,32
5,12,0.966181895020557,0.615435558356407,32
1,13,0.99657406483433,0.938460959889655,32
2,13,0.996681455072382,0.977766873482287,32
4,13,0.9898422194125,0.451345756472393,32
3,13,0.984850314253246,0.718880740605265,32
6,13,0.981991639952028,0.702582363322718,32
5,13,0.962127015018448,0.930608402315547,32
1,14,0.996847151895215,0.966982735505519,32
2,14,0.996318523894672,0.937066192573345,32
4,14,0.988356209022535,0.815872346502467,32
3,14,0.982931753200954,0.926047286426478,32
6,14,0.980887843433543,0.711400694305948,32
5,14,0.969662487819485,0.0960469398591886,32
1,15,0.996230839136603,0.969454367958237,32
2,15,0.99699542752541,0.969726846569513,32
4,15,0.989657436037621,0.0950268472729032,32
3,15,0.98243784457447,0.774352645846776,32
6,15,0.981647257107057,0.127867148416872,32
5,15,0.966624399862729,0.482479397348271,32
1,1,0.987661022441871,0.867381584344974,33
2,1,0.984919411614792,0.888769337011483,33
3,1,0.966856797944653,-0.017052467963623,33
4,1,0.921523760155971,0.856917682343756,33
6,1,0.922509992517418,0.234924929302216,33
5,1,0.899286775707537,-0.0847137128204149,33
1,2,0.988534171393644,0.897429018590024,33
2,2,0.984235590663135,0.938900694597235,33
3,2,0.968820488622527,0.953808951335191,33
4,2,0.915249492903815,0.739708617727277,33
6,2,0.911632056426936,0.374070430509128,33
5,2,0.897365164227544,0.943927745219635,33
1,3,0.988301374547747,0.962951008257564,33
2,3,0.983449903782822,0.955395164656687,33
3,3,0.962037132522041,0.986450393200969,33
4,3,0.921166221931841,0.797612912873868,33
6,3,0.909436186569164,0.430033840752236,33
5,3,0.895268044334482,0.804933734878121,33
1,4,0.988297726934866,0.92097972624738,33
2,4,0.982063883132795,0.995656632253134,33
3,4,0.9640163717113,0.75637335078667,33
4,4,0.932152913854531,0.624021542528619,33
6,4,0.905173254481608,0.736771681272701,33
5,4,0.886888481293977,0.429843816086849,33
1,5,0.986860788857572,0.995284981902718,33
2,5,0.983929387008157,0.925463764003725,33
3,5,0.962156786309091,0.728602649150825,33
4,5,0.918170120226253,0.948836265175401,33
6,5,0.912779706556458,0.424146137950918,33
5,5,0.898772847994863,0.867327405073848,33
1,6,0.989450472747398,0.722003679191365,33
2,6,0.982524281741931,0.958325449996112,33
3,6,0.962369365456906,0.835560575266384,33
4,6,0.921102097535682,0.761028204127134,33
6,6,0.908916434094202,-0.739901086115182,33
5,6,0.898073729576569,0.452110766398948,33
1,7,0.987570123396831,0.984589908455967,33
2,7,0.984311612036539,0.720502348455336,33
3,7,0.96441276592527,0.929081879489759,33
4,7,0.925629030272898,0.59508424054119,33
6,7,0.917518599514671,0.387201530284501,33
5,7,0.899901826398614,0.36546542035469,33
1,8,0.987782780351065,0.986265873417165,33
2,8,0.9862282288552,0.755247622445906,33
3,8,0.966395292754039,0.297894400064859,33
4,8,0.921650180434031,0.521099205796969,33
6,8,0.911137413002274,0.771371986295329,33
5,8,0.886391971009161,0.837294016543637,33
1,9,0.988147123577851,0.963800113629219,33
2,9,0.98567590444165,0.792584427998168,33
3,9,0.967897267507738,0.8970737664944,33
4,9,0.922199552788099,0.573286494286843,33
6,9,0.916270702648698,0.635154049289942,33
5,9,0.895089358959049,0.176658292148335,33
1,10,0.987714910113186,0.978769606716885,33
2,10,0.986522127467803,0.493416614544981,33
3,10,0.964227363861298,0.930125014399513,33
4,10,0.918404324427534,0.826438655069742,33
6,10,0.910530251526621,0.382102333701912,33
5,10,0.897823234420721,0.656755923983118,33
1,11,0.988589385280408,0.980661633796645,33
2,11,0.981098983474161,0.988872185967751,33
3,11,0.961735379359828,0.926490960119837,33
4,11,0.920015520116014,0.923244556879203,33
6,11,0.911714827044249,0.835618011068321,33
5,11,0.893115213581919,0.955781142463306,33
1,12,0.987360665624268,0.992232059707102,33
2,12,0.984015802880266,0.941450452777742,33
3,12,0.962525672779581,0.798481753803841,33
4,12,0.919946846013378,0.90585007031262,33
6,12,0.911884093359767,0.38224488034058,33
5,12,0.894803359035971,0.842285044563566,33
1,13,0.987711407847532,0.955326221156727,33
2,13,0.983016484348858,0.97176679928989,33
3,13,0.966289857257914,0.759579171233398,33
4,13,0.946890017426977,0.523229590321003,33
6,13,0.922240492594326,0.285533079123811,33
5,13,0.898627807485194,0.676603593378475,33
1,14,0.989306665192321,0.965341991332866,33
2,14,0.984381997117745,0.862530053762599,33
3,14,0.962961377088329,0.966693540770619,33
4,14,0.922219682353372,0.747329820069831,33
6,14,0.928154148585662,0.684126457853735,33
5,14,0.896119313094651,0.416682591657493,33
1,15,0.98787548421984,0.930056487709375,33
2,15,0.985578371822987,0.806449880975804,33
3,15,0.965708422012508,0.828032380382607,33
4,15,0.921010803063976,0.865308334295836,33
6,15,0.912736854132538,0.370199407473948,33
5,15,0.901802996870257,0.140500370303271,33
1,1,0.999165168752846,0.914674434440694,34
2,1,0.998932812027987,0.932992471714173,34
4,1,0.997325240024733,0.785888222480384,34
3,1,0.993739826287187,0.590095038218735,34
5,1,0.994159224426773,0.573939938084697,34
6,1,0.991044685353575,0.095885744488855,34
1,2,0.998964588657194,0.990023971485398,34
2,2,0.99891006105347,0.96456251918111,34
4,2,0.997381232940249,0.744387909318617,34
3,2,0.993912345722691,0.794466785559715,34
5,2,0.993907290519737,0.758986879517762,34
6,2,0.989650141630132,0.798026330272353,34
1,3,0.999175508090825,0.954949421292843,34
2,3,0.999064964788467,0.955030255725607,34
4,3,0.997007661989385,0.837608022070149,34
3,3,0.992963710139986,0.976579004578074,34
5,3,0.992588227052652,0.906594266861927,34
6,3,0.990688378548852,0.934211419008189,34
1,4,0.999440804005088,0.987179726605747,34
2,4,0.99903259909864,0.749925967928027,34
4,4,0.997226768914954,0.662095579713837,34
3,4,0.996662478759219,0.786620555133349,34
5,4,0.995251741656304,0.269874493558749,34
6,4,0.992738191035087,0.508748748801108,34
1,5,0.999101401310545,0.918648967397675,34
2,5,0.998972986030412,0.978249050442825,34
4,5,0.996948043523361,0.0881096919399597,34
3,5,0.994037275580196,0.897151452652347,34
5,5,0.993992655715463,0.846269598852632,34
6,5,0.989975693946794,0.961993452833596,34
1,6,0.999125827969096,0.881323795023338,34
2,6,0.998886453573362,0.876190484365711,34
4,6,0.996241926582715,0.837920119718439,34
3,6,0.994591194897084,0.804823012048049,34
5,6,0.994413520556469,-0.0671485609328303,34
6,6,0.990238300372447,0.156962075748175,34
1,7,0.999110736479133,0.960730464119217,34
2,7,0.998993121774924,0.909833140398064,34
4,7,0.996778510419823,0.91706107634822,34
3,7,0.994085191533104,0.833773628728821,34
5,7,0.994573505519766,-0.196206828210321,34
6,7,0.991669903793161,0.501776531172938,34
1,8,0.999179078463558,0.975329656478208,34
2,8,0.998872488778055,0.95914161133759,34
4,8,0.996439501918581,0.881887023452393,34
3,8,0.993678078457774,0.542875249144347,34
5,8,0.994405898357124,0.494246928036175,34
6,8,0.99144707371457,0.402289339242125,34
1,9,0.99907764319584,0.99771392300796,34
2,9,0.998764649804964,0.967975189585905,34
4,9,0.997166180248997,0.682087810068814,34
3,9,0.993850816261887,0.954914243102132,34
5,9,0.9940094158728,0.715794288586791,34
6,9,0.990182975111348,0.803394627566457,34
1,10,0.99929240561719,0.811813712199401,34
2,10,0.999008864440546,0.913676316775038,34
4,10,0.996952601327091,-0.157111973350356,34
3,10,0.993760942556371,0.951011147187902,34
5,10,0.994000276905526,0.570126187812011,34
6,10,0.991067419412011,0.657777286118354,34
1,11,0.999054903756743,0.995333559949041,34
2,11,0.999189546013506,0.872533357971441,34
4,11,0.99685102665435,0.925995791770472,34
3,11,0.994101936583593,0.885858465886805,34
5,11,0.994504761226043,0.269806370217296,34
6,11,0.991062346549191,0.203773205324925,34
1,12,0.999104104587253,0.956114198053791,34
2,12,0.998858002864424,0.916109537052961,34
4,12,0.99650013555673,0.794313399565858,34
3,12,0.994328644155511,0.689381393242607,34
5,12,0.99454767435269,0.354287952108292,34
6,12,0.989978969394144,-0.0762580710861073,34
1,13,0.999222406009472,0.851115918805512,34
2,13,0.999040816084734,0.910431023834722,34
4,13,0.996453162727237,0.988531378586431,34
3,13,0.993958075246557,0.697941764602897,34
5,13,0.994160690675855,0.853428169847377,34
6,13,0.990135922904235,0.565837229580697,34
1,14,0.999063229174472,0.995788657674711,34
2,14,0.998858369098232,0.970950747346508,34
4,14,0.997109590639877,0.71626472957144,34
3,14,0.994195195469145,0.858335462791309,34
5,14,0.993922959240771,0.632867531728788,34
6,14,0.99034385521402,0.400322773719456,34
1,15,0.999182513729729,0.981559414897607,34
2,15,0.9989117473148,0.854196197644843,34
4,15,0.997013311956879,0.948142418881735,34
3,15,0.994033753551714,0.715283021378498,34
5,15,0.992838277295984,0.567844157903976,34
6,15,0.991705058583768,0.144246718548856,34
1,1,0.999292733413162,0.987480169872683,35
2,1,0.999205174607212,0.557284936116396,35
3,1,0.99761842163535,0.873032674910301,35
4,1,0.993399478528944,0.484759628724273,35
5,1,0.994581471664395,0.608166058099456,35
6,1,0.989186812377346,-0.571849494603814,35
1,2,0.999304653688298,0.992329105535863,35
2,2,0.99907602830233,0.938611284212566,35
3,2,0.997955091519958,0.175601974394863,35
4,2,0.995203931932563,0.891411131890585,35
5,2,0.992516711131658,0.824626227852032,35
6,2,0.989097277336918,0.926205341214708,35
1,3,0.999475623068345,0.970421211414904,35
2,3,0.999117647546087,0.943564515850705,35
3,3,0.997690103058657,0.821497638141229,35
4,3,0.993350508383124,0.804641911956964,35
5,3,0.994592352486639,0.590402524792698,35
6,3,0.987684962430229,0.116640826603785,35
1,4,0.999307454983879,0.975948401892146,35
2,4,0.999120410953178,0.737830882363961,35
3,4,0.997641060518869,0.788823904975784,35
4,4,0.99390319650762,0.751949132811538,35
5,4,0.996029966366839,0.450866779967827,35
6,4,0.988167676576303,0.652242660199555,35
1,5,0.999364420321108,0.960759375488554,35
2,5,0.999076808698341,0.926828140740398,35
3,5,0.99774134777849,0.515410418273329,35
4,5,0.993345457633373,0.73846469596888,35
5,5,0.993580777509476,0.576495802276231,35
6,5,0.987534841259791,0.500925743134656,35
1,6,0.999381343663057,0.958723902625886,35
2,6,0.999003752662478,0.991544500322032,35
3,6,0.997181249443402,0.993388786628158,35
4,6,0.993014352087566,0.932495635349833,35
5,6,0.995119156536581,0.723599241455051,35
6,6,0.988708150540895,0.553084433757438,35
1,7,0.999402389176096,0.786185003275544,35
2,7,0.999067199590221,0.963618133566518,35
3,7,0.997617450807688,0.984435073504349,35
4,7,0.993686115295625,0.87273392074687,35
5,7,0.99315930780136,0.824936652019105,35
6,7,0.990948458683197,0.426673209717844,35
1,8,0.999294629212705,0.882875527829628,35
2,8,0.999064799714809,0.978546372936539,35
3,8,0.997614374788112,0.92872304914918,35
4,8,0.99306217847978,0.953585928783904,35
5,8,0.994241649285956,0.668831133987507,35
6,8,0.98797418146869,0.540810810726996,35
1,9,0.999433762506003,0.982988084182521,35
2,9,0.99903614287276,0.989321137570482,35
3,9,0.997698367888664,0.922175660714791,35
4,9,0.993117376880874,0.875955834344721,35
5,9,0.994171003213412,0.866516428926177,35
6,9,0.987950772342441,0.720292996584409,35
1,10,0.999264706838094,0.994103886645907,35
2,10,0.998919841921627,0.982420816822812,35
3,10,0.997497875746464,0.902494478785341,35
4,10,0.994243111136144,0.547995059672773,35
5,10,0.99371162844532,0.746721779284635,35
6,10,0.988204556051853,0.633501631452124,35
1,11,0.999244479200646,0.991803472455516,35
2,11,0.999013120513393,0.966695770063448,35
3,11,0.997535337745392,0.891630926649776,35
4,11,0.991765196974861,0.955147023598437,35
5,11,0.994478732087125,0.799630354134977,35
6,11,0.987799440752953,0.678960658688262,35
1,12,0.999329424032253,0.789483957204924,35
2,12,0.999074692387928,0.937975827558993,35
3,12,0.997887719639924,0.190060956247632,35
4,12,0.993041303492121,0.284556223156401,35
5,12,0.994514102197476,0.199089594727785,35
6,12,0.987575640765708,0.401069422044968,35
1,13,0.999249044972101,0.996434728352268,35
2,13,0.99907618685208,0.862615576546895,35
3,13,0.997833067976529,0.49440256536506,35
4,13,0.993026365647569,-0.232835502121683,35
5,13,0.994986551715798,-0.279783402675268,35
6,13,0.987726649584704,0.399451321100393,35
1,14,0.9994064537545,0.977540466411511,35
2,14,0.999132494920671,0.893039711233512,35
3,14,0.998075237884671,0.828606910968533,35
4,14,0.994000681773108,0.489479946706758,35
5,14,0.994413490179556,0.14546752691152,35
6,14,0.987406123761662,0.912811516106393,35
1,15,0.999263124510461,0.996480405703796,35
2,15,0.999200048678052,0.905744679359409,35
3,15,0.997540662155603,0.422737737039142,35
4,15,0.99637155132426,0.560404890413055,35
5,15,0.994374733748539,0.642898309393873,35
6,15,0.994354449051073,-0.504373633587593,35
1,1,0.998833815791322,0.98141901442892,36
2,1,0.998874112565415,0.910785616519157,36
3,1,0.997339833550212,0.487024769453164,36
4,1,0.991472828429167,0.86721408158077,36
5,1,0.993095894243121,0.584487437771323,36
6,1,0.988784539982738,0.756922237384591,36
1,2,0.999168440609828,0.896941622312226,36
2,2,0.998880026468563,0.976526348798655,36
3,2,0.996823991971683,0.728364364841337,36
4,2,0.996216106760952,0.747437664186856,36
5,2,0.993567955026839,0.730509192137417,36
6,2,0.9928645795419,-0.0885856155601476,36
1,3,0.998991202282176,0.98912420788956,36
2,3,0.998962780936733,0.850048794990946,36
3,3,0.998004274163704,0.739804908952406,36
4,3,0.993608230994672,0.887216318637755,36
5,3,0.991675598938707,0.792838551226638,36
6,3,0.989787383198704,0.825192979125303,36
1,4,0.998892414904138,0.963768380479029,36
2,4,0.998719446279218,0.959563888560485,36
3,4,0.997421762525691,0.895922698386867,36
4,4,0.992546424247504,0.712100499235546,36
5,4,0.991609168859352,0.802906876862926,36
6,4,0.98833981327743,0.725542912309151,36
1,5,0.999082640953279,0.966321632400692,36
2,5,0.998801627346964,0.98460152634304,36
3,5,0.997196717176056,0.905643361222402,36
4,5,0.993517256895979,0.777697725404806,36
5,5,0.992594764823901,0.731874430588441,36
6,5,0.989021116043675,0.855651876915649,36
1,6,0.999010280496947,0.923388419604592,36
2,6,0.998855574313005,0.958308002704734,36
3,6,0.997157553324857,0.877990012570403,36
4,6,0.992113185208826,0.652766872966032,36
5,6,0.992816690530207,0.725029618073613,36
6,6,0.989484398365392,-0.580465510802901,36
1,7,0.999047228768876,0.751974400580746,36
2,7,0.998909519636816,0.976217848780418,36
3,7,0.997206522228913,0.667445899104898,36
4,7,0.993310157289871,0.621126975326204,36
5,7,0.992052304675168,0.367305763486429,36
6,7,0.989279764866893,0.510379299387958,36
1,8,0.998978432990485,0.982284545934095,36
2,8,0.998857966336929,0.879668490830031,36
3,8,0.997543131384325,0.804647935101829,36
4,8,0.99365438039129,0.91630474590009,36
5,8,0.990907310573091,0.840695276816443,36
6,8,0.988561226506408,0.962363357686082,36
1,9,0.998935410504387,0.967846281993849,36
2,9,0.998852617665505,0.975078570424647,36
3,9,0.996878633286802,0.967352140332781,36
4,9,0.992537822605983,0.614115995797452,36
5,9,0.993037075906527,0.524673578760442,36
6,9,0.988895500938713,0.495468897267291,36
1,10,0.998972716681914,0.963240901807938,36
2,10,0.998846764441113,0.934112770041136,36
3,10,0.997021920280403,0.913341676174512,36
4,10,0.992327486191738,0.821852732603295,36
5,10,0.992854427533043,0.892316537862781,36
6,10,0.988640741731061,0.737827892795389,36
1,11,0.998944879225241,0.943533451938123,36
2,11,0.998776648799882,0.990713774859016,36
3,11,0.997036443447425,0.965242253756932,36
4,11,0.992555244466067,0.896285395944742,36
5,11,0.992218023076652,0.483130027413506,36
6,11,0.990269954300414,0.576985596561141,36
1,12,0.99934904252572,0.935701130469922,36
2,12,0.999008126188658,0.804713542450814,36
3,12,0.997505756568585,0.852543471206623,36
4,12,0.995381678303903,0.571628978997409,36
5,12,0.991435324334604,0.748641703785147,36
6,12,0.988817153626799,0.715552986225202,36
1,13,0.999008476351815,0.971570431597101,36
2,13,0.998644389287338,0.98373460076228,36
3,13,0.996964591191914,0.939060345300715,36
4,13,0.991496023826383,0.163828894830185,36
5,13,0.994201804818599,0.0916307113602485,36
6,13,0.988639766160946,0.11977833554644,36
1,14,0.998993523760286,0.956093671594278,36
2,14,0.998987561185695,0.991979107787805,36
3,14,0.996858269698451,0.957232809494611,36
4,14,0.993374060656353,0.759199400951218,36
5,14,0.992593321669492,0.688991758313472,36
6,14,0.989263613291219,0.569632916732268,36
1,15,0.998888990687336,0.984522213791486,36
2,15,0.999085465630435,0.766070145520126,36
3,15,0.997049216638981,0.893587245099947,36
4,15,0.992012488583895,0.495623970106745,36
5,15,0.991768629912632,0.593217521692635,36
6,15,0.989820509723565,0.167102152478023,36
1,1,0.993864843066684,0.994559707822318,37
2,1,0.991922411245632,0.893244802220579,37
4,1,0.976373145674879,0.957881672136661,37
3,1,0.96036980685915,0.664227067416172,37
5,1,0.95943425118982,0.448503020538587,37
6,1,0.929606965220312,0.914885892441719,37
1,2,0.993633883610951,0.99261376708299,37
2,2,0.991742953907675,0.984985994960263,37
4,2,0.974799803167322,0.491387779379966,37
3,2,0.955764740355381,0.858297562593715,37
5,2,0.952749432669141,0.400889391963742,37
6,2,0.93489514067999,0.641004802622642,37
1,3,0.993783376736477,0.986304299709286,37
2,3,0.993056939777028,0.677446006327663,37
4,3,0.981772665264125,0.399594944289412,37
3,3,0.955602335064923,0.966519142442515,37
5,3,0.964449761439239,0.217777352566322,37
6,3,0.933576774753899,0.658817294683128,37
1,4,0.993462860382936,0.989572811667637,37
2,4,0.993533481330511,0.52709715196791,37
4,4,0.979102166501199,0.472278037020058,37
3,4,0.954847650258661,0.560253165418166,37
5,4,0.959741960393109,0.487314107720262,37
6,4,0.935768593856182,0.260977675878649,37
1,5,0.993973518278248,0.910989186322158,37
2,5,0.992517431411049,0.9727844258278,37
4,5,0.976303312708792,0.677568791400841,37
3,5,0.954950719817416,0.8847844343657,37
5,5,0.958177401114956,0.935480967424274,37
6,5,0.936437814337185,0.392177342755833,37
1,6,0.994707445534413,0.724888392854002,37
2,6,0.991184899743626,0.972417044234315,37
4,6,0.978393077442402,0.888240047744965,37
3,6,0.954275476819127,0.949589170961486,37
5,6,0.956932375872817,0.68835904174886,37
6,6,0.930825496770678,0.492510980087722,37
1,7,0.99453823035619,0.926364176203099,37
2,7,0.992522228071898,0.891277795887336,37
4,7,0.975199773778783,0.901076609766436,37
3,7,0.955315255449262,0.882332172847333,37
5,7,0.970857863073968,0.60263448098302,37
6,7,0.931360538940222,0.739941698173763,37
1,8,0.993937446742142,0.958007274858874,37
2,8,0.991090900869015,0.972014519809321,37
4,8,0.977926807234198,0.845209089842786,37
3,8,0.953641101511683,0.966618322742257,37
5,8,0.954992025791389,0.788931993238912,37
6,8,0.933902804774047,0.853626719533002,37
1,9,0.994356742024731,0.988214858516317,37
2,9,0.992389111770034,0.944889991967365,37
4,9,0.970228553912076,0.973998661505623,37
3,9,0.95683792593291,0.7509009212325,37
5,9,0.958570759942175,0.96014481583847,37
6,9,0.932571419970841,0.387578098592591,37
1,10,0.994607375663781,0.902271970273808,37
2,10,0.991736937941807,0.992905321681557,37
4,10,0.977015585140848,0.367110449383822,37
3,10,0.95687906845173,0.739122708975981,37
5,10,0.959940133505736,-0.359618601831205,37
6,10,0.932018444552791,0.162067169974074,37
1,11,0.993646355520518,0.913658668135023,37
2,11,0.992356009511466,0.954054345377228,37
4,11,0.976752086987616,0.740317145329945,37
3,11,0.955956534384315,0.333324587073675,37
5,11,0.959769418207449,0.0846852102812847,37
6,11,0.925594455245296,0.670353563144759,37
1,12,0.995423958794431,0.963563204642244,37
2,12,0.992218781593737,0.908572524532046,37
4,12,0.975578091712962,0.924298662124585,37
3,12,0.955577340560853,0.535190480595538,37
5,12,0.958917090662552,0.73378387124029,37
6,12,0.933479782594524,-0.114545915363398,37
1,13,0.993601858158538,0.968985236434748,37
2,13,0.993554730245049,0.950040111519586,37
4,13,0.977698102546677,0.470174468483817,37
3,13,0.974839947658005,0.820643535880141,37
5,13,0.959333935679681,-0.0920208782873718,37
6,13,0.942185513887365,0.165722573401377,37
1,14,0.993823179540187,0.977428087332906,37
2,14,0.992995928808264,0.828019049145781,37
4,14,0.978277276125232,0.833208641302329,37
3,14,0.951527336830062,0.92729617960284,37
5,14,0.95840235238549,0.92320975029476,37
6,14,0.928630508478768,0.72506190045092,37
1,15,0.993628249985366,0.982528155855945,37
2,15,0.992042362161141,0.786614246451693,37
4,15,0.975632493295298,0.851094905387192,37
3,15,0.955880809703686,0.90863363502392,37
5,15,0.959592975406887,0.152968838814324,37
6,15,0.939518329445808,-0.0327837600544538,37
1,1,0.997122689746796,0.966638660567712,38
2,1,0.996305014985337,0.988739755168225,38
3,1,0.988633864268041,0.843597945009548,38
4,1,0.975912121534324,0.843230822506344,38
5,1,0.9800389793925,0.735984555101855,38
6,1,0.974917964007038,0.43319079617578,38
1,2,0.997089062509887,0.988169943815547,38
2,2,0.996034650981001,0.99416768195132,38
3,2,0.989453674280807,0.991556949747841,38
4,2,0.987302876288834,0.468263179102571,38
5,2,0.975630152438125,0.562330341808097,38
6,2,0.965988005993045,0.747648266381569,38
1,3,0.997278177992193,0.942840696087762,38
2,3,0.996585729344002,0.967559547910779,38
3,3,0.989861717313573,0.731504752083184,38
4,3,0.978133740333914,0.765319192191687,38
5,3,0.977485712044103,-0.0664799806671513,38
6,3,0.971155882021652,0.379057956667366,38
1,4,0.998021529677595,0.938238803154327,38
2,4,0.996981322710166,0.850345064262965,38
3,4,0.990175936019169,0.960921567155437,38
4,4,0.977381211869425,0.668456951627592,38
5,4,0.977072622208476,0.730212859152176,38
6,4,0.973064845613269,0.559242639367788,38
1,5,0.997139129952316,0.993461905309866,38
2,5,0.997020528668752,0.772939606115677,38
3,5,0.990297520264287,0.864177167281186,38
4,5,0.976176756565768,0.887432786638576,38
5,5,0.978683960306408,0.88298310858842,38
6,5,0.973763626238343,0.317794821883674,38
1,6,0.997008222806804,0.929412585952187,38
2,6,0.996539384422057,0.974883134461253,38
3,6,0.989256511044704,0.872119188623017,38
4,6,0.977639931033488,0.857542794870434,38
5,6,0.978919199231087,0.657429198635145,38
6,6,0.968712025503977,0.409419233891411,38
1,7,0.997186228363807,0.954219450532897,38
2,7,0.99661129266269,0.885665748560943,38
3,7,0.99118253766701,0.748352590819182,38
4,7,0.982980549038923,-0.159322714821342,38
5,7,0.97390792748301,0.75899743409859,38
6,7,0.969264040874995,0.893388875460972,38
1,8,0.997244202231504,0.974685297844592,38
2,8,0.996776010981689,0.899808751644582,38
3,8,0.989285469871923,0.96732293452772,38
4,8,0.976460539732931,0.914926278863044,38
5,8,0.981557652779049,0.717600800678219,38
6,8,0.97037192586421,0.6386905627988,38
1,9,0.997275868610631,0.958335845281255,38
2,9,0.996908253119956,0.914241222064495,38
3,9,0.990253246412285,0.91549771764795,38
4,9,0.978223187110211,0.712082508390589,38
5,9,0.973976548720655,0.695209991151564,38
6,9,0.973102893001382,0.565485618797142,38
1,10,0.997136337928956,0.993455916237769,38
2,10,0.996703530067444,0.833555727963273,38
3,10,0.990835675457849,0.521533951604138,38
4,10,0.988823830315064,0.716135359029408,38
5,10,0.980239359300547,0.688481506641037,38
6,10,0.982691232145902,0.551094118611288,38
1,11,0.997166655045121,0.97435531652874,38
2,11,0.996633099016121,0.897628469473171,38
3,11,0.989126380083949,0.835542977458271,38
4,11,0.971523808238396,0.611869493298847,38
5,11,0.980705241265598,0.12162011219173,38
6,11,0.971646701948522,0.726751317671863,38
1,12,0.997129130830724,0.974916972074481,38
2,12,0.996722827994194,0.996826507389504,38
3,12,0.989877233894766,0.152617547614817,38
4,12,0.981898031652501,0.35968088405995,38
5,12,0.975735528242206,0.731851537688255,38
6,12,0.969075310920706,0.817021843356879,38
1,13,0.997664255858625,0.928079967424852,38
2,13,0.996761049826693,0.782951114699046,38
3,13,0.989361135646269,0.914877706780761,38
4,13,0.97482410817585,0.501238983267748,38
5,13,0.980648311843008,0.698254922102165,38
6,13,0.972299442132958,-0.0119143135930309,38
1,14,0.996905028919563,0.988994074484899,38
2,14,0.996750763197381,0.950418615305318,38
3,14,0.989444878496069,0.210205545246965,38
4,14,0.977768935891532,0.888632146979217,38
5,14,0.980126632268804,0.333364434167075,38
6,14,0.968460323134012,0.771159736151783,38
1,15,0.997476814552332,0.969998279555308,38
2,15,0.996622647752996,0.958216476805778,38
3,15,0.990191044033169,0.744106013307135,38
4,15,0.975330128018313,0.890548941521576,38
5,15,0.97940531547325,0.831684444958418,38
6,15,0.972184376164922,0.532575996455428,38
1,1,0.997591876360651,0.942155031719206,39
2,1,0.996997654169431,0.973936430059612,39
3,1,0.989580289529331,0.977653995356864,39
4,1,0.981095252018892,0.868414270254139,39
5,1,0.980434799770749,0.907340202809477,39
6,1,0.974913820763717,0.231147531999274,39
1,2,0.997185193299085,0.932950558037531,39
2,2,0.99689713657419,0.886014515421059,39
3,2,0.991875582492555,0.488277978465789,39
4,2,0.988414484115838,0.770689860730895,39
5,2,0.984876922055992,0.962903744257132,39
6,2,0.981152957145752,0.457225325793974,39
1,3,0.997766145025366,0.923687719420404,39
2,3,0.996912800573411,0.968075829892296,39
3,3,0.990294269775749,0.700076372119423,39
4,3,0.982763509212416,0.915697760373496,39
5,3,0.976719510528106,0.900773394799762,39
6,3,0.964080499746119,0.942829554000509,39
1,4,0.997340771716377,0.875308222160683,39
2,4,0.997079762807009,0.92674343861623,39
3,4,0.990578100996102,0.517921719308132,39
4,4,0.981875499990375,0.802925393783906,39
5,4,0.97941772948278,0.117531340428991,39
6,4,0.965878145867601,0.320650650980059,39
1,5,0.998073634197365,0.954617407397968,39
2,5,0.997303716255059,0.767949972494935,39
3,5,0.990938973372643,0.982177389867041,39
4,5,0.983432452095993,0.802016969817255,39
5,5,0.982267745072334,0.388232791656487,39
6,5,0.965835749710796,0.132113060085967,39
1,6,0.996831695573439,0.988911474023241,39
2,6,0.997110070146427,0.932998187993254,39
3,6,0.989605939778653,0.919066528896921,39
4,6,0.982439387411838,0.345533149835496,39
5,6,0.980437692214066,0.744153664705306,39
6,6,0.965909653819226,0.183909075368061,39
1,7,0.996990033177644,0.996098184072276,39
2,7,0.996694199748987,0.978620344674327,39
3,7,0.991697100947832,0.721867424036654,39
4,7,0.982298325066616,0.722676126725619,39
5,7,0.981053862678444,0.408359900765611,39
6,7,0.968585674038798,0.0219592302814474,39
1,8,0.997188428137347,0.844081328008916,39
2,8,0.99688927144577,0.96263561829072,39
3,8,0.990324986316588,0.588006957494488,39
4,8,0.98171727080749,0.821414526761363,39
5,8,0.979579539707865,0.781894236348502,39
6,8,0.963982056165988,0.650802421139252,39
1,9,0.997041372945563,0.990743732365222,39
2,9,0.997153539812182,0.945121393441735,39
3,9,0.989829545762243,0.964702056973443,39
4,9,0.986180557229629,-0.127129303334143,39
5,9,0.980852134854244,0.732045404163741,39
6,9,0.966087993077286,0.732278885122134,39
1,10,0.997069189259467,0.961453124532657,39
2,10,0.996965781657967,0.964213988234016,39
3,10,0.98961483430981,0.890776795213036,39
4,10,0.982739059649102,0.736564674603711,39
5,10,0.98419544330253,0.259679820321766,39
6,10,0.966919332461751,0.643640619630698,39
1,11,0.997288366984638,0.905540278847598,39
2,11,0.996938098552311,0.943449744108806,39
3,11,0.98932917653138,0.957636563383656,39
4,11,0.980512840322155,0.946454301803781,39
5,11,0.982451466659006,0.582983495425142,39
6,11,0.966837362732402,0.0362194107639054,39
1,12,0.997500407173353,0.969781797756344,39
2,12,0.997087933689182,0.953973540277203,39
3,12,0.991367202061355,0.737437766430797,39
4,12,0.982364319363402,0.837406526348749,39
5,12,0.981229847030314,0.787476977473253,39
6,12,0.966984221121063,0.58324687742512,39
1,13,0.997060216541404,0.982120676442892,39
2,13,0.996821668476747,0.977142770221939,39
3,13,0.989869908778716,0.208015402111014,39
4,13,0.980936193305839,0.931058234359993,39
5,13,0.980491489861709,0.85647918345227,39
6,13,0.967030455190156,0.604336006370739,39
1,14,0.997267498048193,0.977150720369058,39
2,14,0.996619364214909,0.970576894261077,39
3,14,0.990773164774252,0.918400858267145,39
4,14,0.981002279041914,0.697279989587436,39
5,14,0.980704635651443,0.161551134468303,39
6,14,0.964282699150345,0.735861336024341,39
1,15,0.996941075829495,0.990078584762564,39
2,15,0.996699191949481,0.932754940171275,39
3,15,0.990736056079018,0.866701049820229,39
4,15,0.982422719084738,0.732022976413773,39
5,15,0.982216325052586,-0.0657916705891416,39
6,15,0.963791140853459,0.739096618744583,39
1,1,0.998225665229916,0.875239178847983,40
2,1,0.996361997565607,0.941655762878871,40
4,1,0.989637074648761,0.974419034758972,40
3,1,0.984954726432083,0.630526498682819,40
6,1,0.974344058193713,0.620178349465304,40
5,1,0.971793468217661,0.828599558774554,40
1,2,0.997857178360075,0.983650268671455,40
2,2,0.996311616107246,0.874559350289893,40
4,2,0.987781198837391,0.95104876627452,40
3,2,0.984234837143211,0.791797287279972,40
6,2,0.984086485518399,0.800769820885016,40
5,2,0.977410729514987,0.0867278101914097,40
1,3,0.998021746476,0.984822497089276,40
2,3,0.995829309960559,0.941281664891877,40
4,3,0.988470906679947,0.794089241414749,40
3,3,0.982779064962639,0.899029296829534,40
6,3,0.977473983805142,0.29392911784393,40
5,3,0.973019668727663,0.871370247012409,40
1,4,0.998589748542566,0.947017381128432,40
2,4,0.996968971508951,0.879104759334195,40
4,4,0.992229446297169,0.694671072813161,40
3,4,0.983618064567774,0.882069457093974,40
6,4,0.979387252780305,0.52763769640933,40
5,4,0.975186351222001,0.647780208603859,40
1,5,0.997893887515434,0.939088608231747,40
2,5,0.996005124714244,0.973666310739242,40
4,5,0.991119568676181,0.232795874933536,40
3,5,0.991681341054458,0.834855319595647,40
6,5,0.982816319396853,0.118567077182269,40
5,5,0.977429044374394,0.0772998021395798,40
1,6,0.997799477108436,0.962186505269373,40
2,6,0.997071924825057,0.642807226718158,40
4,6,0.990689536140353,0.824769847609914,40
3,6,0.983692213648556,0.714847200490596,40
6,6,0.97691927867579,0.865045748618246,40
5,6,0.972867101475902,0.810906444855511,40
1,7,0.997532356657452,0.965220415833235,40
2,7,0.996093586448755,0.969658564263715,40
4,7,0.98965715531603,0.624314689429904,40
3,7,0.98139544505499,0.753913385437697,40
6,7,0.978098716921292,0.220127717317456,40
5,7,0.97435186474674,-0.0121813754975116,40
1,8,0.997836118019626,0.992602957879943,40
2,8,0.996231103866369,0.97082990691646,40
4,8,0.990622842958403,0.923409183442957,40
3,8,0.982231776412359,0.970364435639381,40
6,8,0.977544058266472,0.647558064171578,40
5,8,0.97358370624445,0.70718125910971,40
1,9,0.997612296355068,0.982574825848707,40
2,9,0.995613648518965,0.974297405828005,40
4,9,0.990295300122625,0.879658405099433,40
3,9,0.983572458482039,0.750739263739744,40
6,9,0.982093686542808,-0.396463105430374,40
5,9,0.971186987430578,0.847222919098271,40
1,10,0.997729992472767,0.993816920999855,40
2,10,0.996240956482863,0.947397723462369,40
4,10,0.990715822795533,0.603166674666707,40
3,10,0.984077252026823,0.730351726866497,40
6,10,0.979867894631271,0.479241238223297,40
5,10,0.971458377065296,0.866885239850471,40
1,11,0.997841197098549,0.977077555007118,40
2,11,0.996286729904527,0.916820056894053,40
4,11,0.989892349294125,0.894584662259338,40
3,11,0.983358546421224,0.897185188742735,40
6,11,0.979830019128641,-0.54325826674032,40
5,11,0.976109555206751,0.087562950295986,40
1,12,0.997420558623853,0.990491154162773,40
2,12,0.996525322481227,0.947245969340438,40
4,12,0.989825920302422,0.561505274144549,40
3,12,0.982872670185691,0.724124120882172,40
6,12,0.977344525617071,0.258439255286612,40
5,12,0.974739445279404,0.501858428269885,40
1,13,0.997865214072694,0.965208527980534,40
2,13,0.996484677172413,0.817454103799548,40
4,13,0.991090445375741,0.904452825680765,40
3,13,0.983649371748444,0.866900004303091,40
6,13,0.97520866247848,0.503256980159881,40
5,13,0.973756940462663,0.834728788045111,40
1,14,0.997949900625337,0.981591411308485,40
2,14,0.996837706166347,0.818170555031643,40
4,14,0.990849682079809,0.787611953948216,40
3,14,0.98394265664349,0.771668166368491,40
6,14,0.978917869273872,0.587498114261788,40
5,14,0.97446824714446,0.610247650268253,40
1,15,0.997687730482238,0.925321219642779,40
2,15,0.995828465900501,0.997664586218481,40
4,15,0.990548947760183,0.435477544695556,40
3,15,0.981513732315648,0.778409991070482,40
6,15,0.97768957578553,0.473752765727088,40
5,15,0.972504453063882,0.97029410102235,40
1,1,0.999277581052705,0.987809073262032,41
2,1,0.998757120316292,0.886069471361719,41
3,1,0.997220881921388,0.716975063160803,41
4,1,0.992539740085595,0.811863043485711,41
6,1,0.992557191205455,0.525864030142669,41
5,1,0.987907179665065,0.678025531919466,41
1,2,0.99918619310852,0.963679635434465,41
2,2,0.998526100558686,0.969276650278786,41
3,2,0.997147576460193,0.438353597311225,41
4,2,0.992230945018653,0.741083407980934,41
6,2,0.992722288122599,0.658142361917849,41
5,2,0.987833319948459,0.788913515076208,41
1,3,0.999176519878666,0.916561685871914,41
2,3,0.998453671210906,0.933556405553505,41
3,3,0.996607172387877,0.919203651913112,41
4,3,0.992200149274148,0.671160764648994,41
6,3,0.992354064175245,0.210084321041119,41
5,3,0.987968091212317,0.221799735658,41
1,4,0.999133391335779,0.98703887730968,41
2,4,0.99863422584061,0.921576590114411,41
3,4,0.998032910444292,0.765974560657393,41
4,4,0.992325463023591,0.125747676760018,41
6,4,0.992260769572333,0.234087379141598,41
5,4,0.98640013559269,0.719486690823935,41
1,5,0.999185147834937,0.983995353575341,41
2,5,0.998631258552544,0.953521551443,41
3,5,0.996896101704157,0.839955555037976,41
4,5,0.994447896290651,0.816197456037143,41
6,5,0.991224609488592,0.770705432749012,41
5,5,0.988273560148315,0.475773143028818,41
1,6,0.999264962172521,0.919528298086429,41
2,6,0.998467135637433,0.986059082969817,41
3,6,0.996612464194288,0.877521391346249,41
4,6,0.991836773164027,0.877857971014928,41
6,6,0.992666031947967,0.515374291388241,41
5,6,0.986998004160856,0.675655501806022,41
1,7,0.999209535594804,0.922415181278965,41
2,7,0.998523903928527,0.967312520271021,41
3,7,0.997074862250932,0.563881294246302,41
4,7,0.991248101568623,0.784531411326334,41
6,7,0.992102070270816,0.337508548467237,41
5,7,0.986990076560931,0.774406912644549,41
1,8,0.999171149713858,0.993377512875209,41
2,8,0.998570196815177,0.893475412263512,41
3,8,0.997060897539041,0.757565894524075,41
4,8,0.992007503235451,0.242842212614728,41
6,8,0.985425401473973,0.0802634630940195,41
5,8,0.987871864361095,0.891101720825518,41
1,9,0.999485176403153,0.952976195695524,41
2,9,0.998539407691211,0.980483251375363,41
3,9,0.997029103892452,0.971002054785864,41
4,9,0.99153144202267,0.891638041312485,41
6,9,0.992645693736856,0.796936785869221,41
5,9,0.986010502415918,0.773802789423033,41
1,10,0.999236762276472,0.982089425167572,41
2,10,0.998644848285708,0.907195642664848,41
3,10,0.997510203666368,0.98621155987594,41
4,10,0.993805692516148,0.661867934429762,41
6,10,0.992518456432246,0.640549715094125,41
5,10,0.987818688934193,0.350995423921764,41
1,11,0.99917449617794,0.988541511516336,41
2,11,0.99886478030158,0.202338415976909,41
3,11,0.997284940609796,0.893168961352371,41
4,11,0.9934092513426,0.731230438961989,41
6,11,0.991861273294891,0.808939668868412,41
5,11,0.988420053388876,0.426717867216365,41
1,12,0.999450088067803,0.928296784151461,41
2,12,0.998541615555894,0.907658003658331,41
3,12,0.997099941689851,0.475625546083517,41
4,12,0.995594389716772,0.208386521348716,41
6,12,0.992351123907082,0.266795551569311,41
5,12,0.992793756982254,0.0229843111868517,41
1,13,0.999147849493923,0.97903181128096,41
2,13,0.998636084454444,0.762885028601127,41
3,13,0.997267185396311,0.809672967512272,41
4,13,0.991841190225067,0.276791246576258,41
6,13,0.992307097558088,-0.49358777765412,41
5,13,0.987407783764183,0.21222530164014,41
1,14,0.999185752789678,0.996404937819082,41
2,14,0.998659816876769,0.982332907571445,41
3,14,0.997164961721129,0.912709723615241,41
4,14,0.991695073006493,0.983040593030294,41
6,14,0.992434550064364,0.744328052713871,41
5,14,0.986705116253431,0.362498084901331,41
1,15,0.999231232835784,0.973143856091864,41
2,15,0.998359876365839,0.978022656247422,41
3,15,0.996890581287264,0.991459426426575,41
4,15,0.991667910883374,0.883988991575076,41
6,15,0.991878475791562,0.217934550425234,41
5,15,0.98615575553426,0.625788990106354,41
1,1,0.999273681031707,0.98006995812522,42
2,1,0.998834527452965,0.9585772747489,42
3,1,0.997726299141677,0.953857301497258,42
4,1,0.994763204028276,0.780660764267606,42
5,1,0.992804370065899,0.575938394209757,42
6,1,0.983937152225839,0.772412051945046,42
1,2,0.998887653924157,0.98843001910935,42
2,2,0.998678957027359,0.961442055003537,42
3,2,0.997355171318781,0.798872221241906,42
4,2,0.992428743605828,0.76609947140366,42
5,2,0.991983160998543,0.336818534515825,42
6,2,0.984803599956797,0.626090419071665,42
1,3,0.99925987204032,0.909695899950494,42
2,3,0.998717683982846,0.972675480593426,42
3,3,0.997375515820846,0.914852739893687,42
4,3,0.99251683651956,0.731832034956662,42
5,3,0.993280841038861,0.343213648375197,42
6,3,0.985344555372906,0.174490288949331,42
1,4,0.998997505119911,0.970936216851201,42
2,4,0.998802704845081,0.975026439833287,42
3,4,0.997457896982623,0.727403258980131,42
4,4,0.99632682304413,0.554753248766728,42
5,4,0.991016134228268,0.877693431043868,42
6,4,0.984570612185715,0.90087049159757,42
1,5,0.998920017494073,0.96955356550758,42
2,5,0.998759102652423,0.947457116578943,42
3,5,0.997221618720212,0.95742460716817,42
4,5,0.993887158254292,0.723146300995403,42
5,5,0.992071015825467,0.721915801279223,42
6,5,0.984581765663571,0.461531409662823,42
1,6,0.99900356935384,0.988521553515038,42
2,6,0.998751893509313,0.954478247708917,42
3,6,0.997798607355421,0.365915277955119,42
4,6,0.992082433905949,0.499518153976924,42
5,6,0.992570733851915,-0.0915775605267922,42
6,6,0.986663778706557,-0.377413466548669,42
1,7,0.998966450759331,0.890974125473218,42
2,7,0.998686532800926,0.958861950753756,42
3,7,0.997268187549786,0.772712107839566,42
4,7,0.991770862970262,0.775007549570961,42
5,7,0.991505939323452,0.957966687436715,42
6,7,0.983615511365427,0.930748471368142,42
1,8,0.998870620411546,0.996089329256006,42
2,8,0.998682370919509,0.950895680535839,42
3,8,0.997530558804002,0.923732582342331,42
4,8,0.992750608616067,0.427389098686025,42
5,8,0.992698764126661,0.420359643686826,42
6,8,0.982274512775274,0.74287296242242,42
1,9,0.999001964568137,0.974409159021881,42
2,9,0.998649035014622,0.968837281959452,42
3,9,0.997163669031607,0.694635048841524,42
4,9,0.991722440714812,-0.00644709430405657,42
5,9,0.991637987686366,0.453928486280524,42
6,9,0.984659801926929,0.24489969060825,42
1,10,0.998800821611494,0.973500668965134,42
2,10,0.998893544223696,0.619356709688321,42
3,10,0.997200496413332,0.792476202557125,42
4,10,0.996105025515937,0.342168070134346,42
5,10,0.993344198939222,0.780555698648369,42
6,10,0.992640705987183,0.132854414768767,42
1,11,0.998831222852717,0.992474543015106,42
2,11,0.998733082659489,0.892309067962639,42
3,11,0.997170812283672,0.638844225453629,42
4,11,0.993041856523283,0.713213616523346,42
5,11,0.991071244233877,0.638100887482971,42
6,11,0.98556911627006,0.489133979979427,42
1,12,0.998904129795405,0.930507329423253,42
2,12,0.998953896255172,0.677718264360983,42
3,12,0.997229898015469,0.532177630676092,42
4,12,0.992815508560512,0.422900270468027,42
5,12,0.991422626161523,0.82967764578626,42
6,12,0.98515912551207,0.428471597436574,42
1,13,0.998945331043141,0.948439313284258,42
2,13,0.998681932015464,0.971721299088182,42
3,13,0.997184867770842,0.968374134926566,42
4,13,0.993027552484318,0.585112787950729,42
5,13,0.992295292065345,0.37348834315374,42
6,13,0.984256162520719,0.761422866585791,42
1,14,0.998903912599473,0.987676455919985,42
2,14,0.998870430594653,0.412705424816354,42
3,14,0.997375439517215,0.890803846328558,42
4,14,0.992397504883577,0.834966466545488,42
5,14,0.991596399012152,0.897165672323465,42
6,14,0.987242283324132,0.448262332594459,42
1,15,0.99899512626249,0.965572985131218,42
2,15,0.998533863653666,0.991930391094536,42
3,15,0.996931221865577,0.973990033138178,42
4,15,0.992475618355147,0.675875447107591,42
5,15,0.992503499441931,0.681220690306569,42
6,15,0.983169371448764,0.777735487165629,42
1,1,0.991295083652339,0.978526220689559,43
2,1,0.991798895281321,0.965227050395122,43
4,1,0.974204577032269,0.834977661099091,43
3,1,0.957793137818502,0.776733952270577,43
6,1,0.957624070051802,0.656371426793328,43
5,1,0.919247294170495,0.502971774284923,43
1,2,0.992259397185386,0.994161311492447,43
2,2,0.991725906622684,0.962221191694682,43
4,2,0.977294594709921,0.664064708511233,43
3,2,0.953663756171857,0.875846825115753,43
6,2,0.949122207539757,0.770867150754262,43
5,2,0.931554506044239,0.649645744519666,43
1,3,0.991797952966514,0.985123671143077,43
2,3,0.988297818711269,0.948765633224668,43
4,3,0.977243474723362,0.54906437943359,43
3,3,0.975099895696404,0.855125314718138,43
6,3,0.951239520598764,-0.111930324691898,43
5,3,0.947980217337056,0.486297227735436,43
1,4,0.992402012811842,0.827804039103472,43
2,4,0.991605375311025,0.988646252880115,43
4,4,0.976489785819436,-0.0456292994517611,43
3,4,0.956203233687651,0.861214632827493,43
6,4,0.952207110175671,0.101431824944482,43
5,4,0.927831025873583,0.620169427240529,43
1,5,0.992212471648663,0.985673306670481,43
2,5,0.991763232240973,0.929741141417808,43
4,5,0.973339934116099,0.876480382031826,43
3,5,0.95486849161396,0.954961332541232,43
6,5,0.951636912087868,0.856660311287297,43
5,5,0.932418233020175,0.543919181033123,43
1,6,0.992145334284085,0.985698123720097,43
2,6,0.991855238028957,0.844534786636815,43
4,6,0.974946325275459,0.865661418222919,43
3,6,0.952366027480654,0.985546870655038,43
6,6,0.954754044433271,-0.0696947835416761,43
5,6,0.9303834840987,0.711377099425633,43
1,7,0.992494620426298,0.895614615614804,43
2,7,0.991765777531274,0.950443034949915,43
4,7,0.97364258083284,0.910433592946682,43
3,7,0.955031026155608,0.78178521399297,43
6,7,0.948693791683706,0.734307464979495,43
5,7,0.930625757072117,-0.425861553829605,43
1,8,0.991992433506162,0.978622042335678,43
2,8,0.992227085580689,0.841250442051361,43
4,8,0.976198693839888,0.823434145508616,43
3,8,0.960590625222165,0.628565459436664,43
6,8,0.957990042044665,0.412933906904937,43
5,8,0.925867326958883,0.810517983733292,43
1,9,0.994204034073753,0.915329318159689,43
2,9,0.992792990360537,0.807682489734829,43
4,9,0.97696828045089,0.80799374263191,43
3,9,0.956057553342875,0.888248371558214,43
6,9,0.954525964185922,0.556448492357358,43
5,9,0.93513911136986,0.373702894037776,43
1,10,0.992422992325186,0.888867565107086,43
2,10,0.992994377756039,0.863493197984472,43
4,10,0.975534542894246,0.00205049395165006,43
3,10,0.954807757126072,0.816470942846824,43
6,10,0.948262309948151,0.113090731827207,43
5,10,0.924949466001228,0.781393316517917,43
1,11,0.992108711047769,0.989209343020182,43
2,11,0.991455924030493,0.981306162049667,43
4,11,0.973901500411896,0.902183616714193,43
3,11,0.954032684292264,0.963137348631887,43
6,11,0.948820427694239,0.163667040302498,43
5,11,0.926146495528692,0.897977543069566,43
1,12,0.992567067945535,0.94997668981146,43
2,12,0.992016514805124,0.840852281440831,43
4,12,0.973473302659528,0.842855853514553,43
3,12,0.955359168326548,0.846372518743303,43
6,12,0.950763043191124,0.846550658889584,43
5,12,0.934529992478144,-0.0876464787180866,43
1,13,0.992169492470794,0.95699585130426,43
2,13,0.991850009763583,0.907682797705878,43
4,13,0.976628437025034,0.852663300764523,43
3,13,0.954979792166729,0.558489136625907,43
6,13,0.931432349179538,0.289584753086749,43
5,13,0.934771267897375,0.569472528935253,43
1,14,0.992298777662188,0.94827907010272,43
2,14,0.992224319146054,0.965168411285284,43
4,14,0.975731901873656,0.238748738641809,43
3,14,0.956290836242986,0.915750448626896,43
6,14,0.949787085875121,0.102752691434766,43
5,14,0.93243559192928,0.347540626981339,43
1,15,0.994763554673888,0.919731111243002,43
2,15,0.992458113287677,0.077044553869443,43
4,15,0.973999351041147,0.902660628585178,43
3,15,0.957379047255218,-0.0460480455261971,43
6,15,0.949583778924286,0.475279787628152,43
5,15,0.929861784913628,0.208595803849197,43
1,1,0.994937095428958,0.880839854532373,44
2,1,0.99099550077641,0.995404007276375,44
3,1,0.976578222034725,0.938933612146971,44
4,1,0.945171610702423,0.807770598970448,44
6,1,0.962690312482977,0.320210229638494,44
5,1,0.927430585433259,0.700735768909737,44
1,2,0.993425543820397,0.978990162665099,44
2,2,0.992852641348355,0.709564946188428,44
3,2,0.97742574780346,0.715993261367045,44
4,2,0.945971764425957,0.934512357887486,44
6,2,0.950301730685567,0.179726250129232,44
5,2,0.932139947451086,0.770626871865749,44
1,3,0.993414566126966,0.974743584513123,44
2,3,0.991600552765765,0.945704370504752,44
3,3,0.974266544634561,0.962599649051454,44
4,3,0.94957112619628,0.291161773709391,44
6,3,0.953012142515252,0.871899004359773,44
5,3,0.928848476855388,0.397515191946886,44
1,4,0.992836381204619,0.987722105462715,44
2,4,0.991387874145789,0.988600114556643,44
3,4,0.978166057963061,0.737453238571385,44
4,4,0.946313726598965,0.882833906220367,44
6,4,0.955646980762265,0.18425113951557,44
5,4,0.925951530968674,0.893305382278343,44
1,5,0.993070490964808,0.986464616930104,44
2,5,0.992529108358603,0.826862249520285,44
3,5,0.977792424818848,0.783511978166123,44
4,5,0.947520518592288,0.90644484404705,44
6,5,0.955220338366251,-0.447202199329481,44
5,5,0.929297067015437,0.662170225007634,44
1,6,0.994037572856008,0.935260040971363,44
2,6,0.99244373180713,0.94063815492676,44
3,6,0.975535848276917,0.883583003769382,44
4,6,0.945394552926217,0.972207023656531,44
6,6,0.953113864742196,0.847638452559448,44
5,6,0.937021898414881,0.570048362624467,44
1,7,0.992811349378278,0.982160155461762,44
2,7,0.991513075116629,0.941748763597264,44
3,7,0.977572732883973,0.898966400159521,44
4,7,0.947162574252892,0.565073809703596,44
6,7,0.952478087546917,0.545029227094089,44
5,7,0.931031995735816,0.591014183905393,44
1,8,0.993343155616954,0.992165651398564,44
2,8,0.991580501748485,0.980102323307753,44
3,8,0.976543927914627,0.95335166668992,44
4,8,0.947329964862168,0.822457233590358,44
6,8,0.952129303594316,0.690822984861179,44
5,8,0.933863557316403,0.00483946444145824,44
1,9,0.993121946692921,0.977281080544705,44
2,9,0.991763072300396,0.936431891756143,44
3,9,0.978615083315436,0.627145953033077,44
4,9,0.948910025790468,0.447256387205638,44
6,9,0.94172195360653,0.706377888642182,44
5,9,0.934234482463933,0.946568601639258,44
1,10,0.992354561030506,0.985129759014771,44
2,10,0.993007766845174,0.518354863011077,44
3,10,0.980211979404809,0.754450322080122,44
4,10,0.946942905698588,0.461680944325586,44
6,10,0.954594890591134,0.357147629517757,44
5,10,0.934154227709468,-0.301036489074913,44
1,11,0.992386664750156,0.980685582398313,44
2,11,0.992536641741582,0.911082131908068,44
3,11,0.978039945914101,0.883384014624775,44
4,11,0.942836402294108,0.918735209144923,44
6,11,0.952300814293868,0.00822539879803382,44
5,11,0.932841619885609,0.802482772162913,44
1,12,0.99599422271459,0.72803632645953,44
2,12,0.991726342437581,0.869632874754065,44
3,12,0.976517459393869,0.890566200853879,44
4,12,0.957475614489767,0.528276989059397,44
6,12,0.952563864586202,0.279832390582887,44
5,12,0.933848735414558,0.331374454876181,44
1,13,0.993294499585995,0.970343926621885,44
2,13,0.991645254533076,0.946905237550439,44
3,13,0.97744558813894,0.958737350844498,44
4,13,0.948177552261572,0.86739483281096,44
6,13,0.960529002655767,0.977073842008364,44
5,13,0.929530337256105,0.528958475869793,44
1,14,0.993058864502738,0.971127043890319,44
2,14,0.991675816792593,0.975407326410182,44
3,14,0.977857418005271,0.482558216154954,44
4,14,0.947048424439434,0.765161196149649,44
6,14,0.958005777970032,0.331898167473707,44
5,14,0.933873361668772,0.614207888311886,44
1,15,0.993251129588559,0.91133093805344,44
2,15,0.990927900159584,0.978687056466025,44
3,15,0.977886907582302,0.198681974054937,44
4,15,0.971249797470551,0.671606599457792,44
6,15,0.951813553755172,-0.239889440398502,44
5,15,0.947224611513215,0.624761228105155,44
1,1,0.997409156862807,0.98447878640431,45
2,1,0.997134629707351,0.972469215508406,45
4,1,0.989630106600295,0.727321759503367,45
3,1,0.979647775580487,0.618704482917672,45
5,1,0.98151885186058,0.782380431794972,45
6,1,0.966023446266207,0.607148750725815,45
1,2,0.997527006697264,0.941363370486089,45
2,2,0.997221796435427,0.988507985198974,45
4,2,0.990196696059445,0.5766026004442,45
3,2,0.981606727633058,0.879312436822414,45
5,2,0.979781824416346,0.664986554387037,45
6,2,0.973231832217104,0.584210945647989,45
1,3,0.997371251150579,0.965841342130966,45
2,3,0.997274052898199,0.833564981457325,45
4,3,0.9920607701556,0.828575704018764,45
3,3,0.981245868348457,0.797983657143819,45
5,3,0.982665949115482,0.667377989211257,45
6,3,0.972049012418718,0.473595539777382,45
1,4,0.997593709964641,0.939769159945945,45
2,4,0.997085877533082,0.951448126400255,45
4,4,0.989744960651532,0.585260530510547,45
3,4,0.986078055287339,0.376675177269025,45
5,4,0.982648417357155,0.604429932185787,45
6,4,0.961579357907326,0.796917429137501,45
1,5,0.997821366105568,0.940834150654163,45
2,5,0.997462862478979,0.734196990682852,45
4,5,0.992174859909508,0.636405903089736,45
3,5,0.9792869232077,0.83139482211952,45
5,5,0.976414997595398,0.76695173821836,45
6,5,0.969050915844906,0.112069688022653,45
1,6,0.997392222531423,0.970406118278296,45
2,6,0.997058333099129,0.96184750910704,45
4,6,0.989684973997656,0.880703014034171,45
3,6,0.979832311831127,0.884577738146478,45
5,6,0.981297642006199,0.565119310732544,45
6,6,0.964550293028632,0.637373043034467,45
1,7,0.997365905539784,0.992866404394807,45
2,7,0.997164492474819,0.966153515489063,45
4,7,0.988717062773069,0.987288213536257,45
3,7,0.979488716196083,0.773157520628859,45
5,7,0.980807152697266,0.747192078957631,45
6,7,0.966686885132104,-0.152241034498145,45
1,8,0.998045321229486,0.902785517088856,45
2,8,0.997406766343254,0.895096403541139,45
4,8,0.990188346112789,0.900396213324934,45
3,8,0.981619669486032,0.739502124539946,45
5,8,0.981583104892771,0.117642991455816,45
6,8,0.964681765426662,0.788994060149728,45
1,9,0.997439056009462,0.984715014312046,45
2,9,0.997154845576086,0.940342458706023,45
4,9,0.988630180161171,0.903693282619174,45
3,9,0.980533029936803,0.861671609052038,45
5,9,0.980635055964874,0.922595148985359,45
6,9,0.967490007871142,0.393128201214876,45
1,10,0.998048279402439,0.875930507796867,45
2,10,0.997283080559153,0.764570628771764,45
4,10,0.989920303637831,0.965663020373327,45
3,10,0.980939890048281,0.861606588165044,45
5,10,0.984702047026852,0.871758187906431,45
6,10,0.96790681277807,0.780758000418622,45
1,11,0.997373720557965,0.971696907694082,45
2,11,0.997197602164132,0.978276156951187,45
4,11,0.989648921490997,0.885787823685529,45
3,11,0.979053194915314,0.833145870504827,45
5,11,0.97775673978259,0.645992208154746,45
6,11,0.969601069162729,0.728321899031783,45
1,12,0.997442002764354,0.970710002401685,45
2,12,0.997165085944739,0.981973139048435,45
4,12,0.989731601732436,0.715886639332234,45
3,12,0.979391124775736,0.935650935248602,45
5,12,0.980487822707773,0.162515823432468,45
6,12,0.96782251744942,0.779058999934686,45
1,13,0.997296081228473,0.985038340052911,45
2,13,0.997782182930361,0.603041217949552,45
4,13,0.991624015272835,0.608892498969353,45
3,13,0.98922580409845,0.6952155457615,45
5,13,0.982765314815351,0.545425778930014,45
6,13,0.97990101849233,0.600257603352031,45
1,14,0.997241682173546,0.977562266786863,45
2,14,0.997087803103793,0.977496215939683,45
4,14,0.990912706983425,0.376540122435998,45
3,14,0.980609557130276,0.834350853604976,45
5,14,0.981525216577807,0.577233755602356,45
6,14,0.965497539444153,0.783150505063683,45
1,15,0.99708953671274,0.988851405385476,45
2,15,0.997151101787721,0.966549375714836,45
4,15,0.990835131154276,0.786318064398229,45
3,15,0.978614109054442,0.625930889930276,45
5,15,0.980214294307333,0.227545687427447,45
6,15,0.967110170683178,0.54200676938974,45
2,1,0.999981035010565,0.986498180482823,46
1,1,0.999979733905862,0.984226123458826,46
3,1,0.999944827143284,0.731569578536372,46
4,1,0.999897694423547,0.936528444669959,46
5,1,0.999878501672723,0.702702248163404,46
6,1,0.9997829879666,0.0756868289955415,46
2,2,0.999989958772192,0.904611750707715,46
1,2,0.999982262958597,0.979081173460314,46
3,2,0.999957389136996,0.0935231739877069,46
4,2,0.999896176207355,0.976978907401818,46
5,2,0.99987723965736,0.917247903416999,46
6,2,0.999744486873316,0.337193863864728,46
2,3,0.999981325064135,0.968741771643988,46
1,3,0.999980729902392,0.899053733921256,46
3,3,0.999941870218768,0.82979593705296,46
4,3,0.999946502431036,0.475931129206152,46
5,3,0.999901680112346,0.178376942019433,46
6,3,0.999699619501169,0.87089451896038,46
2,4,0.999981957275782,0.89348318598933,46
1,4,0.999977716941146,0.974961180708402,46
3,4,0.999935032586029,0.942349128010782,46
4,4,0.999889170365709,0.731096322307879,46
5,4,0.999839861013975,0.752793853085271,46
6,4,0.999850353814692,0.546075546304944,46
2,5,0.999987333063781,0.948873400237628,46
1,5,0.999983960381161,0.956391562410181,46
3,5,0.999955283009607,0.829212790595585,46
4,5,0.999896925158866,0.338070686587755,46
5,5,0.999893424615542,0.636883603911998,46
6,5,0.999715820134696,0.409027404930132,46
2,6,0.999982703862024,0.902934877632058,46
1,6,0.999979885514497,0.958929121579915,46
3,6,0.999955204549069,0.893392903995413,46
4,6,0.999930274922581,0.479778099990389,46
5,6,0.99988371594974,0.760227418524837,46
6,6,0.999705260997412,0.480131593732943,46
2,7,0.999982641819365,0.862534522730034,46
1,7,0.999983055497137,0.970973531467419,46
3,7,0.999943973262976,0.935970302500689,46
4,7,0.999917232288989,0.613486790239513,46
5,7,0.999880387635258,0.501541313312992,46
6,7,0.999754640898369,0.319047786492519,46
2,8,0.999984528303705,0.857508098801881,46
1,8,0.999973510577378,0.95893517550229,46
3,8,0.999932862179067,0.779930775855035,46
4,8,0.999905039157567,0.490579400182732,46
5,8,0.999878894562545,0.865783936504422,46
6,8,0.999674177475496,0.739424474336054,46
2,9,0.999981524182191,0.928177885628866,46
1,9,0.999979640071011,0.981267817464571,46
3,9,0.999943993734792,0.862604184589575,46
4,9,0.999897063597007,0.804407969552725,46
5,9,0.999894797293923,0.553403910486398,46
6,9,0.99974885373521,0.405148760303033,46
2,10,0.999984196720957,0.711436496840795,46
1,10,0.999977990180333,0.986850812101022,46
3,10,0.999960594820988,0.667204932897908,46
4,10,0.999922441974574,0.695086467372033,46
5,10,0.999908487433035,0.323596523648519,46
6,10,0.99987976435755,0.53346526222696,46
2,11,0.999981530355331,0.583852521889147,46
1,11,0.999980986130601,0.949968629948836,46
3,11,0.999942999479985,0.888933471886047,46
4,11,0.999886713075235,0.763562494185125,46
5,11,0.999893965192892,0.150896884715175,46
6,11,0.999702442272337,-0.180573400427891,46
2,12,0.999981955085402,0.875306256345444,46
1,12,0.99997947538055,0.960608022170537,46
3,12,0.999953539669218,0.889311955623308,46
4,12,0.999896221194953,0.662096772285999,46
5,12,0.999899640995139,0.450290393480844,46
6,12,0.999750525262438,0.61877723646207,46
2,13,0.999980946046599,0.7788686862103,46
1,13,0.999979815412491,0.936370444872229,46
3,13,0.999938329216247,0.870137552092615,46
4,13,0.999888456190735,0.540922510750413,46
5,13,0.999887678076597,0.905597976378243,46
6,13,0.999732503394075,0.185121247738481,46
2,14,0.999979896437087,0.957891279021714,46
1,14,0.999979372106068,0.974904321278877,46
3,14,0.999947664582257,0.100149320684789,46
4,14,0.999914888220426,0.197772978819703,46
5,14,0.999895963497931,0.0548459338141777,46
6,14,0.999706874540036,0.733788773738704,46
2,15,0.999986407218067,0.894998025865314,46
1,15,0.999983879335901,0.983113272872016,46
3,15,0.999951147149777,0.750556923478087,46
4,15,0.999928797016859,0.731319840518002,46
5,15,0.999890705153102,0.812387278598666,46
6,15,0.999706502870023,0.8372563498087,46
1,1,0.991704400203766,0.986381724331583,47
2,1,0.99295540800829,0.61424814553844,47
4,1,0.979628251304966,0.694421580866689,47
3,1,0.964678234106843,0.500446656432625,47
5,1,0.953910561441094,-0.062312254569627,47
6,1,0.939860530415846,0.500939300952902,47
1,2,0.993270016943616,0.961622690547338,47
2,2,0.99099482471993,0.983131027598235,47
4,2,0.979249282439242,-0.242338182153981,47
3,2,0.957385494681947,0.945656895712297,47
5,2,0.953437613244049,0.214286484748331,47
6,2,0.939925453190838,0.835996441987964,47
1,3,0.994349742799974,0.941279103632748,47
2,3,0.99142205342457,0.944222535717779,47
4,3,0.976384696529543,0.704035224436044,47
3,3,0.975023988144928,0.975449813685192,47
5,3,0.951970152903155,0.652722036677876,47
6,3,0.947962442332833,-0.0843623249891766,47
1,4,0.993502775907749,0.97582735582583,47
2,4,0.991354157374639,0.958007334032275,47
4,4,0.974518205025958,0.880932102410143,47
3,4,0.9621509497565,0.775218070256413,47
5,4,0.95303167996305,0.892433841485544,47
6,4,0.937317864762032,0.7370222708389,47
1,5,0.992913678037962,0.997427907367929,47
2,5,0.991755953154356,0.758607039066223,47
4,5,0.977385662109909,0.537786339312396,47
3,5,0.958172644125702,0.595656731284677,47
5,5,0.942643963086132,0.424903078240141,47
6,5,0.941906366257973,0.713278562867216,47
1,6,0.992887522607645,0.980112390032945,47
2,6,0.990962150253886,0.990357982997928,47
4,6,0.97735854058551,0.877714950634655,47
3,6,0.955363716262716,0.799128216636617,47
5,6,0.951063815091333,0.408377617703517,47
6,6,0.941367865608949,0.604531582352284,47
1,7,0.99286056162792,0.984315521281518,47
2,7,0.991925440702354,0.856172596821724,47
4,7,0.978486092156978,0.852138722296031,47
3,7,0.957826899177273,0.794210296582307,47
5,7,0.950359773079254,0.653901578134102,47
6,7,0.938255743558023,0.90726491802127,47
1,8,0.993309561544583,0.944321771627888,47
2,8,0.992504726862062,0.62136527384599,47
4,8,0.976002353654866,0.895925092678452,47
3,8,0.95665522788384,0.789496548564346,47
5,8,0.959215177472358,0.0309725307092137,47
6,8,0.937622184097101,0.660258085148294,47
1,9,0.995935769862212,0.916807860058255,47
2,9,0.991403824715104,0.980532127826165,47
4,9,0.977717198624855,0.747915323584919,47
3,9,0.957543799905728,0.941882929647927,47
5,9,0.950697641884559,0.604012762518137,47
6,9,0.939972831676953,-0.147759035601343,47
1,10,0.993151855831004,0.981751753705551,47
2,10,0.991820262942569,0.864681288560425,47
4,10,0.977681941069155,0.692211982396902,47
3,10,0.960072099300395,0.491429639864007,47
5,10,0.951896382091351,0.753022547334582,47
6,10,0.935736996337741,-0.0355328615190858,47
1,11,0.993640303591952,0.83878284613367,47
2,11,0.992845647939318,0.835509038536046,47
4,11,0.982391577499297,0.708302647134614,47
3,11,0.96035464066057,0.901356730439801,47
5,11,0.948861403909061,0.871447926666751,47
6,11,0.941752541372407,-0.018040883989833,47
1,12,0.992890317429775,0.985946974902414,47
2,12,0.991848255817049,0.89722726675845,47
4,12,0.9786724355179,0.894255608973542,47
3,12,0.955617795562902,0.909046986444273,47
5,12,0.964824401461976,0.88316786830428,47
6,12,0.940584538846252,0.943206145334484,47
1,13,0.993123114368081,0.927759183907258,47
2,13,0.991080129006515,0.995481042573236,47
4,13,0.977527180087952,0.713759387990144,47
3,13,0.956421599597803,0.977535622927613,47
5,13,0.952054178997787,0.648268553355931,47
6,13,0.93902864972272,0.378151026211288,47
1,14,0.993383965909043,0.97197590407734,47
2,14,0.990897767706174,0.984584042629923,47
4,14,0.975544855834932,0.976506820939327,47
3,14,0.9560977383264,0.955247947484732,47
5,14,0.9525914429081,0.582074991684834,47
6,14,0.939002135485506,0.649412253586072,47
1,15,0.993596158374512,0.9346666029661,47
2,15,0.991731996383818,0.963114562006985,47
4,15,0.977601594398199,0.877751413130138,47
3,15,0.957004840372943,0.903272966537243,47
5,15,0.955710843113579,0.620266111668371,47
6,15,0.937654758135229,0.641833603698261,47
1,1,0.997573668035641,0.964220441071154,48
2,1,0.996025128610745,0.955951455691457,48
4,1,0.988806612406189,0.615775584160951,48
3,1,0.987019515628484,0.662738356683338,48
5,1,0.982876538695474,0.677673539984046,48
6,1,0.966509557585321,0.631305950355607,48
1,2,0.997542303652152,0.944785323025388,48
2,2,0.996063401684297,0.884294816093985,48
4,2,0.988900531122406,0.5919294223975,48
3,2,0.982463210049565,0.696921274868104,48
5,2,0.983854611618561,0.148940661776662,48
6,2,0.967691143266232,0.516085354569268,48
1,3,0.997420437738005,0.995292251771079,48
2,3,0.996568619534154,0.542302905193389,48
4,3,0.987553409186745,0.916587583004559,48
3,3,0.97992807575109,0.875440290128041,48
5,3,0.982273136501294,0.380340819894922,48
6,3,0.968431610782477,-0.483828609716958,48
1,4,0.997369231594987,0.97093412344082,48
2,4,0.995621710873443,0.947966657485934,48
4,4,0.988866204561647,0.901196590503642,48
3,4,0.981093453347769,0.622229813702943,48
5,4,0.983691200729909,0.732779286115327,48
6,4,0.967977632309138,0.262918505506088,48
1,5,0.997476813820469,0.992702022470464,48
2,5,0.995764314750604,0.979662343263955,48
4,5,0.989604961238049,0.944309524804833,48
3,5,0.980084464186748,0.885837821686676,48
5,5,0.98520046355583,0.855466640180637,48
6,5,0.966914302264363,0.529446349575346,48
1,6,0.997200756272918,0.978747152269864,48
2,6,0.99616638687664,0.959758807816055,48
4,6,0.990147430552808,0.645966843904469,48
3,6,0.980022497852469,0.796170933008738,48
5,6,0.983600015290508,0.759049517822375,48
6,6,0.967302440112594,0.671342887733341,48
1,7,0.997713407834261,0.955408552151673,48
2,7,0.99601671767217,0.964253714252275,48
4,7,0.988060295678012,0.931774097915564,48
3,7,0.979526439165499,0.805328270189567,48
5,7,0.983138170713589,0.569428472459804,48
6,7,0.970500159420564,0.236485030443485,48
1,8,0.997317218219815,0.977125608389268,48
2,8,0.996330601419484,0.738250140697001,48
4,8,0.988696747145863,0.483574887267751,48
3,8,0.982569466217603,0.433374297234798,48
5,8,0.984292693195445,0.77121453994407,48
6,8,0.964276197569115,0.337265709859582,48
1,9,0.997859434744967,0.929875961560793,48
2,9,0.99606448745748,0.879086343270007,48
4,9,0.98798285419679,0.807447118290009,48
3,9,0.986317513809628,0.844678118537559,48
5,9,0.985518676877779,0.41451540614702,48
6,9,0.977369280706802,0.377655927647552,48
1,10,0.997277430218356,0.992329888802362,48
2,10,0.995889458971494,0.948294995508412,48
4,10,0.98920253735873,-0.715470355077611,48
3,10,0.979453965232588,0.510685166872798,48
5,10,0.983219295314861,0.766972546356999,48
6,10,0.966169513679111,0.819087147547076,48
1,11,0.997386903516499,0.983179917807426,48
2,11,0.995801665056059,0.955508015088807,48
4,11,0.990233672691801,0.434356159173186,48
3,11,0.980408392107536,0.932572957029515,48
5,11,0.974778301187041,0.668134258956245,48
6,11,0.971084876373247,0.791156228718724,48
1,12,0.997591042239004,0.777886683555226,48
2,12,0.996281978626316,0.6947930907339,48
4,12,0.989792331380848,0.938688346379985,48
3,12,0.978761535045096,0.405299509373833,48
5,12,0.984957296430914,0.155622001597586,48
6,12,0.966728187202388,0.575260629613405,48
1,13,0.998185345041836,0.928663027700338,48
2,13,0.996169601878786,0.856005581728688,48
4,13,0.990399392428187,0.70116213074508,48
3,13,0.980753354439641,0.897677309932249,48
5,13,0.985539156613179,0.465117525473858,48
6,13,0.966386152081279,0.687102105442556,48
1,14,0.997458683980549,0.990559834109483,48
2,14,0.995797442831918,0.986361059384877,48
4,14,0.988719430493267,0.878407767306768,48
3,14,0.984606616103579,0.736062466426143,48
5,14,0.982646065304772,0.399366264386259,48
6,14,0.965444617690256,0.786663374247803,48
1,15,0.997526587654592,0.93758112604345,48
2,15,0.995511253095162,0.979736600809426,48
4,15,0.98937260645215,0.42319130058391,48
3,15,0.980114101539769,0.914186959297393,48
5,15,0.983265586273749,0.402609975949754,48
6,15,0.969436279586467,0.844915369828889,48
1,1,0.993942899757433,0.990733516705083,49
2,1,0.990325125170586,0.983345399972169,49
4,1,0.977762635799354,0.87164853321056,49
3,1,0.958630738866064,0.513654003837532,49
6,1,0.954798628724185,0.483952233290911,49
5,1,0.947618440258972,0.456129954400362,49
1,2,0.994339465746902,0.958776025633973,49
2,2,0.991103689931666,0.960367175273278,49
4,2,0.974326062788897,0.792614409813134,49
3,2,0.960778733829995,0.790559354061512,49
6,2,0.952132487331491,0.415949745138191,49
5,2,0.950787742681524,0.735305101734042,49
1,3,0.993661900514174,0.997252319237365,49
2,3,0.991303260065766,0.979816814398735,49
4,3,0.977522108828845,0.955514357213958,49
3,3,0.963761729719031,0.760835133199252,49
6,3,0.957703034153332,0.909016598173986,49
5,3,0.941150436146924,0.824280680096788,49
1,4,0.99410380374467,0.951768290640589,49
2,4,0.991178437234594,0.929516561481376,49
4,4,0.977532350218261,-0.381568767178341,49
3,4,0.958912609395077,0.910086988053902,49
6,4,0.956989264382993,0.403805227848506,49
5,4,0.947915475850503,0.359691911442317,49
1,5,0.995384096431721,0.921498703866934,49
2,5,0.991229439059044,0.971583166848648,49
4,5,0.978340936368617,0.927889187181513,49
3,5,0.959318918255795,0.909500475628012,49
6,5,0.95206823656935,0.218881772708704,49
5,5,0.946752403798643,0.111456043756108,49
1,6,0.995450327423707,0.806771792132492,49
2,6,0.991465926882962,0.809737811150572,49
4,6,0.978945231664568,0.797984251070429,49
3,6,0.957888751764627,0.85440485164909,49
6,6,0.957688400388868,-0.325006588095781,49
5,6,0.946025614880799,0.568631537973921,49
1,7,0.99392731671875,0.986770669042558,49
2,7,0.991267160017546,0.873650926210284,49
4,7,0.976943442702514,0.924977013774751,49
3,7,0.960031630104799,0.344716382167101,49
6,7,0.955204305659527,-0.150281478491253,49
5,7,0.941224145033075,0.779661998431924,49
1,8,0.993940128329643,0.988412485529291,49
2,8,0.991290288797561,0.872665273126326,49
4,8,0.976269765178866,0.916368279932519,49
3,8,0.957800580405271,0.974339882649445,49
6,8,0.955952022464895,0.640723570252759,49
5,8,0.94939845985794,0.840060277780386,49
1,9,0.993573359786667,0.970149781979448,49
2,9,0.993258819412609,0.114263606187504,49
4,9,0.980915826501869,0.447143296224364,49
3,9,0.972024950851167,0.719867392929291,49
6,9,0.957610150833857,0.312720968176544,49
5,9,0.952208254990217,0.555690822817155,49
1,10,0.993968715786175,0.994934799951426,49
2,10,0.990753783666736,0.968553241568944,49
4,10,0.980028572304884,0.627660172282884,49
3,10,0.958448351560311,0.788532705357073,49
6,10,0.954016912723805,-0.170713775906575,49
5,10,0.942737325796342,0.728686878485221,49
1,11,0.993847392979947,0.995929932940446,49
2,11,0.990996392327841,0.813483266375943,49
4,11,0.977377799172182,0.858596719698519,49
3,11,0.957979772099533,0.771642178328241,49
6,11,0.953873997187789,-0.309355792343876,49
5,11,0.94037877732221,0.925228712676783,49
1,12,0.994161950135257,0.966768523953558,49
2,12,0.99154728081004,0.961542592738913,49
4,12,0.973110214007184,0.93795346545938,49
3,12,0.957879408628856,0.829834285953859,49
6,12,0.948232585614792,0.0294143784099798,49
5,12,0.951625326083216,0.901885223478891,49
1,13,0.993731082466346,0.980027757338681,49
2,13,0.990053788866778,0.967292803993495,49
4,13,0.973946359576535,0.957012648267425,49
3,13,0.957883429542273,0.7618421800336,49
6,13,0.952869420073887,-0.0249136711728736,49
5,13,0.949425286693178,0.713512480228782,49
1,14,0.994186158444827,0.894983448991396,49
2,14,0.991497970137076,0.905251618210872,49
4,14,0.978953107476377,0.897359950462363,49
3,14,0.958439414155777,0.844376790354728,49
6,14,0.947932843052556,-0.238630360403934,49
5,14,0.928193551182438,0.784958874751813,49
1,15,0.993516413475794,0.993846458039468,49
2,15,0.990256380410053,0.983352289592148,49
4,15,0.976873973013838,0.81610105534848,49
3,15,0.956160711198928,0.894614045972356,49
6,15,0.950353583523551,0.477908499368427,49
5,15,0.941896372676633,0.888367604855828,49
1,1,0.997534539674093,0.993754778584088,50
2,1,0.996589587720515,0.910396775336365,50
3,1,0.990163562318863,0.760938054302753,50
4,1,0.976112990222401,0.943130727160923,50
5,1,0.980196359303638,0.656946981199994,50
6,1,0.970559128292724,0.766274754910817,50
1,2,0.997697329463897,0.886664447710013,50
2,2,0.996648656280785,0.976279236508853,50
3,2,0.990272171351575,0.458298318356931,50
4,2,0.977182235537145,0.816416983966519,50
5,2,0.976873438923473,0.598547188038875,50
6,2,0.969714547694759,-0.0369121504695296,50
1,3,0.99770564359506,0.980567498343623,50
2,3,0.996474995397581,0.934965697299986,50
3,3,0.991724690264754,0.712329995131328,50
4,3,0.988225271147236,0.477153282551779,50
5,3,0.979816736069506,0.689640135175505,50
6,3,0.975678659367976,0.384989780106007,50
1,4,0.99756936459781,0.990571908572893,50
2,4,0.996359694989041,0.976217448398091,50
3,4,0.9903960957835,0.985522329864665,50
4,4,0.975188049733093,0.813587634770968,50
5,4,0.981833284390234,0.837611464938454,50
6,4,0.971847191013837,0.805161084763049,50
1,5,0.997810361785666,0.985485824422744,50
2,5,0.99656828621477,0.847990306783119,50
3,5,0.990519529469138,0.746993150833312,50
4,5,0.974811200539645,0.820509641202539,50
5,5,0.97642446578032,0.772654551351724,50
6,5,0.971348290800769,0.757247122951966,50
1,6,0.997694983375581,0.999188660023557,50
2,6,0.996599478274863,0.990611411815981,50
3,6,0.991208068078021,0.70337565013898,50
4,6,0.973529195135561,0.954027348665696,50
5,6,0.98015113135651,0.712407909225832,50
6,6,0.971374979176133,0.808526396164285,50
1,7,0.998178406443341,0.791786693529777,50
2,7,0.996522342154587,0.980445627078473,50
3,7,0.99007341863553,0.920245052845829,50
4,7,0.974084149798786,0.582570983816062,50
5,7,0.979239474290149,0.872803657760296,50
6,7,0.971143710482209,0.372079963787881,50
1,8,0.997678052764254,0.795546522255639,50
2,8,0.996647468169281,0.944034833472054,50
3,8,0.990370490541727,0.711763814398713,50
4,8,0.973638191912972,0.717437625981349,50
5,8,0.981977069528623,0.786434379701651,50
6,8,0.969743484400702,0.47142412647122,50
1,9,0.998413730468985,0.955409074472413,50
2,9,0.997256524464806,0.713607437491602,50
3,9,0.991522493521492,0.878741813346714,50
4,9,0.979679895246134,-0.521443604059673,50
5,9,0.982299365925715,0.0920682485253698,50
6,9,0.97036382462057,0.569914293413485,50
1,10,0.997628402123002,0.979295815690826,50
2,10,0.997126226784731,0.791335575231091,50
3,10,0.99186028772579,0.170059269139461,50
4,10,0.9749263155274,0.895569438435793,50
5,10,0.980655376105022,-0.0465670026251762,50
6,10,0.972028660358494,0.44903511611705,50
1,11,0.997989733923358,0.987762079703831,50
2,11,0.99684126945876,0.973618067167415,50
3,11,0.990919742288534,0.495962062604746,50
4,11,0.975051839620674,0.792117123698867,50
5,11,0.979693718930886,0.607507405649025,50
6,11,0.973374617594331,0.657160352051227,50
1,12,0.99750579864708,0.983990334299639,50
2,12,0.996764005676901,0.961841845780956,50
3,12,0.989608363809278,0.955530227983981,50
4,12,0.975118092060385,0.856995145359035,50
5,12,0.979289402077698,0.632298246454432,50
6,12,0.971197154567746,0.815102016315141,50
1,13,0.998323149633313,0.875646723741839,50
2,13,0.996885198422506,0.955481132793487,50
3,13,0.989881624551157,0.863575866312173,50
4,13,0.975692858083646,0.862760626834739,50
5,13,0.979476107090967,0.803275617164323,50
6,13,0.969219011581107,0.00415363597068216,50
1,14,0.997737483392456,0.983561618541344,50
2,14,0.996450055903325,0.983734404810757,50
3,14,0.990843743020375,0.942449282917389,50
4,14,0.981918907523468,0.709631430927536,50
5,14,0.980428709496299,0.667131819454923,50
6,14,0.969220154402056,0.760461383025832,50
1,15,0.997658809062737,0.980048062592766,50
2,15,0.996680596966315,0.975258939250667,50
3,15,0.99054174320111,0.893748855751285,50
4,15,0.976653021748024,0.745803948305004,50
5,15,0.978966241784252,0.936483894570055,50
6,15,0.970094659304684,0.684405541499542,50
1,1,0.999300023587572,0.955946072727491,51
2,1,0.999024618146008,0.983174919482659,51
4,1,0.996796375025656,0.707571992605529,51
3,1,0.993883160052067,0.841405951856257,51
6,1,0.994315288078704,-0.149606577784393,51
5,1,0.985819532070739,0.258533378409226,51
1,2,0.999430960093184,0.977145832948767,51
2,2,0.99895943979937,0.946364220938723,51
4,2,0.996062702232302,0.982563990667953,51
3,2,0.993870728948658,0.899800786792608,51
6,2,0.994606184131688,0.891728217321713,51
5,2,0.988202877675578,0.267655754345777,51
1,3,0.999267113412372,0.996417164713351,51
2,3,0.999070103861701,0.894530015308571,51
4,3,0.996899528692333,0.731386943647149,51
3,3,0.993200451257705,0.895667295881791,51
6,3,0.993580815614375,0.324886329035942,51
5,3,0.983838959214023,0.0715444973821674,51
1,4,0.999245813892478,0.97136855188553,51
2,4,0.999014941412942,0.884808484241194,51
4,4,0.996544808435421,0.233559651481083,51
3,4,0.993238269321327,0.871403797683557,51
6,4,0.994076162656806,0.239006842765618,51
5,4,0.985528448449773,0.346448943458801,51
1,5,0.999191166659965,0.992966935664957,51
2,5,0.998860136751535,0.981627499667091,51
4,5,0.996182293618519,0.928554216862933,51
3,5,0.994036839523207,0.678947038855189,51
6,5,0.995007866368287,0.238775325452743,51
5,5,0.983883862845321,0.305059957420342,51
1,6,0.999332657746847,0.858428763075616,51
2,6,0.998638736350794,0.999192510567655,51
4,6,0.996594570580423,-0.0895586390584564,51
3,6,0.992965767871935,0.861818035627007,51
6,6,0.993879176584256,0.675716848632743,51
5,6,0.984229476160382,0.719216970797206,51
1,7,0.999562063015867,0.882630989694716,51
2,7,0.998887874327716,0.970694935208647,51
4,7,0.996712978237757,0.77387245748966,51
3,7,0.99372980599864,0.872950911440598,51
6,7,0.994623551271984,0.659597264102057,51
5,7,0.983626975886733,0.574094022899278,51
1,8,0.999301410921562,0.995568557639759,51
2,8,0.998974383328242,0.950460595490657,51
4,8,0.997110084476801,0.830734204984849,51
3,8,0.993033895648145,0.784786553451036,51
6,8,0.994247115822872,0.66594484330355,51
5,8,0.984466544461161,0.451209889369465,51
1,9,0.999335785509356,0.92455545968743,51
2,9,0.998997364643853,0.92621258707831,51
4,9,0.996897834509523,0.807834549942764,51
3,9,0.993579688531525,0.918000769957448,51
6,9,0.994449503664887,0.150447647003072,51
5,9,0.983676965457402,0.834983721863552,51
1,10,0.999295340459095,0.834530107187157,51
2,10,0.998975241871439,0.956951131518212,51
4,10,0.9967419923159,0.233095514730553,51
3,10,0.994083396318636,0.791086330539195,51
6,10,0.995385429494041,0.473035069084704,51
5,10,0.983652056327332,0.621809508695466,51
1,11,0.999274798903265,0.979019001873124,51
2,11,0.998818967534499,0.988948081668185,51
4,11,0.996675719902504,0.50923534221925,51
3,11,0.99331825419185,0.700611937735652,51
6,11,0.994529340944606,0.598954880106363,51
5,11,0.984025225708199,0.223389051424038,51
1,12,0.999227113618884,0.991683720158105,51
2,12,0.998970036968145,0.953397258665954,51
4,12,0.996805367767251,0.267363122832507,51
3,12,0.995548345157455,0.887713357514886,51
6,12,0.99408127522056,-0.00778160817994711,51
5,12,0.986090292919397,-0.22187424124262,51
1,13,0.999345970477032,0.979452194210662,51
2,13,0.999116727087774,0.711681910855687,51
4,13,0.997031615576544,0.418671029614763,51
3,13,0.99653249664155,0.763876609946558,51
6,13,0.994444612055114,0.358992861899699,51
5,13,0.992924544057884,0.768900612359838,51
1,14,0.999267036620681,0.950562585089176,51
2,14,0.999156415259831,0.818864387309462,51
4,14,0.996988889956807,0.764715557711744,51
3,14,0.99386670664462,0.876055561884041,51
6,14,0.99428188268194,0.488428128976018,51
5,14,0.983386820289128,0.730442233138046,51
1,15,0.999241915145848,0.929618627822176,51
2,15,0.99898413536126,0.924539648541277,51
4,15,0.99696142791611,0.908033997259166,51
3,15,0.993507578745474,0.829505504769555,51
6,15,0.994613604063674,-0.222078757564772,51
5,15,0.983584443680207,0.280864390978612,51
1,1,0.997056268585488,0.929397713117672,52
2,1,0.996727429341898,0.795513779972004,52
4,1,0.989585838543282,0.928003010389107,52
3,1,0.984797078446335,0.628566062041797,52
5,1,0.984422978326086,0.51249195915747,52
6,1,0.971837080631931,0.680563178932328,52
1,2,0.997118788778012,0.989838506337742,52
2,2,0.996547902897398,0.950305667003658,52
4,2,0.992175170637565,0.682064512135784,52
3,2,0.986713053785514,0.839060721380273,52
5,2,0.984817697126344,0.00286980656111463,52
6,2,0.975056790285923,-0.298839929047584,52
1,3,0.997240030920874,0.958767719266656,52
2,3,0.996465309456249,0.982055283447061,52
4,3,0.991108376670225,0.966566243927789,52
3,3,0.986858889955559,0.914130949507881,52
5,3,0.979114439754655,0.82993667579032,52
6,3,0.973965694979417,0.557240577226562,52
1,4,0.997634229557183,0.895354570305552,52
2,4,0.996100323411699,0.989534490376617,52
4,4,0.992197982967238,0.669428631144877,52
3,4,0.985362184663816,0.869143050528602,52
5,4,0.983976446000773,0.330284493155716,52
6,4,0.971936356769673,0.751207433256899,52
1,5,0.997325031271376,0.972717359682452,52
2,5,0.996553730028957,0.923800401556902,52
4,5,0.99231902959547,0.856638519049202,52
3,5,0.985881040773723,0.736310871589591,52
5,5,0.990244377324152,0.586453890918234,52
6,5,0.975098506973356,0.585411130424042,52
1,6,0.997078023186169,0.992436317200253,52
2,6,0.996447899324664,0.808536068599462,52
4,6,0.990386539871956,0.346909413138865,52
3,6,0.990852777066548,0.924323673898664,52
5,6,0.982001220646957,0.586929877987556,52
6,6,0.97810862347576,0.71306873433038,52
1,7,0.997389473023246,0.934473118311537,52
2,7,0.996057968786399,0.964961438745813,52
4,7,0.990678982966092,0.910125015930086,52
3,7,0.988323311236679,0.75518417328378,52
5,7,0.983862249821378,0.472809401809809,52
6,7,0.972582819179471,0.62329488265185,52
1,8,0.997132523631159,0.923177007500679,52
2,8,0.996361722838157,0.979997200431833,52
4,8,0.992915217788037,0.521049052632063,52
3,8,0.985593378247914,0.969372544912475,52
5,8,0.983271161053255,0.723807375175888,52
6,8,0.972330233272586,0.721431247472217,52
1,9,0.997001254722649,0.989141282778943,52
2,9,0.996541329895348,0.962939824597234,52
4,9,0.992286161754064,0.900154972917463,52
3,9,0.986294318337064,0.849914678672579,52
5,9,0.984094961322418,0.833290197629811,52
6,9,0.973573969867878,0.82440725473191,52
1,10,0.997029502788525,0.989517477211884,52
2,10,0.996572339688433,0.900189073009355,52
4,10,0.99101993844241,0.920462281174948,52
3,10,0.984995471045489,0.836781718699014,52
5,10,0.984578553793649,0.198694588585347,52
6,10,0.973088486435227,0.686491661447311,52
1,11,0.997402147159293,0.919842043150875,52
2,11,0.997274972588836,0.83072845507207,52
4,11,0.991930410331423,0.943623671604951,52
3,11,0.98773669178746,0.794257527989187,52
5,11,0.984068088108238,0.360443191113272,52
6,11,0.971252131739435,0.0467902440994355,52
1,12,0.99712340508907,0.907482162428056,52
2,12,0.996674573277145,0.927720377057147,52
4,12,0.9917917902013,0.0669173613427659,52
3,12,0.98625412269039,0.722905667619117,52
5,12,0.984431974893053,0.673983087384619,52
6,12,0.9729690923476,0.6950689382892,52
1,13,0.998240151605732,0.961226840520942,52
2,13,0.996684778200472,0.929152657640764,52
4,13,0.991067801410606,0.812306524813039,52
3,13,0.985225346036586,0.897796946664442,52
5,13,0.985089766379692,0.46962983039001,52
6,13,0.97348183523513,-0.200210389484953,52
1,14,0.997355850179376,0.99065112344272,52
2,14,0.9964466311065,0.944035612344268,52
4,14,0.992076916363276,0.84561777008063,52
3,14,0.985693403215497,0.757999979937253,52
5,14,0.98495738815249,0.859847189374156,52
6,14,0.973397411677832,0.13839717483475,52
1,15,0.99694213221605,0.991103717896605,52
2,15,0.996517327307318,0.974539844172324,52
4,15,0.992693078575629,0.698932979012987,52
3,15,0.985341760782637,0.952436858227069,52
5,15,0.984021071542399,0.639442538368696,52
6,15,0.976615902618283,0.224433792455288,52
1,1,0.999824005701527,0.955557364326479,53
2,1,0.999558564704823,0.901160938466545,53
4,1,0.999041854194856,0.960289660880164,53
3,1,0.998362482988784,0.93691455685595,53
5,1,0.997663703895468,0.786700699303814,53
6,1,0.996505771392476,0.36960788445458,53
1,2,0.999866128581051,0.856044487930651,53
2,2,0.999615884234884,0.958524997598243,53
4,2,0.999070610769198,0.817247795283636,53
3,2,0.998532437088671,0.849082111051717,53
5,2,0.997757488375212,-0.0450256799970088,53
6,2,0.995799001128812,0.376331099357811,53
1,3,0.999795396793235,0.951960507774405,53
2,3,0.999575694077865,0.94977434340628,53
4,3,0.998978969104717,0.905246347216153,53
3,3,0.998873472420164,0.657918186879741,53
5,3,0.997671270503169,0.553118861358311,53
6,3,0.994736428529554,0.929075816228422,53
1,4,0.999786645421309,0.979271153542861,53
2,4,0.999578548826043,0.958442304434911,53
4,4,0.999172492433485,0.401266239341736,53
3,4,0.998478350455553,0.732408013566889,53
5,4,0.997510536912508,0.909027241951336,53
6,4,0.995490099262606,-0.261740863964935,53
1,5,0.999845468078876,0.946687506112775,53
2,5,0.999565176665201,0.953421286631847,53
4,5,0.999127816550613,0.970948379279562,53
3,5,0.998398611297403,0.629217576079872,53
5,5,0.998234524771453,0.421398774102779,53
6,5,0.995349243463275,0.164499320016359,53
1,6,0.999789063980587,0.973742675405435,53
2,6,0.999504112278387,0.9612222891449,53
4,6,0.99908712244003,0.925344614139297,53
3,6,0.99825350633613,0.46126497343322,53
5,6,0.997775664461548,-0.137133413897846,53
6,6,0.994736838168721,0.717683761358169,53
1,7,0.999764252513398,0.981161699087528,53
2,7,0.99962824926336,0.910129998659971,53
4,7,0.999083997152443,0.753991704209353,53
3,7,0.998399070670316,0.693147308573379,53
5,7,0.997691704138502,0.170027026237958,53
6,7,0.994500888800667,0.785595595545665,53
1,8,0.999798775018541,0.909866797994179,53
2,8,0.99956208536918,0.658931221099542,53
4,8,0.999158230256721,0.642410944174388,53
3,8,0.998991067835686,0.841480174196344,53
5,8,0.998489692602568,0.545990279584564,53
6,8,0.998051030950031,0.0597966622859563,53
1,9,0.999784203023329,0.994894930537249,53
2,9,0.999575585008533,0.867748135373477,53
4,9,0.999348086182161,0.391433512751641,53
3,9,0.998297918216594,0.662358721117225,53
5,9,0.998168434549388,0.648819967709513,53
6,9,0.995068894803765,-0.205049477411322,53
1,10,0.999827719361635,0.972777698724285,53
2,10,0.999558481315133,0.953861973201416,53
4,10,0.999209191810883,-0.585002160837075,53
3,10,0.998254670275251,0.87369833958277,53
5,10,0.997900554548947,0.0752277611579569,53
6,10,0.994522831614399,0.893014352364857,53
1,11,0.999796844473909,0.991450674821081,53
2,11,0.999515323024484,0.969832397604618,53
4,11,0.999056558142023,0.988037406752632,53
3,11,0.99854027423437,0.890982257897181,53
5,11,0.99743995324744,0.658592993695959,53
6,11,0.995048529184726,0.511245957291801,53
1,12,0.999793905818249,0.966679700361524,53
2,12,0.999558567285057,0.940973444438092,53
4,12,0.999014796231466,0.811641968232385,53
3,12,0.998336319806985,0.811137320959886,53
5,12,0.997511014702181,0.669895985793087,53
6,12,0.995288817540779,-0.278896422892615,53
1,13,0.999793852696167,0.98601075120505,53
2,13,0.999586660134765,0.862600233298149,53
4,13,0.999155165770766,0.72681144524748,53
3,13,0.997990362260517,0.805647091480922,53
5,13,0.997239174661558,0.921309045048931,53
6,13,0.994963953150951,0.509347488644649,53
1,14,0.999798884963499,0.874520870547078,53
2,14,0.999586331382293,0.863146365108322,53
4,14,0.999078879973448,0.794682005516116,53
3,14,0.998225993452086,0.977280983199271,53
5,14,0.997575904561814,-0.0464650287976946,53
6,14,0.994710988693662,0.682277321454693,53
1,15,0.999815369029304,0.875474264148469,53
2,15,0.999555596315685,0.969963855628607,53
4,15,0.999043059641565,0.604164443465412,53
3,15,0.99822389165871,0.960767327260441,53
5,15,0.997430550418048,0.445424390191767,53
6,15,0.994693016820543,0.535095316413621,53
1,1,0.997545255451286,0.751748609431019,54
2,1,0.996107546644576,0.95665648043796,54
4,1,0.990062110049109,0.587748927232202,54
3,1,0.980818241354125,0.754723126994459,54
6,1,0.982023076548228,0.063515593993257,54
5,1,0.968416763577246,0.644461418229188,54
1,2,0.997629483038226,0.941053489094582,54
2,2,0.996029181409171,0.939614598867118,54
4,2,0.990388799469369,0.882451640856442,54
3,2,0.980099562225275,0.803749474156432,54
6,2,0.980079169706613,0.454814668208098,54
5,2,0.96955943637178,-0.235152142146749,54
1,3,0.997201271420502,0.99591565974498,54
2,3,0.995970911472525,0.984785898879762,54
4,3,0.991975476318528,0.327021301509315,54
3,3,0.980378680925153,0.795981535561618,54
6,3,0.982374123940867,-0.0385432253388039,54
5,3,0.964440632559721,0.780620054393044,54
1,4,0.997499012220123,0.947797639982363,54
2,4,0.996243499821459,0.930065600925175,54
4,4,0.990023926448398,0.830335422897045,54
3,4,0.982022374714383,0.722159364378478,54
6,4,0.974583667768597,0.28349044325266,54
5,4,0.970507802878035,0.689623535228107,54
1,5,0.997358900820424,0.981252182128458,54
2,5,0.996858259354525,0.783290219791934,54
4,5,0.991840506174601,0.888965336953881,54
3,5,0.979010685139115,0.840319104950862,54
6,5,0.982535923630305,-0.260789380074893,54
5,5,0.971919374639379,0.50869703943723,54
1,6,0.997617758137393,0.943623327280063,54
2,6,0.996196756581207,0.98849498167744,54
4,6,0.989621462410265,0.932597047563497,54
3,6,0.981062247571795,0.873897668070974,54
6,6,0.98008152327696,0.919547041999279,54
5,6,0.964994091692627,0.825300840293052,54
1,7,0.997418618305762,0.947485920394839,54
2,7,0.996506946127071,0.790878185837362,54
4,7,0.990456766950559,0.121467856146601,54
3,7,0.978094205396306,0.869725445120574,54
6,7,0.980837640128105,0.246619805241276,54
5,7,0.964904893076215,0.773723115972051,54
1,8,0.997384795521483,0.981201571287963,54
2,8,0.996291532262612,0.958140994511634,54
4,8,0.9903570346523,0.830055925646036,54
3,8,0.981130655678969,0.49328038955817,54
6,8,0.981495925602111,0.404947606101084,54
5,8,0.969511316110817,0.106418114863298,54
1,9,0.997327191165863,0.982838362032241,54
2,9,0.99598485239661,0.983243760002557,54
4,9,0.990149322431138,0.332453523409438,54
3,9,0.9795339188576,0.951876736774939,54
6,9,0.979566905876484,0.842999739922707,54
5,9,0.965246600735453,0.916262506236488,54
1,10,0.997849086818318,0.890566194319768,54
2,10,0.996628241408263,0.8055701089397,54
4,10,0.989619230777933,0.837293456222153,54
3,10,0.980352864741007,0.683769537214546,54
6,10,0.98513493362937,0.963450521754699,54
5,10,0.971119111231267,0.444072412164824,54
1,11,0.998013179374992,0.968649025530877,54
2,11,0.996032676121705,0.991048878865533,54
4,11,0.989647693154979,0.971719311198872,54
3,11,0.981607177453216,0.815558410456763,54
6,11,0.979941992677781,0.594629262443158,54
5,11,0.966785518490737,0.618246653332276,54
1,12,0.997464620036671,0.850143035777611,54
2,12,0.996063127039171,0.987618558951381,54
4,12,0.989900409634352,0.782147382027528,54
3,12,0.980297669740925,0.801889038359394,54
6,12,0.980668868946643,0.529348973341207,54
5,12,0.966924082338152,0.220093006692862,54
1,13,0.997262985243395,0.985669103030036,54
2,13,0.996409952926854,0.86721147182227,54
4,13,0.990674740539074,0.699998534488218,54
3,13,0.981522216143772,0.656549898065479,54
6,13,0.979577556269115,0.89862290829551,54
5,13,0.969823834422384,0.64539164485614,54
1,14,0.997232106399014,0.991530264015476,54
2,14,0.996542282987372,0.26172530134464,54
4,14,0.990586882284528,0.901999592157373,54
3,14,0.980753282691813,0.512662655436292,54
6,14,0.98048591083222,0.599708813574516,54
5,14,0.972715023691399,-0.591291208176873,54
1,15,0.997562853405579,0.985745342281618,54
2,15,0.996274301732783,0.920567908449451,54
4,15,0.990156457781289,0.922822335957932,54
3,15,0.986422394266666,0.662404355356127,54
6,15,0.980609010257585,-0.569211311560663,54
5,15,0.975193031759061,0.118077112911794,54
1,1,0.985191526160952,0.963878091352122,55
2,1,0.984016797780019,0.974652904856323,55
4,1,0.954955973226503,0.854596014807933,55
3,1,0.931995843636069,0.924908290343498,55
6,1,0.928688519890324,0.715559616148182,55
5,1,0.894287781736662,0.65475692111945,55
1,2,0.984726575603871,0.962304729534218,55
2,2,0.985269670494005,0.933832624732548,55
4,2,0.956502005249197,0.899349838016364,55
3,2,0.927487556050056,0.873993316685435,55
6,2,0.916427880846175,0.827293103117168,55
5,2,0.8922302717653,0.790073088279091,55
1,3,0.985124764713749,0.9880498377193,55
2,3,0.983730040274835,0.98574099742687,55
4,3,0.956595667693309,0.840223408792595,55
3,3,0.93196948363192,0.850010547777386,55
6,3,0.920160927386665,0.312776773786106,55
5,3,0.886022305446518,0.818253077810125,55
1,4,0.991285863277402,0.873279990986294,55
2,4,0.984881378048782,0.957566876267661,55
4,4,0.952242759661304,0.752580645100992,55
3,4,0.932653235227981,0.91949885417428,55
6,4,0.914816698515598,0.88246239867235,55
5,4,0.898252575000554,-0.124013387173986,55
1,5,0.985588598250455,0.937236871438089,55
2,5,0.984182897976669,0.993815082998119,55
4,5,0.951837316145432,0.920119971326158,55
3,5,0.937434799609251,0.484162864148394,55
6,5,0.91677536593205,0.629416757036433,55
5,5,0.885665820697329,0.847601832077041,55
1,6,0.984302824453181,0.958661873806961,55
2,6,0.986301032971356,0.940740561008148,55
4,6,0.963980206348025,-0.0957943864707612,55
3,6,0.952976789858719,0.78091216582635,55
6,6,0.919553665860404,0.411421256653755,55
5,6,0.907185507640205,0.21767953967844,55
1,7,0.988170970198825,0.820744434076212,55
2,7,0.986685625700126,0.957991300014796,55
4,7,0.957842108792697,0.942530239075274,55
3,7,0.935505048640845,0.795668194115248,55
6,7,0.922455484609986,0.540847703698988,55
5,7,0.893813023754127,0.71175295310077,55
1,8,0.985216982904315,0.989033823904522,55
2,8,0.984685925307247,0.983485372006361,55
4,8,0.958353253816734,0.506853244127244,55
3,8,0.932944024666029,0.892911087404067,55
6,8,0.913749707701044,0.825228248281844,55
5,8,0.887721957136297,0.472226944386521,55
1,9,0.984745507056242,0.993447227003284,55
2,9,0.985915214274072,0.736959815571179,55
4,9,0.95597637091076,0.763098683480759,55
3,9,0.932388017578702,0.557412562190423,55
6,9,0.909330075289928,0.311248162202165,55
5,9,0.897976945851457,0.411933855379107,55
1,10,0.985997922043957,0.874199255415774,55
2,10,0.985028875742757,0.862611339224643,55
4,10,0.960303245390027,0.926586180425187,55
3,10,0.929025767594699,0.718066601577734,55
6,10,0.911313023762036,0.50471441490574,55
5,10,0.899873482608793,-0.37078693476797,55
1,11,0.984825631185526,0.985269875079293,55
2,11,0.984214910376707,0.972486172057035,55
4,11,0.961993002357774,0.841966895258298,55
3,11,0.932082495863872,0.920434716431099,55
6,11,0.896410903958216,0.469735182436701,55
5,11,0.878308567719901,0.802775368294365,55
1,12,0.985486343348085,0.996893884833021,55
2,12,0.988745707078689,0.808460841066139,55
4,12,0.960899733223839,0.597379490872454,55
3,12,0.929974620859381,0.94952371709927,55
6,12,0.920517528529997,0.344234807897533,55
5,12,0.891222634701649,0.717096111082522,55
1,13,0.98406202912453,0.986468077487991,55
2,13,0.985423858862211,0.696022396864444,55
4,13,0.952374965250554,0.846415782526483,55
3,13,0.934223943047592,0.874321178940517,55
6,13,0.920257693846889,-0.139394459209235,55
5,13,0.890875260659728,0.798325339428135,55
1,14,0.984413668001331,0.995555033344889,55
2,14,0.985272278391456,0.9147525114627,55
4,14,0.946422084207262,0.893361443585935,55
3,14,0.933466779960187,0.73452491642975,55
6,14,0.911217487041528,0.748884968558401,55
5,14,0.905809194212837,0.092857215963029,55
1,15,0.984494052267244,0.995305168437074,55
2,15,0.985711984406197,0.940521127931222,55
4,15,0.956923378331101,0.964290913336222,55
3,15,0.932667652077715,0.755579508440673,55
6,15,0.917785747974587,-0.650971856347678,55
5,15,0.891526616479066,0.70436796136016,55
1,1,0.996319047567959,0.983782601837508,56
2,1,0.996696130223664,0.926234248586311,56
4,1,0.986460291857048,0.899168490542739,56
3,1,0.979422491832617,0.884990004928946,56
6,1,0.985203292616341,0.377670427635526,56
5,1,0.963114653619188,0.666698335535289,56
1,2,0.996252873354286,0.942005051267557,56
2,2,0.996444384096052,0.694781776497186,56
4,2,0.98719896483119,0.479712354364357,56
3,2,0.984074422384785,0.79943585511118,56
6,2,0.982070723428651,0.438011211929889,56
5,2,0.980493804057269,0.385751900380019,56
1,3,0.996151062411898,0.984853564430001,56
2,3,0.997016331678829,0.874309357059436,56
4,3,0.98772359532978,-0.147956446378528,56
3,3,0.977004368751417,0.936367106376797,56
6,3,0.982628885757705,0.179242296190767,56
5,3,0.964811842106725,0.387447476527226,56
1,4,0.99589499980368,0.984445116116133,56
2,4,0.996397747314673,0.948833311619751,56
4,4,0.98757869325792,0.419286060843432,56
3,4,0.977396659514947,0.874358642889574,56
6,4,0.980638281046543,0.425181225174301,56
5,4,0.96148704067327,0.76206696796199,56
1,5,0.996233230644578,0.954429312328695,56
2,5,0.996793718214917,0.948312074105542,56
4,5,0.985750472661209,0.934303310564983,56
3,5,0.977314840973009,0.747243169971886,56
6,5,0.98158972671349,0.452402207152719,56
5,5,0.966283990624102,-0.355021529249905,56
1,6,0.996192594259433,0.984344859612657,56
2,6,0.996525134008778,0.963967717716136,56
4,6,0.987282370422744,0.76059612654913,56
3,6,0.977164173536815,0.767637128166578,56
6,6,0.981418697085427,-0.0357353451461412,56
5,6,0.969258552204186,0.319021609954506,56
1,7,0.996210853048411,0.897815395313014,56
2,7,0.99603157069866,0.972619366014177,56
4,7,0.985885970560918,0.912688146987323,56
3,7,0.979234162868962,0.887087865757474,56
6,7,0.980988821962427,0.748091126266103,56
5,7,0.958911926494377,0.0494158460464641,56
1,8,0.998571784755642,0.873162432368321,56
2,8,0.996898393766875,0.820293399406845,56
4,8,0.987877672389901,0.91137474042496,56
3,8,0.980121614257351,0.794839013002305,56
6,8,0.980416936473155,0.708240460389957,56
5,8,0.962228227287147,0.416026852902557,56
1,9,0.996111389450054,0.980661203748752,56
2,9,0.996546084324709,0.835519233694793,56
4,9,0.986467602516508,0.940611205835757,56
3,9,0.978161791207885,0.891569831250663,56
6,9,0.965113401138122,0.39821032955293,56
5,9,0.97128888066366,0.828492568749256,56
1,10,0.996467883146437,0.630656247519184,56
2,10,0.996729363325244,0.832909317015158,56
4,10,0.98618972096544,0.024092289176722,56
3,10,0.978649943495746,0.806687823178617,56
6,10,0.981319593831466,0.691228595918564,56
5,10,0.960877809373522,0.620411863695506,56
1,11,0.996044823568045,0.994183225789534,56
2,11,0.996264694469735,0.959135986798011,56
4,11,0.985709710403978,0.927745515334334,56
3,11,0.979270370859788,0.824760710761513,56
6,11,0.982867247119162,0.147008289473046,56
5,11,0.964744335233295,-0.135132709904248,56
1,12,0.996146352298604,0.990825096549013,56
2,12,0.996662461408458,0.933481723406338,56
4,12,0.989859103269875,0.732487602595827,56
3,12,0.979904911520181,0.648972363255558,56
6,12,0.982315715300881,0.756582964976138,56
5,12,0.961438489865165,0.736207852196605,56
1,13,0.996042507641041,0.985247100349339,56
2,13,0.99607005703952,0.982076778037381,56
4,13,0.985971083132866,0.836628577880889,56
3,13,0.978657712211127,0.967843450761546,56
6,13,0.982954931277972,0.80500102830436,56
5,13,0.960632601889832,0.671131794288839,56
1,14,0.995930173071035,0.993423382713211,56
2,14,0.995680047473341,0.98009506551882,56
4,14,0.986886204690317,0.708706639099112,56
3,14,0.981380925517164,0.554190359110061,56
6,14,0.980052431801888,0.0754912671083685,56
5,14,0.954195850066524,0.71115611207839,56
1,15,0.996242544153829,0.669745854744971,56
2,15,0.996010351772602,0.986229490369604,56
4,15,0.986042439183745,0.708717188005207,56
3,15,0.984001545949481,0.66137283854513,56
6,15,0.985953824040784,0.367598879989987,56
5,15,0.959661307670129,0.873929842910147,56
1,1,0.982174739981101,0.992688885977452,57
2,1,0.984057031814936,0.714911738451041,57
4,1,0.954807232991323,0.942662087020548,57
3,1,0.918133262440691,0.720573547184873,57
5,1,0.92622584575848,0.437795565033652,57
6,1,0.877175285641031,0.599833676577109,57
1,2,0.984507291128977,0.965847765815283,57
2,2,0.981461971770112,0.969933636885398,57
4,2,0.943358015835979,0.928482507641701,57
3,2,0.914594121430501,0.766373602395205,57
5,2,0.932079915071993,0.940089150691161,57
6,2,0.887298535942893,0.524541422843628,57
1,3,0.989881447980537,0.79318753390041,57
2,3,0.982022092736048,0.993918130887201,57
4,3,0.960582929357792,0.85757980296689,57
3,3,0.926882907887313,0.481954057989946,57
5,3,0.885839004959613,0.604210390932483,57
6,3,0.876336497711064,0.60789506772901,57
1,4,0.985918981010117,0.933157125291785,57
2,4,0.983688288755432,0.753818696772641,57
4,4,0.954076583333887,0.875498606355907,57
3,4,0.922622773018067,0.417523067290572,57
5,4,0.941445098116047,0.557038497879417,57
6,4,0.883548991187424,-0.0461475353884889,57
1,5,0.982752872178226,0.997119694457516,57
2,5,0.981460759237431,0.991131314488454,57
4,5,0.955925363932842,-0.497148030880893,57
3,5,0.913120382837903,0.912654402067667,57
5,5,0.924978552138748,0.552152686434823,57
6,5,0.876358799229631,0.786918294989711,57
1,6,0.983525253877094,0.968347399384755,57
2,6,0.985115922702151,0.777391655166743,57
4,6,0.959120145749501,0.890685121308223,57
3,6,0.91479068390086,0.788798383606214,57
5,6,0.931214065492409,0.674897050086613,57
6,6,0.874131249647958,0.800795636791478,57
1,7,0.985415461263679,0.89244583970561,57
2,7,0.982649509731832,0.607613059020581,57
4,7,0.959488071214905,0.880836331033289,57
3,7,0.917042819967779,0.2630451944839,57
5,7,0.923113809016399,0.817342838757455,57
6,7,0.884347889256944,-0.251047670802799,57
1,8,0.984491990078703,0.788665836772681,57
2,8,0.982499081404851,0.950496588022636,57
4,8,0.956350872570851,0.90325583357576,57
3,8,0.91588444092277,0.77590900075052,57
5,8,0.934095769895212,0.202936722090309,57
6,8,0.873075733590981,0.837065506855725,57
1,9,0.982986964359667,0.996781187267209,57
2,9,0.982459172734,0.954639548787338,57
4,9,0.948226922277623,0.986067566495566,57
3,9,0.914435603382092,0.901293172874178,57
5,9,0.923367750823376,0.909345162397678,57
6,9,0.8825498688857,0.806840109125069,57
1,10,0.983416791577022,0.977033458761155,57
2,10,0.982387578528179,0.967038496135748,57
4,10,0.955734956486628,0.489857801116362,57
3,10,0.913917037066006,0.901557946092595,57
5,10,0.92304427730589,0.454138514066655,57
6,10,0.885016795602699,0.179819219676628,57
1,11,0.983689253057169,0.921805865346914,57
2,11,0.982569984964912,0.948321878117358,57
4,11,0.956235872921512,-0.0672147673335679,57
3,11,0.911450114832265,0.975289146255747,57
5,11,0.921900238000382,0.916675696589537,57
6,11,0.879267326258464,0.128427020122117,57
1,12,0.983210290298139,0.979903160452296,57
2,12,0.98346184792902,0.358009495243439,57
4,12,0.953614726384626,0.553576970756532,57
3,12,0.918137642896616,0.845495929766882,57
5,12,0.922760494959271,0.436234786911775,57
6,12,0.891268017795836,0.177132732821508,57
1,13,0.983926309028027,0.96826252482539,57
2,13,0.9817527320946,0.958553600030623,57
4,13,0.952856393624461,0.96376359671149,57
3,13,0.91493977969841,0.885644862907572,57
5,13,0.922860664476518,0.900469321586511,57
6,13,0.878787769747329,0.574669579238868,57
1,14,0.983324336086698,0.983038278484119,57
2,14,0.981750108733967,0.979507536219815,57
4,14,0.960482224268304,0.742353946020939,57
3,14,0.918770585481828,0.641218856329565,57
5,14,0.924752077063974,0.544471512232216,57
6,14,0.874181317598237,0.766259901854843,57
1,15,0.983879149406546,0.896645685354547,57
2,15,0.979858451298051,0.979376593749764,57
4,15,0.954267469326008,0.511550712818888,57
3,15,0.95168144551904,0.586300985375032,57
5,15,0.927338235256089,0.509881953329033,57
6,15,0.897297022256882,0.231154830109687,57
1,1,0.996901997837945,0.98693251544392,58
2,1,0.996283804536328,0.985254252640875,58
4,1,0.991090216621463,0.802195453251666,58
5,1,0.984371100270798,0.663067942263438,58
3,1,0.983390881645057,0.899687728608896,58
6,1,0.973184488763571,0.659984886548649,58
1,2,0.99681376795501,0.946997503344098,58
2,2,0.996458147181731,0.913304804356784,58
4,2,0.991110156899297,-0.126228279017509,58
5,2,0.988525257337252,0.0900931383059126,58
3,2,0.980029147821391,0.889062824308701,58
6,2,0.973410291554127,0.798057713715771,58
1,3,0.996826449695749,0.990615901229543,58
2,3,0.995915632768432,0.988417528105264,58
4,3,0.991922427349332,0.684158895399356,58
5,3,0.986569791514773,0.709647623310893,58
3,3,0.980833491705342,0.613936500842321,58
6,3,0.974861928071678,0.656123433638157,58
1,4,0.996832770780044,0.990479596119858,58
2,4,0.996583207741552,0.889494163034535,58
4,4,0.99084091790532,0.650973302854912,58
5,4,0.980161359043197,0.596213552560159,58
3,4,0.982862202914893,0.822827023194765,58
6,4,0.973310271475359,0.496017101961673,58
1,5,0.996912580551393,0.957526986958752,58
2,5,0.996409961825477,0.679994709756537,58
4,5,0.991372435024575,0.532647324849872,58
5,5,0.98609771366397,0.241891136026125,58
3,5,0.980240583100802,0.780297798650079,58
6,5,0.971493545469785,0.745158063284778,58
1,6,0.996924347047218,0.874765155659498,58
2,6,0.995870092440254,0.986211168334984,58
4,6,0.991241727532659,0.427942181666057,58
5,6,0.985456063450825,0.702378719477599,58
3,6,0.981888140259931,0.908672085476532,58
6,6,0.970280370308965,0.823280826490358,58
1,7,0.996897524860026,0.983037618373308,58
2,7,0.99634013620307,0.92981276031722,58
4,7,0.991891020604548,0.0545268320722561,58
5,7,0.985062804502754,0.499490066004416,58
3,7,0.981089790809072,0.658866188598318,58
6,7,0.972429074525761,0.767792488470123,58
1,8,0.996898403222481,0.941402210741167,58
2,8,0.996561088527445,0.608110830953082,58
4,8,0.992559854421528,0.229798164986857,58
5,8,0.992061739553367,0.698390620029989,58
3,8,0.986522649937268,0.824401137829559,58
6,8,0.981000013090437,-0.159125429102505,58
1,9,0.996925540568752,0.978863578313168,58
2,9,0.996551139865665,0.951793058669924,58
4,9,0.990267230995552,0.952421268816739,58
5,9,0.985112471706577,0.926997172283195,58
3,9,0.979972495963558,0.903628323913332,58
6,9,0.97697314256203,0.510632593053066,58
1,10,0.997576463011769,0.973577997982125,58
2,10,0.996654570778422,0.893582875747922,58
4,10,0.991011780502738,0.94740370669575,58
5,10,0.986023018181815,0.759742742621833,58
3,10,0.982701015104687,0.552584736366906,58
6,10,0.972525434348093,-0.0908955170445472,58
1,11,0.996763462836569,0.965574270744082,58
2,11,0.996268113824242,0.965818537327189,58
4,11,0.990376069038612,0.913525962071855,58
5,11,0.988243834731624,0.82919674367994,58
3,11,0.979727432789107,0.889596032376174,58
6,11,0.973198889825062,0.922183504410896,58
1,12,0.996747382014715,0.994249996232756,58
2,12,0.996808356629896,0.942093967365321,58
4,12,0.990071466196895,0.985772415857596,58
5,12,0.990736312591901,0.736753294209373,58
3,12,0.979795481927451,0.90248908130183,58
6,12,0.974472407302812,0.801490115391548,58
1,13,0.996717945038223,0.991636161758843,58
2,13,0.996047670097882,0.985594044023741,58
4,13,0.991110991880061,0.918164195260688,58
5,13,0.977213893485736,0.913482580009683,58
3,13,0.983443371065096,0.852248885207717,58
6,13,0.974443829115553,0.885214675348479,58
1,14,0.998145046484866,0.842604753415251,58
2,14,0.99625324461601,0.962436419336251,58
4,14,0.989042162647346,0.908029827715199,58
5,14,0.983196415709735,0.703221954895505,58
3,14,0.982100015248983,0.918909391685664,58
6,14,0.972767354983632,0.94600096859392,58
1,15,0.996697430117556,0.960994452892522,58
2,15,0.997058074879511,0.729768229920754,58
4,15,0.99113594697867,0.881295104663159,58
5,15,0.986305193547999,0.273647339530684,58
3,15,0.980311447118196,0.753130543806102,58
6,15,0.974948501661368,-0.135484162166265,58
1,1,0.997105620895024,0.992260767279106,59
2,1,0.996309622976147,0.923843258614476,59
3,1,0.990153915173018,0.955257158877865,59
4,1,0.982626647095533,0.855325704779382,59
6,1,0.972255914016083,-0.21502981322519,59
5,1,0.970505548046117,0.249837417751876,59
1,2,0.997601222568794,0.864845598709555,59
2,2,0.99633046037293,0.947131355939592,59
3,2,0.990914439229568,0.878434362219181,59
4,2,0.981405749504457,0.818144021247608,59
6,2,0.973601322814562,-0.15997924996939,59
5,2,0.970693040635913,0.614269870828106,59
1,3,0.997091961941825,0.996984614463329,59
2,3,0.996894904228824,0.737843290482868,59
3,3,0.992085640586179,0.581726505399233,59
4,3,0.990916250668384,0.634578489536075,59
6,3,0.980939248655421,-0.238757997793419,59
5,3,0.969683439879292,0.577992793650064,59
1,4,0.997900388661424,0.822904019631184,59
2,4,0.996391190100384,0.958879345538487,59
3,4,0.991219303096732,0.838473301617233,59
4,4,0.982666278911591,0.895195104658859,59
6,4,0.972109195519733,0.416874526966767,59
5,4,0.96823335496555,0.726134717506603,59
1,5,0.997189427296411,0.789319766816981,59
2,5,0.996310308909861,0.97432513713927,59
3,5,0.990649582128837,0.534032393777,59
4,5,0.983614726677639,0.793081621435485,59
6,5,0.971441683004542,0.448200250638826,59
5,5,0.968385329091453,0.449579907238835,59
1,6,0.997322986337537,0.945416964195255,59
2,6,0.996336348230065,0.973641396960222,59
3,6,0.99059687114594,0.98698063630169,59
4,6,0.982389375504517,0.92107922227678,59
6,6,0.979450212670757,0.692386297298827,59
5,6,0.969583609260949,0.948374057422395,59
1,7,0.997046343651187,0.995825594813862,59
2,7,0.995968374148824,0.965172909024617,59
3,7,0.991148567513665,0.969957940277658,59
4,7,0.982553638632854,0.481040160967237,59
6,7,0.972747363056969,0.0958695545174382,59
5,7,0.971240464966732,0.680784841906129,59
1,8,0.997239429597865,0.989313017135949,59
2,8,0.996518104788644,0.966243738532964,59
3,8,0.990616387331328,0.921450449909444,59
4,8,0.981703212039937,0.672144914309526,59
6,8,0.971640549972036,-0.0799196507765478,59
5,8,0.966671333720552,0.475053489922732,59
1,9,0.997144070185603,0.950955583581683,59
2,9,0.996534924129048,0.988776703061969,59
3,9,0.991029817319227,0.905426832402798,59
4,9,0.982295636088892,0.886624571182246,59
6,9,0.973631437033633,0.306529582165371,59
5,9,0.966300930749759,0.860812186720836,59
1,10,0.997206326584904,0.978339142318878,59
2,10,0.996770114620928,0.822162604212338,59
3,10,0.991236933361124,0.748927535240947,59
4,10,0.984044241728966,0.659699515142121,59
6,10,0.972167627979748,0.660291920050499,59
5,10,0.96519981146176,0.779631480911563,59
1,11,0.997299102299906,0.840142750852768,59
2,11,0.996385609478277,0.919830701319377,59
3,11,0.990224785893587,0.671298238968588,59
4,11,0.983483316288862,0.509428777503349,59
6,11,0.970633520451102,0.596123014963606,59
5,11,0.96681517058508,0.865728012505677,59
1,12,0.997437352660618,0.937560385397465,59
2,12,0.996543986105135,0.949440979549633,59
3,12,0.988774602043653,0.893568006892352,59
4,12,0.983047281871163,0.814986878199801,59
6,12,0.977386994748048,0.420673231164631,59
5,12,0.970155316181557,0.883482932298395,59
1,13,0.997329740864361,0.948277544347166,59
2,13,0.996307941532102,0.718545486529479,59
3,13,0.988968364616777,0.945626068351266,59
4,13,0.983189860528932,-0.0574867906688013,59
6,13,0.972358744389065,-0.14298945975624,59
5,13,0.96879291101657,0.519152638000991,59
1,14,0.997461175334961,0.954211060320935,59
2,14,0.996739515303233,0.70727601490589,59
3,14,0.991034200083028,0.719946550857345,59
4,14,0.982205001165639,0.894009426945162,59
6,14,0.970527585918944,0.623610389971789,59
5,14,0.968486831020616,0.703621514836728,59
1,15,0.997802129627313,0.921230218580435,59
2,15,0.996457659079462,0.940715836039217,59
3,15,0.990924558406545,0.568525499723639,59
4,15,0.983048188779064,0.870859335484145,59
6,15,0.974242294395742,0.167526198028815,59
5,15,0.967674839497897,0.609602570849631,59
1,1,0.999276692105943,0.93831433998533,60
2,1,0.998953573429683,0.905916123299375,60
4,1,0.996875846429735,0.848467068648933,60
3,1,0.994505038994406,0.888769968622092,60
5,1,0.993868903639438,0.470656772839939,60
6,1,0.98405084892402,0.406751129858431,60
1,2,0.999207955154644,0.982027222561618,60
2,2,0.998959969930274,0.810484689478971,60
4,2,0.996428421845368,0.370717539333416,60
3,2,0.995600158706064,-0.085516641958074,60
5,2,0.993587857630848,0.944294133379438,60
6,2,0.985306897236852,0.610114956147172,60
1,3,0.999313048381527,0.90741316563083,60
2,3,0.998584632189449,0.985575746992118,60
4,3,0.996908140375129,0.705859840297897,60
3,3,0.994354526029008,0.700882249006574,60
5,3,0.993735934007314,0.32380202236932,60
6,3,0.984440433648187,0.721821444470642,60
1,4,0.999209624708665,0.859624595674515,60
2,4,0.998957209207673,0.979518414511844,60
4,4,0.996630083512617,0.629969130279724,60
3,4,0.994948770752944,0.778088292021811,60
5,4,0.993407125471123,0.722884919010665,60
6,4,0.984960107374919,0.310224261460116,60
1,5,0.999227440987779,0.986340595871222,60
2,5,0.99889627027048,0.966134334990311,60
4,5,0.996901683656215,0.948241328836806,60
3,5,0.993539207179466,0.887050792877379,60
5,5,0.99412410971592,0.374380406049421,60
6,5,0.985117132191073,0.492051245089937,60
1,6,0.999230189615706,0.980598246984448,60
2,6,0.999140023088864,0.965348185979977,60
4,6,0.996751380273371,0.868350717628255,60
3,6,0.994341696498366,0.849204132613785,60
5,6,0.992375540412459,0.538180913592308,60
6,6,0.983787562550527,0.906923709272603,60
1,7,0.99924043984419,0.97586197805239,60
2,7,0.998898011680434,0.982761868229047,60
4,7,0.996438589756622,0.276910186645392,60
3,7,0.99468153469019,0.702828701844571,60
5,7,0.993423896801848,0.341694875485967,60
6,7,0.988991308132895,0.5020706766969,60
1,8,0.999222250397367,0.9751710506807,60
2,8,0.998941726455105,0.935560226721695,60
4,8,0.996344571565639,0.921684415525665,60
3,8,0.994099895268638,0.885918616352898,60
5,8,0.993272002534368,0.488517034028997,60
6,8,0.984886824243847,-0.0409700520380961,60
1,9,0.999417068479676,0.821367507573582,60
2,9,0.99894960567108,0.852643723951091,60
4,9,0.996522175110674,0.919736456716821,60
3,9,0.994032394009658,0.708321382358549,60
5,9,0.994094553933109,0.298228919780121,60
6,9,0.983828493729045,0.434457556916334,60
1,10,0.999261524149659,0.806312663205337,60
2,10,0.998936062767033,0.950362263177112,60
4,10,0.996362709775122,0.28929061916444,60
3,10,0.996307570842157,0.603204695222944,60
5,10,0.994567947463015,0.783631942157757,60
6,10,0.985514037722853,0.228357268216588,60
1,11,0.999177756276277,0.984428387990833,60
2,11,0.998963644565846,0.969839838458954,60
4,11,0.996288864508245,0.868202121197171,60
3,11,0.994343125931595,0.837281642756895,60
5,11,0.994274240422878,-0.355783333553007,60
6,11,0.984456071308337,0.530266254807935,60
1,12,0.999152451272617,0.960191514299314,60
2,12,0.998934173990327,0.933356794128479,60
4,12,0.996769884183184,0.487801449409383,60
3,12,0.994143601666568,0.732907921700532,60
5,12,0.993324868236916,0.512405788345598,60
6,12,0.985602975320417,0.272173805138559,60
1,13,0.999219626521677,0.977379713506792,60
2,13,0.998950468836512,0.106052581660185,60
4,13,0.996632932132963,0.719709662484752,60
3,13,0.993983117341109,0.53645351273798,60
5,13,0.989521670920443,0.906287369235308,60
6,13,0.986235727779484,0.695886897959449,60
1,14,0.999196511533449,0.994307932282945,60
2,14,0.998950118548272,0.79941532007142,60
4,14,0.997248320945562,0.526846938931872,60
3,14,0.995429473488598,0.609514921879394,60
5,14,0.993433403011958,0.549862639238746,60
6,14,0.992916441813053,-0.0427526855008687,60
1,15,0.999154024893055,0.983389790968547,60
2,15,0.998974277287503,0.940036158854434,60
4,15,0.99597728709225,0.98756079848357,60
3,15,0.993965758274163,0.954517173915515,60
5,15,0.993835054447672,0.834751855404518,60
6,15,0.98393965751041,0.517098812114972,60
1,1,0.999127029701294,0.976905768999321,61
2,1,0.998652981527414,0.993004028135322,61
3,1,0.996852086521283,0.905881242029769,61
4,1,0.99387869826481,0.839049986756099,61
5,1,0.993640959428319,0.79025119563349,61
6,1,0.987443226477138,0.538126236546206,61
1,2,0.99924162687117,0.932507876491041,61
2,2,0.998763876565278,0.935638619851941,61
3,2,0.997076925636954,0.773203931960157,61
4,2,0.992934851805458,0.935820464246224,61
5,2,0.994174444390894,0.624346245989519,61
6,2,0.989047993441683,0.0225554412432953,61
1,3,0.999051470447156,0.994203987119278,61
2,3,0.998590634367141,0.933815058697162,61
3,3,0.996718326636484,0.902134946761319,61
4,3,0.993821284529261,0.919943844565441,61
5,3,0.993622963800932,0.673060540853457,61
6,3,0.988053447497108,0.475819785369582,61
1,4,0.998932778329843,0.990808693753574,61
2,4,0.998866736149253,0.907178218968594,61
3,4,0.997139008194525,0.669646848235054,61
4,4,0.996705354097524,0.67067937568478,61
5,4,0.995860037354224,0.336831688866006,61
6,4,0.993586853604031,0.356656378433038,61
1,5,0.999403227923691,0.939375836214219,61
2,5,0.99890102761719,0.92614731170027,61
3,5,0.997384246595628,0.88171286003176,61
4,5,0.99401294332566,0.622913989651087,61
5,5,0.993383813518925,0.301067365383032,61
6,5,0.987459038381715,0.204430051388097,61
1,6,0.999037978560496,0.996883830759332,61
2,6,0.998939989662501,0.636618754933284,61
3,6,0.996994152903112,0.889374648562538,61
4,6,0.993836827730931,0.893684689461528,61
5,6,0.99355958189842,-0.0249841210258265,61
6,6,0.987486302431183,0.385248696078305,61
1,7,0.999032361893894,0.949950080401803,61
2,7,0.998775711404854,0.921166719170747,61
3,7,0.996775271489162,0.948186455784636,61
4,7,0.993034955983761,0.899226114697015,61
5,7,0.99352078518496,0.923598300592201,61
6,7,0.987356743489109,0.491093046989,61
1,8,0.99909746840851,0.982870769232452,61
2,8,0.998656912943605,0.88960261194628,61
3,8,0.997427953379817,0.810554226211659,61
4,8,0.994084684387192,0.632836626878371,61
5,8,0.993681990295055,0.328334832374331,61
6,8,0.986593519640871,0.01193326093549,61
1,9,0.998964332921651,0.98078389150874,61
2,9,0.998599349309205,0.965888618201002,61
3,9,0.99673113936826,0.906987752229805,61
4,9,0.99376519495878,0.332353553162563,61
5,9,0.9935735017652,0.858303645615546,61
6,9,0.98681808935387,0.876679056577651,61
1,10,0.999281363087344,0.891250914691595,61
2,10,0.998785738632504,0.894953501832589,61
3,10,0.996692583328593,0.960594174881079,61
4,10,0.993998399110366,0.84361609321785,61
5,10,0.993334075229896,0.868953911323876,61
6,10,0.987043435884749,0.328526001401032,61
1,11,0.99917716808478,0.965459538567513,61
2,11,0.998757621471334,0.923715294320812,61
3,11,0.997384905074233,0.670880726616982,61
4,11,0.994121212585733,0.867765274107538,61
5,11,0.993389897279152,0.644733653878033,61
6,11,0.991657068263679,0.319967276285425,61
1,12,0.999123316494832,0.897003395498113,61
2,12,0.998778771634146,0.918038865740005,61
3,12,0.997072931706123,0.802761135866214,61
4,12,0.994053924084858,0.965923400022853,61
5,12,0.993926182955614,0.711866632586186,61
6,12,0.986702846554833,0.589210361460815,61
1,13,0.998979825069314,0.986382216217605,61
2,13,0.998709834268747,0.98857665946643,61
3,13,0.996719336753666,0.974610649431447,61
4,13,0.994368961084755,0.790806702845572,61
5,13,0.994454695342235,0.570871262228626,61
6,13,0.9869802130784,0.841958581526791,61
1,14,0.998905451420483,0.96351797429426,61
2,14,0.998820097237084,0.956302105778841,61
3,14,0.997224417727345,0.610966104589952,61
4,14,0.993847588657038,0.806375458104209,61
5,14,0.993389927473011,0.19322274412687,61
6,14,0.986757566706108,0.847787968295286,61
1,15,0.999014542150378,0.924117497230318,61
2,15,0.998784077019341,0.80366090032884,61
3,15,0.997304455834543,0.745145882593992,61
4,15,0.993129923631644,0.313594366742615,61
5,15,0.992794047002805,0.68633783248496,61
6,15,0.98695560848526,0.0902017537584441,61
1,1,0.99926968032818,0.950493446008706,62
2,1,0.998636999843548,0.980617076325446,62
3,1,0.996934371558326,0.501966111187132,62
4,1,0.992210432843331,0.945193554346361,62
6,1,0.992667435273142,0.746292078896478,62
5,1,0.987936017931077,0.791547546535571,62
1,2,0.999288110336259,0.983281454093194,62
2,2,0.998821932023511,0.934727650350605,62
3,2,0.997176383054994,0.604574575678403,62
4,2,0.996078505369658,0.683405977340269,62
6,2,0.993136433553175,0.271332041612714,62
5,2,0.992862218884123,0.708318030451555,62
1,3,0.999226787193049,0.979090452966504,62
2,3,0.998507730177223,0.918767845783248,62
3,3,0.996992483539927,0.869609016269217,62
4,3,0.993250901886923,0.149923600885263,62
6,3,0.991903231981737,0.915294043203808,62
5,3,0.989798338717851,-0.196804697806533,62
1,4,0.999296056854664,0.958877061698401,62
2,4,0.998410576429455,0.976861364700991,62
3,4,0.996502101217158,0.97322120579074,62
4,4,0.992413984056815,0.842090712892409,62
6,4,0.993618079957879,0.800796177946966,62
5,4,0.987491959343462,0.528792314076289,62
1,5,0.999433286012188,0.972524036553851,62
2,5,0.998833958608461,0.526641064171239,62
3,5,0.99693969150659,0.791783031180281,62
4,5,0.992768710883178,0.74528639980203,62
6,5,0.992858079434283,0.250534622748302,62
5,5,0.987482951197973,0.111600512157231,62
1,6,0.999299455786521,0.973558789938419,62
2,6,0.998687409669683,0.291646049873695,62
3,6,0.997371903992643,0.79799905328107,62
4,6,0.993083992403231,0.345861796652878,62
6,6,0.993240778906037,0.332693661723864,62
5,6,0.987441180688981,0.708445728591,62
1,7,0.999458801395302,0.827093526222805,62
2,7,0.998734719474263,0.687712812570887,62
3,7,0.997369927277121,0.340555641354755,62
4,7,0.991926421705741,0.7614722406851,62
6,7,0.992384525557669,0.733018989214434,62
5,7,0.988510623053281,0.60821644101819,62
1,8,0.999252530044361,0.982767894211135,62
2,8,0.998446508810386,0.982152908863207,62
3,8,0.996905238755275,0.531910158043765,62
4,8,0.992758591088934,0.623416733919749,62
6,8,0.992173915400879,0.148403753771982,62
5,8,0.986784151904175,0.0718280630630202,62
1,9,0.999253140570615,0.975133703432362,62
2,9,0.998639332318171,0.900945182006283,62
3,9,0.996798212919342,0.826883918817189,62
4,9,0.992232318364138,0.749177513175918,62
6,9,0.988730127411948,-0.337174587289306,62
5,9,0.990617741344471,0.901695348767611,62
1,10,0.999232641413839,0.982033131370314,62
2,10,0.998531506630395,0.98170075544022,62
3,10,0.996450289367071,0.895045169229759,62
4,10,0.992824236119446,0.82259028657934,62
6,10,0.992951176193383,0.354643556983527,62
5,10,0.987333898857787,0.0309796179858764,62
1,11,0.999231287039338,0.987341774496379,62
2,11,0.99866807855547,0.929956029145045,62
3,11,0.996821801906201,0.898505591935668,62
4,11,0.993407446626295,0.549610681191185,62
6,11,0.993207697073344,-0.00633397636011284,62
5,11,0.987677920994535,0.512799001653507,62
1,12,0.999260526810802,0.947910464816778,62
2,12,0.998567466292654,0.902067640989956,62
3,12,0.996734573329137,0.852378341188356,62
4,12,0.99204566591152,0.451467801786701,62
6,12,0.992687423879611,0.0968554080455083,62
5,12,0.987835672007854,0.808347848684714,62
1,13,0.999270603627697,0.979237691025493,62
2,13,0.998569100396282,0.98814222422471,62
3,13,0.996831958150322,0.440402647875881,62
4,13,0.992675046734285,0.84016927516296,62
6,13,0.993016283092559,0.0522943498918999,62
5,13,0.986746443584102,0.486478613853964,62
1,14,0.99930128975011,0.784332237923588,62
2,14,0.998358098675334,0.983395983554137,62
3,14,0.996925802576156,0.976393986863606,62
4,14,0.991800556254368,0.948027600267642,62
6,14,0.99254743012242,0.304415948246442,62
5,14,0.987899030243006,0.529040124365809,62
1,15,0.999232652742937,0.986531105896939,62
2,15,0.998768961117808,0.685498405745704,62
3,15,0.997240065833725,0.279336916352839,62
4,15,0.99329246298935,0.52026104900417,62
6,15,0.993092256570439,0.380895152273718,62
5,15,0.989001475696562,0.119272311676373,62
1,1,0.997249094943801,0.994093138530449,63
2,1,0.996006527307987,0.947142503293222,63
4,1,0.990051396486208,0.0358864869264888,63
3,1,0.982931855876317,0.747644493650944,63
6,1,0.981213900670946,0.674755159250121,63
5,1,0.972248463038894,0.316196757525778,63
1,2,0.998095558924238,0.952214988557475,63
2,2,0.996187200685416,0.909477434285531,63
4,2,0.989239124380978,0.900488865493201,63
3,2,0.982569853554122,0.84275038110656,63
6,2,0.981792706769837,0.775305345384386,63
5,2,0.96782560728555,0.824628312392169,63
1,3,0.99731271458491,0.933169449150994,63
2,3,0.995832618439622,0.875103260216648,63
4,3,0.99078246891531,0.774755674572508,63
3,3,0.980138724326267,0.674587520503584,63
6,3,0.984971567027957,0.539096568915972,63
5,3,0.968511748241406,0.155887734517918,63
1,4,0.997129435200021,0.988068239597001,63
2,4,0.995303666281889,0.965821481484506,63
4,4,0.988990955739155,0.466559361347094,63
3,4,0.981026227407844,0.541305465792049,63
6,4,0.976031113878257,0.585645632380759,63
5,4,0.966113559673097,0.482458015765449,63
1,5,0.997965774529043,0.909700107234452,63
2,5,0.995332791418726,0.988477765318629,63
4,5,0.988552088595139,0.781628111343241,63
3,5,0.983383340702187,0.821901343827777,63
6,5,0.980632628172677,0.479121573456766,63
5,5,0.966876477277218,0.853205357140974,63
1,6,0.997317255715002,0.976799043587174,63
2,6,0.995806136935607,0.916988088203115,63
4,6,0.989419083411168,0.909706425931032,63
3,6,0.981369110972505,0.837614487717981,63
6,6,0.982310379430038,0.746928390162588,63
5,6,0.97426385409356,-0.140778910059205,63
1,7,0.997121740064417,0.990123269751939,63
2,7,0.996415899280472,0.468085767920588,63
4,7,0.989023817106527,0.874002577634102,63
3,7,0.978231528889235,0.87631698257935,63
6,7,0.983381161128607,0.577487684351285,63
5,7,0.969421474770518,0.921207526646425,63
1,8,0.997188623747971,0.970526654330215,63
2,8,0.996133233490901,0.787641773814061,63
4,8,0.988302410234997,0.789753314270845,63
3,8,0.979470861721647,0.974356713612665,63
6,8,0.981047036267498,0.579130193620966,63
5,8,0.968623497307869,0.857866375946837,63
1,9,0.997048742441312,0.955686883894895,63
2,9,0.995808951874815,0.926004316270854,63
4,9,0.987637473227545,0.812459604184845,63
3,9,0.979572458822,0.893256910723273,63
6,9,0.974951665335623,0.419289099310951,63
5,9,0.970359239993716,0.673400967904579,63
1,10,0.997209144872077,0.992323284150619,63
2,10,0.995703540562883,0.963417069076626,63
4,10,0.990650806303515,0.141671151631722,63
3,10,0.98081251884845,0.436662816784708,63
6,10,0.98329587122098,0.190792657995978,63
5,10,0.966934581696278,0.668689319081365,63
1,11,0.997185600676215,0.987304564734924,63
2,11,0.995491951471135,0.992012302890758,63
4,11,0.988050735544874,0.945461869340091,63
3,11,0.982732884678501,0.884769227469935,63
6,11,0.981294989097794,0.624216841087859,63
5,11,0.96896953061303,0.726326637987437,63
1,12,0.997217964197692,0.895945467838591,63
2,12,0.995249904071504,0.988952897824439,63
4,12,0.988861886573031,0.97541627822091,63
3,12,0.979761356181785,0.580378060259026,63
6,12,0.980844908543293,0.255220685496457,63
5,12,0.969400418675369,0.485044187879045,63
1,13,0.997021209013427,0.996602320360526,63
2,13,0.996221097495265,0.868297999063572,63
4,13,0.990509303099116,0.617740101140796,63
3,13,0.989071680810374,0.619115938107495,63
6,13,0.980638298931171,0.299740314966451,63
5,13,0.978654146510114,0.405901494828725,63
1,14,0.997099007059131,0.951060025876797,63
2,14,0.995938379295512,0.868735095262462,63
4,14,0.987961379827274,0.874831580599189,63
3,14,0.980210810899633,0.861325739243146,63
6,14,0.981930348512924,-0.0399745183974527,63
5,14,0.968917649079477,0.629784175347197,63
1,15,0.997109417336685,0.992501856087426,63
2,15,0.997081551927632,0.596886448843681,63
4,15,0.988851548816716,0.821828082475283,63
3,15,0.977631507768904,0.923713293133162,63
6,15,0.98106075257582,0.337383534947491,63
5,15,0.971877301306557,0.791043467751089,63
1,1,0.997463302394309,0.913488702631469,64
2,1,0.996752401551432,0.691336920712433,64
4,1,0.990814355307561,0.212716286020387,64
3,1,0.984298370434678,0.784261197287292,64
6,1,0.982648706305476,0.635756700628222,64
5,1,0.968952253157598,0.288729630614032,64
1,2,0.997290610155722,0.982452179204531,64
2,2,0.996823752669423,0.940550851618355,64
4,2,0.990698572937238,0.626441502169436,64
3,2,0.982277120721115,0.935197108878234,64
6,2,0.982251892024551,0.116013123316426,64
5,2,0.967868045758202,-0.0036622354990058,64
1,3,0.997204204109882,0.986715425645023,64
2,3,0.996746324389376,0.968144659202168,64
4,3,0.990488444801927,0.903726716917603,64
3,3,0.982365519380707,0.421252680400628,64
6,3,0.983694674824478,-0.325187614783703,64
5,3,0.969290412133746,-0.0730254185340908,64
1,4,0.997332020404797,0.972639732520814,64
2,4,0.997133426645884,0.876518453207739,64
4,4,0.992947296425047,0.27487357044695,64
3,4,0.982835856104567,0.950801671179383,64
6,4,0.982457272465866,0.594506301325819,64
5,4,0.966863130519317,0.772024794916471,64
1,5,0.997311143789403,0.954347548924733,64
2,5,0.995898171983592,0.936323722899864,64
4,5,0.990953599768535,0.68468584814125,64
3,5,0.983587838677384,0.799098942582257,64
6,5,0.983053200770014,-0.0525032116033777,64
5,5,0.966685841949247,0.826076699789026,64
1,6,0.997317083679851,0.807699300859099,64
2,6,0.996301323072981,0.98702465638342,64
4,6,0.990085197117983,0.760493917122112,64
3,6,0.98559270941019,0.188179216738945,64
6,6,0.982743712178335,-0.099458872040509,64
5,6,0.970183843752451,-0.396199468202733,64
1,7,0.997516355594682,0.947992110947364,64
2,7,0.997227964163023,0.748035648408224,64
4,7,0.990372141894926,0.793315547204052,64
3,7,0.98106554324072,0.838391223467672,64
6,7,0.984939866160623,0.92478568615239,64
5,7,0.969913584238296,0.380908556473576,64
1,8,0.997157560584505,0.999073478762548,64
2,8,0.996634552828731,0.964720924423524,64
4,8,0.990477363043385,0.820061357397968,64
3,8,0.981712707855585,0.9487378096499,64
6,8,0.982509718395219,0.234746546439978,64
5,8,0.968197595555595,0.61290933458984,64
1,9,0.997504333288487,0.958010644602252,64
2,9,0.996982656420887,0.933362919253024,64
4,9,0.990691918424798,0.927461779756284,64
3,9,0.982296355179683,0.971964401307909,64
6,9,0.982443139744917,0.677673841991788,64
5,9,0.969942411425056,-0.036465892413226,64
1,10,0.997135791068726,0.988310850612196,64
2,10,0.996867102523701,0.355695047486642,64
4,10,0.989518179757324,0.906339197753208,64
3,10,0.984097270231771,0.129726348490044,64
6,10,0.981939272875646,0.921367991845534,64
5,10,0.968004723525163,0.469343665355931,64
1,11,0.99706165045821,0.996638695634025,64
2,11,0.996987222410571,0.868165756075926,64
4,11,0.990375823165576,0.637223173059943,64
3,11,0.990321779923695,0.794526440555555,64
6,11,0.982699920341579,0.249475690361112,64
5,11,0.977013527762051,0.456260546235042,64
1,12,0.997857275922743,0.903515954671772,64
2,12,0.99721612750903,0.758168325898758,64
4,12,0.991187594447752,0.892886968448339,64
3,12,0.982273061093581,0.699632527901223,64
6,12,0.979316204303034,0.693998506950001,64
5,12,0.968831134810675,0.744049418244175,64
1,13,0.998247134528701,0.935938093813045,64
2,13,0.996700671907711,0.986233088671139,64
4,13,0.990604122494207,0.37387683682529,64
3,13,0.98299845296623,0.776179167851696,64
6,13,0.985271126367664,0.0722411661444593,64
5,13,0.966891681779442,0.748113806209916,64
1,14,0.997139586657973,0.998015906853125,64
2,14,0.996732427647029,0.968280631200283,64
4,14,0.992136442375179,0.0183461852863844,64
3,14,0.983872217402786,0.2176445074251,64
6,14,0.982237198434419,0.215348369155066,64
5,14,0.965050143840249,0.400101597928769,64
1,15,0.997455908210475,0.96734394890299,64
2,15,0.996787440822718,0.909108243819534,64
4,15,0.99134715673469,0.985557437599206,64
3,15,0.983575973814868,0.470861392224176,64
6,15,0.982895828838328,0.195082138261956,64
5,15,0.967780860442688,-0.0826001552292063,64
1,1,0.996744642515922,0.986057111537845,65
2,1,0.996532568212517,0.852534396896546,65
4,1,0.990798532987642,0.649998307501372,65
3,1,0.982376102521832,0.797817645551299,65
6,1,0.983118705730138,0.65406452806728,65
5,1,0.966677752928297,0.800283740657973,65
1,2,0.996930980241582,0.961826266125122,65
2,2,0.996244289374925,0.637753042437427,65
4,2,0.990200020701217,0.834547251812979,65
3,2,0.979711925447668,0.885968648321038,65
6,2,0.975382520677118,0.963580556068816,65
5,2,0.973963363009501,0.517610240202555,65
1,3,0.996586949034858,0.98829535191468,65
2,3,0.995948067237498,0.900144985169385,65
4,3,0.990683050844959,0.89621981630562,65
3,3,0.980167703292765,0.693984373717885,65
6,3,0.983502886050339,0.521925303433297,65
5,3,0.969627040215013,0.340761985742446,65
1,4,0.997242804633918,0.972525467808467,65
2,4,0.995667816145264,0.979412314969559,65
4,4,0.988284439740283,0.951320167606481,65
3,4,0.986740375850238,0.663182594392568,65
6,4,0.981982210774742,0.766834564232866,65
5,4,0.96453082294592,0.708769416253055,65
1,5,0.996484093901975,0.966510865778737,65
2,5,0.996204680658978,0.914955216491588,65
4,5,0.990333270005317,0.838772408125103,65
3,5,0.980546466918041,0.937077836586096,65
6,5,0.983040353380425,0.572735266845028,65
5,5,0.971117827808629,0.28739520921572,65
1,6,0.997864857146489,0.942957899780762,65
2,6,0.995906028221493,0.9678488074835,65
4,6,0.990682517675835,0.896161607679641,65
3,6,0.982088296583547,0.841278977556352,65
6,6,0.984484295381823,0.0658664083497486,65
5,6,0.968571001889194,-0.37862606599799,65
1,7,0.996740306208736,0.991193283449755,65
2,7,0.995703765532563,0.978665932184234,65
4,7,0.991143734893437,0.0275293757194139,65
3,7,0.98264266799822,0.865307775903495,65
6,7,0.983912463408905,-0.10749397651646,65
5,7,0.962934608054212,0.954973513044239,65
1,8,0.99806790023586,0.796535864628942,65
2,8,0.996473226493373,0.813253700605839,65
4,8,0.990420370945082,0.991972942776698,65
3,8,0.982326818120956,0.830820178077504,65
6,8,0.98363051536027,0.366322640036667,65
5,8,0.96481145074801,0.598695585223635,65
1,9,0.996764066538872,0.998363707558981,65
2,9,0.996126587926988,0.808415073212563,65
4,9,0.988666117336358,0.839852304300717,65
3,9,0.979473230451057,0.965601781474412,65
6,9,0.982431349956775,0.914295677002241,65
5,9,0.966870863109259,0.417977512546691,65
1,10,0.996990307295091,0.898691370570254,65
2,10,0.995914291147246,0.918867243241267,65
4,10,0.990437066495657,0.797968731604425,65
3,10,0.988905294434815,0.833588052325145,65
6,10,0.984817011436936,0.148186038874093,65
5,10,0.980531939325712,0.0847593069900217,65
1,11,0.996855619283837,0.99036542781139,65
2,11,0.995146223119438,0.986326568452791,65
4,11,0.991559028230947,0.615224479150566,65
3,11,0.98187024532609,0.645610967539792,65
6,11,0.983448407036534,0.184217041206046,65
5,11,0.963049863632372,0.559019590298525,65
1,12,0.996903311815044,0.957719940942311,65
2,12,0.995780002368871,0.971877957437491,65
4,12,0.989986234232183,0.890403516073857,65
3,12,0.981902399958607,0.801479121845476,65
6,12,0.983831737590133,0.528106776867125,65
5,12,0.965000777831647,0.746948530286412,65
1,13,0.996877021490138,0.988484869094276,65
2,13,0.995704615067016,0.898486665269941,65
4,13,0.990056948923369,0.955508955909613,65
3,13,0.981790055593573,0.742933575812137,65
6,13,0.983148219216379,0.92340180089862,65
5,13,0.96762294228478,0.536840616557144,65
1,14,0.996739479901172,0.980983900831063,65
2,14,0.99640397140121,0.740867094360977,65
4,14,0.989830253078458,0.848827513552517,65
3,14,0.982272930872891,0.473726141385131,65
6,14,0.979414303392694,-0.150299827222761,65
5,14,0.964272799325966,0.745532509583307,65
1,15,0.996890318524504,0.682459742091564,65
2,15,0.996055374913194,0.958286370932591,65
4,15,0.990138318052942,0.36754999903945,65
3,15,0.981495996035796,0.867684121261799,65
6,15,0.984715179532003,-0.119883923811388,65
5,15,0.96588264128496,0.505782063971973,65
1,1,0.999406858814649,0.990722472721037,66
2,1,0.998659079490049,0.902483515379988,66
3,1,0.997072900879826,0.875998136225557,66
4,1,0.990956672700912,0.872826727720422,66
5,1,0.993810171843457,0.370546896129266,66
6,1,0.985320832681314,0.534343561828297,66
1,2,0.999500107061524,0.973939688970895,66
2,2,0.998892615918418,0.805242588191768,66
3,2,0.997012835484166,0.863281828048744,66
4,2,0.990163663593654,0.908392558940874,66
5,2,0.993071436987464,0.700367057736436,66
6,2,0.98694367376033,0.462684985656876,66
1,3,0.999375621926241,0.981345694263938,66
2,3,0.998573190288262,0.993399163657684,66
3,3,0.99675447690589,0.871068073301928,66
4,3,0.989760437967439,0.801319907053335,66
5,3,0.993218989194604,0.659312847321044,66
6,3,0.986135129807385,0.76490173733788,66
1,4,0.999449612446084,0.948316819882626,66
2,4,0.998649782844078,0.993623928027282,66
3,4,0.997359282730067,0.775079950119447,66
4,4,0.99205845790044,0.331436639532638,66
5,4,0.992458544841611,0.511541260392502,66
6,4,0.986233585244686,0.620274590054148,66
1,5,0.99938969177447,0.988648325913157,66
2,5,0.998789405870067,0.972672335481637,66
3,5,0.996708360988186,0.962837204031622,66
4,5,0.991464695612954,0.471978042308903,66
5,5,0.993221515551258,0.760239636028641,66
6,5,0.986268493069688,0.274314909889864,66
1,6,0.999366047542204,0.996069677069031,66
2,6,0.998564940254823,0.919100454447278,66
3,6,0.996820618613998,0.941512139949861,66
4,6,0.990106709572042,0.816378293317972,66
5,6,0.992992921851558,0.348432022510532,66
6,6,0.985527439126233,0.779228146912329,66
1,7,0.99933515541056,0.998663032374435,66
2,7,0.998706212624079,0.495610323606065,66
3,7,0.996646876758269,0.928631300862374,66
4,7,0.993424954876735,0.258287181739231,66
5,7,0.993170880910381,0.906456324824836,66
6,7,0.986398477470994,0.435756310307074,66
1,8,0.99940204279876,0.967455401498586,66
2,8,0.998764750209042,0.947062861852104,66
3,8,0.997181128850003,0.741811181183222,66
4,8,0.991727262268128,0.597947094376283,66
5,8,0.993383636935512,0.395175910784741,66
6,8,0.986730565507756,0.167625486834992,66
1,9,0.999406492665351,0.978018266006939,66
2,9,0.998372707799271,0.990541517296602,66
3,9,0.996776397171682,0.94376282221413,66
4,9,0.996152095131398,0.409493624534762,66
5,9,0.992905080977927,0.804377276233728,66
6,9,0.990590330001034,0.372966304395032,66
1,10,0.999427292971063,0.922907393993452,66
2,10,0.998741679021496,0.98809918973582,66
3,10,0.997029692363177,-0.0986523626096086,66
4,10,0.991528835840206,0.194388396128555,66
5,10,0.991069313758335,0.751592345456581,66
6,10,0.985545083374472,0.209068038355803,66
1,11,0.999494901233294,0.926295148480496,66
2,11,0.998768582758937,0.553250219014249,66
3,11,0.997268701508861,0.786936744366185,66
4,11,0.990065473336047,0.810383300386527,66
5,11,0.993443666240394,0.455582203050478,66
6,11,0.985784721632714,-0.393403843398471,66
1,12,0.99939005363929,0.985107149876912,66
2,12,0.998691935633498,0.803027986577866,66
3,12,0.997050509407089,0.214774957390265,66
4,12,0.989854932248019,0.855828699637501,66
5,12,0.993677707565639,-0.137219212451449,66
6,12,0.985757751086487,0.23444866831681,66
1,13,0.999439860699524,0.825213858911353,66
2,13,0.998693849303652,0.977657881368624,66
3,13,0.996982657566177,0.456702363249773,66
4,13,0.989080581962812,0.668653211860698,66
5,13,0.992392971584875,0.851639757909603,66
6,13,0.987066351819989,0.577313783808598,66
1,14,0.99941741832835,0.870827480011137,66
2,14,0.998739374019249,0.864517649677544,66
3,14,0.996615370748217,0.986334226202418,66
4,14,0.990603737432932,0.535299245683758,66
5,14,0.993083700977887,0.303472123887759,66
6,14,0.985778746400689,0.525598176436038,66
1,15,0.999482150068202,0.967940527917732,66
2,15,0.998630840262945,0.948393814211527,66
3,15,0.996665724073628,0.946414338333242,66
4,15,0.991150973618619,0.832707783946113,66
5,15,0.992978694568953,0.157237726591241,66
6,15,0.988481650785395,0.236261292115827,66
1,1,0.993158671312795,0.990547995833349,67
2,1,0.991840171862246,0.814935360562505,67
3,1,0.974837748508419,0.894515158517356,67
4,1,0.947269273365508,0.652672866912564,67
5,1,0.959820515949473,0.382170593146177,67
6,1,0.931427293822207,0.473562698183933,67
1,2,0.992763991733371,0.994323877427975,67
2,2,0.993325759747831,0.605392073490089,67
3,2,0.984575239452807,0.646561617369606,67
4,2,0.952180369280449,0.624471586441954,67
5,2,0.961861473625855,0.33883078475977,67
6,2,0.936014146746476,0.383295165129728,67
1,3,0.993874836667593,0.989517667103018,67
2,3,0.991162359949652,0.971305959527555,67
3,3,0.972164773031471,0.904974354027827,67
4,3,0.948053920565242,0.770149812283245,67
5,3,0.958530940344917,0.62480224345393,67
6,3,0.940223386597772,0.520243833774169,67
1,4,0.992764862653211,0.95285428430543,67
2,4,0.992754644191203,0.916095459324751,67
3,4,0.976709781300892,0.7793615704052,67
4,4,0.951140924005631,0.818011128725743,67
5,4,0.945283274364589,0.677207605557177,67
6,4,0.933844078082545,0.752640937292032,67
1,5,0.994658216161349,0.9586919159187,67
2,5,0.991622014908994,0.951884232731978,67
3,5,0.974008410695967,0.832515968396482,67
4,5,0.957424142987208,0.793425159309527,67
5,5,0.959754577177682,0.461652303533431,67
6,5,0.93365766328975,0.718097320707134,67
1,6,0.993579382413526,0.889571363075166,67
2,6,0.991385251221289,0.958046260722648,67
3,6,0.975031380009671,0.279681252933468,67
4,6,0.94746412712636,0.865551209885145,67
5,6,0.95644864488454,0.312850634107736,67
6,6,0.939101983253215,0.584411505848659,67
1,7,0.993382076285202,0.884683397292785,67
2,7,0.991745108797814,0.947566368509603,67
3,7,0.974196303419736,0.746817883358834,67
4,7,0.950208625115609,0.901337614412648,67
5,7,0.953919920663691,0.820228095716825,67
6,7,0.938433127875879,0.381010783841361,67
1,8,0.992751843200328,0.997375722583872,67
2,8,0.992037992838789,0.776397247291794,67
3,8,0.973781391687689,0.893879345693768,67
4,8,0.951099758324112,0.806967105650343,67
5,8,0.958003748301643,0.592366005889365,67
6,8,0.929712280593582,0.831452262513719,67
1,9,0.992801634636578,0.99436274404022,67
2,9,0.990514625395915,0.990627513209472,67
3,9,0.972209656426207,0.960592007807504,67
4,9,0.948667194718613,0.921136377722788,67
5,9,0.95550588352108,0.737239265887829,67
6,9,0.931748551902157,0.844660189026903,67
1,10,0.992753419393406,0.991315978445496,67
2,10,0.990577013623661,0.992146550654506,67
3,10,0.97347133940063,0.858875738326885,67
4,10,0.950094576105164,0.799456599869733,67
5,10,0.958805637938439,0.631554152368375,67
6,10,0.936115695722954,-0.30824097178728,67
1,11,0.993230466080381,0.988042288441156,67
2,11,0.99150414251309,0.967443194133072,67
3,11,0.974268780839115,0.89814802407607,67
4,11,0.95218576282066,0.964257819252838,67
5,11,0.957739274003814,-0.0511583145660808,67
6,11,0.932798466252331,0.710548151102728,67
1,12,0.992907441496705,0.989057378761879,67
2,12,0.991184661400522,0.985760482895174,67
3,12,0.97459453579906,0.873231276029443,67
4,12,0.9460574196089,0.416460044026104,67
5,12,0.966148581033789,0.546671456309495,67
6,12,0.937934131770716,0.721284589209363,67
1,13,0.99561649920754,0.896774600354292,67
2,13,0.991875870972119,0.865313640673151,67
3,13,0.974433459995662,0.639883091439711,67
4,13,0.975194672463994,0.803559559056331,67
5,13,0.960259357839658,0.705546946275713,67
6,13,0.946069862117452,0.359973198528875,67
1,14,0.993368682289954,0.974640435154219,67
2,14,0.991983384599172,0.87841107310382,67
3,14,0.974540645850551,0.895226046879723,67
4,14,0.948059357965016,0.832392043557836,67
5,14,0.951123624986847,0.794620908123645,67
6,14,0.934850818792935,0.423072053594312,67
1,15,0.993994948892737,0.760827386049899,67
2,15,0.991457785317368,0.942795011934435,67
3,15,0.973236502785359,0.731488482670428,67
4,15,0.954464169698465,0.336042628892162,67
5,15,0.966107816058646,0.634498098338477,67
6,15,0.927202701964258,0.723093414326392,67
1,1,0.997948480993667,0.970577850594128,68
2,1,0.996771986651836,0.920520111512962,68
3,1,0.991511377908394,0.891343802264002,68
4,1,0.976900725671527,0.524136897598327,68
5,1,0.981323364647589,0.924518046520005,68
6,1,0.970801845934126,0.334971198292958,68
1,2,0.99816841225624,0.922064469432944,68
2,2,0.996331024592759,0.990447416573295,68
3,2,0.990632250621869,0.856539769207011,68
4,2,0.977632968833571,0.714271165559976,68
5,2,0.980461664192056,0.638492235613624,68
6,2,0.96809151869474,0.430498049523897,68
1,3,0.998363159173277,0.891533610137874,68
2,3,0.996701693085984,0.920993245072962,68
3,3,0.992287115305457,0.906181525967125,68
4,3,0.977107905585121,0.740983612408621,68
5,3,0.981669143102567,0.571138755702817,68
6,3,0.971695291333755,0.528416381197087,68
1,4,0.99887114798496,0.843649378228352,68
2,4,0.995810905627619,0.989258736187707,68
3,4,0.992494430606858,0.861270996174317,68
4,4,0.977728056260846,0.709152112925458,68
5,4,0.982661270429008,0.450520508003385,68
6,4,0.963237107255067,0.619709040889664,68
1,5,0.997942775815552,0.994717059838066,68
2,5,0.996772847350708,0.934609367192725,68
3,5,0.992304418318309,0.405260228754847,68
4,5,0.976828111008432,0.437975897652932,68
5,5,0.984131147154418,0.623720637397152,68
6,5,0.970673671269243,-0.0473699650597572,68
1,6,0.997811085819578,0.981870014694536,68
2,6,0.996404169044608,0.92725423641133,68
3,6,0.990930825631054,0.852774040258771,68
4,6,0.977128026012789,-0.14652298884786,68
5,6,0.975470588418147,0.431477854395663,68
6,6,0.971594432067019,0.344488295352532,68
1,7,0.997881957340905,0.982755709623857,68
2,7,0.996748897403059,0.813962624010001,68
3,7,0.992318814741715,0.802144076408003,68
4,7,0.975692263299709,0.925718257066316,68
5,7,0.97888653025392,0.746334952210755,68
6,7,0.970540587938852,0.914908934881511,68
1,8,0.997882381191107,0.938471807824614,68
2,8,0.996298062337952,0.9942169905451,68
3,8,0.991788991591413,0.317798090938584,68
4,8,0.976239764721444,0.688311298504615,68
5,8,0.981925655560834,-0.130596379981095,68
6,8,0.971799174736197,0.118264097617716,68
1,9,0.997857723268973,0.994516183358641,68
2,9,0.997049666067801,0.867813092222668,68
3,9,0.992928828936079,0.112255363789917,68
4,9,0.976083133594665,0.676763725689511,68
5,9,0.9812109769748,0.461912536512949,68
6,9,0.971418322201173,0.88439938522207,68
1,10,0.997977301010589,0.961586992100359,68
2,10,0.996576367041778,0.85825963265127,68
3,10,0.990608987535717,0.967229967838088,68
4,10,0.977573667581087,0.694883711352094,68
5,10,0.983084417009898,0.810302989042826,68
6,10,0.970572256191947,0.66245741532768,68
1,11,0.997921221158112,0.972841038635282,68
2,11,0.997230492650686,0.414318631803771,68
3,11,0.993167897352671,0.704636292142347,68
4,11,0.976361072807915,0.937919170767293,68
5,11,0.981926552805175,0.78196930250721,68
6,11,0.972057371819405,0.186044482207858,68
1,12,0.997764257336867,0.996817898181818,68
2,12,0.996639652326051,0.966795296565654,68
3,12,0.9926797779762,0.838311951664066,68
4,12,0.985538755321711,0.144934186961535,68
5,12,0.98140163281413,0.668996481214509,68
6,12,0.965056606393238,0.860529914928055,68
1,13,0.997739857724087,0.983973243056288,68
2,13,0.99668700541601,0.722089745652559,68
3,13,0.992106484427451,0.469275871347987,68
4,13,0.977253933544184,0.656413199160303,68
5,13,0.981757391441864,0.169171337878385,68
6,13,0.96893076484753,0.128457515990552,68
1,14,0.998002597325739,0.975547991330965,68
2,14,0.99653444599575,0.935522887822564,68
3,14,0.992495201568233,0.634546346782605,68
4,14,0.990739529794041,0.758848484605549,68
5,14,0.981605902429383,-0.0453765883979472,68
6,14,0.979369883566672,0.468000920552409,68
1,15,0.997953342154673,0.975259825370248,68
2,15,0.996585313410866,0.925191290849329,68
3,15,0.991568168673219,0.960900413584057,68
4,15,0.983313814889455,0.516930043917506,68
5,15,0.976763968338634,0.923699870514512,68
6,15,0.971834987619203,0.814687846928872,68
1,1,0.998647968519549,0.901269399459979,69
2,1,0.996909119549514,0.890114905843674,69
4,1,0.991622854495705,0.852697276067541,69
3,1,0.976483967599816,0.777745057541722,69
5,1,0.98215653788836,0.393618902485289,69
6,1,0.968473022004677,-0.0653117588486516,69
1,2,0.99769374956053,0.992108550689734,69
2,2,0.996889574064854,0.74846030485547,69
4,2,0.991666858391612,0.740070728193686,69
3,2,0.973840218195256,0.781251752599443,69
5,2,0.981172702948537,0.082895076976752,69
6,2,0.971431236704599,0.564616156360895,69
1,3,0.997724122137634,0.978179314345059,69
2,3,0.9967800983055,0.961637618710232,69
4,3,0.99015331180214,0.939065255264615,69
3,3,0.979533123762651,0.655025116214986,69
5,3,0.981699618211606,0.869815950071822,69
6,3,0.96456954212856,0.929915852151485,69
1,4,0.998097528328232,0.906990245761403,69
2,4,0.996677555243794,0.880912645342504,69
4,4,0.99009305136538,0.870813102597497,69
3,4,0.975290419520923,0.748497564646813,69
5,4,0.981449354176619,0.658344139357878,69
6,4,0.973654525127002,-0.521100585004014,69
1,5,0.99797384840279,0.843249585121402,69
2,5,0.997179175147952,0.886365024075658,69
4,5,0.989169602146125,0.70557231001718,69
3,5,0.989538098870897,0.896425668873011,69
5,5,0.981716957978914,0.813237717266077,69
6,5,0.977933588307563,-0.0478395411481426,69
1,6,0.997840365378472,0.983289178382257,69
2,6,0.996422771596718,0.984670883798492,69
4,6,0.990417505039332,0.860377745678615,69
3,6,0.97249618939142,0.713658531506254,69
5,6,0.980968713128064,0.136171216788879,69
6,6,0.96872900442958,0.417662000321188,69
1,7,0.997842043232034,0.949331695326855,69
2,7,0.996606179909374,0.983036718123982,69
4,7,0.990173051127046,-0.106773759389656,69
3,7,0.974066119086773,0.899851431788125,69
5,7,0.980923450734813,0.0641583223439306,69
6,7,0.970901504002826,0.513630494885119,69
1,8,0.997711392582276,0.992453158508797,69
2,8,0.997124579680645,0.791651101458252,69
4,8,0.990993759702927,0.271011290009757,69
3,8,0.975543861853425,0.527441802814721,69
5,8,0.981476338074248,0.510568943539786,69
6,8,0.971475757078902,-0.330095524313766,69
1,9,0.99781328317657,0.970131886138743,69
2,9,0.996838385579568,0.98118032053009,69
4,9,0.989986634955626,0.851060425498199,69
3,9,0.976424906038272,0.622335518249378,69
5,9,0.980493681602827,0.636584618896515,69
6,9,0.969278833268484,0.491311047670695,69
1,10,0.997712845950913,0.979470025860326,69
2,10,0.996058661830027,0.989434865915646,69
4,10,0.989727006948466,0.973915070173349,69
3,10,0.979769302254756,0.75850310560738,69
5,10,0.980504109039576,0.892036564714328,69
6,10,0.969849333034871,0.792966921313661,69
1,11,0.997858717339846,0.992269481868155,69
2,11,0.996481760583842,0.955905155725965,69
4,11,0.990805361297824,0.313384995830223,69
3,11,0.976400651863836,-0.0219759259954396,69
5,11,0.978414426098969,0.552539302064208,69
6,11,0.966498395815319,0.409401119735339,69
1,12,0.997622448616288,0.989639939408821,69
2,12,0.997332083407645,0.823093241407411,69
4,12,0.989993346850786,0.943512006288088,69
3,12,0.978869741996695,0.886240909649394,69
5,12,0.980440054527818,0.654430993966931,69
6,12,0.968825400588854,0.826459310034216,69
1,13,0.997824666272519,0.995874035744836,69
2,13,0.996535221011389,0.968497066413019,69
4,13,0.989335343210562,0.904102142841006,69
3,13,0.977556509601615,0.652258358922001,69
5,13,0.976452826253525,0.93502486296735,69
6,13,0.970022377900821,0.736760491644101,69
1,14,0.997882914255559,0.964432241355239,69
2,14,0.996715292525166,0.933996688308937,69
4,14,0.990664372938123,0.853138726319842,69
3,14,0.9746533304591,0.813898859488309,69
5,14,0.981085304296797,0.792470040392309,69
6,14,0.966812871620184,0.508773109747458,69
1,15,0.997770039072273,0.936723089553894,69
2,15,0.996581779999176,0.915997883199235,69
4,15,0.990209807089414,-0.146763205639829,69
3,15,0.973121446305184,0.868696848010916,69
5,15,0.982661405538109,0.121262785225021,69
6,15,0.971844033895711,0.579412561518222,69
1,1,0.999029788169567,0.953117134185078,70
2,1,0.998459565132027,0.965264717800644,70
3,1,0.996505047224016,0.915897413173605,70
4,1,0.989638945832462,0.899667160488757,70
5,1,0.990896774064517,0.528965118028099,70
6,1,0.986148531304197,0.65611293624401,70
1,2,0.999084453722773,0.802461528059603,70
2,2,0.998618712408182,0.92630995186213,70
3,2,0.996744388913166,0.919514125719135,70
4,2,0.992803188708648,-0.0596270531022768,70
5,2,0.992174995836198,0.715068786677788,70
6,2,0.983603702395759,0.570385952848992,70
1,3,0.999050091083049,0.944062681971074,70
2,3,0.998483155242176,0.986418906304644,70
3,3,0.996859412879608,0.484792994485214,70
4,3,0.992280894718469,0.831555330682571,70
5,3,0.992598785691164,0.633021840852363,70
6,3,0.9830722762462,0.827400695193252,70
1,4,0.998947213789928,0.995789371306908,70
2,4,0.998536178488271,0.95028836403119,70
3,4,0.996970591051213,0.81296416482006,70
4,4,0.992827512503461,0.708050148817355,70
5,4,0.993189619632,0.440243880187789,70
6,4,0.984294406424139,0.62610253495947,70
1,5,0.999063911745745,0.96361609861076,70
2,5,0.998465349527654,0.980062404254482,70
3,5,0.996943820126851,0.897786134843247,70
4,5,0.99044704445576,0.650036108877798,70
5,5,0.99189527717731,0.592519790070009,70
6,5,0.985151821628517,0.562275920584448,70
1,6,0.999177200666594,0.920337947848866,70
2,6,0.998675019717359,0.667936965504816,70
3,6,0.997158521549192,0.536244015348299,70
4,6,0.990960915997135,0.479386486055637,70
5,6,0.989158034134218,0.802176790185394,70
6,6,0.984690311507037,0.661156038221941,70
1,7,0.999001843403673,0.978379421266339,70
2,7,0.998403186166171,0.966140054568841,70
3,7,0.99708592988382,0.425962067104316,70
4,7,0.996709042754428,0.599322679716826,70
5,7,0.992528538323916,0.30390809808721,70
6,7,0.992236763384487,0.729624806001436,70
1,8,0.999109607392646,0.883246814048761,70
2,8,0.998514099676622,0.864083959240956,70
3,8,0.996158908177307,0.967331874951131,70
4,8,0.990293741169774,0.75531437107286,70
5,8,0.992900177380816,0.386534721146877,70
6,8,0.983611067984806,0.533256613589552,70
1,9,0.99903022492589,0.970127215536545,70
2,9,0.998692732523207,0.728831503513359,70
3,9,0.997100459351787,0.856607523489497,70
4,9,0.990808164406847,0.73043742941988,70
5,9,0.992971133678478,-0.218900394423983,70
6,9,0.984126378999636,0.00135838174812308,70
1,10,0.99891314385518,0.984697268726065,70
2,10,0.998438912423246,0.974563732721045,70
3,10,0.996690593640293,0.838316958695373,70
4,10,0.990373654732176,0.808934644902611,70
5,10,0.992431338317898,0.786721393080419,70
6,10,0.984147249067938,0.85100419464545,70
1,11,0.999129160252073,0.982504876397485,70
2,11,0.998455703875545,0.984915452956019,70
3,11,0.996754482588877,0.957776083577673,70
4,11,0.989869887530062,0.491245451905427,70
5,11,0.992199074679414,0.807321031598584,70
6,11,0.987810868260821,-0.0699502705260733,70
1,12,0.998925036733623,0.984060466832827,70
2,12,0.998603367337609,0.483264595200457,70
3,12,0.996605977002683,0.786483234862735,70
4,12,0.992029810121009,0.389746912577107,70
5,12,0.993603571721092,0.173966746169393,70
6,12,0.986219528985314,0.571431678300221,70
1,13,0.999145458423447,0.978715717997271,70
2,13,0.998865027824603,0.525220425121753,70
3,13,0.996329218765592,0.948325865026786,70
4,13,0.991063818274939,0.394352435706544,70
5,13,0.993063071641997,0.640784362074719,70
6,13,0.983711975347104,-0.485348665532753,70
1,14,0.999415382405668,0.947482715586314,70
2,14,0.998940949560341,0.747311421553113,70
3,14,0.997246380682745,0.881286429677523,70
4,14,0.989090349830827,0.493230194344245,70
5,14,0.992846523506609,0.0636621636893709,70
6,14,0.984447244896814,0.824248830894119,70
1,15,0.999001916088578,0.899235470480938,70
2,15,0.99860840698517,0.885101766506682,70
3,15,0.996834797041926,-0.222137860683325,70
4,15,0.99036864667135,0.918077429156214,70
5,15,0.992892782438205,0.223345478750659,70
6,15,0.988730651803056,-0.126274526937244,70
1,1,0.997543825483017,0.97920935945026,71
2,1,0.996426677647175,0.983196645123625,71
4,1,0.990854095667845,0.861785938620578,71
3,1,0.982704042808019,0.788037583892482,71
5,1,0.98117340128864,0.0870339527275341,71
6,1,0.973390308477471,0.0734667909302479,71
1,2,0.997875464851096,0.974096381323764,71
2,2,0.997160540418289,0.808695929825831,71
4,2,0.990507043588316,0.643133908670321,71
3,2,0.989518724815438,0.959562843676507,71
5,2,0.980583520172865,0.857419050842828,71
6,2,0.973872476252176,0.431562648205018,71
1,3,0.998120678554783,0.982966821116988,71
2,3,0.997487562540328,0.445648087059492,71
4,3,0.99140909483588,0.746495249193448,71
3,3,0.982911257962819,0.695882401671821,71
5,3,0.981025379733166,0.873128986466359,71
6,3,0.969854415279418,0.805086677027598,71
1,4,0.997315299016305,0.981881758327293,71
2,4,0.997609569261826,0.632071430747507,71
4,4,0.991903092050952,0.698014206281544,71
3,4,0.981416337489305,0.880414844316807,71
5,4,0.982286058103899,0.792609713486447,71
6,4,0.969738619821167,0.82445487103364,71
1,5,0.997853742513889,0.871033232053694,71
2,5,0.996342128452038,0.980610175324319,71
4,5,0.991580733036914,0.881347260992216,71
3,5,0.983874570740351,0.782377253026514,71
5,5,0.988442028698262,0.896883749609057,71
6,5,0.967090127549085,0.897462814886319,71
1,6,0.997588886635844,0.963772999584816,71
2,6,0.996280201999,0.960867509736556,71
4,6,0.992151366947678,0.796312585579494,71
3,6,0.982414999887549,0.703092689844429,71
5,6,0.980076174113818,0.519390608834172,71
6,6,0.972905839141129,-0.047832349322736,71
1,7,0.997571091718635,0.966210366367021,71
2,7,0.996357013551802,0.987733909939983,71
4,7,0.991086007050691,-0.117964378921397,71
3,7,0.982452963680065,0.880580553332905,71
5,7,0.980587222654214,0.453464099577404,71
6,7,0.9705654505914,0.695856958437553,71
1,8,0.997595164602241,0.919555419112259,71
2,8,0.996542211071943,0.976105820222769,71
4,8,0.991401709967929,0.439825255579444,71
3,8,0.981411380628966,0.80560633866632,71
5,8,0.981277806819385,0.520432153098982,71
6,8,0.969754400044845,0.923818893184168,71
1,9,0.998550936883537,0.916723663386641,71
2,9,0.996056805516986,0.99683302146842,71
4,9,0.99073240027997,0.912761671452879,71
3,9,0.981692969808329,0.931197970602891,71
5,9,0.980729600143496,0.829797123317139,71
6,9,0.977654063362653,0.457597852390398,71
1,10,0.997549718459758,0.981161005432028,71
2,10,0.996847245488359,0.969780594043306,71
4,10,0.992376500039012,0.501369831635608,71
3,10,0.982981595995876,0.819295167281419,71
5,10,0.980504513105113,0.0173825588261829,71
6,10,0.96967950829534,0.747868374259414,71
1,11,0.99777224332437,0.888853665206966,71
2,11,0.99642751325798,0.981720297236161,71
4,11,0.991395293631065,0.980085621570682,71
3,11,0.983087474645501,0.871615733364308,71
5,11,0.980749304407457,0.0111919841109422,71
6,11,0.97455595114075,0.148167844092302,71
1,12,0.997550186306939,0.995862298283026,71
2,12,0.99654204205614,0.956212757328327,71
4,12,0.990815603134669,0.932523539902606,71
3,12,0.982175172951987,0.94206962794456,71
5,12,0.98061993044232,0.540878731608887,71
6,12,0.972542197988489,-0.124548814400081,71
1,13,0.997533307300345,0.994134603354202,71
2,13,0.99676463662283,0.815906302931459,71
4,13,0.99083942381849,0.648012564857037,71
3,13,0.982577214643884,0.720439605443192,71
5,13,0.976498369437284,0.50914687745242,71
6,13,0.97026464782777,0.821522858068777,71
1,14,0.997674969222871,0.952993383049984,71
2,14,0.996928948985897,0.903391825515264,71
4,14,0.991835172050669,0.611124953126981,71
3,14,0.982681765576055,0.893671124778503,71
5,14,0.981219207276614,0.843147855172979,71
6,14,0.972703844422935,0.447199807266198,71
1,15,0.997368986277718,0.994093641574572,71
2,15,0.996363768967717,0.97796206899501,71
4,15,0.991197843447459,0.44799545832635,71
3,15,0.982643611539811,0.556607904130077,71
5,15,0.98139555072985,-0.161027799370748,71
6,15,0.97101974862214,0.0320434661160487,71
1,1,0.993017897019137,0.94121320962084,72
2,1,0.989699234770726,0.991196664798292,72
4,1,0.971931589599032,0.972331919582804,72
3,1,0.962013706930137,0.928552403055278,72
6,1,0.946917781548205,0.66325952448659,72
5,1,0.935192295992657,0.77521759245305,72
1,2,0.992881782107736,0.975498592932568,72
2,2,0.989697245864099,0.965235916413639,72
4,2,0.974633517909988,0.94815827064695,72
3,2,0.962399125893562,0.655218747090645,72
6,2,0.945149321115501,0.735618053332008,72
5,2,0.939349549753858,0.191068707336891,72
1,3,0.992782767824134,0.979304801837906,72
2,3,0.988582135094262,0.993380480280165,72
4,3,0.97333865942936,0.770938964597143,72
3,3,0.959911033187328,0.926852463202755,72
6,3,0.945977928833185,-0.150080400511393,72
5,3,0.934659667077538,0.710294590290012,72
1,4,0.992858109062084,0.98677168445206,72
2,4,0.990489115856229,0.852800809279192,72
4,4,0.974013571902991,0.678561701790464,72
3,4,0.966785217058401,0.413509813975218,72
6,4,0.941431969054683,0.558934504062169,72
5,4,0.930524683923986,0.811842978604407,72
1,5,0.993774583785062,0.991721515717642,72
2,5,0.99024377548346,0.981823016794003,72
4,5,0.971064035751736,0.965603062544013,72
3,5,0.96107329974147,0.943512966553671,72
6,5,0.949836459384288,0.796634486926743,72
5,5,0.931088260652872,0.737101147929152,72
1,6,0.992987906411354,0.987390767054824,72
2,6,0.990065454966084,0.961276883488525,72
4,6,0.975295016786676,0.7548972486196,72
3,6,0.959483828215295,0.707361952097223,72
6,6,0.947956029707435,-0.787148665719855,72
5,6,0.930887296958096,0.584819120778349,72
1,7,0.993048377971214,0.943486234675152,72
2,7,0.990863789205962,0.846464396333457,72
4,7,0.97803678376176,0.700594659728117,72
3,7,0.959606657502578,0.511881085022808,72
6,7,0.936218865270927,0.877805181089014,72
5,7,0.934098343812007,0.920097703782694,72
1,8,0.992669054920376,0.962975512419745,72
2,8,0.990586093467107,0.953050597022205,72
4,8,0.975280708054481,-0.771197204738587,72
3,8,0.958655977834688,0.90331670308868,72
6,8,0.946927284701373,0.211188450361252,72
5,8,0.932260100002599,0.311225798836582,72
1,9,0.994576298877317,0.920329098149034,72
2,9,0.990259270388926,0.952604975946608,72
4,9,0.978203491364512,0.395575226791919,72
3,9,0.974126675084703,0.803246238770329,72
6,9,0.945008410935585,0.0124363869229388,72
5,9,0.949468549149818,-0.131490159943994,72
1,10,0.993113457976931,0.978413624187549,72
2,10,0.990412993027027,0.955692322960799,72
4,10,0.974729988962653,0.68989313061202,72
3,10,0.960789899126555,0.732663221089052,72
6,10,0.949437063019531,0.387911471573798,72
5,10,0.937156668886764,0.0116843649507363,72
1,11,0.992416397311336,0.985759244647559,72
2,11,0.991750587452458,0.932248995926745,72
4,11,0.979771589808905,0.759049872871967,72
3,11,0.959350186431016,0.937720063836207,72
6,11,0.945603126916773,0.842829649058564,72
5,11,0.932433680518538,0.788543237079529,72
1,12,0.993128341672594,0.918537623983389,72
2,12,0.990289372245292,0.942952904333407,72
4,12,0.976822490922864,0.567462154156893,72
3,12,0.959455998924414,0.850475171457181,72
6,12,0.947087505265081,0.594182881349764,72
5,12,0.938446387125487,0.246952080368355,72
1,13,0.995165452737185,0.883759808663269,72
2,13,0.9922644306683,0.685408251439572,72
4,13,0.977397573737125,0.935441861921445,72
3,13,0.96169362268073,0.782015389049124,72
6,13,0.958603766426179,0.920518467554712,72
5,13,0.932254165920914,0.407005103441863,72
1,14,0.992725483096643,0.991265085607342,72
2,14,0.991279960027278,0.806393894920166,72
4,14,0.96785246330949,0.750060215188527,72
3,14,0.966780261033332,0.935058596863563,72
6,14,0.946614014114416,0.907993769845946,72
5,14,0.933045796069665,0.0823703118341893,72
1,15,0.992627180506822,0.98568526391384,72
2,15,0.99109153284403,0.797064055802664,72
4,15,0.975304543352903,0.68569417676678,72
3,15,0.957749865654193,0.718611104356874,72
6,15,0.958835107319314,0.348613590617332,72
5,15,0.927962050177982,0.741121038536349,72
1,1,0.996070514015486,0.955255491719995,73
2,1,0.996420211823536,0.92510584965375,73
4,1,0.991076740766842,0.863709234228415,73
3,1,0.983399190271407,0.801307582682488,73
5,1,0.988110086486896,0.662426629437506,73
6,1,0.97474636245131,0.401492936425709,73
1,2,0.996411046242867,0.935142177907101,73
2,2,0.996430981145118,0.824487148107005,73
4,2,0.991712630868417,0.829411255096964,73
3,2,0.985669530216817,0.552939543896128,73
5,2,0.987464351091613,0.882222798040122,73
6,2,0.975533781151022,-0.512554492579675,73
1,3,0.996894603195518,0.937021919175544,73
2,3,0.995550089405587,0.948468256612076,73
4,3,0.991013145347559,0.547131827235225,73
3,3,0.983026156530776,0.918082238837317,73
5,3,0.987235779672416,0.501514485088375,73
6,3,0.975510371790982,0.788811881328556,73
1,4,0.996171519376566,0.963662534439836,73
2,4,0.9961495801236,0.972750403925108,73
4,4,0.990279366308638,0.928523721330043,73
3,4,0.983442021016705,0.841476862190012,73
5,4,0.990977249471338,0.497671089237378,73
6,4,0.972251190251833,0.856628721022772,73
1,5,0.996651029170762,0.988758887476956,73
2,5,0.995556246607051,0.935030080749057,73
4,5,0.991234345409762,0.51977280730187,73
3,5,0.984237835716122,0.630982402529339,73
5,5,0.986042442957392,0.277712064898825,73
6,5,0.974018283933998,0.622970182739949,73
1,6,0.996329893755765,0.966449546346657,73
2,6,0.995987818500278,0.887906914331715,73
4,6,0.99087968744315,0.751178565533676,73
3,6,0.98897543280016,0.916157180132368,73
5,6,0.986280797386249,0.527180414937098,73
6,6,0.979134873834381,-0.0992795877256079,73
1,7,0.995878654160639,0.965141951561974,73
2,7,0.997063579855315,0.948224732291327,73
4,7,0.991622977271804,0.317950400934107,73
3,7,0.983146962481855,0.888946527498102,73
5,7,0.987302853036553,0.884089846504382,73
6,7,0.975595977127086,0.652905997150017,73
1,8,0.997350205086999,0.96012212038335,73
2,8,0.996574480756466,0.976803298047365,73
4,8,0.989840917933468,0.972788726848102,73
3,8,0.984161042402926,0.472196340387912,73
5,8,0.989474576501348,0.610975322514332,73
6,8,0.974092910615643,-0.683533563459632,73
1,9,0.997878730213053,0.837393453250247,73
2,9,0.996255652872178,0.96341911334932,73
4,9,0.990479750866854,0.553261564913217,73
3,9,0.982183994275469,0.948396884429482,73
5,9,0.987502359359515,-0.101975606298798,73
6,9,0.972558140361206,0.904493647232242,73
1,10,0.996105153038639,0.990390521671435,73
2,10,0.996086617315335,0.930945358080158,73
4,10,0.990536962759142,0.365127029420612,73
3,10,0.984544574463485,-0.238290536972474,73
5,10,0.987488834302899,-0.0311963400721148,73
6,10,0.973749388661144,0.518032144268447,73
1,11,0.99601977380067,0.905760193828702,73
2,11,0.99621375628482,0.976437388264626,73
4,11,0.990413927611486,0.811822403844369,73
3,11,0.982562561529777,0.971388307195603,73
5,11,0.987067020083589,0.886653826421249,73
6,11,0.971886827993597,0.503043724843558,73
1,12,0.996189097890613,0.993490801079453,73
2,12,0.995830659304921,0.957573558012018,73
4,12,0.990725769346479,0.850773009965963,73
3,12,0.983604124774612,0.787973678082982,73
5,12,0.983458614363261,0.685856569349889,73
6,12,0.97375464835662,0.550200211676187,73
1,13,0.996248644572862,0.948042458579181,73
2,13,0.996208130947103,0.991525686708179,73
4,13,0.99104423761807,0.0882181441264295,73
3,13,0.983384517190472,0.90831017845192,73
5,13,0.987178979419355,0.68729309168514,73
6,13,0.972547715310648,0.685053693006655,73
1,14,0.995558654240812,0.982346273587301,73
2,14,0.996615730855235,0.969376450224994,73
4,14,0.990341034140625,0.902706668807243,73
3,14,0.982916917687637,0.920112335353197,73
5,14,0.987024866508422,0.668806307161047,73
6,14,0.974201971914847,0.727562025780221,73
1,15,0.996533703133561,0.990524214896326,73
2,15,0.99578940947665,0.956904020966894,73
4,15,0.989715744613002,0.847609732073691,73
3,15,0.987820780006594,0.270209424092697,73
5,15,0.986568216036285,0.758288016022672,73
6,15,0.972432624500642,0.271736013942485,73
1,1,0.996621465668265,0.995257347590286,74
2,1,0.995550905601045,0.952729618301705,74
3,1,0.988268832395669,0.891386447043499,74
4,1,0.982658780370481,0.89886135528982,74
6,1,0.982247022059595,-0.296000519629688,74
5,1,0.96695323595485,0.535627238868889,74
1,2,0.997476315023588,0.935023400186606,74
2,2,0.99566867741441,0.981055632318589,74
3,2,0.990437948001287,0.834285693877442,74
4,2,0.979981795577152,0.824652319146407,74
6,2,0.981835292911536,0.286952037510831,74
5,2,0.967375961017681,0.663837676135508,74
1,3,0.996951346424143,0.965673709475137,74
2,3,0.99551351203206,0.947799094431266,74
3,3,0.987939171586649,0.809248711218556,74
4,3,0.981327582531447,0.552188162048313,74
6,3,0.978539247518204,0.479516878064326,74
5,3,0.967552848178298,-0.0548049795352664,74
1,4,0.996540655371985,0.991896340320942,74
2,4,0.996096166730993,0.74122667071648,74
3,4,0.986250013235056,0.942540034714902,74
4,4,0.981908269552677,0.726097409186144,74
6,4,0.979975388247905,0.608003596016311,74
5,4,0.970475672928507,0.246052579364726,74
1,5,0.996550326311401,0.990636798719816,74
2,5,0.995462424453185,0.982497244288709,74
3,5,0.988369164471782,0.867272022262865,74
4,5,0.980828771803187,0.876626322226955,74
6,5,0.977923280702911,0.299771473098202,74
5,5,0.972589909862719,0.750030384704253,74
1,6,0.99654610163582,0.971137681798431,74
2,6,0.994975432064533,0.993441187652106,74
3,6,0.987618317393424,0.668334385877339,74
4,6,0.982407802037788,0.908290906941179,74
6,6,0.97721920085472,-0.0524863281720769,74
5,6,0.970738708193115,0.518607198666937,74
1,7,0.997639883507605,0.829796908690258,74
2,7,0.995454903772383,0.953567997575663,74
3,7,0.986852623446475,0.878266257495278,74
4,7,0.981528942322232,0.75383314058467,74
6,7,0.977593190123099,0.300542471999398,74
5,7,0.968640665667103,0.146933503538282,74
1,8,0.996520332935137,0.974410099749771,74
2,8,0.995299003589577,0.990864960198515,74
3,8,0.988082906219524,0.706671477229346,74
4,8,0.982408419675547,0.781341430720933,74
6,8,0.977339805517633,0.80561018244764,74
5,8,0.96666818799628,0.721470938315971,74
1,9,0.996346380014981,0.975218681361564,74
2,9,0.996686403781708,0.678521995231772,74
3,9,0.990297038629614,0.703644858568166,74
4,9,0.987342577095496,0.880511496951528,74
6,9,0.978225591851106,0.788311285673737,74
5,9,0.976541154144465,0.11792793389307,74
1,10,0.996441587455772,0.988386987130067,74
2,10,0.995583102911461,0.589819556081581,74
3,10,0.988356735629776,0.811331306939185,74
4,10,0.981716241280648,0.831631082059245,74
6,10,0.968471667940491,0.235578136452876,74
5,10,0.960620876009142,0.615715866626089,74
1,11,0.996757663611745,0.960000401188512,74
2,11,0.995184745051846,0.896196077161591,74
3,11,0.9860721967294,0.666534368363485,74
4,11,0.981272585900043,0.908148753538414,74
6,11,0.979596306814697,0.568594311520106,74
5,11,0.967421589107595,0.627720927132676,74
1,12,0.997031102369307,0.899953230688535,74
2,12,0.995478714868955,0.939443936880082,74
3,12,0.988820509942781,0.841666468693179,74
4,12,0.980054769882144,0.866192403095861,74
6,12,0.979831370397177,-0.147842590604348,74
5,12,0.967342793352156,0.474075232590328,74
1,13,0.996761666296701,0.952890238358489,74
2,13,0.995540912760269,0.973327285942862,74
3,13,0.988504929598695,0.897853200274386,74
4,13,0.981591850415983,0.564208891287669,74
6,13,0.97721576385495,0.779859563430063,74
5,13,0.967595767488604,0.0985996538480796,74
1,14,0.996235938814844,0.992139701412217,74
2,14,0.995503578112513,0.950024744542231,74
3,14,0.98770641971684,0.885966831017239,74
4,14,0.980685660778594,0.879543771360534,74
6,14,0.977918282383956,0.1863788972528,74
5,14,0.966925419045891,0.449188191709826,74
1,15,0.996450123642124,0.981738322793305,74
2,15,0.995851813688503,0.953132682815769,74
3,15,0.989741021354207,0.823990791006477,74
4,15,0.985823261761097,0.652990896805987,74
6,15,0.97960923253369,0.51908582800079,74
5,15,0.966754472710119,0.676451982862903,74
1,1,0.998965989541675,0.994359722328566,75
2,1,0.998476794068997,0.931149338285674,75
3,1,0.997508789923956,0.568770486780362,75
4,1,0.99612524708715,0.529137832166965,75
6,1,0.994112367858943,0.105242379913796,75
5,1,0.993404028583852,0.335680351920265,75
1,2,0.999303691333557,0.98234431043689,75
2,2,0.998922283148245,0.903152103285171,75
3,2,0.997829593324045,0.75413488804022,75
4,2,0.992055890547321,0.945087332977099,75
6,2,0.993433254755253,0.673971752795348,75
5,2,0.986821686696325,0.487077946726169,75
1,3,0.999088624154635,0.991041886681119,75
2,3,0.998284807647736,0.964000282355727,75
3,3,0.997364148636545,0.634328815663014,75
4,3,0.992697517744136,0.437406174375541,75
6,3,0.993397223757471,0.203141116176453,75
5,3,0.989536715069201,0.320866102563278,75
1,4,0.999189325391209,0.98803326484028,75
2,4,0.998339297024678,0.925608762332929,75
3,4,0.9970724856666,0.889197299044849,75
4,4,0.993576664444814,0.70548981474719,75
6,4,0.992157581392962,0.708952526694961,75
5,4,0.98433506341276,0.407533992164978,75
1,5,0.999398168466216,0.781828027511395,75
2,5,0.998189295298716,0.996723078506057,75
3,5,0.996885621272083,0.958310941687846,75
4,5,0.992900031544523,0.783233944006731,75
6,5,0.993711131727123,0.0881901459246911,75
5,5,0.984160535379218,0.888413833660107,75
1,6,0.99905795492697,0.912080152042633,75
2,6,0.99822542620942,0.937163438459441,75
3,6,0.99691353754014,0.982823396103712,75
4,6,0.993135684714515,0.764229622122856,75
6,6,0.992808378095934,0.136641846332504,75
5,6,0.984186305659787,0.739808750304131,75
1,7,0.999009924143536,0.99735532930528,75
2,7,0.998289272251784,0.867531942420026,75
3,7,0.99719059820696,0.392674091446482,75
4,7,0.993318286705514,0.297752671800342,75
6,7,0.994995743467638,0.181477921867212,75
5,7,0.984113747634788,0.775631805640634,75
1,8,0.999086478688827,0.959449717395264,75
2,8,0.998426362541101,0.852350124066907,75
3,8,0.996834519648553,0.798894521982064,75
4,8,0.993335228235046,0.166826400872767,75
6,8,0.992458852476977,-0.113213387764626,75
5,8,0.984016281113521,0.48473821042347,75
1,9,0.999122602250287,0.958827767983133,75
2,9,0.998538535306838,0.972866258221573,75
3,9,0.996992619116057,0.919108437610229,75
4,9,0.992366651461841,0.907880668495769,75
6,9,0.993572485932765,0.843820231301157,75
5,9,0.985495872322737,0.390530732845081,75
1,10,0.999116656851076,0.980566025655504,75
2,10,0.998196242602523,0.973703909252507,75
3,10,0.996713218710612,0.968731613594108,75
4,10,0.991808616606628,0.968302893977476,75
6,10,0.992877728037384,0.926275455147542,75
5,10,0.984874903773594,0.576209337488393,75
1,11,0.999057463897967,0.964163340395372,75
2,11,0.99835121426845,0.919371425341772,75
3,11,0.997006034002095,0.752474805492785,75
4,11,0.992554580800012,0.765465548197914,75
6,11,0.99281672750286,0.940945464130574,75
5,11,0.986621096578929,0.570614016958833,75
1,12,0.999032961380998,0.989920245246631,75
2,12,0.998166716813364,0.964258660409419,75
3,12,0.996976663404432,0.980346699667759,75
4,12,0.992849126452209,0.906644299793379,75
6,12,0.992559788119004,0.554807132294064,75
5,12,0.984306564224222,0.476354108510702,75
1,13,0.999420345798317,0.735570315543501,75
2,13,0.998669797560506,0.66775854855193,75
3,13,0.997440982370957,0.670060097645442,75
4,13,0.99233222373159,0.974009959498821,75
6,13,0.985859765329057,0.0654441880163428,75
5,13,0.990036739394893,0.873568502104877,75
1,14,0.999170088663663,0.964467826912943,75
2,14,0.998585120480685,0.944338395327918,75
3,14,0.997227988962386,0.882291217286233,75
4,14,0.992015094961982,0.621203958027389,75
6,14,0.992816188858433,0.756380976566782,75
5,14,0.98612109532994,0.535826687051602,75
1,15,0.999182703223751,0.995040126243192,75
2,15,0.998266289924943,0.980075204522113,75
3,15,0.996812168890693,0.953523140155502,75
4,15,0.993397407514614,0.640633605447078,75
6,15,0.99272399901367,0.534646241300669,75
5,15,0.984012685256452,-0.397946333867148,75
1,1,0.999321551438753,0.873032406541959,76
2,1,0.99859960332603,0.895898050717991,76
3,1,0.996991181209757,0.681656323006124,76
4,1,0.992021097520233,0.637631043666719,76
5,1,0.990625551977497,0.875219341513772,76
6,1,0.988941204821132,0.478083976947819,76
1,2,0.999486904228297,0.860047625746664,76
2,2,0.998695861455603,0.678964079484526,76
3,2,0.997783185713256,0.817433729398606,76
4,2,0.995287340855673,0.594285025670754,76
5,2,0.994094923967603,0.486622447244335,76
6,2,0.992504241078257,0.250560437371813,76
1,3,0.999415217610631,0.952820776145459,76
2,3,0.998341155730665,0.97473921822966,76
3,3,0.996938049665624,0.910188463448813,76
4,3,0.992473773162737,0.571236703355543,76
5,3,0.991674340147259,0.395884458510131,76
6,3,0.986349229750931,0.887754465028691,76
1,4,0.99933956164669,0.986355345219097,76
2,4,0.998622248226486,0.889270307174596,76
3,4,0.996609771753732,0.98268754986126,76
4,4,0.991303119599464,0.984463680775593,76
5,4,0.992620066676367,0.761470422357849,76
6,4,0.988157802408422,0.380531391602262,76
1,5,0.999313595309634,0.988712429757498,76
2,5,0.998824886623883,0.903664289441022,76
3,5,0.997616101649028,0.428368954168639,76
4,5,0.991044161867066,0.376433777776692,76
5,5,0.993590212203136,0.0652391688793481,76
6,5,0.989129962008005,0.117337726476498,76
1,6,0.999206211589309,0.992737903859156,76
2,6,0.998440341349853,0.898592638483024,76
3,6,0.996706523260938,0.779096524547449,76
4,6,0.991789804804954,0.4659979232791,76
5,6,0.992204020448631,0.883635534134703,76
6,6,0.98715131888273,0.595927529381603,76
1,7,0.99926381701581,0.983694968404399,76
2,7,0.998524054837297,0.936854414650524,76
3,7,0.997051557649567,0.956336943877103,76
4,7,0.994352833697587,0.598443608794803,76
5,7,0.991532856042534,0.81906928030424,76
6,7,0.986799667835309,0.875377926929855,76
1,8,0.999284037325197,0.762998536118967,76
2,8,0.998539827700661,0.824383918910333,76
3,8,0.997339735387838,0.651664123766567,76
4,8,0.990914285075826,0.86553796403905,76
5,8,0.99234479391088,0.63423367374339,76
6,8,0.987255531821976,0.544644003994875,76
1,9,0.999349806617532,0.921137356214998,76
2,9,0.998496579578815,0.988084378786086,76
3,9,0.997250366277319,0.887607716769145,76
4,9,0.990807142137758,0.838142488990395,76
5,9,0.992746508451691,0.272789542598951,76
6,9,0.986627130647388,0.22566534669769,76
1,10,0.999266045295763,0.980836311192654,76
2,10,0.998527242725303,0.842318263193797,76
3,10,0.99697280332647,0.932954815444717,76
4,10,0.991624167774025,0.275390201637753,76
5,10,0.992115887098133,0.257815495926541,76
6,10,0.986729110189926,0.301984663057269,76
1,11,0.999324616230981,0.81112223758876,76
2,11,0.998649067302125,0.871748275207622,76
3,11,0.997040414885391,0.301105120752934,76
4,11,0.991063142754628,0.685026864770082,76
5,11,0.992361802844543,0.189723726709937,76
6,11,0.988226454139196,0.203924636757586,76
1,12,0.999284671121439,0.987888654379266,76
2,12,0.998502987747272,0.968044281143047,76
3,12,0.997099744232644,-0.252481635344822,76
4,12,0.99030921140831,0.544015098340179,76
5,12,0.992845455442343,0.770254854470467,76
6,12,0.987367874517398,0.501551649679611,76
1,13,0.999323694300643,0.977392697594643,76
2,13,0.998614466567149,0.912666193771515,76
3,13,0.996992035334792,0.913226948571393,76
4,13,0.991488381159173,0.35428655995719,76
5,13,0.990561443026122,0.753025809506372,76
6,13,0.987906092888439,0.774169029870158,76
1,14,0.999291746897267,0.978590217196006,76
2,14,0.998601830039094,0.875061690905664,76
3,14,0.996968382773649,0.835410227059762,76
4,14,0.991354178049315,0.534694699110454,76
5,14,0.992858603979395,0.275166746200105,76
6,14,0.987961041303044,-0.205640262617673,76
1,15,0.9993243607711,0.843142698196595,76
2,15,0.998584566726193,0.957038923313333,76
3,15,0.99687361532575,0.703421857884442,76
4,15,0.992248742338413,0.704159182316278,76
5,15,0.991756244480876,0.703706551344763,76
6,15,0.990280167463437,0.523279103086618,76
1,1,0.99288112478464,0.982270870883492,77
3,1,0.989833627423405,0.991964399818517,77
4,1,0.976733932088481,0.824125113989315,77
2,1,0.95819650077256,0.893769065983237,77
6,1,0.951130115278236,0.677688505990621,77
5,1,0.936410622800446,0.120243278345317,77
1,2,0.992491338767176,0.983225937711853,77
3,2,0.991153552045024,0.784838651692601,77
4,2,0.975000118203865,0.706821657940753,77
2,2,0.955573960791861,0.851079140695038,77
6,2,0.952544001957754,0.540763286415196,77
5,2,0.941564807534667,0.155374545324943,77
1,3,0.992619255000837,0.886364530641808,77
3,3,0.991078547165923,0.653778710078382,77
4,3,0.977576572355655,0.921568741560968,77
2,3,0.95555270815267,0.877851484156747,77
6,3,0.940343036843356,0.392135169897288,77
5,3,0.94261576242892,0.943371123011239,77
1,4,0.992351915742106,0.965111383303977,77
3,4,0.988784297430465,0.988972493106319,77
4,4,0.976436671998529,0.63912770637948,77
2,4,0.957179819291926,0.905088132851531,77
6,4,0.949825858029567,-0.0227903667772417,77
5,4,0.931379028938256,0.920630736270604,77
1,5,0.992476891077726,0.978214623746406,77
3,5,0.989398848794082,0.98482288772573,77
4,5,0.978092972922285,0.346516935402397,77
2,5,0.956340492709143,0.939660761426445,77
6,5,0.954815936177664,0.242634698169238,77
5,5,0.937781214118664,0.366150484812432,77
1,6,0.991944586129806,0.966927750107455,77
3,6,0.990031299473922,0.744055528287298,77
4,6,0.971260468318792,0.799787353390671,77
2,6,0.955276401949483,0.692619745577012,77
6,6,0.952519997187346,0.753988535723811,77
5,6,0.936898149747228,0.33646479150081,77
1,7,0.992704104649934,0.97858374290981,77
3,7,0.990257026410238,0.933668223214373,77
4,7,0.977290923864896,0.800228081667835,77
2,7,0.954291458563504,0.930513587151865,77
6,7,0.952558034397729,-0.000290023489834648,77
5,7,0.938995901889414,0.5545111236456,77
1,8,0.992226178315279,0.984039176479141,77
3,8,0.990204606305416,0.848510132424437,77
4,8,0.976927126300918,0.909700713943575,77
2,8,0.956110925441574,0.878525551904116,77
6,8,0.950206044837517,0.377132348503106,77
5,8,0.938909361374046,-0.0147439393995884,77
1,9,0.991945937304025,0.99464686803143,77
3,9,0.989270428126669,0.99356526151278,77
4,9,0.972991979071778,0.981451092577042,77
2,9,0.960953829617019,0.666776299091075,77
6,9,0.949468389586881,0.874228506630388,77
5,9,0.934686352654495,0.700169495852898,77
1,10,0.99259051376173,0.953822899305322,77
3,10,0.992817044251696,0.353140335372038,77
4,10,0.977756090226337,0.708952161565105,77
2,10,0.957271753864218,0.878418459790955,77
6,10,0.953875832997516,0.297128020204595,77
5,10,0.934405157979393,0.711198729403344,77
1,11,0.993403045013937,0.96676794099119,77
3,11,0.990862255063389,0.721144499884052,77
4,11,0.973084734810445,0.839858746552676,77
2,11,0.957510414204841,0.73552217401267,77
6,11,0.973853826021413,0.716520918619367,77
5,11,0.939108020595684,0.70811562194018,77
1,12,0.99250084511411,0.961057793754504,77
3,12,0.991843127676787,0.728103861017153,77
4,12,0.978794074932803,-0.083351334883401,77
2,12,0.956225337473886,0.689220430309942,77
6,12,0.948845152237302,0.522702674198117,77
5,12,0.941554320786383,0.166969932412493,77
1,13,0.993337340692335,0.870560758303743,77
3,13,0.990316554801061,0.893545264749176,77
4,13,0.978096560669527,0.965566517957659,77
2,13,0.95716173936499,0.739592497498136,77
6,13,0.951244549302169,0.566703156793423,77
5,13,0.935270412206528,0.447921681377211,77
1,14,0.995267388520389,0.920173808915629,77
3,14,0.989991041163498,0.976579378271597,77
4,14,0.981132023304797,0.667654569880571,77
2,14,0.954560606624074,0.938083665355206,77
6,14,0.950182625530247,0.260580130815402,77
5,14,0.936882269810644,0.624929503751551,77
1,15,0.992215418331292,0.990202591953545,77
3,15,0.990536114407519,0.847289054390907,77
4,15,0.976803524325784,0.654489156875521,77
2,15,0.976862663656652,0.878962447748104,77
6,15,0.948037419308088,0.661422252933316,77
5,15,0.95450609545501,0.799033409511899,77
1,1,0.997079189869028,0.971644451923968,78
2,1,0.996558632354926,0.825192652613052,78
3,1,0.992486469263433,0.857188230261725,78
4,1,0.978227070727645,0.899302420529575,78
5,1,0.982118516113884,0.598121614691366,78
6,1,0.965462068580007,0.24767140185879,78
1,2,0.997168083477796,0.915264735299128,78
2,2,0.996225787599437,0.976865046779061,78
3,2,0.991532672930531,0.734118944481586,78
4,2,0.980115255676097,0.562780916518263,78
5,2,0.981346726682477,0.655778571601327,78
6,2,0.962988354962749,-0.618604848236098,78
1,3,0.997808839388589,0.95164602762614,78
2,3,0.996245865448908,0.994340835038029,78
3,3,0.991931671328516,0.973196335321202,78
4,3,0.978663498630089,0.806691901075037,78
5,3,0.981892863251265,-0.0342310102476666,78
6,3,0.962959607373552,0.490430409268876,78
1,4,0.996981525310957,0.914137169482663,78
2,4,0.997776813108389,0.624088479737302,78
3,4,0.993019965632433,0.905093758648258,78
4,4,0.978565106852489,0.74373654694358,78
5,4,0.986035505206791,0.165260692336501,78
6,4,0.961139644549847,0.895516240115162,78
1,5,0.99711684764114,0.966405273457338,78
2,5,0.996715988446367,0.873883300133133,78
3,5,0.991026805886627,0.977020572237556,78
4,5,0.978021197705917,0.867939139828521,78
5,5,0.980523685542281,0.877478257532482,78
6,5,0.967181537223619,0.237976037604919,78
1,6,0.997068165928308,0.943235929552684,78
2,6,0.996209151929673,0.981889950586487,78
3,6,0.992011459999811,0.969619677627111,78
4,6,0.979110277697287,0.88867848288726,78
5,6,0.981374918055841,0.751348787189513,78
6,6,0.963548902952303,0.764597809896197,78
1,7,0.996957855853175,0.936720971530685,78
2,7,0.996288076887739,0.974614407650739,78
3,7,0.991915507554054,0.784284618599278,78
4,7,0.976923147496486,0.651852784011307,78
5,7,0.981510645616016,-0.331723556129069,78
6,7,0.960474897700472,0.64316804956713,78
1,8,0.998112704314963,0.891073652817063,78
2,8,0.996441153157611,0.92292218657961,78
3,8,0.991628098538121,0.900677483610602,78
4,8,0.978704780436304,0.852711538181476,78
5,8,0.981838142031661,0.119926164320774,78
6,8,0.96097734755853,0.734647005473939,78
1,9,0.996885306059953,0.994392777640096,78
2,9,0.996363940475279,0.95062273002786,78
3,9,0.991842430817485,0.937502884687704,78
4,9,0.982838838722885,0.704312428308952,78
5,9,0.981336507807095,0.647266283337528,78
6,9,0.960279667482548,0.72263026643643,78
1,10,0.997323049348704,0.913050836217142,78
2,10,0.996722205171963,0.924209236889892,78
3,10,0.991531150346882,0.694553755455007,78
4,10,0.977896746441277,0.96251551204866,78
5,10,0.981783707755275,0.851256463700111,78
6,10,0.962667213565995,0.307174658961729,78
1,11,0.996745611736204,0.99374584844717,78
2,11,0.996013060075563,0.990189253697887,78
3,11,0.993115230659305,0.288395159043124,78
4,11,0.978629571426513,0.584963229919255,78
5,11,0.981467123389904,0.898298121291613,78
6,11,0.963886334402944,0.233760798736084,78
1,12,0.996703080878791,0.995959657997345,78
2,12,0.996750822532901,0.936617957949638,78
3,12,0.991867431170316,0.891910586195856,78
4,12,0.979448084043421,0.805836298521876,78
5,12,0.979747533936937,0.943525293320789,78
6,12,0.971500469640041,0.453912182038979,78
1,13,0.996637526323905,0.962901415873144,78
2,13,0.996610937263038,0.961425594162813,78
3,13,0.993360003255238,0.851652135147799,78
4,13,0.978470092857718,0.747824323770758,78
5,13,0.980724269839293,0.791205341373807,78
6,13,0.962917486062621,0.706830130610753,78
1,14,0.996977720386119,0.986885787472811,78
2,14,0.996262945835349,0.976465796082774,78
3,14,0.992343193632224,0.948503138711911,78
4,14,0.9770261766834,0.674968946182913,78
5,14,0.98735970409381,0.866330409930134,78
6,14,0.964266099259767,0.499873117754037,78
1,15,0.996778117266041,0.986125538675482,78
2,15,0.996725287365272,0.307723177952648,78
3,15,0.992235260898806,0.863768720830266,78
4,15,0.990231325970649,0.430314959928447,78
5,15,0.980022243381095,0.580073316218757,78
6,15,0.977801700288949,-0.00960598151097022,78
1,1,0.994960937684801,0.949145809643043,79
2,1,0.994113735705515,0.800791936294159,79
4,1,0.981896187879994,0.87233327573478,79
3,1,0.957737732538611,0.619355218347717,79
6,1,0.959807510687347,0.717270068762466,79
5,1,0.940835041381758,0.0855751931391428,79
1,2,0.994681271671569,0.962218056406855,79
2,2,0.992881516618254,0.989865570035457,79
4,2,0.981344075940708,0.760932288857264,79
3,2,0.959253935672535,0.894113422776133,79
6,2,0.963280700044963,0.71245009402499,79
5,2,0.936738397939739,0.591418530348927,79
1,3,0.994774594933204,0.985761206843908,79
2,3,0.993685616826122,0.961380092691939,79
4,3,0.981207473447217,0.846913562015026,79
3,3,0.956818115013838,0.913553881788346,79
6,3,0.960596823441941,0.479469123823609,79
5,3,0.931654677134679,0.834437466791356,79
1,4,0.994922311214079,0.970511744495581,79
2,4,0.993732550529025,0.814805348536369,79
4,4,0.98063406409853,0.362491028992462,79
3,4,0.973346315924832,-0.316338738302688,79
6,4,0.963917291460777,0.459894965407618,79
5,4,0.924351591596989,0.821856079125412,79
1,5,0.994668861216041,0.998714980503567,79
2,5,0.993653591147855,0.948866322492475,79
4,5,0.980860327238505,0.906943460115406,79
3,5,0.960137130089017,0.656187224448953,79
6,5,0.959790350626757,0.712126489862019,79
5,5,0.939269075125009,0.294325257373476,79
1,6,0.995862651868039,0.883481722281749,79
2,6,0.993530754901265,0.95762063390874,79
4,6,0.98030369545413,0.835168778864996,79
3,6,0.954889937959264,0.908413589164431,79
6,6,0.961465261629031,0.777924271247982,79
5,6,0.930679968744534,0.713786841847594,79
1,7,0.995905313772299,0.955423814791998,79
2,7,0.993037067284389,0.994039487388684,79
4,7,0.975834940773339,0.974931938963994,79
3,7,0.95682069114085,0.838294693722136,79
6,7,0.961824496522535,0.605824841003165,79
5,7,0.935011562370636,0.719672309889001,79
1,8,0.994874736040842,0.98975696566888,79
2,8,0.993696075229149,0.852095441409854,79
4,8,0.979332303852549,0.707317612517131,79
3,8,0.976718215918177,0.682020524817531,79
6,8,0.963778037855548,-0.00663609971626136,79
5,8,0.949688012458566,0.105591974508358,79
1,9,0.995249344539658,0.842949286812789,79
2,9,0.99293903254431,0.973736167347675,79
4,9,0.980866198691424,0.854558486801991,79
3,9,0.961157127207717,0.799484041553096,79
6,9,0.960360605000915,0.419303200516174,79
5,9,0.934112176913848,0.579962949282603,79
1,10,0.994891881931923,0.985182764863153,79
2,10,0.992839160530605,0.968637282520087,79
4,10,0.982769054468961,0.113400109216716,79
3,10,0.959104703790867,0.855066548988342,79
6,10,0.959158165025234,0.370351474823289,79
5,10,0.936924332434145,0.142422562018684,79
1,11,0.995184082971103,0.989662843974657,79
2,11,0.993547615139991,0.896357823792821,79
4,11,0.978916891343865,0.923654608009338,79
3,11,0.956637296731913,0.976520475464502,79
6,11,0.963116820595627,0.699242992515777,79
5,11,0.936616795846187,0.442322876974091,79
1,12,0.994965157396598,0.974951867517483,79
2,12,0.993540182326433,0.853721607975409,79
4,12,0.980020912879801,0.623111030614154,79
3,12,0.960134535236432,0.785109732022365,79
6,12,0.963771169157036,0.179628505140107,79
5,12,0.934196800310318,0.453379532785068,79
1,13,0.994882197103822,0.933757796657919,79
2,13,0.993357743776254,0.989384208631794,79
4,13,0.98066158508562,0.699555824696445,79
3,13,0.957655797948074,0.984021726005277,79
6,13,0.962574950637975,0.178584242117771,79
5,13,0.936746187669316,0.582157492046084,79
1,14,0.994397018461562,0.970527610232154,79
2,14,0.994410508270007,0.882721270040909,79
4,14,0.979572115124577,0.777626648348409,79
3,14,0.958286482274374,0.891125108816793,79
6,14,0.95941414029248,0.600285795464817,79
5,14,0.933945609397637,0.592385144858059,79
1,15,0.99464967314593,0.99640268948465,79
2,15,0.993639122463424,0.607307326978257,79
4,15,0.98138113577341,0.88907844639548,79
3,15,0.962107387927802,0.810490680300533,79
6,15,0.937180772956515,0.689179461490699,79
5,15,0.944185096570997,0.915646622299928,79
1,1,0.997086603321461,0.991095216485618,80
2,1,0.997031121813301,0.651909913597973,80
4,1,0.990121489859054,0.555999640171344,80
3,1,0.982615682212021,0.191593567482705,80
6,1,0.975997153065105,0.64120429840247,80
5,1,0.97403607944063,0.937026337103212,80
1,2,0.997268430877415,0.969806539738454,80
2,2,0.996408248807492,0.959840819265117,80
4,2,0.988817125245256,0.937894694866901,80
3,2,0.979338511033349,0.84626346495809,80
6,2,0.982977000810499,0.428621977215889,80
5,2,0.973002164971349,0.698477709375751,80
1,3,0.998312544772876,0.846841250221393,80
2,3,0.996738721809558,0.900860466467569,80
4,3,0.989163881550712,0.799901864541552,80
3,3,0.980098333864428,0.869106179221877,80
6,3,0.98402165172992,0.777072991116917,80
5,3,0.976549341032728,0.682498287966933,80
1,4,0.997098358111876,0.995003998952954,80
2,4,0.99641048435028,0.92048394608997,80
4,4,0.991272366780641,0.659408769938714,80
3,4,0.988997757173492,0.520885249443519,80
6,4,0.984309137031136,0.899176392359412,80
5,4,0.977111829577674,0.632761374063878,80
1,5,0.997894740182768,0.911300725974222,80
2,5,0.996407083222812,0.925278238895128,80
4,5,0.988180846382115,0.895857034641,80
3,5,0.984501184452965,0.385525282704441,80
6,5,0.98280578909167,0.739672928544714,80
5,5,0.977039671826629,0.507017660012606,80
1,6,0.997133556707337,0.966842684324511,80
2,6,0.996209003876203,0.961408604891945,80
4,6,0.991080909425791,0.380377681968752,80
3,6,0.98067726239454,0.769977597449704,80
6,6,0.983767496066851,0.508466354619516,80
5,6,0.974726898481933,0.892035263976657,80
1,7,0.997063967803919,0.980744499696366,80
2,7,0.996394807773191,0.849115708734495,80
4,7,0.989081895553237,0.683083157506186,80
3,7,0.980599225712256,0.82104123907044,80
6,7,0.98222247713754,0.521505609571256,80
5,7,0.977154330431386,-0.193831530507864,80
1,8,0.997085707774992,0.978595073979161,80
2,8,0.995766404075321,0.988708952406357,80
4,8,0.989283085410842,0.686966285952779,80
3,8,0.982067456567402,0.914166813599375,80
6,8,0.982372111964342,0.308277296456908,80
5,8,0.974185336343804,0.828113608846416,80
1,9,0.997023546546666,0.996323154512608,80
2,9,0.996380625716119,0.906517176224714,80
4,9,0.989660530648874,0.721606739099535,80
3,9,0.981740820043049,0.841620245802365,80
6,9,0.984619667822856,0.249470179057119,80
5,9,0.973229625937926,0.786755278927954,80
1,10,0.997203851117375,0.977186679321384,80
2,10,0.996385309746292,0.971729059604376,80
4,10,0.989382855017146,0.114161824898439,80
3,10,0.982168014180118,0.654867060791502,80
6,10,0.978145577538596,0.743078174834551,80
5,10,0.976921104763827,0.465389717549104,80
1,11,0.997284175150718,0.975081739942984,80
2,11,0.996400039417949,0.911694454168558,80
4,11,0.98925303820632,0.662664654886094,80
3,11,0.983722208329168,0.613780112001889,80
6,11,0.983486200110092,0.563580100278217,80
5,11,0.975787218087588,0.344252713491962,80
1,12,0.997114336668867,0.964573685489403,80
2,12,0.997158711447494,0.754277437050836,80
4,12,0.991705910385335,0.61027435003633,80
3,12,0.981588403631873,0.833366164793481,80
6,12,0.981322213594043,0.678697283010386,80
5,12,0.975887713873607,0.232386611245649,80
1,13,0.997061710787471,0.997080760418435,80
2,13,0.99647952248385,0.799251365931754,80
4,13,0.988589281436299,0.939361793296746,80
3,13,0.980418381054578,0.911266930966922,80
6,13,0.982605196529426,0.190168750201101,80
5,13,0.976739197063772,0.744638565786853,80
1,14,0.997060397926326,0.959997204488952,80
2,14,0.995809320507031,0.982506404400511,80
4,14,0.987619048951323,0.956158984263306,80
3,14,0.980413208455934,0.66220775258593,80
6,14,0.985097741322181,0.35377698051844,80
5,14,0.975587151573681,0.4184732368165,80
1,15,0.997137069169561,0.981051909977004,80
2,15,0.996173925565867,0.970618020226941,80
4,15,0.989189484933551,0.888834596356801,80
3,15,0.980928819364004,0.870097825452022,80
6,15,0.981777108263723,0.761209351694303,80
5,15,0.975779952993252,0.688412824229181,80
1,1,0.999282656182534,0.931675324026727,81
2,1,0.99850160206275,0.982787147742825,81
4,1,0.997620734757281,0.604652665916044,81
3,1,0.991918174904876,0.668959556906358,81
5,1,0.994317684969842,0.719769824601764,81
6,1,0.990231427537326,0.52515127352084,81
1,2,0.999597535443502,0.97872915050843,81
2,2,0.998876837717314,0.715769000034457,81
4,2,0.997819053352552,0.84444039996984,81
3,2,0.991310563572059,0.875754897949639,81
5,2,0.994971618948177,0.551830549158268,81
6,2,0.991312048192885,0.0441451664273746,81
1,3,0.999228522546782,0.972915138583041,81
2,3,0.998437419515967,0.987532106775662,81
4,3,0.997819604584685,0.915153377374548,81
3,3,0.990904187591361,0.687132227118209,81
5,3,0.995287332763376,0.924305398489535,81
6,3,0.990339231449958,0.4197573641045,81
1,4,0.999404583755102,0.937141345568334,81
2,4,0.998777583458634,0.866692610779393,81
4,4,0.997358284980762,0.914377295041527,81
3,4,0.991868705630363,0.915788574439473,81
5,4,0.992042514663131,0.579501125530168,81
6,4,0.990956037351624,0.690759695558619,81
1,5,0.999236949076039,0.98637029187813,81
2,5,0.998701187725333,0.928573549577241,81
4,5,0.997519473520591,0.882072900794783,81
3,5,0.993775972378756,0.489653475338446,81
5,5,0.995259578071999,0.577909826033888,81
6,5,0.989707947121765,0.873247211615489,81
1,6,0.999243249334136,0.995318685553298,81
2,6,0.998595283609655,0.970784074856161,81
4,6,0.997497778130095,0.534569716902436,81
3,6,0.990285318803095,0.95258890961511,81
5,6,0.993142260281213,0.506140412790178,81
6,6,0.991178652512681,0.746746911404676,81
1,7,0.999228061797742,0.991891046535442,81
2,7,0.998739607032219,0.95387962040436,81
4,7,0.997685480050582,0.778077059846302,81
3,7,0.989910624357496,0.982522038499685,81
5,7,0.995636995029639,0.486903767815575,81
6,7,0.990397387878638,0.716916269262767,81
1,8,0.999336564085307,0.947848867017863,81
2,8,0.998684282358284,0.976095262938243,81
4,8,0.997504252013571,0.923430539240956,81
3,8,0.990789344466634,0.926582378799626,81
5,8,0.995089766917021,0.518646367523509,81
6,8,0.991149983590623,0.495482483495605,81
1,9,0.999297367405237,0.908918883642964,81
2,9,0.998703720974397,0.963638393431946,81
4,9,0.997821778511808,0.738076825801342,81
3,9,0.991954541039039,0.841988994356964,81
5,9,0.993735268944929,0.397493013360734,81
6,9,0.991038660578728,0.784406851529213,81
1,10,0.999279409711632,0.921490743018424,81
2,10,0.998769405328551,0.887459026424284,81
4,10,0.997423817908382,0.813198585774118,81
3,10,0.989793027382299,0.808988010918694,81
5,10,0.994589272005311,0.983020883927277,81
6,10,0.990638308787292,0.793294204483324,81
1,11,0.999358612121887,0.896833243694859,81
2,11,0.998856092257555,0.279318247676344,81
4,11,0.998025613921307,0.756936777012441,81
3,11,0.99048661468195,0.899991095157576,81
5,11,0.994196800999935,0.61631715359513,81
6,11,0.990503671520951,0.637127244670743,81
1,12,0.999260686581264,0.994123325891579,81
2,12,0.998851003317534,0.884960556828433,81
4,12,0.997438988708076,0.936889917318528,81
3,12,0.990155344039773,0.940088252024178,81
5,12,0.99495282667171,0.654619972249105,81
6,12,0.991053197065296,0.630210801796752,81
1,13,0.999292361739161,0.936800310377336,81
2,13,0.999103082784969,0.598313117857058,81
4,13,0.997488178783515,0.50414645243465,81
3,13,0.996488933571651,0.916263932996378,81
5,13,0.995267419816896,0.72312385942974,81
6,13,0.992528890040738,-0.162177916446148,81
1,14,0.999281217697266,0.900460507751984,81
2,14,0.998676002032413,0.963476273696537,81
4,14,0.997808155436147,0.138990210433796,81
3,14,0.991772769971789,0.777406927418103,81
5,14,0.995156403068773,0.461395851578365,81
6,14,0.992038175532631,0.378582910063306,81
1,15,0.999233613449614,0.983820680605807,81
2,15,0.998722203968737,0.896065363883202,81
4,15,0.997547545372313,0.94461862854023,81
3,15,0.991769841372801,-0.197991148760447,81
5,15,0.994694512061284,0.198156242310354,81
6,15,0.991804525862509,-0.72737059669193,81
1,1,0.999984040377388,0.979902042179633,82
2,1,0.999979079342405,0.855036671207501,82
3,1,0.999953600835316,0.889797451579971,82
4,1,0.999932033223555,0.103804711859964,82
5,1,0.999897948745353,-0.0532016914431279,82
6,1,0.999536722165938,0.520564595387157,82
1,2,0.999983928052929,0.992805719713571,82
2,2,0.999975976080656,0.924104073601548,82
3,2,0.999952624175706,-0.823700583406103,82
4,2,0.999916593763827,0.466544255698856,82
5,2,0.999881655097023,0.648363184110471,82
6,2,0.999604689705151,0.567627191421051,82
1,3,0.999983205864851,0.992021654639268,82
2,3,0.999979441697175,0.688636869917791,82
3,3,0.999953714805341,0.832341402344155,82
4,3,0.99991811154545,0.418318034190337,82
5,3,0.99985790953518,0.837668974616285,82
6,3,0.999509304612911,0.182220415009292,82
1,4,0.999983865757085,0.879891439291733,82
2,4,0.999973610766406,0.937558853632845,82
3,4,0.999954619900895,0.868930690202905,82
4,4,0.999912125366254,0.466312569383915,82
5,4,0.999865720260395,-0.1248620361691,82
6,4,0.999476146654506,0.492123996836219,82
1,5,0.999987455922119,0.985185020794591,82
2,5,0.999973974062173,0.989243818477139,82
3,5,0.999951801648314,0.945607480884002,82
4,5,0.99991584678853,0.695803165461155,82
5,5,0.999886919241792,0.632094798793855,82
6,5,0.999491890492832,0.671221239771366,82
1,6,0.999985092130666,0.995035882189031,82
2,6,0.999977559491751,0.87275255777197,82
3,6,0.999961777931398,0.928664848553361,82
4,6,0.999904951675592,0.741107717164813,82
5,6,0.999861071728286,0.920318581888133,82
6,6,0.999597797477243,-0.201700745797034,82
1,7,0.999983723019566,0.948393676155766,82
2,7,0.999972078139848,0.975862976364686,82
3,7,0.999953738427605,0.843557495949383,82
4,7,0.999908208739685,0.133479449122122,82
5,7,0.999880510920976,-0.148161423453007,82
6,7,0.999516974986666,0.931418031292931,82
1,8,0.999988272302954,0.947948182590599,82
2,8,0.999978047394235,0.967251332883981,82
3,8,0.999960649223746,0.951632980398698,82
4,8,0.999928337871025,0.786756529844354,82
5,8,0.999884242547811,0.758433299494308,82
6,8,0.999478383465553,-0.42746620591497,82
1,9,0.999983667203819,0.996200914809448,82
2,9,0.999975223639171,0.819381132846887,82
3,9,0.999955663511769,0.823923014732781,82
4,9,0.999910541270116,0.573132182635211,82
5,9,0.999867725569619,0.642589087620207,82
6,9,0.999507539631487,0.215193324481316,82
1,10,0.999984193540936,0.988667765981759,82
2,10,0.999972224020397,0.974210695665409,82
3,10,0.999951831647413,0.88461560317808,82
4,10,0.999918241826476,0.335497828897148,82
5,10,0.999882247889591,-0.211608210671559,82
6,10,0.999498069409418,0.0845149631110356,82
1,11,0.999990721017586,0.88047710742381,82
2,11,0.999977108725707,0.792311235210177,82
3,11,0.999951164572523,0.987024685372308,82
4,11,0.999874281756273,0.471983993675441,82
5,11,0.999908538322512,0.638116996498727,82
6,11,0.999634430984577,0.888106661781843,82
1,12,0.999984251487177,0.93080269735104,82
2,12,0.999978038645492,0.989954457036956,82
3,12,0.999954131762351,0.886747488573664,82
4,12,0.999899093025148,0.635885513892803,82
5,12,0.999872409661298,0.461860758753452,82
6,12,0.99956927322876,0.610181872397793,82
1,13,0.999984928242573,0.970605942629283,82
2,13,0.999977536089666,0.83559178737588,82
3,13,0.999953715212406,0.838959175037418,82
4,13,0.999880819398897,0.871969516560272,82
5,13,0.999860737826117,0.734988990266675,82
6,13,0.999489369206273,0.518302970316565,82
1,14,0.99998958643513,0.442876979068464,82
2,14,0.999978344752234,0.962575372051612,82
3,14,0.999961631251128,-0.364382631406819,82
4,14,0.999910575658371,0.871726501378909,82
5,14,0.999854225238123,0.769737824015938,82
6,14,0.999481016789651,0.435972006425495,82
1,15,0.999986205789223,0.994214625059901,82
2,15,0.999979686696505,0.959151110332048,82
3,15,0.999961245878103,0.201884796399641,82
4,15,0.999940220097077,0.213466452111963,82
5,15,0.999938296362639,0.211540948599925,82
6,15,0.99989932754725,0.418137642585767,82
1,1,0.995050378634776,0.981968097374863,83
2,1,0.992880836754693,0.702561749150983,83
3,1,0.98065603203089,0.0188086557161023,83
4,1,0.964101285854743,0.752437332892301,83
5,1,0.958416337461299,0.667819143726906,83
6,1,0.929064706893489,0.0233738472936343,83
1,2,0.994585738767175,0.977703744944238,83
2,2,0.992193868540568,0.76952450389896,83
3,2,0.977428708923277,0.833130235244777,83
4,2,0.975699189607433,0.887598928685772,83
5,2,0.957979473238309,0.605165419281145,83
6,2,0.938206645429839,0.693562658504061,83
1,3,0.995274508367118,0.909552659838448,83
2,3,0.991197925383213,0.988222064660493,83
3,3,0.976838845359883,0.970043096204081,83
4,3,0.962694368799762,0.879849286737058,83
5,3,0.964255613062584,0.816079924257702,83
6,3,0.937827888740647,0.476039838319988,83
1,4,0.995041260915104,0.946042963210085,83
2,4,0.990906622298268,0.895254966176919,83
3,4,0.971468129050026,0.915551453794872,83
4,4,0.96420122968983,0.802027689567242,83
5,4,0.960832874833569,0.528453119719706,83
6,4,0.926721974300605,-0.518848429028801,83
1,5,0.995625096928743,0.86762208869589,83
2,5,0.991464490550761,0.984998281487906,83
3,5,0.977803304949706,0.94917142905654,83
4,5,0.962515413267535,0.651417153346598,83
5,5,0.957815122079341,0.888927939563352,83
6,5,0.924941706351696,0.447588276758191,83
1,6,0.995002017061377,0.981154869543718,83
2,6,0.991581339108274,0.88621289173238,83
3,6,0.975748288229935,0.932958525094775,83
4,6,0.962172172887452,0.912162485958196,83
5,6,0.959945480140916,0.28013004641179,83
6,6,0.928092328409634,0.0653895828078858,83
1,7,0.994847086238859,0.962691666337072,83
2,7,0.993110615741539,0.709946221982025,83
3,7,0.982800810177742,0.91545778121791,83
4,7,0.96791665216159,0.239804448848625,83
5,7,0.949521776479086,0.693329082756113,83
6,7,0.920958742419949,0.963708643467388,83
1,8,0.994908202255087,0.986223948076334,83
2,8,0.991736682960186,0.927059655406507,83
3,8,0.976826118847252,0.98623880932649,83
4,8,0.96131512954612,0.748469540563254,83
5,8,0.957694476541146,0.781216604209738,83
6,8,0.923469481630471,-0.0997126637913218,83
1,9,0.994928425778946,0.963047855872538,83
2,9,0.992163507516703,0.871582188991346,83
3,9,0.977141889470886,0.850688145516725,83
4,9,0.962606108784624,0.107412928406736,83
5,9,0.961935600917825,0.581134669822725,83
6,9,0.931693504437634,-0.790711454808793,83
1,10,0.994726426094778,0.978556317324538,83
2,10,0.99049640518397,0.968414765087165,83
3,10,0.976812211214114,0.947303338371663,83
4,10,0.962242146305714,0.831828722191359,83
5,10,0.960877413502081,0.154250452308189,83
6,10,0.925061648282935,0.752699675792537,83
1,11,0.99461616974092,0.996424923505382,83
2,11,0.990646420905803,0.988070196337744,83
3,11,0.976362458547445,0.900345631550875,83
4,11,0.960078393664045,0.753927609949346,83
5,11,0.957689214095133,0.819388363447156,83
6,11,0.929285206503453,0.431547308878045,83
1,12,0.994463419534688,0.998064085957704,83
2,12,0.990383496172383,0.99094834299057,83
3,12,0.976045226652135,0.172142506797793,83
4,12,0.961946064291446,0.750396073404988,83
5,12,0.958598577805076,0.487743023607777,83
6,12,0.928301749751293,0.669066480777098,83
1,13,0.995398715235644,0.990155562303518,83
2,13,0.991097122201935,0.979118255345929,83
3,13,0.975292594618436,0.939297628681365,83
4,13,0.96405485850957,0.686264800753589,83
5,13,0.959826245225994,0.592788629590093,83
6,13,0.92471633500975,0.834058032922793,83
1,14,0.996537619781816,0.941785463601865,83
2,14,0.991219395647675,0.935503631107695,83
3,14,0.97472781628639,0.87676970810296,83
4,14,0.96325082764164,0.660267003882796,83
5,14,0.962418312535989,0.30208544239271,83
6,14,0.928219259712335,-0.082238470153033,83
1,15,0.994896497467116,0.944296005420673,83
2,15,0.991933665873016,0.860972147176949,83
3,15,0.977232235464514,0.915083278198445,83
4,15,0.960371156104478,0.972511269988075,83
5,15,0.957433975803019,0.617362267771986,83
6,15,0.928719090250729,0.541140932784055,83
1,1,0.999179952767661,0.96679770604472,84
2,1,0.99890232729112,0.884767007492962,84
3,1,0.997064147801069,0.543182160669084,84
4,1,0.99641564233392,0.542550715468205,84
5,1,0.994855425074258,0.482561098131607,84
6,1,0.992682201453068,0.603585351931386,84
1,2,0.99922469899253,0.910236278866965,84
2,2,0.998919996905806,0.936871998802863,84
3,2,0.996842134809271,0.590026899988792,84
4,2,0.993405221537889,0.676814310707284,84
5,2,0.994155457788569,0.602810472590592,84
6,2,0.984745545028901,0.600276269820456,84
1,3,0.999252987264038,0.904383048874361,84
2,3,0.998938975972441,0.930252861765563,84
3,3,0.997057655321322,0.828892465212079,84
4,3,0.993290153148827,0.924010907253932,84
5,3,0.993875362703253,0.12999302213672,84
6,3,0.984711869702133,0.690008029317327,84
1,4,0.999162824594927,0.986760614072599,84
2,4,0.998909419717976,0.867308472151551,84
3,4,0.997070274228034,0.707531882837958,84
4,4,0.991360264825473,0.662205348934925,84
5,4,0.990847985311153,0.650677767257257,84
6,4,0.986728978973418,0.712676013473156,84
1,5,0.999503754981992,0.918668317582189,84
2,5,0.999152135830184,0.76726988491844,84
3,5,0.996703610341531,0.944916296075366,84
4,5,0.992971573243302,0.720304459909184,84
5,5,0.993474770931599,0.79418854170195,84
6,5,0.984482118785539,0.77078980109901,84
1,6,0.999140068689508,0.974545304812032,84
2,6,0.998868122590778,0.919582522300105,84
3,6,0.996750745985547,0.984642058225103,84
4,6,0.992786130516572,0.662931024634402,84
5,6,0.992200000710506,0.462225719842223,84
6,6,0.987549957200228,0.312977681554758,84
1,7,0.999185051359287,0.855562563749604,84
2,7,0.998932051403852,0.923594777303507,84
3,7,0.996958419163913,0.052026770841806,84
4,7,0.990826497925535,0.901781677430804,84
5,7,0.994088059974812,0.813300956633033,84
6,7,0.984493618616242,0.832368706040902,84
1,8,0.999213357415948,0.972962683235594,84
2,8,0.998825276924197,0.969810232297779,84
3,8,0.997146581489724,0.498035893611852,84
4,8,0.99189434864285,0.751161374676854,84
5,8,0.993696368755986,0.455979560904747,84
6,8,0.986520666965233,0.577544566466754,84
1,9,0.9990771244062,0.993948787485844,84
2,9,0.998682036431326,0.974209899046172,84
3,9,0.996659587298096,0.778708213904027,84
4,9,0.992501187872719,0.63987406830981,84
5,9,0.993687591023497,0.608488468256817,84
6,9,0.985407935494439,0.588649514398658,84
1,10,0.999188243575165,0.975186735048597,84
2,10,0.998850707743051,0.905778822087058,84
3,10,0.996363588846123,0.890932294759258,84
4,10,0.994681266687751,-0.592176488985183,84
5,10,0.992149045752895,-0.146384805133724,84
6,10,0.984419926449617,0.183906219837124,84
1,11,0.999139107113793,0.985480298701568,84
2,11,0.998758109649469,0.982367486400331,84
3,11,0.996876714653876,0.928477721372562,84
4,11,0.991611743969624,0.424779934151672,84
5,11,0.994273676435267,-0.0947701109089083,84
6,11,0.984605372098659,-0.450879221987502,84
1,12,0.999299276756018,0.90677802029205,84
2,12,0.998862403435511,0.982030772754661,84
3,12,0.997205743953212,0.845163101176274,84
4,12,0.991791041279886,0.385018164873678,84
5,12,0.994023416853066,0.179517009546479,84
6,12,0.985185487552521,0.527627330125481,84
1,13,0.999296680645158,0.893209277835959,84
2,13,0.998940529366181,0.740187122663105,84
3,13,0.996652456976322,0.934658405872205,84
4,13,0.992509214431748,0.867826580212447,84
5,13,0.992641924188037,0.738166703147359,84
6,13,0.985569093327882,0.00204747774058516,84
1,14,0.999162638928555,0.993073041544574,84
2,14,0.998828349507179,0.973200425681457,84
3,14,0.997061595810584,0.821643834010133,84
4,14,0.993261070478975,0.873108084932504,84
5,14,0.993047618657299,0.547003879120473,84
6,14,0.985007915015557,0.148819140720231,84
1,15,0.999339321118311,0.953246296513293,84
2,15,0.998970734833687,0.937842972340795,84
3,15,0.997151851294892,0.755646436777717,84
4,15,0.995030415103613,0.472177199634063,84
5,15,0.990941967955896,0.988837935757133,84
6,15,0.985091549786617,0.735486089098876,84
1,1,0.999364047632444,0.928570315225406,85
2,1,0.998790911164633,0.974638804294422,85
3,1,0.997762553723534,0.841186163104198,85
4,1,0.994621133351619,0.573650306856428,85
6,1,0.991799568220812,0.299760309695784,85
5,1,0.990996409327142,0.687033879956155,85
1,2,0.99926271957093,0.973848429701676,85
2,2,0.999041184848503,0.483163229964342,85
3,2,0.9976707435799,0.796698191029241,85
4,2,0.993682279080246,0.475614108872334,85
6,2,0.992928170491468,-0.163522375528966,85
5,2,0.992759720559318,0.646323215574737,85
1,3,0.999545593160267,0.899114862094251,85
2,3,0.999120316306953,0.931424078953794,85
3,3,0.997911830112459,0.844692037875662,85
4,3,0.993449890733118,0.904821516641614,85
6,3,0.993235561992595,0.515169638644599,85
5,3,0.992890631880151,0.158824455219317,85
1,4,0.999316413634663,0.87769557831088,85
2,4,0.998796796176013,0.981841224724603,85
3,4,0.997828639924449,0.725648616282217,85
4,4,0.992606951334716,0.756998223646406,85
6,4,0.99235189526087,0.878729933785883,85
5,4,0.991555952457907,0.543632099628401,85
1,5,0.999272985491696,0.97691334728572,85
2,5,0.999046715388833,0.874353756964963,85
3,5,0.997715409777652,0.865470649489655,85
4,5,0.99278221101394,0.616496213739853,85
6,5,0.993242312463048,0.326819889764295,85
5,5,0.991920357437369,0.158463644446203,85
1,6,0.999294826920205,0.983692575059297,85
2,6,0.998939636167667,0.968412497159281,85
3,6,0.997815447394089,0.888755842391267,85
4,6,0.992649043908413,0.928032676316117,85
6,6,0.992411306953129,0.792234022051054,85
5,6,0.992280191931424,0.759603949120109,85
1,7,0.999320470728958,0.967328868057216,85
2,7,0.998778137745026,0.975556910555841,85
3,7,0.997938256657756,0.465920057763702,85
4,7,0.992989177403036,0.791341234746337,85
6,7,0.992448291914256,0.63457438941358,85
5,7,0.992124952820274,0.696451970606441,85
1,8,0.999313692581439,0.976781878677333,85
2,8,0.998823203299516,0.986246524537565,85
3,8,0.997923795347827,0.63686748576649,85
4,8,0.993602559914715,0.832292119180949,85
6,8,0.993438554078231,-0.0575366615774235,85
5,8,0.992298223503275,0.681764410943423,85
1,9,0.999342809963929,0.979674553577484,85
2,9,0.998959310796279,0.956871904721525,85
3,9,0.997927146478274,0.587704186766039,85
4,9,0.994368918178639,0.612807415161171,85
6,9,0.992880052867842,0.550568673679937,85
5,9,0.992229348195771,0.700088375799993,85
1,10,0.999303678406223,0.988649043536406,85
2,10,0.998931706583053,0.953452454130648,85
3,10,0.99780077799959,0.967315110237478,85
4,10,0.993376356664861,0.210285450760023,85
6,10,0.993928865977172,0.16076199289647,85
5,10,0.992569166597868,0.862936771801068,85
1,11,0.999311092464478,0.972386343891035,85
2,11,0.999003849364127,0.90385144627822,85
3,11,0.9976888469523,0.891481005103477,85
4,11,0.992807483679837,0.732984026054672,85
6,11,0.992742658585205,0.828635363145438,85
5,11,0.991691888666075,0.803575030101612,85
1,12,0.999297957276491,0.988961937279948,85
2,12,0.998915492001046,0.958746985242192,85
3,12,0.997966852129062,0.543023594939919,85
4,12,0.992332409825561,0.953010620097766,85
6,12,0.993230782100203,-0.200721392864784,85
5,12,0.99225122203953,0.884032177210486,85
1,13,0.999270097960065,0.940532499576483,85
2,13,0.998806158927966,0.98271537599128,85
3,13,0.997710445311362,0.982258188498248,85
4,13,0.993084019399314,0.700400368200378,85
6,13,0.993728584844694,0.917520084127105,85
5,13,0.992101492977805,0.905170000381599,85
1,14,0.999238144426215,0.99805158168741,85
2,14,0.998915446372281,0.923182769093355,85
3,14,0.998085201000463,0.863925624490791,85
4,14,0.992722667256242,0.963625901897996,85
6,14,0.992975650512573,0.894587352784875,85
5,14,0.992274039669672,0.653183977508282,85
1,15,0.999264136231804,0.991840779320045,85
2,15,0.998938612420959,0.738419839446306,85
3,15,0.997230100722193,0.692859689552669,85
4,15,0.996785044654542,0.797650048331446,85
6,15,0.993483172531372,0.750261542256157,85
5,15,0.992430770125077,0.868057829545855,85
1,1,0.997252731938979,0.966175062974219,86
2,1,0.996391895358235,0.886963626729993,86
3,1,0.991295409853159,0.809908355456577,86
4,1,0.975267440715281,0.696969115523897,86
6,1,0.983509607285579,0.239489850533544,86
5,1,0.969381933183312,0.461544334584449,86
1,2,0.997099949255719,0.991424881823697,86
2,2,0.996943875688126,0.864421574631576,86
3,2,0.991570643841128,0.830467863546888,86
4,2,0.976244183697793,0.833319966642056,86
6,2,0.98189536144825,0.848101061898599,86
5,2,0.972444338060693,0.211850221855304,86
1,3,0.997059467740075,0.99649698992804,86
2,3,0.995664063944673,0.980211638576125,86
3,3,0.990473152741486,0.941327122322155,86
4,3,0.977532968750022,0.728112064992444,86
6,3,0.984181432198826,0.474018458567444,86
5,3,0.970754908073121,0.74609682353327,86
1,4,0.997155723001792,0.867756505111302,86
2,4,0.996178344658836,0.8928126813794,86
3,4,0.990589131348673,0.767128274531068,86
4,4,0.977166962411376,0.35935720370288,86
6,4,0.982426466377923,0.566606031047254,86
5,4,0.968568806807388,0.779612614494031,86
1,5,0.997360930507974,0.980398754143561,86
2,5,0.995486718762066,0.992486934822742,86
3,5,0.990541811265875,0.642898614041832,86
4,5,0.975416144379567,0.86506199281767,86
6,5,0.982067440861916,0.560308809179624,86
5,5,0.969793814145413,0.553573224867465,86
1,6,0.998192378368509,0.927250236622894,86
2,6,0.995460841904056,0.983851857255327,86
3,6,0.991269197766786,0.90950120756646,86
4,6,0.981156681943967,0.8587662384958,86
6,6,0.982756803638559,0.885796295842474,86
5,6,0.967501157616124,0.893879856626907,86
1,7,0.998169249974317,0.838410577343406,86
2,7,0.996956076475554,0.209553228350004,86
3,7,0.990660774525904,0.878232096168075,86
4,7,0.977293346566992,0.863180597427639,86
6,7,0.983289220911585,0.0928979771353253,86
5,7,0.969953001363773,0.717932415284233,86
1,8,0.997102032959945,0.960204857251942,86
2,8,0.995721880929116,0.973589610169434,86
3,8,0.990487990452878,-0.269550424392821,86
4,8,0.976083247978102,0.944376010126676,86
6,8,0.982583146518098,-0.104065359606067,86
5,8,0.970261816979649,0.87807222328053,86
1,9,0.997138251414785,0.991717984939436,86
2,9,0.995863829359031,0.941343457886804,86
3,9,0.990432412682756,0.700775839254901,86
4,9,0.973714973529805,0.702583549446447,86
6,9,0.982212221488844,0.537778313363548,86
5,9,0.971820923787256,0.287242733072469,86
1,10,0.997254377649694,0.967397537024775,86
2,10,0.995533192469533,0.923592444844656,86
3,10,0.990042343720458,0.523377080456653,86
4,10,0.990989516436404,0.779580275352357,86
6,10,0.983370685597273,-0.0747381448533294,86
5,10,0.975558662689062,0.370179190821845,86
1,11,0.99768775134008,0.931720805600964,86
2,11,0.996146659570275,0.880050225895393,86
3,11,0.98894880954404,0.94869204452095,86
4,11,0.97609738346326,0.764688655377485,86
6,11,0.965544826238396,0.337081080562821,86
5,11,0.972591910802938,0.768780838819113,86
1,12,0.997425188639373,0.987449320327729,86
2,12,0.995625973147812,0.974868637057099,86
3,12,0.990194305786244,0.941132563981865,86
4,12,0.977249390940949,0.843644968380171,86
6,12,0.982658598102254,0.260422746015873,86
5,12,0.970043386185089,0.0419009373513851,86
1,13,0.997811713706081,0.966172609106336,86
2,13,0.995994084132222,0.886092696928835,86
3,13,0.992326065642248,0.868844396011143,86
4,13,0.974671845248468,0.476198520479167,86
6,13,0.982949124463219,0.852063827101255,86
5,13,0.971006003441803,0.580984247166401,86
1,14,0.997217423572824,0.997313677750343,86
2,14,0.995933506077624,0.712965563949485,86
3,14,0.989084681230703,0.980655401765653,86
4,14,0.98170860339737,0.264860041053514,86
6,14,0.982319035575002,0.7732721230905,86
5,14,0.967552577038121,0.823284120344962,86
1,15,0.99738211400241,0.930122681029632,86
2,15,0.995850039658199,0.871738717969909,86
3,15,0.991630205208877,0.977252521067786,86
4,15,0.976175974252258,0.851626055776122,86
6,15,0.982597164618118,0.297136919721482,86
5,15,0.970594939869725,0.132085877197886,86
1,1,0.996833529545071,0.993504117999451,87
2,1,0.996931917128502,0.937356393657781,87
4,1,0.992701754222621,0.70505137856275,87
3,1,0.982972090400228,0.691770621596031,87
6,1,0.983997274509262,0.298934556096546,87
5,1,0.968116954891445,0.62500781646344,87
1,2,0.997432736192762,0.941636053929926,87
2,2,0.996833221606225,0.981501999767367,87
4,2,0.991294972175287,0.946883926326922,87
3,2,0.983474163071614,0.93305359046083,87
6,2,0.983183142156751,0.816047930730942,87
5,2,0.972856611346795,-0.000598752207900007,87
1,3,0.996924292407278,0.952614557104638,87
2,3,0.996976153272678,0.875584653436562,87
4,3,0.99156518571029,0.934572243243531,87
3,3,0.982931210648375,0.823424042063011,87
6,3,0.982507314971347,0.965924060112185,87
5,3,0.968764623338286,0.635877867313313,87
1,4,0.997128288871148,0.985334893243801,87
2,4,0.996616741298224,0.968900621567168,87
4,4,0.991464956570651,0.910793441787465,87
3,4,0.982845456177504,0.871313358665773,87
6,4,0.982524971863666,0.128128451248479,87
5,4,0.969719727764616,0.534747649467788,87
1,5,0.998294233457174,0.827703238855211,87
2,5,0.997008614082185,0.91425176860597,87
4,5,0.990575048031344,0.718782956121556,87
3,5,0.983527479050616,0.857082984998959,87
6,5,0.969733272051256,0.534674329409333,87
5,5,0.976483774087628,0.864851613868566,87
1,6,0.997111103571459,0.983442949288506,87
2,6,0.996851077766731,0.98253507625028,87
4,6,0.992019080428181,0.935678279154844,87
3,6,0.982544101691545,0.858026087541002,87
6,6,0.985327568722455,0.0315481674333666,87
5,6,0.966685263919538,0.867044842737131,87
1,7,0.996894407992332,0.974570264282273,87
2,7,0.996735775411145,0.97296551752806,87
4,7,0.991103957485409,0.777424355485566,87
3,7,0.982795242077032,0.888414524501601,87
6,7,0.983324762647448,0.707889912351321,87
5,7,0.972243999328199,0.729393882118973,87
1,8,0.996871664497938,0.993984919364261,87
2,8,0.996078805427094,0.994148336627123,87
4,8,0.991291483947819,0.719720214361921,87
3,8,0.984524454018373,0.873943431887939,87
6,8,0.982519321720965,0.517599425441374,87
5,8,0.965031672552001,0.911384665808982,87
1,9,0.997038215016684,0.971610386075363,87
2,9,0.997512352705666,0.681259992674815,87
4,9,0.992006315911172,0.679736704053702,87
3,9,0.992223358449783,0.465896994207372,87
6,9,0.983624637183042,-0.374241773241602,87
5,9,0.98233863125486,0.67112881306024,87
1,10,0.997205138220848,0.974905043966424,87
2,10,0.996958821458135,0.894453289600553,87
4,10,0.991649248923726,0.444094998020814,87
3,10,0.981928554954035,0.942163599664379,87
6,10,0.983674705197644,-0.14747483240301,87
5,10,0.970011739239748,0.900787300803821,87
1,11,0.99708235756573,0.981382427545103,87
2,11,0.996806152186237,0.947951156444121,87
4,11,0.991277438436436,0.905237040843271,87
3,11,0.982872758098105,0.883494729667463,87
6,11,0.980529928254376,0.530327282878875,87
5,11,0.973061359642385,0.663072639648001,87
1,12,0.997009977810138,0.96016214592798,87
2,12,0.997017448258541,0.962916747813971,87
4,12,0.991846396373518,0.351013803068579,87
3,12,0.983314683141356,0.342575674724859,87
6,12,0.983183071406484,0.333205933750406,87
5,12,0.968158364769972,-0.239809148341448,87
1,13,0.99706769754672,0.972177517464738,87
2,13,0.99696474190319,0.608113741096094,87
4,13,0.990321181924777,0.924933154890605,87
3,13,0.983009709745637,0.931574220083565,87
6,13,0.982172133989583,0.55154223130026,87
5,13,0.968247586073385,0.636158181259858,87
1,14,0.996960143360698,0.967895491155112,87
2,14,0.996600601163032,0.974979157971202,87
4,14,0.990924478528242,0.944831354953189,87
3,14,0.983885532697432,0.939760181062445,87
6,14,0.983523576704145,0.158355752559091,87
5,14,0.968884851700932,0.906037776442335,87
1,15,0.997881349597737,0.970128182560472,87
2,15,0.997390048287089,0.866932155884001,87
4,15,0.992963756998742,0.925026563348728,87
3,15,0.98460107660972,0.710748636891668,87
6,15,0.984015814200237,0.0586588830575357,87
5,15,0.968745820918178,0.54342703022436,87
1,1,0.999122269227892,0.973871908157478,88
2,1,0.998830543709165,0.903693740893016,88
4,1,0.99723278511338,0.779066135121037,88
3,1,0.993114945439994,0.74761897322508,88
6,1,0.992857614332055,0.723951382726385,88
5,1,0.985711492220075,0.123530180211209,88
1,2,0.999107977083152,0.990250914447544,88
2,2,0.998545818043485,0.966188500396205,88
4,2,0.997353267078204,0.841815027006751,88
3,2,0.993399272895243,0.758367301506178,88
6,2,0.99336383027462,-0.210654946471655,88
5,2,0.98263479925709,0.431360018410158,88
1,3,0.999165116346395,0.957162113397654,88
2,3,0.998426550156142,0.982101946138173,88
4,3,0.997273632302948,0.392757958153469,88
3,3,0.994123783472468,0.796014530346534,88
6,3,0.99311338948828,-0.11677921702933,88
5,3,0.981353867124807,0.759869704293604,88
1,4,0.999386771111184,0.9422948543768,88
2,4,0.998771469241856,0.947394850204442,88
4,4,0.997326406732188,0.946128348411359,88
3,4,0.993980108987807,0.870562506035542,88
6,4,0.993323784545794,0.493569057309297,88
5,4,0.9825932980476,0.778839449588421,88
1,5,0.999112796999952,0.97251716489123,88
2,5,0.998457786013921,0.98099475312155,88
4,5,0.997038099781875,0.924288402550667,88
3,5,0.993366774282424,0.840420165615708,88
6,5,0.992965810971944,0.798899686887491,88
5,5,0.982181652536865,0.216209874731961,88
1,6,0.999069227626956,0.93699804264779,88
2,6,0.998848365907742,0.835967467135629,88
4,6,0.997234356157778,0.630858723342466,88
3,6,0.993935206395843,0.313099608730786,88
6,6,0.994163847590891,0.107635354431634,88
5,6,0.981478558823725,0.320047779010365,88
1,7,0.999190726806126,0.973694780001462,88
2,7,0.998795754486452,0.829057869928773,88
4,7,0.997580728273952,0.0693884628105636,88
3,7,0.993753560868215,0.858746131290361,88
6,7,0.992783197680927,-0.0788892523062847,88
5,7,0.983719811763407,0.0828689094651001,88
1,8,0.999164183774544,0.991694372274228,88
2,8,0.998646795190373,0.967906223422209,88
4,8,0.99684946551136,0.95931948131558,88
3,8,0.993735885616351,0.923311928998314,88
6,8,0.994485594600393,0.663428114398938,88
5,8,0.982444375305014,0.725872948341373,88
1,9,0.999245775887016,0.980151699256124,88
2,9,0.998654628455343,0.879821433912781,88
4,9,0.997026387781633,0.952598151243221,88
3,9,0.993367501603871,0.955331607392859,88
6,9,0.995267427159457,0.887887636820869,88
5,9,0.982927726533021,0.891993589346442,88
1,10,0.999109353658819,0.97244411512114,88
2,10,0.998653485123517,0.963419727304372,88
4,10,0.997463321593059,0.299722345454386,88
3,10,0.996176617637461,0.808025285115273,88
6,10,0.993363417106091,0.338228198783733,88
5,10,0.992258127373101,0.238817673193148,88
1,11,0.999236172040255,0.983140510797103,88
2,11,0.998719648687947,0.905901758845951,88
4,11,0.997746833125669,0.0206373477832793,88
3,11,0.993719948880712,0.757882977078287,88
6,11,0.991820809160512,0.616182007034648,88
5,11,0.98235432606339,0.40077414576736,88
1,12,0.999133802244682,0.972525092513657,88
2,12,0.998621034292199,0.734554101706701,88
4,12,0.996944724659082,0.92489878765263,88
3,12,0.993837070768448,0.784184508761921,88
6,12,0.993292694605991,0.584318717447501,88
5,12,0.986250164623387,-0.112759610538306,88
1,13,0.999057798314785,0.992720264582676,88
2,13,0.998607184970991,0.966766931211052,88
4,13,0.997239199256056,0.948692083577411,88
3,13,0.993409886057175,0.432471545245197,88
6,13,0.992772891566143,0.876543854788281,88
5,13,0.982315704303086,-0.0466380199765436,88
1,14,0.999409470475611,0.859253675333831,88
2,14,0.99879815945849,0.823752788382619,88
4,14,0.997096605998843,0.972305765767019,88
3,14,0.993989739320882,0.677636705287406,88
6,14,0.993210707242789,0.437106503540678,88
5,14,0.9820635273261,0.922099466214183,88
1,15,0.999130068408862,0.989439263580042,88
2,15,0.998426066232615,0.995646437460098,88
4,15,0.997109311801372,0.758342752450503,88
3,15,0.994433958668236,0.847419084961015,88
6,15,0.992790772798059,0.018518685366299,88
5,15,0.982982133974098,0.505725797420698,88
1,1,0.999171015817506,0.722674431657885,89
2,1,0.998923383971814,0.912608818019973,89
3,1,0.998324974257472,0.13238092822938,89
4,1,0.996615844340729,0.803169021445903,89
6,1,0.993366338270955,0.0985570100728552,89
5,1,0.992260761108297,0.471318400551155,89
1,2,0.999071750504832,0.992290307289255,89
2,2,0.998982424393499,0.732142080388681,89
3,2,0.998112493226143,0.76419225515511,89
4,2,0.993214965178666,0.560102554547811,89
6,2,0.992725225352497,0.140401413013511,89
5,2,0.98981461990527,0.502196080014611,89
1,3,0.999130482811736,0.995694641189821,89
2,3,0.998761319391331,0.976432106838077,89
3,3,0.998022630259116,0.972449497710476,89
4,3,0.993978249425996,0.808529234379359,89
6,3,0.991842786216879,0.718567885775423,89
5,3,0.990799699298351,0.0997088356594925,89
1,4,0.999116102778646,0.969159309585437,89
2,4,0.998695418037178,0.970541986816965,89
3,4,0.99824666326647,0.92290698031845,89
4,4,0.992854160789196,0.789803244874604,89
6,4,0.991857375504764,0.561058495936043,89
5,4,0.989876351437252,0.489696958181942,89
1,5,0.999313186280005,0.950757697614854,89
2,5,0.998996436539823,0.812931205548705,89
3,5,0.998253786489159,0.93492561086408,89
4,5,0.993343366129692,0.830745372718199,89
6,5,0.991732486618204,0.348897325691301,89
5,5,0.99037896121216,0.646342387975789,89
1,6,0.999148483580304,0.977262213845865,89
2,6,0.998762496944744,0.924097487246641,89
3,6,0.997955876631551,0.78900724435067,89
4,6,0.992851849046512,0.787324478430819,89
6,6,0.99266767788805,0.580851727867115,89
5,6,0.990312739975336,0.42625552562315,89
1,7,0.999103280077387,0.992801196073605,89
2,7,0.998993337772865,0.728444716414848,89
3,7,0.998094115025518,0.976516681540128,89
4,7,0.993038177070791,0.952113849145139,89
6,7,0.993208989791284,0.033467096708588,89
5,7,0.991779698628884,0.487386372173364,89
1,8,0.999411038754626,0.910660027087018,89
2,8,0.998971271469435,0.91378304264933,89
3,8,0.998340297898863,0.117156036403343,89
4,8,0.993866930976973,0.792616337724001,89
6,8,0.992561329393249,0.404954762091661,89
5,8,0.992149615242556,0.457191676189973,89
1,9,0.999236883009438,0.971679934244643,89
2,9,0.99873953064004,0.985358756281321,89
3,9,0.998274339948215,0.715429600135082,89
4,9,0.993862223332447,0.836802179612302,89
6,9,0.992204454263377,0.502240380744968,89
5,9,0.989066242894071,0.942553552791157,89
1,10,0.999141106906463,0.97219108607607,89
2,10,0.998689759924677,0.98915756187926,89
3,10,0.998172394880794,0.952791728476744,89
4,10,0.993777243623154,0.739146894591197,89
6,10,0.990393213797427,0.369051024241943,89
5,10,0.988425194406279,0.72894562565776,89
1,11,0.999096441583678,0.992748672888552,89
2,11,0.998788144532157,0.82351095541436,89
3,11,0.998142146003997,0.983808937101085,89
4,11,0.993464698099589,0.716203918461218,89
6,11,0.994319722093789,0.909200224148957,89
5,11,0.990500948070062,0.753704278263709,89
1,12,0.999195569180121,0.991713857251936,89
2,12,0.998840180792637,0.97311371865001,89
3,12,0.99800579528575,0.901738119239246,89
4,12,0.994360424387885,0.63822963367829,89
6,12,0.99229697202786,0.214992167476641,89
5,12,0.989221244090645,0.791782575427274,89
1,13,0.999124687928444,0.986508358470838,89
2,13,0.998831752782391,0.942310979035426,89
3,13,0.998170214515552,0.91615159039805,89
4,13,0.993090856421335,0.907981789701892,89
6,13,0.991930269747446,0.686008029273147,89
5,13,0.990030045887848,0.815155709832175,89
1,14,0.999120153033571,0.975687438120933,89
2,14,0.9988060372776,0.945532535746194,89
3,14,0.998188344348206,0.852948122362284,89
4,14,0.993499547793032,0.623557772773618,89
6,14,0.991649363982298,0.163732385922789,89
5,14,0.990772394714733,0.361533297523107,89
1,15,0.99929145527415,0.923369014982698,89
2,15,0.998786347698068,0.863518323372879,89
3,15,0.998125727874284,0.919523312879193,89
4,15,0.993316542648511,0.742984131300502,89
6,15,0.991864925365553,0.125581454007835,89
5,15,0.991485966843477,0.134280624225865,89
1,1,0.993534543138501,0.971182617591723,90
2,1,0.990290753628437,0.950041712490796,90
3,1,0.976562296235154,0.861304150501634,90
4,1,0.950181244716486,0.800750290505743,90
5,1,0.963536806422111,-0.043713417470823,90
6,1,0.926464996450907,0.701804693150674,90
1,2,0.993431894561546,0.9763946517403,90
2,2,0.990640095298517,0.96914535641355,90
3,2,0.978645940011312,0.807105446341337,90
4,2,0.949708549755953,0.889058264038952,90
5,2,0.960618849976483,0.257005011184476,90
6,2,0.929006943100009,0.896712832136266,90
1,3,0.993903492126036,0.979305944797234,90
2,3,0.990637653914736,0.955714550361447,90
3,3,0.977520461808033,0.90420020446079,90
4,3,0.951117516144747,0.464320286308913,90
5,3,0.949812023911464,0.584519909578857,90
6,3,0.930993810862055,0.916349865792609,90
1,4,0.993532575687602,0.994339576000158,90
2,4,0.993012303977067,0.403047761733537,90
3,4,0.97896216137637,0.823514222219282,90
4,4,0.953335136929657,0.522402084171758,90
5,4,0.959246538794124,0.551429369711283,90
6,4,0.928935680259311,0.203946651909668,90
1,5,0.994817168704976,0.952701767092869,90
2,5,0.991331832678847,0.991064752377067,90
3,5,0.977231728656471,0.851665881593175,90
4,5,0.949355967712595,0.911879724084326,90
5,5,0.962781279921485,0.57213103407129,90
6,5,0.929061979263822,0.72023879863431,90
1,6,0.993067418078112,0.992493688041102,90
2,6,0.990789025570695,0.967150995703776,90
3,6,0.980191715456016,0.852428369489067,90
4,6,0.950735628745819,0.964308565707633,90
5,6,0.958003227849081,0.949571902389063,90
6,6,0.926904650595376,0.661427394101081,90
1,7,0.993171478721378,0.991127736561805,90
2,7,0.99072268229467,0.970409399444602,90
3,7,0.979653726473362,0.71340224846052,90
4,7,0.951007879252457,0.831098517392132,90
5,7,0.961198043889631,0.620344555300831,90
6,7,0.924639738462984,0.690410682684674,90
1,8,0.995284674669791,0.899267842698817,90
2,8,0.990367217652362,0.970695926906029,90
3,8,0.978046922841774,0.812777929062947,90
4,8,0.949133169684976,0.720651671600371,90
5,8,0.959468995303811,0.709686825881359,90
6,8,0.930298259702809,0.252744088983531,90
1,9,0.993241889781948,0.97216550266136,90
2,9,0.992291549232048,0.715990886468912,90
3,9,0.976811975233327,0.953504177534713,90
4,9,0.94970638985211,0.80881675866265,90
5,9,0.958873521608058,0.864191436457884,90
6,9,0.92695289198868,0.653996831898547,90
1,10,0.993436123290602,0.998202602703762,90
2,10,0.98929532097568,0.993922945472262,90
3,10,0.976217535762463,0.976856106675766,90
4,10,0.951885579701084,0.931571889950076,90
5,10,0.965502318018284,0.950804618871427,90
6,10,0.924194562281114,0.809667043198331,90
1,11,0.993711964733387,0.968906543504272,90
2,11,0.990521084504916,0.932798007760742,90
3,11,0.976268627310822,0.81175633398805,90
4,11,0.960151156418578,0.705901885112251,90
5,11,0.961021441043802,0.46029199334732,90
6,11,0.922472829598258,0.746653850680383,90
1,12,0.994158642123147,0.940761394191115,90
2,12,0.990090747713419,0.927591758117564,90
3,12,0.978028443957513,0.611736654525582,90
4,12,0.95147117001845,0.57145134240561,90
5,12,0.959186852982927,0.540995494188165,90
6,12,0.926915657394101,-0.257400615859196,90
1,13,0.993428675876574,0.985920693126948,90
2,13,0.99113982358098,0.818618484368471,90
3,13,0.979640406174888,0.503200651212317,90
4,13,0.978551178150534,0.232677419868935,90
5,13,0.958767469747472,0.613029130548752,90
6,13,0.94426883307722,-0.118886341594108,90
1,14,0.993573477605445,0.903163422406856,90
2,14,0.991054599448065,0.964736365168923,90
3,14,0.977435581371318,0.972247376548193,90
4,14,0.948308800728366,0.817287521884979,90
5,14,0.958062849769823,0.66126909983244,90
6,14,0.92823200849751,0.241721132693597,90
1,15,0.993432789333702,0.986986087317649,90
2,15,0.990562074530975,0.949478335673462,90
3,15,0.976878489833732,0.0907098765511733,90
4,15,0.951673881056277,0.904962789515233,90
5,15,0.957218340580915,0.596491313919346,90
6,15,0.930288742232888,-0.117429669603518,90
1,1,0.994154551133103,0.932908856664389,91
2,1,0.992695748079728,0.951980838154786,91
3,1,0.982912510335312,0.970653795620354,91
4,1,0.955200956269447,0.922153806527507,91
6,1,0.950963046972231,0.186313886752228,91
5,1,0.937175242366217,0.494040480976665,91
1,2,0.992805469003822,0.983661730540926,91
2,2,0.99263069495197,0.891695293246308,91
3,2,0.980845973327317,0.801287568938121,91
4,2,0.95747166075704,0.86917845811662,91
6,2,0.955221927965679,0.551048415575437,91
5,2,0.93897007168504,0.641236768170254,91
1,3,0.995303845964789,0.915274167765558,91
2,3,0.992435068857832,0.882392109379714,91
3,3,0.979719066021968,0.950404831998672,91
4,3,0.959862382738231,0.739782110599191,91
6,3,0.956807244533418,0.102506767863378,91
5,3,0.930909546852042,0.529979691729078,91
1,4,0.993721381313777,0.938327268510885,91
2,4,0.992724758476075,0.946879657916113,91
3,4,0.983247038177792,0.659224242206381,91
4,4,0.95841733303499,0.489806406877041,91
6,4,0.959571986301961,0.0945872982678653,91
5,4,0.934109242849882,0.554587420554872,91
1,5,0.993658224065518,0.970378916041041,91
2,5,0.992193003169258,0.979331083804911,91
3,5,0.978844432051606,0.682191835287055,91
4,5,0.977868321658409,0.66890458355328,91
6,5,0.953311015094473,0.681059821610875,91
5,5,0.947814276909783,0.703709128888866,91
1,6,0.993489153354301,0.974345288518782,91
2,6,0.994035168444843,0.88608259962474,91
3,6,0.981493445998797,0.919915216819747,91
4,6,0.95844506116739,0.21515177379177,91
6,6,0.952666135398987,0.69898203653642,91
5,6,0.934182657884989,0.26867210398108,91
1,7,0.993320182478141,0.986789765812766,91
2,7,0.992792822250801,0.781509529219531,91
3,7,0.981543882505547,0.716709507598902,91
4,7,0.969342265639062,0.332378192520106,91
6,7,0.952429151915093,0.38529000568064,91
5,7,0.928948578354499,0.895944671533992,91
1,8,0.993405372301685,0.979353407115597,91
2,8,0.991944419316561,0.993415209594305,91
3,8,0.981676902767369,0.495119649721279,91
4,8,0.959880899841998,0.783555270250962,91
6,8,0.953464840401894,0.0509560789827256,91
5,8,0.933636923270903,0.661130495000564,91
1,9,0.993694723261935,0.978007983082648,91
2,9,0.993079516262281,0.971000500567296,91
3,9,0.983257847165181,0.851242707410172,91
4,9,0.956681947327103,0.712721453828604,91
6,9,0.947258015079905,0.555612960276963,91
5,9,0.931901674444954,0.893874612970309,91
1,10,0.993997901417648,0.99026782188538,91
2,10,0.992331816400612,0.963480599301215,91
3,10,0.980916035953596,0.981259706561688,91
4,10,0.95619402459416,0.382181674096838,91
6,10,0.95829219171412,0.740369655210481,91
5,10,0.939854415605278,0.776570111885688,91
1,11,0.993375000688059,0.994837808356026,91
2,11,0.992744709873136,0.938301778432832,91
3,11,0.980140743510902,0.963441983121101,91
4,11,0.957478824827669,0.891197240899213,91
6,11,0.952586570637812,0.571568958892632,91
5,11,0.937245940073174,-0.105549071438487,91
1,12,0.995176390796583,0.907766610255819,91
2,12,0.992979404164989,0.933698311069894,91
3,12,0.980276755109221,0.950231408705045,91
4,12,0.957374082348073,0.87504467081418,91
6,12,0.955824379721435,0.545455786346401,91
5,12,0.930124971331723,0.878583066572556,91
1,13,0.99346887435214,0.963287086941213,91
2,13,0.990656402252698,0.984110183341903,91
3,13,0.982241201774529,0.445146755647842,91
4,13,0.955004555013704,0.965836682029673,91
6,13,0.955603628835939,-0.0298784860343384,91
5,13,0.935741328939367,0.746404719462421,91
1,14,0.993692845092287,0.936755979740267,91
2,14,0.993099100370098,0.886197147524124,91
3,14,0.985614380849812,0.0199541491668018,91
4,14,0.960696487056979,0.81667267002833,91
6,14,0.955314727619269,0.350161963258925,91
5,14,0.930194042696596,0.609220934065539,91
1,15,0.993895540523113,0.995461510693192,91
2,15,0.992888982039964,0.964017446535392,91
3,15,0.979802625288932,0.944334328622267,91
4,15,0.957912657672521,0.863627838550553,91
6,15,0.952651450600668,0.61799179033041,91
5,15,0.938024459341514,0.250466842671578,91
1,1,0.997634845801027,0.936752466679485,92
2,1,0.996320125324178,0.943080033029161,92
3,1,0.989971153670585,0.925865562108132,92
4,1,0.979009258841822,0.84538383063929,92
6,1,0.97868092398636,0.363957977179824,92
5,1,0.977780755371273,0.605691989910011,92
1,2,0.998498717583023,0.95756623161165,92
2,2,0.99667781319953,0.943118375197186,92
3,2,0.991547491600219,0.702772938207286,92
4,2,0.982482569212239,0.432555036361432,92
6,2,0.978156852162456,-0.253073606696837,92
5,2,0.972935800617639,0.733875121840278,92
1,3,0.997582505280577,0.98860855339107,92
2,3,0.996697138221133,0.854449863083263,92
3,3,0.991053123331378,0.59470483042479,92
4,3,0.981088313629679,0.824867468443182,92
6,3,0.97899432332819,0.360725572592703,92
5,3,0.977503901489103,0.596188147821047,92
1,4,0.997470533540272,0.973332729612261,92
2,4,0.996694273180304,0.962201066630764,92
3,4,0.990173049711506,0.885946765656411,92
4,4,0.979917051430374,0.904512369333884,92
6,4,0.977475570692702,0.187112886339114,92
5,4,0.976684380860424,-0.598676242104612,92
1,5,0.997527066131645,0.951212939255832,92
2,5,0.99650945601077,0.922790976189376,92
3,5,0.990006173497797,0.879007081014011,92
4,5,0.981303846222947,0.790003547324845,92
6,5,0.978073065517744,0.580712673615514,92
5,5,0.975263903316073,0.496356380010983,92
1,6,0.997757513211557,0.892193087592799,92
2,6,0.996260324457922,0.866212060920345,92
3,6,0.990015944048092,0.952913733685467,92
4,6,0.980322513154771,0.191908591419293,92
6,6,0.977320302588443,0.789711113192806,92
5,6,0.974732055138715,0.220478026127984,92
1,7,0.997582209240975,0.977191229289309,92
2,7,0.996052745341516,0.98630288227015,92
3,7,0.990565635477531,0.364133792213254,92
4,7,0.980752757046604,0.930018779700582,92
6,7,0.977500468319766,0.884318975079938,92
5,7,0.973479269686573,0.94452810265387,92
1,8,0.997717175831249,0.900706026490981,92
2,8,0.996348070427401,0.894952874771639,92
3,8,0.990899473014088,0.71495170616603,92
4,8,0.988811517813153,0.589598403777742,92
6,8,0.977681118750219,0.365248767602303,92
5,8,0.9805433771002,0.482084236310367,92
1,9,0.997571855226585,0.983461350512065,92
2,9,0.996517431669753,0.955376630250798,92
3,9,0.990594224470739,0.718478780197986,92
4,9,0.98123555477121,0.963157489062436,92
6,9,0.973003035358799,0.28652405393275,92
5,9,0.974940397709446,0.945726315306649,92
1,10,0.997896692878792,0.965333578516834,92
2,10,0.996362268096501,0.9619541151316,92
3,10,0.988946859753794,0.984635737641896,92
4,10,0.984006888453743,0.736859443115436,92
6,10,0.981196240407752,0.889740821806375,92
5,10,0.97171619982046,0.780064435912415,92
1,11,0.997318760575221,0.987270300951017,92
2,11,0.996057501325791,0.994944167951238,92
3,11,0.990298968498349,0.892654300456401,92
4,11,0.981995257982438,0.413396865604456,92
6,11,0.978789253617427,0.49476411270541,92
5,11,0.973268879744612,0.702056904703374,92
1,12,0.997768402844262,0.918623218976166,92
2,12,0.996605351350888,0.780454486828936,92
3,12,0.991071608852939,0.564106130272959,92
4,12,0.98105431666345,0.984247882344668,92
6,12,0.977780157817642,-0.0113304094908873,92
5,12,0.976824357515942,0.695403664869299,92
1,13,0.997318161273264,0.975894870512188,92
2,13,0.996803058134288,0.733755480602954,92
3,13,0.99091041275054,0.60605466016771,92
4,13,0.980279625232291,0.570562349340948,92
6,13,0.976926251906732,0.918970368525398,92
5,13,0.97414724462986,0.0528805638142131,92
1,14,0.997483738511834,0.943219015939856,92
2,14,0.996359145042583,0.746003363602526,92
3,14,0.990315341105568,0.842625362974328,92
4,14,0.981401161185054,0.747009655385577,92
6,14,0.979354588390517,0.11848635717907,92
5,14,0.973393735124566,0.494316957420713,92
1,15,0.997610431929028,0.953652329329519,92
2,15,0.996472199357752,0.919978259277861,92
3,15,0.988627122048709,0.815947972180832,92
4,15,0.983984358453283,0.602715008803942,92
6,15,0.978101214048474,0.521819383789141,92
5,15,0.975316725607748,0.706488366353135,92
1,1,0.999789924507117,0.991940078363395,93
2,1,0.999675021996152,0.956607628050762,93
4,1,0.999062599017976,0.834081338118649,93
6,1,0.998397457005055,0.563753105676418,93
3,1,0.997658940084259,0.742674109973246,93
5,1,0.996612500609497,0.39955766661846,93
1,2,0.999785309586669,0.989479851035674,93
2,2,0.999580345702026,0.990062584507287,93
4,2,0.999260169535278,0.587421259931338,93
6,2,0.998730226273437,0.653369334136624,93
3,2,0.997474968088099,0.830869722542898,93
5,2,0.996699740455732,0.429871926373192,93
1,3,0.999829280260369,0.975270526247383,93
2,3,0.999729345675767,0.819789203261087,93
4,3,0.999059491283461,0.883120909203636,93
6,3,0.998728056627543,0.836146500749457,93
3,3,0.997713065731469,0.84785442240633,93
5,3,0.997001517662113,0.540962797399579,93
1,4,0.999811401815806,0.991412672963617,93
2,4,0.99968142944031,0.868595482792291,93
4,4,0.999133916522724,0.828501490498642,93
6,4,0.99819075297606,0.653807878000635,93
3,4,0.997569853259581,0.854247723514453,93
5,4,0.996808264078661,0.800089469493975,93
1,5,0.999788788622513,0.995318271467209,93
2,5,0.9996657840835,0.960122308434751,93
4,5,0.999118407496024,-0.027784886442185,93
6,5,0.999046379153179,-0.0241703090241044,93
3,5,0.997158098472429,0.772262611733575,93
5,5,0.997424093263524,0.560477214777103,93
1,6,0.999793683887112,0.867719958082628,93
2,6,0.999738198453305,0.628484596949499,93
4,6,0.999190779454877,0.481966457820044,93
6,6,0.998709172657241,0.781825081132819,93
3,6,0.997409238869701,0.906404608048673,93
5,6,0.99684298179157,0.420813035985321,93
1,7,0.999797518027581,0.840790971948375,93
2,7,0.999654044923466,0.94460083810801,93
4,7,0.998978181572116,0.48977623061861,93
6,7,0.998733863602902,-0.114181904396472,93
3,7,0.997539315505574,0.759549783659284,93
5,7,0.99666081214225,0.768688813667989,93
1,8,0.999789986483892,0.973629978894991,93
2,8,0.999664178884124,0.953761375658616,93
4,8,0.999029469129225,-0.165685136287923,93
6,8,0.998832665179135,-0.26487026190815,93
3,8,0.997464170501403,0.821092215207181,93
5,8,0.997420545861127,0.472400360231272,93
1,9,0.999810652028479,0.921185918546273,93
2,9,0.999668568379892,0.961326984636841,93
4,9,0.999137263130804,0.88522463321662,93
6,9,0.998726684832591,-0.227617089669515,93
3,9,0.997600620176467,0.848854861394117,93
5,9,0.996688698764564,-0.290483531097197,93
1,10,0.999808306887203,0.799577634689966,93
2,10,0.999704758980838,0.91493098663138,93
4,10,0.999136520210223,0.0223521920401381,93
6,10,0.998128559441314,0.623536402863115,93
3,10,0.998647035481668,0.759517613971014,93
5,10,0.996731602171003,0.824920543905256,93
1,11,0.999801083829579,0.871850271815791,93
2,11,0.999635231298834,0.983713870468714,93
4,11,0.999126608167252,0.874247886627764,93
6,11,0.998391730316535,0.75394456576799,93
3,11,0.997676645421879,0.235936588542814,93
5,11,0.996774085501398,0.620979642258123,93
1,12,0.999786332609468,0.982179863462661,93
2,12,0.999700787142843,0.893231891774108,93
4,12,0.998959301637128,0.866418570959768,93
6,12,0.998657919870426,0.391857465206556,93
3,12,0.997616307767718,0.886302683196778,93
5,12,0.996756371721468,0.63341156462121,93
1,13,0.999784636397945,0.996341787183268,93
2,13,0.999662180866902,0.977186558257541,93
4,13,0.999006542994231,0.456022293438608,93
6,13,0.998492126453188,0.683712688259122,93
3,13,0.997765085982514,0.857787185606124,93
5,13,0.996694521097036,0.530423350116883,93
1,14,0.999801973901063,0.991764930827406,93
2,14,0.9997001367598,0.887182428157506,93
4,14,0.998983705732472,0.289151175466543,93
6,14,0.998817574109386,0.951080752486007,93
3,14,0.998830304215948,0.786803956706085,93
5,14,0.997797244114441,0.625013872770047,93
1,15,0.999879831586137,0.946875962356161,93
2,15,0.999683318431302,0.875742323743827,93
4,15,0.999022564894498,0.867529047263669,93
6,15,0.998640651483904,0.682131411790901,93
3,15,0.99742940076916,0.825569209091898,93
5,15,0.997260725098702,0.668034689084276,93
2,1,0.998513774846978,0.936819222129776,94
1,1,0.998928753544986,0.845878513153459,94
3,1,0.99762079322387,0.745880279129002,94
4,1,0.993081702643296,0.84610858811808,94
5,1,0.994764573132471,0.628500769889727,94
6,1,0.98608855972742,0.228364205929656,94
2,2,0.998896382804489,0.914338172839089,94
1,2,0.99840806291494,0.978773910880588,94
3,2,0.997466365623526,0.949402533024187,94
4,2,0.992730997076272,0.681929921862657,94
5,2,0.995490004076366,0.273286720195295,94
6,2,0.98646433389926,0.0714595073000562,94
2,3,0.9985134790713,0.970272853097639,94
1,3,0.998616973990161,0.987532410709142,94
3,3,0.99715581606605,0.965435081328068,94
4,3,0.992799821866362,0.749810708596911,94
5,3,0.993856951686926,0.675327148655671,94
6,3,0.985931758154096,0.597694260943871,94
2,4,0.998507086079126,0.966427586850879,94
1,4,0.998606918047856,0.995978717132215,94
3,4,0.997406301329389,0.591370114785227,94
4,4,0.993617300758749,0.723543733953448,94
5,4,0.994921450438826,0.780028803419165,94
6,4,0.986084290154836,0.314867246596592,94
2,5,0.998979536399385,0.915007108519801,94
1,5,0.998448762369629,0.993736019174958,94
3,5,0.997453291891191,0.0163369901269291,94
4,5,0.993011537448746,0.956174017830617,94
5,5,0.99383857436915,0.950988423013048,94
6,5,0.986526320007317,0.868887912004338,94
2,6,0.99910951536051,0.948804972314597,94
1,6,0.998922170093361,0.94558747480094,94
3,6,0.997956803685221,0.875445345842883,94
4,6,0.992839287971653,0.868964238330333,94
5,6,0.995414234255071,0.475881475950285,94
6,6,0.98608806142456,0.487824013338141,94
2,7,0.998798408486929,0.983705999144294,94
1,7,0.998583324480014,0.894010804154059,94
3,7,0.997113514370335,0.91478421337886,94
4,7,0.993208026326812,0.784513389351699,94
5,7,0.995106489419791,0.639671929467126,94
6,7,0.985737224030758,0.629097518868357,94
2,8,0.998582750618615,0.975510421587471,94
1,8,0.998661479059892,0.992233048764498,94
3,8,0.997433215295723,0.419979793503214,94
4,8,0.993579698301382,0.539467707641897,94
5,8,0.995076927578638,0.592986201482975,94
6,8,0.987608048097745,-0.0559023047831158,94
2,9,0.999036052731301,0.953826739044114,94
1,9,0.998386545511035,0.968585518746594,94
3,9,0.997399117859888,0.920071883181568,94
4,9,0.993783881981722,0.753395570783297,94
5,9,0.995245875847994,0.981031622734943,94
6,9,0.985230100319613,0.331176509796687,94
2,10,0.998737927630395,0.922922528524034,94
1,10,0.998602118048358,0.938403313651764,94
3,10,0.997232765663506,0.960529079461628,94
4,10,0.992746243797096,0.907390929884132,94
5,10,0.994606223907747,0.469493263912745,94
6,10,0.986652631365315,0.598380237726211,94
2,11,0.998938909031996,0.95371032942994,94
1,11,0.998572185639493,0.983555398867785,94
3,11,0.997449884968337,0.808789056723643,94
4,11,0.9931843069284,0.60988857168514,94
5,11,0.995089233063943,0.736591614818538,94
6,11,0.988446014142942,0.251372955805287,94
2,12,0.998591177176919,0.911769482488946,94
1,12,0.998719303199667,0.975632924768649,94
3,12,0.997676255628783,0.236436193982368,94
4,12,0.995926732309646,0.10023959776611,94
5,12,0.993571078451947,0.604221616889993,94
6,12,0.985241980375821,0.661623298525043,94
2,13,0.999047058695913,0.542308574145829,94
1,13,0.99846916100261,0.981970036777364,94
3,13,0.997334925697424,0.672024119658706,94
4,13,0.996957108182713,0.560515175467609,94
5,13,0.99521359361413,0.659258763919502,94
6,13,0.991191056778892,0.209238416482331,94
2,14,0.998823455718105,0.899613500534232,94
1,14,0.998303570427155,0.936687671158635,94
3,14,0.997145453220171,0.802643780366001,94
4,14,0.993068269091633,0.855255335789963,94
5,14,0.993979365824162,0.789509026503294,94
6,14,0.986104188510722,0.684622281658124,94
2,15,0.999112950841913,0.815313746429282,94
1,15,0.998657807707896,0.977851561757122,94
3,15,0.99748125506365,0.732438617971322,94
4,15,0.994142109249893,0.626738813219599,94
5,15,0.995054183167651,0.203847443400051,94
6,15,0.984813714412188,0.776717088567172,94
1,1,0.997286966607011,0.964913621598722,95
2,1,0.996787149615662,0.802646221884814,95
3,1,0.991675409144896,0.844548471382822,95
4,1,0.988321556112375,0.482392704416385,95
5,1,0.985023850683425,0.267733667874933,95
6,1,0.978438556723831,0.361816572401423,95
1,2,0.997565957515029,0.919450291837774,95
2,2,0.996645513959006,0.873923811231428,95
3,2,0.990624453787499,0.811649261054449,95
4,2,0.982029751264338,0.844581637215232,95
5,2,0.977915437336474,0.728540227022226,95
6,2,0.9708448367145,0.170248407542404,95
1,3,0.997113854994759,0.960235377413468,95
2,3,0.997230087681739,0.829973001579519,95
3,3,0.990075114062168,0.809848603552785,95
4,3,0.980026464996688,0.758896645465946,95
5,3,0.977140378950885,0.225432845243192,95
6,3,0.966175147040525,0.329662312389832,95
1,4,0.997839748117044,0.884526738805645,95
2,4,0.995242996258388,0.989962608822258,95
3,4,0.989534673565118,0.952974906768663,95
4,4,0.979968271803957,0.914195813861477,95
5,4,0.981906497404108,-0.362072346810759,95
6,4,0.961827037362327,0.627771009851372,95
1,5,0.99712411333717,0.992496618985019,95
2,5,0.996665029664454,0.897458405353441,95
3,5,0.991106493697152,0.759715460913789,95
4,5,0.979836755969905,0.763989203278787,95
5,5,0.9806802841395,0.783173812757901,95
6,5,0.973407223033545,-0.304203382504903,95
1,6,0.997210047779399,0.962596323737326,95
2,6,0.996464138462977,0.945116951726095,95
3,6,0.990796894184704,0.850367036804819,95
4,6,0.984190809515583,0.314203178571741,95
5,6,0.97373887345866,0.683346084985653,95
6,6,0.960985042685435,0.8407037114501,95
1,7,0.997237644360276,0.960160187197862,95
2,7,0.996738176519036,0.805388298437572,95
3,7,0.988651536461868,0.912326941792114,95
4,7,0.978444555956767,0.746568142088489,95
5,7,0.98113579557168,0.774426223157223,95
6,7,0.967767679774583,0.316670358283657,95
1,8,0.997165208132122,0.997699960852484,95
2,8,0.996193225636959,0.984430077657897,95
3,8,0.991631411181177,0.432667463920913,95
4,8,0.980775965719153,0.465014560952588,95
5,8,0.980702131517746,0.472445192085958,95
6,8,0.963017928302036,0.497232108904433,95
1,9,0.997103434409656,0.984622622863699,95
2,9,0.996650172305871,0.81632771413413,95
3,9,0.991306666967055,0.900751544743121,95
4,9,0.981323164163005,0.730263926542957,95
5,9,0.980675518652089,0.461499621031428,95
6,9,0.960801276624076,0.898514433079714,95
1,10,0.997279032834831,0.977350050351457,95
2,10,0.996463704339665,0.723387491555935,95
3,10,0.991283005669177,0.0554292677250374,95
4,10,0.980245332751836,-0.378541099404946,95
5,10,0.981756442575424,0.309673983802375,95
6,10,0.965181400492616,-0.303557626348679,95
1,11,0.99807866149682,0.97716699574111,95
2,11,0.996739311293078,0.856377512969508,95
3,11,0.991134063709727,0.992263095553023,95
4,11,0.979963635924653,0.922586950810635,95
5,11,0.983047443331963,0.392682911418248,95
6,11,0.966426198387749,0.416340652182477,95
1,12,0.99717261067595,0.982459240585933,95
2,12,0.996204055207195,0.989827654336708,95
3,12,0.990871370679905,0.626376927604004,95
4,12,0.979667786735122,0.948185603454958,95
5,12,0.983268045527435,0.236690039348692,95
6,12,0.962299843351421,0.862484970283797,95
1,13,0.997045504919672,0.997664597895565,95
2,13,0.996322911943591,0.940097484822442,95
3,13,0.991665177441791,0.877270448169939,95
4,13,0.978753988892218,0.771731627393752,95
5,13,0.982338970340742,0.861659333649645,95
6,13,0.963817142105047,0.906676554543235,95
1,14,0.996921432903743,0.977574132154603,95
2,14,0.996541165191336,0.816508037845514,95
3,14,0.990234430478482,0.305236225884918,95
4,14,0.978489810965298,0.871798168415747,95
5,14,0.980382610204699,0.704959675298688,95
6,14,0.963518043108654,0.574828644772449,95
1,15,0.997494065547704,0.866912216799378,95
2,15,0.996471565983132,0.976741842821393,95
3,15,0.989709008967658,0.899765788124578,95
4,15,0.979668795191442,0.751254755958865,95
5,15,0.981108151725628,0.386764028293309,95
6,15,0.965091311462373,0.0130818054573388,95
1,1,0.997713180246003,0.983274423586952,96
2,1,0.996839020752618,0.90425240397732,96
4,1,0.99302822817749,0.759993327774745,96
3,1,0.982737587013385,0.85299009609475,96
6,1,0.984569031082129,-0.173852864858124,96
5,1,0.976695088769266,0.864949900881826,96
1,2,0.997461288195603,0.98634647841236,96
2,2,0.996547457642041,0.955369749856073,96
4,2,0.991781021275889,0.614696182035095,96
3,2,0.982866352035282,0.678826119029629,96
6,2,0.983970429204565,0.645298533970199,96
5,2,0.978723210704213,0.390344930620551,96
1,3,0.997377917904072,0.975989237776817,96
2,3,0.996850158900453,0.565288572685332,96
4,3,0.991783548416032,0.537418340597238,96
3,3,0.990901054129373,0.957092709432163,96
6,3,0.98228990725088,0.695842250386159,96
5,3,0.978715877359537,0.521855857155648,96
1,4,0.99743296796281,0.952614695041703,96
2,4,0.996611720864384,0.962124124583206,96
4,4,0.990560821613964,0.945690704617986,96
3,4,0.983149308485215,0.936230900921502,96
6,4,0.98640993511423,0.942842100253627,96
5,4,0.978030804854304,0.572543350519611,96
1,5,0.997206594483849,0.994016822598708,96
2,5,0.996399240838629,0.98896753318927,96
4,5,0.991008559862209,0.928063411722998,96
3,5,0.982700460561836,0.920926334972895,96
6,5,0.983787819713125,0.528658991311368,96
5,5,0.977906167973116,0.825632272406833,96
1,6,0.997448549747355,0.981812492132486,96
2,6,0.996421019708224,0.977700639916988,96
4,6,0.991500075104159,0.925768245971164,96
3,6,0.98145604450515,0.752673961730875,96
6,6,0.984820653922253,0.131370444681644,96
5,6,0.980318744437275,0.219723334600513,96
1,7,0.997381789877514,0.964379533140399,96
2,7,0.996683655034198,0.956262642120323,96
4,7,0.991705520196966,0.779530272245103,96
3,7,0.982234055336561,0.895496657861471,96
6,7,0.984595022578029,0.459711588706549,96
5,7,0.97803678588371,0.875064041748212,96
1,8,0.997330861189933,0.985757550487401,96
2,8,0.996586482786109,0.97092916275767,96
4,8,0.992028864799142,0.930979380677004,96
3,8,0.982976522429227,0.71310878284219,96
6,8,0.98370319741625,0.350462806952077,96
5,8,0.977863582962342,0.420308700579896,96
1,9,0.998359956724381,0.933923873823738,96
2,9,0.996580015192589,0.997972580347632,96
4,9,0.992070622221377,0.946242885182809,96
3,9,0.982960685848147,0.890964599965488,96
6,9,0.984471927401284,0.516307406620368,96
5,9,0.976500558979552,0.896191671257611,96
1,10,0.997610577819046,0.94740301238235,96
2,10,0.996759675517554,0.945522874227235,96
4,10,0.991151426379852,0.712930431629568,96
3,10,0.981390272113992,0.787957890944313,96
6,10,0.986017035885651,0.846198318075886,96
5,10,0.978521667494757,0.564190347562949,96
1,11,0.997269640841557,0.971850831982947,96
2,11,0.997256557318339,0.831972292024926,96
4,11,0.992270393177283,0.686183177127422,96
3,11,0.985074666391507,0.71964186303169,96
6,11,0.983721353703947,0.872177278096887,96
5,11,0.978721672511323,-0.142714078964081,96
1,12,0.997318686728067,0.990833349986319,96
2,12,0.997654195170405,0.825698431288673,96
4,12,0.99216865357022,0.894908414654653,96
3,12,0.985108855072852,0.65381197736684,96
6,12,0.980622498268816,0.720422510418103,96
5,12,0.977763013449181,0.922003175313289,96
1,13,0.997088895242439,0.992363202365701,96
2,13,0.996413884382339,0.956698920846052,96
4,13,0.991158778092663,0.804955952307229,96
3,13,0.982654884045142,0.833970790089827,96
6,13,0.986061571701,0.236113471329028,96
5,13,0.978167867973935,0.676442690607277,96
1,14,0.997843350482652,0.866825883309543,96
2,14,0.996898578775121,0.917520596071004,96
4,14,0.992293532888222,0.503929702010405,96
3,14,0.982189272907344,0.554147646460899,96
6,14,0.988494449919976,0.788042306449227,96
5,14,0.978898415429269,0.658232727857347,96
1,15,0.997613088882637,0.756942138471299,96
2,15,0.996434001593955,0.986809680469604,96
4,15,0.991913295417685,0.881628363092937,96
3,15,0.981704710792542,0.864078009142582,96
6,15,0.984554061094976,-0.147402889053808,96
5,15,0.97899769418366,-0.00722841114142802,96
1,1,0.997426828796694,0.992236169565646,97
2,1,0.996411802407497,0.903159258964793,97
3,1,0.989697357916113,0.624372976045872,97
5,1,0.976652304015242,0.498856440498346,97
4,1,0.983797100674196,0.530849172051808,97
6,1,0.967914874139496,-0.0536792029214332,97
1,2,0.997508078337939,0.985573803889938,97
2,2,0.996177055930455,0.956215978351366,97
3,2,0.988479957429716,0.932189792706342,97
5,2,0.988359458458935,0.316650254312903,97
4,2,0.976338160235551,0.927465715104012,97
6,2,0.967274514078366,0.700149415024382,97
1,3,0.998047895563503,0.781046118216662,97
2,3,0.996914747025178,0.594157762280988,97
3,3,0.989997291736093,0.667044309425404,97
5,3,0.987781509056817,0.405403671556344,97
4,3,0.98485330016847,0.440448234810074,97
6,3,0.97947452592452,0.0684129444464321,97
1,4,0.99816493974338,0.981732637923745,97
2,4,0.996313279401294,0.947361865853953,97
3,4,0.986772063962999,0.972002157396757,97
5,4,0.977348815046989,0.938253951948487,97
4,4,0.985055614826623,0.857577400204027,97
6,4,0.966678682978329,0.338860542733837,97
1,5,0.997486198090151,0.985475202357738,97
2,5,0.996195945104316,0.921612507005193,97
3,5,0.989313622632889,0.206913161100996,97
5,5,0.981496201060492,0.290604872146816,97
4,5,0.977588899867033,0.698284972867088,97
6,5,0.970987792805715,0.349324118057108,97
1,6,0.997386717021564,0.975289114081404,97
2,6,0.996065020638078,0.935085898561696,97
3,6,0.988798484418995,-0.58219483422827,97
5,6,0.976241464764886,0.134822851319503,97
4,6,0.984044488992222,0.167784043071735,97
6,6,0.965149122688292,0.676684348164175,97
1,7,0.997327400665792,0.975173952341885,97
2,7,0.996138929440709,0.909287987993794,97
3,7,0.987302071661304,0.787285371803441,97
5,7,0.983655705342788,0.358278306031356,97
4,7,0.980814950645692,0.816164996374265,97
6,7,0.962977658458992,0.653577581759063,97
1,8,0.997658286041506,0.983055281820072,97
2,8,0.996552157478931,0.927470161049754,97
3,8,0.989017812004328,0.772845084188822,97
5,8,0.98344943080804,0.387176649617406,97
4,8,0.978018128163328,0.266807747756783,97
6,8,0.965549514452352,0.818411887962711,97
1,9,0.997348164634941,0.987585658270713,97
2,9,0.995794229183939,0.988165131907626,97
3,9,0.987031119419325,0.926467878910812,97
5,9,0.976744845811429,0.819601247692242,97
4,9,0.983724637247923,0.959261765102929,97
6,9,0.971848662852068,0.364784437766148,97
1,10,0.997314626445008,0.92013779727659,97
2,10,0.99582357627626,0.990593142282598,97
3,10,0.988563888708697,0.853735328805446,97
5,10,0.983838621048452,0.693081824776606,97
4,10,0.978986058653264,0.906096107750634,97
6,10,0.963789802257702,0.709125895818516,97
1,11,0.997819698759462,0.79352824638541,97
2,11,0.995969139428769,0.989022382865272,97
3,11,0.988893204884919,0.950086740528937,97
5,11,0.976914495868083,0.773649338293128,97
4,11,0.983287017275114,0.666958821129438,97
6,11,0.965464963491162,0.453050800720084,97
1,12,0.997363098865548,0.973258475293877,97
2,12,0.99601724799371,0.902415975965489,97
3,12,0.988048662418314,0.828654445476347,97
5,12,0.97788255021836,0.631614771314426,97
4,12,0.982799922268786,-0.146863395263049,97
6,12,0.964922528784236,0.798569156289214,97
1,13,0.997481216765485,0.967204538365497,97
2,13,0.996275731947741,0.947065815954544,97
3,13,0.986870549508209,0.967516990183823,97
5,13,0.975700538756161,0.888676440963352,97
4,13,0.984020057052322,0.836052007859835,97
6,13,0.965235653526786,0.255823729083169,97
1,14,0.997130055973579,0.951290664245521,97
2,14,0.996730784973655,0.916073642120337,97
3,14,0.987243162769438,0.824490158634417,97
5,14,0.974649438198295,0.750244524825231,97
4,14,0.983764001173702,0.775566634859107,97
6,14,0.96506769120254,0.725507641614965,97
1,15,0.997729876927791,0.97660505458096,97
2,15,0.996236927896689,0.878722783876717,97
3,15,0.988873783374799,0.745814723133716,97
5,15,0.983446168021269,0.88386034739615,97
4,15,0.976721961690925,0.934341427147996,97
6,15,0.966406656880749,0.75511013643591,97
1,1,0.999173760137803,0.837485561132372,98
2,1,0.998639209280273,0.875722712654496,98
4,1,0.997658043996362,0.161865058696934,98
3,1,0.995427946968577,0.777114102463666,98
6,1,0.994522492379956,0.203775645522247,98
5,1,0.99446803816344,0.68958785241762,98
1,2,0.999214000228154,0.957531058552933,98
2,2,0.998513784993714,0.987647328349433,98
4,2,0.997398342598902,0.783773237739343,98
3,2,0.996164255436216,0.574634255177619,98
6,2,0.994452240056929,0.809174922946525,98
5,2,0.993828928985304,0.671860888990943,98
1,3,0.999169581838852,0.997124003482198,98
2,3,0.998890671691229,0.956631440870321,98
4,3,0.997534046344452,0.982711755645249,98
3,3,0.995532113334266,0.820061773777042,98
6,3,0.994915781161884,0.0802570113140161,98
5,3,0.994273947596126,0.882654452748038,98
1,4,0.999169956144799,0.969734417288751,98
2,4,0.998682414142285,0.895612601909144,98
4,4,0.997632954770708,0.296757440368937,98
3,4,0.995347755110092,0.910218210289966,98
6,4,0.994302713199778,0.638220596029964,98
5,4,0.995037044640913,0.512101455848054,98
1,5,0.99926905025217,0.92862864343999,98
2,5,0.998433089826492,0.971766279965421,98
4,5,0.997517495843938,0.882403986619701,98
3,5,0.995099936693552,0.887092768838031,98
6,5,0.994764973213623,0.141017593060611,98
5,5,0.994328644562713,0.875521489003035,98
1,6,0.999247103379894,0.947006825768416,98
2,6,0.998566329285321,0.697453765230862,98
4,6,0.99734657921922,0.848548725401922,98
3,6,0.995600007579158,0.310973436110752,98
6,6,0.994183353945556,0.399647425230983,98
5,6,0.994041009520176,0.40692785822291,98
1,7,0.999301838964904,0.986943672747249,98
2,7,0.998703388843022,0.722636269716865,98
4,7,0.997520474305004,0.949750855522048,98
3,7,0.994956188944709,0.93224277287449,98
6,7,0.994444334242355,0.711595063610053,98
5,7,0.994526635227346,0.679322120283408,98
1,8,0.999179598924977,0.977809635596789,98
2,8,0.998762158751375,0.673696077349615,98
4,8,0.998156015330605,0.527088417531341,98
3,8,0.996582535891503,0.897737910436302,98
6,8,0.994386743910195,0.725605589846193,98
5,8,0.994936237176493,-0.11709569323881,98
1,9,0.999160982232991,0.992531344880168,98
2,9,0.998727094181743,0.675793645162184,98
4,9,0.997466678925119,0.852206317120896,98
3,9,0.995706014881149,0.704229099198569,98
6,9,0.996032265921183,0.215456043463861,98
5,9,0.994527662411297,0.511729568894293,98
1,10,0.999149722813458,0.963124856577894,98
2,10,0.998564219002097,0.949521667785491,98
4,10,0.99741569940588,0.952437818373383,98
3,10,0.994988441560394,0.943958570502635,98
6,10,0.994457585737558,0.24253423533319,98
5,10,0.995008150627012,0.602324254068357,98
1,11,0.999118641128731,0.993301455455002,98
2,11,0.998674697884332,0.875669641022404,98
4,11,0.99726531073212,0.903329369543636,98
3,11,0.99527157871771,0.0527346054217378,98
6,11,0.99410045713262,0.35631284192228,98
5,11,0.994546100986149,0.373430817606083,98
1,12,0.99913706693138,0.983571705853276,98
2,12,0.998563392479386,0.929251800290634,98
4,12,0.997536023929476,0.881531793569325,98
3,12,0.995552311978024,0.444753616690799,98
6,12,0.994262868202439,0.598338081024173,98
5,12,0.994196015254407,0.805805825569406,98
1,13,0.999261071840216,0.968948058765771,98
2,13,0.998285705631023,0.983644195959366,98
4,13,0.996974391645506,0.881909934699727,98
3,13,0.995778194772305,0.897467784587807,98
6,13,0.993442102810839,0.817233199657817,98
5,13,0.994318534194012,0.753442697704599,98
1,14,0.999632325693292,0.92661306917524,98
2,14,0.998654749299862,0.989083375571531,98
4,14,0.997632029738213,0.97443500684641,98
3,14,0.995038714851643,0.961920476657775,98
6,14,0.995077087462549,0.509477803783356,98
5,14,0.994831878192885,0.567198873590198,98
1,15,0.999126088219888,0.993045649742334,98
2,15,0.998474308464432,0.987152450281817,98
4,15,0.997651336236585,-0.405026024362635,98
3,15,0.996105029079928,0.724495113545477,98
6,15,0.99441409946737,0.310036111434125,98
5,15,0.994026327434689,0.790478421889513,98
1,1,0.999258364827784,0.983853227243406,99
2,1,0.998934006872106,0.899071020756093,99
3,1,0.998231244093175,-0.046057787247477,99
4,1,0.992551136580365,-0.506319868397307,99
5,1,0.994543639504534,0.279585089359217,99
6,1,0.987616332355038,0.0244801929666882,99
1,2,0.999271471199866,0.934387203317611,99
2,2,0.998662031712734,0.960094022138292,99
3,2,0.998153399575026,0.809380853090808,99
4,2,0.990354058124399,0.785341876459522,99
5,2,0.99368330244586,0.919877988894709,99
6,2,0.98704662372637,0.780045683031553,99
1,3,0.999286667989415,0.98954504366138,99
2,3,0.99874442460107,0.948126890781825,99
3,3,0.99844734391728,0.920576633111736,99
4,3,0.994352905587359,0.535353484442963,99
5,3,0.994509678618062,-0.0602819350895594,99
6,3,0.987753191851608,0.923635497438301,99
1,4,0.9993500536626,0.92746424316517,99
2,4,0.998774042941807,0.901584355658522,99
3,4,0.998221075262193,0.954178512181182,99
4,4,0.993661968388229,0.554210329531621,99
5,4,0.992604673292187,0.369293287323441,99
6,4,0.988178621643228,0.623087529802817,99
1,5,0.999242362040914,0.996394565029679,99
2,5,0.99873369977437,0.828300012632169,99
3,5,0.99772405234087,0.909708343644237,99
4,5,0.99663721741223,0.564242068981484,99
5,5,0.995792983662188,0.654968895921091,99
6,5,0.993153854624258,0.0670810763734747,99
1,6,0.999321071019314,0.982652852912229,99
2,6,0.998702272904964,0.967474461888968,99
3,6,0.997968497239103,0.680737109636734,99
4,6,0.992005539913138,0.822469178071316,99
5,6,0.994385235175654,0.773122526863399,99
6,6,0.987489991850518,0.362220792965345,99
1,7,0.999292180735178,0.873082749106817,99
2,7,0.998590261079586,0.993576968630552,99
3,7,0.998291164449241,0.989970901810664,99
4,7,0.992694630326012,0.860713615725007,99
5,7,0.993768921652967,0.862266219173077,99
6,7,0.989508769468703,0.68950697477629,99
1,8,0.99927176313894,0.975949872605016,99
2,8,0.99898657238617,0.804056776607032,99
3,8,0.997972626767562,0.832594708942639,99
4,8,0.992318302210704,0.888105389688682,99
5,8,0.994245563080357,0.608817654279475,99
6,8,0.98753973012787,0.629792273406045,99
1,9,0.999424526160812,0.920034779443255,99
2,9,0.998865025079687,0.855967716408561,99
3,9,0.998208266825817,0.510138561761221,99
4,9,0.991938430171135,0.94548304613808,99
5,9,0.993928247509798,0.881129813606526,99
6,9,0.987694694838827,0.0651776228052285,99
1,10,0.999196587832534,0.989965583108592,99
2,10,0.998516431577852,0.975486091052361,99
3,10,0.997890660625,0.965289387820638,99
4,10,0.991623923112795,0.88646919172438,99
5,10,0.994428776938054,0.8665179113476,99
6,10,0.986419713269116,0.756582579703078,99
1,11,0.999276199877344,0.975929707581035,99
2,11,0.9987226942168,0.94735834742391,99
3,11,0.998236618099624,0.867214817063728,99
4,11,0.991830673746319,0.636712178303874,99
5,11,0.993943980751885,0.424341694624965,99
6,11,0.988836213692916,-0.0837238124730432,99
1,12,0.999227105265662,0.992242712080232,99
2,12,0.998810105423068,0.920088597657886,99
3,12,0.998132244547776,0.837485821016007,99
4,12,0.991405931089522,0.692384515928893,99
5,12,0.994814010348339,-0.617975427441661,99
6,12,0.987801094566574,0.203977206568846,99
1,13,0.999564428978408,0.958620018538759,99
2,13,0.998866647443242,0.972671439987375,99
3,13,0.997990516555554,0.973694258941247,99
4,13,0.993094691756056,0.461839249636548,99
5,13,0.994628501731078,0.305460745472249,99
6,13,0.987800804184832,0.766158193658559,99
1,14,0.999325130333895,0.989854966271424,99
2,14,0.998720759637427,0.596743509218492,99
3,14,0.998055858017946,0.981360264795272,99
4,14,0.991288243103554,0.556544874159057,99
5,14,0.994121044657431,0.516288439590651,99
6,14,0.988931126613003,-0.172586706479513,99
1,15,0.99920727836842,0.984109368678515,99
2,15,0.998794245052667,0.216434115764616,99
3,15,0.998332474738773,0.807457828390283,99
4,15,0.992000003726611,0.932436678549628,99
5,15,0.994738226875643,0.45283629095952,99
6,15,0.988511492127731,0.662903968186215,99
1,1,0.996999597735107,0.962917440665794,100
2,1,0.996691165589375,0.932188551678037,100
3,1,0.991717663654049,0.81174353236857,100
4,1,0.978547468915231,-0.176042773197835,100
5,1,0.982469181109089,0.107791406378607,100
6,1,0.964146128939593,0.521721503283019,100
1,2,0.997008337208839,0.978819731495915,100
2,2,0.997443188558175,0.904863734802054,100
3,2,0.991561338596602,0.986713484844875,100
4,2,0.976293601262451,0.941872728991014,100
5,2,0.981657453766424,0.9047773621203,100
6,2,0.966907684399927,0.589335668361859,100
1,3,0.997078485543253,0.940452425018078,100
2,3,0.995723175279778,0.988664537918768,100
3,3,0.991664679083625,0.647827686674453,100
4,3,0.979431285521654,0.842349575660803,100
5,3,0.981782117487102,0.874818790597658,100
6,3,0.959940209120123,0.942692976335895,100
1,4,0.997090600211989,0.974612694930733,100
2,4,0.996672786269542,0.942197485329909,100
3,4,0.992213600107882,0.634755593679395,100
4,4,0.977357163671199,0.860671407097992,100
5,4,0.981679417814146,0.685344085717894,100
6,4,0.961874479149153,0.622231782408742,100
1,5,0.997334720129107,0.967180099614655,100
2,5,0.996679305867507,0.823489260469844,100
3,5,0.992306735773964,0.741780327150832,100
4,5,0.989897677617954,0.597682013884357,100
5,5,0.982274521398707,0.655795338246528,100
6,5,0.976187503122434,-0.37971079085703,100
1,6,0.996941508338919,0.972853222572736,100
2,6,0.997065228773833,0.802486576310454,100
3,6,0.992006050701203,0.0841453237316504,100
4,6,0.976621664373754,0.847117161919826,100
5,6,0.983012172650711,0.649833778108513,100
6,6,0.963399319762488,-0.147935415231414,100
1,7,0.996884791593924,0.983713068862412,100
2,7,0.997196036724239,0.944267309997005,100
3,7,0.991346043119269,0.728176108265805,100
4,7,0.976435417223363,0.638118165573292,100
5,7,0.982673583330148,0.637177175996346,100
6,7,0.96087738372051,0.659143493740001,100
1,8,0.998186954581612,0.767539488429331,100
2,8,0.996382003229948,0.961741277249779,100
3,8,0.991614139864246,0.990096645005692,100
4,8,0.976459156319655,0.728453725024072,100
5,8,0.98227135809865,0.266827103889637,100
6,8,0.961026212851775,0.728778555679278,100
1,9,0.997215707372606,0.973049834873079,100
2,9,0.996843878087737,0.838234519525006,100
3,9,0.991031031737796,0.980024858256974,100
4,9,0.976336260851199,0.851001199824321,100
5,9,0.988627417568563,0.695983247323349,100
6,9,0.968255703654851,0.76480935126144,100
1,10,0.997068292364922,0.952259472329701,100
2,10,0.996483323965968,0.972956533707325,100
3,10,0.992569938906024,0.524808401297374,100
4,10,0.975895829833692,0.846576808556967,100
5,10,0.981509148852891,-0.174940239006074,100
6,10,0.963327349526743,0.110933898150709,100
1,11,0.997228035114606,0.825050121484484,100
2,11,0.996609505267305,0.979166106837366,100
3,11,0.991766573533487,0.838763627395054,100
4,11,0.974586140785666,0.895589282499199,100
5,11,0.981337976066591,0.822943682697597,100
6,11,0.961992381040698,0.94815150674067,100
1,12,0.996723810065612,0.992328658626694,100
2,12,0.996632575622708,0.733548886213623,100
3,12,0.991179355300584,0.868591274320121,100
4,12,0.97620433771096,0.369818087615893,100
5,12,0.978819310195903,0.677796294047458,100
6,12,0.96491625418464,-0.710457468122424,100
1,13,0.99707883616631,0.988291434225968,100
2,13,0.996685051930001,0.812298669588885,100
3,13,0.991695131857299,0.837905965590236,100
4,13,0.975196953640512,0.76663851432176,100
5,13,0.982443980299598,0.786031392356261,100
6,13,0.964292975819031,0.513414213174993,100
1,14,0.997005883854402,0.995024051765824,100
2,14,0.996912590835571,0.82359706492582,100
3,14,0.991795840360398,0.956686161069153,100
4,14,0.974649034475324,0.904716895548774,100
5,14,0.982850996119022,0.313232092195747,100
6,14,0.965232777376975,0.765102226397456,100
1,15,0.99796536549237,0.945755666156707,100
2,15,0.996856188623913,0.527656479377399,100
3,15,0.992520922923924,0.698759875802668,100
4,15,0.974874589658434,0.803196193519666,100
5,15,0.981973839296934,0.791258370771839,100
6,15,0.968252506140504,0.179444909045729,100
