"canonical_direction","fold","train","test","seed"
1,1,0.965019485485107,0.977289135669979,0
4,1,0.964415806746806,0.383320487424406,0
3,1,0.933885335698429,0.572715436836331,0
2,1,0.934303923070963,0.595724624994179,0
5,1,0.942207501674659,-0.00561541376451271,0
1,2,0.968023406542956,0.851831392338538,0
4,2,0.964065977414908,0.451289968153725,0
3,2,0.939833649386215,0.482537184662745,0
2,2,0.928828505954164,0.74748941649343,0
5,2,0.952405826254169,0.375703349035927,0
1,3,0.969767880009147,0.865669175421331,0
4,3,0.965519228466299,0.813014784490094,0
3,3,0.941590060553118,0.76358258298068,0
2,3,0.941107825128152,0.563712230370282,0
5,3,0.945326357331369,0.590795847777279,0
1,4,0.967020214441646,0.917945199103718,0
4,4,0.963195075515998,0.576512399997077,0
3,4,0.941890089615635,0.511970050474153,0
2,4,0.928353993874826,0.8247734009372,0
5,4,0.950489529636619,0.748745538882445,0
1,5,0.967682239772692,0.781142902807994,0
4,5,0.965356781598439,0.361294364852844,0
3,5,0.938380283199705,0.871205705736015,0
2,5,0.937400422727942,0.604469921866635,0
5,5,0.941597807062103,0.331397515399011,0
1,6,0.971481987770451,0.488168782959154,0
4,6,0.959860480384607,0.748532283535581,0
3,6,0.942511771245839,0.563960246656522,0
2,6,0.939401715302368,0.552433452724446,0
5,6,0.945656340189035,0.135672633504978,0
1,7,0.969780790844411,0.73895321918479,0
4,7,0.961480037548822,0.35949354709156,0
3,7,0.945570444903575,0.696853720078685,0
2,7,0.937661083136677,0.58033243208526,0
5,7,0.948051964877439,0.712884982164728,0
1,8,0.968190771131107,0.843448566015364,0
4,8,0.966157465361353,0.552629785960116,0
3,8,0.935225805552471,0.635827314986003,0
2,8,0.938697295886699,0.545342941734677,0
5,8,0.947902554469104,0.145824047289845,0
1,9,0.967002110608843,0.833883223698768,0
4,9,0.96249153295345,0.826939398501595,0
3,9,0.938724454005053,0.775382317760425,0
2,9,0.932601632868701,0.47032840535326,0
5,9,0.945117147101884,0.658291093243024,0
1,10,0.96603089587057,0.968469330708744,0
4,10,0.96543518142265,0.453644891116523,0
3,10,0.937334068618164,0.40826556713924,0
2,10,0.932995533080293,0.831038666376517,0
5,10,0.943861209688399,0.739243727724983,0
1,11,0.965885692271399,0.92689854638834,0
4,11,0.965037393891877,0.498707721965793,0
3,11,0.941065066468745,0.805159326471915,0
2,11,0.936606362123123,0.739723733356818,0
5,11,0.939257776009347,0.143644954169212,0
1,12,0.966289730398753,0.906789786338092,0
4,12,0.962604515095923,0.733110710495043,0
3,12,0.941700356407114,0.749756337023364,0
2,12,0.936655963977083,0.693382456323796,0
5,12,0.940269213938353,0.502600586986043,0
1,13,0.96697493179662,0.945593308693728,0
4,13,0.963360676579005,0.658128325851715,0
3,13,0.940438658600144,0.212365694815741,0
2,13,0.938558164881136,0.210653752726974,0
5,13,0.952284370752677,0.580510255582584,0
1,14,0.966281578336843,0.892608690722141,0
4,14,0.965205220720796,0.69679589462838,0
3,14,0.94038231874782,0.670016939020159,0
2,14,0.94242171093123,0.680295015285119,0
5,14,0.932951845836979,0.701941274815216,0
1,15,0.9678609823928,0.846378845753822,0
4,15,0.963425891024901,0.734204569479973,0
3,15,0.942086210110365,0.473452409674827,0
2,15,0.932844341396892,0.688247084483099,0
5,15,0.945323039762624,0.66993576267311,0
1,1,0.967493963820306,0.86776777339492,1
2,1,0.961942270182367,0.783562408671072,1
3,1,0.944963971588088,0.705352465553246,1
5,1,0.928374216275147,0.597950910838436,1
4,1,0.943707258607815,0.64081941301736,1
1,2,0.967697135483564,0.910224081678247,1
2,2,0.964626082544529,0.398032589084852,1
3,2,0.939759034556675,0.474525040248968,1
5,2,0.94911363192275,0.543429781835453,1
4,2,0.927918618048698,0.776919417434468,1
1,3,0.968449470909418,0.948407501966883,1
2,3,0.965804308231715,0.830894711592068,1
3,3,0.943567849686278,0.373447682789623,1
5,3,0.93513711571986,0.0671057764100319,1
4,3,0.946219336497454,0.514141670258572,1
1,4,0.966755900375521,0.943279378814188,1
2,4,0.968786743498116,0.711311892532758,1
3,4,0.943027777011454,0.693810277618687,1
5,4,0.943685536513426,0.459760987916217,1
4,4,0.934622147785168,0.5619341467502,1
1,5,0.972123946724317,0.688178169484822,1
2,5,0.967127871651244,0.359877813982791,1
3,5,0.941038021160485,0.330407753507255,1
5,5,0.933836656044193,-0.0631627028429376,1
4,5,0.949149088802438,0.271833721434975,1
1,6,0.968853951450715,0.826152758934056,1
2,6,0.96531361481504,0.827481631875813,1
3,6,0.936275388214757,0.669348891871734,1
5,6,0.937878549405165,0.449461042398706,1
4,6,0.947431201274187,0.0858762739394595,1
1,7,0.966579911238701,0.954150061487176,1
2,7,0.963431337334414,0.771597334448119,1
3,7,0.946159811345402,0.472097271626253,1
5,7,0.942070334090048,0.566385067032405,1
4,7,0.932602730929386,0.568286928794533,1
1,8,0.966082455704906,0.944324819055548,1
2,8,0.966533047876372,0.500698984946767,1
3,8,0.939775643317336,0.885552462602475,1
5,8,0.940233160935287,0.836751442323814,1
4,8,0.932891190024306,0.419424034415924,1
1,9,0.96805698054106,0.788738290939212,1
2,9,0.968482481939199,0.814608611891315,1
3,9,0.940375004580212,0.615862847467867,1
5,9,0.932310939007699,0.505217485192597,1
4,9,0.943258613752616,0.69086335606335,1
1,10,0.967544060056809,0.889619099620565,1
2,10,0.9671334219411,0.824369314935404,1
3,10,0.941618587733285,0.444839041712277,1
5,10,0.929196019775075,0.569541632332001,1
4,10,0.942172267215129,0.344651962981707,1
1,11,0.96728271232198,0.848577995810631,1
2,11,0.967053181820826,0.823198773041885,1
3,11,0.938981528894024,0.110873287296155,1
5,11,0.932691221062494,0.555362693916909,1
4,11,0.939623949648234,0.744357644435868,1
1,12,0.967131293653887,0.946053353917427,1
2,12,0.967277492969301,0.672586974535018,1
3,12,0.93829782929346,0.776560791252726,1
5,12,0.942716425331311,0.724085915541654,1
4,12,0.933100971447112,0.346513793871897,1
1,13,0.966303422312167,0.950736047348393,1
2,13,0.966198316341369,0.629822461569417,1
3,13,0.94234973557344,0.664465878863,1
5,13,0.950962997971631,0.184186737179932,1
4,13,0.928537896288477,0.593191412265669,1
1,14,0.969508983936352,0.715045981319559,1
2,14,0.969391956033032,0.594836521216834,1
3,14,0.935970213734561,0.826318553822953,1
5,14,0.943219467983977,0.344442643592463,1
4,14,0.946842541855342,0.349405043910022,1
1,15,0.967045083199972,0.877291190884526,1
2,15,0.968691313065653,0.729427329149975,1
3,15,0.940107157488038,0.665623911427957,1
5,15,0.933972201406258,0.642849519559297,1
4,15,0.942093196915374,0.793961870043047,1
1,1,0.936394046838637,0.89939129857438,2
4,1,0.896232888629383,0.626594408166066,2
2,1,0.897066642809065,0.739185676260945,2
3,1,0.8817869726796,0.764451348330175,2
5,1,0.895511285857717,0.0927796438431793,2
1,2,0.932539377662881,0.957119698611593,2
4,2,0.925761308710534,0.754739727803888,2
2,2,0.869201687901886,0.704132324649585,2
3,2,0.890991178565281,0.827108395855511,2
5,2,0.898557337769776,0.275988875696758,2
1,3,0.93665764667912,0.850091684078294,2
4,3,0.924987864210198,0.624535840322865,2
2,3,0.868883534536503,0.513223087012215,2
3,3,0.88022956340896,0.800770051908349,2
5,3,0.901178236479674,0.802636844494201,2
1,4,0.943457505702547,0.612785223471041,2
4,4,0.919452397571802,0.583352416325306,2
2,4,0.86412814004236,0.853471269691573,2
3,4,0.886922156057032,0.793921127252298,2
5,4,0.898752578340748,0.686580472246797,2
1,5,0.931724432398081,0.96779985076133,2
4,5,0.92686186703929,0.33436942382376,2
2,5,0.865753630225258,0.670705069760173,2
3,5,0.888054391215444,0.443430648058844,2
5,5,0.905341250091739,0.382784703988974,2
1,6,0.936958854806791,0.850850290961492,2
4,6,0.929533811400815,0.533934590455767,2
2,6,0.878513078084035,0.64775626628833,2
3,6,0.883597490108489,0.671729605301545,2
5,6,0.899433447007223,0.202597524380946,2
1,7,0.93629783386847,0.872650476181788,2
4,7,0.892881940357111,0.556427546153318,2
2,7,0.898825567068544,0.705788922686208,2
3,7,0.883341650315394,0.55792000254969,2
5,7,0.891280585108459,0.333818607416675,2
1,8,0.934157981973437,0.900268872495008,2
4,8,0.923181362552323,0.619853363851274,2
2,8,0.869613675308433,0.627022451047062,2
3,8,0.885978425876594,0.266976369289122,2
5,8,0.905840428347756,0.413646732876012,2
1,9,0.936370552653312,0.889124962738739,2
4,9,0.912639774663072,0.336065755333058,2
2,9,0.885131821613884,0.503508430185905,2
3,9,0.893866267676802,0.532568919858892,2
5,9,0.897791972312313,0.388000800578011,2
1,10,0.934916465450059,0.903228263493898,2
4,10,0.927735420988179,0.791935348325823,2
2,10,0.873511058937687,0.630024246421863,2
3,10,0.883665156629098,0.705316154787982,2
5,10,0.89887937803481,0.701185813136232,2
1,11,0.932870823799883,0.939014307730143,2
4,11,0.909121844336096,0.623130677440076,2
2,11,0.884904317648936,0.177049350284376,2
3,11,0.877431476786497,0.584290935713223,2
5,11,0.898216169747041,0.212717452490422,2
1,12,0.936674509319136,0.829349254879044,2
4,12,0.920972902341149,0.580114853569774,2
2,12,0.869160897154997,0.763317932361722,2
3,12,0.881671303389822,0.288621762013361,2
5,12,0.900975986377466,0.786283467113363,2
1,13,0.935451376872721,0.87470773622779,2
4,13,0.890819565312144,0.439377635788537,2
2,13,0.897936544940709,0.86262833084093,2
3,13,0.886618288848042,0.365466804460531,2
5,13,0.897526655875216,0.0626625656484935,2
1,14,0.936869373823219,0.879557377522476,2
4,14,0.92414652562794,0.772233809390371,2
2,14,0.866016877955465,0.810242281109721,2
3,14,0.878612021961816,0.472549660254463,2
5,14,0.905000506341127,0.604749090078711,2
1,15,0.939811838854553,0.81568801750749,2
4,15,0.873632870087716,0.38090923866607,2
2,15,0.923431166231902,0.839905938789201,2
3,15,0.880470063134064,0.859901687121792,2
5,15,0.898914559668627,0.579649733374262,2
1,1,0.935052970981629,0.85859291242179,3
3,1,0.88906798444312,0.758303811274286,3
2,1,0.913827269059037,0.783721654698532,3
4,1,0.860195457953886,0.650910462844257,3
5,1,0.898000191354726,0.545547307501073,3
1,2,0.935490783562735,0.824180942739068,3
3,2,0.896906739528756,0.715421781272724,3
2,2,0.905171004246677,0.838264768409343,3
4,2,0.871341941088121,0.539718379963933,3
5,2,0.884173560339977,0.442081688498807,3
1,3,0.933766879590524,0.894267961520214,3
3,3,0.89093911551386,0.405499186172062,3
2,3,0.917553231511406,0.709825344053343,3
4,3,0.870121184686017,0.596602479911083,3
5,3,0.892110774322882,0.534965723798939,3
1,4,0.935182258899949,0.890781782922642,3
3,4,0.895482025101203,0.477402734190575,3
2,4,0.909159252681557,0.718091363657067,3
4,4,0.902905920557906,0.262031635075999,3
5,4,0.862655660219465,0.731143798776937,3
1,5,0.933907844005518,0.93441920884684,3
3,5,0.898971758661782,0.524268004971325,3
2,5,0.918469529382106,0.78676045841453,3
4,5,0.858823948848901,0.8461854164246,3
5,5,0.899855326926821,0.569964619160601,3
1,6,0.933937103375407,0.838577367992939,3
3,6,0.905391672686492,0.569492108089627,3
2,6,0.900087922876163,0.778826448336088,3
4,6,0.856536181405064,0.416216083847922,3
5,6,0.903673853410957,0.451180537748026,3
1,7,0.939218340163341,0.638490303797872,3
3,7,0.884563331999811,0.614378911402114,3
2,7,0.917435525177577,0.612823067551199,3
4,7,0.853784975265731,0.766845289176715,3
5,7,0.901982421599738,0.826722075487529,3
1,8,0.934658885344141,0.862596947817112,3
3,8,0.890248471738873,0.452487434828555,3
2,8,0.919754945086765,0.590027605031295,3
4,8,0.866566923025818,0.656833731246928,3
5,8,0.891112498551419,0.26787655408336,3
1,9,0.935763387763544,0.843882929541934,3
3,9,0.891357935359534,0.0903557318438672,3
2,9,0.920903136181553,0.758203588858334,3
4,9,0.870362631670253,0.785049767117967,3
5,9,0.883084629409861,0.582106093703191,3
1,10,0.932526872883926,0.926349289073111,3
3,10,0.896646735663519,0.727174823534934,3
2,10,0.910349822031819,0.789267227770867,3
4,10,0.848279433357184,0.275428999147053,3
5,10,0.901948975338015,0.591380894260476,3
1,11,0.93570176957349,0.860975900433796,3
3,11,0.896278087609255,0.69827016268803,3
2,11,0.901061043221157,0.614465093939612,3
4,11,0.862734651685477,0.738215248341696,3
5,11,0.895582581643189,0.273131500392827,3
1,12,0.935421904948653,0.854195775389199,3
3,12,0.927499444201541,0.638728899511529,3
2,12,0.87424934095577,0.866048491504504,3
4,12,0.869914857276548,0.421412380024247,3
5,12,0.898447125825321,0.467713050418755,3
1,13,0.934001757599647,0.893033444727089,3
3,13,0.889920569511881,0.194469840188042,3
2,13,0.911457344773193,0.690224677707586,3
4,13,0.873323211948656,0.00173828273355258,3
5,13,0.902798233986023,0.702349242918001,3
1,14,0.934144186488519,0.879106061545567,3
3,14,0.885795536949336,0.510681992690366,3
2,14,0.917317285559943,0.152322098169534,3
4,14,0.865950608011227,0.210155804900798,3
5,14,0.905955644226506,0.291826665875155,3
1,15,0.934754214151815,0.856718232789179,3
3,15,0.904549754354438,0.643267725479234,3
2,15,0.891629120294902,0.438126926838983,3
4,15,0.865594546361101,0.501562670740522,3
5,15,0.901156396524586,-0.0133539138015994,3
1,1,0.936471109098204,0.851539819069837,4
5,1,0.884702326246066,0.170983477448216,4
2,1,0.918629140640485,0.868238792033839,4
3,1,0.873094676946714,0.140548780769141,4
4,1,0.901085739699018,0.394991819149248,4
1,2,0.941548367507284,0.709516520491799,4
5,2,0.884559742750994,0.395875566783052,4
2,2,0.921127385502485,0.73392472061394,4
3,2,0.879872532239976,0.70504573898085,4
4,2,0.897603351691828,0.540880098892727,4
1,3,0.937381231086871,0.857503044155035,4
5,3,0.883833149498771,0.711428125217616,4
2,3,0.905455961277244,0.752897543356095,4
3,3,0.871691937566037,0.61298261682192,4
4,3,0.901493468000159,0.684478435821101,4
1,4,0.934345818183339,0.942884438962114,4
5,4,0.877227055389038,0.373817017164255,4
2,4,0.919173215984531,0.844033504948514,4
3,4,0.887191106703193,0.884428150529773,4
4,4,0.895552230520884,0.243468244638642,4
1,5,0.934911155875185,0.941001608833877,4
5,5,0.880059273389138,-0.244880254982802,4
2,5,0.91599125609266,0.759927279152213,4
3,5,0.881273554926582,0.745821010783491,4
4,5,0.900420320197599,0.661408594533408,4
1,6,0.938766420058237,0.854109585390233,4
5,6,0.879086470997732,0.563176659780329,4
2,6,0.924500388884189,0.167330011401751,4
3,6,0.879132642092233,0.485620532116924,4
4,6,0.903413088299537,0.433207792375773,4
1,7,0.936564728219103,0.912469402898888,4
5,7,0.894566834692833,0.700596557969515,4
2,7,0.897782931551023,0.5663199048837,4
3,7,0.878642920999274,0.437808647720904,4
4,7,0.909596201036767,0.568246897750391,4
1,8,0.937670326088217,0.817124951404354,4
5,8,0.884120794966494,0.670831898110595,4
2,8,0.910195592679038,0.666218065805214,4
3,8,0.869649300028584,0.637258848759539,4
4,8,0.893193619558743,0.545880033554997,4
1,9,0.933985195389179,0.967247659193494,4
5,9,0.875652714095847,0.520122003088361,4
2,9,0.923585499556549,0.819039389681286,4
3,9,0.877258473649377,0.706610838013485,4
4,9,0.899834923064814,0.539601332209278,4
1,10,0.937912524567698,0.881042008795668,4
5,10,0.880112827305812,0.723366959407018,4
2,10,0.917849367427097,0.8234735470177,4
3,10,0.895808852407172,-0.0329742477702202,4
4,10,0.885486720340799,0.542795345913513,4
1,11,0.940805559202355,0.791688273397527,4
5,11,0.883678672333385,0.0106068584765328,4
2,11,0.919780261401949,0.420956336814754,4
3,11,0.896632100994645,0.15962009515536,4
4,11,0.9001311222701,0.515869634847564,4
1,12,0.940724584863364,0.778068913897537,4
5,12,0.896073879369118,0.820753759232889,4
2,12,0.896429847462797,0.839957093118951,4
3,12,0.881419207502072,0.62808116437824,4
4,12,0.898112999520186,-0.0781275921471346,4
1,13,0.937793958083384,0.887500621870038,4
5,13,0.882319094089386,0.37796506564324,4
2,13,0.920185833215072,0.764991321690985,4
3,13,0.879185814700913,0.839228114826392,4
4,13,0.89664259988778,0.417466126550314,4
1,14,0.938633245399616,0.866679687658875,4
5,14,0.878145569092352,0.670741889805678,4
2,14,0.919691574134447,0.788485309352527,4
3,14,0.878122736627394,0.773525462210191,4
4,14,0.898989983017047,0.56984242146778,4
1,15,0.936657236537909,0.905449375318747,4
5,15,0.9145849805238,-0.154402279029965,4
2,15,0.879086970104475,0.877646286332582,4
3,15,0.874681178010848,0.507658305589074,4
4,15,0.897926489316555,0.626707639637635,4
1,1,0.969019973140712,0.867397949072207,5
4,1,0.964698795081613,0.322196059219422,5
3,1,0.942748614817298,0.678814290394795,5
5,1,0.951854335752555,0.513698943419896,5
2,1,0.933437930569199,0.480777841022762,5
1,2,0.969406635782422,0.853002090962391,5
4,2,0.967526562259289,0.56563003136571,5
3,2,0.943660729072792,0.55820934253547,5
5,2,0.942711378422522,0.22289601228365,5
2,2,0.950343252020506,0.470195963786966,5
1,3,0.969091204114383,0.821145295085193,5
4,3,0.966554633958011,0.659314175285976,5
3,3,0.940039192009574,0.474512084976261,5
5,3,0.944472879093691,0.560766024935664,5
2,3,0.932826504064215,0.464957113742789,5
1,4,0.967461831004129,0.906650372428536,5
4,4,0.966492484438617,0.5143286053338,5
3,4,0.945066120834217,0.371795815275543,5
5,4,0.951775182100224,0.590529272977924,5
2,4,0.924269796655875,0.54424061061359,5
1,5,0.969263283755987,0.868025536801143,5
4,5,0.96530844755807,0.212949733755764,5
3,5,0.942520234116943,0.201602255970716,5
5,5,0.93699962025325,0.432942058695889,5
2,5,0.948943870593027,0.726581318027144,5
1,6,0.968247453232967,0.892871198977073,5
4,6,0.966831406221668,0.478132302231807,5
3,6,0.941445663185571,0.546173664442954,5
5,6,0.953756728578569,0.589809084469421,5
2,6,0.924400547130376,0.692935897584122,5
1,7,0.968531005550715,0.815042236486261,5
4,7,0.963281975331708,0.86070601828183,5
3,7,0.943658668967909,0.77999439698259,5
5,7,0.927894505230216,0.3836236026758,5
2,7,0.946855873715801,0.802039774463047,5
1,8,0.968852008195602,0.871647627633629,5
4,8,0.965359137684222,0.712959904521695,5
3,8,0.942829008691324,0.628232885785514,5
5,8,0.956520775721622,0.309217672735936,5
2,8,0.926681090113188,0.8500901473592,5
1,9,0.967872665483494,0.942073469880471,5
4,9,0.962416133756367,0.258934584028099,5
3,9,0.947418630600561,0.711362294785988,5
5,9,0.954853283588753,0.593873324371951,5
2,9,0.92466509732771,0.555662042952158,5
1,10,0.9675672724781,0.926158368622958,5
4,10,0.965215193963108,0.832712837959247,5
3,10,0.945996726052783,0.729767297169204,5
5,10,0.951151130303776,0.427206880720946,5
2,10,0.92457438138925,0.714971577138412,5
1,11,0.968976272672407,0.845390955158503,5
4,11,0.966314860795239,0.882369380569962,5
3,11,0.942353206984111,0.572084913119209,5
5,11,0.937841058750216,0.595033309228084,5
2,11,0.949778427606761,0.387542418769492,5
1,12,0.967547490730803,0.92532204296176,5
4,12,0.965188285958354,0.634077704142514,5
3,12,0.942259931472645,0.845032245337158,5
5,12,0.952477041553047,0.401339442818671,5
2,12,0.927284334399976,0.514583759100991,5
1,13,0.966756619262815,0.874174246560325,5
4,13,0.966211671738543,0.333909944791088,5
3,13,0.941229252031827,0.821078496620519,5
5,13,0.955692331169953,0.376284862703179,5
2,13,0.924236364820888,0.45828935387053,5
1,14,0.970946677137976,0.412471691923791,5
4,14,0.96753144004957,0.774862152157341,5
3,14,0.944650793935594,0.666378529417033,5
5,14,0.949517671052682,0.714082703756251,5
2,14,0.927772928686385,0.706180672438927,5
1,15,0.967654402187351,0.902078531102883,5
4,15,0.964606749533498,0.813087930891442,5
3,15,0.945331926385994,0.432504156760181,5
5,15,0.951745133374802,0.496256067129689,5
2,15,0.925282807102168,0.713096219264601,5
1,1,0.936691248807208,0.873849678430673,6
5,1,0.882305040302995,0.195819623275522,6
2,1,0.916028597508181,0.663679650746982,6
3,1,0.875405708065227,0.15861930654616,6
4,1,0.897995689397913,0.42955824230505,6
1,2,0.937464468199948,0.810756629772424,6
5,2,0.878036941626318,0.743824618114518,6
2,2,0.916790983368517,0.287763823922768,6
3,2,0.874717342758983,0.847704766050135,6
4,2,0.899113280530807,0.703374912527087,6
1,3,0.93150772260939,0.893051466193757,6
5,3,0.880867706405813,0.776490911948582,6
2,3,0.921243539483544,0.580453122996315,6
3,3,0.872779366970377,0.563733715916813,6
4,3,0.903383042413586,0.521343027112328,6
1,4,0.941501546114474,0.489040336332066,6
5,4,0.887167434954748,0.605863224857257,6
2,4,0.918362013910343,0.73701815567294,6
3,4,0.875406100225316,0.187246052084657,6
4,4,0.902645605098636,0.0524478972724029,6
1,5,0.934022203402487,0.881338654484566,6
5,5,0.88555001638757,0.468178759887857,6
2,5,0.92385940755279,0.718548049262049,6
3,5,0.874773683112262,0.617643226210582,6
4,5,0.895929257510171,0.818365812703989,6
1,6,0.936257500975342,0.881051747884706,6
5,6,0.882878613381776,-0.0616261559307537,6
2,6,0.92252793494504,0.562268051727525,6
3,6,0.879075641029198,0.354293452026126,6
4,6,0.903967517656649,0.561756312815604,6
1,7,0.933858585451813,0.8190728457079,6
5,7,0.883731080917692,0.627614730482485,6
2,7,0.922018986686285,0.64936438462702,6
3,7,0.869554770973567,0.825913504912781,6
4,7,0.906804814029011,0.530791983571058,6
1,8,0.933292263666738,0.85335287254436,6
5,8,0.879100329600204,0.661769665924279,6
2,8,0.921463013477343,0.583608794272461,6
3,8,0.87195803079106,0.608116710453116,6
4,8,0.901063127148717,0.576896426133546,6
1,9,0.936188211077369,0.855348289078402,6
5,9,0.885357471193947,0.317666646616716,6
2,9,0.922568882044653,0.760494256247472,6
3,9,0.89313777194492,0.255912168393751,6
4,9,0.900774349678701,0.625695841794286,6
1,10,0.933412096165985,0.852608110019621,6
5,10,0.916782198424599,0.529482329613508,6
2,10,0.878573294066153,0.796973940373507,6
3,10,0.882639682838722,0.371577591127481,6
4,10,0.912383688038931,0.393702111360233,6
1,11,0.935902754286092,0.827863738442462,6
5,11,0.882227923877385,0.645121288712977,6
2,11,0.923683842100383,0.765680745886827,6
3,11,0.873265414047994,0.721000490842682,6
4,11,0.899162788362765,0.812630012192964,6
1,12,0.930769316412502,0.957650602492968,6
5,12,0.917785962410009,0.416522955041194,6
2,12,0.877921072890797,0.747724520778131,6
3,12,0.875849464521562,0.71904551664156,6
4,12,0.901061075010984,0.685091574688989,6
1,13,0.93158307964282,0.93298446937164,6
5,13,0.883041076043701,0.281342698103567,6
2,13,0.91659492441781,0.768537658902571,6
3,13,0.873159499950711,0.648847442486512,6
4,13,0.899006541267732,0.464520835063843,6
1,14,0.93135884550664,0.932404281576541,6
5,14,0.880001585207174,0.32189298507889,6
2,14,0.913670664025468,0.776042406567271,6
3,14,0.870523156222152,0.645396799767102,6
4,14,0.905696121055943,0.388228200981654,6
1,15,0.935568657548362,0.924077223014031,6
5,15,0.906472035958483,0.643627107404643,6
2,15,0.893485029790734,0.816446649117522,6
3,15,0.873740563872351,0.607648063507413,6
4,15,0.901832992182977,0.216744087791443,6
1,1,0.939833325021272,0.810392967025702,7
4,1,0.925953518523052,0.176587471991175,7
2,1,0.886087838466382,0.558637403640982,7
3,1,0.883479117069924,0.539895029368368,7
5,1,0.905669412407262,0.413028077525859,7
1,2,0.937365626555968,0.896290152003074,7
4,2,0.923213341524865,0.561289570419179,7
2,2,0.880474346799748,0.552279970034612,7
3,2,0.895570265754059,0.59755816490698,7
5,2,0.897264864585974,0.682466894881533,7
1,3,0.93577995148926,0.919579940770431,7
4,3,0.920371901496586,0.774012692540905,7
2,3,0.885287365160053,0.478784534973386,7
3,3,0.875615139911463,0.585254300783733,7
5,3,0.898623637879281,0.530175429520457,7
1,4,0.936555973334334,0.906620952739233,7
4,4,0.924689862844543,0.42553724449421,7
2,4,0.879518671074109,0.844882419614797,7
3,4,0.875740969774072,0.337784608305824,7
5,4,0.909304952499697,0.397705764506339,7
1,5,0.93765624563994,0.899693206816047,7
4,5,0.921190990176674,0.609547235759762,7
2,5,0.884412007879068,0.48878912470584,7
3,5,0.883561086414179,0.599589224990836,7
5,5,0.889021991375711,0.389343998068443,7
1,6,0.936719635204212,0.862116553829345,7
4,6,0.928788106271731,0.589950581126497,7
2,6,0.879945803411193,0.808446403596335,7
3,6,0.868978447581738,0.435867356970941,7
5,6,0.913584623204777,0.558598790140959,7
1,7,0.935928998341431,0.915308942290928,7
4,7,0.891405783760634,0.480457909425652,7
2,7,0.920654901156681,0.833193625444093,7
3,7,0.87453014177052,0.63585413096931,7
5,7,0.897519690321079,0.503058210730149,7
1,8,0.937706754828178,0.882978829934781,7
4,8,0.888468988942343,0.801420175921559,7
2,8,0.912710199518575,0.904417665649762,7
3,8,0.874995597221107,0.661121316249713,7
5,8,0.893704279328844,0.621841178816698,7
1,9,0.936959320786472,0.843232787877241,7
4,9,0.91408340926721,0.671091273803228,7
2,9,0.900278670963488,0.72618401876925,7
3,9,0.869585453721666,0.577602737070853,7
5,9,0.899538922517153,0.516081564914464,7
1,10,0.934218121140133,0.951651657766697,7
4,10,0.911529316710454,0.0447045936868813,7
2,10,0.899608870983146,0.802387260255075,7
3,10,0.877032122729256,0.858921520001029,7
5,10,0.895650849598482,0.710378722844391,7
1,11,0.937510104562546,0.93491695174765,7
4,11,0.91026968604952,0.833965979855362,7
2,11,0.894049243308216,0.810447523283065,7
3,11,0.873031454544759,0.612986685723078,7
5,11,0.905146848092611,0.543512110143524,7
1,12,0.939622854076806,0.740740841384275,7
4,12,0.896536642607289,0.616163131154948,7
2,12,0.909095583981677,0.834023852402631,7
3,12,0.877895296342708,0.849171731855943,7
5,12,0.891073367724789,0.748796074529002,7
1,13,0.934409515720087,0.933341412424594,7
4,13,0.913255170525755,0.18707476912854,7
2,13,0.895740030953592,0.724115654190412,7
3,13,0.871954527688814,0.718072526843205,7
5,13,0.895427037888534,0.298979806541206,7
1,14,0.937553044638322,0.885611917915928,7
4,14,0.908255352183763,0.560409320555124,7
2,14,0.90383355666114,0.545200410858323,7
3,14,0.879708823866995,0.748310724455091,7
5,14,0.886544177601786,0.650084619422247,7
1,15,0.944179324543699,0.743857553683645,7
4,15,0.913938858986792,0.566602412297304,7
2,15,0.887598884115106,0.370368217501437,7
3,15,0.873926905099508,0.533855478153401,7
5,15,0.901752924339757,-0.289971206840154,7
1,1,0.935461738527651,0.972848781695481,8
4,1,0.927475513329119,0.410159626084649,8
2,1,0.87846771762508,0.642066436975935,8
5,1,0.874844498695336,0.57028584388664,8
3,1,0.900590997074929,0.681730836185385,8
1,2,0.936157058965607,0.907223754134276,8
4,2,0.925017822041354,0.650298429403116,8
2,2,0.877553323438482,0.837515316927963,8
5,2,0.87050353157373,0.289572251673082,8
3,2,0.905596548584604,0.538049469414788,8
1,3,0.936781552538932,0.907492501253191,8
4,3,0.921017968910647,0.480983234296573,8
2,3,0.885226085362813,0.55748180209431,8
5,3,0.87623604616216,0.412707625292401,8
3,3,0.907521414388692,0.578605128484325,8
1,4,0.937563233292812,0.876121949776713,8
4,4,0.926102399777825,0.748818130144771,8
2,4,0.872844193245886,0.791290942983518,8
5,4,0.873326297789907,0.355911246881811,8
3,4,0.908435855183465,0.628683087634212,8
1,5,0.942016874899785,0.716906464478061,8
4,5,0.922001698772254,0.737125074717825,8
2,5,0.882940515175321,0.567894794004794,8
5,5,0.872365249186597,0.602301471775417,8
3,5,0.90945998006941,0.700712685406027,8
1,6,0.938102486763163,0.877158146921756,8
4,6,0.926249973854015,0.458235978381074,8
2,6,0.875600543546955,0.553170523051398,8
5,6,0.884697981740083,0.149517589815505,8
3,6,0.907704240576553,0.534590098868355,8
1,7,0.938598689578386,0.796418702493627,8
4,7,0.913173248852281,0.548963418471754,8
2,7,0.894795377257606,0.744885866989108,8
5,7,0.877459021402798,0.738410231016679,8
3,7,0.904010042393708,0.495087098828906,8
1,8,0.935256549730103,0.91037010376408,8
4,8,0.918922592646925,0.652658885904816,8
2,8,0.881678370605283,0.635662005634721,8
5,8,0.875681988467567,0.440551461697912,8
3,8,0.911037742863574,0.484875855041706,8
1,9,0.938297221669747,0.793252316187378,8
4,9,0.893630917709666,0.762067792214508,8
2,9,0.90669754962585,0.788517757293558,8
5,9,0.87642718436821,0.026959382963519,8
3,9,0.904518872190489,0.674037311865222,8
1,10,0.939401008130942,0.736026279764091,8
4,10,0.895083652899412,0.272076793337312,8
2,10,0.920265942287292,0.799079005481321,8
5,10,0.875110177156516,0.536888759967111,8
3,10,0.905035297895016,0.422739381537688,8
1,11,0.939216748751145,0.873606647700743,8
4,11,0.925881969217212,0.599886692264268,8
2,11,0.884460706318565,0.551368525660071,8
5,11,0.882022939175929,0.443387186712261,8
3,11,0.900979776778598,0.748347667652195,8
1,12,0.935068139103638,0.97835241474311,8
4,12,0.928642046269366,0.328994739087884,8
2,12,0.8782121859863,0.779472101125045,8
5,12,0.869024543253916,0.551265061697084,8
3,12,0.91113428419264,0.680844009738587,8
1,13,0.934190569692549,0.965498666984136,8
4,13,0.910553379420797,0.7740827216535,8
2,13,0.888322247769954,0.664611622992912,8
5,13,0.870219030951528,0.766602582880342,8
3,13,0.911408420604833,0.754968021873382,8
1,14,0.9362226002576,0.859405889564994,8
4,14,0.910915833611233,0.715745183566712,8
2,14,0.891931601052977,0.617209251213837,8
5,14,0.879074912869185,0.577483821788893,8
3,14,0.897009074103255,0.613535677305881,8
1,15,0.940348591856512,0.754867048043432,8
4,15,0.904204293728419,0.603495438894697,8
2,15,0.893405032432195,0.672783012352592,8
5,15,0.905764278563005,0.561360525681413,8
3,15,0.883073757633428,0.738135457958231,8
1,1,0.935836998954577,0.908911929365972,9
3,1,0.924486101997949,0.568640543315252,9
2,1,0.890637696934075,0.453082343657658,9
4,1,0.8882501383152,0.669702843215306,9
5,1,0.888615861302047,0.642072324528926,9
1,2,0.936882350764058,0.877973950273994,9
3,2,0.914315129276294,0.53410502144441,9
2,2,0.891362490738415,0.75404838244536,9
4,2,0.890977438187248,0.877893151275569,9
5,2,0.885232485725509,0.666777950429499,9
1,3,0.938201661517072,0.879457875013624,9
3,3,0.912042148262155,0.580518533294643,9
2,3,0.891454638387351,0.691437647021905,9
4,3,0.903052116390348,0.685991645397076,9
5,3,0.885029634448083,0.720012308987094,9
1,4,0.939208071177515,0.82715627482462,9
3,4,0.934426093036618,0.358639366670849,9
2,4,0.873497494675642,0.258437628274719,9
4,4,0.882320354576795,0.807001977407067,9
5,4,0.903951269087287,0.393914775738359,9
1,5,0.937955397897908,0.798888940027468,9
3,5,0.934940834599987,0.677550507797104,9
2,5,0.876035069654066,0.536099241131338,9
4,5,0.89674666998406,0.266991518888997,9
5,5,0.896179583426193,0.535680001424085,9
1,6,0.938181448202535,0.849988854198409,9
3,6,0.932492747742478,0.356027614457643,9
2,6,0.877071980485137,0.936872107632731,9
4,6,0.895976295502266,0.263945754791971,9
5,6,0.897999759718187,0.335341170677123,9
1,7,0.932595047075156,0.966667393685598,9
3,7,0.930646949883697,0.482974005934685,9
2,7,0.881165578163772,0.72716835978621,9
4,7,0.90192086770466,0.79496253846974,9
5,7,0.882368388499512,0.775805300130703,9
1,8,0.936210012680664,0.894664791964114,9
3,8,0.92354643132423,0.742529463164574,9
2,8,0.884557385946773,0.875357587146464,9
4,8,0.891147955332419,0.232186888114598,9
5,8,0.894708190655935,0.167865578356627,9
1,9,0.936476166887138,0.864088005769579,9
3,9,0.935008549724975,0.757568959023291,9
2,9,0.87587121667876,0.786297285581505,9
4,9,0.882882529274037,0.762671110680541,9
5,9,0.890715791804553,0.320080207647214,9
1,10,0.944627789233497,0.705362143050054,9
3,10,0.924848737117587,0.686113876993479,9
2,10,0.877844122534446,0.580533860837309,9
4,10,0.891664322034382,0.110011204510461,9
5,10,0.89303197140878,0.366014471283617,9
1,11,0.936021338103927,0.866576946032771,9
3,11,0.933703177107738,0.817009753152708,9
2,11,0.875907158778533,0.556166001478622,9
4,11,0.883761128870216,0.886140941240608,9
5,11,0.899620340084059,0.628728184764785,9
1,12,0.937100586046538,0.883166943616691,9
3,12,0.931624993131156,0.698424186849907,9
2,12,0.874684536876322,0.793002177954036,9
4,12,0.886376877014602,0.716334722500086,9
5,12,0.889517691356972,0.444966539843912,9
1,13,0.934130435165285,0.922137938267119,9
3,13,0.931258777585781,0.588599174314182,9
2,13,0.873430229018147,0.491129293447722,9
4,13,0.888036067700754,0.544206407827226,9
5,13,0.892132948221874,0.189727314254499,9
1,14,0.937080336377117,0.850597071024377,9
3,14,0.91803878740128,0.645399332867519,9
2,14,0.892497306017612,0.684311767657084,9
4,14,0.892087220391802,0.348561904034299,9
5,14,0.89578623016003,0.236699386615031,9
1,15,0.936226898883131,0.917852070231583,9
3,15,0.919894931982041,0.6107999976913,9
2,15,0.88889857252994,0.435136354642333,9
4,15,0.895056939886886,0.754463137966293,9
5,15,0.881432021534182,0.61734094360438,9
1,1,0.968883247745795,0.905984440228143,10
3,1,0.962077054220777,0.660760671356353,10
4,1,0.947213972469218,0.42998632393611,10
5,1,0.941000259544701,0.279992773585568,10
2,1,0.943386483815946,0.700581479057362,10
1,2,0.969717698820639,0.86299114269072,10
3,2,0.960297660924392,0.701147345090035,10
4,2,0.95033276129633,0.773762652034004,10
5,2,0.954600133130344,0.586195331503256,10
2,2,0.929807463692869,0.636149945081036,10
1,3,0.97128819015664,0.576709293526806,10
3,3,0.96307149808642,0.528102841128363,10
4,3,0.944142101525955,0.60909811325348,10
5,3,0.957447344551434,0.488632931246104,10
2,3,0.923483327856382,0.766747060381195,10
1,4,0.968314289493995,0.917854328665804,10
3,4,0.958937887343179,0.274514140843697,10
4,4,0.950856688382569,0.810248544845326,10
5,4,0.957848449878862,0.619688948066669,10
2,4,0.924833037288077,0.620790429971481,10
1,5,0.968135894696041,0.917311823021966,10
3,5,0.967438621185284,0.767091771666867,10
4,5,0.946327657174606,0.814396188614074,10
5,5,0.955387875213044,0.761061438664428,10
2,5,0.927917027682445,0.872191751811439,10
1,6,0.97149720562393,0.831137617343401,10
3,6,0.965011291144555,0.595729532678885,10
4,6,0.946131731083566,0.44555032185162,10
5,6,0.951363821795093,0.529633814258461,10
2,6,0.932954609910742,0.684052544028213,10
1,7,0.968376608617311,0.912678483495475,10
3,7,0.963039952872814,0.573301008308003,10
4,7,0.944091724785305,0.595183912117732,10
5,7,0.927882917885546,0.676437570016464,10
2,7,0.951435604468944,0.813639916207179,10
1,8,0.970270942871209,0.834203624958991,10
3,8,0.96339655451051,0.620788838305356,10
4,8,0.94622291171166,0.848184691141506,10
5,8,0.943146427033013,0.641925501228935,10
2,8,0.938331255851773,0.690565933729293,10
1,9,0.969202680015553,0.86582395978457,10
3,9,0.9587265916258,0.485293623243818,10
4,9,0.948004437037771,0.703838925256114,10
5,9,0.953872819855224,0.482926013910138,10
2,9,0.930566593474474,0.875623215033202,10
1,10,0.968887682501242,0.907969075847851,10
3,10,0.961994810145247,0.509795376936682,10
4,10,0.943783933051922,-0.375738147857164,10
5,10,0.951500383134177,-0.342011010722803,10
2,10,0.929167744546784,0.783849167741044,10
1,11,0.968906779832991,0.915043770305731,10
3,11,0.964508357886873,0.711526564231934,10
4,11,0.946551892395536,0.819323433210623,10
5,11,0.95501876337688,0.189616708632574,10
2,11,0.92930477774126,0.699296642095139,10
1,12,0.967774654031337,0.923679546719602,10
3,12,0.960466880384216,0.656484220850581,10
4,12,0.95088784526447,0.611755606625406,10
5,12,0.954188779017482,0.45191229916041,10
2,12,0.929615036140412,0.449381053038704,10
1,13,0.968417510262236,0.901355260688898,10
3,13,0.95719227300802,0.479035451066613,10
4,13,0.950683238139968,0.719374411932118,10
5,13,0.944905984506296,0.527110490861328,10
2,13,0.937013839380008,0.750645994245859,10
1,14,0.96883622850265,0.891530150824877,10
3,14,0.96317201073047,0.743490045097806,10
4,14,0.942177583203889,0.416643895106535,10
5,14,0.940891655955334,0.451479890090857,10
2,14,0.948890504265888,0.671516774233135,10
1,15,0.97070847707728,0.798555424209488,10
3,15,0.954479051300775,0.755268101558615,10
4,15,0.951627453171698,0.825929018908041,10
5,15,0.937877433887104,0.335383444415492,10
2,15,0.948316227474457,0.324084629785012,10
1,1,0.968525708882598,0.863891980562644,11
4,1,0.965438523322857,0.669911737908312,11
2,1,0.944907358592761,0.586259012486067,11
5,1,0.955113625753017,0.389115064360734,11
3,1,0.931650973759725,0.580002480287913,11
1,2,0.968130086145685,0.86166304450312,11
4,2,0.962475527662974,0.669106429886334,11
2,2,0.944493974045872,0.3349200417324,11
5,2,0.957417429665282,0.757443796904722,11
3,2,0.92522620240892,0.740427023985336,11
1,3,0.967562505462348,0.911425234085479,11
4,3,0.958502154756841,0.779817802749629,11
2,3,0.949863691388002,0.713426466552131,11
5,3,0.956115838308773,0.917178497043926,11
3,3,0.925557236979561,0.546452880269699,11
1,4,0.967117442032042,0.907953318101737,11
4,4,0.959436324450818,0.179953786367021,11
2,4,0.947454760943996,0.608563292524187,11
5,4,0.949133270004893,0.321095133511405,11
3,4,0.931503734295378,0.670438129874536,11
1,5,0.968109378994403,0.813201543626949,11
4,5,0.963730459592859,0.711984382027328,11
2,5,0.945042652749544,0.694130517993447,11
5,5,0.955194781753084,0.779793805405255,11
3,5,0.927812621791016,0.691203387971406,11
1,6,0.966817243190829,0.947206939106147,11
4,6,0.957842772324816,0.433380662723947,11
2,6,0.94379404783058,0.724134173135289,11
5,6,0.957730229005134,0.610621139134423,11
3,6,0.92645600865542,0.707255522525327,11
1,7,0.967911332376095,0.862884271167264,11
4,7,0.964122538778029,0.678057688825986,11
2,7,0.942624564855796,0.9189424575572,11
5,7,0.95994895166125,0.0320426585278234,11
3,7,0.924704014779627,0.665683743146288,11
1,8,0.96930609450166,0.838691745502094,11
4,8,0.964051777241385,0.692105281052716,11
2,8,0.946606892597578,0.325255745010813,11
5,8,0.938681178060141,0.0790136321350116,11
3,8,0.947321587110955,0.374279638131948,11
1,9,0.96943954165981,0.83186741381056,11
4,9,0.962285439838816,0.691858963368529,11
2,9,0.947297559287801,0.785419944008129,11
5,9,0.957029975554013,0.615504722663337,11
3,9,0.929191067099849,0.787500796777912,11
1,10,0.967574566385854,0.815627792411563,11
4,10,0.960677412504914,0.777152115388314,11
2,10,0.945520238335687,0.513986884484054,11
5,10,0.947477802409333,0.355222691858705,11
3,10,0.946057457436512,0.516310348184918,11
1,11,0.968035226099868,0.919276678207171,11
4,11,0.95615358369896,0.671187181611116,11
2,11,0.947208680715806,0.819713555171238,11
5,11,0.958070005367763,0.488189292161301,11
3,11,0.927538349210448,0.628796804005943,11
1,12,0.968045212359793,0.899912570291518,11
4,12,0.956606664875986,0.326511849741955,11
2,12,0.948196677460179,0.833904757883774,11
5,12,0.944921912781659,0.342378396146225,11
3,12,0.937650062519203,0.641668384828861,11
1,13,0.968285202683093,0.7723118640495,11
4,13,0.964505768440115,0.707870976269381,11
2,13,0.943624896990434,0.460878836295252,11
5,13,0.958246699684036,0.116838330794495,11
3,13,0.923271368260861,0.676424473396218,11
1,14,0.968854363945746,0.774976706367693,11
4,14,0.96105015629024,0.646506936700399,11
2,14,0.946139972291549,0.748114437014788,11
5,14,0.957898149141787,0.318677502884099,11
3,14,0.928293006397138,0.588184317803219,11
1,15,0.966549696223351,0.957632365763165,11
4,15,0.958572843041588,0.792376703495111,11
2,15,0.943963443087477,0.750206122304455,11
5,15,0.958449221957673,0.742990417300772,11
3,15,0.925747829966606,0.850452000033671,11
1,1,0.966489187113174,0.868350686104037,12
3,1,0.958954598229458,0.651901621641775,12
2,1,0.93725057845444,0.736347963612192,12
5,1,0.956714391809493,0.421831622078923,12
4,1,0.92620078590349,0.6415008996465,12
1,2,0.966791414599812,0.834661774215547,12
3,2,0.960029279398197,0.600261532979342,12
2,2,0.936932699158462,0.852265520647138,12
5,2,0.936124809445344,0.297538054346967,12
4,2,0.953963803409891,0.483149856272684,12
1,3,0.966438016493194,0.8271137669293,12
3,3,0.960316984806994,0.732378198984416,12
2,3,0.937056390809542,0.69641036277424,12
5,3,0.934422141467098,0.519417946088217,12
4,3,0.950845306696167,0.309639043863819,12
1,4,0.965965138749352,0.843013543887895,12
3,4,0.957697382238448,0.484620646691671,12
2,4,0.942056925396661,0.62263848969006,12
5,4,0.943524105817498,0.689218136605701,12
4,4,0.944701817733883,0.116830870882031,12
1,5,0.964398856509117,0.953188193272564,12
3,5,0.961879259729127,0.716020720572703,12
2,5,0.941639936625817,0.30788980554942,12
5,5,0.949256932602535,0.661380321281899,12
4,5,0.933753695849349,0.345751125082648,12
1,6,0.966513419540836,0.879853272005574,12
3,6,0.957437571414827,0.634228915285292,12
2,6,0.945317558258068,0.712178009775944,12
5,6,0.946856734918444,0.41547677290147,12
4,6,0.937566534149615,0.748891764578096,12
1,7,0.968494875911372,0.797350840839278,12
3,7,0.961517330389475,0.744473058555588,12
2,7,0.937978043561371,0.531493917909093,12
5,7,0.933195521044812,0.680045599032393,12
4,7,0.946720652597854,0.390177592739605,12
1,8,0.967467347667777,0.789614300204316,12
3,8,0.960406403816711,0.198314028651855,12
2,8,0.943342681910354,0.619946279628761,12
5,8,0.933847251635843,0.472947062853716,12
4,8,0.954373713578876,0.713098962176606,12
1,9,0.969948412910103,0.673589695236458,12
3,9,0.958433534014012,0.698264413437978,12
2,9,0.941667703540225,0.856988466887811,12
5,9,0.94604629394425,0.453997428575763,12
4,9,0.941565307080258,0.538548584140537,12
1,10,0.965431677907609,0.929515646988707,12
3,10,0.956076473444919,0.346363541255157,12
2,10,0.94370236670153,0.750017984242779,12
5,10,0.947294221843315,0.188887695032054,12
4,10,0.937814340082196,0.62047451745054,12
1,11,0.966052499744016,0.936958753931828,12
3,11,0.961694480615233,0.468513356292344,12
2,11,0.935688410926856,0.571585380017815,12
5,11,0.950702471461575,0.86222091521137,12
4,11,0.939752944079919,0.69244685226154,12
1,12,0.967193730020845,0.840137392180073,12
3,12,0.958290562660252,0.693481497348866,12
2,12,0.944611040530617,0.31488324914839,12
5,12,0.946268562213231,0.601152509097057,12
4,12,0.940586452379643,0.63482627216966,12
1,13,0.966553708281497,0.832200768338117,12
3,13,0.96056654465779,0.391273539947158,12
2,13,0.942053637184409,0.785151823894211,12
5,13,0.944494686172378,0.647415666982215,12
4,13,0.936183817402594,0.465518190086839,12
1,14,0.966119625785855,0.673805291673394,12
3,14,0.960585599998532,0.727553164234236,12
2,14,0.939554285011201,0.629052920218206,12
5,14,0.943813311033545,0.497210325990813,12
4,14,0.938367780897907,0.808329179858444,12
1,15,0.964968802430456,0.935522591176335,12
3,15,0.957200983717773,0.886781711174781,12
2,15,0.935210857559722,0.727492455881575,12
5,15,0.934236385350893,0.379669593853483,12
4,15,0.94804344820742,0.370862705027625,12
1,1,0.970251149022246,0.762905504121031,13
2,1,0.962504161783468,0.689900216069397,13
4,1,0.936533174899834,0.906735390735413,13
5,1,0.925238701171497,0.451169995994981,13
3,1,0.94693020611061,0.623743758647526,13
1,2,0.968659291137151,0.924630842072363,13
2,2,0.960937943287317,0.636677949394936,13
4,2,0.941432795343038,0.720116242174212,13
5,2,0.948389662389535,0.373216354624574,13
3,2,0.928476083616537,0.626719447926129,13
1,3,0.96782674826386,0.895201122153969,13
2,3,0.964446122525854,0.26273480533945,13
4,3,0.937024460520466,0.817615376884928,13
5,3,0.924003071499613,0.621966526407687,13
3,3,0.950189219227064,0.687444525800731,13
1,4,0.970132362446102,0.798523529965694,13
2,4,0.964187980405816,0.66111712584591,13
4,4,0.939805065775652,0.510935583041223,13
5,4,0.927259343458925,0.508730525808145,13
3,4,0.952341723916555,0.306906119755653,13
1,5,0.9688384970466,0.70343971551439,13
2,5,0.963097481513942,0.474147449839416,13
4,5,0.939102631906671,0.502883675602119,13
5,5,0.922839412801323,0.289102482655363,13
3,5,0.951826319480302,0.602357736846171,13
1,6,0.966530060001579,0.908571894371603,13
2,6,0.963841388333799,0.673967845359889,13
4,6,0.939342739779374,0.741295111982792,13
5,6,0.944098437374581,0.533850199776914,13
3,6,0.923697625683543,0.778462896875576,13
1,7,0.967927325122152,0.921046937769645,13
2,7,0.966563024238488,0.728665663621553,13
4,7,0.944017554470346,0.557169494809269,13
5,7,0.930956389310448,0.480329350025434,13
3,7,0.941431357549173,0.570621491816965,13
1,8,0.967028715795704,0.964430139024638,13
2,8,0.964050244809683,0.787586719705539,13
4,8,0.942642075850445,0.534701124705768,13
5,8,0.922461242000782,0.210066212662074,13
3,8,0.946619196217142,0.605901637898111,13
1,9,0.9686280482316,0.933836336600568,13
2,9,0.964873645621916,0.815112787519575,13
4,9,0.941009276056649,0.818523768852323,13
5,9,0.952594987891531,0.324964587362794,13
3,9,0.928045167009256,0.692632571313883,13
1,10,0.96947276090733,0.811231992063678,13
2,10,0.964155277666606,0.663967582567112,13
4,10,0.945758826933781,0.504786472977875,13
5,10,0.926346626521395,0.544528183668451,13
3,10,0.942695925292729,0.623753490555771,13
1,11,0.968370065431559,0.884047430398985,13
2,11,0.964577861525816,0.745604573753877,13
4,11,0.940307969880527,0.449293894442081,13
5,11,0.92698284589672,0.218104708431946,13
3,11,0.952555444771365,0.623294613184141,13
1,12,0.970078114980024,0.801126816682379,13
2,12,0.96251472505012,0.705215694019355,13
4,12,0.937498331074206,0.278703985135033,13
5,12,0.92558251881811,0.216745413358642,13
3,12,0.952999944850542,0.62160678097093,13
1,13,0.967632916028166,0.93542696209189,13
2,13,0.963024738113997,0.436220047352728,13
4,13,0.939346992268797,0.424649874769953,13
5,13,0.927865057637476,0.534223410053713,13
3,13,0.948551044070609,0.703003840651312,13
1,14,0.968395099748725,0.843238949655142,13
2,14,0.964154878461418,0.720711479547502,13
4,14,0.940707406427759,0.462343916561461,13
5,14,0.951949373918152,0.135318656407582,13
3,14,0.919939753297266,0.659896741874085,13
1,15,0.967818875941905,0.910431372422731,13
2,15,0.963302914882619,0.623836651332163,13
4,15,0.940787613362943,0.455164995144489,13
5,15,0.949461452963768,0.362853825435677,13
3,15,0.919713427401331,0.878494704465883,13
1,1,0.965380943704728,0.864893169274375,14
2,1,0.963259052526282,0.690649296785473,14
4,1,0.943960257508457,0.0440636452477625,14
5,1,0.946061501534323,0.527201374548005,14
3,1,0.934428381075941,0.0846174326883827,14
1,2,0.966915133168099,0.875368092092746,14
2,2,0.963709038627614,0.804330826968958,14
4,2,0.94309416551139,0.74113013684914,14
5,2,0.931162555388714,0.729674765438374,14
3,2,0.945882705270739,0.624148348081821,14
1,3,0.965983400185341,0.924701707162181,14
2,3,0.963250841125246,0.685009681577589,14
4,3,0.944880620546115,0.771265527988139,14
5,3,0.938172803068045,0.687977868175113,14
3,3,0.943617056787141,0.786560573704168,14
1,4,0.965237405539932,0.932323082506493,14
2,4,0.96445427351967,0.869737104441147,14
4,4,0.94555106565933,0.506302168747906,14
5,4,0.941161517444034,0.654257589116922,14
3,4,0.935859707688882,0.791990632288195,14
1,5,0.968500820696755,0.594613485856684,14
2,5,0.961892679506183,0.266094720084892,14
4,5,0.940924918410072,0.66193231006106,14
5,5,0.93059605112999,0.546175179619277,14
3,5,0.94751352345578,0.276214128116468,14
1,6,0.964827044501202,0.944704662631525,14
2,6,0.963864172519385,0.288052764496617,14
4,6,0.936863036967869,0.647820184388932,14
5,6,0.935045177246261,0.224145268491892,14
3,6,0.950661513548598,0.543513976186549,14
1,7,0.966864066419824,0.867355996603699,14
2,7,0.964575615779159,0.631796650066618,14
4,7,0.943060894258821,0.76226250979568,14
5,7,0.938310477410086,0.67886623319997,14
3,7,0.946012606128658,0.762287889020952,14
1,8,0.967577595334952,0.897933481052521,14
2,8,0.964392727460082,0.697234734539768,14
4,8,0.941351633357968,0.490676661385086,14
5,8,0.935603746758558,0.664547736680225,14
3,8,0.946030401452169,0.302498683392361,14
1,9,0.966610394476688,0.919805683160613,14
2,9,0.965206964472253,0.654487000144026,14
4,9,0.943249042703595,0.61754942781754,14
5,9,0.937197944144688,0.68286716802863,14
3,9,0.946036100408503,0.520376040937266,14
1,10,0.967173790552212,0.850728209033412,14
2,10,0.964405898255486,0.464465390210875,14
4,10,0.940384008502351,0.229116319213428,14
5,10,0.940657086675681,0.147749230218526,14
3,10,0.94875598693593,0.352490829456773,14
1,11,0.967913428262474,0.821607341093829,14
2,11,0.964497610333947,0.657980118827915,14
4,11,0.94398058277953,0.745306373803036,14
5,11,0.946027739204344,0.464209190786282,14
3,11,0.938106857416965,0.809239463230323,14
1,12,0.96566551993449,0.871208287569419,14
2,12,0.964219836627482,0.667313805462913,14
4,12,0.941215625092928,0.428002772746965,14
5,12,0.926775836653984,0.700531669951306,14
3,12,0.945098648556549,0.829607392541628,14
1,13,0.96735399997543,0.848865635316512,14
2,13,0.963472344352164,0.7877686887011,14
4,13,0.943795992184715,0.244655307923776,14
5,13,0.928065238361596,0.14201684060178,14
3,13,0.946565319736056,0.490577887804942,14
1,14,0.967320463141695,0.831247859245708,14
2,14,0.962298591879747,0.861623832462341,14
4,14,0.942448092110793,0.804586971421925,14
5,14,0.93366416732283,0.750645376254592,14
3,14,0.945053737977541,0.772522811563229,14
1,15,0.965982151675031,0.825750641253037,14
2,15,0.966427748746292,0.597817842675051,14
4,15,0.949297715769731,0.526981624327807,14
5,15,0.931720527222645,0.319991104287815,14
3,15,0.948121065733701,0.587157568518972,14
1,1,0.939503379048774,0.791371820237539,15
5,1,0.901735406347501,0.70855811544121,15
2,1,0.905556145480426,0.725648536495882,15
4,1,0.870589538358031,0.320881293704853,15
3,1,0.90107716483183,0.332862143629818,15
1,2,0.936425359202546,0.948122794108806,15
5,2,0.91576978498061,0.650002295138509,15
2,2,0.884699558688777,0.753212279576023,15
4,2,0.880825925047568,0.601643058728556,15
3,2,0.891849043776981,0.55895226977403,15
1,3,0.942736944868426,0.774612219121725,15
5,3,0.879739234064898,0.31437815692747,15
2,3,0.92594964359955,0.371579073033977,15
4,3,0.879001000259105,0.648879856868553,15
3,3,0.899168771578911,0.646295894811528,15
1,4,0.938915574592255,0.866481579895072,15
5,4,0.892269865141548,0.773593227814689,15
2,4,0.91124632339226,0.823735188410015,15
4,4,0.876253475852186,0.401214189719608,15
3,4,0.902890308245376,0.672972038692855,15
1,5,0.93925171308277,0.893689085554484,15
5,5,0.923374410462066,0.297304786351722,15
2,5,0.88006733478729,0.79989618704727,15
4,5,0.898373644096775,0.520642857843988,15
3,5,0.883574960486994,0.483449902642563,15
1,6,0.940569327051635,0.845062289116237,15
5,6,0.885313198793559,0.594165564727683,15
2,6,0.928760971063988,0.865313689695906,15
4,6,0.876853204963202,0.52838287205141,15
3,6,0.897476313274549,0.573127155685015,15
1,7,0.936486023259124,0.91865142369093,15
5,7,0.90808437245263,0.405150746217726,15
2,7,0.894401240429978,0.780492996700134,15
4,7,0.86790355766155,0.80783837363298,15
3,7,0.897022575787949,0.739816631814412,15
1,8,0.935872901289382,0.896725588790226,15
5,8,0.878061445867432,0.295505753551585,15
2,8,0.92415777418132,0.84667488251027,15
4,8,0.871929265237528,0.671933451703997,15
3,8,0.894979026529472,0.529738534312981,15
1,9,0.940838504024765,0.811086520555077,15
5,9,0.896950804189754,0.416245047488517,15
2,9,0.914720528309788,0.239568225435655,15
4,9,0.887029327137588,0.447142903171933,15
3,9,0.904983717448149,0.303530213385277,15
1,10,0.935758858988476,0.913077614407903,15
5,10,0.886072883811671,0.462860366105728,15
2,10,0.915210669400352,0.78675324221641,15
4,10,0.868971531405915,0.205936375366261,15
3,10,0.9029511251422,0.356370996029317,15
1,11,0.940217612941371,0.642778927501862,15
5,11,0.897529418034459,0.606728539885931,15
2,11,0.910088920239344,0.70147322942321,15
4,11,0.871743412699733,0.691929144315114,15
3,11,0.890790786533589,0.611516994714095,15
1,12,0.938788127771562,0.834957074127366,15
5,12,0.879757294988018,0.651482411335587,15
2,12,0.921385974551955,0.831267889899953,15
4,12,0.877504869242602,0.499011495464283,15
3,12,0.889244689546969,0.382451865245087,15
1,13,0.937256460182056,0.925696032906787,15
5,13,0.893820396092839,0.564226382665388,15
2,13,0.911161315317966,0.732738213415333,15
4,13,0.869363134979699,0.528210394495416,15
3,13,0.895088938940135,0.676356020750909,15
1,14,0.938515880393805,0.867645691015165,15
5,14,0.878552495188566,0.4519108016908,15
2,14,0.926277441087341,0.77684171214178,15
4,14,0.872867170666396,0.645925911790775,15
3,14,0.898109107660777,0.816862540283588,15
1,15,0.937232012500442,0.914610839937833,15
5,15,0.881727778178971,0.457826439934386,15
2,15,0.921391398165997,0.628432933365414,15
4,15,0.883941169158638,0.34915446460363,15
3,15,0.894001097056699,0.667018891351826,15
1,1,0.934365008471937,0.880713221109043,16
4,1,0.892784424142001,0.719243500903334,16
2,1,0.891852923944207,0.667261391541018,16
3,1,0.867305985870016,0.589798761786621,16
5,1,0.905388135678848,0.637918241285444,16
1,2,0.933744231878477,0.924464853245719,16
4,2,0.894936371646199,0.85782919284904,16
2,2,0.880090452155616,0.723196028987293,16
3,2,0.868744211222239,0.65244323434751,16
5,2,0.909114074653057,0.416210462447143,16
1,3,0.935311856179901,0.848928830531492,16
4,3,0.895436103245799,0.704221376146353,16
2,3,0.894640831761537,0.752370434344613,16
3,3,0.863661575180558,0.723869036566511,16
5,3,0.898958845067119,0.649689470454409,16
1,4,0.937268035753699,0.799865731571005,16
4,4,0.881715710839021,0.713899849369618,16
2,4,0.91012515310445,0.725463792308732,16
3,4,0.871078810343241,0.476669817738492,16
5,4,0.906141941401026,0.691529757676147,16
1,5,0.93367583641778,0.857682227239405,16
4,5,0.8918762682994,0.680818479119373,16
2,5,0.897636267195529,0.665797605944727,16
3,5,0.86299624729205,0.705650990378871,16
5,5,0.900470142180404,0.523215219272264,16
1,6,0.936336999943001,0.855665248184074,16
4,6,0.889176452223299,0.538590207457217,16
2,6,0.894521466368684,0.584538138290486,16
3,6,0.875272757457267,0.379039314050345,16
5,6,0.908718599828414,0.301712447315423,16
1,7,0.935112904172275,0.850046392997701,16
4,7,0.890834057788648,0.268008953944313,16
2,7,0.894579581869513,0.666687495157288,16
3,7,0.862672245869366,0.838063888397239,16
5,7,0.903545843188894,0.305231006317437,16
1,8,0.939307385752326,0.756482047330375,16
4,8,0.912100774782885,0.780362854525893,16
2,8,0.874959254219811,0.845103463089902,16
3,8,0.87355941073193,0.733843243834006,16
5,8,0.894354913264648,0.419053475016174,16
1,9,0.934992875297535,0.823172410543687,16
4,9,0.900336222706502,0.262125086841101,16
2,9,0.891058608512421,0.0315113729099921,16
3,9,0.866630045822464,0.860305791414919,16
5,9,0.902820574180706,0.427813676864497,16
1,10,0.934988080032545,0.884565055609813,16
4,10,0.884898381620587,0.78637157727378,16
2,10,0.894307946901263,0.8203294058551,16
3,10,0.86753489212022,0.439070711101358,16
5,10,0.903187385828953,0.696318452636038,16
1,11,0.933656523935028,0.834404185828305,16
4,11,0.915264033697888,0.270492400273545,16
2,11,0.870851227160921,0.710909302099053,16
3,11,0.869361969669169,0.734480438550166,16
5,11,0.90383772762682,0.594354774111259,16
1,12,0.931996252840009,0.925711941396082,16
4,12,0.902289829562044,0.620104399158671,16
2,12,0.885845611161245,0.761309328553074,16
3,12,0.864913601879746,0.638461749531169,16
5,12,0.906584646317688,0.398320187979343,16
1,13,0.935605428870067,0.822664611707887,16
4,13,0.886506143899258,0.245914637745637,16
2,13,0.905810661685546,0.733422131892222,16
3,13,0.865487143583863,0.452004898602067,16
5,13,0.900630269110064,0.0084611337265033,16
1,14,0.931772018299465,0.93102686620884,16
4,14,0.895565594122035,0.458406824698008,16
2,14,0.895680770811222,0.126907555577168,16
3,14,0.873366421411589,0.337336414598501,16
5,14,0.904439099250218,0.495501606145487,16
1,15,0.93242202039744,0.941057775378767,16
4,15,0.897475442527964,0.682060643775333,16
2,15,0.890282064598554,0.620701251918367,16
3,15,0.864261606333674,0.677860072467973,16
5,15,0.90249402806251,0.388485797348323,16
1,1,0.969220364203514,0.849925020885391,17
2,1,0.966615919243149,0.540222095119867,17
4,1,0.946574964757626,0.447916711616935,17
3,1,0.944833279688552,0.193731809088335,17
5,1,0.946809803333751,0.275859618021064,17
1,2,0.969217288847865,0.753136073677663,17
2,2,0.96416149563513,0.735289091573751,17
4,2,0.950172926706106,0.325838535234008,17
3,2,0.948969586540469,0.601990894404668,17
5,2,0.935543449955996,0.33577303055917,17
1,3,0.96712638034703,0.944288587785858,17
2,3,0.966904800355727,-0.0673875008604935,17
4,3,0.943175172733015,0.637721031616866,17
3,3,0.944933298047684,0.739525315804739,17
5,3,0.941223982161789,0.444984960406918,17
1,4,0.966127413970375,0.945336283407464,17
2,4,0.96574569105274,0.896155695375376,17
4,4,0.944525858973213,0.622519669419947,17
3,4,0.942451197488314,0.770545172309634,17
5,4,0.943334999778103,0.757493495148474,17
1,5,0.967029791414343,0.936091076796438,17
2,5,0.966766882399683,0.714406520377252,17
4,5,0.943818399125045,0.413233986356528,17
3,5,0.939996581577874,0.852560900193434,17
5,5,0.943241923590924,0.576207992389034,17
1,6,0.970679938953872,0.548249395851196,17
2,6,0.967320488059596,0.806319488759348,17
4,6,0.943574005409152,0.421106308025319,17
3,6,0.937439245941325,0.71762713948129,17
5,6,0.943734134548856,0.471031552052037,17
1,7,0.966899539496902,0.935016947321544,17
2,7,0.967393317765344,0.777735169435724,17
4,7,0.940092793232235,0.632697743992548,17
3,7,0.942663655899796,0.408511088589638,17
5,7,0.949515240633667,0.735013584388645,17
1,8,0.969052870285346,0.808739017518645,17
2,8,0.968324310381967,0.674920958483442,17
4,8,0.940560974526789,0.875954973925906,17
3,8,0.948336850080751,0.702708469909609,17
5,8,0.940578225993547,0.638129631467727,17
1,9,0.967063035279542,0.94691138809196,17
2,9,0.966858117606452,0.731358500779696,17
4,9,0.943839885299217,0.831623817996377,17
3,9,0.939795071575253,0.442658079064763,17
5,9,0.942528123604486,0.495130653537796,17
1,10,0.967764531888727,0.898942539310611,17
2,10,0.964863480679591,0.526429325270759,17
4,10,0.94296336401053,0.71196142337107,17
3,10,0.943783324145158,0.774392643463279,17
5,10,0.947280098510782,0.299038991300722,17
1,11,0.967360207094715,0.896492224474819,17
2,11,0.964960315906899,0.684277460765771,17
4,11,0.949245456121284,0.774461022268102,17
3,11,0.942370679114657,0.850091324642402,17
5,11,0.942610682882443,0.459951291800198,17
1,12,0.968183626643528,0.875801916202518,17
2,12,0.963462574511538,0.702488708258468,17
4,12,0.943182687196978,0.541205554144218,17
3,12,0.940971188768405,0.539005907077122,17
5,12,0.942025778933125,0.61385637198288,17
1,13,0.968516715598625,0.862474158751557,17
2,13,0.962462761624013,0.820439349977733,17
4,13,0.94492874347859,0.707693307318227,17
3,13,0.945507280108014,0.847808828392442,17
5,13,0.937591761129133,0.838083073254577,17
1,14,0.967797615081323,0.899385710670505,17
2,14,0.967809154524965,0.510483855355053,17
4,14,0.94783872532964,0.439988399765855,17
3,14,0.944088468239224,0.603345819686831,17
5,14,0.940965040204148,0.392746610444619,17
1,15,0.970276867679436,0.752930007851458,17
2,15,0.96738649669681,0.790353150620103,17
4,15,0.942964513159781,0.551740406188541,17
3,15,0.944486279686317,-0.00953501032189721,17
5,15,0.939620629078811,0.259135466728184,17
1,1,0.938720635807388,0.873983781308707,18
3,1,0.877057881296009,0.224391330678918,18
2,1,0.917075045799942,0.881454484755038,18
4,1,0.884573075029246,0.576391434135372,18
5,1,0.908613959571746,0.769786021817703,18
1,2,0.939915470862352,0.827801553748399,18
3,2,0.906733981721216,0.636440797539763,18
2,2,0.887706978693677,0.72752855590987,18
4,2,0.868182002257589,0.255937966255558,18
5,2,0.90549849710471,0.819818711003512,18
1,3,0.935906961771777,0.915200787653281,18
3,3,0.915328386372216,0.377494335321453,18
2,3,0.876319634568159,0.516673287960788,18
4,3,0.873518951985962,0.711064925611777,18
5,3,0.908540496813292,0.63310615633765,18
1,4,0.937668439826361,0.959154194471799,18
3,4,0.91749551082517,0.64538067070857,18
2,4,0.874170892353748,0.693396866778033,18
4,4,0.871185132269901,0.576796989290035,18
5,4,0.903320872915545,0.142394360354395,18
1,5,0.936598838618758,0.906011196292615,18
3,5,0.912242676505083,0.635140844611451,18
2,5,0.888583292482124,0.598276101808654,18
4,5,0.875414860556085,0.498381727942941,18
5,5,0.905312204816998,0.282275374066878,18
1,6,0.938192796323909,0.887604377879344,18
3,6,0.915659062498843,0.802737830842275,18
2,6,0.874488504872233,0.617185871459651,18
4,6,0.870520624962403,0.426288110638524,18
5,6,0.904097675772574,0.52857320952763,18
1,7,0.939396398394359,0.84398790005446,18
3,7,0.909465529342219,0.801168344780211,18
2,7,0.890388358602926,0.659563565491,18
4,7,0.865134026621537,0.839038506931057,18
5,7,0.905135604959891,0.652827274815308,18
1,8,0.942042143024515,0.648812639620761,18
3,8,0.922201599218188,0.478189729403845,18
2,8,0.87265941855225,0.828294257559667,18
4,8,0.872283429857889,0.341746439756151,18
5,8,0.909480921562607,0.308976379056963,18
1,9,0.936707635332887,0.933575766725874,18
3,9,0.911157665716099,0.575169382262884,18
2,9,0.874660414013406,0.717413437314003,18
4,9,0.874189623247283,0.626091644750524,18
5,9,0.897569227224929,0.583495987545594,18
1,10,0.936285602274288,0.937295439690107,18
3,10,0.909602402087838,0.675163621503006,18
2,10,0.877521273056053,0.781213083330229,18
4,10,0.873402528130781,0.69951722645055,18
5,10,0.902830146266193,0.166253623122989,18
1,11,0.937195750524919,0.94037348400398,18
3,11,0.916463325004619,0.249831484154356,18
2,11,0.873189705792361,0.71696277507326,18
4,11,0.874091982660756,0.688797776214374,18
5,11,0.909761957533652,0.727601760749089,18
1,12,0.938779441181284,0.845278700320012,18
3,12,0.899057123669224,0.525178405639619,18
2,12,0.897019034865047,0.595296990850345,18
4,12,0.868363073655906,0.707603553541509,18
5,12,0.911164695024861,0.0843151925748384,18
1,13,0.938136190689049,0.811974195398599,18
3,13,0.891902983195139,0.432582278983914,18
2,13,0.89702795484935,0.555193619610186,18
4,13,0.876704290393231,0.476076313301985,18
5,13,0.903715262947685,0.755574380722935,18
1,14,0.93865067707326,0.856962848763967,18
3,14,0.912429252283603,0.525967783986796,18
2,14,0.88304046875192,0.288955430849214,18
4,14,0.876450074471227,0.145977689149033,18
5,14,0.903979746817406,0.489496046639107,18
1,15,0.938826978226829,0.843571039834434,18
3,15,0.918914827824291,0.68403178465624,18
2,15,0.877515631701997,0.805094207049988,18
4,15,0.868654632586176,0.674783146951727,18
5,15,0.905743988842684,0.629123813643791,18
1,1,0.937323293477173,0.828148566134441,19
4,1,0.877543318391494,0.54530690614434,19
2,1,0.916630604639269,0.852227067862127,19
5,1,0.862426047707843,0.652536071406234,19
3,1,0.902230293052206,0.78561070439125,19
1,2,0.935447569234438,0.851598358522484,19
4,2,0.882262039901474,0.45462635266481,19
2,2,0.911266734989131,0.773981483464166,19
5,2,0.880899605422026,0.545372782278549,19
3,2,0.900026082821545,0.733426663415564,19
1,3,0.936721583114079,0.864211910580662,19
4,3,0.883196213459953,0.709378310915815,19
2,3,0.906284057038915,0.807783140784038,19
5,3,0.876641657294351,0.588669843242517,19
3,3,0.902311311011905,0.702418123843983,19
1,4,0.935027976972267,0.913187887695289,19
4,4,0.893236013228419,0.28906058672982,19
2,4,0.899877296527511,0.69992523540106,19
5,4,0.878668716060538,0.509658505157451,19
3,4,0.906024640862832,0.666936516452808,19
1,5,0.935528606964371,0.930629914665043,19
4,5,0.882228894227018,0.36359280877291,19
2,5,0.916302189895,0.542915317454475,19
5,5,0.877968757908647,0.687689550001239,19
3,5,0.896743421048108,0.533728738771574,19
1,6,0.940073685107876,0.751882012215798,19
4,6,0.914882754617483,0.414373456053709,19
2,6,0.879975450025513,0.774165743643813,19
5,6,0.873315859760461,0.486042890942307,19
3,6,0.91063608496709,0.445246519719097,19
1,7,0.937492960945715,0.839425255522996,19
4,7,0.915285958959142,0.227820371515806,19
2,7,0.875341277780642,0.642737696251695,19
5,7,0.873081773720801,0.562916749197095,19
3,7,0.905339110717678,0.529474600814743,19
1,8,0.936246195080519,0.876922345779068,19
4,8,0.923090366063869,0.853717881578122,19
2,8,0.869699124015962,0.764330123384091,19
5,8,0.887107461182088,0.585838187572665,19
3,8,0.899719543506162,0.619447920434318,19
1,9,0.936915401046726,0.79734209221423,19
4,9,0.903894161159221,0.838089083586633,19
2,9,0.885029488356922,0.692804396655138,19
5,9,0.877682146732007,0.288828866027891,19
3,9,0.904616449401457,0.377475373928342,19
1,10,0.939022600550859,0.748214105710556,19
4,10,0.877019887563599,0.505110234786188,19
2,10,0.91611810928686,0.755985576350366,19
5,10,0.884314355819288,0.400239554983768,19
3,10,0.895945202417926,0.707535560320148,19
1,11,0.936488179591605,0.839753553189524,19
4,11,0.87566120848744,0.638696549342997,19
2,11,0.918043790801469,0.621536186834215,19
5,11,0.878828840312792,0.0400086996407676,19
3,11,0.906678677620355,0.707964026262909,19
1,12,0.932986816378473,0.947996807846731,19
4,12,0.890092777264597,0.70067599652417,19
2,12,0.911156425016123,0.661508582332475,19
5,12,0.874122569442671,0.18408077069441,19
3,12,0.905836917768575,0.406413250173483,19
1,13,0.934186524284035,0.948753803716833,19
4,13,0.891592408387911,0.273301172406729,19
2,13,0.907705963110506,0.835747982346462,19
5,13,0.872929111363199,0.252304576588862,19
3,13,0.905611655617541,0.242907675076278,19
1,14,0.937172915722803,0.871614736884226,19
4,14,0.883220316411342,0.462553593237805,19
2,14,0.903633402199917,0.689820664002846,19
5,14,0.879601751522436,0.774661725083482,19
3,14,0.895064359044291,0.442948694005271,19
1,15,0.934344154707049,0.850415313673353,19
4,15,0.893215588187942,0.417482448146599,19
2,15,0.903871920769167,0.756407175990321,19
5,15,0.888126721075377,0.675969859573666,19
3,15,0.887568964351499,0.571777318553058,19
1,1,0.935279391799114,0.686091419037042,20
4,1,0.897917739389569,0.669254881595114,20
2,1,0.880984631644487,0.809869726301868,20
3,1,0.86308242164618,0.813483961211555,20
5,1,0.883219480867334,0.331029617007944,20
1,2,0.93174387099864,0.870111934518756,20
4,2,0.901780967518766,0.820360913739392,20
2,2,0.874825156352491,0.700763922312427,20
3,2,0.866014665621658,0.293820734185821,20
5,2,0.886400060537254,0.463963956884662,20
1,3,0.928592075811522,0.871226747866495,20
4,3,0.868983792015921,0.412506758145397,20
2,3,0.906903323377825,0.915374185196018,20
3,3,0.872181668010953,0.612873336965819,20
5,3,0.891455055415789,0.468802436690785,20
1,4,0.932249051098348,0.618829702467961,20
4,4,0.885083030543975,0.598168476505117,20
2,4,0.894002476494444,0.497333460195136,20
3,4,0.872225812007119,0.425698424793499,20
5,4,0.882145123791195,0.59672908275502,20
1,5,0.933324833005897,0.819855082491353,20
4,5,0.880561103753024,0.707264902718411,20
2,5,0.895258349261879,0.672767800268811,20
3,5,0.878801639805704,0.693928146795265,20
5,5,0.868478851667574,0.466654196387929,20
1,6,0.930650366826837,0.876142015310753,20
4,6,0.896177833742746,0.655769131810146,20
2,6,0.872083005836521,0.770021519940347,20
3,6,0.879152965054408,0.603969711084435,20
5,6,0.88248186221063,0.532382860372273,20
1,7,0.932435977369154,0.856087042441848,20
4,7,0.870788210182421,0.338202406258776,20
2,7,0.91180538490327,0.784964267922478,20
3,7,0.885911475839,0.510900924580466,20
5,7,0.885729448030823,0.580619768082794,20
1,8,0.928566789891405,0.955031034465572,20
4,8,0.875684507170536,0.718518226941235,20
2,8,0.902809999974886,0.578756724990695,20
3,8,0.875077765072936,0.280500681831284,20
5,8,0.873884246450354,0.234346554525177,20
1,9,0.933602643385638,0.892789535762338,20
4,9,0.883067598858488,0.133361300379417,20
2,9,0.896385266950902,0.523622785700965,20
3,9,0.877678644959404,0.302022973387729,20
5,9,0.884659840322468,0.177254146082012,20
1,10,0.928101930356034,0.924103728200201,20
4,10,0.904133503923669,0.0260596013347319,20
2,10,0.871483776270109,0.382958058670531,20
3,10,0.882636922280587,0.884197896101181,20
5,10,0.876185838590278,0.352404093812797,20
1,11,0.929381398651526,0.86881056032794,20
4,11,0.892966481006331,0.468967491048927,20
2,11,0.88398212516167,0.453402224218369,20
3,11,0.881702501529033,0.561085075808454,20
5,11,0.882432658076318,0.332474297612076,20
1,12,0.930575958038297,0.826730845285953,20
4,12,0.877346048948571,0.67673180860992,20
2,12,0.89653153896875,0.764895898624593,20
3,12,0.863833610379888,0.728576417533501,20
5,12,0.88915138179221,0.571167996809168,20
1,13,0.93158665633059,0.815368306294153,20
4,13,0.887112874885974,0.626977502918456,20
2,13,0.886799364867053,0.647056908913627,20
3,13,0.868878801775178,0.702685181070252,20
5,13,0.89255670501502,0.26591933403913,20
1,14,0.928302705414739,0.945556385864786,20
4,14,0.882066946377646,0.438048652940647,20
2,14,0.900704684948697,0.657097739353435,20
3,14,0.891462424207111,0.547710937557593,20
5,14,0.86908063129182,0.693472432764799,20
1,15,0.928885439514786,0.901980232414191,20
4,15,0.884685786260674,0.549270123963292,20
2,15,0.888650606613081,0.794633100262993,20
3,15,0.861179032999412,0.462238473395578,20
5,15,0.888766146764645,0.560843989189636,20
1,1,0.9684293778006,0.869067195218936,21
2,1,0.968801996809988,0.754841328285274,21
3,1,0.945329840236831,0.476836109884374,21
4,1,0.944533705875159,0.83191929949699,21
5,1,0.932381682889561,0.600515166792955,21
1,2,0.968658235189758,0.779438775991488,21
2,2,0.968723045514774,0.321439131118868,21
3,2,0.946375412516025,0.862003087868502,21
4,2,0.94585075344043,0.463384689898065,21
5,2,0.927060916695572,0.524803506892949,21
1,3,0.967976058768741,0.913076240287272,21
2,3,0.970586526798569,0.815437947773751,21
3,3,0.943829724122358,0.875892710874676,21
4,3,0.955493907826088,0.503383022596195,21
5,3,0.925286537918688,0.413265160027719,21
1,4,0.969810325916623,0.72170553128226,21
2,4,0.970473217482567,0.724236103064366,21
3,4,0.942557948862856,0.711401853757428,21
4,4,0.933615915767229,0.851001406783462,21
5,4,0.943060010086889,0.436699160335998,21
1,5,0.968186770859117,0.909512231605387,21
2,5,0.96891691754751,0.667080517381743,21
3,5,0.946267852020154,0.374803437834503,21
4,5,0.947067312088346,0.049583558813473,21
5,5,0.927527856200216,0.282585454435119,21
1,6,0.96733327421985,0.883321211839561,21
2,6,0.96831925679688,0.808694906574168,21
3,6,0.946337973524258,0.707563997467517,21
4,6,0.944276081903734,0.561622285786636,21
5,6,0.931734362036125,0.687439468596334,21
1,7,0.96887890541221,0.908202833416957,21
2,7,0.968946169613786,0.477772068971976,21
3,7,0.945801684955113,0.505424561072335,21
4,7,0.951469597605414,0.82992257831231,21
5,7,0.929533331574887,0.754104871574739,21
1,8,0.969818530976763,0.842449224932705,21
2,8,0.966698632192409,0.672467955653073,21
3,8,0.946568241301238,0.579564611803058,21
4,8,0.944863633991713,0.44732797542168,21
5,8,0.937600876865352,0.402965896712443,21
1,9,0.968651769257669,0.766179623419225,21
2,9,0.969852701985002,0.746501850063042,21
3,9,0.945706864154168,0.685243395890592,21
4,9,0.94929211496834,0.665914171313652,21
5,9,0.932585634322107,0.632667445792656,21
1,10,0.968017627421292,0.918316998546838,21
2,10,0.968227421038712,0.755022941370972,21
3,10,0.945691362669388,0.740521876270582,21
4,10,0.949897787377395,0.526334216023289,21
5,10,0.932849733273703,0.596267872722593,21
1,11,0.968185679430714,0.919731940099834,21
2,11,0.967729509194289,0.664601565264601,21
3,11,0.945508211176889,0.381047802969044,21
4,11,0.939718598424141,0.487991534499496,21
5,11,0.938188394338758,0.315921115795008,21
1,12,0.967782078922183,0.923010673883885,21
2,12,0.970776960824214,0.763562600395889,21
3,12,0.944358866191557,0.621352391740322,21
4,12,0.935665058178098,0.195303973642788,21
5,12,0.949413117338974,0.395372485962199,21
1,13,0.968223167863773,0.91956610716802,21
2,13,0.969978379050686,0.590112886098909,21
3,13,0.943814496688035,0.67287205260183,21
4,13,0.932267197339057,0.494427382540309,21
5,13,0.949863696332967,0.596044709427691,21
1,14,0.970184689169705,0.836320810567168,21
2,14,0.965463121428604,0.721960567410369,21
3,14,0.946297915658824,0.713747883894334,21
4,14,0.938129645476843,0.292589725134441,21
5,14,0.946832212024923,0.145061006149843,21
1,15,0.968052641408534,0.901381106920129,21
2,15,0.968876030994772,0.385339073955442,21
3,15,0.944312078496623,0.146679860018017,21
4,15,0.94890639552098,0.585465049339028,21
5,15,0.92588518394786,0.606399350478437,21
1,1,0.967276672563213,0.910084218835707,22
2,1,0.96505332164686,0.865002929348033,22
4,1,0.942270237381577,0.280487618693412,22
5,1,0.94205533738756,0.638191650571528,22
3,1,0.943619802114735,0.525062420841374,22
1,2,0.969987138094148,0.660555354623353,22
2,2,0.966647803486856,0.691823934272337,22
4,2,0.942129014480809,0.457800605597493,22
5,2,0.94351368179131,0.576390630588514,22
3,2,0.94066281312397,0.470162170018151,22
1,3,0.967391863070011,0.922039901415411,22
2,3,0.962108122918832,0.682635640215908,22
4,3,0.941724163760454,0.881367443000106,22
5,3,0.944226330834353,0.629395654380177,22
3,3,0.933087668969381,0.623008030889409,22
1,4,0.968683359099956,0.856816257410157,22
2,4,0.965466418882517,0.629721183321912,22
4,4,0.942084585383402,0.399338776074291,22
5,4,0.944273811538471,0.340749100122736,22
3,4,0.952593811929404,0.434009512307382,22
1,5,0.967661107148128,0.909425366391934,22
2,5,0.965424287895538,0.506983350089812,22
4,5,0.944989365414798,0.0170266084379802,22
5,5,0.952212444299612,0.190786647399878,22
3,5,0.931183730546849,0.695982050594668,22
1,6,0.968835849933253,0.776383473142313,22
2,6,0.964588892407371,0.758857228523027,22
4,6,0.941218673507659,0.655613639990847,22
5,6,0.949720457832226,0.828010835214519,22
3,6,0.937299974547657,0.63124678881618,22
1,7,0.96715160491191,0.936320873136208,22
2,7,0.963544168732994,0.79478577131723,22
4,7,0.939767840434578,0.592661023867814,22
5,7,0.947463248501427,0.57262084014717,22
3,7,0.935952402942779,0.401943886862609,22
1,8,0.967560436214313,0.902712099213026,22
2,8,0.963256052581356,0.643680704054456,22
4,8,0.945851458182892,0.596867337890521,22
5,8,0.94428621572574,0.513089974669001,22
3,8,0.935470547154508,0.744242091698171,22
1,9,0.96814941384995,0.851589917673632,22
2,9,0.966153974741318,0.379795907464514,22
4,9,0.937605054106724,0.774020462378766,22
5,9,0.947064048186853,0.544757009272525,22
3,9,0.937552474036207,0.736272042469211,22
1,10,0.969525750371437,0.802600254412778,22
2,10,0.960442828791273,0.750567250693149,22
4,10,0.94210104692999,0.337882632062334,22
5,10,0.941968618163786,0.262102160878401,22
3,10,0.95201586335191,0.338324653671318,22
1,11,0.967534562396335,0.835194268054253,22
2,11,0.966535552535798,0.827802958728912,22
4,11,0.940757825823573,0.562882407928737,22
5,11,0.93914077551074,0.668826115490398,22
3,11,0.938522991222407,0.72632245938002,22
1,12,0.96956050021394,0.850330874466935,22
2,12,0.966075165135799,0.540265255761229,22
4,12,0.941861505155086,0.785458438716596,22
5,12,0.942085523870477,0.254389241219333,22
3,12,0.94623704833958,0.72713811267233,22
1,13,0.968069520949024,0.876285603553836,22
2,13,0.966047326323413,0.626710243107926,22
4,13,0.942953511649148,0.797594046629574,22
5,13,0.944930789779067,0.602470257778836,22
3,13,0.937271606410092,0.513161831007766,22
1,14,0.969113497396168,0.79306572670399,22
2,14,0.963648471575337,0.322489143589688,22
4,14,0.943642726573305,0.259967059050939,22
5,14,0.948448663189216,0.423176385367385,22
3,14,0.936406363566494,0.624159801980321,22
1,15,0.967408261235483,0.941570692876086,22
2,15,0.963974764812017,0.481867660490495,22
4,15,0.940375891599144,0.700762220870056,22
5,15,0.939490216899555,0.824424169853207,22
3,15,0.942851735887248,0.565379095653078,22
1,1,0.970397484309405,0.834556638358744,23
4,1,0.961921038742549,0.875507738107937,23
3,1,0.952701673573537,0.823860811587078,23
5,1,0.933976200057677,0.620579299143967,23
2,1,0.949555132106909,0.753767448698903,23
1,2,0.969635813952475,0.923386332561104,23
4,2,0.966464829478707,0.611171576988061,23
3,2,0.945753174512653,0.805768427368232,23
5,2,0.939728575659793,0.37970910750978,23
2,2,0.956312908537206,0.526234342840214,23
1,3,0.968293327357989,0.923390017191399,23
4,3,0.966364882590832,0.693456854621922,23
3,3,0.948569238005398,0.616823267629694,23
5,3,0.950442092988087,0.0746935509292131,23
2,3,0.930263960445369,0.932780787343776,23
1,4,0.968182818432345,0.926644340663848,23
4,4,0.964725524302494,0.811474453753947,23
3,4,0.950377163416545,0.0573843614225821,23
5,4,0.95484962045821,-0.110675876873143,23
2,4,0.929906809375937,0.630770358810247,23
1,5,0.971575283980191,0.662788999385255,23
4,5,0.965464708284709,0.343201661883398,23
3,5,0.948446523040031,0.800916047453931,23
5,5,0.939441893614226,0.225572848134154,23
2,5,0.944685240515199,0.846100428355159,23
1,6,0.968926146851678,0.893694646141936,23
4,6,0.966840448550752,0.351992446635822,23
3,6,0.944310669241004,0.802256583797312,23
5,6,0.942099737266157,0.0392864310406641,23
2,6,0.94326632035174,0.450094031624002,23
1,7,0.969926449502891,0.891871574168921,23
4,7,0.965721095943184,0.54847008025428,23
3,7,0.95184212159672,0.541763780727764,23
5,7,0.951996898511345,0.683025373712905,23
2,7,0.93184573447582,0.764175727664696,23
1,8,0.971229865805319,0.802963683742759,23
4,8,0.964985185071346,0.860017979526268,23
3,8,0.950372152712689,0.289651436552894,23
5,8,0.93869195618713,0.302285158499256,23
2,8,0.943855915462999,0.86158821894453,23
1,9,0.969871946816765,0.712258741131252,23
4,9,0.963603851403616,0.728654016542632,23
3,9,0.95154110988185,0.790235805269017,23
5,9,0.942017246352087,0.332165584656899,23
2,9,0.937974968436263,0.654641835990233,23
1,10,0.968255113040236,0.909256338722259,23
4,10,0.96639667567028,0.650684523186059,23
3,10,0.951910887299201,0.516642905538232,23
5,10,0.92793561132326,0.500304003211745,23
2,10,0.947992474756754,0.647323512453494,23
1,11,0.96875282875256,0.920189702846469,23
4,11,0.965657884824575,0.550091345225504,23
3,11,0.949678922867093,0.708674304012724,23
5,11,0.944827250618501,0.493988665117406,23
2,11,0.934680990820249,0.736860063438427,23
1,12,0.968351976097783,0.949968895567973,23
4,12,0.965424347239505,0.739368274150303,23
3,12,0.948626367402469,0.814267919030503,23
5,12,0.932861916516086,0.802303215942653,23
2,12,0.946291830419008,0.860956250759077,23
1,13,0.969139228833052,0.834628792446931,23
4,13,0.964704422163798,0.767965776110777,23
3,13,0.950353620253886,0.518346234002656,23
5,13,0.952248624909738,0.0647672372631804,23
2,13,0.92857433219752,0.557847707439431,23
1,14,0.969439995721945,0.890830945123115,23
4,14,0.965982248222946,0.241378495247801,23
3,14,0.946038002796591,0.648009320345027,23
5,14,0.951939667520283,0.432166570341671,23
2,14,0.931334168703973,0.778752316145303,23
1,15,0.971351888898052,0.763444500753224,23
4,15,0.963707723206421,0.519786120365871,23
3,15,0.951297784217737,0.586493528471442,23
5,15,0.939307988754377,0.347430379013834,23
2,15,0.950969677401263,0.166257019375384,23
1,1,0.938134901089424,0.790995135169153,24
5,1,0.887795744853922,0.520805007130728,24
2,1,0.910422467991663,0.761806892991907,24
3,1,0.871409965055885,0.795089863053084,24
4,1,0.908418251223318,0.568801271596485,24
1,2,0.934543865887395,0.944892895000828,24
5,2,0.912627639394185,0.444729776206095,24
2,2,0.884936307324591,0.780522797422444,24
3,2,0.878251905834722,0.677280293730774,24
4,2,0.915059254013432,0.825155474749815,24
1,3,0.937952871337659,0.772873646500869,24
5,3,0.887612319304507,0.626078464346069,24
2,3,0.91087377027241,0.821192322638931,24
3,3,0.870215910007325,0.811408331032082,24
4,3,0.91162744858569,0.568126796747023,24
1,4,0.935651750200452,0.916708736949956,24
5,4,0.889674950570462,0.63629639150185,24
2,4,0.906711991851417,0.890615005825782,24
3,4,0.873840073196516,0.372994832945713,24
4,4,0.907297939160908,0.665233435335272,24
1,5,0.938566577446223,0.812793794489615,24
5,5,0.908554550255766,0.0615136321452736,24
2,5,0.893765285694941,0.681286751744886,24
3,5,0.892075568465123,0.72886034248471,24
4,5,0.91404586920173,0.743294855231265,24
1,6,0.934881882146911,0.917491249158573,24
5,6,0.889707360757456,0.62084577222557,24
2,6,0.903715235823416,0.824079419703066,24
3,6,0.875326372043971,0.786766596345122,24
4,6,0.909136617723857,0.590312673001926,24
1,7,0.936422656393431,0.863819705457657,24
5,7,0.883999129226997,0.392135910018247,24
2,7,0.915274897654226,0.708685741207301,24
3,7,0.871799842756688,0.381040213476558,24
4,7,0.912420759524936,0.0915214727779233,24
1,8,0.93376017200786,0.926498584461724,24
5,8,0.889881491130753,0.424124053921261,24
2,8,0.900215642999164,0.567089625962044,24
3,8,0.868113575740124,0.59733824953434,24
4,8,0.906668327047695,0.0579911754021473,24
1,9,0.935865815407354,0.892229629083355,24
5,9,0.892253517386874,0.382890550395325,24
2,9,0.902995883735415,0.496336307520533,24
3,9,0.872396966573542,0.564071545639937,24
4,9,0.910687208489419,0.446374272664913,24
1,10,0.936133871842657,0.826093337931506,24
5,10,0.884818864362049,0.549283463237588,24
2,10,0.910706895185524,0.821536830438184,24
3,10,0.874125399424437,0.62309798754183,24
4,10,0.913188554573748,0.678576459436153,24
1,11,0.93574435940733,0.899880806891647,24
5,11,0.913715572179116,0.581417865347388,24
2,11,0.881051321359642,0.712138624009018,24
3,11,0.871349549496733,0.136758796525008,24
4,11,0.911258187268688,0.243914350227731,24
1,12,0.933104095944199,0.952890399146035,24
5,12,0.908460406589524,0.489828224432845,24
2,12,0.888066704702947,0.803880724560736,24
3,12,0.867106911255712,0.25111757671906,24
4,12,0.910085494798853,0.568968263224926,24
1,13,0.938410613525923,0.783034106861733,24
5,13,0.908801288744683,0.415038611976045,24
2,13,0.892660876117681,0.696425788477379,24
3,13,0.875867726396599,0.33309668490865,24
4,13,0.909334213869179,0.500278226212556,24
1,14,0.936165462333954,0.811183488294263,24
5,14,0.919048023431319,0.586772159750482,24
2,14,0.876997959076177,0.890263853992107,24
3,14,0.870512557913014,0.741390964949663,24
4,14,0.90965575674348,0.303210835547036,24
1,15,0.93800282377381,0.851608562187942,24
5,15,0.897964207472696,0.278023004357674,24
2,15,0.892873912569598,0.620431311093744,24
3,15,0.872200900267114,0.754969870973715,24
4,15,0.913850342341456,0.339677695252642,24
1,1,0.971390187804617,0.756379069103615,25
3,1,0.969443339534391,0.224587677835618,25
2,1,0.945893208431398,0.738934650978342,25
4,1,0.955222121795973,0.858908732530345,25
5,1,0.934437710041781,-0.282637808839706,25
1,2,0.970548249193386,0.804304683939925,25
3,2,0.960075113826593,0.690121152966471,25
2,2,0.954970292242596,0.702233023089659,25
4,2,0.949650632646943,0.471367905923247,25
5,2,0.93937911399318,0.50707272197524,25
1,3,0.968711781967143,0.937145319795192,25
3,3,0.967281306372159,0.549444161133403,25
2,3,0.947411747966103,0.745154559758064,25
4,3,0.954320551534147,0.472864711756858,25
5,3,0.92803864844643,0.374197827674917,25
1,4,0.969745723516728,0.714072132367508,25
3,4,0.96008314912164,0.324399109196567,25
2,4,0.955370892395831,0.700229778839913,25
4,4,0.954072971402061,0.488955976187623,25
5,4,0.930626857025065,0.454509376426458,25
1,5,0.969765691865183,0.939143573570184,25
3,5,0.96606040800561,0.791488558537854,25
2,5,0.946739674129616,0.860707855298656,25
4,5,0.952392580027319,0.706588718477608,25
5,5,0.93174329014223,0.794644487503048,25
1,6,0.970716619408034,0.839094710195083,25
3,6,0.955127361981917,0.473748034089715,25
2,6,0.958410028668465,0.578171801976381,25
4,6,0.954300805031699,0.504548823363491,25
5,6,0.926622659536786,0.526616389280709,25
1,7,0.97084681466968,0.770588001295857,25
3,7,0.967578638328067,0.717505893521128,25
2,7,0.947103888511764,0.763014385914071,25
4,7,0.952374075013169,0.385687521414066,25
5,7,0.932322280780248,0.515150765158349,25
1,8,0.969376446424053,0.868007182746785,25
3,8,0.962158592891323,0.840316900299646,25
2,8,0.949994499564584,0.733195901498222,25
4,8,0.950785155150739,0.673754947820607,25
5,8,0.931013375406115,0.427385461080199,25
1,9,0.969972650338855,0.869033417527406,25
3,9,0.966416196633413,0.723290716724357,25
2,9,0.94565773791455,0.60461833261739,25
4,9,0.95139887159982,0.512485571301708,25
5,9,0.933866936591838,0.286114064720077,25
1,10,0.970610618654797,0.861904283542885,25
3,10,0.967838413326961,0.671613443095998,25
2,10,0.945739715834622,0.76212189902798,25
4,10,0.951323620254779,0.851116928382109,25
5,10,0.938436432747355,0.332690168636763,25
1,11,0.969301189273927,0.916289784225548,25
3,11,0.965356211247428,0.768262214272141,25
2,11,0.944368756154521,0.727976513251865,25
4,11,0.95367718573793,0.696425185562553,25
5,11,0.930842968634913,0.789965997088199,25
1,12,0.96895088851643,0.900294252870804,25
3,12,0.964810002535305,0.692466230769607,25
2,12,0.94626299664447,0.360908209577884,25
4,12,0.949320567054805,0.473791021981292,25
5,12,0.932895373260957,0.0133398220042486,25
1,13,0.967983247297233,0.926535414312254,25
3,13,0.963964460754915,0.473864319048776,25
2,13,0.947503981230674,0.587441092442003,25
4,13,0.954882300494734,0.675711861422941,25
5,13,0.92899132656804,0.760519671315357,25
1,14,0.969089385458847,0.89688626562655,25
3,14,0.965485825301439,0.595980214463415,25
2,14,0.946495778995199,0.804153710506513,25
4,14,0.947096554679915,0.269994745032705,25
5,14,0.930635025960644,0.657743448589304,25
1,15,0.96874676130554,0.937765045781357,25
3,15,0.964881947345786,0.765029793972348,25
2,15,0.944755095948045,0.705584954919179,25
4,15,0.954687148647288,0.245180090844633,25
5,15,0.930228882594699,0.341893132754034,25
1,1,0.97020281314143,0.750171053994264,26
4,1,0.962621611649665,0.744780885250614,26
2,1,0.946855498750656,0.666273596998481,26
5,1,0.944929814387502,0.223590104938311,26
3,1,0.938918409342975,0.78752031742028,26
1,2,0.967581801035771,0.918287636296805,26
4,2,0.962637527634882,0.597814626480679,26
2,2,0.947555077223888,0.641295378819212,26
5,2,0.931918916345022,0.464455742109824,26
3,2,0.949656678909599,0.695103422851873,26
1,3,0.968113049384496,0.894107990373275,26
4,3,0.95897791655564,0.166882660134959,26
2,3,0.953179215030833,0.497725218214425,26
5,3,0.951557982289593,0.53903893367101,26
3,3,0.927315753872297,0.672664607202061,26
1,4,0.969412266128386,0.89320059320869,26
4,4,0.961221594114335,0.471010794746447,26
2,4,0.944749159018101,0.624142451150881,26
5,4,0.954193338371679,0.202674912492609,26
3,4,0.930922587234226,0.532994860158928,26
1,5,0.970369849676801,0.688755806093525,26
4,5,0.957881924420453,0.840699729761061,26
2,5,0.950798627412262,0.696096846606035,26
5,5,0.937086202886774,0.0871007418485252,26
3,5,0.949386033751303,0.670601530225674,26
1,6,0.967355359291744,0.950827297828929,26
4,6,0.96402989723362,0.541701090835528,26
2,6,0.946926758585465,0.405519894725497,26
5,6,0.950370466674287,0.229195305380416,26
3,6,0.92872954310584,0.631021881773564,26
1,7,0.969159276376732,0.882762724790197,26
4,7,0.948469131810613,0.243777208636553,26
2,7,0.96032281841098,0.862088335206894,26
5,7,0.948581337587301,-0.0401274765106422,26
3,7,0.938474592900711,0.66430474302462,26
1,8,0.968032810784678,0.901970963639186,26
4,8,0.954315336863032,0.523273956769305,26
2,8,0.95200926432339,0.821366070180667,26
5,8,0.953559208749081,0.660012523824595,26
3,8,0.924975599820573,0.810728128407003,26
1,9,0.96994653712911,0.696201318219862,26
4,9,0.96375328693829,0.785606993216917,26
2,9,0.944569709667355,0.588104897284459,26
5,9,0.93413551667764,0.514434753817153,26
3,9,0.951329858886691,0.639197298310544,26
1,10,0.968464758293514,0.826241597977024,26
4,10,0.955125636451675,0.740665673925756,26
2,10,0.952226143898976,0.414455866183958,26
5,10,0.951521276538771,0.665758785837414,26
3,10,0.931128155521405,0.636297022103627,26
1,11,0.968043308626291,0.922840540074672,26
4,11,0.962735251161708,0.802976353737608,26
2,11,0.948899182441549,0.736669692592652,26
5,11,0.955597548754349,0.480750607281341,26
3,11,0.931438028545608,0.591037346946235,26
1,12,0.969155127214322,0.903802752231129,26
4,12,0.96411791850137,0.46235448308041,26
2,12,0.944601737901334,0.51766366091218,26
5,12,0.951980631990853,0.507050935533233,26
3,12,0.933641896145664,0.697041330428686,26
1,13,0.968160608291988,0.8450672151798,26
4,13,0.958739606834005,0.537224284337991,26
2,13,0.950064817076138,0.552060290166272,26
5,13,0.952057198826208,0.391895677760341,26
3,13,0.932378429680442,0.393949700633109,26
1,14,0.968370704079556,0.909609406412552,26
4,14,0.961377430292949,0.669950956338654,26
2,14,0.945673746075298,0.9197376510323,26
5,14,0.950887640996788,0.54955806975649,26
3,14,0.932833511417618,0.692983807096356,26
1,15,0.966838636278093,0.912923246237696,26
4,15,0.965560976936799,0.670282694863042,26
2,15,0.945117196906472,0.736985143885325,26
5,15,0.947263397597388,0.451675079258602,26
3,15,0.935914118779931,0.463642821215586,26
1,1,0.940123566002701,0.811353956692921,27
4,1,0.892280878177756,0.911875220772141,27
2,1,0.909611497624237,0.802731444578194,27
3,1,0.891000362097694,0.719919968978735,27
5,1,0.871591414037937,0.590912729881665,27
1,2,0.935549481360044,0.924115344028916,27
4,2,0.926794933431207,0.522302390265869,27
2,2,0.880772270968975,0.870744453886868,27
3,2,0.864282850036908,0.550865635386791,27
5,2,0.904710944382765,0.71817912953355,27
1,3,0.937011338652543,0.932658705370021,27
4,3,0.901551841425001,0.711267641304052,27
2,3,0.902326526941655,0.664365728784848,27
3,3,0.88650703420669,0.39280619445333,27
5,3,0.893828491799882,0.415898303667004,27
1,4,0.938022372333749,0.911304499081226,27
4,4,0.888970693834476,0.635011779662533,27
2,4,0.909532992246946,0.881751548222846,27
3,4,0.883681648615525,0.494292705401276,27
5,4,0.892931374880318,0.524113361127527,27
1,5,0.940368254685945,0.831270761067085,27
4,5,0.884237301134176,0.478816897477304,27
2,5,0.918636699495907,0.80600507708354,27
3,5,0.87457896334285,0.530791610483839,27
5,5,0.901335722800572,0.667845647862351,27
1,6,0.937430849368516,0.891915928403864,27
4,6,0.912311219299238,-0.084122485657383,27
2,6,0.890374458459095,0.752029859703275,27
3,6,0.877004188356407,0.316290101477319,27
5,6,0.887087087485191,0.318705214487796,27
1,7,0.940919402195145,0.804897763878235,27
4,7,0.88508802213761,0.531947400443126,27
2,7,0.928254567132163,0.651318839906452,27
3,7,0.878551373078058,0.800328009822825,27
5,7,0.888661214520844,0.429188295866623,27
1,8,0.938760585280552,0.842884618446091,27
4,8,0.907903298986016,0.720399022731537,27
2,8,0.895592819862436,0.760235409670849,27
3,8,0.882771244350629,0.485721175448111,27
5,8,0.884988881489389,0.598466760756864,27
1,9,0.939321657231154,0.828736065493531,27
4,9,0.919168088117892,0.624028012661635,27
2,9,0.880141564463611,0.58689650543613,27
3,9,0.883472098081858,0.376776144123601,27
5,9,0.893807293333515,0.0879328394853459,27
1,10,0.937708774892615,0.896170235245443,27
4,10,0.887001379733618,0.300449256768186,27
2,10,0.926845917616987,0.741320876354294,27
3,10,0.887651632571314,0.325916935177889,27
5,10,0.873455950245454,0.231294337656087,27
1,11,0.937001746000229,0.902582051339127,27
4,11,0.90387916403058,0.435225045121965,27
2,11,0.897833326580746,0.398584236224124,27
3,11,0.894392917044181,0.534287555043174,27
5,11,0.879793414006208,0.825642834653146,27
1,12,0.935481602276901,0.963524163041009,27
4,12,0.922985940826047,0.776407255691196,27
2,12,0.883128955626395,0.830217330552868,27
3,12,0.875079267653899,0.676815683296901,27
5,12,0.891754273595953,0.728332069548454,27
1,13,0.942459882383163,0.742553941559807,27
4,13,0.888849615239595,0.215564003211875,27
2,13,0.919052412344136,0.741365336960493,27
3,13,0.879268027652656,0.678277145338149,27
5,13,0.879009194823887,0.353548210571629,27
1,14,0.938619281277133,0.801750664065403,27
4,14,0.923362173895668,0.657327168527728,27
2,14,0.884153385115619,0.663655113560561,27
3,14,0.889591005463706,0.627656431804872,27
5,14,0.87582277271794,0.700832651588878,27
1,15,0.933848988747614,0.955384505247461,27
4,15,0.896142597089951,0.381160807873515,27
2,15,0.901716332076866,0.629882836068493,27
3,15,0.886232108461611,0.769952481100151,27
5,15,0.88088609687699,0.489665728551926,27
1,1,0.937323671304427,0.81443916747006,28
3,1,0.926640237918564,0.564443998932781,28
2,1,0.879214564286173,0.634845863428102,28
4,1,0.886476899764796,0.360375769047041,28
5,1,0.904162303967896,0.344535961526468,28
1,2,0.935244229050562,0.832752008452337,28
3,2,0.901079543087567,0.484793041370393,28
2,2,0.895522669947727,0.718401929806314,28
4,2,0.870134389866676,0.615749801517045,28
5,2,0.909980183426159,0.432391144508682,28
1,3,0.933936254933386,0.904883934540581,28
3,3,0.921963203634248,0.633761623303062,28
2,3,0.876756300203269,0.724962837163863,28
4,3,0.865920182077536,0.829730836004672,28
5,3,0.907448410790543,0.525256730089121,28
1,4,0.933774006587861,0.854623538552425,28
3,4,0.914332586892969,0.651817991740561,28
2,4,0.888552486957634,0.567623302716375,28
4,4,0.867093924141157,0.664550220480663,28
5,4,0.903177416196199,0.668126020552065,28
1,5,0.933929314809408,0.857455056319341,28
3,5,0.927971409319794,0.75852601072524,28
2,5,0.879739670261054,0.570983023377111,28
4,5,0.866144928530709,0.776851794170563,28
5,5,0.90725142134885,-0.00780367786874851,28
1,6,0.934069520004612,0.88976460773287,28
3,6,0.917033465414038,0.533442320424072,28
2,6,0.888070532945107,0.661311954885885,28
4,6,0.863338081826684,0.605052702622956,28
5,6,0.907648090120842,0.607356077053834,28
1,7,0.931126604437144,0.957913182816276,28
3,7,0.927189332594205,0.741102440770014,28
2,7,0.880146873622563,0.711948901535538,28
4,7,0.870596149637522,0.388259337627351,28
5,7,0.908234379456213,0.558741136707241,28
1,8,0.932343048073514,0.938765708921744,28
3,8,0.926040888513621,0.810723367230078,28
2,8,0.877969376090545,0.520849474226504,28
4,8,0.874911777851109,0.354464566435736,28
5,8,0.903182591042142,0.619003030288425,28
1,9,0.932413554306025,0.860787767641387,28
3,9,0.926199068762962,0.183925372302446,28
2,9,0.876364556108317,0.631409298606674,28
4,9,0.868973539196859,0.619464291927411,28
5,9,0.901776165444748,0.700826349988409,28
1,10,0.932347203220279,0.889125068340456,28
3,10,0.91668309693936,0.622547321605078,28
2,10,0.891594912696143,0.57042435954582,28
4,10,0.872767616979046,0.7761928166412,28
5,10,0.897069278443698,0.501460172472307,28
1,11,0.931517266641524,0.931492379402734,28
3,11,0.924247632661363,0.445145761232214,28
2,11,0.884222640367636,0.618188505687877,28
4,11,0.865668158826967,0.565500895527681,28
5,11,0.916771310013805,0.545233278411491,28
1,12,0.938854287376079,0.563860844792843,28
3,12,0.918026652734366,0.765353345690603,28
2,12,0.885927117099687,0.677705312019051,28
4,12,0.874699766723746,0.559402616396498,28
5,12,0.906352786536677,0.740939375912452,28
1,13,0.934000405053629,0.889447314006576,28
3,13,0.9221206264982,0.725492839046521,28
2,13,0.873076375078284,0.654785262250946,28
4,13,0.866177250475411,0.674962042072149,28
5,13,0.905010420757089,0.643800601509826,28
1,14,0.934283404806735,0.884129436864703,28
3,14,0.924759188078516,0.832264620701711,28
2,14,0.879691516101849,0.433905063549565,28
4,14,0.876501138725859,0.0942615042452011,28
5,14,0.904283247193241,0.424162336546517,28
1,15,0.933613020325083,0.873500904574171,28
3,15,0.905098229503813,0.68457423651637,28
2,15,0.893401379801799,0.807222206949064,28
4,15,0.871192620521232,0.60233315489777,28
5,15,0.904592786398259,0.535990457612625,28
1,1,0.970386526207766,0.594858817837419,29
2,1,0.964316845523723,0.864702514977367,29
3,1,0.945861391239406,0.796379902152104,29
4,1,0.942615684976752,0.605739243476813,29
5,1,0.927156217895926,0.767428224931328,29
1,2,0.96823754790906,0.875160895784755,29
2,2,0.967878467831265,0.760170850619272,29
3,2,0.945786222408819,-0.0822722233341965,29
4,2,0.941059656183153,0.585761158380348,29
5,2,0.937901285276318,0.68227106874189,29
1,3,0.967739719954489,0.90471933878352,29
2,3,0.965105879575955,0.34947627951021,29
3,3,0.943242026986523,0.740731451783195,29
4,3,0.948754195736147,0.37337237002368,29
5,3,0.929326562616886,0.827398858942597,29
1,4,0.968006921809885,0.897583954887921,29
2,4,0.96713721522807,0.794695662793664,29
3,4,0.940871034366371,0.840443062435225,29
4,4,0.94537231442971,0.457099957581777,29
5,4,0.93685642270921,0.414330896313386,29
1,5,0.967384997950214,0.884490122859446,29
2,5,0.967373019333008,0.729244012202028,29
3,5,0.946213466914582,0.517330903270623,29
4,5,0.943862302296496,0.734768672563331,29
5,5,0.938430630346128,0.517480484415671,29
1,6,0.970078917478422,0.785241146502009,29
2,6,0.966200698521907,0.844939109629084,29
3,6,0.944400990471138,0.62222104581776,29
4,6,0.94594992901533,0.42977533533689,29
5,6,0.945480013705451,0.577028246902323,29
1,7,0.967430178560555,0.83999524836521,29
2,7,0.96609926055124,0.538165209660693,29
3,7,0.944797954847777,0.761043244350879,29
4,7,0.941008408794247,0.74627614994917,29
5,7,0.933649117054941,0.508398970330712,29
1,8,0.969523687715339,0.648430362303202,29
2,8,0.966362249163658,0.779472570977001,29
3,8,0.945682835311396,0.165651971426994,29
4,8,0.946214858698775,0.479473380956489,29
5,8,0.931470993544934,0.3409357661042,29
1,9,0.968010633783521,0.803986046336987,29
2,9,0.968179312263063,0.796859806526332,29
3,9,0.941968789891428,0.857357467977243,29
4,9,0.942482374271152,0.862971904509671,29
5,9,0.936281580311796,0.741170776858813,29
1,10,0.966639478413465,0.948780451413908,29
2,10,0.966966758888769,0.673608698017151,29
3,10,0.945319829445533,0.598021905232562,29
4,10,0.944552904419855,0.678187218423398,29
5,10,0.930708614255266,0.488439834437093,29
1,11,0.968790509779763,0.751646431900719,29
2,11,0.966300772325893,0.840199383356371,29
3,11,0.945097005744708,0.682911205519684,29
4,11,0.944219993071211,0.9086878687093,29
5,11,0.931613867251682,0.120720334584336,29
1,12,0.968132866775666,0.920420940086119,29
2,12,0.966604417993579,0.672980831782556,29
3,12,0.946695204847205,0.52029160095553,29
4,12,0.934403453314933,0.125638542182767,29
5,12,0.952489717873657,0.382975864490998,29
1,13,0.96722382640088,0.912396863343786,29
2,13,0.966877594236851,0.403269664021348,29
3,13,0.944731420003562,0.649918718017167,29
4,13,0.943817015312187,0.49085894155285,29
5,13,0.933015049655592,0.36987928364352,29
1,14,0.965189224225174,0.9280632286511,29
2,14,0.966378176670863,0.615625195807351,29
3,14,0.945922417336153,0.545203252624476,29
4,14,0.943556986077534,0.728304355441024,29
5,14,0.929083735570315,0.678312852784678,29
1,15,0.967034440174478,0.89435681764057,29
2,15,0.965682987575888,0.645136342779769,29
3,15,0.945268005768826,0.893791608932596,29
4,15,0.952485081682174,0.802522707666284,29
5,15,0.926669178982739,0.634723202891319,29
1,1,0.936796645047381,0.936606020185465,30
5,1,0.924082272925992,0.737018370665483,30
2,1,0.873538700339603,0.671124826060379,30
4,1,0.863191532407082,0.634119079048371,30
3,1,0.91378113398272,0.367715972488029,30
1,2,0.934830696830855,0.924431189877087,30
5,2,0.919519169822793,0.266666250220067,30
2,2,0.87542562411315,0.672659089115566,30
4,2,0.867959318130631,0.575093414618154,30
3,2,0.894412655624366,0.649930266068388,30
1,3,0.937230212037676,0.858397250523645,30
5,3,0.923865947964827,0.499473693591908,30
2,3,0.873166171781968,0.596504933737126,30
4,3,0.861327685995983,0.599099402934999,30
3,3,0.915186354085961,0.419625218710397,30
1,4,0.93726903242821,0.853508011311039,30
5,4,0.899918017151489,0.507775599946099,30
2,4,0.903356764370892,0.861383714970713,30
4,4,0.857916462831206,0.530680481189466,30
3,4,0.906789203901097,0.832911801719207,30
1,5,0.940694840742876,0.652505148751792,30
5,5,0.922588384143618,0.53247995490396,30
2,5,0.876029859525506,0.57353674615681,30
4,5,0.858666793467821,0.710065964638243,30
3,5,0.911737774274486,0.476816007016627,30
1,6,0.93732665541048,0.778590645413059,30
5,6,0.920638137489409,0.803074801531368,30
2,6,0.868210555097114,0.72340872813031,30
4,6,0.859448828588075,0.499420854642853,30
3,6,0.91875171961,0.712748311632672,30
1,7,0.934618210964079,0.953536032871983,30
5,7,0.911480890504473,0.0349743504410441,30
2,7,0.883823081721867,0.700292081145823,30
4,7,0.860077080074332,0.613962024709219,30
3,7,0.909879616651826,0.674856606182915,30
1,8,0.936920979912695,0.833505323289425,30
5,8,0.915039589852716,0.57535387641044,30
2,8,0.873068042099818,0.626855354486105,30
4,8,0.856631051630934,0.766774773819165,30
3,8,0.908091269979353,0.340739032843376,30
1,9,0.930822151456237,0.981389776644539,30
5,9,0.914196446954336,0.422773164066425,30
2,9,0.87296959665552,0.672533206456542,30
4,9,0.854157008781938,0.546154897783719,30
3,9,0.91558978846854,0.437238660525205,30
1,10,0.938623821339894,0.721597942919972,30
5,10,0.876632257364711,0.475369843028962,30
2,10,0.90116206886257,0.918292740682307,30
4,10,0.870833494385978,0.27180050730386,30
3,10,0.907690135259394,0.468398142772239,30
1,11,0.937338037462633,0.899802017540876,30
5,11,0.924724407298,0.292732243897832,30
2,11,0.873362025442468,0.438459327879882,30
4,11,0.863934840406137,0.346264696412332,30
3,11,0.906907019854,0.666213087566707,30
1,12,0.935418571984037,0.906630800016489,30
5,12,0.908655706600009,0.630502015885261,30
2,12,0.882411841373067,0.451285809960294,30
4,12,0.862118194218867,0.229226574229708,30
3,12,0.899432621791572,0.800558283735241,30
1,13,0.935124951572398,0.930428929551282,30
5,13,0.900579129516603,0.408718748907917,30
2,13,0.895214372518261,0.545336691541096,30
4,13,0.870442989626709,0.330182907581693,30
3,13,0.910295829540569,0.348141962117779,30
1,14,0.940435548173209,0.549066193727994,30
5,14,0.904656251383014,0.45458629660989,30
2,14,0.883744498093241,0.683871395958281,30
4,14,0.877995287426152,0.355511802990731,30
3,14,0.903955426256433,0.455708893459605,30
1,15,0.936195878971295,0.868680259517815,30
5,15,0.907691375030405,0.784251529530547,30
2,15,0.879575552977586,0.662945080062879,30
4,15,0.895397466558175,0.670051562300377,30
3,15,0.875593353364082,0.757336936637725,30
1,1,0.935641668129388,0.948089641432762,31
4,1,0.900509421178106,0.468775009607994,31
2,1,0.900629970019922,0.659153733902032,31
3,1,0.885657466455089,0.360077178380263,31
5,1,0.901335790394123,0.715937984623335,31
1,2,0.935719697752164,0.910208184421857,31
4,2,0.918663974561808,0.413814253175935,31
2,2,0.884652199623305,0.695845031964157,31
3,2,0.874806453237068,0.888535164460837,31
5,2,0.898575973216358,0.366151887749311,31
1,3,0.931474769158642,0.959613112351103,31
4,3,0.919921288357418,0.676016156456918,31
2,3,0.881201968728974,0.779534786473535,31
3,3,0.875285474893227,0.692539539179206,31
5,3,0.894853808437709,0.637585853910272,31
1,4,0.94011427899004,0.713845178060045,31
4,4,0.889822648597509,0.10451944648844,31
2,4,0.928365324232161,0.681599690222666,31
3,4,0.896947570580966,0.100976371515487,31
5,4,0.906728247461713,0.333963333490401,31
1,5,0.936957021653559,0.747566223727787,31
4,5,0.927875817211144,0.705176196742237,31
2,5,0.877782599762857,0.415731041387178,31
3,5,0.872864476655731,0.846229130367157,31
5,5,0.895715232547872,0.126523310471437,31
1,6,0.934955678345303,0.854232877144772,31
4,6,0.895889491077276,0.529523387107946,31
2,6,0.905267294532499,0.696690846726004,31
3,6,0.876614831458297,0.583686017187203,31
5,6,0.892415036815082,0.764123059803513,31
1,7,0.934183771375564,0.942982052726088,31
4,7,0.930889831106284,0.835057705365427,31
2,7,0.874379163692533,0.718144438718271,31
3,7,0.874730202687108,0.750272005765483,31
5,7,0.895490830961513,0.289284980788722,31
1,8,0.935536864082894,0.82484334476164,31
4,8,0.914009060875159,0.615021805782303,31
2,8,0.888307700660497,0.690861350988359,31
3,8,0.879680833755623,0.416722614073847,31
5,8,0.887662712526547,0.544175086222529,31
1,9,0.934743826068894,0.86372804481357,31
4,9,0.930738790091859,0.606072665689,31
2,9,0.872034317089192,0.741523239273608,31
3,9,0.874741303373115,0.79585127714194,31
5,9,0.893873807855204,0.21631869357811,31
1,10,0.933436868207203,0.903665210069509,31
4,10,0.914303233637778,0.539822438149152,31
2,10,0.890947393768303,0.789834150792606,31
3,10,0.88440974346843,0.760705335340164,31
5,10,0.889814902515282,0.386736474175744,31
1,11,0.933373083382172,0.935547945806513,31
4,11,0.922614578261863,0.619164795902492,31
2,11,0.88227562693138,0.838958016946134,31
3,11,0.878445127698046,0.440072813492014,31
5,11,0.892241859079413,0.478735697803923,31
1,12,0.934105861225908,0.920206284619053,31
4,12,0.928770161896239,0.806651491699251,31
2,12,0.880792791556476,0.789313789823516,31
3,12,0.887041260412085,0.670699917360748,31
5,12,0.88144729821246,0.734697617162145,31
1,13,0.935238747550903,0.898656839793498,31
4,13,0.892298846099219,0.707518092277038,31
2,13,0.907936838249272,0.752666431307857,31
3,13,0.883830023253542,0.484077346379094,31
5,13,0.896206503652787,0.110548785021804,31
1,14,0.938419557745766,0.637495874389063,31
4,14,0.900345057227881,0.469319795434113,31
2,14,0.900986356000721,0.814337242244207,31
3,14,0.874606328779783,0.5217983282281,31
5,14,0.901156946392016,0.710032238079051,31
1,15,0.934039388488233,0.852099183238099,31
4,15,0.921194536077216,0.287990987848206,31
2,15,0.890121933818057,0.759199601278811,31
3,15,0.877990981019211,0.627911678501484,31
5,15,0.897089869010766,0.473421760201658,31
1,1,0.990313854396056,0.686748392490284,32
2,1,0.988918545810438,0.726055101790699,32
3,1,0.983489551283429,0.796998222862561,32
5,1,0.984690120225589,0.554669037097287,32
4,1,0.975153114557106,0.644515067028974,32
1,2,0.989227006819955,0.902829940725483,32
2,2,0.989905570885865,0.526598304110816,32
3,2,0.984154268149395,0.8043145604753,32
5,2,0.983984503941127,0.702107357456,32
4,2,0.971584618348843,0.435148910553643,32
1,3,0.991161423166278,0.584145690914409,32
2,3,0.987704757581964,0.603460199643813,32
3,3,0.984797472211727,0.520225104561431,32
5,3,0.985419611096858,0.513711455444448,32
4,3,0.970852091868568,0.817919445207846,32
1,4,0.991475403256865,0.784758177118397,32
2,4,0.989172361645848,0.529440305614283,32
3,4,0.986371106188094,0.65965038567388,32
5,4,0.980917328458515,0.280623499495605,32
4,4,0.984612301097541,0.68579787347736,32
1,5,0.989387838129454,0.887333754700637,32
2,5,0.988684448184319,0.592099322742962,32
3,5,0.985287375660066,0.153622790082102,32
5,5,0.977898748632772,0.0159180723234143,32
4,5,0.980588462757559,0.615993105484238,32
1,6,0.989359537767546,0.925026231498921,32
2,6,0.989446068578111,0.670866543374083,32
3,6,0.984042198156918,0.766547908299491,32
5,6,0.984492315822218,0.507516793373865,32
4,6,0.972145424160895,0.58867169822509,32
1,7,0.989246204817703,0.941098148752948,32
2,7,0.988969974780858,0.539089830851852,32
3,7,0.984637031352576,0.826159738319714,32
5,7,0.984003943626809,0.502614117845296,32
4,7,0.972649825884841,0.733820561578179,32
1,8,0.989204472768238,0.931050069448165,32
2,8,0.989719854029451,0.847579686200926,32
3,8,0.985294534583225,0.667148610335065,32
5,8,0.984063850895181,0.537442776243493,32
4,8,0.972277218113865,0.812874786892661,32
1,9,0.98965754295179,0.900045989972899,32
2,9,0.989878934395924,0.758305115793727,32
3,9,0.984875048751202,0.472445498304157,32
5,9,0.984378468443395,0.684477571820339,32
4,9,0.97110193181753,0.855464573067837,32
1,10,0.989374038414727,0.932664295071316,32
2,10,0.989823451537251,0.614557066919642,32
3,10,0.984689379311822,0.706962751676555,32
5,10,0.984717900514017,0.611655677731396,32
4,10,0.974641805914266,0.24924773222935,32
1,11,0.989478939792398,0.94127010165233,32
2,11,0.989537883731762,0.826103827146168,32
3,11,0.984820500156983,0.698973578030843,32
5,11,0.976770477065044,-0.0776485526514923,32
4,11,0.98249602147882,0.556495072085927,32
1,12,0.989476127256005,0.920938642953869,32
2,12,0.98871099764463,0.59421268165209,32
3,12,0.985256405384704,0.496627948872025,32
5,12,0.983518894172141,0.803601654428866,32
4,12,0.972485314428132,0.546916682713851,32
1,13,0.98962816397324,0.844743531112966,32
2,13,0.988865330317437,0.775689817005871,32
3,13,0.984577966263975,0.687230678783723,32
5,13,0.985733193441338,0.425304764619491,32
4,13,0.971437087550226,0.736112564088623,32
1,14,0.98926212402277,0.915210424720479,32
2,14,0.989664981312555,0.680796581001974,32
3,14,0.984981380917882,0.695592343012546,32
5,14,0.984273448791198,0.576000501248474,32
4,14,0.972912068952413,0.618709046581243,32
1,15,0.989287606422621,0.890760100774421,32
2,15,0.989888103307887,0.567373053193448,32
3,15,0.98381069466196,0.794846343146506,32
5,15,0.984183089046336,-0.162374364879359,32
4,15,0.971983468590381,0.785383768270038,32
1,1,0.971081761505928,0.888083621849438,33
3,1,0.964401198433263,0.621934736834179,33
2,1,0.942212492497283,0.838756665357522,33
4,1,0.943571859731212,0.782813145554007,33
5,1,0.946223000209623,0.790049360225654,33
1,2,0.969228750914498,0.906231098506472,33
3,2,0.96388213258723,0.325724606126885,33
2,2,0.941723742596809,0.510596658276132,33
4,2,0.943145504539561,0.779970331897847,33
5,2,0.949420456167968,0.514362894842631,33
1,3,0.972783463675128,0.557107963050994,33
3,3,0.963212695501232,0.825663542274246,33
2,3,0.941817027003913,0.591552616840109,33
4,3,0.943499539706729,0.642605771420738,33
5,3,0.950631844097581,0.675474344822552,33
1,4,0.968814876452775,0.918196809655053,33
3,4,0.965386217766611,0.783254152533763,33
2,4,0.941224354989659,0.743959655051387,33
4,4,0.942551931268798,0.675160931373537,33
5,4,0.945580756822878,0.871551475855278,33
1,5,0.969530090600788,0.912383751829925,33
3,5,0.964561310002942,0.698463884229856,33
2,5,0.942325697367809,0.600373028750757,33
4,5,0.939719646478774,0.319733512203216,33
5,5,0.954587121550282,0.467514340595834,33
1,6,0.96885480004513,0.935476459163683,33
3,6,0.966002079017283,0.661062523523667,33
2,6,0.945246885210723,0.546666949758897,33
4,6,0.942447880948359,0.594357587846245,33
5,6,0.95451241156554,0.737125717012818,33
1,7,0.970647931027325,0.77590355528619,33
3,7,0.966262224975998,0.5327505930708,33
2,7,0.941853383371419,0.743422538741238,33
4,7,0.939600282696059,0.842519495521065,33
5,7,0.949856703570128,0.0712837722092303,33
1,8,0.970043814323819,0.832437546236998,33
3,8,0.963365034647334,0.553947710436596,33
2,8,0.947562843810484,0.647754223558349,33
4,8,0.945445225106727,0.424277297231775,33
5,8,0.94996188475448,0.445225715833815,33
1,9,0.969148605182652,0.94209527773048,33
3,9,0.962748038025148,0.340824840633223,33
2,9,0.939994074777269,0.823447957400324,33
4,9,0.9493251575643,0.297459716840553,33
5,9,0.942251824597221,0.507084712151968,33
1,10,0.969714217114802,0.908447199610912,33
3,10,0.964920578913125,0.495773270895197,33
2,10,0.945226203870621,0.691609652816259,33
4,10,0.943964902799601,0.738750742913444,33
5,10,0.951858042250164,0.0683725720533257,33
1,11,0.969646887924122,0.839153149424568,33
3,11,0.965347207447115,0.849713004066967,33
2,11,0.944243162057885,0.610834840817984,33
4,11,0.942742280342436,0.680499778998521,33
5,11,0.948233284726282,0.463357756077749,33
1,12,0.969070842399456,0.911663409623363,33
3,12,0.962923299912631,0.683684235718986,33
2,12,0.946076959414425,0.781008400382528,33
4,12,0.938835415390721,0.465330917421762,33
5,12,0.948722143588928,0.679111015024997,33
1,13,0.969480409379619,0.882376058950139,33
3,13,0.963137872653549,0.82513168281437,33
2,13,0.941846486110138,0.770612589315649,33
4,13,0.942110021125745,0.749512136156092,33
5,13,0.951833884221865,0.578021062888394,33
1,14,0.971988472144067,0.804301560669203,33
3,14,0.963709248047533,0.201453981330026,33
2,14,0.948064484503245,0.462788413258448,33
4,14,0.948099158891234,0.350664448310581,33
5,14,0.957412875302462,0.636757989852183,33
1,15,0.969570055984957,0.896634876918262,33
3,15,0.963691064403118,0.577967127041804,33
2,15,0.945789753798133,0.631570196884234,33
4,15,0.939276859422901,0.607012842212083,33
5,15,0.952966336753172,0.525340971021585,33
1,1,0.941839472144899,0.735481892836161,34
5,1,0.87506610483788,0.492879417479814,34
2,1,0.924873318101293,0.849846474018712,34
4,1,0.874194733363801,0.685837811946597,34
3,1,0.910473959870637,0.490534545436143,34
1,2,0.936746855350946,0.938178425071035,34
5,2,0.920908946843356,0.696559389963268,34
2,2,0.871724198856619,0.675944377145153,34
4,2,0.88671887843473,0.702912648374934,34
3,2,0.899224088623181,0.511795390072601,34
1,3,0.937117890134529,0.878059278362754,34
5,3,0.871942473337368,0.722438418082086,34
2,3,0.916907109941526,0.870725834933475,34
4,3,0.896231159510955,0.746732268223568,34
3,3,0.885759488566956,0.675728430185938,34
1,4,0.93956350243971,0.785265791158241,34
5,4,0.899906646147806,0.744806116792741,34
2,4,0.897051956025152,0.819775840741887,34
4,4,0.885077584056163,0.616509518780566,34
3,4,0.896929128131269,0.406490137522375,34
1,5,0.938627803603757,0.888966395291542,34
5,5,0.906038471871772,0.621971980604912,34
2,5,0.888186241936867,0.747601446077448,34
4,5,0.885907843806298,0.528030087240149,34
3,5,0.902233089790294,0.876139979370721,34
1,6,0.936901656415288,0.901306902582071,34
5,6,0.904436765679681,0.113585103699852,34
2,6,0.89397268788836,0.808036721238334,34
4,6,0.882964391038204,0.321123133542886,34
3,6,0.899586837588165,0.810382234111919,34
1,7,0.93910139250016,0.914870619316674,34
5,7,0.886471826035315,0.421709180546748,34
2,7,0.898997261736454,0.742926555814891,34
4,7,0.883087233557325,0.453742151071507,34
3,7,0.906960826448926,0.72801005527511,34
1,8,0.936657583083007,0.913203977364815,34
5,8,0.8945854534276,0.451634436517216,34
2,8,0.90583604574286,0.86019196541814,34
4,8,0.8823910570064,0.475756048395133,34
3,8,0.894758861787791,0.564918011646488,34
1,9,0.943743906560644,0.723428759243987,34
5,9,0.879888210962434,0.181266669688026,34
2,9,0.923229437439301,0.765117770445988,34
4,9,0.88010884276286,0.292323900277336,34
3,9,0.906221735409517,0.426688448361346,34
1,10,0.936846258700921,0.893131269958233,34
5,10,0.923206270959235,0.682988417424856,34
2,10,0.866636583308679,0.639100072060197,34
4,10,0.876102276803601,0.860001843976503,34
3,10,0.904537198349506,0.58566030451828,34
1,11,0.935704212257227,0.918297296142685,34
5,11,0.887184842871355,0.216535765118536,34
2,11,0.908778641501847,0.640614589306287,34
4,11,0.9079598188159,-0.194644697626093,34
3,11,0.874491043406478,0.767246669491746,34
1,12,0.933965456066202,0.969762084053729,34
5,12,0.907241228509467,0.131269569677153,34
2,12,0.887937590699844,0.690737384283845,34
4,12,0.877833758322278,0.678417073244811,34
3,12,0.90392782129738,0.550351868449492,34
1,13,0.942392611893863,0.63766351916595,34
5,13,0.922755234620948,0.318808741653699,34
2,13,0.879417146570358,0.652887015537846,34
4,13,0.882401442702858,0.56293572230094,34
3,13,0.900272399777338,0.830760742198436,34
1,14,0.940341823505412,0.812234004457202,34
5,14,0.880899638172841,0.591701449576182,34
2,14,0.919418244865294,0.864054954575452,34
4,14,0.885211277987604,0.421932213543803,34
3,14,0.895327854082501,0.727525355591641,34
1,15,0.935496477748054,0.95864977988161,34
5,15,0.922690461608012,0.767413594306053,34
2,15,0.859934929035342,0.789199957718932,34
4,15,0.876439716944625,0.35113326846221,34
3,15,0.905434960532292,0.294636924777894,34
1,1,0.935730997245932,0.868727552960529,35
4,1,0.890930527878288,0.610419082000299,35
2,1,0.915755091100082,0.735192089469416,35
3,1,0.874696092251556,0.797055928808841,35
5,1,0.910632500896868,0.844849111389639,35
1,2,0.934472915099317,0.888554750465082,35
4,2,0.89745369247546,0.74292320691041,35
2,2,0.902685599420236,0.84346465390505,35
3,2,0.884419979473408,0.650353143778744,35
5,2,0.899638965286694,0.561017506820291,35
1,3,0.93592053244594,0.875730263667951,35
4,3,0.897264554985118,0.450168339758213,35
2,3,0.910133488634095,0.721377910384032,35
3,3,0.885898733925846,0.756942534959835,35
5,3,0.909087334681963,0.615078703903034,35
1,4,0.937375803966661,0.832830620248542,35
4,4,0.898516008120364,0.345818438447622,35
2,4,0.915370299057739,0.770185123841123,35
3,4,0.890467128034745,0.482332162745717,35
5,4,0.901891970735947,0.535034724770364,35
1,5,0.934511173371474,0.900684598076326,35
4,5,0.914783704255894,0.532820522862804,35
2,5,0.889170904259608,0.813438312706545,35
3,5,0.884504600807917,0.677618172596826,35
5,5,0.913693030709101,0.543373397698032,35
1,6,0.931578453264722,0.968234271898503,35
4,6,0.889172612998354,0.747383432856678,35
2,6,0.903492048817734,0.826974312556345,35
3,6,0.884146952751669,0.460372782337112,35
5,6,0.913221855702373,0.613476334627759,35
1,7,0.936809056576551,0.805307237638526,35
4,7,0.892815285233257,0.80493946558389,35
2,7,0.900758601027996,0.54471949388369,35
3,7,0.877364367105336,0.661401536733167,35
5,7,0.912758391681173,0.818443172399224,35
1,8,0.938504406799893,0.764064583758432,35
4,8,0.895147926340998,0.616126666927843,35
2,8,0.901528892545908,0.554646087996228,35
3,8,0.879126994757714,0.566330196856236,35
5,8,0.910307082834289,0.333732134330223,35
1,9,0.936429383622113,0.890487056503469,35
4,9,0.89263520707725,0.479079206716184,35
2,9,0.913104274118174,0.669871306327594,35
3,9,0.879336591410318,0.511880974739437,35
5,9,0.909776123098947,0.702617439750766,35
1,10,0.930858020352213,0.966795244845449,35
4,10,0.903740222106936,0.613177479570976,35
2,10,0.893951213296955,0.516232537234312,35
3,10,0.883019249721943,0.545242238093877,35
5,10,0.90679975199532,0.157253681020638,35
1,11,0.935781955482443,0.860434197970202,35
4,11,0.900473683003762,0.321036732884294,35
2,11,0.904708609834162,0.88968070210067,35
3,11,0.886881320612935,0.417861412637199,35
5,11,0.910037060347113,0.0822203724874533,35
1,12,0.938905870752368,0.734998341073634,35
4,12,0.905932959211602,0.50616632561846,35
2,12,0.894820930449671,0.608787640334745,35
3,12,0.885085431820567,0.646028951763191,35
5,12,0.913011748132462,0.591903893978224,35
1,13,0.936764180858284,0.847158223594466,35
4,13,0.898098387507538,0.614543024418196,35
2,13,0.901393818414405,0.619598395651333,35
3,13,0.883428177454576,0.410127568630271,35
5,13,0.906016642485816,0.596325287535111,35
1,14,0.934989212701837,0.898546693898826,35
4,14,0.888767450420394,0.0323312003657414,35
2,14,0.912659835526072,0.612904134477976,35
3,14,0.899234177019233,0.551416706961683,35
5,14,0.90937604115183,0.158172714971816,35
1,15,0.933008231476391,0.927832204574837,35
4,15,0.915442810604053,0.75803022211362,35
2,15,0.887048747344026,0.702710347779405,35
3,15,0.88481220573856,0.76390720773516,35
5,15,0.905687142651645,0.417192242734832,35
1,1,0.937602642630832,0.910205839319333,36
2,1,0.923158816334874,0.673168750034404,36
3,1,0.886379473221659,0.721728234269867,36
4,1,0.875832641459263,0.767491594782499,36
5,1,0.912315069608347,0.361682388052432,36
1,2,0.937564276927805,0.873790148642072,36
2,2,0.929853885796268,0.710525569082283,36
3,2,0.885470782701427,0.339440010841941,36
4,2,0.889453063746857,0.25616748891248,36
5,2,0.907641275331409,0.591155490678709,36
1,3,0.939521170234764,0.804372236025273,36
2,3,0.90972630632373,0.590928205102598,36
3,3,0.90014021626922,0.703252813383066,36
4,3,0.86740765637771,0.449986651518389,36
5,3,0.903045907030526,0.59831533811361,36
1,4,0.940647087957243,0.819464186396218,36
2,4,0.924752970629057,0.82253534624303,36
3,4,0.879039607353041,0.630411371326396,36
4,4,0.88352816151389,0.318176406267808,36
5,4,0.913881502533123,0.835638170821373,36
1,5,0.936516122575316,0.936886138837594,36
2,5,0.914608443507434,0.738150527279737,36
3,5,0.883621211237752,0.400332143738139,36
4,5,0.876985615694144,0.725197653974795,36
5,5,0.907079366227166,0.465985969086791,36
1,6,0.9406196210629,0.761801104245249,36
2,6,0.922206677564947,0.702953827817733,36
3,6,0.891563098125151,0.532874667065126,36
4,6,0.873196686406661,0.619797288193946,36
5,6,0.910004158082503,0.321988408586341,36
1,7,0.936916311146169,0.888153936079268,36
2,7,0.922022286289461,0.763647967550265,36
3,7,0.891406882930119,0.739719251249817,36
4,7,0.873165102298946,0.590222166888243,36
5,7,0.911578101306815,0.605789877875491,36
1,8,0.937276332505028,0.84899660064151,36
2,8,0.926537985323259,0.697881426362347,36
3,8,0.884600236842231,0.459523896561823,36
4,8,0.872476247442549,0.680577512454163,36
5,8,0.910583295250044,0.274541403241331,36
1,9,0.93698171788382,0.913310425942359,36
2,9,0.91405812456675,0.6088354249569,36
3,9,0.894641123274188,0.59058517755642,36
4,9,0.873876803387493,0.870538321569139,36
5,9,0.911057994702359,0.454001248428374,36
1,10,0.938218515600481,0.908943214160662,36
2,10,0.921492380104366,0.477988475360985,36
3,10,0.891866092481622,0.512961351441702,36
4,10,0.876555654993539,0.610078207301171,36
5,10,0.907043037619328,0.196938062581245,36
1,11,0.941722793838975,0.727397337841873,36
2,11,0.906642687770418,0.746735791533291,36
3,11,0.89899372344158,0.850867801510696,36
4,11,0.880156248254145,0.433655403722011,36
5,11,0.912653684173947,0.568425161997428,36
1,12,0.940553646433889,0.744160105530653,36
2,12,0.924824618054357,0.635993316036446,36
3,12,0.881442558958483,0.755333930203635,36
4,12,0.876729259588326,0.501530158749215,36
5,12,0.905537524451112,0.795340707226037,36
1,13,0.935145530441588,0.946399159110065,36
2,13,0.920425432821454,0.679410577355765,36
3,13,0.889947465400051,0.639608980844107,36
4,13,0.874176196525028,0.507116952763957,36
5,13,0.909003922278923,0.262545570725347,36
1,14,0.937476720155159,0.879488054484318,36
2,14,0.924246627178125,0.0357759660529731,36
3,14,0.874712744288023,0.817707646770176,36
4,14,0.874823291144262,0.414321773696049,36
5,14,0.909858490294422,0.515757495793215,36
1,15,0.939968050245424,0.795510745128205,36
2,15,0.910770067423219,0.810551030071887,36
3,15,0.897261606252453,0.63387891722892,36
4,15,0.868484104220608,0.830819045416402,36
5,15,0.908725188680853,0.791660741461077,36
1,1,0.931445827516317,0.914807794581131,37
4,1,0.930421643177705,0.509289705711285,37
2,1,0.87136240365685,0.543192012015622,37
5,1,0.871479863634256,0.451983548500086,37
3,1,0.911153052775471,0.500069579156125,37
1,2,0.932842943396023,0.818518400927298,37
4,2,0.906766864195808,0.518440507843921,37
2,2,0.89313953262746,0.553805096806251,37
5,2,0.865596664272664,0.650104295373091,37
3,2,0.90903278311899,0.687064511918034,37
1,3,0.933783985446244,0.828538750598981,37
4,3,0.920363962173425,0.343202033502581,37
2,3,0.890812211278668,0.697357843984245,37
5,3,0.866582584335813,0.065516712745145,37
3,3,0.911233757321307,0.284428002753926,37
1,4,0.934506596826816,0.820534013894211,37
4,4,0.933942308370559,0.440903471711546,37
2,4,0.862362417770305,0.768438209531519,37
5,4,0.890568944808648,0.2197108772996,37
3,4,0.906421189576857,0.104758517720184,37
1,5,0.934311963161323,0.883922562666691,37
4,5,0.92358212278684,0.72510414754021,37
2,5,0.881566654041104,0.934794452763375,37
5,5,0.883964551591032,0.687895118928952,37
3,5,0.890843125922797,0.703260066817401,37
1,6,0.934527803612821,0.784575232319916,37
4,6,0.888800336631916,0.69762110103318,37
2,6,0.920328785281003,0.818361447235734,37
5,6,0.887504468510574,0.21559462768736,37
3,6,0.892206903790313,0.732151003916414,37
1,7,0.931196326648498,0.898327403343095,37
4,7,0.920558497143429,0.850366042259908,37
2,7,0.882931815595486,0.676782323064068,37
5,7,0.864457370787498,0.803766450930095,37
3,7,0.909169050899589,0.654717855523748,37
1,8,0.937532610035762,0.727606020156267,37
4,8,0.884698592757776,0.631379580778503,37
2,8,0.921397619213568,0.65839720731975,37
5,8,0.876939751860313,0.474166355941776,37
3,8,0.904649100342942,0.572063834642921,37
1,9,0.931680297195928,0.906652810611465,37
4,9,0.885320846445632,0.434998043057278,37
2,9,0.911203902424924,0.671805021831645,37
5,9,0.873402864158749,0.619023162610188,37
3,9,0.906168097424834,0.353842134390471,37
1,10,0.935264740672609,0.820610464023416,37
4,10,0.907300615020041,0.614211008487434,37
2,10,0.898404627843822,0.658265575856977,37
5,10,0.87107167789288,0.714070741686144,37
3,10,0.894330109978372,0.623435948655726,37
1,11,0.930927102814458,0.922271879328232,37
4,11,0.89769510383319,0.220518925245519,37
2,11,0.907665848423566,0.532263666960673,37
5,11,0.868474627326276,-0.196431116648233,37
3,11,0.907109635488044,0.448542491015457,37
1,12,0.935900571036364,0.784066608972787,37
4,12,0.894131069830668,0.326408835979262,37
2,12,0.902443883265786,0.785551718100296,37
5,12,0.868573302160548,0.438170835924015,37
3,12,0.909358730443191,0.206108027147857,37
1,13,0.929807098116923,0.934402707838287,37
4,13,0.907346515603686,0.56472260774828,37
2,13,0.891979727766192,0.874434002308457,37
5,13,0.867106724318077,0.626315674436395,37
3,13,0.914304268174507,0.714652369241745,37
1,14,0.935547383297229,0.790295649391963,37
4,14,0.883616982049518,0.429988951745922,37
2,14,0.922116016851976,0.795999981118097,37
5,14,0.89611466492804,0.60485810042989,37
3,14,0.880850480199559,0.557232713115874,37
1,15,0.929188707272849,0.967687604741599,37
4,15,0.914835249594444,0.557749959849805,37
2,15,0.880980456346997,0.651817116421113,37
5,15,0.876637513205116,0.710829336750431,37
3,15,0.900302522900354,0.816308985960627,37
1,1,0.968054196308792,0.860704516378084,38
2,1,0.967398433453475,0.891977091874192,38
4,1,0.94338217901876,0.319532333477977,38
3,1,0.94205731934067,0.758027313560787,38
5,1,0.942411886713378,0.322683920317046,38
1,2,0.968428824869067,0.876701877134576,38
2,2,0.965057109913353,0.63880746104026,38
4,2,0.937635612479017,0.8058290255763,38
3,2,0.941028341789245,0.733103553657646,38
5,2,0.943332853313854,0.747091944088586,38
1,3,0.968900002371486,0.90343286311907,38
2,3,0.965715529212648,0.505077378828778,38
4,3,0.94785686333128,0.739850977421147,38
3,3,0.951756587737834,0.831333619034319,38
5,3,0.935874084544207,0.719448913534715,38
1,4,0.967013580838338,0.951140476569008,38
2,4,0.965528762044802,0.849962308283005,38
4,4,0.942985721351443,0.624511401537382,38
3,4,0.946548349162617,0.653141492157115,38
5,4,0.936265177586113,0.21397849809545,38
1,5,0.968869905766139,0.84421475740504,38
2,5,0.966884496205901,0.777732426026678,38
4,5,0.9448531304553,0.590086760937009,38
3,5,0.943414837686411,0.465729042194838,38
5,5,0.940352029548655,0.436083796156886,38
1,6,0.967775688353481,0.929298313720824,38
2,6,0.966544763728839,0.382485554030847,38
4,6,0.941547490154597,0.565171809966104,38
3,6,0.944906693037109,0.39651226450919,38
5,6,0.942351873153834,0.640429196721297,38
1,7,0.969211955672174,0.867147120624856,38
2,7,0.968630378011786,0.728907526512708,38
4,7,0.942737245103175,0.380560393174792,38
3,7,0.944176585114071,0.379303629896348,38
5,7,0.9484396653519,0.257928299002662,38
1,8,0.968199189186251,0.834847255645792,38
2,8,0.96670216140815,0.56291636976401,38
4,8,0.937036914804569,0.8667065594912,38
3,8,0.941925895595704,0.831743326898562,38
5,8,0.939502777547743,0.194915052423711,38
1,9,0.969247128344597,0.809243485830147,38
2,9,0.967963492164558,0.78398213176188,38
4,9,0.941815226186327,0.357151749681044,38
3,9,0.945978259091224,0.633795204639707,38
5,9,0.934543782536176,0.855096310437299,38
1,10,0.967746822397556,0.859102809111169,38
2,10,0.967578944127533,0.680483004657259,38
4,10,0.943864528090212,0.644750972501331,38
3,10,0.948259899294818,0.751586212426882,38
5,10,0.937617061671545,0.671819172644431,38
1,11,0.968210880857184,0.816186420494699,38
2,11,0.963687053375336,0.807443283218587,38
4,11,0.94303224485539,0.805074526993564,38
3,11,0.949707755354791,0.346755913187678,38
5,11,0.936235154465228,0.397183728050692,38
1,12,0.968373543562147,0.897216118553857,38
2,12,0.966686060071723,0.599929352296738,38
4,12,0.943354674121891,0.308822913070711,38
3,12,0.946142493963881,0.41552105024519,38
5,12,0.939899043218787,0.638793988679707,38
1,13,0.972829240854217,0.559829826499716,38
2,13,0.967841670750668,0.268243455307828,38
4,13,0.94474454585281,0.2808551243096,38
3,13,0.943321088575344,0.164506704707464,38
5,13,0.94716894692829,0.607354031599305,38
1,14,0.967251593090375,0.898777597547785,38
2,14,0.965142659000253,0.531926396077761,38
4,14,0.945026892444714,0.738201244045018,38
3,14,0.952926436761988,0.55784409647504,38
5,14,0.934448238683979,0.637107715543036,38
1,15,0.967140182196037,0.946485976923994,38
2,15,0.965065201153354,0.707413849941451,38
4,15,0.941147355459389,0.228916566274792,38
3,15,0.947263497796234,0.619533599991087,38
5,15,0.93957741803636,0.506665490335552,38
1,1,0.967925507316319,0.840981179170344,39
2,1,0.963019179041915,0.897047882966475,39
3,1,0.946540092919732,0.458464659016938,39
4,1,0.940052520358044,0.555172735557242,39
5,1,0.930541000769574,0.877486159164087,39
1,2,0.969009863343998,0.845201415379092,39
2,2,0.966077420650046,0.754522343487945,39
3,2,0.943080944054184,0.70983746275,39
4,2,0.941104815844573,0.626406848028422,39
5,2,0.931820657493991,0.521915747079519,39
1,3,0.96667860907477,0.91886215108117,39
2,3,0.966217948330692,0.702874815264333,39
3,3,0.941410423419887,0.613077212035407,39
4,3,0.937790271911083,0.724691372844355,39
5,3,0.932361078801912,0.269686816228094,39
1,4,0.966655518470916,0.942439648013536,39
2,4,0.965822902355758,0.817644560418835,39
3,4,0.939654172449774,0.633139217844557,39
4,4,0.939106863811949,0.80486733894645,39
5,4,0.930338450947309,0.54956987584513,39
1,5,0.966606264823693,0.938309996349424,39
2,5,0.965154158015252,0.486748719921845,39
3,5,0.94185923253796,0.790038978791965,39
4,5,0.938981118624249,0.416284105908783,39
5,5,0.932165536274208,0.46953752451277,39
1,6,0.967100774226144,0.855102372251923,39
2,6,0.966741264367916,0.604258382877631,39
3,6,0.942372018809941,0.706611850387782,39
4,6,0.937744757094996,0.671132097238696,39
5,6,0.935286260046423,0.45714451730819,39
1,7,0.967775284856412,0.920389324462405,39
2,7,0.964306839406273,0.905801389472023,39
3,7,0.942031006531078,0.510859201033585,39
4,7,0.945176021287397,0.253630731602041,39
5,7,0.927625144158565,0.42511484831357,39
1,8,0.96738181625073,0.892248393809395,39
2,8,0.966137174422884,0.256765088476967,39
3,8,0.941011935171357,0.542342583159614,39
4,8,0.925010182958792,0.597394624168824,39
5,8,0.94652334205843,0.495246686068298,39
1,9,0.967967416754963,0.868202890132806,39
2,9,0.967511271299903,0.613001668352914,39
3,9,0.939702385683189,0.698664117725686,39
4,9,0.935141363741705,0.360808410699853,39
5,9,0.948306424306934,0.275709793218146,39
1,10,0.969123614497664,0.820877892779951,39
2,10,0.964975906661408,0.817750045861735,39
3,10,0.939516211007588,0.732397739285312,39
4,10,0.939323800514349,0.767755139321242,39
5,10,0.939201622855136,0.584726482334556,39
1,11,0.966115445880216,0.913903215002176,39
2,11,0.966040132745993,0.710553032853932,39
3,11,0.942096971791725,0.67360566954357,39
4,11,0.941342932078741,0.81800512259148,39
5,11,0.928197445068985,0.504501928228032,39
1,12,0.966257375495216,0.95497439909099,39
2,12,0.962448051745628,0.550863758468426,39
3,12,0.944857148818643,0.822012157477785,39
4,12,0.943312949134771,0.702744528689663,39
5,12,0.926594427515547,0.858424035737456,39
1,13,0.970010284366567,0.550102566534532,39
2,13,0.968528360403721,0.555554868958545,39
3,13,0.944838016071279,0.631531860255997,39
4,13,0.940579593688172,0.42109212937919,39
5,13,0.92704962790244,0.483998369780871,39
1,14,0.968430845284984,0.879356282348782,39
2,14,0.964958346838722,0.725991934543921,39
3,14,0.940917262893589,0.559053352993828,39
4,14,0.945462718887485,0.473931365289449,39
5,14,0.935958588698831,0.651312075822331,39
1,15,0.96606959310815,0.9164334063847,39
2,15,0.963481411444819,0.613671178149499,39
3,15,0.945495810977652,0.214313412130624,39
4,15,0.930658000949512,0.573864616741527,39
5,15,0.937815994368627,0.308742708959017,39
1,1,0.933409447702211,0.900626972277562,40
5,1,0.87642795539884,0.150177351781961,40
2,1,0.905658549791482,0.73384371349133,40
3,1,0.893774533931969,0.79449785865339,40
4,1,0.882569159355148,0.0295411962670225,40
1,2,0.936893814002218,0.817807292209708,40
5,2,0.898191874326288,0.548619090393702,40
2,2,0.891478926581125,0.72226198733607,40
3,2,0.90254409135195,0.488526916505683,40
4,2,0.871521482268424,0.438151278534787,40
1,3,0.934059452007648,0.897539425498885,40
5,3,0.894828375272809,0.776407162919121,40
2,3,0.878310503173027,0.728126926392741,40
3,3,0.900493124679629,0.803271982836541,40
4,3,0.871092533807985,0.580708862084649,40
1,4,0.933579341843304,0.923956821764983,40
5,4,0.876847563751099,0.306157567739079,40
2,4,0.900458236593157,0.799352898501457,40
3,4,0.893720545690845,0.808289418342644,40
4,4,0.879438580315326,0.564125235260985,40
1,5,0.935941704360962,0.780498205602559,40
5,5,0.902300227901935,0.327788701997783,40
2,5,0.877093786495126,0.518650321700018,40
3,5,0.891521149514686,0.64324092020246,40
4,5,0.897775335872956,0.506999239422206,40
1,6,0.935480412866312,0.888690911726005,40
5,6,0.900664264397905,0.379361877450251,40
2,6,0.882914645327237,0.923766884901796,40
3,6,0.88034359981853,0.604732353156175,40
4,6,0.895364460466974,0.35041352028004,40
1,7,0.937519596622934,0.764474084395128,40
5,7,0.871908400579917,0.634253444572851,40
2,7,0.906063447560284,0.730440966183043,40
3,7,0.887954084380204,0.371021047845304,40
4,7,0.874138886702529,0.766520778034456,40
1,8,0.936666911674135,0.825840184933234,40
5,8,0.90787187851093,0.524040545284338,40
2,8,0.871656943969383,0.586191869413224,40
3,8,0.900365544702901,0.313787759015566,40
4,8,0.888343899946456,0.666933665530215,40
1,9,0.935370885491558,0.881985474398938,40
5,9,0.879466189708273,0.62392814701258,40
2,9,0.90500685602141,0.825125480980647,40
3,9,0.897146358709579,0.555080605967154,40
4,9,0.871906443314854,0.751373070352241,40
1,10,0.933473145269379,0.922282608142838,40
5,10,0.885059209679637,0.192540210199,40
2,10,0.903074840897923,0.501066748509844,40
3,10,0.898729479537629,0.854957271779098,40
4,10,0.876862733061062,0.418776141000251,40
1,11,0.934520728808267,0.889429470346851,40
5,11,0.875914388374268,0.23459525430454,40
2,11,0.907694751698326,0.809709678219002,40
3,11,0.88961562644782,0.806159179116018,40
4,11,0.87861945374617,0.548906318683724,40
1,12,0.939734736943203,0.643823127252806,40
5,12,0.907616823648367,0.468987329080277,40
2,12,0.878270980247942,0.780069116178757,40
3,12,0.894077263648966,0.656643462871937,40
4,12,0.874403590676837,0.288567122278944,40
1,13,0.934701630753536,0.850775305850176,40
5,13,0.886178056179188,0.199129172897223,40
2,13,0.899498640490626,0.766625540534194,40
3,13,0.88585060527931,0.564178374481378,40
4,13,0.891497980835153,0.45037905272561,40
1,14,0.935682371557068,0.884529681687176,40
5,14,0.890443071043198,0.201105694227963,40
2,14,0.889279445336776,0.728049270918826,40
3,14,0.89436520036447,0.664759907677453,40
4,14,0.881829667020031,0.0223421407565375,40
1,15,0.933987509005793,0.891820923879421,40
5,15,0.905194293073126,0.399237034260828,40
2,15,0.876144302377409,0.879330124980245,40
3,15,0.893749469921549,0.691295074256365,40
4,15,0.881790987037363,0.460085504364424,40
1,1,0.970093414062426,0.536082889920908,41
2,1,0.967020468910252,0.715094220494926,41
3,1,0.95664244799567,0.648538785542365,41
4,1,0.940670556564227,0.367574059890464,41
5,1,0.953881329308868,0.488630156043132,41
1,2,0.966658677351948,0.969013366240717,41
2,2,0.966221458853261,0.772065463065698,41
3,2,0.949370693515737,0.702803747230547,41
4,2,0.940632703517659,0.823756615572828,41
5,2,0.948090751783463,0.617602265394879,41
1,3,0.966934208859515,0.924925653987427,41
2,3,0.967347361273279,0.324878188250715,41
3,3,0.950742447272974,0.680472581332665,41
4,3,0.935424167986998,0.636174494262513,41
5,3,0.951452268160641,0.289695499786866,41
1,4,0.967008225063265,0.916507436265987,41
2,4,0.969105852431865,0.58854234107007,41
3,4,0.950012757607088,0.882264208709936,41
4,4,0.937911556849364,0.835596408021649,41
5,4,0.946305062666898,0.69061049391709,41
1,5,0.969593926016176,0.838828369492585,41
2,5,0.968443752602984,0.810352012790673,41
3,5,0.947708528697434,0.297569289104635,41
4,5,0.946749624994998,0.289708416175575,41
5,5,0.951567408746878,0.615257028671068,41
1,6,0.966487060402655,0.875544562491326,41
2,6,0.967608264184988,0.536089944667282,41
3,6,0.949126185716112,0.848687068546087,41
4,6,0.939457664721197,0.382627676180503,41
5,6,0.954144421506204,0.496615161240796,41
1,7,0.967174639518444,0.871026075654635,41
2,7,0.970456442595709,0.657560157938332,41
3,7,0.952305224349611,0.45630628671947,41
4,7,0.937632789300836,0.600471137844574,41
5,7,0.94805763174772,0.190979546918744,41
1,8,0.968744733611424,0.859635052607794,41
2,8,0.96710519294762,0.647778694218346,41
3,8,0.954007694517971,0.777168680549945,41
4,8,0.939780531945292,0.70839393669839,41
5,8,0.954708576183997,0.434323410637235,41
1,9,0.968058177004323,0.845197314357742,41
2,9,0.968838445149013,0.498973138207288,41
3,9,0.947596793157646,0.724380568292354,41
4,9,0.940258206167544,0.861816759972928,41
5,9,0.947756271641908,0.569054493592039,41
1,10,0.968140149770941,0.823151682161209,41
2,10,0.9633604932859,0.444360465738623,41
3,10,0.953534251612891,0.705692726383841,41
4,10,0.936265549895399,0.597979880130891,41
5,10,0.95401134784695,0.582446647537006,41
1,11,0.969812857260984,0.767830461510209,41
2,11,0.968066153446208,0.804189343127236,41
3,11,0.952327042345435,0.516580137542273,41
4,11,0.941163455678987,0.480120676400894,41
5,11,0.951649729665234,0.552633221744208,41
1,12,0.969789775813089,0.680203467435821,41
2,12,0.964932465387997,0.703606993471187,41
3,12,0.9505183657878,0.632612670336465,41
4,12,0.946636888923541,0.545327163858568,41
5,12,0.952460012664535,0.528201910235214,41
1,13,0.967237941943598,0.918599330501103,41
2,13,0.96911413017389,0.594788584053277,41
3,13,0.950116046485237,0.680217186288075,41
4,13,0.938821716522474,0.706354614536608,41
5,13,0.953893488934283,0.705229392666984,41
1,14,0.966774090345671,0.952701263859362,41
2,14,0.966260138454521,0.712092355240579,41
3,14,0.953289678349077,0.642894150220735,41
4,14,0.939045419546197,0.00913733319093815,41
5,14,0.952915680137198,0.413216313335188,41
1,15,0.968961771760068,0.762789908155549,41
2,15,0.967864432960335,0.77871331301985,41
3,15,0.949696203527158,0.327733480160975,41
4,15,0.93950343292991,0.688407830155598,41
5,15,0.951095738143255,0.795283349910232,41
1,1,0.931638068366177,0.919454725697874,42
2,1,0.921380108241698,0.600803334212064,42
4,1,0.887441285627275,0.416359306525857,42
3,1,0.886572010632403,0.382870596171324,42
5,1,0.894656728351886,0.417530156881446,42
1,2,0.935371410820315,0.912171204846345,42
2,2,0.92373432677978,0.595757382356854,42
4,2,0.872438656094613,0.692244021194409,42
3,2,0.886186890269912,0.741141556961156,42
5,2,0.896568863717883,0.336584292920474,42
1,3,0.934694345105883,0.888170381760977,42
2,3,0.87559462951543,0.589425634737908,42
4,3,0.931411528557979,0.910412863965224,42
3,3,0.879840922170371,0.848963980460484,42
5,3,0.899853882742543,0.681730014042198,42
1,4,0.936094507471203,0.861349612442481,42
2,4,0.908599405797868,0.519763656209972,42
4,4,0.897205817666487,0.461141358104457,42
3,4,0.888634626684337,0.32940600182321,42
5,4,0.907154249078821,0.7026279914858,42
1,5,0.93469911036813,0.811478717393694,42
2,5,0.922655118485225,0.51106657758295,42
4,5,0.88179121374607,0.39190397962581,42
3,5,0.880375808726354,0.659201695742546,42
5,5,0.897874139406727,0.50536339281017,42
1,6,0.936127475033186,0.838753179266898,42
2,6,0.923849144862206,0.719627297436956,42
4,6,0.877488164119309,0.605089995391578,42
3,6,0.873246100685742,0.787211309445314,42
5,6,0.89976491042842,0.83224714583112,42
1,7,0.93514194329569,0.809510120458904,42
2,7,0.930529791521227,0.418371381021304,42
4,7,0.876989773439148,0.861990927965451,42
3,7,0.8949725395694,0.492376532826737,42
5,7,0.885105907221276,0.682135296137966,42
1,8,0.932355809214219,0.940723384301508,42
2,8,0.926707512121123,0.623797705421575,42
4,8,0.86788223232553,0.625578311878097,42
3,8,0.887240518934974,0.817913436286628,42
5,8,0.897011472609282,0.0155699504621969,42
1,9,0.931637693507187,0.925102148241657,42
2,9,0.927824710573989,0.644612796847615,42
4,9,0.879112925509441,0.478135261159988,42
3,9,0.876981628168487,0.729291930758178,42
5,9,0.897401722655339,0.238951939427391,42
1,10,0.934034351859112,0.838817399270272,42
2,10,0.930849774802379,0.836740699620974,42
4,10,0.880828838629849,0.613101016054852,42
3,10,0.876046842707382,0.724216801138177,42
5,10,0.889719301637555,0.259588173112337,42
1,11,0.933408723460753,0.878313954450873,42
2,11,0.93090328995594,0.684563025918454,42
4,11,0.885720354734109,0.107326265476291,42
3,11,0.877947714496351,0.312702264216488,42
5,11,0.89986837864509,-0.103576557409629,42
1,12,0.937229117459765,0.744940388153836,42
2,12,0.923747571727094,0.627437699787368,42
4,12,0.8728297332523,0.658172149605771,42
3,12,0.888621399367364,0.180557414709106,42
5,12,0.901395618034294,0.720657273969475,42
1,13,0.936546660264704,0.798678217528807,42
2,13,0.931517925059782,0.6770606073668,42
4,13,0.876679531050433,0.526014076382275,42
3,13,0.881005246579621,0.61939744366702,42
5,13,0.887955262243287,0.111432224655632,42
1,14,0.932731354296029,0.93007882929584,42
2,14,0.930356589424568,0.655076214258171,42
4,14,0.874497155886988,0.622721797718328,42
3,14,0.880525039600607,0.803729125732116,42
5,14,0.899089199772029,0.345650689880913,42
1,15,0.93615771771187,0.855951053026699,42
2,15,0.930492788998089,0.341377726207717,42
4,15,0.87600888059581,0.472299139881023,42
3,15,0.889402503653738,0.590100476942592,42
5,15,0.902296049192052,0.173561485225913,42
1,1,0.939446208072063,0.817054131821446,43
5,1,0.90988417669832,0.676801124985419,43
2,1,0.889830594220509,0.781408984405222,43
4,1,0.866361190212984,0.74711143954264,43
3,1,0.898132888888313,0.576271762461713,43
1,2,0.935947864286136,0.934833284396021,43
5,2,0.918316145845503,0.552107642563973,43
2,2,0.875275290184204,0.710801295985867,43
4,2,0.867234813985542,-0.263192016748513,43
3,2,0.900071916202196,0.567660157487662,43
1,3,0.934869587266651,0.954197956429083,43
5,3,0.888953576445616,0.554583639236677,43
2,3,0.901407940940584,0.649094678496524,43
4,3,0.8811736692522,0.598676237728839,43
3,3,0.886784570642668,0.284664165445876,43
1,4,0.935873918188379,0.936715718495041,43
5,4,0.918576311391762,0.368633812370198,43
2,4,0.87380039156192,0.572262700348608,43
4,4,0.876621095292845,0.420665888583601,43
3,4,0.905710705959417,0.772890423036624,43
1,5,0.937628525298636,0.866508625050452,43
5,5,0.895166492122172,0.504017050095638,43
2,5,0.896824972199256,0.818571211241961,43
4,5,0.888912547738686,0.302436836477102,43
3,5,0.896248539583669,0.00615155111587607,43
1,6,0.935849726526343,0.901501319075807,43
5,6,0.918855505717505,0.66628277284536,43
2,6,0.866179087647851,0.897445827830188,43
4,6,0.884984225429173,0.686385179702102,43
3,6,0.892091556996706,0.704445936229587,43
1,7,0.937408218896597,0.874642772994531,43
5,7,0.883026366167058,0.33223143909343,43
2,7,0.908899184511827,0.686409675147955,43
4,7,0.901589080043955,0.651189635154606,43
3,7,0.869740719774783,0.775839850907484,43
1,8,0.938292478762216,0.871464539903226,43
5,8,0.871900896768189,0.431290520921462,43
2,8,0.917728823751762,0.794560681212626,43
4,8,0.881161858610407,0.5753707153157,43
3,8,0.889340328338216,0.543237653695072,43
1,9,0.938132748073932,0.870339536410806,43
5,9,0.887747833763803,0.183460834885729,43
2,9,0.906605449566932,0.639777381712486,43
4,9,0.8910435343196,0.24950484012098,43
3,9,0.8966371099482,0.438346911659323,43
1,10,0.939114479526476,0.788104399892231,43
5,10,0.919437852663026,0.352648107082976,43
2,10,0.875100729082633,0.526434173270279,43
4,10,0.871547349125034,0.709798658294739,43
3,10,0.899809842687441,0.450103800599698,43
1,11,0.941644309557483,0.759481712787475,43
5,11,0.882702786883275,0.561051629860778,43
2,11,0.911661089744353,0.849990673189673,43
4,11,0.885237672784413,0.343728801327373,43
3,11,0.890718399607946,0.853389921584626,43
1,12,0.935187690761466,0.933541110009203,43
5,12,0.884167548592271,0.465581889362653,43
2,12,0.913241868875706,0.782767013859566,43
4,12,0.870231739054949,0.533683571188493,43
3,12,0.904269594006534,0.736025536060919,43
1,13,0.94007065831305,0.870245613909422,43
5,13,0.905540606235331,0.480378429277184,43
2,13,0.89657672705171,0.639196171129314,43
4,13,0.887854402532308,0.592002824785944,43
3,13,0.879169227833536,0.640357731478403,43
1,14,0.94270575267527,0.74049037979943,43
5,14,0.903480229259633,0.449087518113371,43
2,14,0.881802559374077,0.622582916175336,43
4,14,0.866381456619085,0.792469349150854,43
3,14,0.895857720305508,0.667089805874792,43
1,15,0.936242620214594,0.857566691378787,43
5,15,0.87594070824334,0.548567152885229,43
2,15,0.92298619034461,0.601705346577098,43
4,15,0.865918349269247,0.519609542184961,43
3,15,0.90329782377981,0.610799806040983,43
1,1,0.967702705809379,0.889918149093697,44
2,1,0.959681242733531,0.632746580442006,44
4,1,0.944846663225969,0.384298391729343,44
5,1,0.933787762330466,0.529404345849085,44
3,1,0.958706071516048,0.277804237322631,44
1,2,0.967481756972214,0.856726937432944,44
2,2,0.959804080805243,0.653183179265395,44
4,2,0.947015943495039,0.687448848658954,44
5,2,0.957332279185998,0.45213753392261,44
3,2,0.931126935049299,0.59359476465988,44
1,3,0.967757347579389,0.854834394188534,44
2,3,0.959790333326028,0.820112691088908,44
4,3,0.947721355539014,0.526179772929191,44
5,3,0.942340282393028,0.4217951884952,44
3,3,0.941850854987615,0.723654651636855,44
1,4,0.966270215640807,0.932588035525693,44
2,4,0.962409429876354,0.523284661638249,44
4,4,0.944789486521199,0.83291269295352,44
5,4,0.956402570260473,0.205985065541313,44
3,4,0.934134804065693,0.463824846335275,44
1,5,0.968996176405616,0.791111236138446,44
2,5,0.960622303723532,0.436552718701875,44
4,5,0.944653064242895,0.625071181209466,44
5,5,0.939387831761305,0.222521370429746,44
3,5,0.959947029555346,0.876455901893804,44
1,6,0.967689656313801,0.922271180642143,44
2,6,0.965232787328073,0.472847821641722,44
4,6,0.946578725264223,0.543399018776143,44
5,6,0.962573721902196,0.476808510310129,44
3,6,0.930150539601162,0.677763950985697,44
1,7,0.967164037059747,0.893843668827908,44
2,7,0.960850778958271,0.560253109343397,44
4,7,0.945177521312433,0.609912557862069,44
5,7,0.936174474252787,0.739817545929607,44
3,7,0.952235188104826,0.639067846308496,44
1,8,0.967857816783327,0.897402645524007,44
2,8,0.958234387993356,0.736610534175105,44
4,8,0.945119462003089,0.817225668368886,44
5,8,0.948488786093581,0.347521761596484,44
3,8,0.947670622747739,0.779780344857669,44
1,9,0.966663944408305,0.889232838703468,44
2,9,0.962798201385479,0.770040504973383,44
4,9,0.946535981351922,-0.259618528557156,44
5,9,0.935656396048825,0.639082702752968,44
3,9,0.956541803077807,0.391486933304669,44
1,10,0.966377393430727,0.896527123679103,44
2,10,0.960040494694544,0.75102643882855,44
4,10,0.943976871382065,0.271999438901763,44
5,10,0.94034420526166,0.438120262314432,44
3,10,0.949646155942838,0.697869558786076,44
1,11,0.96964312521963,0.642439785799412,44
2,11,0.9599414421383,0.662798934235735,44
4,11,0.945247637791278,0.729650382366306,44
5,11,0.931501303225354,0.196460783602166,44
3,11,0.957014499019653,0.651404451763203,44
1,12,0.966925873302877,0.924769573384734,44
2,12,0.960823119364199,0.809833680896883,44
4,12,0.940919693150611,0.50855515222015,44
5,12,0.949294705391875,0.607778401820509,44
3,12,0.938220706073301,0.519303758469626,44
1,13,0.966805691954189,0.861658841274469,44
2,13,0.962124176297182,0.80114564645168,44
4,13,0.944765162168569,0.33640759627824,44
5,13,0.953833768506665,0.766743068786617,44
3,13,0.937882274823224,0.475716826338358,44
1,14,0.966662650738871,0.843440160154265,44
2,14,0.962495891502412,0.715835415901155,44
4,14,0.9426185423737,0.721328738983564,44
5,14,0.928830915786424,0.237797762647773,44
3,14,0.961422297275337,0.415112353284907,44
1,15,0.968266165751129,0.810871783705746,44
2,15,0.95999808008604,0.703881128366219,44
4,15,0.940978322621075,0.753887584057361,44
5,15,0.958073592964702,0.592692550055839,44
3,15,0.931552390148876,0.816037593392327,44
1,1,0.968553381939689,0.636828746693501,45
3,1,0.964344543460911,0.427413806961859,45
2,1,0.944735051157697,0.201593951471974,45
5,1,0.93820806274274,0.44088057523879,45
4,1,0.951702576184026,0.73579659805805,45
1,2,0.969848341489939,0.713717771457874,45
3,2,0.966079355464924,0.538499237475904,45
2,2,0.950304353830664,0.170193504653144,45
5,2,0.944945908112455,0.0381715977818063,45
4,2,0.951920902784256,0.571182947658316,45
1,3,0.96773409261584,0.868110215230074,45
3,3,0.961779890056412,0.726703417161129,45
2,3,0.945735468446904,0.75780417193745,45
5,3,0.95207785275113,0.431972104162918,45
4,3,0.936464560919017,0.720417627343493,45
1,4,0.967850548710438,0.921901678230324,45
3,4,0.960611058626157,0.264792669695214,45
2,4,0.950052621500228,0.523462614112583,45
5,4,0.946465607645877,0.443692693035303,45
4,4,0.950998737784169,0.422816299451749,45
1,5,0.966353912465983,0.945832084756751,45
3,5,0.965525201782066,0.382993626278602,45
2,5,0.943951089559256,0.843278334283494,45
5,5,0.954663750582731,0.0717110148375257,45
4,5,0.937701129481311,0.191768205986127,45
1,6,0.969207495126726,0.911451224983271,45
3,6,0.964136894393816,0.578348523040959,45
2,6,0.946558764572741,0.614391923144905,45
5,6,0.958245013726805,0.578240359896783,45
4,6,0.936919415761023,0.690384238935953,45
1,7,0.968680054443975,0.814326603664161,45
3,7,0.96442541419043,0.68826499075524,45
2,7,0.94592539959435,0.7826942702191,45
5,7,0.940279707495814,0.828828090363524,45
4,7,0.944088498134789,0.572776676888577,45
1,8,0.969164492354682,0.90100289307849,45
3,8,0.965423998188043,0.589733550465057,45
2,8,0.947079551653477,0.735153632647705,45
5,8,0.958611044508912,0.211033155287697,45
4,8,0.934397057733523,0.630951127511653,45
1,9,0.968089080331603,0.881767663062746,45
3,9,0.963145867457766,0.756325531913606,45
2,9,0.949077088095045,0.665464909490402,45
5,9,0.950983853145861,0.710698372330346,45
4,9,0.934474837241111,0.633795982830015,45
1,10,0.967818078435478,0.903313244782714,45
3,10,0.963766100121083,0.783755168371005,45
2,10,0.94567005582027,0.673820147576656,45
5,10,0.954650798816571,0.42250538890152,45
4,10,0.939525588574219,0.672169795670601,45
1,11,0.969051478338114,0.77766886045693,45
3,11,0.964105317009757,0.481153397259701,45
2,11,0.948275182190932,0.627037908836707,45
5,11,0.957399657269536,0.670160309819706,45
4,11,0.933480665167817,0.641957252617625,45
1,12,0.967298695149973,0.890715695871687,45
3,12,0.963654952690856,0.677445660374266,45
2,12,0.947124660632261,0.846364822312391,45
5,12,0.950128457909394,0.64948118277783,45
4,12,0.940875967377838,0.435631524712768,45
1,13,0.968070843505161,0.873072392874652,45
3,13,0.962093324414476,0.734026987748585,45
2,13,0.945660067343187,0.671394214254553,45
5,13,0.947750079809097,0.714694568578134,45
4,13,0.943355224889005,0.415836281112156,45
1,14,0.969529242795481,0.890672452166561,45
3,14,0.966163146987892,0.82419212625161,45
2,14,0.945626448924961,0.578800994203271,45
5,14,0.94840617433087,0.542649784335847,45
4,14,0.944192047380097,0.435156596763525,45
1,15,0.968866863721071,0.843145164592156,45
3,15,0.961694465922192,0.771068616772127,45
2,15,0.946050859180306,0.74708386249055,45
5,15,0.954338805980252,0.697881819162742,45
4,15,0.937457054937266,0.311493827709007,45
1,1,0.93469583019022,0.896571363655262,46
5,1,0.905331117119804,0.508122334489535,46
2,1,0.892870219232958,0.596445088024546,46
3,1,0.89719993979722,0.704061781145455,46
4,1,0.904522637416953,0.381638707353213,46
1,2,0.936270464472297,0.873756064644388,46
5,2,0.924912257546909,0.631289417870201,46
2,2,0.880144941958017,0.707666097905949,46
3,2,0.888192816804658,0.534311103240965,46
4,2,0.894972894200986,0.553084043895893,46
1,3,0.93270258719298,0.936181437611604,46
5,3,0.920023346079676,0.784488087378824,46
2,3,0.878352840147843,0.663452190784746,46
3,3,0.884072809624134,0.732256629700368,46
4,3,0.899623090452371,0.0511481436783549,46
1,4,0.932990773545048,0.93865045659904,46
5,4,0.91298746502467,0.287631913100671,46
2,4,0.887742436603313,0.642874626801206,46
3,4,0.882658439815784,0.716895617255905,46
4,4,0.907312769400915,0.624114468186737,46
1,5,0.93690618260042,0.865248872942651,46
5,5,0.893953533267341,0.67733474378417,46
2,5,0.904628783110255,0.81557245435814,46
3,5,0.882393835384267,0.704338292436047,46
4,5,0.893642212692342,0.671803100417269,46
1,6,0.940647619423191,0.748452134697921,46
5,6,0.875596773922042,-0.320663467952574,46
2,6,0.923616703990192,0.689266533400894,46
3,6,0.899249586602122,0.50363897215539,46
4,6,0.89945179679916,0.445623092616868,46
1,7,0.933389070441818,0.916132463852011,46
5,7,0.923260847591067,0.832833265458992,46
2,7,0.871596113046071,0.811381430798603,46
3,7,0.886455018171049,0.613074574772874,46
4,7,0.906533973301776,0.654872742608012,46
1,8,0.938343346836681,0.754806561016891,46
5,8,0.930303883748361,0.682020298463129,46
2,8,0.868967280050254,0.726082011819659,46
3,8,0.88901273936878,0.870867333899998,46
4,8,0.90029701780393,0.389815744206142,46
1,9,0.934200704638405,0.939166520474723,46
5,9,0.928302345012927,0.574860903976765,46
2,9,0.878364460171558,0.777781657571425,46
3,9,0.887979284734047,0.436840326770716,46
4,9,0.903895079601384,0.70410756530559,46
1,10,0.935636667865817,0.842530210951545,46
5,10,0.883749446636559,0.637654891114546,46
2,10,0.910223199206865,0.845503680556216,46
3,10,0.895214884277124,0.632724211671027,46
4,10,0.891166465675127,0.517659929856283,46
1,11,0.935835183811539,0.932091488248496,46
5,11,0.90348855170749,0.0582905379844316,46
2,11,0.892600860061255,0.717525943249251,46
3,11,0.889149978412943,0.673923089383709,46
4,11,0.908347193041639,0.806683270368414,46
1,12,0.937638805624533,0.793641413628244,46
5,12,0.928203561234562,0.395732577254529,46
2,12,0.878233509572148,0.832088091555733,46
3,12,0.892756702607529,0.807284303807253,46
4,12,0.899952633935041,0.548440653578276,46
1,13,0.935101879918139,0.885030245371675,46
5,13,0.870389741126336,0.697096705794812,46
2,13,0.922949904251248,0.924061231597716,46
3,13,0.897655163929716,0.68363381566793,46
4,13,0.888867954791989,0.534010548461425,46
1,14,0.938531794992716,0.830056901676517,46
5,14,0.87977735423733,0.293672898007199,46
2,14,0.919097277526171,0.906705113811185,46
3,14,0.896387878808288,0.397909169760527,46
4,14,0.904531722718763,0.49629242438886,46
1,15,0.934608153426511,0.92470442643459,46
5,15,0.897597164294228,0.1948697726358,46
2,15,0.900462453514378,0.487854455264942,46
3,15,0.894446773603277,0.202411890896704,46
4,15,0.912186927862213,0.178115892852309,46
1,1,0.94159931234228,0.53435931863791,47
2,1,0.920603719076122,0.717053739807828,47
3,1,0.879553030334031,0.551473119489531,47
4,1,0.873173272041715,0.698360016796001,47
5,1,0.915570372042138,0.600762410096764,47
1,2,0.935603016806578,0.918193903195132,47
2,2,0.913987980545946,0.615284327260897,47
3,2,0.882803239659005,0.63849662235024,47
4,2,0.885397445699871,0.642154560128301,47
5,2,0.910463141507786,0.608632092865358,47
1,3,0.935008688915365,0.928814648746828,47
2,3,0.922019355823008,0.504610252335357,47
3,3,0.876423513305817,0.559671785116376,47
4,3,0.880322353295531,0.723754858147911,47
5,3,0.913862437223206,0.527761828571551,47
1,4,0.939297137464447,0.827113780385067,47
2,4,0.910561891656166,0.539692447379213,47
3,4,0.89200011675488,0.644305264368912,47
4,4,0.889225179266689,0.39972656869795,47
5,4,0.917833094970804,0.268486666524796,47
1,5,0.936648770090495,0.896853265463605,47
2,5,0.929494488424128,0.779507104289116,47
3,5,0.882017330431498,0.678221038705795,47
4,5,0.868326709862991,0.590344289240085,47
5,5,0.912021199963574,0.609135246206062,47
1,6,0.940459852596661,0.809444616016779,47
2,6,0.925639372193574,0.420537724680873,47
3,6,0.878550378391822,0.687657307866932,47
4,6,0.884573941651174,0.596269184810343,47
5,6,0.917716764103321,0.519970649938252,47
1,7,0.934459557180912,0.937283907600689,47
2,7,0.925074137818494,0.724484664156176,47
3,7,0.877568615834819,0.783232073267268,47
4,7,0.880952899383277,0.551002599642396,47
5,7,0.911797767318636,0.569177110683063,47
1,8,0.937119825706673,0.868706238642355,47
2,8,0.926030621277765,0.645799334004797,47
3,8,0.884601785368402,0.58331485959929,47
4,8,0.885811440185095,0.291698174668511,47
5,8,0.906289953798206,0.713995613554677,47
1,9,0.938919664206961,0.868095960756506,47
2,9,0.925240115402703,0.701948773139798,47
3,9,0.878510792945457,0.339731775178288,47
4,9,0.889278373881916,0.500897207311921,47
5,9,0.91198368347668,0.613667278022536,47
1,10,0.936776654538881,0.882492282694335,47
2,10,0.927369062369126,0.681137797552477,47
3,10,0.876030413037671,0.51171606549899,47
4,10,0.884045340168772,0.467520214012625,47
5,10,0.912467827594311,0.796955204275286,47
1,11,0.938310049498644,0.816946811500407,47
2,11,0.912316529354666,0.660989089453641,47
3,11,0.888271943333163,0.709530164720687,47
4,11,0.888036896096557,0.525562224776296,47
5,11,0.906308279937286,0.72572750784402,47
1,12,0.934981225723588,0.924927840528588,47
2,12,0.926697233827956,0.561205496765056,47
3,12,0.883890583454181,0.788518606315244,47
4,12,0.883006903876327,0.693696558952563,47
5,12,0.900245476908101,0.272587952306063,47
1,13,0.936669776502814,0.911886262445447,47
2,13,0.927212035054231,0.734114548556499,47
3,13,0.881502813565636,0.617603349806986,47
4,13,0.877031317195927,0.509605797875361,47
5,13,0.909329181988,0.185159630026042,47
1,14,0.939603353934345,0.770755942562225,47
2,14,0.923372721114453,0.75817064228057,47
3,14,0.884938415307036,0.649994927695811,47
4,14,0.882789583382382,0.507700402807069,47
5,14,0.906211532800399,0.249891103220636,47
1,15,0.938768700657836,0.735455979503842,47
2,15,0.925086647696759,0.554227434411453,47
3,15,0.879967162047768,0.827177745308081,47
4,15,0.883878599866555,0.58653441260816,47
5,15,0.906568953901585,0.57605258292903,47
1,1,0.988812707083987,0.912092801129872,48
2,1,0.988972108346437,0.230732046189762,48
3,1,0.98512875145719,0.830953906125769,48
4,1,0.980942268465636,0.683882950288359,48
5,1,0.976823733288394,0.538325512718295,48
1,2,0.989782423761751,0.880234688214052,48
2,2,0.990088758132073,0.85380647324283,48
3,2,0.985295161729709,0.94676579953209,48
4,2,0.983205936305374,0.377634762576371,48
5,2,0.980882004479707,0.610030787900369,48
1,3,0.988525870605089,0.919194536014877,48
2,3,0.989568429452328,0.528285325760864,48
3,3,0.985417094098227,0.583412622598588,48
4,3,0.979358719557744,0.451733730623595,48
5,3,0.982891123344114,0.258846631678446,48
1,4,0.989367013431091,0.858533765460387,48
2,4,0.989454145503009,0.830562954392397,48
3,4,0.984573008732337,0.702198137622566,48
4,4,0.983525817048783,0.722198802864059,48
5,4,0.977169572560537,0.535888199374507,48
1,5,0.988400371998018,0.947475625559501,48
2,5,0.989318640507852,0.250904974964957,48
3,5,0.984273295866574,0.542679493140239,48
4,5,0.984172564292119,0.597075713959415,48
5,5,0.976000477212716,0.411054721557995,48
1,6,0.988876888382979,0.909063790821954,48
2,6,0.989304621761359,0.597040700611796,48
3,6,0.985123159844262,0.509316064322571,48
4,6,0.984473095220016,0.450158508413271,48
5,6,0.975957003552467,0.761667795359452,48
1,7,0.989141690012463,0.845577688997057,48
2,7,0.989952023736004,0.639420100425663,48
3,7,0.984751436547497,0.449059253698501,48
4,7,0.98376249291871,0.478474910250185,48
5,7,0.975421424203166,0.490658914774443,48
1,8,0.988681759804652,0.905861274508905,48
2,8,0.989237798195041,0.882405067135039,48
3,8,0.984735611079384,0.409615503301222,48
4,8,0.982414971422884,0.717708489183358,48
5,8,0.975622324109707,0.295699475538599,48
1,9,0.989381914542491,0.640580681418192,48
2,9,0.98913075188862,0.678305586469941,48
3,9,0.982838543773252,0.78790218037083,48
4,9,0.981501513978758,0.687636283590496,48
5,9,0.978201203981171,0.467503477984878,48
1,10,0.988868330686586,0.856058066370783,48
2,10,0.989611724769287,0.684507420377897,48
3,10,0.984681110009389,0.456834854858639,48
4,10,0.983799651555422,0.387777672485128,48
5,10,0.978016969628263,0.68529356265953,48
1,11,0.989527034070738,0.84114189459021,48
2,11,0.989784150461094,0.81917500114015,48
3,11,0.984630485014518,0.568394669030335,48
4,11,0.981542659940936,0.307408785299536,48
5,11,0.97884464284445,0.623417662531407,48
1,12,0.988483298039902,0.918533418222245,48
2,12,0.989713534214122,0.558626845479811,48
3,12,0.984128750640453,0.112197270700849,48
4,12,0.98236009589626,-0.140888901486064,48
5,12,0.97699027686097,0.20558707774428,48
1,13,0.989662516713972,0.736563305423077,48
2,13,0.98960565192623,0.654620165187478,48
3,13,0.983738803372677,0.83494237301765,48
4,13,0.980562463913796,0.702630313247167,48
5,13,0.978579079752235,0.273059261639921,48
1,14,0.990220819202136,0.869620980265766,48
2,14,0.990584222054963,0.71294431668313,48
3,14,0.984157827751474,0.566394760489849,48
4,14,0.982309273978252,0.734922229691295,48
5,14,0.981009700815854,0.709692610378426,48
1,15,0.988252037148116,0.953305932505674,48
2,15,0.989813496073374,0.692235598304212,48
3,15,0.983668030346495,0.748886501635619,48
4,15,0.981685611731494,0.490663441757656,48
5,15,0.978105793822298,0.637656555186084,48
1,1,0.967419810015248,0.869741147266148,49
2,1,0.965678404446979,0.56626305592393,49
3,1,0.943833705754114,0.824101353497092,49
5,1,0.953662607689427,0.207805008746338,49
4,1,0.925413401617071,0.665771553492991,49
1,2,0.9647789510194,0.954208681157282,49
2,2,0.967360984952737,0.608826075519958,49
3,2,0.944822967367284,0.443394127714752,49
5,2,0.950091935445161,0.737860977873929,49
4,2,0.933032238813012,0.663319985366661,49
1,3,0.970370724058903,0.458728748098461,49
2,3,0.963682138417857,0.803181508588807,49
3,3,0.950305081195516,0.540199058049343,49
5,3,0.954146003786841,0.488104334027069,49
4,3,0.923296724401022,0.795892996856059,49
1,4,0.966074627319301,0.896992264257785,49
2,4,0.966905735463122,0.779523352489541,49
3,4,0.944172453597889,0.648061785736463,49
5,4,0.953494908298291,0.273682044081041,49
4,4,0.924460826506282,0.666251093059386,49
1,5,0.969608314491843,0.621761919784439,49
2,5,0.967701088508043,0.766535157774527,49
3,5,0.945041333670315,0.642522782065498,49
5,5,0.930366453693963,-0.141361873634578,49
4,5,0.94622631262981,0.529315378037941,49
1,6,0.967596150875946,0.859828684423647,49
2,6,0.964791563163905,0.72275854029556,49
3,6,0.944861061857835,0.600508179690042,49
5,6,0.93037767368657,0.439326874904779,49
4,6,0.952680860687002,0.828566033745701,49
1,7,0.966211653859118,0.904738220326468,49
2,7,0.965295540250858,0.8290584967274,49
3,7,0.943090747351895,0.895793549879081,49
5,7,0.94329571895541,0.627911703428693,49
4,7,0.932276149848983,0.581890899674355,49
1,8,0.967064700083032,0.877554746456316,49
2,8,0.965135555796903,0.632781805059843,49
3,8,0.943989986659508,0.799359317564369,49
5,8,0.940390802372412,0.155897902467564,49
4,8,0.946425455206046,0.662119968143908,49
1,9,0.965522063972535,0.876479481952943,49
2,9,0.964636447462812,0.317204899928502,49
3,9,0.943137862108501,0.73010091064587,49
5,9,0.949354995433342,0.211865551105002,49
4,9,0.922785912420994,0.807470365550112,49
1,10,0.965072036086102,0.958495397204501,49
2,10,0.964241867262951,0.709492483424175,49
3,10,0.940283063598279,0.598612352790723,49
5,10,0.951175022150515,0.461166811104952,49
4,10,0.926951064376244,0.772257148817625,49
1,11,0.96424423851061,0.968074941721685,49
2,11,0.963305565245246,0.19602197170013,49
3,11,0.943954261362913,0.347202972768575,49
5,11,0.936953588433446,0.708398143378662,49
4,11,0.943159081170863,0.667445170609126,49
1,12,0.966429438943876,0.894543214163331,49
2,12,0.967626787890745,0.828427631601826,49
3,12,0.944376174114949,0.779509915387725,49
5,12,0.952418276248839,0.760149325698676,49
4,12,0.928290664806018,0.668564668727931,49
1,13,0.966195879599157,0.938347947431885,49
2,13,0.966040773617889,0.692646057971447,49
3,13,0.93915524974602,0.675052559086462,49
5,13,0.947657776159077,0.582678516736173,49
4,13,0.931445755772469,0.179742959112425,49
1,14,0.965762407415434,0.872046650417243,49
2,14,0.96363766794309,0.817881665366936,49
3,14,0.947819157974501,0.482940738385568,49
5,14,0.953331670347605,0.881159700895154,49
4,14,0.924855258009009,0.615878031023083,49
1,15,0.968129045487033,0.903240848691035,49
2,15,0.966393097348832,0.872158158952947,49
3,15,0.940133472913788,0.66240992195101,49
5,15,0.946554514394169,0.615463236589818,49
4,15,0.945119783500204,0.368058845821082,49
1,1,0.931526659514362,0.823519017074166,50
5,1,0.887658996714643,0.267230648581811,50
2,1,0.910118504715817,0.657022279233335,50
4,1,0.855989703736175,0.437881566518329,50
3,1,0.90767865707976,0.676463942640919,50
1,2,0.929829207453012,0.928802773239596,50
5,2,0.918408181333365,0.275872421011355,50
2,2,0.881816920782323,0.801193189842746,50
4,2,0.853637899458766,0.216128763816988,50
3,2,0.90179544831886,0.278370907111529,50
1,3,0.930317624402371,0.91025387379367,50
5,3,0.880925975063641,0.186795865040211,50
2,3,0.921929882858229,0.754331224008982,50
4,3,0.855899458262208,0.590547464383941,50
3,3,0.907294256937768,0.653705386921013,50
1,4,0.932391680788012,0.862284630643466,50
5,4,0.91765592563946,0.680429205539526,50
2,4,0.882401129015753,0.706166723549735,50
4,4,0.860064627225327,0.608332564643136,50
3,4,0.899980056838991,0.753686452355875,50
1,5,0.930277410376986,0.932648610713317,50
5,5,0.920088755694173,0.482918293438875,50
2,5,0.873006173455906,0.823013217555939,50
4,5,0.855780633388578,0.491975749868451,50
3,5,0.906195218135107,0.694731199436461,50
1,6,0.934262381095794,0.8932315478248,50
5,6,0.913972350704174,0.714696453633172,50
2,6,0.88669128713145,0.788880012498783,50
4,6,0.853254735865568,0.469519443918982,50
3,6,0.904958892966367,0.633809840768916,50
1,7,0.931789846322477,0.896440720809735,50
5,7,0.889084672531053,0.632568205774826,50
2,7,0.902865876872222,0.812282291972765,50
4,7,0.855871722429624,0.624448583065023,50
3,7,0.899647685990665,0.481539994248168,50
1,8,0.938118282338657,0.556977491816146,50
5,8,0.88858079999007,-0.176631486439076,50
2,8,0.924621697951085,0.776285360804232,50
4,8,0.855091990366214,0.716475098507386,50
3,8,0.909468162585882,0.672715886615054,50
1,9,0.935499956886959,0.753174478963421,50
5,9,0.916435431498565,0.6074471918713,50
2,9,0.877087477616403,0.662543677031822,50
4,9,0.866141905325559,0.136938247551287,50
3,9,0.909668339940587,0.595811632925373,50
1,10,0.933775834577781,0.825524925318288,50
5,10,0.910115587994781,0.357967271443965,50
2,10,0.888563101458958,0.836404889920986,50
4,10,0.857795164577791,0.513648344077126,50
3,10,0.899866020872877,0.642052667197152,50
1,11,0.932335199396147,0.836003444422943,50
5,11,0.906082642274107,0.454592117126537,50
2,11,0.88360400136459,0.805940325898519,50
4,11,0.882474303437347,0.367884480786159,50
3,11,0.874194222515605,0.719609515496699,50
1,12,0.932449045814126,0.88896194865337,50
5,12,0.91829481655421,0.731796560124834,50
2,12,0.878714768186042,0.837179283943595,50
4,12,0.869588555371796,0.646723949036811,50
3,12,0.899752690226691,0.659381481894822,50
1,13,0.931169538105744,0.875201594884246,50
5,13,0.877365368179266,0.518419981096656,50
2,13,0.922431138768113,0.841813424080543,50
4,13,0.872376558629722,0.404328235237189,50
3,13,0.895352365374126,0.605468234782682,50
1,14,0.932958472680261,0.909401350768604,50
5,14,0.918748250715612,0.197424275131386,50
2,14,0.878567385587889,0.847012546838898,50
4,14,0.906803846115066,0.263386448399939,50
3,14,0.850917642668022,0.804317006592137,50
1,15,0.928341865479139,0.954911883076806,50
5,15,0.895812516561679,0.255166240913177,50
2,15,0.904853441869391,0.823515302603887,50
4,15,0.846801987409509,0.272738673722005,50
3,15,0.904271082716902,0.549036051722293,50
1,1,0.967193135687411,0.836007731076098,51
3,1,0.964126473047136,0.479771196949925,51
4,1,0.945460267791894,0.896023833565014,51
5,1,0.942399468731792,0.67892400881009,51
2,1,0.947395123986448,0.679620067890511,51
1,2,0.966637537927476,0.896524682435499,51
3,2,0.963913973961749,0.842643464465766,51
4,2,0.945092474727968,0.617013527792597,51
5,2,0.93741621512057,0.519716870009924,51
2,2,0.95368753299056,0.56009582565094,51
1,3,0.967456104952333,0.809127978883653,51
3,3,0.963847379035521,0.584852834583551,51
4,3,0.944476342473748,0.41392523971092,51
5,3,0.933977175825488,0.17453951630448,51
2,3,0.956698654215192,0.788825304368208,51
1,4,0.965079272388807,0.895040870937458,51
3,4,0.962246142135032,0.399115219558717,51
4,4,0.943573655960026,0.47784473043114,51
5,4,0.931414707513873,0.421617742934152,51
2,4,0.956427301847486,0.662600517989518,51
1,5,0.965900332109229,0.904163044131433,51
3,5,0.963274974538278,0.500228115026672,51
4,5,0.937005138659783,0.71745996409743,51
5,5,0.940366190201108,-0.0601009955995353,51
2,5,0.950639761419058,0.618204523754829,51
1,6,0.965880282934306,0.905480460219574,51
3,6,0.961983072735506,0.784974884966827,51
4,6,0.940111287176092,0.706887577970089,51
5,6,0.936786262632525,0.336616301623542,51
2,6,0.955702400423627,0.610504425627764,51
1,7,0.965180255689664,0.942802461125622,51
3,7,0.963268562475498,0.685393664806696,51
4,7,0.941443686321623,0.762840931716744,51
5,7,0.934127793469239,0.513134677172762,51
2,7,0.958471661593756,0.45674115907914,51
1,8,0.966321070293466,0.923183003837098,51
3,8,0.962534016832846,0.673777687635346,51
4,8,0.942807485163579,0.634213880670926,51
5,8,0.945647030816332,0.778606387786942,51
2,8,0.943158049376369,0.684526806233236,51
1,9,0.96640697426887,0.870583342651361,51
3,9,0.962217840696665,0.815679583371063,51
4,9,0.947247527124948,0.364902467739537,51
5,9,0.934344069137541,0.506086623966534,51
2,9,0.950839353417968,0.61580794802307,51
1,10,0.966491252158426,0.938305828525799,51
3,10,0.962681749436466,0.672002355532628,51
4,10,0.946926417943475,0.690532288577629,51
5,10,0.939141518854696,0.584453654643674,51
2,10,0.953145627851623,0.677950919862799,51
1,11,0.967518277479753,0.707275512233416,51
3,11,0.962449773366627,0.817440802538459,51
4,11,0.943065549225649,0.463188407145645,51
5,11,0.940243258024168,0.218334007839211,51
2,11,0.947280757719488,0.40810228127753,51
1,12,0.968717805984111,0.803887764897481,51
3,12,0.965403559526279,0.881770010204488,51
4,12,0.946925817196842,0.497032857565645,51
5,12,0.957907731884159,0.619016116056882,51
2,12,0.93754764010713,0.834685628722865,51
1,13,0.965493209102839,0.912637819218064,51
3,13,0.962656355840838,0.661333319143646,51
4,13,0.942697952543551,0.654163405698822,51
5,13,0.944955078739655,0.5333638579034,51
2,13,0.943534612699424,0.903407858880171,51
1,14,0.965201713029249,0.938025046469096,51
3,14,0.962853442071365,0.557786564566486,51
4,14,0.942687092503346,0.428366783477132,51
5,14,0.937381303509725,0.862956495035066,51
2,14,0.949702394782644,0.747485348130862,51
1,15,0.96738954454377,0.876875120574574,51
3,15,0.963636119902918,0.568805133955996,51
4,15,0.94522471711014,0.689286441959801,51
5,15,0.93479617332265,0.332510468272586,51
2,15,0.955528988380383,0.716404308917722,51
1,1,0.934646402189853,0.800093318930561,52
4,1,0.90875883854632,0.307561640212096,52
2,1,0.910064803421237,0.873814184412158,52
5,1,0.883288084764828,0.20662367802911,52
3,1,0.89923818908919,0.803962872921175,52
1,2,0.935050030902277,0.869738009714946,52
4,2,0.893557311799718,0.57495022246112,52
2,2,0.91800527874147,0.683572951593311,52
5,2,0.911634347624344,0.313018219448089,52
3,2,0.860596578508373,0.546558426553284,52
1,3,0.937777793194424,0.840247128343665,52
4,3,0.892851780744249,0.625781032387045,52
2,3,0.920467789424874,0.650521327224313,52
5,3,0.899930523099628,0.290308061215708,52
3,3,0.880302123821475,0.626448614654272,52
1,4,0.93353828537764,0.866559671086376,52
4,4,0.921979264968864,0.517433759474231,52
2,4,0.887403719084079,0.847018857018256,52
5,4,0.862347765415987,0.602461366932148,52
3,4,0.90505344858644,0.481180659587301,52
1,5,0.94058632225699,0.823913725947196,52
4,5,0.886672800767398,-0.156789215930086,52
2,5,0.920804739376784,0.772893205318744,52
5,5,0.882024728752338,0.17393743077802,52
3,5,0.915154226983721,-0.00657324074360745,52
1,6,0.933765995107032,0.889177820128078,52
4,6,0.888383323250731,0.754173832849344,52
2,6,0.91861021121666,0.64146857010354,52
5,6,0.858445527732217,0.556506510579782,52
3,6,0.913854954687317,0.330656264041836,52
1,7,0.935181829249585,0.884795903083095,52
4,7,0.897775837494031,0.0611824190663639,52
2,7,0.906236258536155,0.709259185233793,52
5,7,0.915142411245223,0.458703152868626,52
3,7,0.867569399933832,0.396842121731465,52
1,8,0.939994938553006,0.731665603571816,52
4,8,0.892835760102731,0.346774949791953,52
2,8,0.916131395969292,0.855527981543431,52
5,8,0.876750133692961,0.716878331953477,52
3,8,0.901528683809258,0.700272294157241,52
1,9,0.933855509801199,0.934545187679522,52
4,9,0.884290293444342,0.534737427929551,52
2,9,0.924286033042365,0.696013837152585,52
5,9,0.89724735559588,0.251279103283529,52
3,9,0.872107586826531,0.752990421766111,52
1,10,0.934252096071358,0.928624676067671,52
4,10,0.89245267806284,0.332737692030082,52
2,10,0.92345136661243,0.712156149322899,52
5,10,0.888798098984582,-0.281584347939604,52
3,10,0.871330057785131,0.579170922201504,52
1,11,0.936563343876234,0.822968299137599,52
4,11,0.922107595145854,-0.0102817016843446,52
2,11,0.881810809775135,0.8001572996455,52
5,11,0.909926620797932,0.421955277826449,52
3,11,0.860849979743347,0.771812654435632,52
1,12,0.935074624383447,0.888728128668535,52
4,12,0.899510578931127,0.610612930376098,52
2,12,0.911566327463181,0.832134750921895,52
5,12,0.87963006607461,-0.194932416608061,52
3,12,0.885936600266083,0.761218426019603,52
1,13,0.934549101600427,0.928688416836025,52
4,13,0.886151501439969,0.589045565580618,52
2,13,0.917793777897922,0.868750495469012,52
5,13,0.901973429173826,0.385721959956217,52
3,13,0.869204115663927,0.677659991109708,52
1,14,0.939044663495849,0.68674323636103,52
4,14,0.897106666541438,0.552283798124524,52
2,14,0.908898894260106,0.704883431508919,52
5,14,0.91403123051153,0.64866350919676,52
3,14,0.856767432110758,0.587543941565632,52
1,15,0.932936970782177,0.945327919703786,52
4,15,0.90735664315945,0.75811156319546,52
2,15,0.898861036598219,0.553506497890572,52
5,15,0.886927852699378,0.403189254291003,52
3,15,0.883370039247693,0.843997224650803,52
1,1,0.907982558221541,0.963555858500886,53
4,1,0.825656626052965,0.547449980091294,53
2,1,0.86570459380055,0.513343597959371,53
3,1,0.811280451479789,0.64854702512642,53
5,1,0.866521470647023,0.80429278022268,53
1,2,0.907895893069475,0.906244589340135,53
4,2,0.825439211945328,0.483084903299486,53
2,2,0.873144206593403,0.734053195484287,53
3,2,0.814365321400931,0.389428311862156,53
5,2,0.861790204195541,0.681759600982701,53
1,3,0.918925854737789,0.689385947317506,53
4,3,0.821824946472306,0.479042423306017,53
2,3,0.880853293331077,0.763176565178866,53
3,3,0.838163186559349,0.359870616384398,53
5,3,0.857152171649649,0.74078492810228,53
1,4,0.912634723209297,0.881202919262091,53
4,4,0.819319951688079,0.5498684212582,53
2,4,0.875721889842383,0.512248776611723,53
3,4,0.841599282232057,0.617584476352835,53
5,4,0.873747876414373,0.470233623292111,53
1,5,0.909065244818815,0.932845676594888,53
4,5,0.814021158383246,0.756567053320411,53
2,5,0.874343333134982,0.424272254751735,53
3,5,0.824237529833666,0.520943068190594,53
5,5,0.859067967319587,0.383576605948669,53
1,6,0.909856735998708,0.904244441478326,53
4,6,0.820353724657229,0.488684129417884,53
2,6,0.882478712636554,0.870335998918659,53
3,6,0.83191151984028,0.513804648987625,53
5,6,0.865465530532653,0.409408015991102,53
1,7,0.914944355460561,0.716938444299446,53
4,7,0.826398932456432,0.545117036296629,53
2,7,0.88304634102611,0.645040379265484,53
3,7,0.812116214579254,0.826182824896824,53
5,7,0.867367067162915,0.502695921433375,53
1,8,0.914716241564757,0.688619065047615,53
4,8,0.818096573876526,0.78965754421964,53
2,8,0.884847374259604,0.626400599018968,53
3,8,0.816765236310002,0.734965833820056,53
5,8,0.856232521563645,0.501444711949068,53
1,9,0.911956498197224,0.89810731350092,53
4,9,0.815595219767719,0.778431246536123,53
2,9,0.879254571661174,0.83483371936597,53
3,9,0.829603513453229,0.239031907477532,53
5,9,0.849483929238419,0.722027385520436,53
1,10,0.911323831815719,0.884890375624634,53
4,10,0.824365880581743,0.496236531647341,53
2,10,0.872547793206607,0.806479667665743,53
3,10,0.820559139192037,0.701535396371722,53
5,10,0.866619741586494,0.338353608614989,53
1,11,0.909713536422457,0.938171900971492,53
4,11,0.819395111383245,0.0955615030935226,53
2,11,0.879687794380653,0.694003770829054,53
3,11,0.819817803543818,0.820318454076257,53
5,11,0.866974311993137,0.621682815980363,53
1,12,0.912329135659802,0.872321238372284,53
4,12,0.8061202334441,0.582026142745222,53
2,12,0.888218611275705,0.704082382861133,53
3,12,0.827414121996213,0.0214991114932879,53
5,12,0.872006433167334,0.18107606436308,53
1,13,0.910691895998631,0.918443328563927,53
4,13,0.825691107688091,0.174855826156101,53
2,13,0.871367438263187,0.651111072601194,53
3,13,0.815914510514063,0.618706467043102,53
5,13,0.868233212218017,0.222455511232345,53
1,14,0.91336048884092,0.844603622109303,53
4,14,0.817493334874475,0.50216281901361,53
2,14,0.874398921466242,0.613758806940234,53
3,14,0.818456537624313,0.718814987657742,53
5,14,0.869907017620877,0.231584485560749,53
1,15,0.915733509999926,0.834564696242648,53
4,15,0.828711517503533,-0.0118400368302127,53
2,15,0.884454279027422,0.687244427305547,53
3,15,0.831162544668641,0.265742318941966,53
5,15,0.856839424447817,-0.074766616598197,53
1,1,0.989333649216103,0.958599650846638,54
2,1,0.989929085209969,0.330355701634441,54
4,1,0.982469450951393,0.696716344021812,54
5,1,0.987999432057112,0.482437380379357,54
3,1,0.975043415637754,0.647199121975486,54
1,2,0.990453525468444,0.875954684950913,54
2,2,0.990138427087744,0.729496731193826,54
4,2,0.982827242843077,0.732210576507884,54
5,2,0.982547880052994,0.409393712007415,54
3,2,0.984295928577547,0.638781198234607,54
1,3,0.988644117847178,0.862359159691408,54
2,3,0.989830314985405,0.62703864817618,54
4,3,0.982883263268029,0.671957715093977,54
5,3,0.982015451351448,0.687616799700693,54
3,3,0.978027726789292,0.523920232850247,54
1,4,0.989017678079886,0.946139125613124,54
2,4,0.989130968388208,0.732241759277854,54
4,4,0.982049945272345,0.565584460421021,54
5,4,0.985735388481587,0.285175173640772,54
3,4,0.974986759590084,0.685247969034792,54
1,5,0.988712811110719,0.946657892334641,54
2,5,0.988866262470757,0.857087160515661,54
4,5,0.982493550303623,0.575618723061637,54
5,5,0.983080732996047,0.578715437180863,54
3,5,0.977566181262502,0.568064075715316,54
1,6,0.988977450431027,0.883798473011998,54
2,6,0.988522074665735,0.644181302111648,54
4,6,0.981632603665137,0.495555822100281,54
5,6,0.983561590312701,0.502528051203529,54
3,6,0.975406679675854,0.914063317568561,54
1,7,0.990313018379346,0.805809846966139,54
2,7,0.989600555636126,0.680284010223049,54
4,7,0.984339946101633,0.597409997517223,54
5,7,0.9809368666706,0.11955456557394,54
3,7,0.984664122783819,0.545124557573633,54
1,8,0.988954341037342,0.876335722870936,54
2,8,0.989514456757852,0.919977348327111,54
4,8,0.980915271763195,0.718057123493784,54
5,8,0.984595441861661,0.4887335211224,54
3,8,0.975423282304872,0.615673447276555,54
1,9,0.989263141412069,0.779543075130217,54
2,9,0.989850656443364,0.728892575763573,54
4,9,0.981334020097668,0.61333060902919,54
5,9,0.984309105378846,0.412463488625796,54
3,9,0.976845695599238,0.599994652264942,54
1,10,0.988639790806787,0.939580806183192,54
2,10,0.989021420350427,0.851274061978758,54
4,10,0.982375362206403,0.253878667477619,54
5,10,0.984670561022204,0.5524617780152,54
3,10,0.975220013642767,0.581130643686047,54
1,11,0.989062741400633,0.899728581395509,54
2,11,0.988747777560898,0.710741271049382,54
4,11,0.982658456922997,0.821299976369121,54
5,11,0.981342930656151,0.835923316486068,54
3,11,0.978161813362828,0.756313836093296,54
1,12,0.988556504274955,0.850531412665258,54
2,12,0.989183906191648,0.651229643904407,54
4,12,0.981759229034832,0.545166300260104,54
5,12,0.985228997377501,0.405138237509402,54
3,12,0.974640781925346,0.696068771609058,54
1,13,0.989220620431929,0.705324975150178,54
2,13,0.988766170335239,0.778555899463848,54
4,13,0.981699234051136,0.842896784412522,54
5,13,0.983555321572754,0.646591465641755,54
3,13,0.975774303112851,0.249519629741101,54
1,14,0.988405561265698,0.902758672792596,54
2,14,0.989130992223122,0.657326792152596,54
4,14,0.981052577280446,0.681982966846643,54
5,14,0.983831148725104,0.682656396080412,54
3,14,0.977007126165991,0.625512191429813,54
1,15,0.989677336217295,0.73011975668059,54
2,15,0.989094788659903,0.818067053711306,54
4,15,0.982922463353119,0.475219092145014,54
5,15,0.982561270627695,0.156664146090675,54
3,15,0.979107166485898,0.725987955666592,54
1,1,0.936851908600053,0.87409847286686,55
4,1,0.889616199507931,0.676943444389853,55
2,1,0.90947522540492,0.744073248921747,55
5,1,0.864816974864936,0.458718862087743,55
3,1,0.913116373520487,0.511307068062008,55
1,2,0.935296935134186,0.881673728388712,55
4,2,0.884420110796172,0.67390492045906,55
2,2,0.915800312343352,0.703952262806497,55
5,2,0.87446967150355,0.816208456194239,55
3,2,0.912103321878529,0.714116200983897,55
1,3,0.941580436238189,0.665904565001353,55
4,3,0.880305568299736,0.718770126065441,55
2,3,0.91371827442972,0.726499109782331,55
5,3,0.875140983043718,0.581840366871634,55
3,3,0.91072629580358,0.55363734259846,55
1,4,0.936613602185125,0.876569777069074,55
4,4,0.880343429289015,0.739942175207831,55
2,4,0.913509021862539,0.754321967078013,55
5,4,0.870510124301107,0.0494167365055846,55
3,4,0.91096929265593,0.72311313010323,55
1,5,0.933337108759726,0.935178824669257,55
4,5,0.895996926202706,0.742764755329229,55
2,5,0.899943337101123,0.645769099213479,55
5,5,0.887648763351198,0.363579537510094,55
3,5,0.902961520007713,0.36143142097218,55
1,6,0.938416541567052,0.807415984730133,55
4,6,0.91013780601679,0.364269858181171,55
2,6,0.883325628943803,0.551409852309144,55
5,6,0.867816769124935,0.428126957256255,55
3,6,0.914233930970475,0.256232911575535,55
1,7,0.935093798850736,0.891690333256711,55
4,7,0.881161147138559,0.309060434858649,55
2,7,0.918412810701631,0.598213883553565,55
5,7,0.868442309010438,-0.240081604282609,55
3,7,0.912819893608831,0.439816582788983,55
1,8,0.934444371421061,0.877601689069515,55
4,8,0.882270335749082,0.482596208904033,55
2,8,0.915552532469889,0.486152898948447,55
5,8,0.882773075438518,0.252108274687421,55
3,8,0.891747207168956,0.614585577314736,55
1,9,0.939028869688364,0.806915792066364,55
4,9,0.886210041745202,0.109991646379187,55
2,9,0.910728404998047,0.685808707074383,55
5,9,0.883364051939956,0.247032469298275,55
3,9,0.917274898018321,0.675150037632018,55
1,10,0.935148406362451,0.911637619570762,55
4,10,0.88369763190956,0.575930586131926,55
2,10,0.914591490020804,0.571310075251896,55
5,10,0.880803598826855,0.483841505780648,55
3,10,0.895036726490921,0.679522236199465,55
1,11,0.933464111986128,0.92802927977001,55
4,11,0.919561546431161,0.557709815081988,55
2,11,0.876508722828349,0.816572182696628,55
5,11,0.882071501832284,0.393288300150036,55
3,11,0.921037345545839,0.456401907730469,55
1,12,0.93378346646822,0.961624267862107,55
4,12,0.892793141210829,0.729655261671807,55
2,12,0.901092893887444,0.636719019049344,55
5,12,0.86743441293495,0.757956893228784,55
3,12,0.904352722117489,0.372847226861493,55
1,13,0.935860038981701,0.840328862908032,55
4,13,0.880555879667018,0.490192688372974,55
2,13,0.909990626699487,0.867555516957678,55
5,13,0.881267908755671,0.464695265727234,55
3,13,0.912082746184691,0.870973187670158,55
1,14,0.936973800399774,0.84061805751572,55
4,14,0.887337022660373,0.627274822807498,55
2,14,0.910685538052871,0.759247371768627,55
5,14,0.893298546886686,0.682330913004709,55
3,14,0.879683836255873,0.714571817837692,55
1,15,0.934528777041949,0.879846334507582,55
4,15,0.878215910156482,0.258157082643057,55
2,15,0.916755320699761,0.739901714152801,55
5,15,0.91471574487256,0.342537158395568,55
3,15,0.866933112320001,0.76172266260986,55
1,1,0.943354237004527,0.570908610405139,56
5,1,0.919211955283678,0.486186655632406,56
2,1,0.874180758435616,0.896066060285077,56
3,1,0.885396094522798,0.279473867566599,56
4,1,0.882954251244581,0.548293734439106,56
1,2,0.935815446444832,0.888461745358796,56
5,2,0.901464786865644,0.421662874957073,56
2,2,0.896242043765405,0.665990032920553,56
3,2,0.880843650480885,0.653286331200088,56
4,2,0.892399988812298,0.361072607866023,56
1,3,0.936195935711102,0.885557352918828,56
5,3,0.908582580343356,0.74729049559699,56
2,3,0.883018120254312,0.900628652944624,56
3,3,0.886449243547752,0.819118988872595,56
4,3,0.880475845545807,0.773006180603191,56
1,4,0.937459618753941,0.892904726419686,56
5,4,0.890123413687257,0.461455581695589,56
2,4,0.912167663197624,0.709850505160857,56
3,4,0.891587178199688,0.666251809070463,56
4,4,0.873229128181873,0.584375443462752,56
1,5,0.938642061706715,0.858893516504925,56
5,5,0.916184341489715,0.442641893870802,56
2,5,0.883566210738322,0.673572938442677,56
3,5,0.884378707703649,0.313104176474872,56
4,5,0.887437619128623,0.625851515019025,56
1,6,0.934532322183813,0.935665621914884,56
5,6,0.914694077127123,0.435020277030573,56
2,6,0.869987977255729,0.787054344702188,56
3,6,0.887266148838929,0.775255227440557,56
4,6,0.880908370797373,0.537547824582721,56
1,7,0.939974452316242,0.787088553402848,56
5,7,0.889255105813853,-0.0255672962127293,56
2,7,0.909027289396144,0.752824265975047,56
3,7,0.894665958763301,0.741342423957021,56
4,7,0.887669682757771,0.641288681829431,56
1,8,0.935524181942156,0.908818971177291,56
5,8,0.889202092742216,0.814458429701304,56
2,8,0.906760695565646,0.72414022112081,56
3,8,0.878268195839852,0.64856064054412,56
4,8,0.89108976976375,-0.00669425460528054,56
1,9,0.933385737902377,0.965328809451744,56
5,9,0.886590451889854,0.425894900802456,56
2,9,0.909538164152012,0.921363857043614,56
3,9,0.880382334583335,0.590944250952091,56
4,9,0.889097657160135,0.676964278812179,56
1,10,0.937288191772385,0.855338019207653,56
5,10,0.877103626982026,0.813263495226358,56
2,10,0.915517956936375,0.518952462393324,56
3,10,0.88678990212533,0.57750855123694,56
4,10,0.883411818241752,0.387869461601819,56
1,11,0.937136846470572,0.895101865096895,56
5,11,0.880992564781518,0.26940616276532,56
2,11,0.91975977061493,0.69382194891173,56
3,11,0.887280095523529,0.514325649226332,56
4,11,0.889357037845549,-0.0142406502949502,56
1,12,0.937599196978824,0.891611783744295,56
5,12,0.881007763849532,0.392604231490703,56
2,12,0.91331060852428,0.841185304707375,56
3,12,0.891887116774702,0.581871974968616,56
4,12,0.874036177669705,0.594724245607566,56
1,13,0.938031630235158,0.822368513756971,56
5,13,0.879415468426185,-0.313678698411551,56
2,13,0.919247187287716,0.565016722670817,56
3,13,0.889013768961215,0.0169561810921701,56
4,13,0.899878313086389,0.684941578315783,56
1,14,0.936023747638639,0.918156699176664,56
5,14,0.880863166457275,0.220653559984946,56
2,14,0.917607500060054,0.799567664430484,56
3,14,0.883530690318945,0.690750950830115,56
4,14,0.893209965017172,0.731767747465527,56
1,15,0.939082467834154,0.775461085729533,56
5,15,0.879234466480766,0.742484560295453,56
2,15,0.903115482345457,0.677376198510575,56
3,15,0.877375195057826,0.783442780991868,56
4,15,0.893663349853632,0.297078166979995,56
1,1,0.964583527329338,0.923887314848271,57
2,1,0.964532072143922,0.768753395196057,57
3,1,0.936614640303629,0.280537303787729,57
5,1,0.937625391835078,0.374401903242622,57
4,1,0.947491269026463,0.579880642807804,57
1,2,0.964195101228049,0.917403775145107,57
2,2,0.962351306435735,0.663482592771019,57
3,2,0.934643078419991,0.629913071463151,57
5,2,0.939349733343565,0.565863828714512,57
4,2,0.952720189863121,0.126654000767814,57
1,3,0.965635249231105,0.844714869350257,57
2,3,0.961015213702636,0.886519644170611,57
3,3,0.941522832806528,0.488039586787261,57
5,3,0.940149771953149,0.514942065681867,57
4,3,0.940969335203091,0.859378277315174,57
1,4,0.966195218661602,0.847620849304362,57
2,4,0.964321407134737,0.672288172496466,57
3,4,0.938078370236928,0.804949963621307,57
5,4,0.933442048972894,0.512224612517803,57
4,4,0.947492407342422,0.79524485859464,57
1,5,0.964850720159254,0.896555607514047,57
2,5,0.961964286009399,0.648612630579885,57
3,5,0.936531714783364,0.566008496991463,57
5,5,0.946928746072864,0.528888975739039,57
4,5,0.937497654966689,0.689834951129577,57
1,6,0.96487207419694,0.855730087947053,57
2,6,0.964497481630936,0.610092494127198,57
3,6,0.937665003335048,0.372782371217087,57
5,6,0.940578196278664,0.45640892796881,57
4,6,0.949233157077767,0.822800315577813,57
1,7,0.964196258655283,0.938419402045832,57
2,7,0.963629476207085,0.686320683857084,57
3,7,0.9359423150646,0.660616372319476,57
5,7,0.940600295369303,0.52985994954101,57
4,7,0.950884805866956,0.77716128883252,57
1,8,0.96930337683874,0.516414926601641,57
2,8,0.963644443161463,0.671999602622846,57
3,8,0.936528297929961,0.68629875242658,57
5,8,0.943147115610942,0.440667755950708,57
4,8,0.950618115589087,0.59346746780661,57
1,9,0.966854495162082,0.861073212551693,57
2,9,0.964638596272041,0.689931839434955,57
3,9,0.939178526112367,0.491099062743201,57
5,9,0.937105245559385,0.779519177524548,57
4,9,0.949311302425491,0.568714100992461,57
1,10,0.965368580336047,0.845807466941366,57
2,10,0.961044822577008,0.750149858256811,57
3,10,0.933135097554056,0.517457927062775,57
5,10,0.936597373019455,0.509205941493264,57
4,10,0.946546982613412,0.725262231621647,57
1,11,0.964779759339113,0.897557879127571,57
2,11,0.96281652943394,0.494271968636735,57
3,11,0.940152945724815,0.689302021397375,57
5,11,0.936976525835784,0.634338178931731,57
4,11,0.942824796571831,0.156907089261068,57
1,12,0.969657022686636,0.736610681200056,57
2,12,0.962252140159949,0.542756460694637,57
3,12,0.935979127757251,0.409499591919171,57
5,12,0.936480210073837,0.676983922536379,57
4,12,0.950212743616889,0.0370615098487078,57
1,13,0.965469703234553,0.916052255710701,57
2,13,0.964248650271787,0.620358941582109,57
3,13,0.935144372756484,0.711915645785809,57
5,13,0.93760705783719,0.563703789563635,57
4,13,0.945750072631794,0.450933380071552,57
1,14,0.965653829339737,0.889505259013515,57
2,14,0.964834977541317,0.730949519785447,57
3,14,0.941475928515235,0.69370244691323,57
5,14,0.94830652373206,0.270009291249615,57
4,14,0.936743043488102,0.722651545985232,57
1,15,0.96397581936864,0.957032836053861,57
2,15,0.963302629710963,0.905973727786748,57
3,15,0.937376884024539,0.37918530779155,57
5,15,0.940190541413868,0.406303149518927,57
4,15,0.949734469467811,0.439271449594774,57
1,1,0.937105626293411,0.85386905998129,58
3,1,0.886833806947935,0.605149110616544,58
2,1,0.906573975719752,0.713974492508577,58
4,1,0.878703050213226,0.530825888454462,58
5,1,0.904924659928373,0.774546101482704,58
1,2,0.934354713471819,0.948764219003967,58
3,2,0.88276005039875,0.140482638071252,58
2,2,0.898786752671057,0.50056760602645,58
4,2,0.873439063618873,0.463028973049508,58
5,2,0.912885508969906,0.581769959388863,58
1,3,0.938530833426352,0.813132623711423,58
3,3,0.874490424439827,0.565407825344435,58
2,3,0.916196742403807,0.873394383680207,58
4,3,0.867363242970749,0.698247544974925,58
5,3,0.906239441768259,0.462780104652112,58
1,4,0.937031237647938,0.875524222788861,58
3,4,0.892955211196398,0.779533342201936,58
2,4,0.89551866316193,0.70282575770141,58
4,4,0.8703724421359,0.427045458088851,58
5,4,0.914244132841252,0.361565458200836,58
1,5,0.936926420559019,0.947080611031065,58
3,5,0.884042342951469,0.365347783262586,58
2,5,0.913347283301058,0.843140092427193,58
4,5,0.869694989380534,0.706894332010599,58
5,5,0.910786596691883,0.460306776064834,58
1,6,0.937166102096086,0.858494851063037,58
3,6,0.877612467094869,0.578524427753775,58
2,6,0.91278543446474,0.556728373812059,58
4,6,0.886187477760724,0.50910165282967,58
5,6,0.911321530320838,0.409899435192005,58
1,7,0.937003069491548,0.877732548495367,58
3,7,0.876343876239184,0.667047478298523,58
2,7,0.914862636324947,0.499109816512556,58
4,7,0.884958625963524,0.789954421313188,58
5,7,0.90110922997365,0.66374734689961,58
1,8,0.933619810492034,0.950638567899412,58
3,8,0.883374463255321,0.622675912752542,58
2,8,0.903985965132038,0.806601146965493,58
4,8,0.869215517409982,0.434783278951399,58
5,8,0.913341921159959,0.570358004346653,58
1,9,0.939988294600348,0.746184554893761,58
3,9,0.920907393172153,0.592996096524106,58
2,9,0.871700120055698,0.783632525529598,58
4,9,0.862680625172785,0.793624411603444,58
5,9,0.912295102578093,0.688034912667322,58
1,10,0.936739369372987,0.910947232369463,58
3,10,0.879982009074507,0.609111611643972,58
2,10,0.921146206980193,0.519486725434058,58
4,10,0.880857091724727,0.117934700717654,58
5,10,0.910610470849226,0.592522947392546,58
1,11,0.93578725222924,0.910948117620938,58
3,11,0.892119502807689,0.486867324869568,58
2,11,0.906511627815149,0.368981963512788,58
4,11,0.866292478857702,0.251774463441697,58
5,11,0.913758097396523,0.187782793272192,58
1,12,0.938493594350176,0.817980415645008,58
3,12,0.882748207563821,0.648625899866397,58
2,12,0.910941896718571,0.288849325109479,58
4,12,0.86496595794034,0.783394999016049,58
5,12,0.913583354281238,0.611340274584336,58
1,13,0.936699920729089,0.822393125017764,58
3,13,0.877121458131901,0.913617070223369,58
2,13,0.901960416299194,0.555414403195991,58
4,13,0.877977655713437,0.575290424042354,58
5,13,0.912989992720388,0.822055919639205,58
1,14,0.9356760441246,0.908464097303416,58
3,14,0.885952659258329,0.576920024251962,58
2,14,0.910494724843538,0.63997709246151,58
4,14,0.863442508685811,0.669674061719224,58
5,14,0.908645492645264,0.552068376455984,58
1,15,0.934805738425984,0.900490428261544,58
3,15,0.890117349605828,0.504753584289852,58
2,15,0.898047726766302,0.780405828102878,58
4,15,0.868107725475506,0.775955726747715,58
5,15,0.914748228672587,0.348173886637679,58
1,1,0.966635626391352,0.89934063844134,59
3,1,0.960035695900786,0.606998686618835,59
2,1,0.943789677941868,0.640910712289514,59
5,1,0.938904621841574,0.336844441169475,59
4,1,0.954398902093847,0.602541155472529,59
1,2,0.965456662707571,0.876776660562377,59
3,2,0.962412470581696,0.790417278944857,59
2,2,0.947147018003137,0.726030191277487,59
5,2,0.951673047202463,0.655338468948121,59
4,2,0.93125107657486,0.770777409642699,59
1,3,0.966170040826443,0.952201939000778,59
3,3,0.961048979164232,0.544572775789075,59
2,3,0.94543802738343,0.635056589904868,59
5,3,0.944374095714915,0.641611656652768,59
4,3,0.941930280040491,0.67284396649894,59
1,4,0.965354776266573,0.924790367673336,59
3,4,0.958207999594,0.795368048965201,59
2,4,0.947074854073079,0.794650555057581,59
5,4,0.940539102050535,0.393368355141855,59
4,4,0.943165745919377,0.407943932898144,59
1,5,0.964466752533253,0.889670992488819,59
3,5,0.961691211753197,0.51720082876108,59
2,5,0.945149003784154,0.810513675959514,59
5,5,0.944701795196673,0.475983232077618,59
4,5,0.935653239861383,0.75589462643304,59
1,6,0.964974789417422,0.927860730872088,59
3,6,0.962331782789109,0.549348204642204,59
2,6,0.948143998559338,0.67743052663376,59
5,6,0.938110673803416,0.774818372685573,59
4,6,0.948164786756177,0.461151074895724,59
1,7,0.964579313262443,0.895697319657714,59
3,7,0.961447641900875,0.678076674409344,59
2,7,0.948122949104674,0.53472323685321,59
5,7,0.951629083929695,0.443459484125272,59
4,7,0.93496881440087,0.436987279205693,59
1,8,0.966061548734142,0.861912253292196,59
3,8,0.962132650374806,0.509270072563507,59
2,8,0.945117489908281,0.512625135595243,59
5,8,0.940206285650988,0.372818456170879,59
4,8,0.956349045859908,0.462207111350421,59
1,9,0.965465313468389,0.893909911723668,59
3,9,0.959463072297617,0.550510482612274,59
2,9,0.945475799573043,0.546072970240276,59
5,9,0.955353107737746,0.0773052102390291,59
4,9,0.927759951120886,0.561561080433769,59
1,10,0.965190086766699,0.963592257766088,59
3,10,0.961869504417606,0.517714273692459,59
2,10,0.947101932800243,0.869180341671682,59
5,10,0.939050346657307,0.738915560802428,59
4,10,0.94219563589861,0.900158635344744,59
1,11,0.965411013012439,0.872688027589472,59
3,11,0.961742732738865,0.542350687695936,59
2,11,0.946233284871615,0.693350348544098,59
5,11,0.946290627933846,0.541656717400429,59
4,11,0.942216213288043,0.38088521327749,59
1,12,0.967018066413025,0.801138820775994,59
3,12,0.962190268751831,0.604266950809561,59
2,12,0.945091220852078,0.644299617227673,59
5,12,0.929559606581132,0.79999585961533,59
4,12,0.954445351247092,0.237576391600678,59
1,13,0.971173674585773,0.583712583924012,59
3,13,0.962039421610791,0.505002705871775,59
2,13,0.949456451062614,0.448911231632912,59
5,13,0.930178630335595,0.450242401353642,59
4,13,0.955905499865972,0.622949418491212,59
1,14,0.965804147727124,0.813775618268519,59
3,14,0.962201302079939,0.635912819301624,59
2,14,0.947509341872359,0.611116351761621,59
5,14,0.929420737002641,0.583550786770992,59
4,14,0.957287672529013,0.665462573184832,59
1,15,0.964512463162786,0.922784656918498,59
3,15,0.96139060605457,0.797967006757271,59
2,15,0.949595627254194,0.41307521790508,59
5,15,0.935685612077066,0.611727483801574,59
4,15,0.948850696325071,0.626122958438217,59
1,1,0.936279112094936,0.864010576167574,60
4,1,0.89334651493764,0.16263892755753,60
2,1,0.903421269673922,0.82953741059228,60
5,1,0.90069995485925,0.683042128296378,60
3,1,0.870669259427216,0.609231618288768,60
1,2,0.937452704120326,0.801910474457591,60
4,2,0.888526091145781,0.801629741741914,60
2,2,0.902197807629286,0.673466864640467,60
5,2,0.90731218906499,0.547668644802024,60
3,2,0.85734235157312,0.627606689793336,60
1,3,0.935660890359327,0.833503075674573,60
4,3,0.87767369429822,0.397149447946708,60
2,3,0.919928001049659,0.58060382964149,60
5,3,0.885847446375405,0.615912751027352,60
3,3,0.88187961417419,0.432200979901724,60
1,4,0.935372080178072,0.842799654608196,60
4,4,0.894800550812196,0.71777259440533,60
2,4,0.89347075976309,0.844247387887741,60
5,4,0.884722720581605,0.633717633465991,60
3,4,0.882168312869405,0.65596717636054,60
1,5,0.936275152092163,0.795217337829149,60
4,5,0.908258574851871,0.608589300198753,60
2,5,0.882885785499782,0.633946820905805,60
5,5,0.890634909608016,0.53841164521617,60
3,5,0.86935697199162,0.622227919344938,60
1,6,0.932483897839052,0.913468556133124,60
4,6,0.919149918782525,0.383432347557591,60
2,6,0.870108049857955,0.847685230732251,60
5,6,0.871536996415402,0.592334019417038,60
3,6,0.900942592704726,0.537451204593198,60
1,7,0.936836814366351,0.814774273125883,60
4,7,0.890998195758536,0.591194875532175,60
2,7,0.905155933068807,0.61088903195469,60
5,7,0.910648709030513,0.389152365415831,60
3,7,0.862302487899321,0.458375581818532,60
1,8,0.934642111403862,0.841260629524198,60
4,8,0.897657208554839,0.871954452603908,60
2,8,0.887557592456217,0.85773568093505,60
5,8,0.867710713487633,0.651992825673593,60
3,8,0.8872474262652,0.60927476256251,60
1,9,0.936108311445218,0.833732281778163,60
4,9,0.886606700291315,0.277870714439548,60
2,9,0.907092774856207,0.670155676683114,60
5,9,0.890356985401197,-0.0810022491307495,60
3,9,0.896124381386711,0.398517737219342,60
1,10,0.933220218697127,0.920906415459398,60
4,10,0.902141229270138,0.637410303695501,60
2,10,0.889649374985954,0.624355064452197,60
5,10,0.859481180021018,0.465977229526315,60
3,10,0.902641460162992,0.697178425059713,60
1,11,0.932852494278227,0.934432337903553,60
4,11,0.900709311864694,0.223968865985705,60
2,11,0.891825634817525,0.435785473343799,60
5,11,0.894504847010186,0.0708679527835855,60
3,11,0.874186221995108,0.362638386313248,60
1,12,0.934276910954952,0.89485717543772,60
4,12,0.907370462782637,0.682111013118655,60
2,12,0.88829947645301,0.754510371149759,60
5,12,0.9027550655998,0.626644767487318,60
3,12,0.869564241835204,0.640764075433971,60
1,13,0.935871828444758,0.775069418981732,60
4,13,0.921014844523148,0.559199776181093,60
2,13,0.8708695743953,0.750816365073032,60
5,13,0.864024357839665,0.4494957260189,60
3,13,0.902566512373817,0.616322343596041,60
1,14,0.931713517804742,0.967489176570686,60
4,14,0.895215311113003,0.620004926021923,60
2,14,0.896642819122132,0.778278390667576,60
5,14,0.87199356482804,0.911866894265224,60
3,14,0.885307908331485,0.645687486541227,60
1,15,0.934668697091608,0.859039043421593,60
4,15,0.9032236383109,0.327406668810973,60
2,15,0.893351057884549,0.640277305240534,60
5,15,0.885607523694096,0.56349248891956,60
3,15,0.877666193334121,0.33042869501058,60
1,1,0.965117296790246,0.910028364083266,61
2,1,0.962656115789837,0.771309726295896,61
3,1,0.946825471487074,0.259368355364218,61
5,1,0.9383301126613,0.498019431303802,61
4,1,0.952260359908436,0.653110936217751,61
1,2,0.965739887212317,0.84855035294014,61
2,2,0.96841210557259,0.700460409143686,61
3,2,0.942693071664707,0.590865339101849,61
5,2,0.935375593401518,0.571173491592662,61
4,2,0.952875940961312,0.228564815468919,61
1,3,0.96504482028874,0.908036881331503,61
2,3,0.969436909954802,0.731600851642383,61
3,3,0.94119615363424,0.215035024289587,61
5,3,0.939497952813108,0.618130895039001,61
4,3,0.950534756240892,0.652206264913021,61
1,4,0.965811831126232,0.874977732474872,61
2,4,0.96771444259843,0.699529155374039,61
3,4,0.944614771357128,0.632231186684311,61
5,4,0.947812290787451,0.664850649077943,61
4,4,0.936807966848565,0.61878286425816,61
1,5,0.966577908728826,0.834180002330743,61
2,5,0.96749982391395,0.682318586733619,61
3,5,0.94129253177222,0.223468796458535,61
5,5,0.943849453366317,0.23486453356931,61
4,5,0.956727574238465,0.422768920029543,61
1,6,0.96832116296801,0.777853302979436,61
2,6,0.968182971414631,0.569424688494626,61
3,6,0.940169510799566,0.627873791430932,61
5,6,0.945292527755088,0.271461101613123,61
4,6,0.956421673845666,0.713684159229052,61
1,7,0.964177402344505,0.927313998011086,61
2,7,0.969400640671436,0.589369140053389,61
3,7,0.940698851717126,0.57475289886989,61
5,7,0.937864801581085,0.700431830680046,61
4,7,0.950092406720337,0.412201096748791,61
1,8,0.965089971718198,0.890813933610572,61
2,8,0.969911249220497,0.217878903786805,61
3,8,0.940005806242306,0.911205753913865,61
5,8,0.937564978642596,0.246082332026605,61
4,8,0.955008756638111,0.521747112777577,61
1,9,0.966671120030706,0.791995435487897,61
2,9,0.970943662721024,0.568814066778818,61
3,9,0.943755807436026,0.509040333254906,61
5,9,0.955264322492402,-0.111446311705095,61
4,9,0.935727612824514,0.697188471530986,61
1,10,0.966670209311932,0.813893265239966,61
2,10,0.968497446914028,0.659149698443796,61
3,10,0.944755725822482,0.660357598057474,61
5,10,0.944195121838714,0.698822321985186,61
4,10,0.942161138904007,0.727307388867847,61
1,11,0.964316993616245,0.917821625497307,61
2,11,0.969973395794285,0.252084918505619,61
3,11,0.947447666185054,0.598508776386525,61
5,11,0.942697143956225,0.748756367273865,61
4,11,0.942875328020693,0.146618199325643,61
1,12,0.964116187529543,0.933186417577023,61
2,12,0.968167556390142,0.202427567130613,61
3,12,0.941523106050313,0.790221986449889,61
5,12,0.941766466193159,0.700983814307776,61
4,12,0.950032742573166,0.443976149053888,61
1,13,0.966778726702966,0.872069442225424,61
2,13,0.965763610956104,0.738610064635481,61
3,13,0.941999410311942,0.655702922099441,61
5,13,0.942711154189723,0.600994330887708,61
4,13,0.950606239559837,0.768342723025793,61
1,14,0.964100385324851,0.948848721337027,61
2,14,0.970145388277489,0.864843884208889,61
3,14,0.934555596038463,0.726297383698784,61
5,14,0.942735906242157,0.607065510865365,61
4,14,0.953034888989087,0.688377063307,61
1,15,0.967279347332333,0.696108576451275,61
2,15,0.967542802131609,0.709092122172563,61
3,15,0.942153870500531,0.357476563168632,61
5,15,0.941878419195114,0.52279878430623,61
4,15,0.951419786525632,0.116525173514639,61
1,1,0.930589050274769,0.942101516164505,62
5,1,0.901900333942745,0.432890666212373,62
2,1,0.902313892607675,0.668789886779795,62
3,1,0.880107897480875,0.759262137604361,62
4,1,0.888733850278933,0.694032579330007,62
1,2,0.9352972112366,0.763082642196523,62
5,2,0.911385540224777,0.805099247397501,62
2,2,0.899730631320527,0.796994811821739,62
3,2,0.875754033416839,0.527369983852373,62
4,2,0.897675447238822,0.645676047558173,62
1,3,0.935062687909858,0.853499000863585,62
5,3,0.914867366592252,0.22130717120923,62
2,3,0.895983797843546,0.808325280007401,62
3,3,0.87683573978644,0.684237210241421,62
4,3,0.89462424143951,0.552522855092885,62
1,4,0.933950562425743,0.862684877664713,62
5,4,0.904335943707659,0.469233529250892,62
2,4,0.906188174353375,0.655131846925475,62
3,4,0.874239914101875,0.484923303641333,62
4,4,0.896310375062571,0.417784856301283,62
1,5,0.93701737178975,0.688851313709261,62
5,5,0.925365063381258,0.712005126590216,62
2,5,0.88433208052691,0.656960507380386,62
3,5,0.873485863045991,0.637131563395382,62
4,5,0.893382975627592,0.695346727302383,62
1,6,0.940069871589236,0.72172149119416,62
5,6,0.904171984697848,0.450987577537802,62
2,6,0.903181500233781,0.705403883997902,62
3,6,0.886494034365912,0.395741954419389,62
4,6,0.894689291408665,0.608262535106783,62
1,7,0.934540541237063,0.891704103081994,62
5,7,0.90392134665568,0.497635151171137,62
2,7,0.909602454424112,0.717124179420285,62
3,7,0.878603234757503,0.576157510116275,62
4,7,0.896299371161498,0.648249613803425,62
1,8,0.93103200203853,0.946348382275125,62
5,8,0.920951251128442,0.0026778031320018,62
2,8,0.881206974627467,0.894237365528821,62
3,8,0.878529366640142,0.86237091010746,62
4,8,0.899113880937027,0.439591332763236,62
1,9,0.933299367843395,0.909342349584621,62
5,9,0.905526306663448,0.63355700116944,62
2,9,0.895552490907367,0.713722146507784,62
3,9,0.871496274860754,0.742640229096529,62
4,9,0.891903429283097,0.518172546356319,62
1,10,0.932635803206595,0.921369149070791,62
5,10,0.913093306484628,0.818715994199838,62
2,10,0.884570132503203,0.871566269507833,62
3,10,0.865454394963534,0.871583689207864,62
4,10,0.903786455254512,0.588958476194105,62
1,11,0.932994451008995,0.858763606717822,62
5,11,0.928205982910108,0.553443952696859,62
2,11,0.87926743965506,0.65781525953601,62
3,11,0.872475026122139,0.747649608289914,62
4,11,0.894258523382359,0.389880206419867,62
1,12,0.931385878430615,0.910006591275604,62
5,12,0.899499601185732,0.232447892710754,62
2,12,0.913002692825711,0.695770514264549,62
3,12,0.873566015289663,0.7889421873756,62
4,12,0.894332741282361,0.78346549124212,62
1,13,0.935848038093707,0.838561250026821,62
5,13,0.928733643313636,0.250661991543203,62
2,13,0.880739685361685,0.326729928321239,62
3,13,0.876806114861177,0.302592291184476,62
4,13,0.903588144892158,0.165423473526768,62
1,14,0.937597750380836,0.723609402587142,62
5,14,0.916209434283044,0.605105466260139,62
2,14,0.895524226700376,0.815345747480226,62
3,14,0.867309601163513,0.626031503754415,62
4,14,0.90176727667592,0.196707220362724,62
1,15,0.931905556464953,0.914530244720958,62
5,15,0.912850046197486,0.346784643875618,62
2,15,0.893495708551705,0.63699759351895,62
3,15,0.877213188095039,0.573252024456221,62
4,15,0.895332032572449,0.669911951248336,62
1,1,0.936882100918621,0.840412025453358,63
3,1,0.90773120003755,0.692904448194718,63
2,1,0.897473357697616,0.716543346212212,63
4,1,0.893097036117703,0.678688099483344,63
5,1,0.889396939622001,0.44744594222725,63
1,2,0.932683725210893,0.961403967617778,63
3,2,0.898650845890909,0.588486572135446,63
2,2,0.905381747429401,0.809081766965895,63
4,2,0.881517167753896,0.718000121723564,63
5,2,0.905052091943318,0.773032971472125,63
1,3,0.935226305021403,0.878466202250521,63
3,3,0.902145634645596,0.64473050679413,63
2,3,0.904786883312182,0.628408283857474,63
4,3,0.881340073136805,0.593963828304999,63
5,3,0.903777763972771,0.577585160530613,63
1,4,0.93761278325873,0.873765608382207,63
3,4,0.896974609410754,0.652049307764391,63
2,4,0.907725391211259,0.741993690492817,63
4,4,0.878304670480174,0.408974144518402,63
5,4,0.909137981366065,0.211590115929972,63
1,5,0.935904529041697,0.900719344720188,63
3,5,0.893468588165969,0.634088287868567,63
2,5,0.902669603589668,0.771886081444683,63
4,5,0.872328595569538,0.743310423009712,63
5,5,0.901842311782485,0.503930581030652,63
1,6,0.935722052127384,0.870045850879436,63
3,6,0.901895792117097,0.713887304009945,63
2,6,0.900963251503379,0.548783992905967,63
4,6,0.880385695240671,0.29992886260471,63
5,6,0.905786011491481,0.691475279787855,63
1,7,0.931486256201317,0.971187934716801,63
3,7,0.923439088128869,0.613500621921607,63
2,7,0.880682745931261,0.677117526424147,63
4,7,0.889453830023272,0.585207088272372,63
5,7,0.907612814488101,0.711431533593257,63
1,8,0.931510658706039,0.917363195352555,63
3,8,0.908338730712625,0.37981419215858,63
2,8,0.886799548858335,0.333645518625379,63
4,8,0.880519839198884,0.670536221928924,63
5,8,0.913611973557953,0.529040502480898,63
1,9,0.932180547323582,0.903626366971665,63
3,9,0.878729390579628,0.235214627047852,63
2,9,0.923385003749394,0.25928022110304,63
4,9,0.88239567104242,0.822901239084276,63
5,9,0.909211802389779,0.237887593709345,63
1,10,0.945954843722811,0.319998395357042,63
3,10,0.889876123636719,0.621183717869637,63
2,10,0.909202432180344,0.732352708996579,63
4,10,0.895620415873792,0.350960697033419,63
5,10,0.905794719257171,0.56331372451105,63
1,11,0.934444155583798,0.858983539463895,63
3,11,0.904143070820503,0.782340017495079,63
2,11,0.892551152282164,0.800535918319494,63
4,11,0.875908012941383,0.7113450077838,63
5,11,0.905634364017186,0.842291158646003,63
1,12,0.936806803518498,0.861183427564868,63
3,12,0.918075629892789,0.62777221393884,63
2,12,0.889475375470706,0.561076630659156,63
4,12,0.873045973828934,0.71419406488706,63
5,12,0.910580816042669,0.575901336324847,63
1,13,0.935866826140987,0.873255435950331,63
3,13,0.911580784195204,0.643363154762234,63
2,13,0.8834157320652,0.705309335515131,63
4,13,0.87752382714284,0.120541544961631,63
5,13,0.911551133339621,0.438307270878775,63
1,14,0.940529389953947,0.833946431984602,63
3,14,0.915946940281623,0.59193043084285,63
2,14,0.894966643314847,0.586620842490772,63
4,14,0.886556843915093,0.410046761868305,63
5,14,0.912858018088594,0.505082491005032,63
1,15,0.937596429566387,0.811482684180631,63
3,15,0.926710873019151,0.643385439196067,63
2,15,0.88269118654791,0.854489581001157,63
4,15,0.878458271673982,0.618757278368799,63
5,15,0.909752025281124,0.602363576350882,63
1,1,0.937715519388422,0.867651229890734,64
3,1,0.91958196001063,0.569359872023635,64
2,1,0.875921236084597,0.851978553756045,64
4,1,0.876503382229493,0.56024729854006,64
5,1,0.908611859333526,0.485765024002023,64
1,2,0.934554158148055,0.945007246277085,64
3,2,0.879152525278872,0.751398735925244,64
2,2,0.920674615953833,0.412321643218498,64
4,2,0.875916913729289,0.569773571166265,64
5,2,0.906883592658395,0.438008295672792,64
1,3,0.936163912716461,0.904529955708905,64
3,3,0.89053169792151,0.608814923619475,64
2,3,0.909301965357352,0.861584703771607,64
4,3,0.861356701615764,0.832755598582223,64
5,3,0.916751616386753,0.611228272658517,64
1,4,0.937537800218822,0.887665118360074,64
3,4,0.893754460394561,0.576855105023332,64
2,4,0.895835472623203,0.177502183560846,64
4,4,0.876856612646453,0.650302735308506,64
5,4,0.906041346865591,0.426465686991341,64
1,5,0.936115619747315,0.903765251674289,64
3,5,0.886315596866824,0.804645542048842,64
2,5,0.909659542260059,0.291790047684877,64
4,5,0.871056225704605,0.733008576868817,64
5,5,0.909476944515059,0.69660486640437,64
1,6,0.937604160593468,0.817129468880916,64
3,6,0.888261867514097,0.403794624049896,64
2,6,0.914612636722672,0.637426192463836,64
4,6,0.878088453610732,0.723786783614421,64
5,6,0.895015795027081,0.47617277887078,64
1,7,0.937224581570248,0.908315379673236,64
3,7,0.881563815006699,0.637565476112155,64
2,7,0.906684569821996,0.882908516542112,64
4,7,0.881158042451145,0.428670766954975,64
5,7,0.9002359864295,0.583473500267754,64
1,8,0.938293230054033,0.805854179175012,64
3,8,0.881570167642725,0.632270705492678,64
2,8,0.912933957634577,0.639010773813766,64
4,8,0.893722341729278,0.675711294415084,64
5,8,0.887745854600919,0.738182350676468,64
1,9,0.93956218464789,0.768387271388695,64
3,9,0.888639580640351,-0.00286025707927861,64
2,9,0.907407370583083,0.464521539112826,64
4,9,0.876170962858301,0.427793151494967,64
5,9,0.917194976311039,0.809149958369712,64
1,10,0.935078272954607,0.892506070585361,64
3,10,0.884873397379534,0.564621492182509,64
2,10,0.902951078539419,0.846271098645699,64
4,10,0.872372986055306,0.619392849791998,64
5,10,0.913022354502579,0.0957635791226403,64
1,11,0.934959110597502,0.905725016954477,64
3,11,0.922268537964643,0.604554330259861,64
2,11,0.874043843202923,0.593641991734688,64
4,11,0.876920415069362,0.663066071762126,64
5,11,0.909143834682958,0.529746577718749,64
1,12,0.939698566724119,0.836160096415226,64
3,12,0.897783084004053,0.709972029745897,64
2,12,0.898748011052206,0.272711567006574,64
4,12,0.871575241641501,0.420386667141705,64
5,12,0.910404433046879,0.192315305854841,64
1,13,0.941380429191458,0.636135865169677,64
3,13,0.888010345854477,0.58743547754249,64
2,13,0.907447019330663,0.760108815481068,64
4,13,0.879337968287816,0.15291299372539,64
5,13,0.90320046155654,0.807119952486107,64
1,14,0.93987077529855,0.851186683326879,64
3,14,0.898354152514444,0.676261441728632,64
2,14,0.904526180684325,0.756766338685835,64
4,14,0.880139222002246,0.623584687229442,64
5,14,0.904675587123106,0.745897626359899,64
1,15,0.93925889539855,0.883918189970192,64
3,15,0.899881398874174,0.808539102642803,64
2,15,0.896478886896301,0.749909608899964,64
4,15,0.879268053965524,0.247626462478246,64
5,15,0.911596240679564,0.652868241302662,64
1,1,0.935272132768775,0.953866642851776,65
4,1,0.906762692701935,0.634858985601164,65
2,1,0.893910661555759,0.105576049521497,65
3,1,0.863669157185926,0.787799681232973,65
5,1,0.905649777093996,0.825072122243166,65
1,2,0.941517790921321,0.796380557137972,65
4,2,0.891344576647731,0.384806994838959,65
2,2,0.916518644695482,0.674369081532468,65
3,2,0.881214707823531,0.603191902772758,65
5,2,0.90595991688785,0.445765989555931,65
1,3,0.93740461135925,0.933325030076852,65
4,3,0.893194872846751,0.56114636173961,65
2,3,0.907964522870155,0.83445268052436,65
3,3,0.870873679035043,0.686248672743989,65
5,3,0.909615351868795,0.289101640344197,65
1,4,0.940335067661723,0.864973400572768,65
4,4,0.927843292352801,0.404788253442775,65
2,4,0.872567712594816,0.806753270130051,65
3,4,0.888052800463476,0.600370893734022,65
5,4,0.900754987516932,0.606344889904895,65
1,5,0.944162126969722,0.553751953409109,65
4,5,0.884961081840187,0.42322977053166,65
2,5,0.916585697375624,0.82820372215528,65
3,5,0.888056058603855,0.246821800173404,65
5,5,0.903712330428029,0.463026346649043,65
1,6,0.93722561947396,0.901477913152494,65
4,6,0.902750550451524,0.791396711352752,65
2,6,0.898833928939662,0.59184767536144,65
3,6,0.865299912630531,0.726022705905445,65
5,6,0.903429424903043,0.807411373035279,65
1,7,0.93833188445852,0.902147238631159,65
4,7,0.88656242488312,0.507162723774716,65
2,7,0.916089449676348,0.839654179317559,65
3,7,0.878459377976131,0.374391488902198,65
5,7,0.902702830545368,0.532082238765926,65
1,8,0.938206769657369,0.869227405827444,65
4,8,0.884571997652973,0.633412181033843,65
2,8,0.91865635897405,0.804113328094582,65
3,8,0.868790256649302,0.311420959205693,65
5,8,0.904560807230716,0.489580187116429,65
1,9,0.936671446762014,0.950626973439884,65
4,9,0.884323786569181,0.770099196643826,65
2,9,0.917335354092895,0.793420356850062,65
3,9,0.869604268941313,0.739999162364584,65
5,9,0.904317648238167,0.588987764055212,65
1,10,0.938161250252664,0.904244103207738,65
4,10,0.882771030057798,0.689441385194493,65
2,10,0.919735158851165,0.814721685787133,65
3,10,0.868247279281191,0.635110165584112,65
5,10,0.910119706273288,0.696335426330424,65
1,11,0.935852168466144,0.954465736794559,65
4,11,0.894427458206867,0.580610923249435,65
2,11,0.895550559691347,0.680846944785298,65
3,11,0.873227766340325,0.737002825186603,65
5,11,0.897729314097501,0.444420947624719,65
1,12,0.935095420176853,0.941364257726136,65
4,12,0.923266924830069,0.40247090558753,65
2,12,0.879034761199676,0.818064400678214,65
3,12,0.866982999812583,0.390828000489816,65
5,12,0.898907549050756,0.622027382941119,65
1,13,0.93744014884434,0.923423235140732,65
4,13,0.889604960679417,0.712818049741344,65
2,13,0.915098462498774,0.506458046889949,65
3,13,0.868977788725435,0.628379630514374,65
5,13,0.909671463448647,0.029368064373491,65
1,14,0.940720169903761,0.698318816125629,65
4,14,0.888524977771941,0.400968256779311,65
2,14,0.912617418688313,0.635487043507397,65
3,14,0.868677852097889,0.491075250949977,65
5,14,0.905165040601917,0.323428320705118,65
1,15,0.939595882684117,0.838391349947304,65
4,15,0.899176740600582,0.631340399477043,65
2,15,0.903154081042132,0.515958972907912,65
3,15,0.868998958790436,0.638671457029748,65
5,15,0.908639426943931,0.579402153622172,65
1,1,0.940654128388498,0.744032546244996,66
2,1,0.924038253602074,0.569539821805183,66
3,1,0.884093582973838,0.540927347197319,66
4,1,0.888814355387203,0.334233602446896,66
5,1,0.911147872540181,0.635046944323947,66
1,2,0.936201978612546,0.871855716168988,66
2,2,0.919092581760533,0.538472058248743,66
3,2,0.882115759649293,0.856472884528798,66
4,2,0.8802820814382,0.845105136536405,66
5,2,0.902345447380377,0.573944687328231,66
1,3,0.935772093247856,0.874229071503723,66
2,3,0.912719777550349,0.779116448017531,66
3,3,0.888833014293402,0.705099092765478,66
4,3,0.888638026887025,0.391186910323395,66
5,3,0.900098594122554,0.681463510226068,66
1,4,0.935291061673894,0.908638988259519,66
2,4,0.919815219911675,0.391864618770325,66
3,4,0.875995073973612,0.445045824335286,66
4,4,0.887787283290434,0.321015796789833,66
5,4,0.910431686386226,0.441270215688324,66
1,5,0.941844319365252,0.686976083685566,66
2,5,0.919789586880297,0.574143534550169,66
3,5,0.881753753274096,0.710531914182219,66
4,5,0.879167661157748,0.601670180979965,66
5,5,0.902297397470762,0.37139476565614,66
1,6,0.93655517767263,0.840391841374503,66
2,6,0.917830886822728,0.602042254754533,66
3,6,0.885473982768339,0.223849957024304,66
4,6,0.880679774041988,0.431470804678088,66
5,6,0.906091731742879,0.509329363346642,66
1,7,0.932391550373191,0.964903476964748,66
2,7,0.909815951551821,0.760102891330245,66
3,7,0.885317963437824,0.692801944826259,66
4,7,0.895007179634401,0.571870407423623,66
5,7,0.895093177045995,0.426240847319343,66
1,8,0.935295444239947,0.925354063093578,66
2,8,0.921206059818191,0.85637638897959,66
3,8,0.878843742903552,0.784700749326705,66
4,8,0.880262748267603,0.649533757370181,66
5,8,0.914360642012502,0.663479393977568,66
1,9,0.935698610644121,0.87185491542982,66
2,9,0.911582319725675,0.256663274372348,66
3,9,0.891517972071367,0.613913842397134,66
4,9,0.881003296528134,0.819154443877169,66
5,9,0.900860923035265,0.604978039518259,66
1,10,0.938154288520714,0.786406349955201,66
2,10,0.923108554331961,0.827349564151537,66
3,10,0.88175984694729,0.415242530529408,66
4,10,0.880077603696521,0.661074556003437,66
5,10,0.900070162644587,0.471894613930564,66
1,11,0.936307392336065,0.911506764801657,66
2,11,0.917694910968623,0.552417935984726,66
3,11,0.887790757435796,0.707552541639866,66
4,11,0.888501600011505,0.121348916231222,66
5,11,0.901998845251301,-0.0918672885395737,66
1,12,0.935608294511873,0.886287129568378,66
2,12,0.921649696058758,0.594378601547285,66
3,12,0.873776917550472,0.764712699304105,66
4,12,0.89539691158984,0.698480063972489,66
5,12,0.893382695008955,0.651105182571767,66
1,13,0.936180785557288,0.870794573821579,66
2,13,0.925718261060639,0.584387517847805,66
3,13,0.871636969717647,0.570023816265481,66
4,13,0.878777240213436,0.776228106462899,66
5,13,0.910726732000842,0.532986342966859,66
1,14,0.936945394805716,0.876208794059321,66
2,14,0.922899798791067,0.747587673638558,66
3,14,0.88060351817541,0.549446432988062,66
4,14,0.892561243336735,0.517124341784577,66
5,14,0.891255108641809,0.434480002342863,66
1,15,0.93730556410418,0.882644124897699,66
2,15,0.925679960936818,0.821413924028613,66
3,15,0.873579409363516,0.728289659045625,66
4,15,0.890380763562621,0.629935118633755,66
5,15,0.896364218894282,0.56182436534712,66
1,1,0.969160542704409,0.906444729169675,67
3,1,0.967374478901506,0.799985990162638,67
2,1,0.945799339420257,0.632192729822643,67
4,1,0.936778107114498,0.694186453494811,67
5,1,0.951199333039634,0.639238357536169,67
1,2,0.971165121642729,0.754585305618192,67
3,2,0.967635474391668,0.693637925612857,67
2,2,0.941818797344168,0.718552083800724,67
4,2,0.942806294868694,0.663408398632685,67
5,2,0.943370939963963,0.6135577884188,67
1,3,0.969219001179784,0.938697829557368,67
3,3,0.967957922275474,0.636498130137347,67
2,3,0.945341330776328,0.580947355696395,67
4,3,0.944362815756644,0.158811182926356,67
5,3,0.952552604485239,0.401760196780325,67
1,4,0.969250548730126,0.816330352470124,67
3,4,0.964776646046691,0.624474280762391,67
2,4,0.947765292345206,0.811224061573462,67
4,4,0.941012513383263,0.500096539689432,67
5,4,0.951097989965606,0.287878920755168,67
1,5,0.970218785717546,0.86347320940148,67
3,5,0.956870730736999,0.47267557055913,67
2,5,0.956078557048328,0.477071869397246,67
4,5,0.933833019820692,0.674623915370575,67
5,5,0.953239848950792,0.38767273305305,67
1,6,0.967471810727599,0.916549684513419,67
3,6,0.965065261137059,0.437928248196674,67
2,6,0.950379473004715,0.62897186136407,67
4,6,0.939441797758449,0.65375940165202,67
5,6,0.947209457894164,0.390592956371236,67
1,7,0.971412076848483,0.785972034597443,67
3,7,0.964464016932607,0.670712347662326,67
2,7,0.9484465716149,0.594719548247854,67
4,7,0.942248510844547,0.458550171779531,67
5,7,0.947800843724539,0.731482659457963,67
1,8,0.968011481918097,0.946465428074798,67
3,8,0.960611659117859,0.682788012904809,67
2,8,0.951004779713919,0.72979943408016,67
4,8,0.943596281096242,0.620128851445286,67
5,8,0.939249516434969,0.657888404329616,67
1,9,0.967155549020144,0.954118074065059,67
3,9,0.964301037632285,0.72683424435329,67
2,9,0.947857367170726,0.677923391596424,67
4,9,0.929337045952236,0.659153129647237,67
5,9,0.953228213261785,0.815144402021704,67
1,10,0.969738206584092,0.829952543335518,67
3,10,0.968423091405157,0.584850103233875,67
2,10,0.940870824856179,0.614726332412538,67
4,10,0.936544647607456,0.349132268967051,67
5,10,0.952565038322389,0.36975158259999,67
1,11,0.967964992494615,0.921602265939934,67
3,11,0.965367258271979,0.210856281912861,67
2,11,0.947310159240693,0.621304301605293,67
4,11,0.940051080326096,0.586919443337698,67
5,11,0.948287117981599,0.461749729377166,67
1,12,0.969179723741067,0.825505505200933,67
3,12,0.964385331771874,0.409446910441026,67
2,12,0.947066536489219,0.852572352012443,67
4,12,0.940528132352408,0.839168892035902,67
5,12,0.950270512897559,0.402760578285663,67
1,13,0.969011834255764,0.888802873120774,67
3,13,0.959101609410277,0.77317013468331,67
2,13,0.95155194336427,0.673951517779747,67
4,13,0.946820618265673,0.535526586339902,67
5,13,0.945523062114928,0.420060595130681,67
1,14,0.969472943269551,0.892029962567221,67
3,14,0.960436052754113,0.829648770746274,67
2,14,0.952170930641416,0.54074058894811,67
4,14,0.938130672944159,0.832322429773381,67
5,14,0.947321582413831,0.187609701706758,67
1,15,0.969086946455602,0.878821028562778,67
3,15,0.968037503565083,0.803058178713166,67
2,15,0.946935833382402,0.716574057971583,67
4,15,0.94307847537732,0.509509962145817,67
5,15,0.946875921390337,0.702320241317164,67
1,1,0.970785351725778,0.714928982140218,68
4,1,0.967140793800336,0.662116250528455,68
3,1,0.950034011053492,0.422926583010762,68
5,1,0.939305277963148,0.125214782370328,68
2,1,0.960024898795838,0.747312086451775,68
1,2,0.968217412301949,0.874741692155689,68
4,2,0.962305975133574,0.878521330851369,68
3,2,0.947061033047075,0.618645859009655,68
5,2,0.959222537217069,0.677915149621686,68
2,2,0.928780408102472,0.888202265473029,68
1,3,0.967527011676347,0.928475177511996,68
4,3,0.966410676262063,0.523540432786433,68
3,3,0.944175083495396,0.555194492563153,68
5,3,0.944933962259973,0.507429318528728,68
2,3,0.948253402485693,0.443079529781163,68
1,4,0.967894900810873,0.917059751145128,68
4,4,0.96528524585044,0.461998033839874,68
3,4,0.949030869385991,0.587784225671041,68
5,4,0.950195874887446,-0.0296149111622455,68
2,4,0.944522181624676,0.576313583742515,68
1,5,0.967720345219048,0.906663319554948,68
4,5,0.965904206724671,0.778352551568606,68
3,5,0.945498625828904,0.803601685359276,68
5,5,0.950117249416324,0.122392380973451,68
2,5,0.942208752059914,0.551999059340016,68
1,6,0.967020174295578,0.899351755072391,68
4,6,0.965526567364861,0.804484773752295,68
3,6,0.94588557922213,0.144445311498123,68
5,6,0.952648873084737,0.445732396366051,68
2,6,0.936268230249374,0.103129809966246,68
1,7,0.967599939049741,0.911721401674118,68
4,7,0.964889444896806,0.454127620966039,68
3,7,0.946358620881707,0.843795486106378,68
5,7,0.947182384233258,0.548151308776745,68
2,7,0.938374051083106,0.746887677334757,68
1,8,0.967341431818667,0.900085121936032,68
4,8,0.963787871638991,0.876956946369878,68
3,8,0.946523592595788,0.652824234679726,68
5,8,0.960259024704507,0.467368319651199,68
2,8,0.928881813336392,0.8340664289336,68
1,9,0.966502884347507,0.920083937218231,68
4,9,0.965026527702537,0.139699846721622,68
3,9,0.94776189422634,0.768068436090682,68
5,9,0.960629224757405,0.41122666079646,68
2,9,0.927846735709997,0.798306908692667,68
1,10,0.972211136197308,0.574302263633033,68
4,10,0.964406756186066,0.888228736731936,68
3,10,0.945812644198586,0.642543244282323,68
5,10,0.947403145406225,0.565733297461846,68
2,10,0.939450000584747,0.463729128413452,68
1,11,0.967457096855907,0.847775182282926,68
4,11,0.965359364861928,0.283616911292146,68
3,11,0.944493011266217,0.850991811532488,68
5,11,0.963819904658053,0.585279811833593,68
2,11,0.930018122005602,0.758432503416594,68
1,12,0.9680842987719,0.862857459311333,68
4,12,0.965078626662037,0.809248165927024,68
3,12,0.947583336630136,0.49510489178111,68
5,12,0.954925070712228,0.483270474940822,68
2,12,0.933697168661538,0.738376203699446,68
1,13,0.96641821393462,0.92573521302952,68
4,13,0.965768910923011,0.630130486539368,68
3,13,0.947637405272173,0.492268870262209,68
5,13,0.948951866064605,0.621581706112835,68
2,13,0.943617881203051,0.51836935358142,68
1,14,0.97001874860032,0.758333568050873,68
4,14,0.965834538370024,0.404594213871856,68
3,14,0.94653118083443,0.77608013114888,68
5,14,0.958463892144136,0.577929651340109,68
2,14,0.932906001051776,0.76824567874488,68
1,15,0.968960800993222,0.914236661459173,68
4,15,0.963967348560121,0.64111237133829,68
3,15,0.95283964199109,0.622859146892353,68
5,15,0.952398852497216,0.748957258263657,68
2,15,0.933093503619868,0.686482254011272,68
1,1,0.990014615860371,0.888624168995173,69
2,1,0.988289370256579,0.259307820717375,69
3,1,0.982684194027104,0.519692066248666,69
4,1,0.977038211136415,0.58729062919662,69
5,1,0.981281975878505,0.267437031480669,69
1,2,0.990239014951387,0.813577614842464,69
2,2,0.988490332797269,0.774969200062921,69
3,2,0.983606163682793,0.615497384694257,69
4,2,0.98028299778148,0.402334024908061,69
5,2,0.979759263420214,0.458847870604312,69
1,3,0.991558629205097,0.685390660454676,69
2,3,0.988855636562693,0.618934144895546,69
3,3,0.983063689420023,0.522740781726636,69
4,3,0.98105731483514,0.500076066126529,69
5,3,0.983544003385889,0.187127532457797,69
1,4,0.9901254046192,0.88317928142301,69
2,4,0.989036867220412,0.543984797654985,69
3,4,0.983216967548669,0.274394069470342,69
4,4,0.980446119044754,0.788111854556556,69
5,4,0.979471285034345,0.310570065138279,69
1,5,0.991328142010102,0.789142671838854,69
2,5,0.98882923182847,0.516131761004488,69
3,5,0.984372128799806,0.747696254806808,69
4,5,0.981802380741707,0.711109859442123,69
5,5,0.981634482500704,0.532601770725463,69
1,6,0.989666517398427,0.909157549410964,69
2,6,0.988542647434468,0.461503662551437,69
3,6,0.98307271569999,0.539508557355391,69
4,6,0.981866511276364,0.642522801891605,69
5,6,0.975730433875271,0.859394955524216,69
1,7,0.990211013068598,0.877098372328762,69
2,7,0.989482885311786,0.803490305246883,69
3,7,0.983513405207853,0.6552545988144,69
4,7,0.980202718168299,0.583904352026082,69
5,7,0.978253378606859,0.77906684599844,69
1,8,0.989646041466278,0.938554655037834,69
2,8,0.988281158428053,0.792675430172656,69
3,8,0.983688391805336,0.778771165066181,69
4,8,0.980216709782616,0.694718962851448,69
5,8,0.978982254488348,0.434451458904317,69
1,9,0.98978102234343,0.918093744545253,69
2,9,0.988638637974757,0.594139411422183,69
3,9,0.982884293519215,0.465827182621712,69
4,9,0.979280564743216,0.672781567910231,69
5,9,0.978086580004472,0.653082495477433,69
1,10,0.990575661295426,0.860508584510005,69
2,10,0.988363545159698,0.895459866245123,69
3,10,0.983216276695585,0.517064193780758,69
4,10,0.980224715372856,0.620120472243853,69
5,10,0.976953018927328,0.722388634674046,69
1,11,0.989821833551261,0.946567098061933,69
2,11,0.988966854825447,0.769039315372781,69
3,11,0.981537493093071,0.860233066394503,69
4,11,0.978198134468806,0.611329347392953,69
5,11,0.979889116338315,0.529830954331099,69
1,12,0.989668469778345,0.900456777641743,69
2,12,0.988577575340419,0.639271518850444,69
3,12,0.984667924813699,0.476577822962219,69
4,12,0.977294585572432,0.307373539536932,69
5,12,0.980751547317418,0.122278138890645,69
1,13,0.990244131499411,0.842134454224481,69
2,13,0.988770392581442,0.861886083139992,69
3,13,0.982786931974182,0.797297787711695,69
4,13,0.977063540583259,0.500486728583267,69
5,13,0.980486025875949,0.580817975568238,69
1,14,0.98980459861762,0.87340618697639,69
2,14,0.989935212113875,0.699081142957434,69
3,14,0.983224362690333,0.476726912476917,69
4,14,0.983894751021458,-0.116782554419257,69
5,14,0.978319906983912,0.68337598021602,69
1,15,0.989209937182103,0.932087968476235,69
2,15,0.988439826492809,0.50055103026799,69
3,15,0.982978253199424,0.568717587808511,69
4,15,0.977497252914258,0.771652432999551,69
5,15,0.97958480664662,0.524697371719466,69
1,1,0.942217070310725,0.739703135864165,70
5,1,0.899438444472916,0.594797845738133,70
2,1,0.90223854441577,0.635054931404664,70
3,1,0.867400400644977,0.604303693134722,70
4,1,0.891000982154966,0.517129264548817,70
1,2,0.9375149539089,0.908967611679433,70
5,2,0.895929270931845,0.865035486465754,70
2,2,0.889824331240525,0.665913271219297,70
3,2,0.868409036602585,0.848535744315194,70
4,2,0.895223385437201,0.877211522809312,70
1,3,0.93706235310003,0.947626683217732,70
5,3,0.887601145191037,0.644700144887121,70
2,3,0.909207722863164,0.723080721787251,70
3,3,0.87495396441421,0.348505407371015,70
4,3,0.891512601112654,0.321065585551551,70
1,4,0.939904443390892,0.805820408499501,70
5,4,0.894725725590745,0.388053210523424,70
2,4,0.906036743548734,0.740689313787786,70
3,4,0.880346846928684,0.313923299514848,70
4,4,0.893815375946436,0.416829611545517,70
1,5,0.936151121572844,0.922688846933892,70
5,5,0.888727431692708,0.2858471226388,70
2,5,0.924940342047657,0.856946275074648,70
3,5,0.862322424607522,0.569516642097849,70
4,5,0.888199960452891,0.257215100999392,70
1,6,0.939749294347676,0.858247405402632,70
5,6,0.916318913382296,0.13226731712476,70
2,6,0.878937836661122,0.94312270774787,70
3,6,0.865805324208317,0.734900019005521,70
4,6,0.894375087828689,0.443875323580059,70
1,7,0.936996706791637,0.911020818695509,70
5,7,0.911220448296908,0.545018482506169,70
2,7,0.885195142598148,0.761189533909542,70
3,7,0.864057231325951,0.623065779435588,70
4,7,0.89384715709695,0.691497851969291,70
1,8,0.939425856139151,0.816065446843145,70
5,8,0.889095814545326,0.628752006514001,70
2,8,0.900850285751862,0.652162690961215,70
3,8,0.873075372595277,0.71996847511631,70
4,8,0.892738291308478,0.793901147241825,70
1,9,0.937699957342591,0.86542572947973,70
5,9,0.901635292325819,0.67574562234728,70
2,9,0.897518604539467,0.49960155410326,70
3,9,0.864028947588259,0.649372457782756,70
4,9,0.893974038046277,0.645266310767937,70
1,10,0.941725603194565,0.841197122386717,70
5,10,0.901525240402882,0.730537439355436,70
2,10,0.88567038822588,0.899920685790428,70
3,10,0.87540516007292,0.15578973015231,70
4,10,0.887380034711819,0.51941738244109,70
1,11,0.936395751776656,0.95520952670453,70
5,11,0.920798226635225,0.491200297186219,70
2,11,0.86779766504776,0.793600280995902,70
3,11,0.87525751067936,0.345046053571666,70
4,11,0.895035457035887,0.43641156267887,70
1,12,0.940720904132052,0.827148943984618,70
5,12,0.896507697246176,0.1384040852732,70
2,12,0.899157014788827,0.735733923439922,70
3,12,0.88153493893814,0.53319579926797,70
4,12,0.892285938007805,0.551640998550051,70
1,13,0.937201186206812,0.946871360488371,70
5,13,0.902358028533714,0.61565363950948,70
2,13,0.895660796396202,0.367049524911503,70
3,13,0.874528288291662,0.614471547694565,70
4,13,0.886779479675934,0.693500243101318,70
1,14,0.939259432205417,0.838798961982796,70
5,14,0.88905538958463,0.107485668646465,70
2,14,0.907768817351376,0.448023115824247,70
3,14,0.87630758989804,0.230770263657782,70
4,14,0.889769246404733,0.206599103817624,70
1,15,0.938756784223965,0.886276487330584,70
5,15,0.88352110617191,0.520249051987715,70
2,15,0.917800135176114,0.593350915840306,70
3,15,0.873853854505104,0.604724321145354,70
4,15,0.888331805102361,0.48190285568272,70
1,1,0.989307295132366,0.876766150384777,71
2,1,0.989176788624331,0.626356526602283,71
3,1,0.984922381020574,0.511368863815631,71
5,1,0.984619880335476,0.456190452437365,71
4,1,0.977977486902272,0.365001128816516,71
1,2,0.989170270353817,0.892190481147936,71
2,2,0.989714940936361,0.764122211899271,71
3,2,0.984833997936452,0.647237296484408,71
5,2,0.985588413358386,0.602569284474405,71
4,2,0.977154718118366,0.717556663690523,71
1,3,0.989145929079733,0.824228078394815,71
2,3,0.989555735954533,0.711098498409687,71
3,3,0.984631900430437,0.722242604187124,71
5,3,0.985056638171581,0.824637867664456,71
4,3,0.975625334030127,0.654648095369524,71
1,4,0.989030611645087,0.93078379780809,71
2,4,0.989278952683988,0.735502472071784,71
3,4,0.984239481774206,0.594751305700989,71
5,4,0.985179083837838,0.622788583308971,71
4,4,0.975289260135382,0.42755206172761,71
1,5,0.98963744062906,0.795698191513621,71
2,5,0.989438874005988,0.577162404633839,71
3,5,0.983907258570839,0.614688999396016,71
5,5,0.987065185729123,0.533780297190597,71
4,5,0.976495934674796,0.697429873562198,71
1,6,0.990416655417833,0.926914738963336,71
2,6,0.989056920173155,0.499149298730598,71
3,6,0.985401697809326,0.864976898674951,71
5,6,0.986370009666067,0.361181675548977,71
4,6,0.978735217140466,0.829928618899549,71
1,7,0.989362774715822,0.877610814251259,71
2,7,0.988419552828385,0.731000348392803,71
3,7,0.985560511124749,0.34726093325771,71
5,7,0.985851506079784,0.74127047902432,71
4,7,0.975520858699167,0.615167998886165,71
1,8,0.989643450056261,0.906715151366978,71
2,8,0.988974136132111,0.758673663870604,71
3,8,0.983157597728939,0.890055547069163,71
5,8,0.985809612939754,0.665890963729526,71
4,8,0.977410431049514,0.165985929669483,71
1,9,0.989566600060854,0.766723161669283,71
2,9,0.988989138167196,0.67061090585498,71
3,9,0.984785169038578,0.382235077056589,71
5,9,0.9864015475676,-0.221060802116974,71
4,9,0.976753194496799,0.651812547144955,71
1,10,0.98989314202215,0.796765964039038,71
2,10,0.989160037925827,0.648064101430919,71
3,10,0.983950614301364,0.811660933888674,71
5,10,0.977300343369427,0.385129170676823,71
4,10,0.985975507933323,0.515367999178954,71
1,11,0.988925068121186,0.950752050672,71
2,11,0.988077826244051,0.797602821598753,71
3,11,0.984833062298495,0.788046496523895,71
5,11,0.986200425539437,0.845185971727029,71
4,11,0.976261244788259,0.303551174290672,71
1,12,0.989243592684718,0.912576350376557,71
2,12,0.988432805833441,0.864779810229713,71
3,12,0.983547970418109,0.755400744735927,71
5,12,0.985774241174584,0.3821475821225,71
4,12,0.974404312669738,0.465077510380744,71
1,13,0.989543837329483,0.797946149565807,71
2,13,0.989280384918985,0.791453475884731,71
3,13,0.984696377395731,0.816400053104478,71
5,13,0.98561450580751,0.443762396731873,71
4,13,0.974973774596715,0.516141690673171,71
1,14,0.989938394859966,0.824845630608515,71
2,14,0.989253762072283,0.789378190113094,71
3,14,0.986518970514105,0.249172232412471,71
5,14,0.987226187949852,0.14285797682371,71
4,14,0.976413705683917,0.532753258104192,71
1,15,0.989229307231886,0.898559595140038,71
2,15,0.988858078638983,0.495785190076644,71
3,15,0.983966455455327,0.34815912312034,71
5,15,0.985573735228712,0.39562528984353,71
4,15,0.977535121358567,0.435913485481386,71
1,1,0.967295968854962,0.702452916307989,72
3,1,0.965440491884631,0.664059441264696,72
2,1,0.947404854805082,0.789158300024466,72
4,1,0.935031346061293,0.665627906113033,72
5,1,0.950481631090486,0.642676663750135,72
1,2,0.962691551978959,0.955157471595219,72
3,2,0.965692931796302,0.738949408840582,72
2,2,0.944840775102597,0.622019513443188,72
4,2,0.9373296016798,0.614883609624374,72
5,2,0.947686772659044,0.476481295197833,72
1,3,0.967171112727417,0.790595898481197,72
3,3,0.965440912162834,0.478230892681145,72
2,3,0.9477061828567,0.685905612600992,72
4,3,0.939997361846917,0.552903111385762,72
5,3,0.950845446959195,0.655348298488594,72
1,4,0.967391695421793,0.814538016799905,72
3,4,0.966807398677378,0.751901637793142,72
2,4,0.946535219008658,0.553902067234477,72
4,4,0.937608910501669,0.617095290992766,72
5,4,0.951915389353148,0.28827604490438,72
1,5,0.965889704579661,0.808693405165536,72
3,5,0.964774442449258,0.62160337327861,72
2,5,0.949549524094427,0.373633443526271,72
4,5,0.939433928875532,0.45257953229351,72
5,5,0.949271080021087,0.462075113634532,72
1,6,0.964601694210693,0.913673155439597,72
3,6,0.963473136713992,0.624140540407578,72
2,6,0.948716488892762,0.652119447386176,72
4,6,0.933333158139903,0.818788058609568,72
5,6,0.95163402374862,0.716862058298699,72
1,7,0.96616701883869,0.838192674861072,72
3,7,0.963732314267358,0.73480258669057,72
2,7,0.94872641150463,0.532795151115289,72
4,7,0.939247392440685,0.509290990338901,72
5,7,0.949998115005707,0.386332665737292,72
1,8,0.96613436325514,0.906743463746635,72
3,8,0.965607939448394,0.696158174111957,72
2,8,0.946046924373363,0.748527238067285,72
4,8,0.940146749756731,0.287783359729177,72
5,8,0.952524755894675,0.714142200469069,72
1,9,0.963957715946829,0.929217527017975,72
3,9,0.963818088506264,0.600054315184476,72
2,9,0.946770522702051,0.708574945438832,72
4,9,0.938888709291383,0.624802971447044,72
5,9,0.94522100210328,0.397783282985798,72
1,10,0.964662701442688,0.897181195331049,72
3,10,0.962928496885542,0.863024124763871,72
2,10,0.944684286527522,0.817097550685501,72
4,10,0.94097328984365,0.789396573828865,72
5,10,0.944030360582772,0.707943512127673,72
1,11,0.963870165764916,0.964928303382723,72
3,11,0.965588205708964,0.766371056073074,72
2,11,0.947958411767665,0.786644071388485,72
4,11,0.935614625657075,0.229018246620511,72
5,11,0.949746657260596,0.68984771798624,72
1,12,0.965756057336181,0.771170574125688,72
3,12,0.963443507823467,0.42273503931665,72
2,12,0.948801610041699,0.838339308108,72
4,12,0.94014991077281,0.527953854447105,72
5,12,0.946799342153478,0.443440006055706,72
1,13,0.964065753564786,0.905691487671316,72
3,13,0.966117342452149,0.452994202110779,72
2,13,0.947899525769,0.790918907359611,72
4,13,0.939498359447621,0.346783323417801,72
5,13,0.944274609940163,0.322903588164941,72
1,14,0.966609741009417,0.853864006216318,72
3,14,0.966590861264255,0.829991916039276,72
2,14,0.948585852812582,0.297759548264703,72
4,14,0.942706243065663,0.541794822941484,72
5,14,0.949677529165891,0.563505545034995,72
1,15,0.965020786121081,0.848952265653308,72
3,15,0.965529414561883,0.0954449918854979,72
2,15,0.945448795706929,0.914909433830403,72
4,15,0.938320754519991,0.597256961720899,72
5,15,0.944801137410746,0.513427401546704,72
1,1,0.937989833527524,0.944214800546846,73
3,1,0.900178306925658,0.477044959358732,73
2,1,0.906841511922803,0.77691844906986,73
4,1,0.881817370884008,0.742282763317042,73
5,1,0.9121857445885,0.917532642771217,73
1,2,0.940749991744039,0.852177939032836,73
3,2,0.92297613475555,0.458161869260786,73
2,2,0.890812776420076,0.712448671135975,73
4,2,0.881455503435537,0.422730757464454,73
5,2,0.914294969167458,0.509158374210058,73
1,3,0.940155907815695,0.87165763034795,73
3,3,0.93101688207157,0.485931495854888,73
2,3,0.881795549489129,0.769472818930333,73
4,3,0.878018723069868,0.451490856755017,73
5,3,0.925092226808862,0.452917534368476,73
1,4,0.942157876197628,0.831644564649536,73
3,4,0.918741123173543,0.829640342343148,73
2,4,0.891656103234244,0.346656511907228,73
4,4,0.874509547309412,0.481598002644808,73
5,4,0.918252430741805,0.423229167944155,73
1,5,0.942499726227533,0.803771934692364,73
3,5,0.930707458040005,0.804077370132901,73
2,5,0.87936641443606,0.779192595036136,73
4,5,0.889548315017351,0.144886357623051,73
5,5,0.916791560105151,0.496899973365274,73
1,6,0.938013016983414,0.93901459757085,73
3,6,0.930864424286577,0.686076176367431,73
2,6,0.882815981015822,0.489770723299289,73
4,6,0.873692241354723,0.349995154312897,73
5,6,0.918353620305637,0.688489184959434,73
1,7,0.941607561848637,0.885936286422396,73
3,7,0.930200201337732,0.718230484251058,73
2,7,0.873200958859498,0.623424043581426,73
4,7,0.88830883415265,0.527257375964038,73
5,7,0.914484794968842,0.390651563333718,73
1,8,0.939744244178886,0.946002760712614,73
3,8,0.915360456046639,0.580360067203709,73
2,8,0.888826387034769,0.726706511845055,73
4,8,0.872544771879601,0.691570116107835,73
5,8,0.912988760149169,0.60028203833953,73
1,9,0.941259832549394,0.864785738201554,73
3,9,0.930175570498605,0.459174297184856,73
2,9,0.881207548155129,0.627386646347078,73
4,9,0.879533068541975,0.832300107928164,73
5,9,0.915959208120047,0.553851146376203,73
1,10,0.938883372895633,0.92145406115944,73
3,10,0.920013470588405,0.637730659840416,73
2,10,0.891040529629042,0.726577789470453,73
4,10,0.873011128326525,0.737475362784353,73
5,10,0.91865744619374,0.443704235645982,73
1,11,0.939053764262562,0.890031375969191,73
3,11,0.925920213029574,0.662237175346891,73
2,11,0.888954675039009,0.187840416720628,73
4,11,0.87781657147066,-0.0678533466983739,73
5,11,0.916463405520009,-0.0119501417385937,73
1,12,0.943241297805622,0.716420621083357,73
3,12,0.91763248087482,0.549736016190942,73
2,12,0.888150144597566,0.452357199353104,73
4,12,0.879998037819535,0.59604241051957,73
5,12,0.912284226613586,0.319710587777285,73
1,13,0.938725766072581,0.911430080492638,73
3,13,0.910634615179547,0.722381987035056,73
2,13,0.892033832837785,0.855168851425261,73
4,13,0.88019752500953,0.831767023886362,73
5,13,0.915913135891001,0.684007991323677,73
1,14,0.938572265461807,0.907075424468216,73
3,14,0.921934632440324,0.613815897908699,73
2,14,0.880744767830944,0.753658724722481,73
4,14,0.885959546964096,0.476522544801533,73
5,14,0.915192190961504,0.773596778490425,73
1,15,0.941121277824459,0.847195511041077,73
3,15,0.920923559327123,0.814907003666292,73
2,15,0.888365870111587,0.85890463352951,73
4,15,0.878940374627423,0.624119273784081,73
5,15,0.897092948217422,0.525892095186341,73
1,1,0.967297689427132,0.928443433504879,74
3,1,0.964648563710212,0.657003667812844,74
4,1,0.943814236534985,0.540473121168597,74
5,1,0.939770484406044,0.780774088760494,74
2,1,0.948806193828644,0.698689885175705,74
1,2,0.969412311522552,0.859105814744706,74
3,2,0.964624523725757,0.79042743924025,74
4,2,0.942625141887897,0.636266488554886,74
5,2,0.956904403907036,-0.213342834476899,74
2,2,0.93412649021303,0.648420956122615,74
1,3,0.970320912570384,0.764286613367503,74
3,3,0.966074933690692,0.376355654100811,74
4,3,0.944732212339175,0.796731961623779,74
5,3,0.945546800230071,0.322842521594123,74
2,3,0.951797253574177,0.521274279440421,74
1,4,0.968343262179359,0.888440898006381,74
3,4,0.964521376699165,0.719281944008105,74
4,4,0.948935658328822,0.731777290459177,74
5,4,0.944502875745095,0.610490061416717,74
2,4,0.945960907304447,0.611662917961369,74
1,5,0.971161719302036,0.622544187669775,74
3,5,0.963738725265389,0.544666509220765,74
4,5,0.947462804651579,0.473087680667197,74
5,5,0.945574251344658,0.577764770135077,74
2,5,0.949047867817915,0.322297525295692,74
1,6,0.967753455073108,0.958256987890384,74
3,6,0.964052871389498,0.683916564331804,74
4,6,0.943044759437491,0.696099573307071,74
5,6,0.945455659327424,0.779927243777457,74
2,6,0.946628913439373,0.534709344199963,74
1,7,0.96869393466526,0.885996617708399,74
3,7,0.966668984979317,0.574254828537012,74
4,7,0.943018337366704,0.709825928064264,74
5,7,0.94249344203745,0.72971815733294,74
2,7,0.950103220541746,0.717074578073662,74
1,8,0.968120708680549,0.858098199723667,74
3,8,0.967641958655286,0.478231124786498,74
4,8,0.944391899627439,0.612470983934525,74
5,8,0.93444533193898,0.655657530208956,74
2,8,0.952099884143137,0.749277376379847,74
1,9,0.968193967007535,0.881196427117867,74
3,9,0.963782938461006,0.753141020327921,74
4,9,0.944255863551901,0.798498143573421,74
5,9,0.942908133396208,0.548546807904213,74
2,9,0.950056040695418,0.822664880878971,74
1,10,0.968329201795749,0.88977966334454,74
3,10,0.963700824722315,0.485754217570924,74
4,10,0.942758412759661,0.827481894865231,74
5,10,0.949025961275521,0.10793415415177,74
2,10,0.943800726367781,0.497370870689057,74
1,11,0.967618358963667,0.90689852149194,74
3,11,0.965077065062961,0.58905574362122,74
4,11,0.947725756872729,0.242547068336601,74
5,11,0.949207910580449,0.467212392696461,74
2,11,0.944676224699522,0.576315484333391,74
1,12,0.968372363857736,0.901635847475432,74
3,12,0.963468733459284,0.707999192982454,74
4,12,0.94195896864287,0.511407292394802,74
5,12,0.935941860410571,0.589921324484375,74
2,12,0.951082119897041,0.693254130199263,74
1,13,0.967262437187932,0.90494841654766,74
3,13,0.954735445116049,0.711746425367286,74
4,13,0.950987387127084,0.527110439895747,74
5,13,0.936927900580148,0.772088912599838,74
2,13,0.951745489029285,0.660775017100739,74
1,14,0.968696833811429,0.826710305891545,74
3,14,0.967076173134957,0.65187460141785,74
4,14,0.946438832849571,0.734932873653471,74
5,14,0.935793780801973,0.604135507809604,74
2,14,0.94833474478641,0.637036683185858,74
1,15,0.967899869393949,0.893636238494973,74
3,15,0.965106109612893,0.408549260980154,74
4,15,0.94350623599714,0.259513385659984,74
5,15,0.945348458425872,0.604750665331495,74
2,15,0.953695107377993,0.450665811198756,74
1,1,0.966927680418251,0.805961557159532,75
3,1,0.964497335830637,0.31555906859469,75
2,1,0.946501497120223,0.657930782126106,75
5,1,0.930268446726253,0.728623544694581,75
4,1,0.952365957581542,0.691824964537744,75
1,2,0.964921043883839,0.937755145764402,75
3,2,0.964121907181991,0.624618688419032,75
2,2,0.947681848962029,0.781237079362734,75
5,2,0.9482130982882,0.628128204107994,75
4,2,0.942162167694711,0.566881938094073,75
1,3,0.966280566754549,0.776248346718165,75
3,3,0.962678573691523,0.665239361072625,75
2,3,0.950635492240617,0.626865797351307,75
5,3,0.940484410781504,0.108873036788773,75
4,3,0.950167409824961,0.0555652852406677,75
1,4,0.968937109586298,0.670276016069712,75
3,4,0.954934305221282,0.262747334348718,75
2,4,0.963910709887087,0.770304053539009,75
5,4,0.946466658240748,0.333118969177675,75
4,4,0.946524512812116,0.698366592322765,75
1,5,0.964920783247286,0.945201585909313,75
3,5,0.968043701553286,0.866235572825089,75
2,5,0.949437622705948,0.635480327555346,75
5,5,0.938621898254359,-0.318038292913846,75
4,5,0.953115500543116,0.519799637357145,75
1,6,0.965778729127404,0.814404991215718,75
3,6,0.967230519346067,0.445170288219653,75
2,6,0.947839994176921,0.869674969939252,75
5,6,0.930185113564903,0.52542500401506,75
4,6,0.955535607281962,0.596129671720571,75
1,7,0.964902928823361,0.932478740773535,75
3,7,0.967752661986867,0.800236947230851,75
2,7,0.947916647187232,0.554410515355596,75
5,7,0.9454332329127,0.586957018220079,75
4,7,0.941755040274898,0.423695231683018,75
1,8,0.967324849648364,0.793968990559476,75
3,8,0.964090752606342,0.655738210749134,75
2,8,0.949119207659303,0.771632177245782,75
5,8,0.95334562145005,0.458114052580425,75
4,8,0.944440232545552,0.323031534333035,75
1,9,0.968347135887094,0.43112548288526,75
3,9,0.963645819657649,0.781627151768812,75
2,9,0.948680391603847,0.709822697385475,75
5,9,0.943593341674786,0.55002925960684,75
4,9,0.941695689457572,0.611882575280454,75
1,10,0.964247375666151,0.966209220069461,75
3,10,0.965095014610762,0.777663128175045,75
2,10,0.947790741591604,0.809096734702,75
5,10,0.934634699481707,0.899077126096672,75
4,10,0.94840413886674,0.692399179706996,75
1,11,0.965948960503664,0.831518322090053,75
3,11,0.966601258120558,0.579617529990843,75
2,11,0.948362923996434,0.601409904275872,75
5,11,0.951625636697596,0.533052403384108,75
4,11,0.930533589539093,0.57735789761906,75
1,12,0.966613875623431,0.87136597579245,75
3,12,0.964134186798911,0.643779185875406,75
2,12,0.957120508380697,0.696350156312146,75
5,12,0.948521589259019,0.560834506686866,75
4,12,0.941003574362444,0.8852160320309,75
1,13,0.964352946632971,0.935814235539288,75
3,13,0.968957682122709,0.397750677748118,75
2,13,0.947176755555112,0.846377273753537,75
5,13,0.950112336600076,0.721994184425936,75
4,13,0.939400973586905,0.542071558452532,75
1,14,0.967267103652359,0.761635552628704,75
3,14,0.968240794403302,0.414292102193535,75
2,14,0.949221181840485,0.508426250441971,75
5,14,0.941211646248045,0.281555082904016,75
4,14,0.95324172858999,0.238941022240439,75
1,15,0.96544639024981,0.869288682142109,75
3,15,0.96618903049468,0.854169537652064,75
2,15,0.948556653021907,0.344439211391296,75
5,15,0.946927883092569,0.530089826722114,75
4,15,0.94460619423923,0.596844099838871,75
1,1,0.967712149441263,0.921734201260317,76
2,1,0.961142461382381,0.541601174614499,76
3,1,0.943871394083001,0.362211909476679,76
4,1,0.936709747634373,0.639281497253716,76
5,1,0.951608848375958,0.529412630833622,76
1,2,0.970057366947853,0.869854844205545,76
2,2,0.963077283127208,0.787440227053679,76
3,2,0.946928329851646,0.267452161795021,76
4,2,0.949586219898565,0.410147453876922,76
5,2,0.944436057361555,0.623148786202801,76
1,3,0.968936866740948,0.85946725252005,76
2,3,0.963782376433152,0.655064622924131,76
3,3,0.949261927133803,0.552891595423394,76
4,3,0.951051175833151,0.343594506934569,76
5,3,0.942577621365224,0.535440494947696,76
1,4,0.969507650953605,0.580970469777724,76
2,4,0.963334080146495,0.386968237118878,76
3,4,0.939414805014493,0.745896382617966,76
4,4,0.944054727475391,0.745230238328387,76
5,4,0.947807209631976,0.210788851324368,76
1,5,0.968049862837371,0.882546244658594,76
2,5,0.965526688534616,0.849827194133451,76
3,5,0.949948589918444,0.528190199069855,76
4,5,0.94402160295723,0.674231185993114,76
5,5,0.948557336423907,0.48791429211456,76
1,6,0.969465820950065,0.873303250169179,76
2,6,0.965587916204693,0.82937492501093,76
3,6,0.944997501073196,0.556604767162431,76
4,6,0.947460412568421,0.40611314581382,76
5,6,0.948541691318952,0.813923966248695,76
1,7,0.968534372247946,0.86567508919738,76
2,7,0.963307306749652,0.703031759871444,76
3,7,0.944537280564857,0.594276083441819,76
4,7,0.947687910315208,0.786023981508924,76
5,7,0.943452692589812,0.483284330958964,76
1,8,0.968312795208498,0.910742195560428,76
2,8,0.961999297616403,0.823717548180826,76
3,8,0.942697891651284,0.751813155554687,76
4,8,0.943597035024291,-0.0395392811993676,76
5,8,0.950971578180729,0.662914444650767,76
1,9,0.968135336680446,0.958730633513083,76
2,9,0.964451236425115,0.304495358078506,76
3,9,0.947235754484605,0.812951599611641,76
4,9,0.950538545679907,0.564544208499386,76
5,9,0.95095172065168,0.298791206565961,76
1,10,0.969092743539576,0.763257847161384,76
2,10,0.961566554480257,0.853418130690358,76
3,10,0.942910006663916,0.488795863832024,76
4,10,0.943415991904481,0.256591610457024,76
5,10,0.949690834643457,0.5430148384257,76
1,11,0.967221172163892,0.895046473340934,76
2,11,0.962678523403172,0.767033720723397,76
3,11,0.942000582093768,0.512990059425909,76
4,11,0.947283610197756,0.811474718066652,76
5,11,0.942952545566582,0.388114318175318,76
1,12,0.967867034748724,0.929666251605374,76
2,12,0.962113248953173,0.676389391120096,76
3,12,0.940212811157806,0.815231061623169,76
4,12,0.939023033229653,0.561761558855565,76
5,12,0.952740729663901,0.538156495884541,76
1,13,0.970498281472423,0.654442359248682,76
2,13,0.960571351103628,0.809327790051699,76
3,13,0.941187834614487,0.496380140230339,76
4,13,0.945543216215346,0.552179183079455,76
5,13,0.953039395036832,0.512273320627268,76
1,14,0.967592551698514,0.836635988026151,76
2,14,0.962727282515096,0.599684530535068,76
3,14,0.944624542642212,0.647209401565051,76
4,14,0.947055652595235,0.673634582515457,76
5,14,0.942260240155457,0.228478561383587,76
1,15,0.967469459316379,0.936829699880355,76
2,15,0.964815211794869,0.66631481859416,76
3,15,0.941261212210215,0.84428984500058,76
4,15,0.938822741709713,0.657025290131995,76
5,15,0.950607018947936,0.5791482230088,76
1,1,0.939838301032457,0.864973455032702,77
4,1,0.916585771418484,0.69849864749819,77
2,1,0.888102644630736,0.586912934147651,77
3,1,0.873872645139021,0.645204549594799,77
5,1,0.881538253367822,0.624556492819606,77
1,2,0.9370318617552,0.922243629289605,77
4,2,0.928396872049951,0.637743580026663,77
2,2,0.870674197160487,0.811857452640354,77
3,2,0.867289698374284,0.623215529600266,77
5,2,0.886075230424873,0.826500275892183,77
1,3,0.942506215057494,0.777405425383436,77
4,3,0.91196930354936,0.654466767524255,77
2,3,0.882238461577676,0.734421770443928,77
3,3,0.884505421764763,0.693277255223429,77
5,3,0.862946037764939,0.476625248234636,77
1,4,0.93448904092661,0.920916143877953,77
4,4,0.925499144819061,0.47411885974161,77
2,4,0.875587406918829,0.507776349288727,77
3,4,0.868525787728542,0.819626387537295,77
5,4,0.869993148667766,0.508425526265134,77
1,5,0.939692527075739,0.8610725301038,77
4,5,0.905798871858569,0.59325564019234,77
2,5,0.886961906636718,0.821993407708982,77
3,5,0.889063804875947,0.755976377205404,77
5,5,0.862767222338836,0.640782662272779,77
1,6,0.940766635008361,0.801820700919323,77
4,6,0.900234262924684,0.367637715218426,77
2,6,0.906892790946948,0.649435746642195,77
3,6,0.884033292897658,0.463139723136242,77
5,6,0.864871771133798,0.455685301512002,77
1,7,0.938103362183373,0.84808079097259,77
4,7,0.905578373098151,0.653040945557104,77
2,7,0.889524028431816,0.814923156946925,77
3,7,0.869949302753447,0.561639836076082,77
5,7,0.880020885136784,0.415954150578854,77
1,8,0.938718341260282,0.87253984772629,77
4,8,0.920954246282786,0.610466633993142,77
2,8,0.873090618153364,0.644166191829513,77
3,8,0.873295795250006,0.81759926703335,77
5,8,0.872458411406719,0.525713499203799,77
1,9,0.938086234468937,0.84565070093018,77
4,9,0.915342251377277,0.649202114034042,77
2,9,0.883221757021013,0.567243401322258,77
3,9,0.875719324765875,0.351307935764984,77
5,9,0.86798280031958,0.497782675964023,77
1,10,0.938585537237264,0.826589856054977,77
4,10,0.921035941622986,0.59418467804814,77
2,10,0.890266822680349,0.832713822558183,77
3,10,0.876551682448054,0.776732004436131,77
5,10,0.85992828653411,0.646758643698347,77
1,11,0.934713088694468,0.948285128872924,77
4,11,0.916847957192066,0.234492849004636,77
2,11,0.88397884017895,0.703912529628628,77
3,11,0.87972889569341,0.664424854775846,77
5,11,0.858102384244855,0.433564745425962,77
1,12,0.938877982179019,0.789807064054874,77
4,12,0.903460950124742,0.557805411153465,77
2,12,0.902196840501479,0.643287408698809,77
3,12,0.882573704284034,0.46388489979744,77
5,12,0.869556128847475,0.580794257683194,77
1,13,0.938119384221335,0.861400738978293,77
4,13,0.924738797424879,0.475476602057884,77
2,13,0.882531584501201,0.185893848552232,77
3,13,0.873417546994103,0.46029870759463,77
5,13,0.884206427981067,-0.10566387768318,77
1,14,0.93688658808434,0.915631293083929,77
4,14,0.920375645544158,0.702341946981576,77
2,14,0.882088552273136,0.507390607583573,77
3,14,0.87451665939585,0.568836108033387,77
5,14,0.867003349891704,0.550368380131314,77
1,15,0.936119335510222,0.922839160609196,77
4,15,0.903170796442669,0.337400571342743,77
2,15,0.888529123275148,0.631907166014464,77
3,15,0.888189775904291,0.639357560570799,77
5,15,0.860024217818306,0.402756427745298,77
1,1,0.935433446935583,0.939230061208769,78
2,1,0.933496979499614,0.652266908956704,78
3,1,0.877561221477912,0.670492714800743,78
4,1,0.876946839251493,0.706735765853907,78
5,1,0.901486760947254,0.770485266519765,78
1,2,0.937814521178288,0.917548403160498,78
2,2,0.93422953580524,0.552768807452827,78
3,2,0.872720653853076,0.704042618264022,78
4,2,0.877357354395476,0.470710076933292,78
5,2,0.902429146073528,0.269871571409917,78
1,3,0.9419736156154,0.670230573588526,78
2,3,0.933681397139573,0.538817073365814,78
3,3,0.878959888643604,0.699468838826898,78
4,3,0.890050517543267,0.725327396561169,78
5,3,0.893493023164859,0.55250761645651,78
1,4,0.935904429721418,0.899939689283539,78
2,4,0.923244055572398,0.857068663769103,78
3,4,0.885750607447361,0.5806434273927,78
4,4,0.879839701721311,0.685554251658567,78
5,4,0.90379685972992,0.541264099027886,78
1,5,0.93699075488243,0.821387600671062,78
2,5,0.927457987007536,0.597974085119861,78
3,5,0.88973814489155,0.185789791950991,78
4,5,0.868106101269425,0.441057756466224,78
5,5,0.909692780694485,0.276509571713708,78
1,6,0.937755213467647,0.88995839952014,78
2,6,0.93402664381299,0.7911380538046,78
3,6,0.877429431916461,0.617879403503541,78
4,6,0.884512040820275,0.627459594630994,78
5,6,0.894090866442287,0.669459643902431,78
1,7,0.942443694526636,0.548185597702675,78
2,7,0.925541347768184,0.840497933887491,78
3,7,0.883393340855354,0.411722964610496,78
4,7,0.884509039453473,0.830857115995311,78
5,7,0.889329195041293,0.690651057834216,78
1,8,0.936275678546171,0.915467591951295,78
2,8,0.934056208111371,0.498995483613399,78
3,8,0.875555249214105,0.734463147341084,78
4,8,0.886105923097259,0.285403849791555,78
5,8,0.902370086172431,0.471752475311297,78
1,9,0.935558820786366,0.922139484390491,78
2,9,0.930210989127012,0.332661158543738,78
3,9,0.871522890428927,0.828949665496227,78
4,9,0.88288032253464,0.694000048049436,78
5,9,0.904844514530251,0.419249051562571,78
1,10,0.935873640733264,0.935360426021568,78
2,10,0.934231976356674,0.516449215567423,78
3,10,0.872409941234663,0.677482028523151,78
4,10,0.879456342319519,0.301041912874789,78
5,10,0.896907199160251,0.455380282269095,78
1,11,0.937438341439775,0.873636154765269,78
2,11,0.929918422830916,0.712755809046401,78
3,11,0.879944356561109,0.734222530690918,78
4,11,0.878158773928196,0.494469857314364,78
5,11,0.909678849457313,0.248205557660451,78
1,12,0.937000474339255,0.906159060292287,78
2,12,0.933611211200018,0.572917062824022,78
3,12,0.872557864639788,0.409685611031408,78
4,12,0.877881299674458,0.23660314879617,78
5,12,0.911619258145,0.110106981806894,78
1,13,0.935496152345058,0.940202536307769,78
2,13,0.92675548798701,0.725255536581136,78
3,13,0.875288348874676,0.681004216609889,78
4,13,0.882920604540959,0.685593528394439,78
5,13,0.891933739368062,0.450227118253235,78
1,14,0.938946769875301,0.850759225775711,78
2,14,0.93055646414262,0.679595542337876,78
3,14,0.877845500847559,0.457078446764092,78
4,14,0.888568534491,0.56899701678779,78
5,14,0.90773721987089,0.744668976374576,78
1,15,0.9376140889745,0.842509861961766,78
2,15,0.926572159098122,0.519375536704851,78
3,15,0.880984966452498,0.735890480703712,78
4,15,0.885184454296904,0.543700512249454,78
5,15,0.904652156156001,0.728798814986503,78
1,1,0.967152857965917,0.894585748757058,79
4,1,0.961172735731259,0.681891249986131,79
2,1,0.949603043255369,0.687112568960918,79
3,1,0.944857157861719,0.723175353508356,79
5,1,0.933377844090236,0.711181093863737,79
1,2,0.967877917521833,0.882411399489747,79
4,2,0.965080385991795,0.794353468218297,79
2,2,0.950506276082454,0.493953420881913,79
3,2,0.946632106896488,0.570239692296805,79
5,2,0.935315490461658,0.484189096278063,79
1,3,0.9697830343895,0.801893145520343,79
4,3,0.965241129789219,0.667365496855557,79
2,3,0.949024236186846,0.51026755407434,79
3,3,0.948984586453093,0.643509905648624,79
5,3,0.930928901486003,0.684543468362637,79
1,4,0.968749420354286,0.917528920593918,79
4,4,0.963673748318003,0.508374855361464,79
2,4,0.946289272578393,0.651844022712025,79
3,4,0.948072628099766,0.576482571222488,79
5,4,0.938238202262901,0.554546390115082,79
1,5,0.968079640161246,0.889341900968636,79
4,5,0.963651559398457,0.892229948779059,79
2,5,0.94707958917949,0.757887567502276,79
3,5,0.947234713192527,0.535490521961906,79
5,5,0.934297034325553,0.428955438680216,79
1,6,0.96770837002861,0.893259134981137,79
4,6,0.96347439617131,0.605896698393164,79
2,6,0.94769579070837,0.535767768774759,79
3,6,0.947146284244521,0.73216787681383,79
5,6,0.933316359559584,0.544423597807045,79
1,7,0.968195490442175,0.911864704738773,79
4,7,0.960730495247997,0.758143800211634,79
2,7,0.948868683116797,0.611725554797574,79
3,7,0.943913016092125,0.788076539522775,79
5,7,0.941467100024773,0.155729219469569,79
1,8,0.968864725629083,0.788073362320857,79
4,8,0.964419567526302,0.532492370342678,79
2,8,0.947697491185315,0.699625492384843,79
3,8,0.945296198020899,0.608032925753317,79
5,8,0.936153533056333,0.125773815727888,79
1,9,0.9682986392942,0.85559439674375,79
4,9,0.961630204484019,0.74313962267287,79
2,9,0.950446259493425,0.745424324681409,79
3,9,0.946552329856023,0.686614431303549,79
5,9,0.928693501188181,0.230554495934176,79
1,10,0.968144218905084,0.922687118676354,79
4,10,0.962378757087851,0.586422297857772,79
2,10,0.942178655157307,0.733164953372662,79
3,10,0.946838554728833,0.660426019977553,79
5,10,0.945499646307893,0.325159353505418,79
1,11,0.969958135259247,0.83076298888407,79
4,11,0.96471929818153,0.438750496808775,79
2,11,0.948919490605662,0.82424333424881,79
3,11,0.948608021806547,0.754703665656581,79
5,11,0.933380620024341,0.613325023695975,79
1,12,0.967529851078873,0.916789884290759,79
4,12,0.963627250736776,0.529400696773912,79
2,12,0.947916061113753,0.707952437233106,79
3,12,0.949546508667432,0.598697731526986,79
5,12,0.931482534368318,0.706196385557276,79
1,13,0.966901356348948,0.947537495864368,79
4,13,0.964879635732068,0.656348781751782,79
2,13,0.945675791722834,0.807205385889957,79
3,13,0.944170325802452,0.789245579458072,79
5,13,0.934191053729016,0.61894686451781,79
1,14,0.967486579727936,0.910389409821996,79
4,14,0.96292614213438,0.335115498118618,79
2,14,0.947856044200618,0.133141427073596,79
3,14,0.950941846924998,0.494695963358105,79
5,14,0.93317690766866,0.170626891234648,79
1,15,0.973601765238185,0.536912368010099,79
4,15,0.961826152408193,0.66114312710931,79
2,15,0.949910498303596,0.532375614090154,79
3,15,0.94754424596271,0.266520849011586,79
5,15,0.935926131043341,0.674705039369027,79
1,1,0.967698284440729,0.843447599641953,80
3,1,0.964505338625785,0.667384368151743,80
4,1,0.942948920156288,0.517182812470459,80
5,1,0.943651262441893,0.322130600262528,80
2,1,0.952859040635126,0.825735211451372,80
1,2,0.964645594706534,0.976609739911427,80
3,2,0.959390553286969,0.704586011109489,80
4,2,0.947606541653462,0.59699534036018,80
5,2,0.937721203092327,0.46872864601103,80
2,2,0.950079616065694,0.503386261158964,80
1,3,0.967885342530518,0.810965899231422,80
3,3,0.964403737804839,0.624053146492818,80
4,3,0.942578935342115,0.644990914830116,80
5,3,0.936062409299896,0.278237861205814,80
2,3,0.951391218566978,0.688125673633697,80
1,4,0.966728435854377,0.901111706170408,80
3,4,0.964774506490737,0.457288629771343,80
4,4,0.947192250332842,0.595355030037704,80
5,4,0.952967232469003,0.40238153077978,80
2,4,0.936320510674642,0.7309793335887,80
1,5,0.968448267146237,0.790129746529766,80
3,5,0.966634592792911,0.638367442565302,80
4,5,0.943864637896829,0.841071804291596,80
5,5,0.940038870188493,0.434330489212896,80
2,5,0.952227531075538,0.81563142098467,80
1,6,0.967353677097042,0.85999668741237,80
3,6,0.966097148691849,0.532204902237431,80
4,6,0.944120149136686,0.483626925640264,80
5,6,0.949448738761353,-0.0717048328307722,80
2,6,0.939815502743438,0.604488625747653,80
1,7,0.967833737770041,0.789825346869841,80
3,7,0.956086987838592,0.666025458005675,80
4,7,0.950665496996797,0.732392403946775,80
5,7,0.946163830286476,0.219386620336864,80
2,7,0.945202260978853,0.203142534652371,80
1,8,0.96511747524392,0.958557043743052,80
3,8,0.963467223195612,0.508068598182488,80
4,8,0.946734043259177,0.575133054202807,80
5,8,0.942654028004609,0.738099426168294,80
2,8,0.945040811824936,0.557677784374092,80
1,9,0.968001085105562,0.788588197886701,80
3,9,0.961463803236992,0.738372571623061,80
4,9,0.946583729010653,0.305851128759926,80
5,9,0.936375740429194,0.514178904596121,80
2,9,0.951918782574531,0.707580627296043,80
1,10,0.969478657664787,0.635161260804013,80
3,10,0.962546793654652,0.642145012130183,80
4,10,0.945477500640348,0.672943706047561,80
5,10,0.951271959812432,0.476758460795489,80
2,10,0.939521946016973,0.53491902258511,80
1,11,0.965985469725796,0.926884999216603,80
3,11,0.965601819149663,0.709143648680233,80
4,11,0.94488358207842,0.492342622581825,80
5,11,0.952408518496501,0.324619779251409,80
2,11,0.938148434425962,0.872395349890554,80
1,12,0.965480840369311,0.945353100619507,80
3,12,0.959666121180551,0.594214625698169,80
4,12,0.94903941359365,0.605573888430555,80
5,12,0.949982986283978,0.320112201454656,80
2,12,0.935350775878553,0.829200460520632,80
1,13,0.966722600808899,0.881894398667733,80
3,13,0.961830479103531,0.655693334666053,80
4,13,0.94643472909121,0.70119154993116,80
5,13,0.955828158602914,0.307834522066777,80
2,13,0.934563280778171,0.714647440422358,80
1,14,0.96715679482625,0.80556366467522,80
3,14,0.961124784670603,0.791480270120359,80
4,14,0.947043493674406,0.708360458937873,80
5,14,0.947081619604274,0.552921428122078,80
2,14,0.939119346155206,0.75637053819146,80
1,15,0.96599905438303,0.938581578886514,80
3,15,0.961298262937968,0.641153274569922,80
4,15,0.944086970824703,0.841831389128054,80
5,15,0.952331672686294,0.65643995169853,80
2,15,0.935432251797801,0.70381834985963,80
1,1,0.966489442851253,0.888582603211802,81
3,1,0.961650147939334,0.622041886643726,81
2,1,0.943714822437025,0.550946837153361,81
5,1,0.947098083532649,0.758528412979149,81
4,1,0.931677347189379,0.831506294818778,81
1,2,0.966274986937597,0.93826201345927,81
3,2,0.962558348344396,0.705168698244906,81
2,2,0.945223415103688,0.647017800248691,81
5,2,0.944067377676832,0.286979104386689,81
4,2,0.943449261374735,0.569256810639637,81
1,3,0.966008243591193,0.909380361151176,81
3,3,0.961784345057311,0.534224440558227,81
2,3,0.951195194785731,0.565212110969675,81
5,3,0.932244699283003,0.527934988369949,81
4,3,0.949516173318125,0.493860742434929,81
1,4,0.96909184266871,0.705314377073434,81
3,4,0.96233976588355,0.426248592733146,81
2,4,0.94429204230252,0.686808156158911,81
5,4,0.934894093727108,0.537747101321873,81
4,4,0.948216416653302,0.2524133951418,81
1,5,0.966182320390528,0.940610532117748,81
3,5,0.96101657596952,0.135168247706376,81
2,5,0.94489547531855,0.616230562513007,81
5,5,0.955359961974065,0.535811047104988,81
4,5,0.929325006249515,0.766654276059205,81
1,6,0.96771806322194,0.767984767913793,81
3,6,0.959666450152351,0.749221697097516,81
2,6,0.948814093444515,0.755779858362733,81
5,6,0.948531642958861,0.419687041326141,81
4,6,0.931594821001725,0.284682290871153,81
1,7,0.967013065132939,0.891189899861482,81
3,7,0.960469308437464,0.636668294769085,81
2,7,0.94912585989801,0.733143332005666,81
5,7,0.944353648178998,0.691646188368243,81
4,7,0.933368085323935,0.728598718978037,81
1,8,0.966040003788902,0.858305250126389,81
3,8,0.961024920388371,0.673615501010986,81
2,8,0.950806061636697,0.54349863538933,81
5,8,0.927387896904725,0.607585899862876,81
4,8,0.9510935944427,0.554491906454522,81
1,9,0.966205242288028,0.897727979432414,81
3,9,0.957516853085381,0.809664617175893,81
2,9,0.943717605981505,0.635868377831333,81
5,9,0.951049318691229,0.668021263450434,81
4,9,0.926969678800025,0.858385169097344,81
1,10,0.970146121228613,0.518643319308619,81
3,10,0.963548799048888,0.444791143533159,81
2,10,0.943951620634993,0.85990933759959,81
5,10,0.930886861037826,0.552227549126349,81
4,10,0.952567304658814,0.581351775297052,81
1,11,0.965487968416791,0.940155766491114,81
3,11,0.961597362751861,0.696293980104998,81
2,11,0.943661470391306,0.7587164737472,81
5,11,0.938203402484821,0.681671974817492,81
4,11,0.940495471393654,0.577911983558037,81
1,12,0.967053836437775,0.891095498258422,81
3,12,0.963499680957177,0.68770922552331,81
2,12,0.943954810188428,0.450043905312726,81
5,12,0.935764298310981,0.312524050502815,81
4,12,0.95402716301042,0.604706273860565,81
1,13,0.96683682706027,0.890656904384184,81
3,13,0.961884029021316,0.746382375454753,81
2,13,0.942957400338824,0.645811170644775,81
5,13,0.942072113553418,0.570011922917922,81
4,13,0.941873862815628,0.704344584145719,81
1,14,0.964260230579939,0.964971866252884,81
3,14,0.961883221526158,0.750957394672587,81
2,14,0.945346675899868,0.714007220423745,81
5,14,0.938891641932855,0.140133290299363,81
4,14,0.947536867889959,0.466895935967992,81
1,15,0.966701726574512,0.876563314111643,81
3,15,0.96274080670126,0.494030936916451,81
2,15,0.944478437414957,0.722405341004508,81
5,15,0.929463300283438,0.308790441426948,81
4,15,0.953016622032842,0.733280013502645,81
1,1,0.936500309169066,0.847369866846232,82
2,1,0.922888925535524,0.68205007219648,82
4,1,0.878115974948592,0.417579843312337,82
5,1,0.863086951241552,0.792688828322578,82
3,1,0.904618048888679,0.618082725110791,82
1,2,0.938529445183691,0.826850480139995,82
2,2,0.925150317121204,0.653204794753953,82
4,2,0.874135704280515,0.343515060520371,82
5,2,0.882113264896417,0.449261034203927,82
3,2,0.921544662645371,0.610086242900483,82
1,3,0.932220365828129,0.936088637003422,82
2,3,0.923682161441126,0.7058122601311,82
4,3,0.87908295877871,0.764969492860226,82
5,3,0.860597693712796,0.493575720136648,82
3,3,0.914489793541008,0.807750186958308,82
1,4,0.935040156990564,0.89830187720585,82
2,4,0.915073445725414,0.709074389133458,82
4,4,0.894307360012649,0.394676188730001,82
5,4,0.859870509928601,0.466011473967223,82
3,4,0.909132233619362,0.496759593348646,82
1,5,0.937293850956179,0.848534092536101,82
2,5,0.918597212447199,0.838288922463716,82
4,5,0.882531506903565,0.736073698112251,82
5,5,0.877130937384078,0.351731900399043,82
3,5,0.898593368270648,0.696133510551334,82
1,6,0.935741226075103,0.857203226431997,82
2,6,0.925818158669725,0.816122633414903,82
4,6,0.876957103818591,0.577769304173656,82
5,6,0.864269704666557,0.360737227554258,82
3,6,0.910659971113742,0.315761968974332,82
1,7,0.936604278024313,0.856847224378201,82
2,7,0.923418881279539,0.779290643459737,82
4,7,0.881637342877005,0.592824752692817,82
5,7,0.864239361558452,0.541869760122769,82
3,7,0.918364972695857,0.509425685297078,82
1,8,0.936493398281174,0.820070670653156,82
2,8,0.92759536656833,0.521602702780783,82
4,8,0.876668818240851,0.535762633674481,82
5,8,0.861249073148327,0.69960773741849,82
3,8,0.914105429575341,0.677893968824638,82
1,9,0.938881367416442,0.736671021990148,82
2,9,0.92297963935965,0.53111257901184,82
4,9,0.869764615093033,0.717972547384003,82
5,9,0.87398817633432,0.0188722618883509,82
3,9,0.912913287798012,0.771607385835432,82
1,10,0.934188098963056,0.938806811436258,82
2,10,0.928107301328427,0.738150526391538,82
4,10,0.87494563368101,0.701799954455917,82
5,10,0.869345703841591,0.696137338674067,82
3,10,0.899562810785247,0.635334457449658,82
1,11,0.93424244423543,0.944466255606315,82
2,11,0.919467464743301,0.819278007315388,82
4,11,0.880315347816198,0.696822702992153,82
5,11,0.855875779031062,0.531121802228655,82
3,11,0.907055078500094,0.755829440250011,82
1,12,0.939307461723604,0.747462063493241,82
2,12,0.924375226335845,0.62934570794753,82
4,12,0.876554894480851,0.489687280192508,82
5,12,0.894049477103717,-0.00493856839050671,82
3,12,0.874926783595155,0.688443161507856,82
1,13,0.933427292011498,0.937036225273984,82
2,13,0.92497464072262,0.586995000999808,82
4,13,0.87963368109997,0.861942869811913,82
5,13,0.864808155322685,0.264488795371086,82
3,13,0.906641172240657,0.72879228715499,82
1,14,0.936753494383189,0.861577224046225,82
2,14,0.926109354171604,0.464794721831609,82
4,14,0.877774718107677,0.699076753880084,82
5,14,0.857846006194724,0.437062133174135,82
3,14,0.912171365998978,0.502071900228253,82
1,15,0.933494636824071,0.918618684570677,82
2,15,0.922659848102592,0.608047698834385,82
4,15,0.883364274509488,0.579655355226801,82
5,15,0.912868704255999,0.251310570598227,82
3,15,0.860936681741127,0.78821974004034,82
1,1,0.932910674281444,0.864847622250077,83
4,1,0.92477303612485,0.257663342833634,83
2,1,0.872714060277826,0.657231132606405,83
5,1,0.87299394726893,0.62440885188215,83
3,1,0.89685397543214,0.576191133335538,83
1,2,0.93947226270791,0.659916452363047,83
4,2,0.88658217717581,-0.0294248506373781,83
2,2,0.916384450450937,0.639724473712884,83
5,2,0.881453008444201,0.234903370617481,83
3,2,0.908078796792723,0.30996158704294,83
1,3,0.938498060114102,0.700034932474071,83
4,3,0.873523578272371,0.523518954858102,83
2,3,0.913765917869473,0.862996377508491,83
5,3,0.859639646249287,0.624043039694224,83
3,3,0.908699281415221,0.784207647156584,83
1,4,0.936681581161866,0.797323288670594,83
4,4,0.910699096419025,0.500743617207141,83
2,4,0.884792303727848,0.661894686173445,83
5,4,0.86498412951137,-0.175398743418546,83
3,4,0.911445943885661,0.650217646541493,83
1,5,0.934278877761233,0.893603542700393,83
4,5,0.920201306195818,0.488232221376253,83
2,5,0.882419271477916,0.220235376357997,83
5,5,0.912471649854656,0.348250396056205,83
3,5,0.866524439568304,0.800583112346817,83
1,6,0.931205903952846,0.913402888695362,83
4,6,0.91572579716836,0.652910048046605,83
2,6,0.876008629190522,0.756864576974255,83
5,6,0.861650947824798,0.471806456254975,83
3,6,0.910699667627143,0.759073312495378,83
1,7,0.931421152277261,0.952506922779742,83
4,7,0.919866624970966,0.530498911400516,83
2,7,0.877989544985732,0.648892937097354,83
5,7,0.869564121923079,0.653058243426673,83
3,7,0.893901872487516,0.524925984583888,83
1,8,0.932712767257946,0.894388484288815,83
4,8,0.909798694837095,0.531360847791684,83
2,8,0.89071991526109,0.624733569371572,83
5,8,0.893850290639438,0.501697926687225,83
3,8,0.874882150500732,0.453982084661001,83
1,9,0.933849030056112,0.870220686072866,83
4,9,0.921990331719691,0.492485631768528,83
2,9,0.865783066621766,0.904543307215507,83
5,9,0.869090964698029,0.568986568408143,83
3,9,0.902813621601317,0.215851229039059,83
1,10,0.93048404964938,0.94668050878901,83
4,10,0.91910929715901,0.386782211835178,83
2,10,0.871899944217276,0.705689236088431,83
5,10,0.901063158205714,0.778325737757839,83
3,10,0.869988909934196,0.767308327687797,83
1,11,0.934251022482809,0.795126756561442,83
4,11,0.8830927783903,0.664110206199978,83
2,11,0.901345516937904,0.860330525737145,83
5,11,0.902462037624595,0.75657876115053,83
3,11,0.864226748307617,0.815057591847239,83
1,12,0.932436747292036,0.921726351937659,83
4,12,0.923547260144184,0.644382747105987,83
2,12,0.872790314780481,0.371983608855191,83
5,12,0.874267523647091,0.331882186109851,83
3,12,0.899735336000878,0.594404611914035,83
1,13,0.934813207121113,0.873074778206773,83
4,13,0.915892592040368,0.886985537057625,83
2,13,0.874468974799148,0.600523467203965,83
5,13,0.872688774688491,0.367821371409476,83
3,13,0.903751855047106,0.295623121882418,83
1,14,0.936635058679297,0.796133728520353,83
4,14,0.916615521190988,0.516129742541159,83
2,14,0.874091018938898,0.787656750540514,83
5,14,0.877447471769747,0.647651746738406,83
3,14,0.890989011731558,0.46008743145071,83
1,15,0.935207502796414,0.879276307438969,83
4,15,0.918184188594299,0.919846025098137,83
2,15,0.873647326720186,0.831996070536902,83
5,15,0.860896262548577,0.818131740151038,83
3,15,0.912191034706898,0.710393290642342,83
1,1,0.936057755469249,0.815353552434869,84
4,1,0.900411667437427,0.62373417685111,84
2,1,0.900298161716042,0.368022115163309,84
3,1,0.888834194244851,0.661030812187733,84
5,1,0.89805225933832,0.628977028452423,84
1,2,0.936407616227637,0.875295859618123,84
4,2,0.916530048305502,0.603957633395176,84
2,2,0.875399266337191,0.780000985292503,84
3,2,0.900314096981398,0.468443325554956,84
5,2,0.891081884098121,0.646847800162824,84
1,3,0.933758919779417,0.919785942317701,84
4,3,0.91614886014839,0.680244113423747,84
2,3,0.877831043418329,0.74065004723573,84
3,3,0.9048723263484,0.602389168641014,84
5,3,0.882886882384616,0.286914373461584,84
1,4,0.935598430155001,0.82473981149137,84
4,4,0.896040516219668,0.64631714409579,84
2,4,0.904910376224189,0.657981638424199,84
3,4,0.884089822325333,0.538818922071333,84
5,4,0.894093999929009,0.704960706129526,84
1,5,0.93191328443885,0.83723490303424,84
4,5,0.922950891653701,0.386606372228836,84
2,5,0.872059469716212,0.490706898249049,84
3,5,0.871364122706713,0.349532063979684,84
5,5,0.91897790864111,0.752054371366744,84
1,6,0.936653906589104,0.710066732473962,84
4,6,0.879625585063766,0.268806904781554,84
2,6,0.922242082052621,0.737443798786924,84
3,6,0.888045141791301,0.426418354034363,84
5,6,0.910283944953329,0.666224010507795,84
1,7,0.93350542689298,0.870159000347281,84
4,7,0.926577855809272,0.662087538060571,84
2,7,0.871465984800276,0.715667940512454,84
3,7,0.914676249177059,0.497444842733273,84
5,7,0.874974537368191,0.628795941853713,84
1,8,0.934810149410292,0.851874632629657,84
4,8,0.909434117019143,0.529353105470115,84
2,8,0.882767612019762,0.868216911685402,84
3,8,0.906424426340916,0.573182770467873,84
5,8,0.891560523828532,0.561438514892283,84
1,9,0.931318623090064,0.947466708006575,84
4,9,0.897446595418976,0.593737273715375,84
2,9,0.889275733498189,0.610302014607768,84
3,9,0.910168857820788,0.617218661561738,84
5,9,0.875136247881168,0.31286131671415,84
1,10,0.937846627512569,0.62422316193712,84
4,10,0.871903293847395,0.456141642925797,84
2,10,0.916742276119457,0.775688935639293,84
3,10,0.875531152278397,0.715696744728407,84
5,10,0.912085066876732,-0.07579857159785,84
1,11,0.935392165935539,0.823106647425724,84
4,11,0.907023086433509,0.437881024252443,84
2,11,0.883006261196214,0.635121326503755,84
3,11,0.906019961374352,0.764031838471878,84
5,11,0.880966557170999,0.507579266565198,84
1,12,0.931388134356836,0.915034007263726,84
4,12,0.911413417063394,0.557667555083186,84
2,12,0.877348425580831,0.579742026621444,84
3,12,0.873275822973932,0.643739904328268,84
5,12,0.907972845914985,0.609477761520574,84
1,13,0.933536307383944,0.907100455582406,84
4,13,0.873712838307578,0.331372945369812,84
2,13,0.917153723255421,0.851470257036612,84
3,13,0.889047210664203,0.46992070146799,84
5,13,0.901012784027747,0.287626722907566,84
1,14,0.933672353434584,0.88004394186693,84
4,14,0.921133388414944,0.751187755245635,84
2,14,0.8807197011015,0.575736363612057,84
3,14,0.904356722841277,0.620147405749359,84
5,14,0.871980602280639,0.727954572225854,84
1,15,0.930071650399579,0.976923637347107,84
4,15,0.91926134130292,0.256850204483229,84
2,15,0.876333657207067,0.7712284005401,84
3,15,0.894481422781652,0.842617866322484,84
5,15,0.890171239714794,0.491779668368558,84
1,1,0.932373019757906,0.925675582951229,85
4,1,0.915432824593419,0.674152374662835,85
2,1,0.864861476717076,0.88195355015528,85
3,1,0.876984555685554,0.723899715003392,85
5,1,0.895179504259076,0.304538744908139,85
1,2,0.940558851385344,0.544236430461358,85
4,2,0.913682691527063,0.719752390456147,85
2,2,0.872823353371778,0.557610714049157,85
3,2,0.866351646899161,0.560067309147367,85
5,2,0.894835211288271,0.411555480075551,85
1,3,0.933776722555994,0.92350590018288,85
4,3,0.905408497427728,0.669327127533966,85
2,3,0.881508875472194,0.713292383063387,85
3,3,0.868349308989889,0.25984914979223,85
5,3,0.897703537108604,0.45591264234018,85
1,4,0.935341133182371,0.766693013299417,85
4,4,0.883036070635812,0.0898607506097069,85
2,4,0.908170368081343,0.577237067919352,85
3,4,0.882433307234919,0.477660482472508,85
5,4,0.905027106244118,0.540445696247224,85
1,5,0.93674537550937,0.831824820492878,85
4,5,0.885711303654835,0.419752007874034,85
2,5,0.907343343786534,0.902933571879327,85
3,5,0.863081876481362,0.440199353305554,85
5,5,0.899111682916712,0.629843717885628,85
1,6,0.931125289764325,0.937755672089518,85
4,6,0.894759606592506,0.79207650249797,85
2,6,0.886763301985383,0.717567199439268,85
3,6,0.868193264019472,0.797612858628467,85
5,6,0.893679543908075,0.458789396972666,85
1,7,0.939218293867484,0.799702461549923,85
4,7,0.918605601873418,0.528003502272575,85
2,7,0.872021302278727,0.65356325247035,85
3,7,0.859018024033785,0.445978687293085,85
5,7,0.904813141092501,0.222640465688786,85
1,8,0.933079024282863,0.901651837702614,85
4,8,0.867303469524551,0.34713743892794,85
2,8,0.92455278031098,0.771752523157205,85
3,8,0.876988336600118,0.783389961865008,85
5,8,0.88992078243728,0.428464353887851,85
1,9,0.933477307484269,0.914919825684296,85
4,9,0.918170863863392,0.61583059095835,85
2,9,0.866806293826707,0.53894397733029,85
3,9,0.865996515422378,0.647314733656142,85
5,9,0.905384498448346,0.589623524752066,85
1,10,0.934252007506569,0.89724117184009,85
4,10,0.899431070046179,0.521682487077289,85
2,10,0.882161947489853,0.755964131679523,85
3,10,0.882365659542531,0.5634694802553,85
5,10,0.891320944738963,0.513209577471437,85
1,11,0.933273440456965,0.911086602125891,85
4,11,0.921595255375319,0.364848761343212,85
2,11,0.865213366267134,0.699945799915798,85
3,11,0.877394926467522,0.747800354367226,85
5,11,0.899317126423738,0.638175503776707,85
1,12,0.932715059137337,0.897304947281808,85
4,12,0.912095590076303,0.111246142443856,85
2,12,0.860342540865416,0.516447129047332,85
3,12,0.879146738377959,0.487956354273873,85
5,12,0.900357145100365,0.492044301930936,85
1,13,0.935644179502534,0.866190576621848,85
4,13,0.918616468909108,0.446048265561163,85
2,13,0.869003293991183,0.796423974337081,85
3,13,0.874225974825882,0.728364699439112,85
5,13,0.887868640595726,0.600301709853193,85
1,14,0.936608151176561,0.854618044646714,85
4,14,0.901108606832892,0.541073589032136,85
2,14,0.885251351398768,0.661664949136595,85
3,14,0.871076323232784,0.54402893829146,85
5,14,0.901018930217747,0.420513787987012,85
1,15,0.937851571742587,0.643145692960102,85
4,15,0.916456270602488,0.713574150387284,85
2,15,0.866656849612103,0.776112981899811,85
3,15,0.869843610167249,0.567474845862259,85
5,15,0.893271789033715,0.452057325944811,85
1,1,0.966559164546462,0.874842208709201,86
3,1,0.964513903735708,0.276338184627299,86
2,1,0.944015303490957,0.834697464148105,86
5,1,0.940674729600558,0.612068829261497,86
4,1,0.956504308252124,0.509595592095455,86
1,2,0.968495835772152,0.710049729464172,86
3,2,0.967426345704194,0.746513592332159,86
2,2,0.943076327925178,0.61736407530677,86
5,2,0.948009908821685,0.619528036868545,86
4,2,0.950576424625978,0.57318530748,86
1,3,0.9661730886249,0.905423759689874,86
3,3,0.964229359064738,0.722931626734353,86
2,3,0.947021350266628,0.409589577086251,86
5,3,0.959842532937932,0.306678735886167,86
4,3,0.934378232846852,0.610557577949398,86
1,4,0.966752458529398,0.861183401665288,86
3,4,0.964789903767649,0.674855483803191,86
2,4,0.943169822895182,0.483456357441449,86
5,4,0.947068449192093,0.442996330828861,86
4,4,0.949690621801693,0.645127282408069,86
1,5,0.966883726101009,0.931585205495216,86
3,5,0.963139183730854,0.603620461941872,86
2,5,0.944114606376337,0.561043788184313,86
5,5,0.939652982493298,0.684241081400073,86
4,5,0.955854340265409,0.54429407129528,86
1,6,0.968288043936484,0.818691856451894,86
3,6,0.960687074489279,0.811655101458962,86
2,6,0.939108930894138,0.691432066373385,86
5,6,0.941620585179026,0.0945415466749386,86
4,6,0.958276814559545,0.694238857125494,86
1,7,0.96653774294395,0.936155915569143,86
3,7,0.963854882135046,0.58787555735498,86
2,7,0.945568606425128,0.778541560414674,86
5,7,0.952594925408243,0.605575835030676,86
4,7,0.941346089468812,0.50245483949219,86
1,8,0.966691047470443,0.852026813916988,86
3,8,0.965228536840668,0.720829479737025,86
2,8,0.941582022296102,0.580065093317763,86
5,8,0.948510325905039,0.399681267855685,86
4,8,0.945105277079478,0.790668251870672,86
1,9,0.969149025354454,0.428374542623536,86
3,9,0.961244227361142,0.463687047458064,86
2,9,0.951887185939225,0.667692004729386,86
5,9,0.948201450050128,0.594249103954665,86
4,9,0.94998981855935,0.325722272802515,86
1,10,0.964724155519179,0.935124473933975,86
3,10,0.965014586473766,0.358669959559841,86
2,10,0.939966250099186,0.787938350737825,86
5,10,0.952096394565069,0.706736116551324,86
4,10,0.948113421467052,0.564501157057941,86
1,11,0.966924546757656,0.851883910671406,86
3,11,0.965945286057835,0.576662302191494,86
2,11,0.941292181993136,0.8007054273565,86
5,11,0.939806721526205,0.794660442368531,86
4,11,0.954187880641361,0.123859229994782,86
1,12,0.968287761376271,0.854524890462077,86
3,12,0.96557755552288,0.388529859206489,86
2,12,0.946392611192662,0.362597452117673,86
5,12,0.951207352792756,0.0666655566997617,86
4,12,0.952580813172308,0.568886981110494,86
1,13,0.966723974553177,0.888378293168871,86
3,13,0.960063490121387,0.822166348799059,86
2,13,0.950777148090386,0.669344987021605,86
5,13,0.946829969693645,0.661969179426231,86
4,13,0.943982902930137,0.840726555341315,86
1,14,0.970026633338152,0.758219149288737,86
3,14,0.964407858217733,0.647522358370459,86
2,14,0.942894316732957,0.556086809044978,86
5,14,0.944052562314813,0.603199208210878,86
4,14,0.956676258095925,0.620877907217421,86
1,15,0.966100592279484,0.905619877583498,86
3,15,0.96312492341832,0.859940520331454,86
2,15,0.946028960994334,0.665646281403567,86
5,15,0.940437445280015,0.362885196773245,86
4,15,0.951052567470186,0.921529612829729,86
1,1,0.936303729053368,0.907591256674847,87
4,1,0.884063645450759,0.502811637928526,87
2,1,0.919058656785258,0.821409763860892,87
3,1,0.872840923557522,0.604769566405724,87
5,1,0.907318168292538,0.537607471793008,87
1,2,0.936750348139707,0.900426267534887,87
4,2,0.892486199878878,0.530847980115379,87
2,2,0.894316087517536,0.599994127296683,87
3,2,0.874914926029743,0.605769477545673,87
5,2,0.911207681862844,-0.221837722986323,87
1,3,0.935243296917081,0.930949513206443,87
4,3,0.881120220830265,0.430404011324719,87
2,3,0.923224109725578,0.410924251040351,87
3,3,0.865219075440941,0.777041370161784,87
5,3,0.907897500785035,0.73599544302593,87
1,4,0.938011274735722,0.878048611224083,87
4,4,0.885927272664762,0.219101518137451,87
2,4,0.916126156892365,0.656153471259245,87
3,4,0.874288380541987,0.597055845299145,87
5,4,0.901902289924492,0.347163512678001,87
1,5,0.938735411842797,0.885607006932048,87
4,5,0.890623431924155,0.562619010258742,87
2,5,0.905820199596562,0.760178253042282,87
3,5,0.86904956310059,0.664017140707141,87
5,5,0.898368995831416,0.401006221592643,87
1,6,0.938680989049,0.880642526274278,87
4,6,0.879922234314542,0.499742121635063,87
2,6,0.922131179362387,0.758308342152633,87
3,6,0.875621558011163,0.165771051591099,87
5,6,0.901159620901148,0.317111372920221,87
1,7,0.942219417536711,0.65862032427667,87
4,7,0.925404539355396,0.487838684715417,87
2,7,0.87175550925665,0.784917522172156,87
3,7,0.874583653342074,0.477842646089348,87
5,7,0.904063456305615,0.691675337788809,87
1,8,0.939017813861715,0.813758016156913,87
4,8,0.898219098939312,0.777625217566616,87
2,8,0.899846903110939,0.655713444250303,87
3,8,0.872940008907264,0.21809526183837,87
5,8,0.918565261963435,0.527656310941185,87
1,9,0.936004200623491,0.937803898907133,87
4,9,0.923382910189689,0.71862680943174,87
2,9,0.868291206642442,0.787886778825134,87
3,9,0.878837391664586,0.497510712825104,87
5,9,0.904983486962165,0.67993368736017,87
1,10,0.937056901850675,0.894335710595,87
4,10,0.898525076391992,0.3114659584879,87
2,10,0.909213291900673,0.679997572014582,87
3,10,0.87954723046232,0.75160014421828,87
5,10,0.89027904226603,0.48777198459337,87
1,11,0.937453845260799,0.883515379385823,87
4,11,0.878050947021654,0.488951466104724,87
2,11,0.921565321399875,0.811257451947895,87
3,11,0.873584251565395,0.593636039477397,87
5,11,0.907320237007381,0.72060423927347,87
1,12,0.939127516866554,0.800126764817848,87
4,12,0.901844852310084,0.523044268977886,87
2,12,0.896374533656975,0.777380411340255,87
3,12,0.889297209138782,0.492323234917742,87
5,12,0.89063237995612,0.46558900034715,87
1,13,0.934696618424443,0.961293329557166,87
4,13,0.893331532121143,0.367157867441929,87
2,13,0.896137930909736,0.532328319926503,87
3,13,0.878226072802325,0.544755266138219,87
5,13,0.902516475189755,0.315178094369545,87
1,14,0.942538273895649,0.481821556666565,87
4,14,0.902988721093465,0.50802623511107,87
2,14,0.905100396127197,0.670704932541415,87
3,14,0.88155017458383,0.314288203252674,87
5,14,0.91160710174731,0.246032248215802,87
1,15,0.937751417320452,0.905843777968937,87
4,15,0.926036266393507,0.501505630005269,87
2,15,0.874383519382135,0.848961986837135,87
3,15,0.87377709655578,0.650390338778518,87
5,15,0.907951358414897,0.807124252703869,87
1,1,0.907979442480792,0.777422083169975,88
5,1,0.842457813298953,0.429035350296378,88
2,1,0.845066410570942,0.882334629995323,88
3,1,0.838517400287994,0.517733266593088,88
4,1,0.849066431831224,0.527124012077731,88
1,2,0.905421223580823,0.757222739003915,88
5,2,0.816318101891628,0.398644557565664,88
2,2,0.874835304405428,0.690479125126423,88
3,2,0.831125072606685,-0.0390712073081395,88
4,2,0.86310569404476,0.379562308759039,88
1,3,0.909937427123093,0.764242351007179,88
5,3,0.812606798567634,0.681454980290069,88
2,3,0.874776028984177,0.55244577512104,88
3,3,0.809443214901112,0.777505554513807,88
4,3,0.85998429035074,0.564972202705393,88
1,4,0.908143058563253,0.781601143274195,88
5,4,0.822798567549471,0.366722062404982,88
2,4,0.866007675680443,0.820834003435382,88
3,4,0.826422438266972,0.699218606468885,88
4,4,0.842493996311199,0.742168938754344,88
1,5,0.9045857389406,0.875557781382006,88
5,5,0.815970504906972,0.435706459662792,88
2,5,0.876382418426522,0.820391415801079,88
3,5,0.819512250932114,0.359488016421385,88
4,5,0.86345021003822,0.0337172545220244,88
1,6,0.915794167734171,0.614347161077378,88
5,6,0.821004981517318,0.048356326321284,88
2,6,0.875144283858129,0.387680563025914,88
3,6,0.831505373568765,0.277638737254848,88
4,6,0.852640951298754,0.192821995178579,88
1,7,0.908419094618773,0.885148147126807,88
5,7,0.819329487465722,0.626350855506086,88
2,7,0.868233923930017,5.21126307436511e-05,88
3,7,0.81805094847273,0.746084203323531,88
4,7,0.862222150755548,0.0339938938109119,88
1,8,0.903486713360985,0.895799692993476,88
5,8,0.826444365924484,0.693547770582829,88
2,8,0.862749437827048,0.708672424161951,88
3,8,0.815622526347865,0.670742483504482,88
4,8,0.861027200705259,0.568640410093869,88
1,9,0.902631602540147,0.944023840428194,88
5,9,0.819018288849909,0.702044809542597,88
2,9,0.859386004591378,0.828529065284513,88
3,9,0.826066582777272,0.912244789141878,88
4,9,0.856093877291638,0.731450624305584,88
1,10,0.902979194728646,0.913669732523089,88
5,10,0.81294821684723,0.050250950706676,88
2,10,0.879242888180434,0.89568127402403,88
3,10,0.814199456903315,0.582054585626901,88
4,10,0.859008246698328,0.669212249381493,88
1,11,0.907290972573462,0.841061982563729,88
5,11,0.817721900606142,0.0403870484557571,88
2,11,0.876446889963449,0.84654324546363,88
3,11,0.833626725811629,0.241508973872233,88
4,11,0.860792575697043,0.256558650577989,88
1,12,0.908621772524241,0.915857816228163,88
5,12,0.819912856905368,0.568926350480077,88
2,12,0.879738453548293,0.733010965447325,88
3,12,0.826495965221837,0.648486756752717,88
4,12,0.87483009955636,0.664187472318258,88
1,13,0.904913058162054,0.911425276610336,88
5,13,0.816239329209513,0.439731986343373,88
2,13,0.883372001860326,0.607904368066798,88
3,13,0.835808197158851,0.379889004545689,88
4,13,0.840400056411855,0.441066256546715,88
1,14,0.901883094794756,0.943767044621507,88
5,14,0.819632085951823,0.574093719905491,88
2,14,0.875279113407361,0.337393048924943,88
3,14,0.855165512194127,0.621707774979473,88
4,14,0.826880944001623,0.636379753601032,88
1,15,0.900849344216111,0.951261563216926,88
5,15,0.814538812085093,0.552507447666126,88
2,15,0.859641162104356,0.866166961823911,88
3,15,0.828259601270385,0.625585829136276,88
4,15,0.858818398045187,0.49218141980762,88
1,1,0.966183796979877,0.841769537977764,89
4,1,0.963787375567788,0.681027688708364,89
3,1,0.940597930381527,0.519167533778536,89
5,1,0.951119615256051,0.29904067619758,89
2,1,0.93965655317805,0.53871316396078,89
1,2,0.967489479196926,0.803250452138994,89
4,2,0.964243857550661,0.65463602315632,89
3,2,0.942358986883901,0.805804404771854,89
5,2,0.954377007779878,0.446050459589894,89
2,2,0.937113505189669,0.583658293634952,89
1,3,0.964589994059001,0.954149939499179,89
4,3,0.964585555431058,0.715362211933856,89
3,3,0.936977377153702,0.688767908463594,89
5,3,0.939655087848734,0.409805624100641,89
2,3,0.953216453202313,0.663073922691242,89
1,4,0.967634155262128,0.860197670268456,89
4,4,0.966393176398384,0.443856841546335,89
3,4,0.939116171737263,0.706401709840259,89
5,4,0.954283946161398,0.0311631853924043,89
2,4,0.935243910120727,0.750404294631158,89
1,5,0.964530646915466,0.933688956279051,89
4,5,0.960034485192337,0.669037144065788,89
3,5,0.943761384684143,0.679016510253215,89
5,5,0.957509024097283,0.00382638251838721,89
2,5,0.930328464247609,0.46282384726504,89
1,6,0.965388041497609,0.922849513752145,89
4,6,0.957643325387847,0.771447631167607,89
3,6,0.947553424388612,0.729037977725875,89
5,6,0.959922377293951,0.125715245394314,89
2,6,0.93326756364593,0.304731279202005,89
1,7,0.965352308988453,0.836570260050912,89
4,7,0.963182055025281,0.168189425656462,89
3,7,0.941267183198386,0.823060094658565,89
5,7,0.956930920633244,0.323723013168844,89
2,7,0.930358247726233,0.845698523067932,89
1,8,0.96680978495635,0.909014319596884,89
4,8,0.962598632528966,0.543586103047567,89
3,8,0.942863182168304,0.709884327190214,89
5,8,0.960692580864417,0.54396868686143,89
2,8,0.933216336536248,0.634896691334733,89
1,9,0.965336912527363,0.887241046195946,89
4,9,0.963847124379136,0.61049569291783,89
3,9,0.943329106460403,0.620771920309479,89
5,9,0.956504827420544,0.626804809430454,89
2,9,0.933270695654703,0.855736182662504,89
1,10,0.966543453823011,0.846155131484516,89
4,10,0.963747076032592,0.806093229283251,89
3,10,0.941627833262637,0.595740588486378,89
5,10,0.958002187492212,0.646736213441191,89
2,10,0.931626072572009,0.719012959413049,89
1,11,0.965046110492439,0.927628972755835,89
4,11,0.964931885951021,0.176145035813479,89
3,11,0.945357471059948,0.573727336935394,89
5,11,0.952583196346143,0.575901198149101,89
2,11,0.931679632959185,0.66112916876485,89
1,12,0.966675084956345,0.856351558472466,89
4,12,0.965310566013118,0.808722713066015,89
3,12,0.942031561055078,0.00837166124827239,89
5,12,0.944411444050264,0.140988438188581,89
2,12,0.941469278239317,0.672786013230164,89
1,13,0.966425661884568,0.890073026139544,89
4,13,0.964981610164825,0.847179910225927,89
3,13,0.941702182181077,0.627630422667271,89
5,13,0.957177945380255,0.716024649612989,89
2,13,0.928296990645092,0.664819728724925,89
1,14,0.963980388156334,0.938462349409258,89
4,14,0.963901117521343,0.463886854935828,89
3,14,0.940813444170059,0.790073255888334,89
5,14,0.947438634477906,0.797343673707213,89
2,14,0.939691005167923,0.605128731291498,89
1,15,0.969181630437527,0.413730731204169,89
4,15,0.963845600452214,0.749498478336207,89
3,15,0.938532355793887,0.479163389672039,89
5,15,0.948742702114215,0.249417985302701,89
2,15,0.937598969440681,0.725329442990559,89
1,1,0.938123728837261,0.832870860373132,90
5,1,0.875050493910118,0.444644567831008,90
2,1,0.918974035351684,0.857280484244974,90
4,1,0.855551030615182,0.752548989085409,90
3,1,0.908428603939184,0.421428822697501,90
1,2,0.936560132210784,0.86560918607488,90
5,2,0.900623898286404,0.664317774950497,90
2,2,0.896220202113454,0.799075273503651,90
4,2,0.872280592263005,0.727213638742665,90
3,2,0.903708092953601,0.565011059269871,90
1,3,0.941575471500396,0.732054510571049,90
5,3,0.887600194761587,0.351601687664592,90
2,3,0.903522067635032,0.614336326991681,90
4,3,0.882998060892369,0.355673040230327,90
3,3,0.912034338695688,0.709926157124242,90
1,4,0.938518789631916,0.823780779712835,90
5,4,0.917595229832183,0.536663475440784,90
2,4,0.865976847333766,0.825106426651204,90
4,4,0.875771939062961,0.78069506554984,90
3,4,0.911787701998246,0.191776150636594,90
1,5,0.936038578595232,0.915755513650929,90
5,5,0.89637920489012,0.613730323748346,90
2,5,0.885948715850932,0.81211460275624,90
4,5,0.878775734857136,0.617690421872553,90
3,5,0.907651610814486,0.860392171100024,90
1,6,0.93550318301472,0.942344175023682,90
5,6,0.908469625645125,0.586948864660593,90
2,6,0.883885164423489,0.650526338063461,90
4,6,0.8741766839949,0.781871703872503,90
3,6,0.914946126059548,0.404506507753189,90
1,7,0.939980874711913,0.778905097254098,90
5,7,0.881029439471583,0.184590183177135,90
2,7,0.920650413070944,0.704259118587251,90
4,7,0.875952120218092,0.0825747775775231,90
3,7,0.912023987133479,0.627402227190505,90
1,8,0.937447324885934,0.828007592261652,90
5,8,0.882297052670018,0.541667884371787,90
2,8,0.910325694589228,0.821907804558117,90
4,8,0.876494089742086,0.778417190731076,90
3,8,0.895691456809114,0.506084645000912,90
1,9,0.936096451947407,0.893660367426348,90
5,9,0.887455562478354,0.585275429665014,90
2,9,0.906479834866564,0.12114780025189,90
4,9,0.870103492320557,0.00234519352074964,90
3,9,0.914298051110817,0.386959092458753,90
1,10,0.937323787315431,0.829198981823695,90
5,10,0.923561723987553,0.565954397410354,90
2,10,0.860530751678717,0.960238063179889,90
4,10,0.868047835104978,0.792578139842237,90
3,10,0.917667781290229,0.7598246802562,90
1,11,0.936020716997997,0.898130678408415,90
5,11,0.87563931349933,0.516575140583716,90
2,11,0.914062204696682,0.7743666248922,90
4,11,0.873570789337532,0.213199948148275,90
3,11,0.91086182175169,0.242350832064679,90
1,12,0.941003547388474,0.775419766195071,90
5,12,0.884835639688601,0.418320180959442,90
2,12,0.907013879261996,0.639168991024242,90
4,12,0.869593894758093,0.539051602629266,90
3,12,0.914879783450314,0.669921135557699,90
1,13,0.93225212298418,0.986879532489799,90
5,13,0.906733789793233,0.179208860240074,90
2,13,0.886430644124472,0.80015056115062,90
4,13,0.866996679636142,0.364867521961292,90
3,13,0.90722866541771,0.634040137062758,90
1,14,0.934495943284361,0.940278273466585,90
5,14,0.900808759732625,0.619746637871819,90
2,14,0.886976368684054,0.811011494154537,90
4,14,0.866754050551021,0.341042653018125,90
3,14,0.913144938289744,0.668351181770632,90
1,15,0.933976862997407,0.940226288917441,90
5,15,0.876291322934056,0.519451624611182,90
2,15,0.910989995059936,0.523844723495429,90
4,15,0.875768403349071,0.889011455361544,90
3,15,0.889994984378781,0.775702541097907,90
1,1,0.967663590870909,0.884570137895567,91
4,1,0.961081537937994,0.46306900646602,91
2,1,0.946510290560927,0.518839786259964,91
5,1,0.936268355050716,0.0979314738220383,91
3,1,0.952901827695405,0.730034621134065,91
1,2,0.968071650076372,0.899275240271627,91
4,2,0.96226464690176,0.418954410529249,91
2,2,0.947508333487692,0.582197539923285,91
5,2,0.94611830366692,-0.0317921845666738,91
3,2,0.939579534165507,0.55578187640721,91
1,3,0.969358449062921,0.817554535893962,91
4,3,0.962796877364006,0.593150659382085,91
2,3,0.943078480424864,0.841848840460006,91
5,3,0.934772063532888,0.430855459126104,91
3,3,0.949153906008281,0.829922176967804,91
1,4,0.968289600724987,0.923485651355833,91
4,4,0.961114822645499,0.742344760551413,91
2,4,0.950433431338498,0.557922869730481,91
5,4,0.933809796143567,0.791591780384108,91
3,4,0.953395215790743,0.628775780478129,91
1,5,0.968803667675367,0.912027286427473,91
4,5,0.961930284311084,0.872149432845679,91
2,5,0.944853212829857,0.695901872040008,91
5,5,0.937119962797579,0.140690028779286,91
3,5,0.960888764522654,0.46037226739134,91
1,6,0.969888653410544,0.771230255071931,91
4,6,0.959253162600355,0.655804476314331,91
2,6,0.944157663734949,0.674048361646735,91
5,6,0.949940898746475,0.358165113628174,91
3,6,0.940442625678387,0.711313774079064,91
1,7,0.968096354149126,0.869119457560808,91
4,7,0.95097903576605,0.619674535460193,91
2,7,0.956454096760999,0.836010835575739,91
5,7,0.934451492500804,0.542087582593248,91
3,7,0.950129856585622,0.524310145887554,91
1,8,0.968483012131114,0.851998735691586,91
4,8,0.952912038598648,0.204960699169472,91
2,8,0.953743249696042,0.801809322927946,91
5,8,0.932869194422168,0.513181576332765,91
3,8,0.952104277798773,0.655515704019575,91
1,9,0.967163643648161,0.910771087827957,91
4,9,0.955479416366263,0.348527108587633,91
2,9,0.952798971759466,0.808350186972593,91
5,9,0.954788917716596,0.241811588782673,91
3,9,0.936329237728252,0.717997601012076,91
1,10,0.972261270675194,0.413493636045514,91
4,10,0.960895974952612,0.587384412324781,91
2,10,0.942594255743173,0.658753466643987,91
5,10,0.933756847878007,0.287734648700966,91
3,10,0.956223839277804,0.617913103995343,91
1,11,0.96931436990001,0.732419156835466,91
4,11,0.960552812242828,0.704439845830385,91
2,11,0.94541737135395,0.125418640006411,91
5,11,0.936271740763612,0.244270292615005,91
3,11,0.956247369116391,0.527069461325043,91
1,12,0.967369991086267,0.956400009608917,91
4,12,0.957706601493726,0.587071113219006,91
2,12,0.949510056175371,0.82831093624439,91
5,12,0.94767721477835,0.473593387707256,91
3,12,0.933840292481727,0.766177288848904,91
1,13,0.967992528580628,0.929129800274559,91
4,13,0.95054083809021,0.809152458118956,91
2,13,0.958961901997777,0.731643051299048,91
5,13,0.953809290732882,0.775376416447147,91
3,13,0.931209575522001,0.763104938058801,91
1,14,0.96728808021006,0.906073567241565,91
4,14,0.959153392535685,0.481203867203123,91
2,14,0.941325816355609,0.796271734825082,91
5,14,0.933600645833159,0.598438863041386,91
3,14,0.954929552897541,0.810761174681553,91
1,15,0.970194427383988,0.860962657270604,91
4,15,0.961748456571868,0.61960606052464,91
2,15,0.944842840044548,0.803210529309253,91
5,15,0.936511776994657,0.467339786649646,91
3,15,0.956369591002724,0.201871729250704,91
1,1,0.936152181284319,0.941310476075974,92
5,1,0.920268637224924,0.691358939741197,92
2,1,0.884129525781493,0.46843393959573,92
3,1,0.880728747397202,0.60570679734757,92
4,1,0.899692517360076,0.402404611961442,92
1,2,0.935758225653698,0.954582349134424,92
5,2,0.920502151052242,0.652530204045462,92
2,2,0.881581511560173,0.806999417288958,92
3,2,0.892752561592289,0.629188576111578,92
4,2,0.884775811383541,0.813493995316871,92
1,3,0.938846523396513,0.860674120807037,92
5,3,0.884543643177488,0.716820046087857,92
2,3,0.908587283217075,0.78035473224723,92
3,3,0.880396666031777,0.702574236576066,92
4,3,0.893655721747271,0.427854093741844,92
1,4,0.938574313766014,0.800297869027643,92
5,4,0.903499164550613,0.585959952844335,92
2,4,0.903489958354087,0.743407900179443,92
3,4,0.883724699910589,0.496683135173571,92
4,4,0.893343010689776,0.497548636950815,92
1,5,0.938276098404576,0.886005886636267,92
5,5,0.893220363010306,0.0379842333882911,92
2,5,0.907108083925364,0.483502004704624,92
3,5,0.882177211514145,0.177029522968629,92
4,5,0.9053058106028,0.50957631329399,92
1,6,0.9418213894637,0.758648774374796,92
5,6,0.915716638436721,0.554704978869389,92
2,6,0.889124742782779,0.732346675600694,92
3,6,0.874840423563495,0.653874529715996,92
4,6,0.903844564678754,0.614861313201619,92
1,7,0.936957507785685,0.91170997203298,92
5,7,0.910267470072323,0.537093380236748,92
2,7,0.887827646430209,0.590097226783168,92
3,7,0.875459495930298,0.813079235993596,92
4,7,0.892587885903412,0.129939762307285,92
1,8,0.937734896530263,0.856937316903979,92
5,8,0.928637070450277,0.682527737747698,92
2,8,0.871332008871752,0.670179815382137,92
3,8,0.884705373663952,0.791791813388272,92
4,8,0.898580263804259,0.644888322987589,92
1,9,0.940236608282938,0.827267685060963,92
5,9,0.926676962369831,0.494000222983295,92
2,9,0.877867976303775,0.791952023248953,92
3,9,0.884768695434394,0.68405884387365,92
4,9,0.904227928104554,0.059476438526087,92
1,10,0.937434867659041,0.902702963917831,92
5,10,0.920756185999518,0.041148818841922,92
2,10,0.875337054350198,0.713151744177002,92
3,10,0.881388543031008,0.564656216286177,92
4,10,0.902600228635247,0.694966004132228,92
1,11,0.941039687785548,0.785882429540508,92
5,11,0.911524815891673,0.399641252477632,92
2,11,0.887301407927761,0.709761426284426,92
3,11,0.879939452250307,0.709863610267281,92
4,11,0.896652597397891,0.372166281895601,92
1,12,0.937731729171139,0.920527091148729,92
5,12,0.913649449763224,0.634533671290744,92
2,12,0.885574804488127,0.772987174452874,92
3,12,0.878314739927435,0.553970324798958,92
4,12,0.907233734809232,0.644731145819217,92
1,13,0.940471893868057,0.808813823358508,92
5,13,0.927629921462575,0.273743139302844,92
2,13,0.871220952700437,0.775057973043057,92
3,13,0.886787628540066,-0.0515797640685259,92
4,13,0.894397817216099,0.676942558038451,92
1,14,0.939273702726311,0.87443816601103,92
5,14,0.898075735252832,-0.0310657317562548,92
2,14,0.905595108870571,0.465544874272012,92
3,14,0.892709317915812,0.51767831477305,92
4,14,0.901551692861776,0.472256416514245,92
1,15,0.938568328098209,0.814940311811631,92
5,15,0.919593757066294,0.852008491794163,92
2,15,0.878923168669086,0.648419342305581,92
3,15,0.878259795504799,0.730920868496872,92
4,15,0.899862191011317,0.434603899819321,92
1,1,0.969211155236051,0.873767206626785,93
2,1,0.96224426045289,0.838797788451924,93
3,1,0.944064197683085,0.676580458966265,93
4,1,0.941314045766521,0.545881577084308,93
5,1,0.946023321124906,0.577237271962966,93
1,2,0.968446121866043,0.87019564178884,93
2,2,0.965690606777266,0.259820100666188,93
3,2,0.946245444397759,0.588001409908892,93
4,2,0.94296491173102,0.771083215355919,93
5,2,0.948280228468429,0.313235301552118,93
1,3,0.968648301018108,0.895831147258763,93
2,3,0.965873048855794,0.739503530492233,93
3,3,0.944451058308503,0.495119042031935,93
4,3,0.945645176306824,0.337453586529088,93
5,3,0.94599834267028,0.530738873159986,93
1,4,0.968827706505808,0.895774888776587,93
2,4,0.964006010680901,0.749671921716911,93
3,4,0.944599838182276,0.568883297910561,93
4,4,0.952116754838764,0.707507374674006,93
5,4,0.938225346402408,0.733360058148822,93
1,5,0.969471756632467,0.824353906378791,93
2,5,0.963204742058396,0.658239050606625,93
3,5,0.948343212158878,0.553168432897371,93
4,5,0.937207889640961,0.388588549253929,93
5,5,0.957311078734265,0.628473603548093,93
1,6,0.96856728679802,0.918491934629977,93
2,6,0.966266854620385,0.686800958135703,93
3,6,0.945920619360214,0.390848934754837,93
4,6,0.944509889653025,0.417471183364218,93
5,6,0.951707720809961,0.501262694181622,93
1,7,0.970360381700571,0.857312535306733,93
2,7,0.964299475238231,0.643947363681649,93
3,7,0.941251243102461,0.554738244032113,93
4,7,0.94500493944547,0.667912047523854,93
5,7,0.948953087079244,0.578429792637831,93
1,8,0.969257739026579,0.831378840983224,93
2,8,0.965429337630615,0.285265217819493,93
3,8,0.940550901437636,0.866476286694358,93
4,8,0.935001715057157,0.714309854506122,93
5,8,0.955551794471967,0.510862418912415,93
1,9,0.968748494784147,0.916903525075177,93
2,9,0.962262333157062,0.825017715484622,93
3,9,0.944836350350631,0.755084328697,93
4,9,0.94467510901495,0.236398442239155,93
5,9,0.944852826139255,0.662570791960061,93
1,10,0.970916705782653,0.842017036434471,93
2,10,0.959682396612142,0.755538378622585,93
3,10,0.946662284565015,0.416127314740065,93
4,10,0.94262436637596,0.73737967377681,93
5,10,0.945786768777374,0.677869721582257,93
1,11,0.970476003232341,0.79588381700448,93
2,11,0.950415025223922,0.340098960088513,93
3,11,0.953620766683226,0.648192827626803,93
4,11,0.940021683826707,0.0772497275950097,93
5,11,0.954423932465911,0.588260424874478,93
1,12,0.968126446605919,0.95919656312609,93
2,12,0.965219829850577,0.716085132478579,93
3,12,0.942014295522259,0.649258596319205,93
4,12,0.939560458699272,0.88097126552295,93
5,12,0.949258084612396,0.500153375279357,93
1,13,0.968430901008432,0.936964931028522,93
2,13,0.964329820507895,0.808532283467041,93
3,13,0.943861208565903,0.707996120873805,93
4,13,0.940754294032642,0.745490891918743,93
5,13,0.954077494086931,0.592437805574648,93
1,14,0.969163098086772,0.831203387606967,93
2,14,0.963804456346458,0.841145533971724,93
3,14,0.943469674266908,0.511274847545041,93
4,14,0.940891562658113,0.745986636978903,93
5,14,0.947757126262166,0.0978551844448955,93
1,15,0.968441553899896,0.911340087036225,93
2,15,0.966661605702003,0.414922489195848,93
3,15,0.939335870638761,0.760200178786044,93
4,15,0.943578008821426,0.672244185293338,93
5,15,0.951013231840993,0.475515767420319,93
1,1,0.969380474786316,0.773160100171056,94
2,1,0.966218148863856,0.848546834500522,94
4,1,0.945034874917751,0.490284319823895,94
5,1,0.949455209293044,0.661905812697008,94
3,1,0.935123292379635,0.497033003332228,94
1,2,0.969156504052765,0.811630348208389,94
2,2,0.968481316227121,0.809081307278802,94
4,2,0.942931476925393,0.596242173244122,94
5,2,0.947870285300943,0.446540801561735,94
3,2,0.950200641038145,0.602338899607141,94
1,3,0.966812710929129,0.92464682577875,94
2,3,0.968281081894167,0.769805361438012,94
4,3,0.946012824948841,0.810908015747677,94
5,3,0.934282423934498,0.546000979258823,94
3,3,0.939842153493239,0.39725119112386,94
1,4,0.966820504417805,0.903206239815134,94
2,4,0.966510277205865,0.696124118259612,94
4,4,0.943050471006539,0.674180519112787,94
5,4,0.938748858771472,0.685145987645826,94
3,4,0.934554326007933,0.583401210924439,94
1,5,0.969343498163954,0.868622908561733,94
2,5,0.968379427892582,0.726141924977069,94
4,5,0.941655323785242,0.6291689587147,94
5,5,0.935847546844639,0.0669805569053563,94
3,5,0.954040710003437,0.765128585006377,94
1,6,0.967045150080738,0.932685310819388,94
2,6,0.967357624643873,0.798975048499172,94
4,6,0.945523625972259,0.692040186617772,94
5,6,0.942256181759928,0.357124643136777,94
3,6,0.928862330408087,0.670398739403094,94
1,7,0.967891475632237,0.804023507575189,94
2,7,0.967554720589359,0.565336091194228,94
4,7,0.944637670023599,0.777766923410856,94
5,7,0.947399982152091,0.365995012550515,94
3,7,0.927088737088562,0.55062798836926,94
1,8,0.96946777428753,0.689703194873041,94
2,8,0.966180372120499,0.763054397096566,94
4,8,0.944661178807267,0.632161523569523,94
5,8,0.947018250284738,0.376821893798427,94
3,8,0.931013599177271,0.821975414780388,94
1,9,0.966003896009659,0.94980757383109,94
2,9,0.96749694197888,0.459744383159786,94
4,9,0.945539702190264,0.639274703497463,94
5,9,0.949502922555619,0.436178142895503,94
3,9,0.928720418327969,0.873886792110553,94
1,10,0.965707567793929,0.937522578592101,94
2,10,0.965964840832167,0.73122109815205,94
4,10,0.943527433810984,0.439777320650182,94
5,10,0.945953519738476,0.436971737543255,94
3,10,0.930740926579074,0.555136904391942,94
1,11,0.966426968277411,0.923022710135948,94
2,11,0.964521582196143,0.502158202552858,94
4,11,0.944919379862182,0.654430586655421,94
5,11,0.934023830598709,0.54056307669853,94
3,11,0.944605731300035,0.362784103782236,94
1,12,0.967075765690092,0.80557861416102,94
2,12,0.968136182311307,0.393815820820773,94
4,12,0.943686382395616,0.797263196951714,94
5,12,0.928112729462338,0.747806400402536,94
3,12,0.947775045117735,0.627732279032221,94
1,13,0.966840437933768,0.886666807041853,94
2,13,0.966168641844696,0.825254870036451,94
4,13,0.947706500609379,0.321328538161423,94
5,13,0.936887442150219,0.633952716546052,94
3,13,0.943051381804728,0.652409427071051,94
1,14,0.966091916153199,0.903589667665438,94
2,14,0.968895081983026,0.644484472445674,94
4,14,0.951177652013074,0.21715631182278,94
5,14,0.938799965334789,0.192263398357361,94
3,14,0.941156040738826,0.587044502117522,94
1,15,0.968835318179087,0.498234688403283,94
2,15,0.965397831342092,0.760115285169117,94
4,15,0.951324537809029,0.62177339784331,94
5,15,0.943368490391017,0.578133394867452,94
3,15,0.929645796403957,0.644052258646114,94
1,1,0.991736054579984,0.863558882708871,95
2,1,0.989453103939994,0.788553385642743,95
3,1,0.983837535780552,0.697613824579759,95
5,1,0.982919977298471,0.663201634204359,95
4,1,0.980421149533993,0.345438552348182,95
1,2,0.990627944655193,0.700030561958853,95
2,2,0.989553000451735,0.523638671101825,95
3,2,0.983400960365767,0.40724045324234,95
5,2,0.984054578205956,0.557495979622321,95
4,2,0.974756613433048,-0.0515283564296368,95
1,3,0.989878270947196,0.891502349105133,95
2,3,0.988820045467114,0.594834553820228,95
3,3,0.983144829751964,0.537684423820946,95
5,3,0.983618572881236,0.644895952499519,95
4,3,0.972989683050469,0.686127917955089,95
1,4,0.989808539282613,0.927574225197381,95
2,4,0.989061487463321,0.673845868042214,95
3,4,0.982142247546979,0.538354751078665,95
5,4,0.984356769059904,0.588283610225235,95
4,4,0.975823560763768,0.0809678078451581,95
1,5,0.990088005524006,0.920435112042669,95
2,5,0.98904690553927,0.71186483418667,95
3,5,0.982592572226431,0.607914624735741,95
5,5,0.985773034032301,0.586475062459157,95
4,5,0.972313881780745,0.62503595435436,95
1,6,0.990261468550002,0.911287574653623,95
2,6,0.988757139852185,0.778760426754075,95
3,6,0.984253616168741,0.735930457714136,95
5,6,0.985479561793113,0.60564429577904,95
4,6,0.973948749091266,0.432287432127585,95
1,7,0.990328840396128,0.909550809493584,95
2,7,0.989008999557921,0.91901364510161,95
3,7,0.982225029649962,0.712967190629641,95
5,7,0.982958364670595,0.746937907671558,95
4,7,0.977727962117079,0.40704879419939,95
1,8,0.990432865491165,0.787653487468917,95
2,8,0.988586353823008,0.669480890823741,95
3,8,0.983805724298571,0.70982192566763,95
5,8,0.984937099823621,0.178130111335838,95
4,8,0.972040160991526,0.674569822414984,95
1,9,0.990022982691202,0.93876304075112,95
2,9,0.988839067707146,0.472905071741379,95
3,9,0.981982641491653,0.724127840637355,95
5,9,0.984659877684829,0.489672820647734,95
4,9,0.972614940409193,0.521886464397253,95
1,10,0.989715544204761,0.969528118787114,95
2,10,0.988995210521271,0.50992228757628,95
3,10,0.982951872496333,0.595799502040392,95
5,10,0.985215260849101,0.424596475758827,95
4,10,0.974173942810643,0.702681097469271,95
1,11,0.991346204266024,0.901461738534807,95
2,11,0.988230694139131,0.90925768898723,95
3,11,0.982819267821173,0.593401086642847,95
5,11,0.984898641007234,0.468105754628605,95
4,11,0.978170873251781,0.784712002933698,95
1,12,0.990299486289323,0.860544471075023,95
2,12,0.988863571054579,0.772230456791668,95
3,12,0.982079283405974,0.714000567140462,95
5,12,0.984468924969289,0.543934442459878,95
4,12,0.973176107386477,0.496879841236188,95
1,13,0.991194355620301,0.785285167722016,95
2,13,0.988773868391031,0.81942401540663,95
3,13,0.982872973879045,0.718127224348062,95
5,13,0.986101796187924,0.461351178656321,95
4,13,0.973129014656091,0.956929638226468,95
1,14,0.990185064262916,0.904436022927212,95
2,14,0.989708329942611,0.660717298458882,95
3,14,0.983541606442399,0.596161151994057,95
5,14,0.986522773068555,0.519898612572561,95
4,14,0.972128433974455,0.738416708564953,95
1,15,0.991267124644197,0.613582398731575,95
2,15,0.98992816381885,0.592931884876408,95
3,15,0.982293653542235,0.630775295362587,95
5,15,0.98236870428752,0.237125909966489,95
4,15,0.979184984342734,0.326284793679657,95
1,1,0.969286973550712,0.777394657116623,96
3,1,0.964043536397222,0.389853544439227,96
2,1,0.946338108508386,0.452734139545148,96
5,1,0.946578920453766,0.539808563954135,96
4,1,0.940859510067499,0.106277865222695,96
1,2,0.969523813958006,0.649658233123475,96
3,2,0.963496636195256,0.570888824106255,96
2,2,0.946704749622026,0.5144146580842,96
5,2,0.938344838958283,0.0859829105361776,96
4,2,0.947795365388548,0.382519552703884,96
1,3,0.966207568868541,0.86521862327401,96
3,3,0.964687515299495,0.843701587488795,96
2,3,0.946066655171978,0.646066506738072,96
5,3,0.950321354742947,0.782423130871953,96
4,3,0.929710194658152,0.820579147225966,96
1,4,0.965264594507468,0.908665055747678,96
3,4,0.963302972069616,0.602267950979736,96
2,4,0.950986964789922,0.383646434425299,96
5,4,0.942617262944543,0.599895175335437,96
4,4,0.93774215500893,0.591665752760987,96
1,5,0.968135454990703,0.854346257708512,96
3,5,0.961214022843274,0.61032744574612,96
2,5,0.950402466870453,0.761574876383862,96
5,5,0.938772774047868,0.342707460884924,96
4,5,0.947776188465407,0.705729014772209,96
1,6,0.964797999870767,0.954025347738604,96
3,6,0.962451139030088,0.356913830196032,96
2,6,0.946845958613434,0.77438261218492,96
5,6,0.931597689534926,0.324146563593154,96
4,6,0.948637214078948,0.670621459399107,96
1,7,0.968795212571918,0.799125877920449,96
3,7,0.954582102077143,0.514321502190083,96
2,7,0.954943554556136,0.797183830640554,96
5,7,0.937394982412664,0.525809726138197,96
4,7,0.945487717227163,0.537522208651181,96
1,8,0.965648443832757,0.930376192560914,96
3,8,0.964357031315271,0.52972240860143,96
2,8,0.944462809813418,0.820113160305509,96
5,8,0.943123284954292,0.717556936734405,96
4,8,0.936184699171222,0.776918064015638,96
1,9,0.966040304676225,0.930018355032058,96
3,9,0.965194049343357,0.681161285654246,96
2,9,0.946626296809891,0.647919970466969,96
5,9,0.934579574525593,0.667134221424101,96
4,9,0.943878433066394,0.124096416276947,96
1,10,0.968594797407801,0.778277130933298,96
3,10,0.962721100372022,0.800442151708307,96
2,10,0.947554415827973,0.49271095635419,96
5,10,0.935478729906603,0.602930919499191,96
4,10,0.952481004024242,0.51970576513506,96
1,11,0.967731324920773,0.858303610982975,96
3,11,0.956497941270255,0.713882101602355,96
2,11,0.952103641388968,0.828103801575008,96
5,11,0.949103624505843,0.498866825948038,96
4,11,0.936448447688295,0.785522872721377,96
1,12,0.968329081304532,0.851028000255254,96
3,12,0.963306085604572,0.888457220935024,96
2,12,0.94813640597135,0.519578804616602,96
5,12,0.945625063324056,0.705184016801707,96
4,12,0.937772711897264,0.705716467048555,96
1,13,0.967075421526796,0.78125951538527,96
3,13,0.964293209658611,0.771702509759992,96
2,13,0.946915340728336,0.676942248715655,96
5,13,0.944922540292311,0.382425908770232,96
4,13,0.939545585805696,0.655549104005996,96
1,14,0.964791072436011,0.991207352064861,96
3,14,0.961924138384096,0.368249273042254,96
2,14,0.947003917981767,0.849065972805525,96
5,14,0.93065623736851,0.713949053383503,96
4,14,0.948484928220996,0.849371688258607,96
1,15,0.968845492374646,0.748397428609719,96
3,15,0.962137370385632,0.742886846695202,96
2,15,0.944766783107779,0.766610063540672,96
5,15,0.931555441423471,0.0105540479222108,96
4,15,0.950440901844606,0.609698537857053,96
1,1,0.967219828540233,0.970043609226746,97
2,1,0.96361406628721,0.662368377254692,97
4,1,0.94969947195178,0.576639215201927,97
5,1,0.942682846778296,0.417101887899138,97
3,1,0.941357862489719,0.83181392105346,97
1,2,0.967354571364118,0.966327816201249,97
2,2,0.964883142363475,0.825990175351624,97
4,2,0.939659792134054,0.633129013727686,97
5,2,0.943693725709585,0.435027008818456,97
3,2,0.960393555425018,0.612199069366545,97
1,3,0.969609271234076,0.880519842583084,97
2,3,0.964827500694146,0.6997985652992,97
4,3,0.942027675150008,0.55119725979125,97
5,3,0.939026657746698,0.261651614632019,97
3,3,0.956918654643586,0.796596778265369,97
1,4,0.970208371724721,0.827804759517334,97
2,4,0.963196432181738,0.47901378246676,97
4,4,0.94612996137448,0.265254085670639,97
5,4,0.947872430111166,0.184353402914529,97
3,4,0.944505395315157,0.714232016413113,97
1,5,0.969646313775871,0.721697435965504,97
2,5,0.967349200119724,0.556917791959327,97
4,5,0.94239746327826,0.780495064917256,97
5,5,0.950202207275945,0.250697024890309,97
3,5,0.942941737035503,0.760706230965145,97
1,6,0.969438563587391,0.840555551147625,97
2,6,0.964300005107637,0.850157229465858,97
4,6,0.945885044851807,0.337995344111209,97
5,6,0.935746972741065,0.419582162216305,97
3,6,0.95461152210685,0.778116203026361,97
1,7,0.969840237706726,0.86619044597582,97
2,7,0.964896639168973,0.571991427068687,97
4,7,0.947509523118004,0.0820546483808346,97
5,7,0.93679864058604,0.723450739040312,97
3,7,0.952545842215925,0.627290532938824,97
1,8,0.968767005674079,0.894289829267694,97
2,8,0.962474109204918,0.451613671395394,97
4,8,0.946480691422079,0.881042537165473,97
5,8,0.936117545043784,0.49561533412673,97
3,8,0.954203853260382,0.585966200894554,97
1,9,0.968940426814406,0.861562726811771,97
2,9,0.966654401774277,0.801253873079855,97
4,9,0.946377072504017,0.501732984754859,97
5,9,0.937983906331794,0.576438112412166,97
3,9,0.955210610622625,0.454157671617953,97
1,10,0.967733145128102,0.945289850502265,97
2,10,0.963980185645447,0.687380684725106,97
4,10,0.948890743951536,0.224060643156997,97
5,10,0.941801461380003,0.545392169734092,97
3,10,0.944416194253164,0.538492774485555,97
1,11,0.968320386098579,0.898633848768176,97
2,11,0.963598380604554,0.800321983327883,97
4,11,0.945829453993481,0.374969906525607,97
5,11,0.941704884964066,0.100533094781047,97
3,11,0.953843621699995,0.330372816103248,97
1,12,0.970091149689774,0.792412267157255,97
2,12,0.965040976149447,0.346800173066161,97
4,12,0.945226878687312,0.826868640461257,97
5,12,0.937235354229511,0.623342264662208,97
3,12,0.953164651041636,0.481149293114765,97
1,13,0.968797526926538,0.871489078792978,97
2,13,0.964995582188685,0.432628289299881,97
4,13,0.94409037332661,0.690742275562969,97
5,13,0.949347351045802,0.318432717148622,97
3,13,0.938289743176839,0.781793473728205,97
1,14,0.970351026719198,0.841704210233514,97
2,14,0.961792275873458,0.899166584759381,97
4,14,0.944655863259719,0.472999363416956,97
5,14,0.942752571958741,0.496894370079165,97
3,14,0.952348257112931,0.464021615775452,97
1,15,0.969534456250224,0.834779463035953,97
2,15,0.964418450852024,0.791971343619908,97
4,15,0.945720780469267,0.626401188224223,97
5,15,0.936431026809564,0.584952880618372,97
3,15,0.952646872904486,0.593573061197116,97
1,1,0.934703281945109,0.888410642689807,98
5,1,0.915613764727871,0.542954380132254,98
2,1,0.888000853277698,0.668836216686576,98
4,1,0.878315094200887,0.800149142416421,98
3,1,0.922940675495119,0.463687543819824,98
1,2,0.941009250750586,0.779079862427539,98
5,2,0.874091061748171,0.42060894773807,98
2,2,0.921216828106988,0.702431485833866,98
4,2,0.885065673985242,0.663035132420631,98
3,2,0.916248127458604,0.510808171941151,98
1,3,0.934754477946604,0.888942352710888,98
5,3,0.923431793847946,0.430212780888732,98
2,3,0.87589894118445,0.840998458140397,98
4,3,0.888310447090326,0.637076146660497,98
3,3,0.911150379970866,0.40927963462186,98
1,4,0.935683042085527,0.846501563360591,98
5,4,0.925771520919686,0.290739686103616,98
2,4,0.875147023458253,0.586866107776116,98
4,4,0.892128419372256,0.262985745805328,98
3,4,0.918896893951231,0.689446448186894,98
1,5,0.934113909876404,0.858524595119356,98
5,5,0.893711222716782,0.724559948899826,98
2,5,0.901486257741882,0.861326325121996,98
4,5,0.884968179413881,0.460958854446474,98
3,5,0.906173100940316,0.603050778390746,98
1,6,0.936490316611956,0.847894425014478,98
5,6,0.88629654786488,0.505604157160137,98
2,6,0.92732805872939,0.739427265095225,98
4,6,0.892055559442585,0.405274461301543,98
3,6,0.906480802875611,0.795885711600505,98
1,7,0.933021536421151,0.947144451002846,98
5,7,0.914267112417274,0.546119916627477,98
2,7,0.878047114977734,0.690318465055424,98
4,7,0.881052188237617,0.74273965801413,98
3,7,0.918902405377936,0.640001133971525,98
1,8,0.935034845096643,0.888437567237291,98
5,8,0.885674776054605,0.206074574033429,98
2,8,0.921330175556142,0.878186408482911,98
4,8,0.892988075735123,0.873202899870127,98
3,8,0.906441301442534,0.194653898445926,98
1,9,0.931687800595806,0.94337725666185,98
5,9,0.90809050239295,0.452059199822086,98
2,9,0.887999171315183,0.656949430665344,98
4,9,0.882834819584128,0.386283310068881,98
3,9,0.913849369421563,0.637278263888293,98
1,10,0.936704341886861,0.87101986219087,98
5,10,0.910952086106835,0.592130555559067,98
2,10,0.895324206408472,0.690704255886934,98
4,10,0.901703708302186,0.648278158374089,98
3,10,0.901470386585009,0.79078425183142,98
1,11,0.936213743477925,0.818274497277028,98
5,11,0.92277417166487,0.562222582411569,98
2,11,0.875456134547231,0.583923920841888,98
4,11,0.878772897176015,0.584138255322037,98
3,11,0.924292775699653,0.834932018800458,98
1,12,0.937333528938162,0.819047543700908,98
5,12,0.87370429220424,0.304003905789204,98
2,12,0.921508081301351,0.64539358477972,98
4,12,0.889954362839269,0.38229561244561,98
3,12,0.915527212241677,0.551697243418096,98
1,13,0.933822341666917,0.871856845586171,98
5,13,0.929448629244274,0.47130313571655,98
2,13,0.87130714548804,0.821227482820706,98
4,13,0.910547454918969,0.672110169377037,98
3,13,0.901465082668603,0.751312983008087,98
1,14,0.935650568385674,0.873815342104502,98
5,14,0.908803878583287,0.733598219086369,98
2,14,0.880032378120398,0.864287278039998,98
4,14,0.899226852433797,0.523396509458385,98
3,14,0.909322163156547,0.68634608976847,98
1,15,0.936237441760173,0.86279808308529,98
5,15,0.922470766852064,0.760334061663545,98
2,15,0.877201097382886,0.790464423477181,98
4,15,0.876776400497591,0.755499237303883,98
3,15,0.918392474191861,0.579404172467649,98
1,1,0.966509381794433,0.856605543768307,99
2,1,0.962664914842744,0.88112908600178,99
4,1,0.945123300450698,0.633014244268287,99
5,1,0.952857094761606,0.708686787390579,99
3,1,0.930136057895303,0.719668140405622,99
1,2,0.965113553741287,0.891673982637432,99
2,2,0.964698628418697,0.467305562606481,99
4,2,0.943379651056463,0.671194890628563,99
5,2,0.94728757799198,0.660672425831564,99
3,2,0.94024115451254,0.749330327396268,99
1,3,0.965745730401881,0.877679028944888,99
2,3,0.966245411598838,0.754825994900887,99
4,3,0.942501381303172,0.600955786315886,99
5,3,0.939998964766745,0.0713869222272787,99
3,3,0.945158089586938,0.555138123705874,99
1,4,0.966640312293841,0.894538121657832,99
2,4,0.963926927635055,0.856675582119847,99
4,4,0.950267107179868,0.43917493282238,99
5,4,0.946237467881799,0.549140664621773,99
3,4,0.942146340688456,0.654014292604739,99
1,5,0.967016429698614,0.809332102336881,99
2,5,0.962461788609297,0.756351592264003,99
4,5,0.940866979547811,0.598709321470308,99
5,5,0.939785312416062,0.398696393995181,99
3,5,0.956161270303195,-0.0489355966151426,99
1,6,0.963976316866329,0.940272967483431,99
2,6,0.967766326179941,0.365220638909105,99
4,6,0.941341390317393,0.613427247900206,99
5,6,0.951651488816101,0.625791435279459,99
3,6,0.929830797733564,0.761260410483817,99
1,7,0.965327101561882,0.926125635523083,99
2,7,0.964098673036853,0.642136302759222,99
4,7,0.942365076471889,0.48016628168244,99
5,7,0.933004875867475,0.276529028230134,99
3,7,0.954303232753163,0.468064275289655,99
1,8,0.965215618732059,0.914131084157712,99
2,8,0.965435252448254,0.79626351495025,99
4,8,0.940859719084503,0.65383080387988,99
5,8,0.948523767492135,0.420979573933806,99
3,8,0.934996189790246,0.782542925622371,99
1,9,0.967198842542067,0.865600133253691,99
2,9,0.965034675598669,0.668345237289394,99
4,9,0.942113711924087,0.49072777274067,99
5,9,0.93556929724565,0.390976442755066,99
3,9,0.953488676567208,0.586875347871332,99
1,10,0.965413050189297,0.907169793163549,99
2,10,0.964447267425704,0.647832354971523,99
4,10,0.94248893650265,0.635648670805937,99
5,10,0.952230300460295,0.412358017408482,99
3,10,0.931230640790499,0.774448133564456,99
1,11,0.965801340175386,0.91094367672643,99
2,11,0.963441773801125,0.828352252594188,99
4,11,0.943360595662008,0.699046123391556,99
5,11,0.952727220026625,0.217031767998095,99
3,11,0.928387386921457,0.842351049315157,99
1,12,0.967164689350399,0.738049049306521,99
2,12,0.964301968667757,0.787563754171637,99
4,12,0.940743424322245,0.793611181551806,99
5,12,0.953340500214773,0.533549811777446,99
3,12,0.930748871758854,0.637644469382951,99
1,13,0.970639499143642,0.641699227251965,99
2,13,0.966000610855991,0.76958881985689,99
4,13,0.941249743272449,0.224990599745043,99
5,13,0.954854150787832,0.581377203072151,99
3,13,0.928034497571438,0.721970434627531,99
1,14,0.965297588097498,0.853916035787534,99
2,14,0.964503672514645,0.650162723755548,99
4,14,0.943807117623547,0.318957630950107,99
5,14,0.950242382726722,0.650978503256415,99
3,14,0.93208835295201,0.56486574385795,99
1,15,0.965473284087887,0.86311390812748,99
2,15,0.966378893307089,0.611063741426107,99
4,15,0.942721318132296,0.807699124892447,99
5,15,0.953292819822783,0.459252079431868,99
3,15,0.931119585636252,0.288653560446313,99
1,1,0.92976756999464,0.924370507103847,100
3,1,0.896940427622864,0.38495628298265,100
2,1,0.892305834519248,0.836742194969968,100
4,1,0.872115121415844,0.674002794743808,100
5,1,0.87805469961444,0.719562359016998,100
1,2,0.932721654348735,0.801609705238657,100
3,2,0.88281236001432,0.509446001004828,100
2,2,0.907721748289276,0.449281005261916,100
4,2,0.87657001655111,0.271833717218156,100
5,2,0.880291881992269,0.481407802621843,100
1,3,0.932413007382838,0.871035100628112,100
3,3,0.877017413551094,0.592650975158781,100
2,3,0.905262104931692,0.869217535239288,100
4,3,0.869284746625754,0.620614831217638,100
5,3,0.892972036182247,0.390791319007578,100
1,4,0.932931114907384,0.823142284862205,100
3,4,0.886655790254967,0.349517754912297,100
2,4,0.900626924465372,0.166109849281726,100
4,4,0.886779779335937,0.352126286995634,100
5,4,0.871683331073998,0.6986032776099,100
1,5,0.927017341786276,0.937683754956351,100
3,5,0.914285049603176,0.641093298903469,100
2,5,0.869069997572915,0.674818461549409,100
4,5,0.868783385074256,0.735325330806833,100
5,5,0.881355197702414,0.318709055829656,100
1,6,0.928537245611166,0.901108728205176,100
3,6,0.873333341414521,0.720901661011497,100
2,6,0.916552301111485,0.866892463604957,100
4,6,0.868196637976475,0.337141275413248,100
5,6,0.886012971883637,0.466833320830791,100
1,7,0.930500843013385,0.88037636125175,100
3,7,0.896479215707595,0.596718072519703,100
2,7,0.878423690963844,0.848337732385966,100
4,7,0.868165879638417,0.78430102279661,100
5,7,0.882506048612095,0.537228515630066,100
1,8,0.929508039610851,0.915877239287437,100
3,8,0.913437935990524,0.736031933666134,100
2,8,0.869492111502539,0.770052168622656,100
4,8,0.876032276429397,0.778173737748674,100
5,8,0.882486800082236,0.659605206330025,100
1,9,0.931103410912099,0.86681431363726,100
3,9,0.871413634270893,0.784972512204359,100
2,9,0.900977745105572,0.878100730078427,100
4,9,0.871851852201019,0.903832565164469,100
5,9,0.875006830057318,0.665544501897118,100
1,10,0.931114363212283,0.85821229043594,100
3,10,0.882176754290079,0.585295792998375,100
2,10,0.907606905216072,0.562274429396839,100
4,10,0.864010990664152,0.299559429301192,100
5,10,0.884635382456619,0.623800215479778,100
1,11,0.931851688262386,0.814434023877224,100
3,11,0.921715735124432,0.552456415664216,100
2,11,0.868828065278686,0.747104610401915,100
4,11,0.872632926969501,0.568085525988559,100
5,11,0.876316184065143,0.640933462475351,100
1,12,0.938517477987065,0.524986800865174,100
3,12,0.907888247684765,0.667225869172417,100
2,12,0.882195817943656,0.597090505211629,100
4,12,0.868339430983313,0.0935977273416399,100
5,12,0.890117840984659,-0.0399001583365766,100
1,13,0.930046844812375,0.879532750468628,100
3,13,0.908528878123308,0.0612978348140696,100
2,13,0.869508174594085,0.545420149355438,100
4,13,0.861169776551778,0.677768456078816,100
5,13,0.887793665588914,0.775505672936928,100
1,14,0.932006943664066,0.656797503656369,100
3,14,0.877357171681297,0.318478456447122,100
2,14,0.907953351823637,0.594101950044829,100
4,14,0.874524356578697,0.451626764176353,100
5,14,0.888551071159942,0.143869893695387,100
1,15,0.932194741104036,0.883963540638638,100
3,15,0.875348423851688,0.289562822609343,100
2,15,0.91382799323196,0.750219737566357,100
4,15,0.874276414137799,0.18253701013755,100
5,15,0.882985467046926,0.271154041120157,100
