"canonical_direction","fold","train","test","seed"
1,1,0.978285098866301,0.963103621337678,0
2,1,0.960582511286533,0.679355050362682,0
3,1,0.898011563956927,0.551867220171589,0
4,1,0.867063203383557,0.668177910105346,0
5,1,0.869085958977897,0.252099309502839,0
6,1,0.766652293735696,0.634695564680858,0
1,2,0.980984620109294,0.879820325921651,0
2,2,0.96076929157621,0.828854182171137,0
3,2,0.89315391639015,0.780953722578436,0
4,2,0.867716126477601,0.824320638382505,0
5,2,0.866607731566708,0.493592447232758,0
6,2,0.771070071352524,0.635780934168119,0
1,3,0.978609257249788,0.975439302834746,0
2,3,0.955391580559505,0.925070944230085,0
3,3,0.88665115478288,0.639925454632768,0
4,3,0.868505874370956,0.439819202143327,0
5,3,0.844476667500958,0.969108052968526,0
6,3,0.788777754200859,0.406043958394661,0
1,4,0.977814216339185,0.95503321755107,0
2,4,0.962630013824069,0.939853835736121,0
3,4,0.899892188985588,0.648596152465606,0
4,4,0.87658272071004,0.643902047956847,0
5,4,0.89230065253656,0.0934976785817238,0
6,4,0.791821642958201,0.596965730476064,0
1,5,0.980840072579465,0.844535580681207,0
2,5,0.955868756705962,0.927522516951657,0
3,5,0.901522094794482,0.468490887344568,0
4,5,0.870086092685341,0.733259932738055,0
5,5,0.876427811816865,0.788388265266993,0
6,5,0.756829515789172,0.769028966694681,0
1,6,0.979055989250107,0.884328572532118,0
2,6,0.95693502783099,0.934916562541592,0
3,6,0.878504002603037,0.849840432668421,0
4,6,0.854210908209542,0.735546102859911,0
5,6,0.781645324626507,0.177114149907576,0
6,6,0.811074965716029,0.806720437008787,0
1,7,0.978003963369574,0.946476609560885,0
2,7,0.957597678174696,0.939661195034023,0
3,7,0.907569834434417,0.369739353084707,0
4,7,0.862284432291781,0.872602044379247,0
5,7,0.861823271228888,0.652724443539877,0
6,7,0.778857464215296,0.282588756453762,0
1,8,0.979747762774749,0.936091187294605,0
2,8,0.959321148629678,0.929282308866099,0
3,8,0.891898982588446,0.705380236342512,0
4,8,0.864781963535912,0.198579219365254,0
5,8,0.861940062788311,0.755221247632602,0
6,8,0.789253782553556,0.413170405537598,0
1,9,0.977149219116512,0.992405898719652,0
2,9,0.956971452159049,0.819279772256192,0
3,9,0.886853975224139,0.473660982271939,0
4,9,0.867027323533042,0.147974230719113,0
5,9,0.872667406932884,-0.308221550257348,0
6,9,0.790872264700174,0.0463336313197904,0
1,10,0.978055869693808,0.966021499741983,0
2,10,0.955589967975665,0.958290250181706,0
3,10,0.888106708789175,0.812111489267047,0
4,10,0.864697660469072,0.663932472690785,0
5,10,0.864720123021788,0.476003515505212,0
6,10,0.779107493917439,0.309079746859968,0
1,11,0.979001711282462,0.938595129549463,0
2,11,0.95825366695721,0.750943816350882,0
3,11,0.884981469798983,0.939605927661107,0
4,11,0.869111133121401,0.696789325621328,0
5,11,0.856869018924213,0.752178721973709,0
6,11,0.774894761175145,0.4987003889548,0
1,12,0.977425554876957,0.985871927904934,0
2,12,0.954783662736507,0.962149771717737,0
3,12,0.887359419841562,0.847306234066693,0
4,12,0.868116460158294,0.708626492226668,0
5,12,0.86587520912373,0.694388130034956,0
6,12,0.783015780036132,-0.0456414434182424,0
1,13,0.977843611415886,0.983103227425335,0
2,13,0.959699826795309,0.855759729908439,0
3,13,0.892793151576227,0.711866942330176,0
4,13,0.873216619994856,-0.00379044481589608,0
5,13,0.86937032164627,-0.124243509003627,0
6,13,0.777272857611423,0.432429383327395,0
1,14,0.980824320832072,0.827021358281293,0
2,14,0.953005945373817,0.937922946470683,0
3,14,0.88404319762161,0.890766516809342,0
4,14,0.86262518804652,0.694429292574867,0
5,14,0.862432006824978,0.758738594546483,0
6,14,0.775555925002136,0.278910441583429,0
1,15,0.977080124615977,0.968170440489197,0
2,15,0.952734947404041,0.97334397636226,0
3,15,0.894052428809592,0.828910989340965,0
4,15,0.859957240518552,0.638506862411789,0
5,15,0.86449377385711,0.277363779614142,0
6,15,0.782547421172973,0.362501584236568,0
1,1,0.975041554769194,0.968901741560621,1
3,1,0.961569929387306,0.430416012872987,1
4,1,0.879171003866062,0.836686901567626,1
2,1,0.875434021160201,0.827222392427814,1
5,1,0.75071644338167,0.111587788297345,1
6,1,0.708037447337213,0.430785499894606,1
1,2,0.977076791154434,0.955807830247866,1
3,2,0.963997774133477,0.864615540456042,1
4,2,0.907088177507677,0.586920077108297,1
2,2,0.876375027112804,0.800682405456456,1
5,2,0.776358093493316,0.224975127042065,1
6,2,0.719175778538655,-0.356232964231463,1
1,3,0.979771300546252,0.83958037983809,1
3,3,0.957296912358018,0.981512491077772,1
4,3,0.916054504697541,0.505783957837393,1
2,3,0.897572130909003,0.833824234347136,1
5,3,0.75486837996097,0.560779110899338,1
6,3,0.716004956756185,-0.0528084640203065,1
1,4,0.978029499429136,0.926225511530931,1
3,4,0.96190715329209,0.725280748564033,1
4,4,0.901304592258307,-0.0694700240883121,1
2,4,0.868755849836549,0.782637807191478,1
5,4,0.765525997261459,-0.00589085758955807,1
6,4,0.69435413703303,0.057086060886504,1
1,5,0.97671543385718,0.986504996111423,1
3,5,0.962011759376522,0.830145173847783,1
4,5,0.901484235714389,0.553265722981301,1
2,5,0.869848567376132,0.815425201995459,1
5,5,0.758336767848603,0.299071428831435,1
6,5,0.702942946502302,0.339812152087307,1
1,6,0.979713597083751,0.975330624324417,1
3,6,0.957325121773668,0.968291814562238,1
4,6,0.895066209391634,0.922023793222676,1
2,6,0.870947552695829,0.752290359466103,1
5,6,0.758858253134499,-0.0300469129331196,1
6,6,0.718655302818466,-0.131932580241225,1
1,7,0.974526283207371,0.918377067908861,1
3,7,0.962538231862924,0.906411784360673,1
4,7,0.89202181268563,0.87755029533294,1
2,7,0.872027051125872,0.859703005479757,1
5,7,0.752148748654038,0.361231925867724,1
6,7,0.671508110902362,0.628786821556244,1
1,8,0.976306077983171,0.970812783125409,1
3,8,0.961784170001491,0.84340197880918,1
4,8,0.878304109512736,0.811986073243603,1
2,8,0.887365712575148,0.906035539110555,1
5,8,0.748914098373729,0.0108653452360795,1
6,8,0.706618713325213,-0.203865280251474,1
1,9,0.97949142173513,0.915443673246581,1
3,9,0.96774816731871,0.475621176881621,1
4,9,0.903502229196467,0.759682898253485,1
2,9,0.880670690912649,0.506259773459482,1
5,9,0.775653745831041,0.166520844270136,1
6,9,0.66872874699487,0.866434963291449,1
1,10,0.975357565515085,0.924996884822873,1
3,10,0.962492804008764,0.950615685435994,1
4,10,0.907695224043659,0.282396715237107,1
2,10,0.869932615759589,0.876314073052945,1
5,10,0.753932565295224,0.291713137515619,1
6,10,0.72100486426898,-0.0526882172064975,1
1,11,0.975821034727988,0.996553014544151,1
3,11,0.962956483771341,0.525767855770589,1
4,11,0.887796980514874,0.878363479851757,1
2,11,0.870615765980264,0.961645187155196,1
5,11,0.741768047299795,0.580351327044215,1
6,11,0.680868771828876,0.751710010274487,1
1,12,0.97926446073232,0.931022061834183,1
3,12,0.966398934212955,0.621319327598086,1
4,12,0.91143655568979,0.745281342576167,1
2,12,0.870203850671588,0.589845299926503,1
5,12,0.753215185485189,-0.176549734903845,1
6,12,0.656688422618668,-0.669163559541463,1
1,13,0.976359405291073,0.93100680928248,1
3,13,0.960942764574213,0.971508882238615,1
4,13,0.896167820707899,0.43046170257247,1
2,13,0.872731695282524,0.851190254379241,1
5,13,0.745432180316063,0.489514837497764,1
6,13,0.695107386582985,-0.0716691653681782,1
1,14,0.976557384527614,0.958860156177284,1
3,14,0.958815932661255,0.981777140484888,1
4,14,0.889542270415876,0.659482227789346,1
2,14,0.875299819588635,0.922595567881317,1
5,14,0.744164758593277,0.323979296992328,1
6,14,0.694658544280599,-0.129270868579001,1
1,15,0.976101012769048,0.990584375136195,1
3,15,0.9648947848534,0.646845471374336,1
4,15,0.897266381073301,0.778834729733725,1
2,15,0.861636189564278,0.927969441824985,1
5,15,0.77075932800272,-0.00935906271589032,1
6,15,0.727684481340655,0.609942084831862,1
1,1,0.964554315841784,0.957771301379288,2
2,1,0.930236829215868,0.968559784713984,2
3,1,0.8437519708171,0.682776813377478,2
4,1,0.778758123991672,0.434542067452302,2
6,1,0.671688085748033,0.145243481865543,2
5,1,0.644992872225918,0.630139436700175,2
1,2,0.965238106744263,0.940337889927989,2
2,2,0.938642738399115,0.893606752094975,2
3,2,0.834324609765516,0.863961076468749,2
4,2,0.752150027204901,0.877837529777116,2
6,2,0.666598878131739,0.513120443876131,2
5,2,0.694113153775798,0.0257682550215799,2
1,3,0.961070411026387,0.980553903407089,2
2,3,0.939338510053322,0.774251200592849,2
3,3,0.835089641145581,0.831523252418568,2
4,3,0.775152059661179,0.515480735654058,2
6,3,0.657673687507823,0.433244537785315,2
5,3,0.642565746874015,0.735541732266718,2
1,4,0.968020559064752,0.840454755316996,2
2,4,0.939107849179836,0.864203011953055,2
3,4,0.839829101116946,0.931605364634075,2
4,4,0.762611621306479,0.754914212607023,2
6,4,0.660882862578175,0.560003044541618,2
5,4,0.670000957216953,0.457904209375758,2
1,5,0.964790719881715,0.944490095305565,2
2,5,0.941233446420125,0.784071741718788,2
3,5,0.838883071354892,0.450899705496981,2
4,5,0.74194841906407,0.904366599099981,2
6,5,0.673960102069099,0.521662591025644,2
5,5,0.662280832885276,0.20066500194927,2
1,6,0.964085274942496,0.978138506027323,2
2,6,0.93847624069115,0.744119557565486,2
3,6,0.845275230312483,0.705916893353079,2
4,6,0.775522227545625,-0.224860983381626,2
6,6,0.657814788456214,0.751969906387345,2
5,6,0.629350489997979,0.858208025178906,2
1,7,0.966366843242006,0.9292996349364,2
2,7,0.944461290008096,0.293255163720097,2
3,7,0.863016616392733,0.500207382171664,2
4,7,0.772307197422292,0.814375722289824,2
6,7,0.66623264702409,0.363529670472463,2
5,7,0.679405634184335,-0.403020547756922,2
1,8,0.964948745197701,0.959711327262536,2
2,8,0.921808207415529,0.995471581338025,2
3,8,0.840653475269986,0.90468504764662,2
4,8,0.756947947321625,0.790087749962337,2
6,8,0.66554891315822,0.234806521313674,2
5,8,0.674062898685815,0.500152997349815,2
1,9,0.972946728264979,0.872357197461897,2
2,9,0.940352470323981,0.839433963433643,2
3,9,0.842408063605941,0.562081793883776,2
4,9,0.760416465883013,0.60976830656514,2
6,9,0.658050976831999,0.472769825852354,2
5,9,0.666707471845563,0.0167600019474741,2
1,10,0.963264886186744,0.98350425065857,2
2,10,0.933589347951047,0.97413789317789,2
3,10,0.834533766458518,0.895771524916366,2
4,10,0.765821850666355,0.550274274797617,2
6,10,0.670383601979359,0.424980358321372,2
5,10,0.65936635413126,0.530101024294043,2
1,11,0.964210368258991,0.967847071399761,2
2,11,0.936849245802264,0.916135524640382,2
3,11,0.846832756537886,0.257533099540518,2
4,11,0.798837601671705,-0.571072530357837,2
6,11,0.651566073067829,0.798348023322749,2
5,11,0.644721906223765,0.251320114681155,2
1,12,0.964692886080678,0.91475176927976,2
2,12,0.938436119736951,0.858856516562853,2
3,12,0.834058236230765,0.714237896259126,2
4,12,0.763786649614388,0.743995628911114,2
6,12,0.701539404857797,0.211891856495791,2
5,12,0.644889720638998,0.871719380735301,2
1,13,0.962563103058507,0.98091113286449,2
2,13,0.94109149313768,0.81962090434682,2
3,13,0.829855400213717,0.867919459245602,2
4,13,0.75376714004154,0.861945166885653,2
6,13,0.680748908437511,-0.12985958116347,2
5,13,0.645560828167153,0.75268926888926,2
1,14,0.964142652730011,0.866682582052567,2
2,14,0.943323801176437,-0.408745746390757,2
3,14,0.844591784725761,0.845353493699867,2
4,14,0.782475818086085,0.628114055952335,2
6,14,0.660412844938522,0.766124343327749,2
5,14,0.655903622373009,0.606070473429669,2
1,15,0.963620620201163,0.96091330518857,2
2,15,0.938951935753965,0.892766889630636,2
3,15,0.856272964267661,0.695271388005848,2
4,15,0.762642802769813,0.792234093550193,2
6,15,0.685057317316177,-0.57160011982669,2
5,15,0.635953056431679,0.897136050518567,2
1,1,0.97296870317731,0.985355791784796,3
3,1,0.962404570582933,0.920459953474742,3
4,1,0.883530704644711,0.130300932889761,3
2,1,0.862854149600185,0.633853396306624,3
5,1,0.821084530679343,-0.0801079419807715,3
6,1,0.771892945838652,0.0321334381131254,3
1,2,0.973618994188461,0.885376678041551,3
3,2,0.962082346452382,0.939728479263939,3
4,2,0.880115039003474,0.649437718295283,3
2,2,0.855112165962524,0.776010449712948,3
5,2,0.803500745739302,0.766873446663919,3
6,2,0.78467629391629,-0.0475638635894196,3
1,3,0.974508436903121,0.928557537120128,3
3,3,0.960178424459798,0.942747588698863,3
4,3,0.885433925568775,0.680088180410555,3
2,3,0.85511110472115,0.757852771698237,3
5,3,0.813370511866983,0.601548796678938,3
6,3,0.7583602565083,0.686212825889942,3
1,4,0.973867467229132,0.95558427134611,3
3,4,0.968770036685524,-0.176011116973699,3
4,4,0.888052147750619,0.614979782242803,3
2,4,0.852210053976679,0.70918502309463,3
5,4,0.841583343144224,0.338718563597923,3
6,4,0.783887862091744,0.168132391184474,3
1,5,0.974066618240429,0.971777110908049,3
3,5,0.963790228151821,0.796663620002069,3
4,5,0.876518511409788,0.629691117410481,3
2,5,0.854948747744528,0.898568253344069,3
5,5,0.807104069184732,0.563319264323914,3
6,5,0.777261733821908,0.82982486883262,3
1,6,0.972994495707585,0.966881330122833,3
3,6,0.959245298389479,0.959639621016583,3
4,6,0.877275455771489,0.362815287689757,3
2,6,0.861396289529836,0.824850690277291,3
5,6,0.787886892923973,0.920259805517231,3
6,6,0.760973346880134,0.570787653177839,3
1,7,0.972517304503543,0.846546708847714,3
3,7,0.960413615825015,0.961018449157573,3
4,7,0.872173597996461,0.838805933690881,3
2,7,0.850905689215987,0.836159545149962,3
5,7,0.800925435346597,0.612571340542097,3
6,7,0.757028333649895,0.569542172109646,3
1,8,0.974353212682995,0.919181785261665,3
3,8,0.964954766661825,0.768296833561362,3
4,8,0.876631918760583,0.399530485956448,3
2,8,0.862195456815109,0.737602517448399,3
5,8,0.826643807517407,0.0974884434331436,3
6,8,0.781976392325689,0.560673005617039,3
1,9,0.973133424955343,0.922496581032279,3
3,9,0.964301560441547,0.649936683967627,3
4,9,0.882749218217646,0.632625629540794,3
2,9,0.85326249959683,0.796698564598925,3
5,9,0.821947632362016,0.188789281127307,3
6,9,0.758008181061275,0.739860159057376,3
1,10,0.971661138481158,0.962725661869816,3
3,10,0.961304040785744,0.92873366829698,3
4,10,0.890192474400605,0.381597619741113,3
2,10,0.854434035000549,0.841330634349956,3
5,10,0.795180838058675,0.91936874529018,3
6,10,0.760750702748956,0.150600030267695,3
1,11,0.978547970437301,0.888585433460236,3
3,11,0.966321167534551,0.106534342344609,3
4,11,0.908824526377387,0.172235044946753,3
2,11,0.864852242405767,0.923377220319877,3
5,11,0.827453564391351,-0.213878717222729,3
6,11,0.677930914167898,0.644343391820535,3
1,12,0.973023666506073,0.956371784574119,3
3,12,0.962060139928727,0.948077746905103,3
4,12,0.871222786537052,0.890224308000998,3
2,12,0.851115658643564,0.790278485651824,3
5,12,0.813739131355964,0.678657196067673,3
6,12,0.749707114811561,0.786096723445564,3
1,13,0.974495592413913,0.976935791629405,3
3,13,0.966792213662393,0.111205560270922,3
4,13,0.882464070102033,-0.659797015057384,3
2,13,0.850711526302007,0.737360754802276,3
5,13,0.838795324951393,0.101184056373993,3
6,13,0.768199179190525,0.229195291719149,3
1,14,0.973055235909103,0.978217956485208,3
3,14,0.963761039020175,0.762425015319155,3
4,14,0.875584543870682,0.714284287645437,3
2,14,0.853630024094814,0.670289302515238,3
5,14,0.807159995708105,0.631425404426032,3
6,14,0.771903247201621,-0.0608692237388327,3
1,15,0.977567992212167,0.664993802523141,3
3,15,0.963768583906524,0.72823237162207,3
4,15,0.869629437666542,0.841306868668974,3
2,15,0.852080697325511,0.660043794291247,3
5,15,0.798395668032147,0.798535163950931,3
6,15,0.76444901121214,0.743319962527481,3
1,1,0.976876838335301,0.840011886556034,4
2,1,0.965300006681,0.700035785205027,4
3,1,0.821189566802619,0.726392092737528,4
4,1,0.808395050700776,0.682645914108474,4
6,1,0.755164530841526,0.038282694829083,4
5,1,0.677918293455353,0.460748509863752,4
1,2,0.96875496636445,0.950883466845414,4
2,2,0.964269840942207,0.961875373704041,4
3,2,0.841202641733585,0.649431320825665,4
4,2,0.795016376141135,0.886905948154871,4
6,2,0.692258526673499,0.428006590580538,4
5,2,0.674256867609037,0.725178334982133,4
1,3,0.968681258872831,0.986144660527725,4
2,3,0.966821842779684,0.893256114729776,4
3,3,0.833238480089021,0.909642850429854,4
4,3,0.814304046709065,0.456904266530839,4
6,3,0.736460761968626,-0.11064044241718,4
5,3,0.702171560269555,0.156127852217275,4
1,4,0.968880270073223,0.80474847348606,4
2,4,0.959683881878375,0.973603690744808,4
3,4,0.845507909405807,0.647659598128972,4
4,4,0.832726861763741,0.670873517062278,4
6,4,0.721168639765716,0.0534100058463659,4
5,4,0.720051170833445,-0.326805159971318,4
1,5,0.968676346652111,0.979636787687431,4
2,5,0.965048979563055,0.954950245400226,4
3,5,0.839554616556571,0.556375517346483,4
4,5,0.807488358951548,0.357930887607662,4
6,5,0.694180459683791,0.0282885995691904,4
5,5,0.700877952562351,0.514683199315587,4
1,6,0.967913866306159,0.965024651894988,4
2,6,0.970172072976583,0.839757082538887,4
3,6,0.844504411728081,0.75174863515596,4
4,6,0.810283165331612,0.550674659865037,4
6,6,0.696865706320763,-0.367797096593546,4
5,6,0.699157496033848,0.313825755650614,4
1,7,0.968995500110555,0.856968358778297,4
2,7,0.96699681929661,0.884709705418369,4
3,7,0.847851231359208,0.459265283891198,4
4,7,0.823944539612591,0.0200449525817271,4
6,7,0.724116625206758,0.519086883925031,4
5,7,0.658178389768864,0.503582693804289,4
1,8,0.970096571111385,0.913243143166618,4
2,8,0.966926027344036,0.714113537909191,4
3,8,0.83903194477269,0.681877118345207,4
4,8,0.806344556198432,0.810067106966482,4
6,8,0.710520774074629,0.0988572523522411,4
5,8,0.681137965241308,0.640180671344415,4
1,9,0.968550231463661,0.965462802070325,4
2,9,0.96074911249303,0.988001346719673,4
3,9,0.844488232340758,0.34106828516686,4
4,9,0.814212790102782,0.873376088804811,4
6,9,0.710171665746593,0.103278522170967,4
5,9,0.701002015560294,0.351023929921026,4
1,10,0.970842217480515,0.964088560382034,4
2,10,0.965863406176077,0.894251119056686,4
3,10,0.841272569569636,0.393323518680794,4
4,10,0.81381870521498,0.722110689501115,4
6,10,0.689197662461565,0.0784401995683544,4
5,10,0.674196008947089,0.910912320059394,4
1,11,0.970206234913137,0.902656845151834,4
2,11,0.969926466140179,0.841320352361419,4
3,11,0.858136132302162,0.661134231576545,4
4,11,0.813799778409705,0.399760061554698,4
6,11,0.706819252220391,-0.176708311478947,4
5,11,0.700015256218313,-0.0316825375436492,4
1,12,0.969939197972492,0.824059424010548,4
2,12,0.963712681297177,0.690978441728938,4
3,12,0.877218601081103,-0.295492649328535,4
4,12,0.820060357890677,-0.0481438459008436,4
6,12,0.742689766855261,-0.145363092038103,4
5,12,0.676211304040401,0.171950295707774,4
1,13,0.969026915285477,0.973157141573927,4
2,13,0.963781453708952,0.970203227549488,4
3,13,0.872790532200005,0.543393689510222,4
4,13,0.813916441126633,0.559782482504062,4
6,13,0.689549943218415,0.525581243919149,4
5,13,0.681667945743845,0.62744775304835,4
1,14,0.969845905836831,0.961706360629752,4
2,14,0.968993603491591,0.862340247677862,4
3,14,0.846079234967726,0.90803186648971,4
4,14,0.806793856640157,0.752566482315207,4
6,14,0.702495439825347,0.306466992018633,4
5,14,0.689800346985974,0.553109349114308,4
1,15,0.971147091527546,0.933606773758676,4
2,15,0.961375825209911,0.982194298055544,4
3,15,0.841536466690611,0.665592046928669,4
4,15,0.791916973654165,0.898222503885844,4
6,15,0.690121605414149,0.72231653952455,4
5,15,0.663473127034685,0.622671960928365,4
1,1,0.963380811499722,0.983162170371486,5
2,1,0.949297005431808,0.79229429978041,5
4,1,0.827325046926065,0.961846160062724,5
3,1,0.803568907362172,0.430746502961145,5
5,1,0.744568009667816,0.759299392763359,5
6,1,0.63830963934529,-0.047140152597356,5
1,2,0.964539181996706,0.979683167471025,5
2,2,0.949542829985743,0.813889208482835,5
4,2,0.862545507006778,-0.00754472072814811,5
3,2,0.797228337696979,0.331081208880618,5
5,2,0.732698904033897,0.629993703322879,5
6,2,0.657131371360805,0.18764395392553,5
1,3,0.962750672357014,0.962413542695517,5
2,3,0.951873533000717,0.796104039177076,5
4,3,0.841228926465306,0.784059567695822,5
3,3,0.791845221116552,0.758661796687461,5
5,3,0.737514011633197,0.601838461661304,5
6,3,0.636559670974146,-0.0662673344242075,5
1,4,0.967278067782283,0.944867040872222,5
2,4,0.946960567986409,0.968767136252033,5
4,4,0.842203651370968,0.815876176150963,5
3,4,0.804432605306457,0.567876013378103,5
5,4,0.730840467461264,0.927830373496406,5
6,4,0.635931474693828,-0.436652309458438,5
1,5,0.96758584927455,0.932105212878507,5
2,5,0.948877140486629,0.662358146411267,5
4,5,0.8545636093171,0.822736657279459,5
3,5,0.797610377595569,0.705386909227586,5
5,5,0.682739919786568,0.627069007272731,5
6,5,0.637527768545863,0.378492199584049,5
1,6,0.963993489405469,0.986377945623351,5
2,6,0.95131415932226,0.916278946006983,5
4,6,0.871515647714646,-0.429089062292583,5
3,6,0.792326283841516,0.830938276196005,5
5,6,0.731082578524512,0.664727392031423,5
6,6,0.604622648413459,0.954679028287426,5
1,7,0.96443685831971,0.925791154611137,5
2,7,0.949622652860211,0.852839796936561,5
4,7,0.859632972214558,0.355810656865888,5
3,7,0.803180659430434,0.736251439931897,5
5,7,0.735145470620741,-0.00396650444945906,5
6,7,0.621051022718737,0.417970619588423,5
1,8,0.963989982780648,0.945253310881543,5
2,8,0.940555561872898,0.95732227063825,5
4,8,0.844651200829861,0.230936452821559,5
3,8,0.837586153915676,0.571932229841926,5
5,8,0.732671038388651,-0.147584883255564,5
6,8,0.640583729330812,0.370379216241596,5
1,9,0.96702880512057,0.91962041361104,5
2,9,0.948907283081445,0.933722297541716,5
4,9,0.839609065649275,0.926276718567136,5
3,9,0.799123556548583,0.753780953315318,5
5,9,0.745892381081952,0.468614793739463,5
6,9,0.620216110621514,0.627882749425734,5
1,10,0.967690774389518,0.945026981584078,5
2,10,0.953087055424795,0.636322533469276,5
4,10,0.849263561754877,0.981999436049579,5
3,10,0.795020707873409,0.739356441721133,5
5,10,0.715322996334868,0.894791562594672,5
6,10,0.643778497340868,0.544295812839496,5
1,11,0.969844427581347,0.930747954136443,5
2,11,0.945490215599691,0.958138107644696,5
4,11,0.84538923447541,0.909087485810365,5
3,11,0.804336011298283,0.517002522623631,5
5,11,0.731227023901294,0.567640236535832,5
6,11,0.626173159247897,0.445761073912637,5
1,12,0.967760441955976,0.972964075391868,5
2,12,0.948941131953625,0.881607347866082,5
4,12,0.847444482294125,0.908936542003314,5
3,12,0.796398287931631,0.800330350948233,5
5,12,0.743007938782645,0.393110843392558,5
6,12,0.625487397221819,0.471100614500262,5
1,13,0.967786640231614,0.901988404152352,5
2,13,0.940763233193755,0.97821741604164,5
4,13,0.852305992324217,0.74303981700995,5
3,13,0.786069637039284,0.798857620599494,5
5,13,0.729521817528723,-0.0925335473384093,5
6,13,0.626574225002588,0.644278701942869,5
1,14,0.964030256854548,0.988783049171988,5
2,14,0.948742325635024,0.918815439946625,5
4,14,0.848915212257595,0.757903522802525,5
3,14,0.802613332923628,0.192460431679669,5
5,14,0.728477398531339,0.810548441408264,5
6,14,0.635482267808733,0.420979410651454,5
1,15,0.965155761962967,0.664883944189542,5
2,15,0.948775260981266,0.828546868202959,5
4,15,0.850692068232721,0.413409706248134,5
3,15,0.801154041271043,0.497800987919331,5
5,15,0.727810305736082,0.78217714717439,5
6,15,0.637982229924147,0.218923696048374,5
1,1,0.982230578897409,0.973446432157591,6
3,1,0.961882580132943,0.848985134862898,6
5,1,0.892368363293642,0.278073134840626,6
2,1,0.875268414747446,0.861947417875902,6
6,1,0.77410684036721,-0.197640221376689,6
4,1,0.769507676607615,0.741376035368734,6
1,2,0.982107614038752,0.958831416707908,6
3,2,0.94900998275348,0.991166702900126,6
5,2,0.903039112441131,0.646484336720266,6
2,2,0.861595696285449,0.85405448686442,6
6,2,0.794774463224779,-0.146727087570206,6
4,2,0.736086301863032,0.54337863694049,6
1,3,0.983059245053546,0.951358433276593,6
3,3,0.96381804423769,0.864732593425453,6
5,3,0.877225984962462,0.260584793590392,6
2,3,0.899529468063808,0.791206257024006,6
6,3,0.753893841450162,0.500964450686557,6
4,3,0.766637889412674,0.846666758294206,6
1,4,0.982735633896442,0.961753457353923,6
3,4,0.958085795203534,0.977461523599933,6
5,4,0.88318994883592,0.470593665781794,6
2,4,0.877444332866709,0.907658028687669,6
6,4,0.806471146078618,-0.265901803874258,6
4,4,0.683324334610217,0.954364722310875,6
1,5,0.981103147511034,0.983157243171999,6
3,5,0.962491818385953,0.714162703168661,6
5,5,0.897521236229153,0.468196829504772,6
2,5,0.868133083134251,0.75344612207724,6
6,5,0.78604376880098,-0.424705550556953,6
4,5,0.748535154755069,0.606819425919268,6
1,6,0.981223996116048,0.985381944397007,6
3,6,0.966383721219001,0.685418223352323,6
5,6,0.884949388169986,0.529965130814235,6
2,6,0.882610082546368,0.873905060732202,6
6,6,0.767803319794601,0.127087483794534,6
4,6,0.75761521562146,0.47468784883526,6
1,7,0.981000466981169,0.991130276973776,6
3,7,0.963023895044959,0.802887151271013,6
5,7,0.905654529592436,0.794230415746291,6
2,7,0.90311134575962,0.663117960975639,6
6,7,0.768019141228421,0.308030109930498,6
4,7,0.749730281382153,0.782338859143275,6
1,8,0.982222780823697,0.990108283751996,6
3,8,0.962754977431578,0.90181067220658,6
5,8,0.864933585851046,0.876841714200192,6
2,8,0.87636830482497,0.956610226271447,6
6,8,0.750134352463547,0.556955039756515,6
4,8,0.760129987985103,0.840150189631056,6
1,9,0.983101719042949,0.953466687540168,6
3,9,0.963606847838404,0.570895011778493,6
5,9,0.875705203318135,0.872858314493313,6
2,9,0.864450152097488,0.961633805062147,6
6,9,0.73913970601505,0.681309206359952,6
4,9,0.757328456036545,0.755160196421547,6
1,10,0.981859751514185,0.982231092744465,6
3,10,0.967480071187363,0.930123803267299,6
5,10,0.893295030493363,0.706217810244995,6
2,10,0.867567595917616,0.918366601015768,6
6,10,0.787586304228873,-0.23703932569382,6
4,10,0.725271981141064,0.708844628871336,6
1,11,0.986905328107619,0.947959695969389,6
3,11,0.961658427904394,0.945089014192467,6
5,11,0.882744977633148,0.834600116499457,6
2,11,0.866732186119738,0.941543752151881,6
6,11,0.761007067917611,0.192470724574634,6
4,11,0.743829203861044,0.882419172482299,6
1,12,0.981115976042369,0.953525409487299,6
3,12,0.967631647800748,0.678681832953238,6
5,12,0.892202442804473,0.591016926440879,6
2,12,0.8651772735377,0.642651966255631,6
6,12,0.771227387241777,0.615889087005872,6
4,12,0.752346641691369,0.169733384675436,6
1,13,0.983721088909403,0.982078438097129,6
3,13,0.964059902211568,0.818965793978485,6
5,13,0.889736054952126,0.834051689014778,6
2,13,0.863481348186661,0.940012022814422,6
6,13,0.744663222604291,0.683970855274927,6
4,13,0.760267730803157,0.358585004695525,6
1,14,0.982106326625991,0.899944369157262,6
3,14,0.962881688444325,0.818113172820411,6
5,14,0.888864301814315,0.346326271723566,6
2,14,0.860861307756116,0.892512316311012,6
6,14,0.758788778217187,0.590631197574432,6
4,14,0.763123683070651,0.418632445200853,6
1,15,0.982841483191244,0.94154566119233,6
3,15,0.962952421151721,0.85421473950304,6
5,15,0.876975621535731,0.488884556697986,6
2,15,0.884727173399866,0.855169713843166,6
6,15,0.762436176448536,0.0397381125449006,6
4,15,0.748909635661933,0.924451053224844,6
1,1,0.972068271549204,0.973192849989599,7
2,1,0.957390208254586,-0.0306384184515138,7
4,1,0.873659467702909,0.648106310194078,7
3,1,0.863238084688001,0.833815874188345,7
6,1,0.776706102203566,0.32006928563506,7
5,1,0.753124162916209,0.811969154530404,7
1,2,0.973612871181596,0.960506401741738,7
2,2,0.942546089831788,0.994774153923402,7
4,2,0.873439657136152,0.660327082451936,7
3,2,0.831456714555879,0.424186465591931,7
6,2,0.749156059617768,0.0674225777036013,7
5,2,0.722639677989368,0.601333243622144,7
1,3,0.97300862862796,0.959386125729427,7
2,3,0.956086393828432,0.58158671328237,7
4,3,0.866516383645603,0.411889459777417,7
3,3,0.843867327186509,0.571276212979161,7
6,3,0.755021969859109,-0.270865429918824,7
5,3,0.759283899327748,0.513142125706119,7
1,4,0.973457287912189,0.574859338246185,7
2,4,0.945727175965346,0.980192553245486,7
4,4,0.868842911890008,0.659930044456562,7
3,4,0.835775102679367,0.607262020159165,7
6,4,0.741065461317394,0.7720876519839,7
5,4,0.764463567262724,-0.078168735505592,7
1,5,0.974150242826712,0.956899776939738,7
2,5,0.951354562581118,0.92742129261292,7
4,5,0.86838148441732,0.787391176204128,7
3,5,0.824967721075106,0.895165502289424,7
6,5,0.739525672685914,0.592589534727464,7
5,5,0.776347834117214,0.418091539696619,7
1,6,0.973381278834619,0.929093428789172,7
2,6,0.950187693140997,0.928831981521772,7
4,6,0.873666251640623,0.677830607419583,7
3,6,0.845603554831403,0.53108695912416,7
6,6,0.741368995184507,0.68876626711396,7
5,6,0.757371799444593,0.436885267693112,7
1,7,0.971910908121042,0.986898352229546,7
2,7,0.953014463491296,0.72911998759471,7
4,7,0.897117311876679,0.468732988838702,7
3,7,0.819473110779665,0.950890482112378,7
6,7,0.766209901313816,0.26149796201677,7
5,7,0.731020099446117,0.950014840067854,7
1,8,0.973030871886729,0.85817190647544,7
2,8,0.956224476116986,0.961324418301497,7
4,8,0.872565096794078,0.404659348515205,7
3,8,0.827837145700519,0.770751211117698,7
6,8,0.739489993909618,0.731842285136536,7
5,8,0.784067385994513,0.851436488205256,7
1,9,0.973407766483981,0.960289052305541,7
2,9,0.954038961351526,0.871223333873782,7
4,9,0.873854938739153,0.733444797646621,7
3,9,0.829335563901648,0.898406599290576,7
6,9,0.733505130270818,0.354676183064781,7
5,9,0.755449978129215,0.826219532813682,7
1,10,0.972954635604371,0.968284950755207,7
2,10,0.9529545760505,0.923506059338025,7
4,10,0.84282106127715,0.920702264425767,7
3,10,0.846600695444685,0.854514569160612,7
6,10,0.739813964809674,0.417661030053223,7
5,10,0.744157584919082,0.720252698715189,7
1,11,0.974175451431871,0.90205469299592,7
2,11,0.946994974841302,0.967949432020186,7
4,11,0.883125801211519,0.676002327172047,7
3,11,0.828253088977058,0.703899293164471,7
6,11,0.741466593045381,0.355613149986475,7
5,11,0.767460874428033,0.383170056491764,7
1,12,0.979621284372887,0.872574764238906,7
2,12,0.952642912860505,0.787786462057256,7
4,12,0.86622696386076,0.912785520959318,7
3,12,0.833830937836934,0.824017530246665,7
6,12,0.738974337978675,-0.260503999133523,7
5,12,0.740154398570454,0.552831939671824,7
1,13,0.97400899192491,0.934057750344992,7
2,13,0.952592512245679,0.906937765782034,7
4,13,0.880558872415268,-0.119210482275464,7
3,13,0.828927823067827,0.769037852141263,7
6,13,0.76032565169731,0.373592779213337,7
5,13,0.753554485008553,0.222988425766915,7
1,14,0.973459179701005,0.997761362152394,7
2,14,0.949924997048008,0.925819736999573,7
4,14,0.860251375983904,0.517456993375324,7
3,14,0.860156413372919,0.781204702898939,7
6,14,0.74679617819151,0.479536008829014,7
5,14,0.748943138980678,0.758036915516802,7
1,15,0.972740294696552,0.9856570089508,7
2,15,0.95211637782402,0.864672175243383,7
4,15,0.867636547982117,0.929904102614437,7
3,15,0.829821358672921,0.865163309220567,7
6,15,0.735323376522221,0.64375599884295,7
5,15,0.761702383100689,0.792235343733079,7
1,1,0.982356370329747,0.931473356324101,8
2,1,0.974087421304217,0.893998606896609,8
3,1,0.917397156142121,0.760172273431823,8
4,1,0.86991170506281,0.718278086458756,8
6,1,0.809553022107094,-0.550620807962985,8
5,1,0.777937389684663,0.811277699046878,8
1,2,0.981634541800171,0.947736605330755,8
2,2,0.976582960771933,0.858862403388936,8
3,2,0.914854235782138,0.863300469069371,8
4,2,0.869974298154762,0.807908621655528,8
6,2,0.823479366927259,-0.0595479810983023,8
5,2,0.761101082991132,0.459320331906919,8
1,3,0.980550439755462,0.984026158524683,8
2,3,0.971241508100102,0.947583806429361,8
3,3,0.9176766680529,0.728215851495237,8
4,3,0.867340257897991,0.94155806337491,8
6,3,0.811773868622263,0.747388304503894,8
5,3,0.777544571958517,-0.200054185262401,8
1,4,0.98298813280933,0.934673340354683,8
2,4,0.971428284263256,0.95268608254054,8
3,4,0.92876040010992,0.714418064483444,8
4,4,0.907555874620776,0.637020699879114,8
6,4,0.81773219117939,0.444609354696529,8
5,4,0.769378222367894,0.464249763714518,8
1,5,0.982110263923661,0.86520814611477,8
2,5,0.973179070017454,0.837982796792667,8
3,5,0.924800402966303,0.805559957480037,8
4,5,0.878979115611054,0.365627327698221,8
6,5,0.811502753943136,0.138756490427322,8
5,5,0.764530806920407,0.227739856947641,8
1,6,0.980081006727318,0.990976333027565,8
2,6,0.9716846262462,0.868401979209668,8
3,6,0.911362369492246,0.925732705788575,8
4,6,0.871063311428585,0.730367540387098,8
6,6,0.834018434759219,0.669497426326937,8
5,6,0.764500504511208,0.742158116865506,8
1,7,0.981921812908413,0.965306965136835,8
2,7,0.973051997120735,0.910744276241123,8
3,7,0.915838290545333,0.873076902243675,8
4,7,0.868014604215433,0.889779490089267,8
6,7,0.823618680920084,0.50713041793747,8
5,7,0.756335382717547,0.859781751426365,8
1,8,0.982680629959212,0.943139204278245,8
2,8,0.974924770904289,0.502369266232548,8
3,8,0.931587558826458,0.284206560896416,8
4,8,0.877153572881994,0.659691444656408,8
6,8,0.805773134575711,0.451350499614269,8
5,8,0.771047780929774,0.438993787302524,8
1,9,0.98263160347724,0.954407417659932,8
2,9,0.971160689297571,0.959281485104686,8
3,9,0.917230243633143,0.840328782933344,8
4,9,0.880032489371741,0.53411915997919,8
6,9,0.809771962236604,-0.213414947690932,8
5,9,0.76766776399032,0.118322262318311,8
1,10,0.980643934145268,0.780920607918041,8
2,10,0.972987099336206,0.879144636070999,8
3,10,0.922117248083778,0.55926118183589,8
4,10,0.874878212422611,0.158620989832995,8
6,10,0.766421733853537,0.203983510942319,8
5,10,0.664731106279126,0.0076550194227669,8
1,11,0.979860858623926,0.966082459132217,8
2,11,0.966752655518869,0.9744488442245,8
3,11,0.918072052728114,0.265805753227268,8
4,11,0.870200349050967,0.612203368695246,8
6,11,0.849128516940556,-0.193891874778297,8
5,11,0.777020088352933,0.795425849486936,8
1,12,0.982024350189688,0.90997152522836,8
2,12,0.974623420651348,0.850731179510507,8
3,12,0.927597185480418,0.60308128603546,8
4,12,0.873282554070147,0.746249437626102,8
6,12,0.843030024334382,-0.0201246217750864,8
5,12,0.783168095250125,0.386376807303453,8
1,13,0.981734170228137,0.996260166040411,8
2,13,0.971866225885672,0.954118381334035,8
3,13,0.924344014785893,0.561466328369177,8
4,13,0.879479100951612,0.622922058060657,8
6,13,0.809486196539113,0.673439409008512,8
5,13,0.756006611918779,0.765138751606184,8
1,14,0.982266025564768,0.61787335674637,8
2,14,0.972107469251664,0.946265584328397,8
3,14,0.922335036446667,-0.00674307205345331,8
4,14,0.888455450403997,0.0326219692304602,8
6,14,0.81071422979314,0.299440228897271,8
5,14,0.765120744493986,0.378884431644471,8
1,15,0.987808345398491,0.801470903239491,8
2,15,0.9738633617565,0.892363307659769,8
3,15,0.913860606805342,0.878591162270867,8
4,15,0.866591380234875,0.948765451777493,8
6,15,0.812761328540766,-0.085506782982198,8
5,15,0.753338131093867,0.487125691636798,8
1,1,0.972999886006986,0.95746933379058,9
2,1,0.960102389086256,0.775048190482274,9
5,1,0.887967155882986,0.52071498582301,9
3,1,0.876781492501719,0.825615759516189,9
6,1,0.791986247525823,0.210157493291007,9
4,1,0.726909458353233,0.373111886882995,9
1,2,0.972675842487293,0.988436329155743,9
2,2,0.952742277655215,0.96010676772972,9
5,2,0.868698587875143,0.331722477562591,9
3,2,0.874278136784225,0.855221443995401,9
6,2,0.769178041350909,0.917367216501777,9
4,2,0.699118053351632,0.761765068064052,9
1,3,0.972319519709586,0.988355617502913,9
2,3,0.959273598841181,0.915122689907386,9
5,3,0.891594583203382,0.594412180674604,9
3,3,0.862986690060061,0.6790769678752,9
6,3,0.787564523699757,-0.100751578308439,9
4,3,0.707674338967055,0.885223563795286,9
1,4,0.974907101074611,0.911382837247858,9
2,4,0.9516325200333,0.980484578656339,9
5,4,0.884886580360453,0.6756650786351,9
3,4,0.834573237952926,0.91107851585796,9
6,4,0.763472750527359,0.48751298945459,9
4,4,0.712601590854625,0.752677998597682,9
1,5,0.972317427836775,0.96873069866978,9
2,5,0.961501612594396,0.845546863757875,9
5,5,0.861760595277873,0.651300102819919,9
3,5,0.875638649690711,0.919533113468282,9
6,5,0.793086226919629,0.0613651785250965,9
4,5,0.717223964789513,0.24583035383984,9
1,6,0.972761346314506,0.972312462349485,9
2,6,0.959264307039725,0.912351242744918,9
5,6,0.871991832234415,0.163822231526001,9
3,6,0.886419745015685,0.665467232928942,9
6,6,0.767629493741141,0.677823502980486,9
4,6,0.742079735377504,0.285713391067981,9
1,7,0.973206738671767,0.947258812408542,9
2,7,0.959932555037162,0.912595663084238,9
5,7,0.872445467237926,-0.0881018367096483,9
3,7,0.87796007926191,0.861138748292898,9
6,7,0.782846435738754,0.0134365402384406,9
4,7,0.709383259837898,0.680508526183938,9
1,8,0.97189950076749,0.985828309960886,9
2,8,0.965969555577219,0.610823423330757,9
5,8,0.894378373634358,0.785219786611864,9
3,8,0.861952514281393,0.866619949495822,9
6,8,0.815733313708237,0.16175646629568,9
4,8,0.75691755979185,-0.0685900880284918,9
1,9,0.977549091907623,0.834233644665333,9
2,9,0.96081726264501,0.83986229856212,9
5,9,0.885178846882674,0.450398078539857,9
3,9,0.886795284050962,0.66901609228843,9
6,9,0.767108705486983,-0.139553070720425,9
4,9,0.751482457288297,0.952996721478172,9
1,10,0.975447658114187,0.970407634014484,9
2,10,0.958748421443131,0.984284928994239,9
5,10,0.871593287527477,0.863018556082368,9
3,10,0.872745345440554,0.940753179180696,9
6,10,0.772310325597906,0.690832738045014,9
4,10,0.712544459234873,0.763708964111407,9
1,11,0.975191895217912,0.235756445219011,9
2,11,0.959296660902523,0.929923238843156,9
5,11,0.866101248391312,0.486813416918592,9
3,11,0.879532587125255,0.830723617324,9
6,11,0.779791186651406,0.591187944107285,9
4,11,0.733036871704235,0.224408984858156,9
1,12,0.973424733401978,0.974255901529475,9
2,12,0.964235974308383,0.848219896743075,9
5,12,0.893027580896677,0.351346559793882,9
3,12,0.861037362528204,0.856191007480446,9
6,12,0.782839412968289,-0.0123449455542722,9
4,12,0.706953095515173,0.669716286596246,9
1,13,0.975770351629312,0.938568708645444,9
2,13,0.965820708594695,0.446731064667557,9
5,13,0.885736036677786,0.64817816989285,9
3,13,0.869567052573235,0.920972518009218,9
6,13,0.768082003931288,0.762871567242236,9
4,13,0.728973279220286,0.606327289565234,9
1,14,0.973755301702279,0.81536491083456,9
2,14,0.953610996332048,0.976607086184723,9
5,14,0.868755575819354,0.39154554170775,9
3,14,0.882473388190724,0.920933777509572,9
6,14,0.763550170499898,0.650063363971443,9
4,14,0.712901295138268,0.726222898796953,9
1,15,0.977604266013912,0.913589308964695,9
2,15,0.960842910413225,0.914418890401842,9
5,15,0.868717124763923,0.78106259554131,9
3,15,0.870277299715361,0.887474408297323,9
6,15,0.769203077076955,0.401299702055219,9
4,15,0.726771991004436,0.0519499867712248,9
1,1,0.943060632496577,0.978810441301728,10
2,1,0.932006283631657,0.967734797678348,10
4,1,0.716984922712374,0.773449052467115,10
3,1,0.739778117049915,0.653323004487996,10
6,1,0.69599986443003,-0.0517067579018772,10
5,1,0.606907985676701,0.0811003399790734,10
1,2,0.94369296451635,0.968708743666378,10
2,2,0.922040659960064,0.961564891053846,10
4,2,0.700447150741308,0.842566096642649,10
3,2,0.723862908832419,0.782642377689334,10
6,2,0.617198730185993,0.57328883310782,10
5,2,0.603913223037591,0.80498007630924,10
1,3,0.944469145177258,0.94304059387404,10
2,3,0.928703883878217,0.964024238427667,10
4,3,0.716530754759504,0.653500226180684,10
3,3,0.741793628413418,0.511573365248655,10
6,3,0.688570886270699,0.0704932616459329,10
5,3,0.600976996893547,0.257123606343303,10
1,4,0.944760496884096,0.942824316407786,10
2,4,0.937365272229457,0.794678018096087,10
4,4,0.715104481119715,0.77564890935108,10
3,4,0.725951325425725,0.689039726911878,10
6,4,0.676970850599453,-0.00728450630276174,10
5,4,0.613774730428047,0.306930764430227,10
1,5,0.945773960787662,0.896243026486595,10
2,5,0.934009542254546,0.85731729876517,10
4,5,0.708658895299929,0.614880111297547,10
3,5,0.725312780014152,0.481282212119716,10
6,5,0.677286403885459,0.774842409718459,10
5,5,0.604718912094318,0.809683313242881,10
1,6,0.942857876174737,0.988061097346572,10
2,6,0.938132158454876,0.658007794748815,10
4,6,0.745885763500335,-0.239781385142504,10
3,6,0.738372663100482,0.906585961922636,10
6,6,0.62950367728936,0.88099811926103,10
5,6,0.667415086104536,0.801913625419846,10
1,7,0.945242124157903,0.947414542296026,10
2,7,0.93645480433442,0.184515540079792,10
4,7,0.720991257667971,0.312479155753177,10
3,7,0.751835916473617,0.611931710183282,10
6,7,0.676614216966162,0.234495605974304,10
5,7,0.611960693948633,0.303686446168625,10
1,8,0.946067278172902,0.881450437978835,10
2,8,0.936980835855262,0.724316921276229,10
4,8,0.757776731715128,0.605307666106964,10
3,8,0.724104138020684,0.637292156303604,10
6,8,0.619000143178089,-0.133489188362375,10
5,8,0.635895537982448,0.300191313906831,10
1,9,0.950486596442135,0.887006005197288,10
2,9,0.933826329809424,0.960530706024325,10
4,9,0.718505368906775,0.726054311417873,10
3,9,0.727183412445109,0.542791689283124,10
6,9,0.604438727609477,0.474005858947336,10
5,9,0.678292477282365,0.722950326452745,10
1,10,0.94242568474697,0.95067743740747,10
2,10,0.936035466922095,0.886590557583972,10
4,10,0.717165484613703,0.648388603437096,10
3,10,0.723128189564311,0.726703675536925,10
6,10,0.662001122416224,0.111767063013214,10
5,10,0.604239455163167,0.629180940507503,10
1,11,0.941294212247114,0.931804464122426,10
2,11,0.93624335558319,0.911142851784423,10
4,11,0.723548358986684,0.872356840420793,10
3,11,0.723525998450531,0.270522743569807,10
6,11,0.638133480006215,-0.111358265159106,10
5,11,0.641102149889022,0.536706267950199,10
1,12,0.943438460072637,0.973410805553034,10
2,12,0.935852452571232,0.75042145528393,10
4,12,0.721044139746259,0.713661929980256,10
3,12,0.738057563597815,0.541259531256582,10
6,12,0.673423232375609,-0.136778459181339,10
5,12,0.621082432813581,0.488565630368687,10
1,13,0.94425929396909,0.83871777149401,10
2,13,0.933240326863576,0.925500253589635,10
4,13,0.735464832030501,0.211102230013955,10
3,13,0.7368001449787,0.393588485473051,10
6,13,0.663380245539841,0.453659760347781,10
5,13,0.65875232479966,0.199735229074054,10
1,14,0.945144582225126,0.894708806310251,10
2,14,0.930813752033579,0.94933569827379,10
4,14,0.716419050008242,0.331078935873557,10
3,14,0.753684805734871,0.341649864596247,10
6,14,0.709560367423267,-0.806591911663382,10
5,14,0.583976643435976,0.683771900016616,10
1,15,0.949444782444513,0.850761304031431,10
2,15,0.93224599565103,0.893581155579423,10
4,15,0.741487422837715,0.396891155253262,10
3,15,0.706343831147353,0.392204077662966,10
6,15,0.687634227219444,0.14417193476239,10
5,15,0.56957855948312,0.660722240154374,10
2,1,0.985622141323966,0.864628040856047,11
1,1,0.985064972303727,0.971827391063714,11
3,1,0.943194638824339,0.893499739528066,11
5,1,0.893988102520636,0.819132579479885,11
4,1,0.85554498125307,0.856376048717492,11
6,1,0.817213199788998,0.44779998726836,11
2,2,0.988924143612028,0.768804606995877,11
1,2,0.986825928099815,0.865617907657676,11
3,2,0.942556704186402,0.755914089826829,11
5,2,0.901678155145257,0.111199367271724,11
4,2,0.857222692949505,0.330133636810886,11
6,2,0.806478430435116,0.200017595117618,11
2,3,0.991524127869377,0.680828890697004,11
1,3,0.986083120685624,0.9655424293068,11
3,3,0.9596685472966,0.242874671406838,11
5,3,0.930483207800761,0.449574214283387,11
4,3,0.858204502068246,-0.201649005678395,11
6,3,0.813067815597873,-0.0503961574818083,11
2,4,0.987158894409235,0.890303715757954,11
1,4,0.984671135852273,0.910467138225326,11
3,4,0.94566520416528,0.728922974425154,11
5,4,0.922575605073537,0.265164864074583,11
4,4,0.872693510531162,0.40268545559185,11
6,4,0.827500001991076,0.0259238938584214,11
2,5,0.988006421326618,0.865774899306786,11
1,5,0.986230903973129,0.881393322377325,11
3,5,0.940945609632979,0.941383820466584,11
5,5,0.902669656337816,0.681633358869595,11
4,5,0.873303196863062,0.507997060454346,11
6,5,0.806487729127082,0.311092884059909,11
2,6,0.98707770838922,0.918132081384085,11
1,6,0.985324622025836,0.944279404171794,11
3,6,0.960864226988855,0.39325086318979,11
5,6,0.906977316293148,0.641272221510803,11
4,6,0.866954379633455,0.35136791840769,11
6,6,0.850919588888559,-0.605819665012485,11
2,7,0.988038205259087,0.709607923818482,11
1,7,0.984167975299144,0.95869425717823,11
3,7,0.944569561994363,0.71780095916168,11
5,7,0.889881042502556,0.869545917076903,11
4,7,0.87155785359494,0.420636680566246,11
6,7,0.809954029917,-0.070722102582791,11
2,8,0.987773866392135,0.802163481102338,11
1,8,0.984486677356254,0.918511473192546,11
3,8,0.95426484308856,0.791903148659228,11
5,8,0.911071436612347,-0.139395997872437,11
4,8,0.883094992811766,0.43661223137414,11
6,8,0.820768600281016,0.366095536271533,11
2,9,0.987139037107212,0.350039517151824,11
1,9,0.985104254733241,0.936140948288806,11
3,9,0.954179036928674,0.695125564232701,11
5,9,0.907086970616187,0.346642666323814,11
4,9,0.855035029379911,0.375636152273305,11
6,9,0.801977498159435,-0.0394337188826054,11
2,10,0.986358751005972,0.798748194625959,11
1,10,0.986095236472901,0.882966854621181,11
3,10,0.946553898699164,0.829845034892869,11
5,10,0.908209973278886,0.378711587421695,11
4,10,0.859167852446004,0.0190819586929038,11
6,10,0.791688335218867,0.645530862449932,11
2,11,0.987852952547357,-0.116602095450894,11
1,11,0.985763516445513,0.876509542953965,11
3,11,0.94394647858886,-0.823531097615722,11
5,11,0.899905546018674,0.33260328148475,11
4,11,0.871080691750503,0.36141672030424,11
6,11,0.801386461500223,0.192333633656852,11
2,12,0.986642923342075,0.468749714505264,11
1,12,0.984320091280519,0.970172898667314,11
3,12,0.948244749715254,0.681198054689226,11
5,12,0.925790410330957,-0.444382306034212,11
4,12,0.868503655402164,0.280520652739079,11
6,12,0.815419426303101,0.307705097608105,11
2,13,0.987756666775805,0.955426325792189,11
1,13,0.987698406007383,0.761457146410205,11
3,13,0.946900264760634,0.78898204622115,11
5,13,0.904807317345692,0.667968548505208,11
4,13,0.849984262932484,0.841558090700585,11
6,13,0.793555602588404,0.638739903329086,11
2,14,0.988176604025069,-0.258869956085366,11
1,14,0.984009175687002,0.932354101331226,11
3,14,0.957129922205603,-0.081982866044132,11
5,14,0.922004848555434,0.294663228355343,11
4,14,0.855507697941707,0.666516464925211,11
6,14,0.818841662398932,-0.474689910804723,11
2,15,0.985977907136397,0.830679833164987,11
1,15,0.983967332599793,0.97704113156399,11
3,15,0.945280991943615,0.949662988800106,11
5,15,0.896257055795409,0.650286468494978,11
4,15,0.877185367760801,0.296919327467057,11
6,15,0.794309346551489,0.50226075810519,11
1,1,0.980165170062197,0.974694708777255,12
2,1,0.97791102721773,0.876707848254729,12
3,1,0.928229396908212,0.68142339638205,12
4,1,0.875643768362085,0.395222483993584,12
5,1,0.871334560511359,0.210902178404849,12
6,1,0.771940379905636,-0.719448431318498,12
1,2,0.981804899528298,0.885554718558021,12
2,2,0.977428691926472,0.884610360884821,12
3,2,0.922132428249178,0.486271564174989,12
4,2,0.885764350849017,0.178288735188087,12
5,2,0.827915603818991,0.266236065791048,12
6,2,0.751661782059373,0.707931733913361,12
1,3,0.979468425839962,0.967165343167028,12
2,3,0.973862752621155,0.969330022127045,12
3,3,0.916283756309823,0.729700290275999,12
4,3,0.864083528556417,0.822276900308393,12
5,3,0.811158002413376,0.811181981456668,12
6,3,0.773521589556967,0.659197781609462,12
1,4,0.988364736565757,0.821977223753465,12
2,4,0.981333311959712,0.804127740751957,12
3,4,0.91389990158653,0.813189955301425,12
4,4,0.872836985780464,0.768209626519549,12
5,4,0.822165441849233,0.856940847672766,12
6,4,0.761868628257867,0.590091753887288,12
1,5,0.981421201107508,0.83351481928292,12
2,5,0.977108466969662,0.90719737591247,12
3,5,0.90767111953344,0.780025219015069,12
4,5,0.903652981558523,0.611651999386346,12
5,5,0.77640287452054,0.907479428860248,12
6,5,0.782773222081867,-0.0439570360244538,12
1,6,0.980940985011766,0.956995492954101,12
2,6,0.973514383117408,0.939642992297198,12
3,6,0.915991769462804,0.797366798429654,12
4,6,0.867591655518228,0.488560639414369,12
5,6,0.825542606120952,0.418736589120416,12
6,6,0.755555910598876,0.290692929050477,12
1,7,0.97853275988894,0.98560418359732,12
2,7,0.974030938737847,0.981990305367166,12
3,7,0.905888664769612,0.845654639834679,12
4,7,0.872503011361448,0.671925844611321,12
5,7,0.819670836499306,0.615950661961556,12
6,7,0.732391596871939,0.748536837262321,12
1,8,0.978980662602557,0.970458317727318,12
2,8,0.979253592951022,0.836485499062159,12
3,8,0.908487665591685,0.685948499798078,12
4,8,0.862674701076309,0.62651217279451,12
5,8,0.814376449930775,0.156550283286404,12
6,8,0.773120815031171,0.0368384752913345,12
1,9,0.980759833180813,0.874994521468504,12
2,9,0.975851604947512,0.863029877977161,12
3,9,0.935951318350742,0.489750338760366,12
4,9,0.874992146835139,-0.267931166164655,12
5,9,0.81232440471313,-0.50348892095945,12
6,9,0.759513349646993,0.166298885114518,12
1,10,0.981161957228856,0.976854791623521,12
2,10,0.974987242168377,0.978351235359863,12
3,10,0.909642783404246,0.856308495230045,12
4,10,0.862120370878525,0.671349814365622,12
5,10,0.808562044373,0.597192015058238,12
6,10,0.769747195756103,0.119034846943789,12
1,11,0.979455542258442,0.931313681764204,12
2,11,0.980237008807599,0.649473247216791,12
3,11,0.906837020884938,0.918620210440833,12
4,11,0.867424963982492,-0.0403753011963066,12
5,11,0.810330352333571,0.631310042646646,12
6,11,0.777365199464912,-0.541239295525732,12
1,12,0.98147429222604,0.947265605100592,12
2,12,0.975843171250975,0.894800079357766,12
3,12,0.909276411231236,0.827682524900139,12
4,12,0.864791909129023,0.818522246249034,12
5,12,0.818597424297616,0.401894101973763,12
6,12,0.760689378552692,0.516941190164868,12
1,13,0.980180042193667,0.928497795753089,12
2,13,0.975611993033538,0.954822901860772,12
3,13,0.904332855755131,0.931348415028258,12
4,13,0.866461397967447,0.584217216145485,12
5,13,0.805364622890873,0.759567989858426,12
6,13,0.784410671251274,-0.641602875960583,12
1,14,0.979869410460642,0.991799762358945,12
2,14,0.976085650338908,0.946185489530428,12
3,14,0.909716708974227,0.836826247834112,12
4,14,0.85968110650054,0.911817332146276,12
5,14,0.812456974922485,0.578815689581178,12
6,14,0.773407310685095,0.0344911910951537,12
1,15,0.980476363536209,0.972541228118305,12
2,15,0.971653327341552,0.981467516477169,12
3,15,0.9080713321328,0.793525798573433,12
4,15,0.867708586888837,0.810388502564312,12
5,15,0.814455998924781,0.527393844478393,12
6,15,0.739181570238216,0.331469975440703,12
1,1,0.972439225439797,0.974735718074385,13
2,1,0.948661435714985,0.910491855670633,13
3,1,0.915713370485918,0.897926618295221,13
5,1,0.850806867228211,0.0593885075067463,13
4,1,0.786046314197934,0.724934952103491,13
6,1,0.669969886772825,0.42725138401194,13
1,2,0.972946049027024,0.884015250129501,13
2,2,0.955974299655508,0.703772404670026,13
3,2,0.914132069631077,0.732905541609554,13
5,2,0.813215158095859,0.560534317359106,13
4,2,0.802476642815213,-0.261022707065954,13
6,2,0.668393544787561,0.230131863531659,13
1,3,0.970831723727769,0.957410081076985,13
2,3,0.952984215074391,0.840188215612914,13
3,3,0.925898675942315,0.57868616636794,13
5,3,0.8145389544976,0.493468169205106,13
4,3,0.797428080190962,0.362764534371128,13
6,3,0.627265734143622,0.572525466242095,13
1,4,0.971766923250865,0.959508114665031,13
2,4,0.954363694221384,0.719986786034539,13
3,4,0.915645601502139,0.787229476701661,13
5,4,0.807301635130481,0.303728757012102,13
4,4,0.774932168352125,0.598759257534182,13
6,4,0.665887956622813,0.165406826969312,13
1,5,0.985744511837729,0.807247879277667,13
2,5,0.955124720685686,0.288329805373778,13
3,5,0.924668701146101,0.795772317333257,13
5,5,0.83525301743204,0.101363006164777,13
4,5,0.797234474941977,0.507589871849229,13
6,5,0.672066655983663,0.253938610508952,13
1,6,0.972158051028717,0.952408131761786,13
2,6,0.9510731857239,0.92081206782523,13
3,6,0.920691444706192,0.709970557167176,13
5,6,0.813680885544023,0.278198176780758,13
4,6,0.806168348657792,-0.223222999921837,13
6,6,0.672067845417231,0.304639561480686,13
1,7,0.971507596670438,0.440678757759841,13
2,7,0.948226179283221,0.968392313764179,13
3,7,0.919472246275445,0.580008952670614,13
5,7,0.809959398664539,0.458641468442377,13
4,7,0.819252924700465,-0.425994625874399,13
6,7,0.667412412985119,0.276405670242987,13
1,8,0.972145408455898,0.925357549613239,13
2,8,0.952536397115842,0.986952229085415,13
3,8,0.908232421646211,0.911012717847681,13
5,8,0.820482666096702,0.498025020975111,13
4,8,0.806480297279934,0.913880253047299,13
6,8,0.668138068057481,-0.15563940920649,13
1,9,0.971593712411894,0.787282581323246,13
2,9,0.955629251325906,0.658283323047658,13
3,9,0.91721394097511,-0.145117718149277,13
5,9,0.823350723976231,0.105309225288215,13
4,9,0.786975712912975,0.869401456601092,13
6,9,0.660489547177272,0.414538897027305,13
1,10,0.971222071162015,0.951411906518718,13
2,10,0.952596073890846,0.685417919962192,13
3,10,0.924147639052425,0.70613225313449,13
5,10,0.813086062622314,0.722808751371575,13
4,10,0.7945591918147,0.895568600225657,13
6,10,0.672170912683453,0.624033244816383,13
1,11,0.971388794955524,0.961667706102493,13
2,11,0.944723132024779,0.980709678184716,13
3,11,0.913539723368646,0.744035962697504,13
5,11,0.82356601564101,0.140765549228763,13
4,11,0.7838386563357,0.639002357909946,13
6,11,0.647414507878595,0.732833568218987,13
1,12,0.970836214194791,0.979320875422582,13
2,12,0.955259349593903,0.493990464328676,13
3,12,0.917072358453879,0.916263037383036,13
5,12,0.85566546058101,0.532635898264857,13
4,12,0.813308110916149,0.738512465864612,13
6,12,0.662281230003828,0.497917069589698,13
1,13,0.970947537288303,0.993501010192247,13
2,13,0.953764483992392,0.63524158870247,13
3,13,0.919763640667173,-0.104467760269661,13
5,13,0.818211821880581,0.391061093293421,13
4,13,0.791677368470652,0.36830871246939,13
6,13,0.678645987211099,-0.161354032568671,13
1,14,0.971175997459442,0.961276389129403,13
2,14,0.952211479820387,0.893842265831046,13
3,14,0.927864414131193,0.832785993570005,13
5,14,0.82155053453349,0.87746836695744,13
4,14,0.809763299320308,-0.095464382208715,13
6,14,0.674997266869677,0.184556461123881,13
1,15,0.97382467602474,0.913430473181081,13
2,15,0.95034562534077,0.909481764464201,13
3,15,0.908555947104386,0.945201412115694,13
5,15,0.823973694968168,0.145380025443197,13
4,15,0.791308695676094,0.647740699153942,13
6,15,0.662356125521233,0.499550434176637,13
1,1,0.958524388161628,0.884161808248959,14
2,1,0.941209735803085,0.809794285772133,14
3,1,0.811594203509135,0.54995829500251,14
4,1,0.77950365928278,0.450393821842137,14
5,1,0.738793266737749,0.458827584572692,14
6,1,0.621551496022007,0.561893832287908,14
1,2,0.955149102018216,0.967636570892053,14
2,2,0.936732893109694,0.954696649250002,14
3,2,0.809965367667303,0.702612546035567,14
4,2,0.736805764849366,0.78328225453862,14
5,2,0.734470684040445,0.556519735310331,14
6,2,0.625576693024879,0.373854095031513,14
1,3,0.950339402009545,0.976556998014844,14
2,3,0.939871131323552,0.912469176258224,14
3,3,0.800270995169354,0.24345378926309,14
4,3,0.783273006011306,0.127050370761531,14
5,3,0.735049439040514,0.0228368393375301,14
6,3,0.617484420742961,-0.114260236682969,14
1,4,0.957212060944941,0.915685413006395,14
2,4,0.940946340542311,0.779910003451704,14
3,4,0.800081031085798,0.748707240770699,14
4,4,0.746708485706135,0.555314312253632,14
5,4,0.760090669384181,0.5212467702179,14
6,4,0.616283276863744,0.605904365046412,14
1,5,0.956492625039802,0.94211024030768,14
2,5,0.946969551104802,0.121218697002648,14
3,5,0.819228996713361,0.368272599366108,14
4,5,0.774197149055193,0.440998264406453,14
5,5,0.73581096694114,0.769865659406786,14
6,5,0.587309228302783,0.33610441636579,14
1,6,0.956511512008814,0.935834961162656,14
2,6,0.929496630837228,0.991973640794225,14
3,6,0.828766030414852,0.664508068278918,14
4,6,0.759831767669485,0.372936240013642,14
5,6,0.762754850086542,0.537662248353726,14
6,6,0.610799188760772,0.412444470116801,14
1,7,0.953928925704831,0.957310488242879,14
2,7,0.945095172533359,0.798382904079389,14
3,7,0.838120849091243,0.424395078203467,14
4,7,0.755515782386366,0.297029044970188,14
5,7,0.765598699531218,0.192389110431032,14
6,7,0.608761034313336,0.411150353057724,14
1,8,0.954939001442143,0.962934682947379,14
2,8,0.939837595669131,0.934393298936217,14
3,8,0.800442310695902,0.959013251206212,14
4,8,0.746084655998461,0.893747897083273,14
5,8,0.745958854223219,0.291328308051347,14
6,8,0.611760940570192,-0.349174520368137,14
1,9,0.962892335547723,0.925063340642537,14
2,9,0.942264510191297,0.422567810995175,14
3,9,0.830713366571186,0.697203447457795,14
4,9,0.778761678834113,0.352104136119293,14
5,9,0.74479352559774,-0.327123204881204,14
6,9,0.637383089358772,0.20791179525581,14
1,10,0.955593604906254,0.893113802618925,14
2,10,0.923165418987943,0.975108787279768,14
3,10,0.806644619853063,0.819452834082051,14
4,10,0.759165059713333,0.747939014513399,14
5,10,0.749251764061288,0.487736449385017,14
6,10,0.632158799272673,0.157511623313842,14
1,11,0.955855922215124,0.935600838103443,14
2,11,0.941491098338274,0.861192607458578,14
3,11,0.80605208681195,0.752520157838444,14
4,11,0.76511484554792,0.218583437962694,14
5,11,0.664019943371762,0.299698765922879,14
6,11,0.637075892083447,0.550992491536741,14
1,12,0.955378495138787,0.942305008396252,14
2,12,0.943012502903936,0.619232287734166,14
3,12,0.808620461662365,0.812706382606165,14
4,12,0.762999978501545,0.553296696579352,14
5,12,0.739326050231165,0.265140254696529,14
6,12,0.628156685529246,-0.0705755441543784,14
1,13,0.952546758956065,0.986623127527628,14
2,13,0.940840282605183,0.766626985620995,14
3,13,0.817289829894678,0.367862095872783,14
4,13,0.756506075410594,0.896545887945157,14
5,13,0.73238595688103,0.808456514453006,14
6,13,0.603589478124989,0.892951306151246,14
1,14,0.956240104607419,0.918591998643893,14
2,14,0.936776372486271,0.974859246769971,14
3,14,0.800704871100184,0.855744639908573,14
4,14,0.756238278616324,0.874437681099401,14
5,14,0.729867216245051,0.608502458183792,14
6,14,0.612910922613583,0.635097444325065,14
1,15,0.958469255688292,0.900090592309343,14
2,15,0.944254914338486,0.610273950896341,14
3,15,0.81535657679983,0.689572740956392,14
4,15,0.760084807077944,0.756860673652382,14
5,15,0.745809023629541,0.310628415464689,14
6,15,0.633053654911651,-0.0511342275768393,14
1,1,0.982464559319894,0.981828663827107,15
2,1,0.967380178233517,0.79226772276118,15
3,1,0.923534374220389,0.823039297639544,15
5,1,0.88990755164976,-0.0176804728583855,15
4,1,0.842802027659146,0.687763979599832,15
6,1,0.756741268513858,0.208001648501478,15
1,2,0.981789509401287,0.989130382069845,15
2,2,0.967813437355552,0.879635184473829,15
3,2,0.914301901138569,0.766605896685023,15
5,2,0.900226708829135,0.744739832485817,15
4,2,0.846463100108568,0.583871160254454,15
6,2,0.746509989889091,-0.0607932751128597,15
1,3,0.98188742936775,0.983494712457789,15
2,3,0.963374651921395,0.841064423623396,15
3,3,0.913349276095586,0.859199668789447,15
5,3,0.887272950672713,0.541620308931529,15
4,3,0.8344458392933,0.838512772369747,15
6,3,0.729795509612555,0.47139104630174,15
1,4,0.984133262257743,0.837927268663154,15
2,4,0.960096783092757,0.956952169765956,15
3,4,0.914339110541108,0.565797489729503,15
5,4,0.882862463004491,0.589828520289456,15
4,4,0.855414579214346,0.445150116119975,15
6,4,0.719084040485452,0.509218371268869,15
1,5,0.981392437686074,0.98686726638736,15
2,5,0.960518335744811,0.957402251870511,15
3,5,0.908997037153426,0.866547336500984,15
5,5,0.855910011206687,0.480516392370787,15
4,5,0.857339455183984,0.67033662475411,15
6,5,0.724365308442463,0.274069929963081,15
1,6,0.982410725678163,0.85341672431964,15
2,6,0.960815825126991,0.918845349536379,15
3,6,0.920988163604793,0.712808105684118,15
5,6,0.876184645726591,0.654056896740569,15
4,6,0.829907911176221,0.683563936486856,15
6,6,0.72103912767955,0.269337342139292,15
1,7,0.981879139185547,0.982047333843341,15
2,7,0.964172341215545,0.655271476345507,15
3,7,0.921633027308854,0.522523182218621,15
5,7,0.859614119289388,0.714311468447904,15
4,7,0.87450343124185,0.643266150883186,15
6,7,0.73024420561966,0.63669307344073,15
1,8,0.983714959914374,0.940625123346296,15
2,8,0.969783959443288,0.789534811797721,15
3,8,0.919673363899365,0.836092920695787,15
5,8,0.888804421773142,0.683093733733752,15
4,8,0.830818677875755,0.866812629644584,15
6,8,0.738789126820357,0.310466396877709,15
1,9,0.981333229894504,0.99029071758672,15
2,9,0.963090062229361,0.884761926783624,15
3,9,0.916866142110922,0.700773530866481,15
5,9,0.88184511819825,0.41167166096465,15
4,9,0.840563634947811,0.653554228170832,15
6,9,0.729865450788729,0.578311275655985,15
1,10,0.982479369360408,0.953747504983856,15
2,10,0.965182033224144,0.128393993835536,15
3,10,0.915790109403552,0.730275087141243,15
5,10,0.879937140550058,-0.400999692076965,15
4,10,0.848336688603616,0.716254496613545,15
6,10,0.762646861577557,0.136741741099169,15
1,11,0.982237199762855,0.927586287829479,15
2,11,0.965727528942852,0.372790169834163,15
3,11,0.938907596793233,0.636858914298181,15
5,11,0.87982717900283,0.679493052184736,15
4,11,0.837241819251002,0.0136174088728688,15
6,11,0.746626189839699,-0.609354616764749,15
1,12,0.988449008466084,0.90021168441633,15
2,12,0.962093613280542,0.951132001695426,15
3,12,0.916040655828702,0.846558800691049,15
5,12,0.886265404253507,0.381252228330189,15
4,12,0.828722373568769,0.811102421890106,15
6,12,0.716072576467365,0.510301210460873,15
1,13,0.982097603129787,0.954484335904307,15
2,13,0.966179765146155,0.897629455397663,15
3,13,0.914759136707631,0.73973805224019,15
5,13,0.881232318942888,0.854603467583218,15
4,13,0.836302400997722,0.341577458196516,15
6,13,0.76055136727034,0.341338553364318,15
1,14,0.98345708495192,0.869234407308364,15
2,14,0.964780074027564,0.59399556140931,15
3,14,0.887733151225483,0.963569759022378,15
5,14,0.851841508134064,0.373051011391876,15
4,14,0.821619235358321,0.763875646701263,15
6,14,0.720213311921641,0.852618016001807,15
1,15,0.979726433705812,0.982207825452892,15
2,15,0.962161831500784,0.569985291728922,15
3,15,0.916215301196951,0.497537946681518,15
5,15,0.887738455634834,0.139595300743448,15
4,15,0.843472364144422,0.395195116984104,15
6,15,0.749803575945193,0.213078520773125,15
1,1,0.976925111076328,0.915361977656842,16
2,1,0.956312632150279,0.967726728512786,16
3,1,0.896659441710088,0.704783515595224,16
4,1,0.806370439746678,0.681904329083489,16
6,1,0.751275851632443,0.471792056731228,16
5,1,0.739314505096558,0.533994176303761,16
1,2,0.976633413230613,0.972050180408335,16
2,2,0.963465984738368,-0.141521097029643,16
3,2,0.905438581019227,0.625835591449452,16
4,2,0.803203610813048,0.448187653540945,16
6,2,0.755736192362297,0.349412972144619,16
5,2,0.731970682805516,0.716453485171207,16
1,3,0.976568138126251,0.961796050797284,16
2,3,0.959891433358881,0.758452978748105,16
3,3,0.887651737322557,0.915027236692721,16
4,3,0.797461378396138,0.301399912731484,16
6,3,0.756287866849571,0.60290783479408,16
5,3,0.75258989309271,0.637016911676235,16
1,4,0.978009427363849,0.794647247643577,16
2,4,0.958147210433434,0.860836965583619,16
3,4,0.895182330788198,0.861332169019776,16
4,4,0.80128334573388,0.418164855011046,16
6,4,0.766111364000322,0.17235964490649,16
5,4,0.749506215913385,0.62234047788869,16
1,5,0.977079079158641,0.932159074056718,16
2,5,0.960070808114286,0.783862312212788,16
3,5,0.890551106971426,0.747132155835375,16
4,5,0.804372196491668,0.605096980796938,16
6,5,0.770428643186382,0.138417373778876,16
5,5,0.723076471179684,0.0510541202380454,16
1,6,0.976225763268091,0.973129422194027,16
2,6,0.961713592000465,0.695251835207337,16
3,6,0.89576773803252,0.668717427684697,16
4,6,0.828553402802344,0.525743639990001,16
6,6,0.781879218932834,0.149169420811442,16
5,6,0.740310407405655,0.247564432151803,16
1,7,0.975740733153206,0.959512386857863,16
2,7,0.959700735864131,0.565727728846848,16
3,7,0.891107204806632,0.820551664716621,16
4,7,0.809373082870446,0.689453962476246,16
6,7,0.753185733494677,0.479209906724311,16
5,7,0.736882916446342,0.515457077394415,16
1,8,0.976286309171535,0.9803820590515,16
2,8,0.957695571925108,0.880043007665113,16
3,8,0.901052267556804,0.821489328895233,16
4,8,0.811385934987899,0.415629636217564,16
6,8,0.763754434892387,0.653102255632143,16
5,8,0.754492715831157,0.182361536398511,16
1,9,0.974349609406493,0.973588649995549,16
2,9,0.950007389113229,0.986228812302899,16
3,9,0.883297498802597,0.821176892129021,16
4,9,0.801264185332157,0.638391094431236,16
6,9,0.769568560134962,0.0317016461061772,16
5,9,0.722500101938713,0.338027067058296,16
1,10,0.975476585252542,0.981332406268118,16
2,10,0.95602517411023,0.949780427327439,16
3,10,0.895992064607185,-0.243737190590096,16
4,10,0.819222108273105,0.157135297357679,16
6,10,0.768037013000234,0.522070932827281,16
5,10,0.736090155702728,0.578705229806546,16
1,11,0.976561896219136,0.882672143938641,16
2,11,0.959991200343868,0.898418078375638,16
3,11,0.899988479121864,0.331587401083488,16
4,11,0.792345975403841,0.495107537713202,16
6,11,0.783253508077778,0.159744746423742,16
5,11,0.736073703803698,-0.486031307010811,16
1,12,0.97615091417085,0.970461402153996,16
2,12,0.956645136027951,0.937793754520177,16
3,12,0.893243347509664,0.859357862947125,16
4,12,0.803050626821064,0.743396093193906,16
6,12,0.74465004853312,0.761428046738202,16
5,12,0.739045012436903,0.745718587269448,16
1,13,0.975929807624212,0.986506392712373,16
2,13,0.956303026560916,0.979413950488836,16
3,13,0.896452919281783,0.699111607052349,16
4,13,0.812428785369691,-0.0935497402910682,16
6,13,0.749138237061935,0.519964609482954,16
5,13,0.7379828980496,-0.117921188276443,16
1,14,0.976806094595912,0.968381530715854,16
2,14,0.95883167003776,0.712068676678673,16
3,14,0.881969279053303,0.95617208863565,16
4,14,0.813283530181696,0.41803076559311,16
6,14,0.755900391173282,0.322899938184339,16
5,14,0.728833457646708,0.58404094802799,16
1,15,0.986178219671565,0.876390344714107,16
2,15,0.957032331274639,0.92443369324288,16
3,15,0.898188237494309,0.407173515717623,16
4,15,0.808034449833418,0.700591513701283,16
6,15,0.777922695996676,-0.0587554942071202,16
5,15,0.751219772374592,0.334747357243765,16
1,1,0.977100087887534,0.981366970647667,17
2,1,0.958371428244741,0.944228725429485,17
4,1,0.873009623341036,0.12624971085485,17
3,1,0.822982551136624,0.754241301581542,17
6,1,0.793096593935183,0.214111394865508,17
5,1,0.737291426828534,0.928920244418324,17
1,2,0.977817654091617,0.871281071854201,17
2,2,0.959492665882999,0.936193468752975,17
4,2,0.864102838767311,0.504909231023174,17
3,2,0.845640973611088,0.115109180439361,17
6,2,0.758193374194921,0.273692983640725,17
5,2,0.653265563360016,0.928246014932563,17
1,3,0.974564842113814,0.989030953944649,17
2,3,0.959714805237538,0.89743513517378,17
4,3,0.852703842718109,0.87396230587248,17
3,3,0.8270161187886,0.904876829496928,17
6,3,0.723482807162794,-0.676761190823268,17
5,3,0.735521084072359,0.583993336781301,17
1,4,0.975723057127565,0.815674801350192,17
2,4,0.958340633003461,0.92815048028161,17
4,4,0.862615399557742,0.552814093705954,17
3,4,0.832490249965192,0.67800995491074,17
6,4,0.726480065197459,0.287702914454249,17
5,4,0.735900136150718,0.574114596513502,17
1,5,0.975640274695254,0.940676580495466,17
2,5,0.956348925331251,0.925099992163888,17
4,5,0.848787891589999,0.797135669524692,17
3,5,0.83511988424436,0.632579645612458,17
6,5,0.753867246688476,0.247156166027361,17
5,5,0.727083168417486,0.482976241058681,17
1,6,0.974732529650211,0.969909207433734,17
2,6,0.963838101236263,0.686746809038808,17
4,6,0.845693940320427,0.859126261908315,17
3,6,0.830819504343301,0.809235037110611,17
6,6,0.707055031741204,0.115610427653017,17
5,6,0.741647121990259,0.547074363658483,17
1,7,0.9762069047189,0.979875824198132,17
2,7,0.963236541188001,0.590052086813976,17
4,7,0.869852371993605,0.158759968978768,17
3,7,0.842089178074003,0.399914771806044,17
6,7,0.73604701843008,0.0422610200205779,17
5,7,0.73665720962204,0.706163566894934,17
1,8,0.976853579372722,0.69650793828087,17
2,8,0.960825864203987,0.716434875416639,17
4,8,0.84916539107363,0.884193171153574,17
3,8,0.84594583949348,0.87059942912532,17
6,8,0.738904578727989,-0.0808767714750864,17
5,8,0.726585948749162,0.594470528139432,17
1,9,0.977383206812902,0.914092559875602,17
2,9,0.959938751428106,0.856953049778499,17
4,9,0.860909696547497,0.547164193731294,17
3,9,0.826441310140534,0.804548901583666,17
6,9,0.715613587204981,0.208320193066034,17
5,9,0.734833033686834,0.906026043223128,17
1,10,0.974696958732323,0.987839271268835,17
2,10,0.959033960512858,0.907615018033399,17
4,10,0.850501614579752,0.825996655222128,17
3,10,0.84428800675703,0.413586697691988,17
6,10,0.777365633653343,-0.383086019664845,17
5,10,0.714099075519252,-0.303264909910993,17
1,11,0.975763952276297,0.96937820694373,17
2,11,0.958583771047746,0.774578079993905,17
4,11,0.886620785020017,0.713562677703798,17
3,11,0.822595811300205,0.909673822701777,17
6,11,0.722868008358315,-0.0218963238491007,17
5,11,0.766864612466485,0.40813570562859,17
1,12,0.97538184382189,0.968624604051862,17
2,12,0.956377866759573,0.960501794553117,17
4,12,0.8592220236671,0.495388149275748,17
3,12,0.824960907499979,0.847425132661549,17
6,12,0.721415249241762,0.016048076813558,17
5,12,0.73223096017935,0.368128342389994,17
1,13,0.974571650036992,0.994138999300381,17
2,13,0.960094191290867,0.867252373267827,17
4,13,0.861620152741885,0.616243099854984,17
3,13,0.829202369638681,0.594248818569637,17
6,13,0.739165835706021,0.0220466331264851,17
5,13,0.724100972243618,0.546662753618443,17
1,14,0.976950993550654,0.824682350077617,17
2,14,0.961277864613473,0.758889261319478,17
4,14,0.858913062661018,0.532834565712088,17
3,14,0.826662124206066,0.747228197752348,17
6,14,0.70571837302051,-0.624869319022314,17
5,14,0.720190166527963,0.829026032995796,17
1,15,0.978129767384061,0.887559676861861,17
2,15,0.955348802678199,0.971599668432495,17
4,15,0.852871602403016,0.57639825499108,17
3,15,0.836858082738708,0.645788372002425,17
6,15,0.689216826847025,0.804251894276396,17
5,15,0.710291483942818,0.803732336714525,17
1,1,0.980079506290382,0.909118072839598,18
2,1,0.959671740080542,0.961490724641121,18
4,1,0.892465276697842,0.596892788369449,18
3,1,0.874999748184527,0.744617433174992,18
6,1,0.727523952986806,-0.0250752594472623,18
5,1,0.686682854811014,0.196096168076186,18
1,2,0.979568612278831,0.985744307451027,18
2,2,0.964151120437356,0.593213788072029,18
4,2,0.893234264419737,0.768333231978117,18
3,2,0.880629060094656,0.631062030943395,18
6,2,0.729173217428969,0.287225946799877,18
5,2,0.672762523807713,0.33402476276821,18
1,3,0.981004575158423,0.971168276485416,18
2,3,0.966292027725065,0.561968813436225,18
4,3,0.913315923626663,0.329292234763344,18
3,3,0.89566801229764,0.745082084476495,18
6,3,0.770112753835181,-0.171578662168762,18
5,3,0.637764677419823,0.554050407415309,18
1,4,0.979931346903485,0.954182831056687,18
2,4,0.963204011490121,0.761286324915167,18
4,4,0.908469728429834,-0.255209594132476,18
3,4,0.872228152756038,0.863195382498842,18
6,4,0.733195131137266,0.203675811451346,18
5,4,0.691479446557862,0.415181842278497,18
1,5,0.980250139480127,0.949963938369295,18
2,5,0.961900701156387,0.884135353097354,18
4,5,0.90274546884736,0.724529858068691,18
3,5,0.877771236813635,0.800798354525394,18
6,5,0.706429249970407,0.052263220225741,18
5,5,0.716218506337474,0.383555952847555,18
1,6,0.979787440540046,0.66290169735122,18
2,6,0.960535198231092,0.955143510582753,18
4,6,0.887968165889058,-0.250723562073231,18
3,6,0.888372697790078,0.630281024240361,18
6,6,0.722678998668919,0.310333977081978,18
5,6,0.677490586868437,0.731804870496283,18
1,7,0.980159912359785,0.956233313625361,18
2,7,0.960543667361118,0.907644844378314,18
4,7,0.884464360759752,0.92882526478301,18
3,7,0.877258500766841,0.906497701781687,18
6,7,0.73004862496157,0.499922314206605,18
5,7,0.680768766457541,0.480595799206567,18
1,8,0.979991722063779,0.981462616361221,18
2,8,0.96153559782008,0.950622669593809,18
4,8,0.893686515601517,0.97912065805249,18
3,8,0.875859942088777,0.855209698142516,18
6,8,0.720237350899048,0.399411560749808,18
5,8,0.66025170099889,0.91278736702838,18
1,9,0.979158042062807,0.960414569611173,18
2,9,0.961910711590975,0.79100410609939,18
4,9,0.899266587624067,-0.203502775963702,18
3,9,0.876457777976918,0.791006048943361,18
6,9,0.734788543622854,-0.000685613851468238,18
5,9,0.696562846310712,0.052090504051776,18
1,10,0.980282091609232,0.955340177194648,18
2,10,0.965852059966199,0.615030992596092,18
4,10,0.894053817252057,0.693142292308469,18
3,10,0.87787843962607,0.0653698185681146,18
6,10,0.742217043355222,-0.0569762718693924,18
5,10,0.688133465282148,-0.014737778714438,18
1,11,0.979886340074741,0.969383446873942,18
2,11,0.957271192725195,0.97183913562881,18
4,11,0.883914511989334,0.892526295596135,18
3,11,0.879819164905388,0.642139940620905,18
6,11,0.722146417329376,0.442784509171895,18
5,11,0.664030264995557,0.784450832600001,18
1,12,0.979677786215394,0.976550983534893,18
2,12,0.961163672071324,0.912349991588706,18
4,12,0.898414458446777,0.865278059093468,18
3,12,0.875140050181571,0.923141919975684,18
6,12,0.723491917271034,0.528210532754233,18
5,12,0.708965664862414,-0.436422046479178,18
1,13,0.97902671614639,0.971892390876393,18
2,13,0.956895008318256,0.964759488518118,18
4,13,0.882291010990345,0.878984574697665,18
3,13,0.87593634179773,0.729251191764624,18
6,13,0.71261639894259,0.90734546888561,18
5,13,0.676353484341756,-0.120063912102509,18
1,14,0.982359883868535,0.945685967740071,18
2,14,0.958707073058559,0.989446737160952,18
4,14,0.889795699990485,0.762279374637697,18
3,14,0.877884046741234,0.855277981709489,18
6,14,0.74766052250533,-0.147846083523794,18
5,14,0.675911913457329,0.166314360128733,18
1,15,0.984937925049572,0.938922296363849,18
2,15,0.961106536213576,0.934747586236032,18
4,15,0.889511656619863,0.879174096905907,18
3,15,0.8732649988519,0.917487175088289,18
6,15,0.742246614542468,0.11844144816244,18
5,15,0.673748769805991,0.630765766636907,18
1,1,0.975569871753996,0.983249804393643,19
2,1,0.96451117233844,0.966631563597371,19
5,1,0.867034185009654,0.44366502506906,19
3,1,0.852979042646678,0.48030953447105,19
6,1,0.790592898582996,0.461060646581486,19
4,1,0.727773214534038,0.816723046090709,19
1,2,0.978069108712353,0.885576012310821,19
2,2,0.967802139769072,0.797214686665276,19
5,2,0.871796393858748,0.212596589609509,19
3,2,0.854946877997874,0.774125996937588,19
6,2,0.80120098409949,0.348275407518894,19
4,2,0.735274170560974,0.418354772467997,19
1,3,0.97760880947434,0.977886594964417,19
2,3,0.967638920475401,0.820274425033377,19
5,3,0.868179771741049,0.532966462156554,19
3,3,0.857026994545362,0.884048399114716,19
6,3,0.798592970183029,-0.53506438317963,19
4,3,0.761079389111277,0.411217923505959,19
1,4,0.97617439852764,0.96438994239988,19
2,4,0.957079749397437,0.989794271072559,19
5,4,0.869361578397958,0.568349756460988,19
3,4,0.855776285353393,0.853859087981792,19
6,4,0.798922009434872,0.445191695529823,19
4,4,0.762421686687127,0.335044404755692,19
1,5,0.979759113917268,0.801481363831715,19
2,5,0.965488172807036,0.968766548422361,19
5,5,0.864370431229414,0.700503091084826,19
3,5,0.85273053220453,0.862464763040711,19
6,5,0.82713240083285,0.481951355269218,19
4,5,0.735304583466115,0.809526134279027,19
1,6,0.977436074346136,0.945424849285925,19
2,6,0.971640505982865,0.502103971613776,19
5,6,0.891877275826427,0.13289975928629,19
3,6,0.879218876384782,0.526786417982452,19
6,6,0.793542458966147,0.423541521051943,19
4,6,0.750496307364798,0.6678466415475,19
1,7,0.978422135243942,0.973808154932163,19
2,7,0.969726972763328,0.798420905876568,19
5,7,0.877226919462,0.57284138825345,19
3,7,0.871160585434781,0.588329738461697,19
6,7,0.804031689827785,-0.208639158307647,19
4,7,0.747029377936777,0.499078728110853,19
1,8,0.981584494527406,0.813677242637524,19
2,8,0.961957624207997,0.973771021687299,19
5,8,0.860496854576985,0.699821087726229,19
3,8,0.86052245776394,0.836551590553933,19
6,8,0.800951075623968,0.635551576945488,19
4,8,0.749801099216605,0.650090989537423,19
1,9,0.979366480826851,0.956146617544223,19
2,9,0.96613853502888,0.349802748381161,19
5,9,0.878116638008177,0.727386461250799,19
3,9,0.848054038948002,0.811905942004133,19
6,9,0.777198391760868,0.499001461701922,19
4,9,0.759852806700377,0.225069653600105,19
1,10,0.978682988394632,0.914974582521904,19
2,10,0.965091491915347,0.927709918937772,19
5,10,0.878374142965359,-0.228987157456749,19
3,10,0.859044372545736,0.626110945261488,19
6,10,0.785100707372132,0.43707784753774,19
4,10,0.741605590567604,0.578338612960722,19
1,11,0.977053152178447,0.970506140389739,19
2,11,0.966171863787128,0.645326275521014,19
5,11,0.869050205173397,0.64959751917681,19
3,11,0.865111936800027,0.147865990255333,19
6,11,0.787993283227811,0.479323646259736,19
4,11,0.749174873427426,-0.398452839397686,19
1,12,0.977264249994488,0.988025965488721,19
2,12,0.969151450522041,0.907608453196227,19
5,12,0.864772750581974,0.603803469869381,19
3,12,0.865961831121292,0.636478260398337,19
6,12,0.786554083734493,0.275501093202782,19
4,12,0.747719716149656,0.579271351841956,19
1,13,0.977228963216801,0.96967890287174,19
2,13,0.966674214249138,0.712450025706691,19
5,13,0.867031311983489,0.665795515845379,19
3,13,0.866181541523051,0.451375277035721,19
6,13,0.793821514365858,0.108367287180102,19
4,13,0.764457928684759,0.604908127422642,19
1,14,0.982805803803002,0.88587963848006,19
2,14,0.963762241941341,0.953093747243758,19
5,14,0.860262497001331,0.647298707710476,19
3,14,0.863841181395958,0.700169585744511,19
6,14,0.78770992464143,0.503014181365029,19
4,14,0.73517427468324,0.836499688795384,19
1,15,0.976933321084864,0.903339622564233,19
2,15,0.965958819248618,0.978862318310789,19
5,15,0.877313752028979,0.277532418643203,19
3,15,0.85222125460394,0.607084944641617,19
6,15,0.797144323331831,0.0651301399724527,19
4,15,0.793638654690263,0.543367851387808,19
1,1,0.953758190868341,0.994836479718717,20
2,1,0.93337391223275,0.96251809815955,20
3,1,0.786704345144015,0.301067426671389,20
4,1,0.670759717010151,0.816029251797821,20
5,1,0.700040693081659,-0.28049393868118,20
6,1,0.630044240804153,0.606606154992505,20
1,2,0.961262416061352,0.936426947516168,20
2,2,0.93408043911207,0.874717220848021,20
3,2,0.759448234664715,0.870218175005598,20
4,2,0.719513600206856,-0.193362873690214,20
5,2,0.675921710376642,0.882702430013451,20
6,2,0.629974816872005,0.397090559028244,20
1,3,0.960103638318981,0.860865776661766,20
2,3,0.932633542381189,0.916822766790494,20
3,3,0.76878961366668,0.527594209244402,20
4,3,0.690496736026958,0.529170757631958,20
5,3,0.674537024262209,0.486270642750609,20
6,3,0.625337313964322,0.718033147650484,20
1,4,0.958802598265316,0.962996661474008,20
2,4,0.923071088657982,0.970074340509823,20
3,4,0.764411307659528,0.222025478460393,20
4,4,0.710520552044011,0.531714964568139,20
5,4,0.654702924753294,0.579838107677245,20
6,4,0.626032956971785,0.829925781622274,20
1,5,0.962101997796921,0.939284056702286,20
2,5,0.924678583414865,0.966935299476459,20
3,5,0.763063782877914,0.424993251372582,20
4,5,0.670229901038043,0.876648445592678,20
5,5,0.676471867692983,0.267500128328737,20
6,5,0.638090453098939,0.606871899786364,20
1,6,0.959492376704367,0.979886462672703,20
2,6,0.937079367168518,0.715666828429906,20
3,6,0.756776153341828,0.926391218470237,20
4,6,0.655805227387789,0.89787641595985,20
5,6,0.692984054718297,0.790421304335018,20
6,6,0.647773250489429,0.793433393813526,20
1,7,0.964091797874197,0.945444225229347,20
2,7,0.936134490910747,0.665357988944176,20
3,7,0.756582568566294,0.938108416751171,20
4,7,0.667583073768674,0.740905999708452,20
5,7,0.687061667591979,0.720654813976494,20
6,7,0.65707420015531,-0.16714168906269,20
1,8,0.955544600421467,0.971548237629376,20
2,8,0.939971321952719,0.708648111533947,20
3,8,0.763324322147584,0.738783668935031,20
4,8,0.685324325160951,0.543591402215125,20
5,8,0.693567724604111,0.636220477328235,20
6,8,0.641430421686111,0.552190628814074,20
1,9,0.95712151520183,0.956800928286727,20
2,9,0.93957311613223,0.886673094928862,20
3,9,0.778608127366332,0.658107962575097,20
4,9,0.684403636691728,0.454470121216926,20
5,9,0.685387563036354,0.65808059440714,20
6,9,0.652562896354516,0.414795387194166,20
1,10,0.957262692912959,0.986744593457933,20
2,10,0.935216781206727,0.930008794289439,20
3,10,0.770303111996878,0.149110699144591,20
4,10,0.685951113586258,0.731751450696177,20
5,10,0.687705344392344,0.197698546556364,20
6,10,0.638606958959875,0.580586224219772,20
1,11,0.965980917506435,0.84699665593106,20
2,11,0.938733006907371,0.874347298104037,20
3,11,0.758865516527584,0.674593341730741,20
4,11,0.70165489493904,-0.148944028591156,20
5,11,0.693033664554073,0.349747906106824,20
6,11,0.641403304541452,0.908609955035971,20
1,12,0.953724200108919,0.996129378520695,20
2,12,0.936616212661638,0.778595325893398,20
3,12,0.77974235081464,0.321318192182122,20
4,12,0.680562413797788,0.755468373909918,20
5,12,0.709759469168467,0.331659751262434,20
6,12,0.651962614414598,0.533488944125687,20
1,13,0.961169777077224,0.961205736044232,20
2,13,0.93934823170347,0.682379440810166,20
3,13,0.77312533893974,0.69333276493976,20
4,13,0.709414354923368,0.215068347894216,20
5,13,0.684474970073565,0.567945631216145,20
6,13,0.668269692913454,-0.238115648103505,20
1,14,0.957223840880348,0.967780107766506,20
2,14,0.934020294854265,0.960049483962252,20
3,14,0.764150626409456,0.583116502276769,20
4,14,0.666807675538926,0.653810137337054,20
5,14,0.70424202753714,0.621942034811396,20
6,14,0.637597092604904,-0.232237340627752,20
1,15,0.961308432649109,0.83294105886821,20
2,15,0.932603339417616,0.946120162706338,20
3,15,0.758695108487261,0.762845031220415,20
4,15,0.6830654051775,0.640392711057172,20
5,15,0.686564806919172,0.658905248375729,20
6,15,0.65328342161614,0.0914809088784403,20
2,1,0.986585297349274,0.9246769666689,21
1,1,0.980794035216097,0.989687476118244,21
4,1,0.935741014603656,-0.303279907042078,21
3,1,0.881458652892487,0.332043843380607,21
6,1,0.82657447922333,-0.446553371212365,21
5,1,0.77920273410831,0.867459154090018,21
2,2,0.98623636453524,0.891879985956811,21
1,2,0.979830078527275,0.995198125414589,21
4,2,0.923432039692323,0.528232097797948,21
3,2,0.87824142659648,0.62277341240973,21
6,2,0.818819008808369,0.526168467613941,21
5,2,0.810299412465421,0.595674842701955,21
2,3,0.983270345860509,0.86940933144927,21
1,3,0.981676182648874,0.945543588760181,21
4,3,0.91815549337995,0.817765222361604,21
3,3,0.878312900707938,0.776201473079293,21
6,3,0.81288229902323,0.32815441501386,21
5,3,0.768885513816131,0.458903287676021,21
2,4,0.986510079995837,0.777996842674467,21
1,4,0.981158970166514,0.962794022894195,21
4,4,0.926058158490327,0.708667267767068,21
3,4,0.872318418930472,0.865792724758195,21
6,4,0.815700866635636,0.435696749429668,21
5,4,0.784314260030021,0.683326457830947,21
2,5,0.986128172379232,0.943308878757352,21
1,5,0.982606964581748,0.923495740329144,21
4,5,0.934294399259927,0.410993907073122,21
3,5,0.899864891504004,0.232978684979746,21
6,5,0.805825133652456,0.539920615156367,21
5,5,0.786941104118451,0.585943101281108,21
2,6,0.992559653658961,0.788710633217495,21
1,6,0.985140798441456,0.82362219305446,21
4,6,0.932926441763463,0.243817276530286,21
3,6,0.902363924874078,0.190591159315013,21
6,6,0.794435116731269,0.322605588943085,21
5,6,0.787699532241074,0.930699750666838,21
2,7,0.984981378660425,0.923773851952468,21
1,7,0.984672747732541,0.960595986126776,21
4,7,0.919079068193899,0.823132692779984,21
3,7,0.882849392839642,0.488775382052087,21
6,7,0.816180387074815,-0.000192261423314561,21
5,7,0.805935939927445,0.745857176253177,21
2,8,0.984765764925679,0.95820704227447,21
1,8,0.983070277838977,0.947214423719299,21
4,8,0.93090242309368,0.193029298427389,21
3,8,0.91024871194543,0.680185981351743,21
6,8,0.815387672539502,0.479356119671562,21
5,8,0.808315083575006,0.224485972771783,21
2,9,0.986010761711292,0.830118956683542,21
1,9,0.982208461344457,0.897348327195743,21
4,9,0.92226431457667,0.782540354217393,21
3,9,0.892761488876161,0.636111064952437,21
6,9,0.875743006894606,-0.224346308910102,21
5,9,0.778898270034436,0.394493820976275,21
2,10,0.983777657345682,0.900005085192429,21
1,10,0.98306645717795,0.996147460111018,21
4,10,0.918784758907126,0.821488850361198,21
3,10,0.882385893959524,0.307355199796511,21
6,10,0.79255512259566,0.183162251134517,21
5,10,0.784424184408531,0.425031853795474,21
2,11,0.985116340813314,0.964896462030667,21
1,11,0.981011097639682,0.980670414741871,21
4,11,0.917152723021106,0.895155939694247,21
3,11,0.89058742977946,0.796247909486965,21
6,11,0.833974449952708,0.0630666814702222,21
5,11,0.805071848054427,0.513663830587118,21
2,12,0.985875825896789,0.943260154625868,21
1,12,0.980416479795264,0.946478187666559,21
4,12,0.920805721535535,0.769570895037225,21
3,12,0.880771902254682,0.650487138424216,21
6,12,0.817767414237018,0.388586927893524,21
5,12,0.798690373335403,0.314376438806899,21
2,13,0.98841343027851,0.65463468692528,21
1,13,0.98215401412279,0.677381895914523,21
4,13,0.93407851985717,-0.43271495763082,21
3,13,0.868456618491963,0.914175390354022,21
6,13,0.835337902395481,-0.358465890816186,21
5,13,0.787307272721323,0.521507822522307,21
2,14,0.983292216620003,0.907027136055537,21
1,14,0.981404577410591,0.905550715345487,21
4,14,0.920034406733168,0.52857463416412,21
3,14,0.881604558086799,0.556056934615079,21
6,14,0.808730355110397,-0.23129278483566,21
5,14,0.787614478740013,0.209189405500367,21
2,15,0.985243632790911,0.891041513945045,21
1,15,0.983589206003177,0.951377170175827,21
4,15,0.918654416199168,0.894573304077052,21
3,15,0.877650606012966,0.8660283443348,21
6,15,0.815540039672758,-0.430939894605522,21
5,15,0.797839768185435,-0.0326949288888935,21
1,1,0.976396543836907,0.914457335724904,22
2,1,0.974365973707283,0.865466919055257,22
4,1,0.904855684513881,0.549591876852714,22
3,1,0.863308896887605,0.706531801933109,22
5,1,0.849453939813154,0.10296068709196,22
6,1,0.712327059569769,0.696619056151959,22
1,2,0.978067910112707,0.904922163874152,22
2,2,0.959235939043864,0.835356316880032,22
4,2,0.90031177126346,0.800721783842753,22
3,2,0.867008847359477,0.161632150218027,22
5,2,0.845276363201088,0.226541147087059,22
6,2,0.746734331833042,-0.296958699851311,22
1,3,0.978244397431956,0.936858288027443,22
2,3,0.96104228748089,0.920417385735568,22
4,3,0.903210460168436,0.672392948769256,22
3,3,0.876291961184624,0.552347935864904,22
5,3,0.84837731445339,-0.0667472719527979,22
6,3,0.765266122843613,0.192083227750699,22
1,4,0.977146665091715,0.948245670761569,22
2,4,0.963531234179839,0.593275981153499,22
4,4,0.910386251647168,0.667349355231208,22
3,4,0.87015034673774,0.819642331461032,22
5,4,0.836805075702958,0.586842272210715,22
6,4,0.721149578233064,0.500766385102605,22
1,5,0.984553641380849,0.887246692502875,22
2,5,0.966289842929133,0.823411568897782,22
4,5,0.907545971085894,0.528197942729541,22
3,5,0.871968058616467,0.229016393250225,22
5,5,0.841976587437239,0.460913226572354,22
6,5,0.737011485976214,0.181325940890793,22
1,6,0.976083055555944,0.96347769314709,22
2,6,0.960792220599681,0.986690477912312,22
4,6,0.90760895352063,0.734465901813437,22
3,6,0.858321242672809,0.852489440478762,22
5,6,0.841550524264035,0.36661700081382,22
6,6,0.765627156457397,-0.394009806980464,22
1,7,0.978800215333322,0.894728542860047,22
2,7,0.962458551146678,0.866745331441661,22
4,7,0.912469410810675,0.207077642411195,22
3,7,0.860506633536409,0.176084359457616,22
5,7,0.811515584162523,0.251961368964408,22
6,7,0.700452898000989,0.7720804656844,22
1,8,0.976858958353092,0.974554612515864,22
2,8,0.959607987532772,0.9522307837226,22
4,8,0.927212110469519,0.330472727510424,22
3,8,0.864284736613134,0.498546786417898,22
5,8,0.842123053199583,0.036811160668617,22
6,8,0.730652253093702,0.460399310058405,22
1,9,0.976892452403733,0.967798646468934,22
2,9,0.963311195596845,0.826619240890229,22
4,9,0.905184821788866,0.8222983523124,22
3,9,0.862119733655611,0.878347944181108,22
5,9,0.839253290461617,0.954063166645051,22
6,9,0.699892519948437,0.70412329711018,22
1,10,0.976132763310761,0.860922463641578,22
2,10,0.955960490720395,0.970448303076411,22
4,10,0.916252137192311,0.429313653061402,22
3,10,0.899125631975233,0.540028039845652,22
5,10,0.841708867009201,0.393380284670551,22
6,10,0.766029337073424,-0.00120313490109186,22
1,11,0.979148726602265,0.833520571544934,22
2,11,0.961215627580828,0.46646366471968,22
4,11,0.916268287463918,0.00613641605759829,22
3,11,0.855670864411695,0.826350567386998,22
5,11,0.830327963700312,0.793078840673035,22
6,11,0.714620983101973,0.675153453810527,22
1,12,0.976232777056125,0.975465941682075,22
2,12,0.963390195258249,0.86804899216202,22
4,12,0.901117501317332,0.901178639777751,22
3,12,0.869282588342764,0.707204360072607,22
5,12,0.835094692639535,0.920188145577034,22
6,12,0.739021905996569,0.242155117364782,22
1,13,0.977287196700326,0.771080185301936,22
2,13,0.963601963546936,0.758809054720974,22
4,13,0.908534877160635,0.0261960388183877,22
3,13,0.863246655989056,0.841082395423388,22
5,13,0.835157153799851,0.592897271179509,22
6,13,0.743479349515473,-0.314645034465073,22
1,14,0.98048968968194,0.925116079784165,22
2,14,0.962641892070795,0.881376159526032,22
4,14,0.922178913245908,0.646225479018938,22
3,14,0.885009584175113,0.384555843767365,22
5,14,0.847097538044664,0.455072846001814,22
6,14,0.73585897471022,0.15779511436368,22
1,15,0.976959511264165,0.80106237945036,22
2,15,0.962728573736373,0.733328227087699,22
4,15,0.906550135413579,0.28823961584903,22
3,15,0.863129227616067,0.789660786005516,22
5,15,0.83531027278398,0.789710789533751,22
6,15,0.725903415930802,0.539027251438294,22
1,1,0.976380515854015,0.890450143517286,23
2,1,0.946016645981821,0.965591888888544,23
3,1,0.822211325637534,0.931781430836046,23
4,1,0.795451236355216,0.664507735674619,23
6,1,0.742075744096171,-0.175527927086842,23
5,1,0.617229507658093,0.533078914296879,23
1,2,0.971657445142954,0.925575819220523,23
2,2,0.948531967682539,0.974246381802785,23
3,2,0.827245461444413,0.7481165996178,23
4,2,0.794575502689166,0.905258736362,23
6,2,0.770643581906566,-0.289476502071843,23
5,2,0.694263360923442,0.331699687908372,23
1,3,0.970904142988025,0.958522969536605,23
2,3,0.953521114169776,0.961516802695178,23
3,3,0.825693420306898,0.910201150510932,23
4,3,0.809660647345926,0.543494448453615,23
6,3,0.693670913235242,0.385924611863556,23
5,3,0.684496865702444,0.419710106865853,23
1,4,0.970555619804959,0.948030166112943,23
2,4,0.956009145216334,0.827100054212933,23
3,4,0.829738242109755,0.818427865742804,23
4,4,0.823102909409642,0.0225762150369572,23
6,4,0.686239669353369,0.484115288636976,23
5,4,0.671839800783681,0.661418411412896,23
1,5,0.970176790522132,0.977491828087028,23
2,5,0.962721277665526,0.136862869984506,23
3,5,0.827623045790585,0.861397351988581,23
4,5,0.791428927475429,0.96465139393527,23
6,5,0.706917678941759,0.330209168009922,23
5,5,0.686627117438093,0.435038020871039,23
1,6,0.970069359367731,0.950160443512794,23
2,6,0.950903458714915,0.928355843189311,23
3,6,0.825633368225713,0.795262843926093,23
4,6,0.803481289899405,0.723943326401988,23
6,6,0.703808958873313,-0.589003484389575,23
5,6,0.68418918584494,0.722208927124771,23
1,7,0.976111572739847,0.885074937421858,23
2,7,0.954989576265307,0.764230044642219,23
3,7,0.828865979402491,0.816388097051936,23
4,7,0.798203663888304,0.81643291787978,23
6,7,0.694148143055637,-0.174791471555,23
5,7,0.684500394811091,0.240357693918909,23
1,8,0.972392989548423,0.938837960018403,23
2,8,0.962646652379563,0.589620034808744,23
3,8,0.846630679549529,0.040582671770837,23
4,8,0.80823553092514,0.498602076941608,23
6,8,0.737226717828086,-0.291177932307355,23
5,8,0.691485679430121,0.838373939952059,23
1,9,0.96919928144311,0.954643826436784,23
2,9,0.947667825952256,0.982647017572236,23
3,9,0.844316240430848,0.384479557460798,23
4,9,0.79228002937786,0.820362416161055,23
6,9,0.709758311405859,0.178192925424465,23
5,9,0.679802345979369,0.803687846853029,23
1,10,0.969362569566859,0.996316280777539,23
2,10,0.956426113664009,0.911818042124066,23
3,10,0.833662433945616,0.501098275207204,23
4,10,0.811808393563657,0.632537783909323,23
6,10,0.707408043412171,-0.447512006544818,23
5,10,0.680902082732986,0.0231443986220025,23
1,11,0.971052915963655,0.975672079125775,23
2,11,0.958180329296075,0.802294584195767,23
3,11,0.847594710795448,0.255268840120659,23
4,11,0.814296027973964,-0.273650958254533,23
6,11,0.697664641899295,-0.205524389126791,23
5,11,0.665372402859256,0.727163296899222,23
1,12,0.973093809880357,0.912081678653121,23
2,12,0.960032259477234,0.412298126143144,23
3,12,0.837555820498853,0.543472705706582,23
4,12,0.81090514005352,0.518189417740475,23
6,12,0.716606554605987,-0.0127068914560048,23
5,12,0.674794945949854,0.761376063108776,23
1,13,0.969337203248491,0.981106744882752,23
2,13,0.960769555609758,0.797161844974387,23
3,13,0.835366116379701,0.63398564527111,23
4,13,0.812527253050503,0.758370167848751,23
6,13,0.694572079468227,0.093972567163057,23
5,13,0.693510306980038,0.460791433473198,23
1,14,0.974471609300063,0.911956822210953,23
2,14,0.954886056242273,0.763286952357609,23
3,14,0.878553641207411,0.216192734872907,23
4,14,0.836699177789852,0.146579376861518,23
6,14,0.697526960844415,-0.344761194340072,23
5,14,0.687399078858108,-0.0254169472450517,23
1,15,0.972062037739471,0.929625121811081,23
2,15,0.956013507524223,0.859579410799227,23
3,15,0.823041062415699,0.888479189460682,23
4,15,0.809383012474267,0.519384599782477,23
6,15,0.686869499218943,0.705912440700594,23
5,15,0.681455976583525,0.421888574967017,23
1,1,0.940706204110424,0.806897208477115,24
3,1,0.868317456828825,0.977862182615118,24
4,1,0.763994265008807,0.74468827696407,24
2,1,0.759948251298593,0.408652254692673,24
5,1,0.553635291133121,0.202258880510231,24
6,1,0.53822078984833,-0.2319603999049,24
1,2,0.936856603466932,0.918938683239113,24
3,2,0.896040504115166,0.819408339052551,24
4,2,0.751815362383589,0.734672696477248,24
2,2,0.765601880750188,0.641738987549538,24
5,2,0.548175148876691,0.405193629684727,24
6,2,0.481736433976476,0.0598470358857748,24
1,3,0.934975899565618,0.977702448986247,24
3,3,0.877104976190915,0.965457487170643,24
4,3,0.752651756503048,0.792689260748749,24
2,3,0.755748735035892,0.79214178561633,24
5,3,0.566998888287125,0.575235595594918,24
6,3,0.469941807326692,0.0191492180037277,24
1,4,0.935620407471932,0.932920886452505,24
3,4,0.903570771988429,-0.0241907380869348,24
4,4,0.776709437701417,0.665846890979411,24
2,4,0.768990643574282,0.381072765587898,24
5,4,0.564701273773297,0.455976582960194,24
6,4,0.466255750458696,0.0459823732195098,24
1,5,0.923482935168337,0.952778539311801,24
3,5,0.904421437201243,0.525531403578977,24
4,5,0.778013528402051,-0.477371564021811,24
2,5,0.745922982090451,0.861072059286517,24
5,5,0.567545172356572,0.0643036313455797,24
6,5,0.471965813793707,-0.609389970988252,24
1,6,0.93098254429282,0.989696014490397,24
3,6,0.895518082920907,0.806359267353658,24
4,6,0.754701481569075,0.569813891660671,24
2,6,0.760799754155804,0.615260034926297,24
5,6,0.563334483632401,0.152349306591139,24
6,6,0.416883812123601,0.589256731137002,24
1,7,0.944226966068273,0.823016802914031,24
3,7,0.892724178729325,0.94079676811358,24
4,7,0.742905305162892,0.837708012832491,24
2,7,0.753804827579704,0.948124735144041,24
5,7,0.552399644257068,0.17927198035123,24
6,7,0.496212091313689,-0.328156034849234,24
1,8,0.935973025248766,0.92209953739135,24
3,8,0.895196692163207,0.640159983685232,24
4,8,0.760093303716619,0.505261689429455,24
2,8,0.759910297314431,0.750587068473054,24
5,8,0.543907774733218,0.630629190523352,24
6,8,0.449639314687985,-0.432224002998444,24
1,9,0.937243794328801,0.806846413195915,24
3,9,0.896891612879693,0.77646921632082,24
4,9,0.751550769997327,0.541171907559687,24
2,9,0.749207256188008,0.858193823979254,24
5,9,0.540712191007449,0.383203201635922,24
6,9,0.470450606822801,0.713390721114641,24
1,10,0.941090358576682,0.748201545998459,24
3,10,0.895488904739564,0.839434600377838,24
4,10,0.74307501170752,0.810566873812149,24
2,10,0.778639102069691,0.502321483944592,24
5,10,0.54968646019056,0.382234397591119,24
6,10,0.446166660577686,-0.0307763283691356,24
1,11,0.936281563931505,0.743859796893318,24
3,11,0.885616819214442,0.958052226842154,24
4,11,0.748625473759085,0.782028526501347,24
2,11,0.757793318702966,0.758778965253379,24
5,11,0.544907891572945,-0.00474591665820737,24
6,11,0.475171503354046,-0.17786305345848,24
1,12,0.932947142315753,0.969562237521724,24
3,12,0.896832982954368,0.756658680817156,24
4,12,0.751457322524898,0.605722736916065,24
2,12,0.760457497282007,0.854772278617468,24
5,12,0.564658017207335,0.363766336156632,24
6,12,0.45926682367046,0.175102172582307,24
1,13,0.934483567740576,0.955463882394373,24
3,13,0.896408512374361,0.560556735335444,24
4,13,0.756719153816137,0.32186396058368,24
2,13,0.760483508145696,0.842345840023402,24
5,13,0.555271871495783,0.563054315248131,24
6,13,0.442617221348832,0.193190892635941,24
1,14,0.936794128609728,0.980744711975808,24
3,14,0.906224361630795,-0.319964418195801,24
4,14,0.765109482071153,0.437064820208267,24
2,14,0.762614919029979,0.669631782780654,24
5,14,0.539069919853498,0.552789263739581,24
6,14,0.498438586169721,-0.312247030154284,24
1,15,0.934297509726894,0.981828951443893,24
3,15,0.901106651063853,0.878974679758352,24
4,15,0.760019936760719,0.408149034090217,24
2,15,0.725932068449779,0.911303894049981,24
5,15,0.585242238652703,-0.467660161284544,24
6,15,0.495571740232556,-0.681001766574467,24
2,1,0.944982909925122,0.784613359506154,25
1,1,0.957174714577775,0.519371766119884,25
4,1,0.818793935834251,0.444906454920952,25
3,1,0.76415452250263,0.949854993414465,25
5,1,0.667894095761912,0.00739854994880141,25
6,1,0.554220293006097,0.392326511097512,25
2,2,0.937507018792284,0.946008531672676,25
1,2,0.940477040386984,0.866040159250341,25
4,2,0.739808318741228,0.574839006070739,25
3,2,0.756984369394384,0.848013419098209,25
5,2,0.682559940831109,0.841107816677767,25
6,2,0.540398140726847,0.38066514515323,25
2,3,0.94420444201466,0.827394383671986,25
1,3,0.936198478262417,0.966918277927306,25
4,3,0.751899353428846,0.503738369137554,25
3,3,0.7933108923242,0.859128563157834,25
5,3,0.630500570112383,0.57092843802944,25
6,3,0.56129033794228,0.25320838071611,25
2,4,0.93566373095876,0.958724846923719,25
1,4,0.942972381348701,0.962235629215326,25
4,4,0.754621094760821,0.518451943338324,25
3,4,0.775950620266981,0.664504039261672,25
5,4,0.65470547664318,0.369557841472297,25
6,4,0.55046596666708,0.50835792381562,25
2,5,0.937403268316538,0.935904042189822,25
1,5,0.937191564980457,0.931812228165192,25
4,5,0.754547322634411,0.111341968487608,25
3,5,0.778453593956626,0.736567609239433,25
5,5,0.678940835005936,0.119467319825501,25
6,5,0.572534862425301,0.029394241552945,25
2,6,0.939375671136803,0.584176679293394,25
1,6,0.940604641034918,0.831218128200476,25
4,6,0.759425842099867,0.390759082089871,25
3,6,0.755094021448523,0.67781203627855,25
5,6,0.670918221851622,0.791218856668309,25
6,6,0.559003540203665,0.278751857021395,25
2,7,0.938011205516137,0.88075079577853,25
1,7,0.939903762993417,0.924595241169409,25
4,7,0.782281912054998,-0.061259704639769,25
3,7,0.736101414520209,0.805937656174404,25
5,7,0.667945644743414,0.358417451885822,25
6,7,0.531176853202263,0.461137187397142,25
2,8,0.932907770832832,0.983805716037385,25
1,8,0.941772454683148,0.939303829173592,25
4,8,0.759150232365058,0.61818005385494,25
3,8,0.76951967553417,0.954374397088146,25
5,8,0.662118146367822,0.366352372977842,25
6,8,0.554038807715712,-0.182824272776625,25
2,9,0.938898113216305,0.934449902802136,25
1,9,0.934296736264457,0.956371592862511,25
4,9,0.756403953489928,0.654005894296072,25
3,9,0.759012101892613,0.902555448626914,25
5,9,0.638075298757593,0.763737991094139,25
6,9,0.543770567799139,0.58540020334714,25
2,10,0.940026549473998,0.850377514369415,25
1,10,0.93889936760521,0.953509757116921,25
4,10,0.745439661077421,0.758808068191582,25
3,10,0.776190418470047,0.444430310630824,25
5,10,0.667463527228364,0.540391296438378,25
6,10,0.545251731667045,0.337519396277258,25
2,11,0.942092358415517,0.793084475984215,25
1,11,0.930579140862018,0.986388112691726,25
4,11,0.751886889067678,0.620204547911245,25
3,11,0.774738525604775,0.713381890777816,25
5,11,0.64678246415888,0.609235716614863,25
6,11,0.544222937070061,0.484246690339689,25
2,12,0.935303551928095,0.978819136932624,25
1,12,0.940622794544347,0.846461207205958,25
4,12,0.743623274436264,0.77784702452067,25
3,12,0.786176963815895,0.833971102227075,25
5,12,0.653777025337906,0.410564349632477,25
6,12,0.543621470184154,-0.0592476376429962,25
2,13,0.939127205246238,0.682331432305405,25
1,13,0.939386304091279,0.938644028189097,25
4,13,0.756964284833704,0.719953430491463,25
3,13,0.757399390706131,0.852152669500181,25
5,13,0.664334690048331,0.569152198614679,25
6,13,0.550955849984408,0.721456624389454,25
2,14,0.936503117169816,0.983144911517942,25
1,14,0.940936935425173,0.898414357183401,25
4,14,0.796486926114239,-0.295296261569556,25
3,14,0.758527718495448,0.878323632546559,25
5,14,0.670923811154978,-0.27444663113154,25
6,14,0.527932510995993,0.529933721103271,25
2,15,0.937188222821723,0.945734513602547,25
1,15,0.941045764278863,0.880813237596751,25
4,15,0.752497015472726,0.306752514989026,25
3,15,0.781250676761199,0.289570271635017,25
5,15,0.671720098883269,-0.0428760834120479,25
6,15,0.5522523847448,0.0967804930386129,25
1,1,0.977558348196508,0.82865545366096,26
2,1,0.958767864115712,0.938073854833615,26
4,1,0.88771236098962,0.626485537775193,26
3,1,0.856862995214425,0.801369538712662,26
6,1,0.777972166177848,0.20185367835589,26
5,1,0.745383148224727,0.00972773228724906,26
1,2,0.975589813985049,0.916522708949316,26
2,2,0.963971770107173,0.946550448289761,26
4,2,0.896091857110741,0.310631012590053,26
3,2,0.86400935482174,0.810305948838614,26
6,2,0.778364224338517,0.401433875432119,26
5,2,0.71689418577909,0.482069634711535,26
1,3,0.976288824821883,0.927851805217017,26
2,3,0.957574598201015,0.948561868327001,26
4,3,0.870241516580018,0.840061703660413,26
3,3,0.864764005475956,0.909306631381899,26
6,3,0.768817656755364,0.54229601219392,26
5,3,0.725675256224413,0.207969204505355,26
1,4,0.974255956419106,0.987881990533048,26
2,4,0.964640907919471,0.671820837616238,26
4,4,0.883415670053371,0.735773298314325,26
3,4,0.867644839017083,0.626111174298658,26
6,4,0.782685671610292,0.341596153533206,26
5,4,0.725260572710563,0.237398711445973,26
1,5,0.976354574900955,0.905733094325431,26
2,5,0.961744111281951,0.833740102146052,26
4,5,0.906687918506744,0.284812409542712,26
3,5,0.873369667881969,0.792254903641013,26
6,5,0.796444102833438,-0.174728082357194,26
5,5,0.743281685990468,-0.0821846446775344,26
1,6,0.975802891415865,0.955302083742903,26
2,6,0.960331469710953,0.911704385844757,26
4,6,0.891516114184557,0.494404007045927,26
3,6,0.873596002603302,0.641377490486448,26
6,6,0.766996602367674,0.207655510440534,26
5,6,0.737293631766883,0.174710611795745,26
1,7,0.975004049909724,0.920598596242307,26
2,7,0.949377427329088,0.986470085499533,26
4,7,0.892117485576061,0.517060573459736,26
3,7,0.862965331206003,0.765420206908493,26
6,7,0.785407518548827,0.348855728038325,26
5,7,0.736176426868296,0.488953568177649,26
1,8,0.981143082772555,0.881971708453532,26
2,8,0.959794199454953,0.656653071112525,26
4,8,0.874426549652155,0.559699501225656,26
3,8,0.871303980199746,0.50431185882054,26
6,8,0.793868809457417,0.118003654293672,26
5,8,0.730593764632073,0.313100355113417,26
1,9,0.974486326189759,0.951247892508626,26
2,9,0.959148166224508,0.897706123269311,26
4,9,0.890228488643895,0.450928322832887,26
3,9,0.854418234145108,0.817807870120264,26
6,9,0.762164547504772,0.742617026299763,26
5,9,0.70720064582359,0.714148266361392,26
1,10,0.974913813623542,0.945824436729279,26
2,10,0.962338137665423,0.750997620873264,26
4,10,0.899410340618565,0.280147877586082,26
3,10,0.865228663230403,0.668359116230925,26
6,10,0.781391558537814,0.158172327401455,26
5,10,0.66283493961187,0.896869080158493,26
1,11,0.974671843850887,0.95004887518589,26
2,11,0.960025350489543,0.924522452576527,26
4,11,0.884591802242551,-0.304692209131597,26
3,11,0.866815369560151,0.278094785183062,26
6,11,0.778537632215401,0.265513988570077,26
5,11,0.730376260202014,0.400875767806915,26
1,12,0.974294006054839,0.975225393020403,26
2,12,0.956323268051158,0.995208663592195,26
4,12,0.888671574925134,0.843211694355561,26
3,12,0.858935856012404,0.654965030454094,26
6,12,0.768030052922832,0.599202958827976,26
5,12,0.715331643021666,0.431864300456148,26
1,13,0.974279688175524,0.991615308194177,26
2,13,0.961198677105973,0.880768593646599,26
4,13,0.898804881507615,0.607870917355346,26
3,13,0.853180326057483,0.927841014361964,26
6,13,0.762443852897403,0.700779079684738,26
5,13,0.713610754090816,0.549433765638127,26
1,14,0.97864617419072,0.798723622796037,26
2,14,0.958757722957304,0.968933464891792,26
4,14,0.891844332095958,0.728420012909323,26
3,14,0.856151414220546,0.816533881788848,26
6,14,0.782041453627356,0.467542139604725,26
5,14,0.733435197512991,0.292236688866059,26
1,15,0.975429089200531,0.977548909195584,26
2,15,0.96371417848673,0.69840664871955,26
4,15,0.867143898649365,0.771366373446603,26
3,15,0.865826408200736,0.965064179163714,26
6,15,0.779586047742658,-0.43987847162368,26
5,15,0.720604544662426,0.716432688080422,26
1,1,0.979455015613726,0.95071698628515,27
2,1,0.977842405292112,0.141508251026225,27
4,1,0.924957045227342,0.701586835505233,27
3,1,0.900845150787722,0.970462605325303,27
6,1,0.837203591801355,0.767764820217087,27
5,1,0.79151842401009,0.480075928059239,27
1,2,0.978868337021994,0.967313299405979,27
2,2,0.979677817946222,0.333978049118305,27
4,2,0.930965421398823,0.152184104101855,27
3,2,0.922950504501798,0.40139622975582,27
6,2,0.837986624507634,0.824963058072768,27
5,2,0.786410995999949,0.511668816045466,27
1,3,0.98207241830818,0.894600253738792,27
2,3,0.975735769221955,0.825496835836229,27
4,3,0.917586397861734,0.649525954319412,27
3,3,0.909898210470734,0.668982917673226,27
6,3,0.838878749809194,0.734471885493847,27
5,3,0.793225153762834,0.67164486545178,27
1,4,0.980695727095585,0.927629372613021,27
2,4,0.966528515809398,0.976354977609501,27
4,4,0.936907958003631,0.252182943789277,27
3,4,0.915784692510404,0.160105746912059,27
6,4,0.833276612315202,0.913804809068881,27
5,4,0.801124475273775,0.134865407102455,27
1,5,0.983073082603402,0.867293071443019,27
2,5,0.980366306112523,0.479196148675236,27
4,5,0.919239266214305,0.626601972685083,27
3,5,0.894768150392012,0.899002031676869,27
6,5,0.842439661263963,0.438615125732832,27
5,5,0.810883351922356,0.554245631957231,27
1,6,0.98076345372762,0.962996288432012,27
2,6,0.973083210252257,0.76430380563607,27
4,6,0.909507277773739,0.936046469207805,27
3,6,0.907655741495847,0.911084090444907,27
6,6,0.852584500642786,0.158612833121682,27
5,6,0.788801377972522,0.952820679177852,27
1,7,0.979960123452735,0.96384605395819,27
2,7,0.975904207120525,0.667181678998283,27
4,7,0.918384691378631,0.24470976390824,27
3,7,0.913477309646494,0.62403890448936,27
6,7,0.860992400510342,0.132084962588418,27
5,7,0.827018363973997,-0.400635990988481,27
1,8,0.980006908406211,0.954677769339834,27
2,8,0.975085855550965,0.829400638924825,27
4,8,0.93081550008886,0.743179660963747,27
3,8,0.90217449996633,0.93734089380151,27
6,8,0.860924217100594,-0.228232860508036,27
5,8,0.796055351115591,0.432589598404967,27
1,9,0.980244315045928,0.677207022113367,27
2,9,0.971711850987243,0.97291618209263,27
4,9,0.924263966027826,0.446611753826478,27
3,9,0.902092333069022,0.886455537401426,27
6,9,0.831967528242622,0.743923585177915,27
5,9,0.790542231080411,0.666484261864915,27
1,10,0.979262026622163,0.959088545143655,27
2,10,0.970527303372589,0.941216285332492,27
4,10,0.925458591706834,0.513010416180833,27
3,10,0.919655791779771,-0.429127296995578,27
6,10,0.855954452945284,-0.435008038870145,27
5,10,0.828872706105597,0.762175177416818,27
1,11,0.986157381910321,0.822029616000895,27
2,11,0.976142350546339,0.835935737671491,27
4,11,0.915987318724999,0.809403018560669,27
3,11,0.917824731570385,0.430720793286661,27
6,11,0.858356961274566,-0.437560677701188,27
5,11,0.80510822765822,0.70922526799061,27
1,12,0.980039046337586,0.857659250236026,27
2,12,0.973558854051614,0.923137242800659,27
4,12,0.928414572524115,0.0447831530873367,27
3,12,0.915619099399066,0.737641201164077,27
6,12,0.833748108049102,0.785857927086243,27
5,12,0.816717827921376,-0.187074853424423,27
1,13,0.980252023328516,0.896280605247336,27
2,13,0.968967044358875,0.988603288441516,27
4,13,0.916278004422874,0.717134661610114,27
3,13,0.911742674634219,0.608280589035631,27
6,13,0.84399899313137,0.716233762292307,27
5,13,0.80200463732304,0.166180022969381,27
1,14,0.979731521420317,0.974029585970175,27
2,14,0.971999724843765,0.986681446058191,27
4,14,0.926665627108243,0.594881166590204,27
3,14,0.908951682275269,0.750503263801415,27
6,14,0.849641141042451,0.704302943932144,27
5,14,0.789070958153408,0.829230358044451,27
1,15,0.98177043893898,0.93423629670874,27
2,15,0.973845652606928,0.922021040010472,27
4,15,0.922501539328391,0.602194334567415,27
3,15,0.921168443877257,-0.146784581833997,27
6,15,0.847110123097345,0.260084394078992,27
5,15,0.817475329189918,0.415806466828992,27
1,1,0.979973921806184,0.939244266868524,28
2,1,0.968079925167707,0.701828648603756,28
4,1,0.892346277377018,0.484293675839396,28
3,1,0.88940431371979,0.81856762638483,28
6,1,0.845556323843736,0.516189317723542,28
5,1,0.749733158227209,0.68737505047892,28
1,2,0.981201922777136,0.817944175410127,28
2,2,0.967183200272561,0.91410593066658,28
4,2,0.8917862847395,0.585394333401599,28
3,2,0.878116727642621,0.709353070085659,28
6,2,0.833215946873667,0.910817171827835,28
5,2,0.728933331950595,0.565066124464842,28
1,3,0.979169668290276,0.385221257374484,28
2,3,0.970710251308129,0.537482788661989,28
4,3,0.898452867067856,0.387350434255294,28
3,3,0.883388813523007,0.466375998100482,28
6,3,0.860745672983486,0.208473655085762,28
5,3,0.758494888435505,0.612305656101919,28
1,4,0.98041321860764,0.959430092572401,28
2,4,0.973467078191052,0.828510862623762,28
4,4,0.893043654780802,0.276865152406194,28
3,4,0.880502081715926,0.555268047928768,28
6,4,0.846586943054599,0.437399218633238,28
5,4,0.780414951537154,-0.241229129362937,28
1,5,0.979511048354179,0.683444876526527,28
2,5,0.973145668962179,0.434526341735432,28
4,5,0.902350786545652,0.547202020102825,28
3,5,0.88962523677046,0.613395219121401,28
6,5,0.840982266721465,-0.0541228496242406,28
5,5,0.761366815619582,0.636196358688829,28
1,6,0.983210661276119,0.947603096176281,28
2,6,0.968815073636186,0.742315811611809,28
4,6,0.889129897364736,0.753467150968182,28
3,6,0.86781261443817,0.899188857834196,28
6,6,0.856997983723965,0.233351883471951,28
5,6,0.755990260717327,0.430603207937371,28
1,7,0.979625120056657,0.907235691835633,28
2,7,0.969573027037125,0.81950740359987,28
4,7,0.89773735536038,0.688458542286133,28
3,7,0.881632685683496,0.685228015124596,28
6,7,0.849438384870601,-0.088332336601989,28
5,7,0.770157006627933,0.346794052696089,28
1,8,0.980253796664987,0.788500670961778,28
2,8,0.965363118936266,0.932944763331689,28
4,8,0.90090471280874,0.409333112263796,28
3,8,0.878140131548609,0.872129243675439,28
6,8,0.860824833366615,-0.0153581010532344,28
5,8,0.760459083025746,0.242999849415765,28
1,9,0.980599913895516,0.892277498804302,28
2,9,0.967016110219823,0.939599316705793,28
4,9,0.906498877282031,0.146795286110674,28
3,9,0.885583360154481,0.758178839016302,28
6,9,0.850372768136212,0.521874248370191,28
5,9,0.768591975625087,0.423071433251839,28
1,10,0.978491507107657,0.987566634478422,28
2,10,0.968251060905258,0.845225822210495,28
4,10,0.885759524151727,0.566143114430062,28
3,10,0.878193811889352,0.903741706964747,28
6,10,0.844265226944665,0.653525758049895,28
5,10,0.759728684820739,0.334556453076462,28
1,11,0.981198857811105,0.969044763059386,28
2,11,0.964615833694204,0.990630237883143,28
4,11,0.886314620919258,0.729537055478444,28
3,11,0.876635280098434,0.699988801670369,28
6,11,0.833250163858293,0.896612724881851,28
5,11,0.768899373885726,0.42674157923861,28
1,12,0.979743005230554,0.529851220424963,28
2,12,0.968188077598545,0.879036988154036,28
4,12,0.889790943770552,0.528948938122053,28
3,12,0.872943790514234,0.704455705632866,28
6,12,0.846694583913059,0.578154966312074,28
5,12,0.790140534576525,0.0678893928648072,28
1,13,0.977598872828684,0.970014114551701,28
2,13,0.967332293213218,0.91053355728576,28
4,13,0.918193257718658,0.267801417393806,28
3,13,0.876240513702367,0.715790608199116,28
6,13,0.845658355046276,0.226968304675047,28
5,13,0.758252110158793,0.355493973372989,28
1,14,0.980919624540646,0.895095625120058,28
2,14,0.9690958633803,0.903832564773728,28
4,14,0.898482722077638,0.355133701103945,28
3,14,0.877068262462838,0.808718626459791,28
6,14,0.821509898723138,0.153478946673773,28
5,14,0.781534605319319,0.505066269726604,28
1,15,0.979170200439361,0.789019314102242,28
2,15,0.968438075259513,0.887990860892374,28
4,15,0.897502012919319,0.373087683312138,28
3,15,0.879568824063203,0.329029496532043,28
6,15,0.859701149924351,0.24527621246558,28
5,15,0.752240649535672,0.208185317936766,28
1,1,0.973103416025235,0.968473527440689,29
2,1,0.954271492230707,0.745294628504713,29
4,1,0.820680156268763,0.705850267498795,29
3,1,0.812272931283856,0.17047725674702,29
5,1,0.736311067710684,0.125191091312731,29
6,1,0.63474073320947,0.197079368024304,29
1,2,0.975036100750589,0.883862257458378,29
2,2,0.952045845537364,0.795138701338846,29
4,2,0.826715682123132,0.635757314159799,29
3,2,0.811021277468836,0.600724283979895,29
5,2,0.74156046868048,0.381139415488776,29
6,2,0.634854625665327,0.342838295121713,29
1,3,0.972278016276577,0.978639815262523,29
2,3,0.942947215271712,0.965233897379195,29
4,3,0.827187798306273,0.7241630850835,29
3,3,0.80956288763929,0.581127346033755,29
5,3,0.743315725393246,0.606695391541352,29
6,3,0.644511862581242,0.451700094092633,29
1,4,0.973367888203239,0.832083852123167,29
2,4,0.942755467207061,0.956492812408182,29
4,4,0.812798200371141,0.949307667398127,29
3,4,0.805637988117697,0.90256464490665,29
5,4,0.752068852397431,0.0135457598831995,29
6,4,0.616985259399315,0.711685710106838,29
1,5,0.972808819247006,0.961364707783422,29
2,5,0.947090252975678,0.948854178930871,29
4,5,0.8229797307074,0.813961670880759,29
3,5,0.799511636402268,0.856060363898731,29
5,5,0.739582880993405,0.53217935183227,29
6,5,0.653971815070257,-0.408836968171411,29
1,6,0.971390302894967,0.984746460580647,29
2,6,0.949251207426468,0.900880593526217,29
4,6,0.874276977856135,0.575541232540869,29
3,6,0.800660754118674,0.863180355226687,29
5,6,0.749721206864691,0.352408560358605,29
6,6,0.653267216415888,-0.220533462843304,29
1,7,0.981911998682689,0.86998437212889,29
2,7,0.950681393958366,0.683072202398913,29
4,7,0.835964802231004,0.524666639519588,29
3,7,0.822696344718064,0.526412120754213,29
5,7,0.752426213629363,0.494341817445346,29
6,7,0.623855637978166,0.514653983488566,29
1,8,0.972273212638978,0.976750279367144,29
2,8,0.949893863210648,0.8708260146969,29
4,8,0.817905476173627,0.697727010019512,29
3,8,0.776200097166889,0.811507169086831,29
5,8,0.727401015036829,0.228679678398252,29
6,8,0.610604742044713,0.441133785348979,29
1,9,0.971030270315745,0.995720269665367,29
2,9,0.953102035568554,0.252084391108037,29
4,9,0.831385697926418,0.391885483573769,29
3,9,0.799771938365256,0.750885717927099,29
5,9,0.760827990041569,-0.0883157965152127,29
6,9,0.619791025016154,0.689875290307074,29
1,10,0.971348166471774,0.993446215001019,29
2,10,0.952243465151904,0.807417462492723,29
4,10,0.823555756667204,0.609367072402743,29
3,10,0.811730798434544,0.258224137576929,29
5,10,0.751777190433611,0.613862081283673,29
6,10,0.635280168579452,0.403996321995693,29
1,11,0.971091887247854,0.986391152728186,29
2,11,0.948394318194674,0.949647127834715,29
4,11,0.825329732961392,0.545237162503843,29
3,11,0.803635431638694,0.524582672097123,29
5,11,0.748058298122348,-0.114327018736486,29
6,11,0.608416810263235,0.596171673090174,29
1,12,0.971438480425627,0.989975841780134,29
2,12,0.953589624582646,0.840955834710112,29
4,12,0.844774782945406,-0.472246539956079,29
3,12,0.81330450562649,0.270320328414153,29
5,12,0.750116833851766,0.0869951949448502,29
6,12,0.633646492911555,0.281626736818289,29
1,13,0.972964631632514,0.961031223868093,29
2,13,0.945618386515273,0.967889485175445,29
4,13,0.82298066267495,0.789420384525858,29
3,13,0.799044320363049,0.839588243561943,29
5,13,0.738434106935138,0.746849483297926,29
6,13,0.667840305829045,-0.390090380815908,29
1,14,0.97285013191281,0.88677517460201,29
2,14,0.94350667969991,0.978987543244939,29
4,14,0.833499384383151,0.71843949260407,29
3,14,0.800287138377194,0.667686346862366,29
5,14,0.753462186555653,0.335517080101203,29
6,14,0.62261596370365,0.28844547283233,29
1,15,0.972821768813257,0.957097285922249,29
2,15,0.948503004688234,0.941405496634113,29
4,15,0.831127019637386,0.77589846383808,29
3,15,0.824906421082859,0.461928667359719,29
5,15,0.741764891514086,0.124198994560902,29
6,15,0.662308709432363,0.397676293404082,29
1,1,0.978551756609683,0.959726593872355,30
2,1,0.952749037321595,0.990713977396436,30
3,1,0.886970525069041,0.66561186974045,30
4,1,0.812540959957474,0.915887330446289,30
5,1,0.750969590618812,0.391793443634084,30
6,1,0.683636421577147,0.756762933379654,30
1,2,0.980535058716182,0.966506830641303,30
2,2,0.959266408282359,0.767068415081911,30
3,2,0.904374279626867,0.654431155352769,30
4,2,0.859184598443713,0.767485957575199,30
5,2,0.748939647194121,0.796622421149987,30
6,2,0.701022967540922,0.310666071546008,30
1,3,0.97761131878968,0.984182198174106,30
2,3,0.965098044829966,0.691688224015218,30
3,3,0.895061324224831,0.66227749452697,30
4,3,0.832891033880101,0.448151646971619,30
5,3,0.771885098084499,-0.341788658174363,30
6,3,0.683299659102308,0.365731141993887,30
1,4,0.978908023190191,0.991961316975698,30
2,4,0.959104610519641,0.937119391576334,30
3,4,0.882207483014115,0.906868578087739,30
4,4,0.808208993951607,0.952289610966522,30
5,4,0.749353937496203,0.77441021956367,30
6,4,0.69485961676909,0.4286412854576,30
1,5,0.977801313274601,0.992748238424015,30
2,5,0.95621901791354,0.947352641580716,30
3,5,0.886021674854532,0.90647043238491,30
4,5,0.815579950063901,0.824882713349933,30
5,5,0.741861671344573,0.83737613698469,30
6,5,0.636093596020787,0.590649843196958,30
1,6,0.978397055540086,0.980023745356343,30
2,6,0.959358307816079,0.907870664069519,30
3,6,0.894378063635163,0.440465339066286,30
4,6,0.8217043262901,0.366139286530007,30
5,6,0.748392260707582,0.302277429083099,30
6,6,0.694682618897822,-0.0224508543762185,30
1,7,0.987598227401458,0.927276570963649,30
2,7,0.961215897869273,0.778390307750602,30
3,7,0.896398594457983,0.692274335219629,30
4,7,0.813144866428379,0.800914294429489,30
5,7,0.772568714773898,-0.383498729079222,30
6,7,0.699918553989149,-0.804110552471015,30
1,8,0.978910338601234,0.974358734699819,30
2,8,0.957728930901233,0.940692638009975,30
3,8,0.887515061573601,0.759245616343058,30
4,8,0.817243551093316,0.870341232165735,30
5,8,0.7597263649411,0.0970967177004057,30
6,8,0.667994747073316,0.544983066895414,30
1,9,0.979783978810837,0.887341156918884,30
2,9,0.959567027866695,0.879770781746393,30
3,9,0.886046683767327,0.946018308375045,30
4,9,0.831548526298954,0.592919609353604,30
5,9,0.761360505073406,0.265022731061333,30
6,9,0.690010886136805,0.0703473124442111,30
1,10,0.977465872384144,0.990723774771204,30
2,10,0.958492838003265,0.92882224975936,30
3,10,0.894661063402208,0.455379827154808,30
4,10,0.831162496599192,0.520942815263287,30
5,10,0.789465201346982,-0.151049042415446,30
6,10,0.712391783927655,-0.17961468879633,30
1,11,0.979367563654605,0.957989723942937,30
2,11,0.962395071928466,0.94242090253546,30
3,11,0.880269523763826,0.832478031294715,30
4,11,0.819460998256682,0.453123159557426,30
5,11,0.742984077158782,0.80006638461005,30
6,11,0.668154822902913,0.080272208348863,30
1,12,0.977992008557881,0.994668635724108,30
2,12,0.959590814659995,0.668735335361391,30
3,12,0.873043048231161,0.872896757067006,30
4,12,0.805878723551742,0.795021987940781,30
5,12,0.770021872342847,0.506614893928598,30
6,12,0.694055069827657,-0.274542220665962,30
1,13,0.977946746341453,0.982802455847868,30
2,13,0.95830762889185,0.787906894239168,30
3,13,0.886808034621177,0.671128228445689,30
4,13,0.811966595105893,0.764807123028792,30
5,13,0.757895807871564,0.857467076810048,30
6,13,0.692581288697934,-0.440001642409101,30
1,14,0.979554355292734,0.931616733686522,30
2,14,0.959525164472484,0.785426445729328,30
3,14,0.883110864458634,0.901747810332777,30
4,14,0.822245929518453,0.62096168431768,30
5,14,0.723940179348839,0.791074408205148,30
6,14,0.679526202295126,0.374564460197499,30
1,15,0.978600949228629,0.968564616303598,30
2,15,0.958597787616925,0.958677701363929,30
3,15,0.889986743987456,0.693081376748268,30
4,15,0.817262974060349,0.488111160323152,30
5,15,0.74494795275108,0.689680919156352,30
6,15,0.691905986682499,0.216625453876414,30
1,1,0.977748729185158,0.952326496955299,31
2,1,0.971644667271243,0.98229266346567,31
3,1,0.889159947777505,0.868271344210616,31
4,1,0.838932177430843,0.683810677345936,31
5,1,0.845916092998141,0.383254151180675,31
6,1,0.758953752830869,0.533059947150663,31
1,2,0.984817998659055,0.894443556414706,31
2,2,0.974869907988085,0.893010675523855,31
3,2,0.887730756093599,0.688674163636372,31
4,2,0.855938237819491,0.19571489676333,31
5,2,0.846502553256203,0.746004135020855,31
6,2,0.763313623758768,0.69636946252115,31
1,3,0.976191137064246,0.97800180287778,31
2,3,0.971571774312043,0.971064281695663,31
3,3,0.890347986365428,0.836687011278536,31
4,3,0.872831808346164,0.532576482120924,31
5,3,0.838621878980941,0.825482094437303,31
6,3,0.777163078947299,0.577391260695334,31
1,4,0.976709083357065,0.95853582736817,31
2,4,0.977969254896263,0.660928824471787,31
3,4,0.913158456882601,0.683888564418924,31
4,4,0.850401643364042,0.425836005731173,31
5,4,0.848322132626403,0.460589961242739,31
6,4,0.776340982156456,0.0683469463454985,31
1,5,0.978224504174268,0.925903998379481,31
2,5,0.977944237113652,0.82517720321449,31
3,5,0.911021164699137,0.377595276299221,31
4,5,0.831362870832107,0.903031649846561,31
5,5,0.854461989467381,0.222721067221782,31
6,5,0.773685288777816,-0.0936611336764059,31
1,6,0.976951989670625,0.945883846531445,31
2,6,0.973340907188102,0.975426968664426,31
3,6,0.900389111763833,0.879625262243063,31
4,6,0.838597717581971,0.482022341873402,31
5,6,0.861109942820663,-0.478545805027211,31
6,6,0.786074705661309,0.308686215438099,31
1,7,0.976105169707205,0.958690815248946,31
2,7,0.975452989002098,0.79335560116626,31
3,7,0.877810840768437,0.976151520820541,31
4,7,0.839748867434508,0.365027748568117,31
5,7,0.860611214439364,0.763135696470206,31
6,7,0.747837004390903,0.831115082361652,31
1,8,0.975913348396486,0.988291988532382,31
2,8,0.976270309051251,0.753746449657889,31
3,8,0.892080846866403,0.885533370753128,31
4,8,0.860182470839972,0.218500777005957,31
5,8,0.848211078108265,0.512008028386516,31
6,8,0.778698751356398,-0.0730782057070097,31
1,9,0.977042770552771,0.899965951982307,31
2,9,0.972793268543997,0.898589273439972,31
3,9,0.898822948877865,0.612469133567388,31
4,9,0.832628766555911,0.77033782695585,31
5,9,0.843062481682037,0.62182400768894,31
6,9,0.769431330857626,0.288791308849025,31
1,10,0.978295843884369,0.887082066407834,31
2,10,0.977696003965625,0.826046221997035,31
3,10,0.888887116355003,0.915669231849936,31
4,10,0.844248179431215,0.446372307652453,31
5,10,0.81569535359855,0.470465485099517,31
6,10,0.767887600961707,-0.119952239502868,31
1,11,0.975430450759011,0.975859352401613,31
2,11,0.976272880142326,0.854533347432551,31
3,11,0.909715623758505,-0.614022360625664,31
4,11,0.835120968083529,0.776225634652742,31
5,11,0.867335304566023,0.217517381116073,31
6,11,0.761698647397642,0.225203519345205,31
1,12,0.976506852747434,0.959358270208113,31
2,12,0.974662458878077,0.968966503562305,31
3,12,0.892593176529585,0.882298716598697,31
4,12,0.841911182890564,0.37667925335834,31
5,12,0.858049204281489,0.858932245965932,31
6,12,0.754823576801191,0.565123266289287,31
1,13,0.975736412647956,0.96707875995266,31
2,13,0.975573155375458,0.93207780134765,31
3,13,0.902271802562524,0.640192957056003,31
4,13,0.84392060128595,0.661342291062585,31
5,13,0.84737000260038,0.530229513055692,31
6,13,0.772099952405077,0.263610864130735,31
1,14,0.97565982038378,0.986957297943518,31
2,14,0.976917040240212,0.775285726153369,31
3,14,0.888486517957922,0.890380973377611,31
4,14,0.849792231265276,0.415195508760035,31
5,14,0.842454812624339,0.819147356362858,31
6,14,0.778284292466247,0.372469839523888,31
1,15,0.976933429264068,0.874628951099067,31
2,15,0.97391021747589,0.979119728592953,31
3,15,0.892803470786489,0.725336649324689,31
4,15,0.830360248695262,0.782067751197951,31
5,15,0.849853733946046,0.579637359069609,31
6,15,0.771612733168701,0.172819282594101,31
1,1,0.977209454557164,0.89822214498011,32
2,1,0.967138970246839,0.926058952093511,32
4,1,0.874134257137044,0.624777756973557,32
3,1,0.807708592475515,0.969051407422389,32
6,1,0.768534284999975,0.370194666169048,32
5,1,0.679618332837482,0.69966137186861,32
1,2,0.970757001924527,0.96286801616535,32
2,2,0.966920535124479,0.938621423071162,32
4,2,0.871332462035237,0.525641043446269,32
3,2,0.82978617411888,0.769812304245502,32
6,2,0.776530065288184,0.530545597307313,32
5,2,0.722409971208202,-0.069510371966282,32
1,3,0.974093254090929,0.902027838404511,32
2,3,0.964324555447822,0.91687151998739,32
4,3,0.871449021946253,0.348751631266777,32
3,3,0.818291686408828,0.7351990346676,32
6,3,0.774793618356861,0.319146715469769,32
5,3,0.707558035305545,-0.220438737450688,32
1,4,0.977098336617142,0.934968347525554,32
2,4,0.962196972794596,0.96814543617182,32
4,4,0.865735377518187,0.727513546759408,32
3,4,0.84034193816477,0.22730882771579,32
6,4,0.766469969946131,0.295427310555683,32
5,4,0.680558185894055,0.740178492661629,32
1,5,0.97317226907625,0.940603202050429,32
2,5,0.967037541885123,0.906866384413159,32
4,5,0.8776023436839,0.0857561247879946,32
3,5,0.853306962637323,0.911643026113167,32
6,5,0.783923392436346,0.247554645855721,32
5,5,0.708975587478839,-0.0730253277831995,32
1,6,0.971745668254204,0.908435072377978,32
2,6,0.965924322167482,0.967780949507414,32
4,6,0.877593908580992,0.368231654075231,32
3,6,0.809655769247648,0.893770761024007,32
6,6,0.780046931831239,0.553845201626981,32
5,6,0.669654259485926,0.443779021232424,32
1,7,0.974653783018733,0.817893017845895,32
2,7,0.96723878571627,0.724530359695609,32
4,7,0.875087785274504,0.136615150181553,32
3,7,0.819851050561011,0.81473151818336,32
6,7,0.769175289801559,0.222850627472661,32
5,7,0.708522076695319,0.0796017110980142,32
1,8,0.969825237804737,0.975805038041101,32
2,8,0.962479012357661,0.976297373601551,32
4,8,0.868649635355694,0.696683870203319,32
3,8,0.804975245657586,0.824522158957963,32
6,8,0.772108327548832,0.67550400472013,32
5,8,0.694604621808162,0.258710214561432,32
1,9,0.975935283798161,0.877235625025818,32
2,9,0.96415927409519,0.981451390643977,32
4,9,0.865719790461631,0.869289487424779,32
3,9,0.821938528211226,0.739165208006964,32
6,9,0.750056214571159,-0.269030864553053,32
5,9,0.693275179878401,0.990896114723761,32
1,10,0.97402151856565,0.836296434367298,32
2,10,0.970029045515675,0.811248607817072,32
4,10,0.881034093402852,0.849050094586706,32
3,10,0.818018906446772,0.712202548218977,32
6,10,0.761907770411984,0.00240522269395911,32
5,10,0.723733663102767,0.0310805357492032,32
1,11,0.971094403385172,0.989258040052805,32
2,11,0.964281357288679,0.969233311252774,32
4,11,0.865643222643396,0.881362052975451,32
3,11,0.815470417707858,0.773760207894721,32
6,11,0.781116151338092,0.427821012498423,32
5,11,0.681230726824731,0.690301485885007,32
1,12,0.97404598588817,0.929599790798646,32
2,12,0.966168276105991,0.854539510706002,32
4,12,0.887973399161612,0.560851723235276,32
3,12,0.823174652543777,0.775789890966385,32
6,12,0.799096036932456,0.385889430036358,32
5,12,0.679422465671623,0.608013060415126,32
1,13,0.973659281338608,0.917884536096687,32
2,13,0.966505077072246,0.933666879500433,32
4,13,0.875707720555745,0.47882288910928,32
3,13,0.820726258573124,0.606302216988555,32
6,13,0.760342252820491,0.250268723461847,32
5,13,0.688667630227304,0.535035760581454,32
1,14,0.973955388521948,0.970833013301606,32
2,14,0.968899687333559,0.952380558503631,32
4,14,0.874970680104893,0.747485486900463,32
3,14,0.816555381345231,0.916015022983212,32
6,14,0.775339712916349,0.178825744740496,32
5,14,0.701267639965171,0.385948789616108,32
1,15,0.972961054748663,0.95955824409227,32
2,15,0.965881111535861,0.7979768802772,32
4,15,0.872387129372622,0.79608789072169,32
3,15,0.837800674239136,0.169345550307428,32
6,15,0.770425388788269,-0.0932400172501874,32
5,15,0.691543981842656,0.328990434775621,32
1,1,0.958019233980595,0.766757001022986,33
2,1,0.931228194521132,0.548931711546957,33
3,1,0.832428363478655,0.591662352201442,33
4,1,0.772661362656292,0.620053330554679,33
5,1,0.806866114769041,0.000206015978561434,33
6,1,0.609260802068541,-0.380268301550406,33
1,2,0.960279272594294,0.919768498968155,33
2,2,0.925850421304621,0.753963135625879,33
3,2,0.840335107577722,0.721083323123454,33
4,2,0.763445500051105,0.87978471659152,33
5,2,0.647550899908376,0.939583302398532,33
6,2,0.607186780985584,-0.195967684699861,33
1,3,0.958966207609251,0.950044559190228,33
2,3,0.924986692287373,0.945551889300254,33
3,3,0.815460234482435,0.855716929031887,33
4,3,0.77810415831795,0.538215758978299,33
5,3,0.795342850402955,0.766621225128852,33
6,3,0.595280465833597,0.367998006814376,33
1,4,0.957024710983143,0.89544228114358,33
2,4,0.915619784281254,0.983400746653807,33
3,4,0.851361024271186,0.420110767503071,33
4,4,0.802714747034376,0.671480917409428,33
5,4,0.827745807992233,0.647205192151434,33
6,4,0.612456622400946,0.0221939775135831,33
1,5,0.956048997447801,0.983551487645026,33
2,5,0.924863007051569,0.818919288274238,33
3,5,0.830288848327356,0.859487615487304,33
4,5,0.767468464797711,0.743318079524042,33
5,5,0.795547709091122,0.836835809141019,33
6,5,0.585936009769084,0.5600195578095,33
1,6,0.957719560243438,0.884200247114484,33
2,6,0.925701718487105,0.910511674054489,33
3,6,0.826939932325767,0.878678977357209,33
4,6,0.767961074234473,0.603928442444494,33
5,6,0.788640512935218,-0.657352485477702,33
6,6,0.59638030896113,0.177062064617243,33
1,7,0.955569131264531,0.984312403678185,33
2,7,0.927514245395533,0.599868527477707,33
3,7,0.829494042576408,0.829234493620598,33
4,7,0.771671779871397,0.722880348834283,33
5,7,0.815878011181676,0.564121992105068,33
6,7,0.640050005754025,-0.147921509318676,33
1,8,0.959161698801491,0.986125140632156,33
2,8,0.931264789586804,0.485390265012374,33
3,8,0.8360546063284,0.360380709653426,33
4,8,0.803316163181254,-0.096600829479544,33
5,8,0.799033800286747,0.266685397952294,33
6,8,0.558877138132658,0.0284050116148859,33
1,9,0.958162095198942,0.931161448105783,33
2,9,0.927926026811197,0.510714657822079,33
3,9,0.830536643883524,0.930905032970192,33
4,9,0.791492656626772,-0.221977606770813,33
5,9,0.784099716912045,0.882824157682966,33
6,9,0.594155597624863,-0.0272310459496691,33
1,10,0.958280243317287,0.944513205382154,33
2,10,0.928104422340838,0.693078128653348,33
3,10,0.828764858394646,0.92939375125176,33
4,10,0.768453593758993,0.816009076464862,33
5,10,0.797846893430064,0.0779101348185716,33
6,10,0.613086514921325,-0.120291817569847,33
1,11,0.958211950682066,0.973635173855116,33
2,11,0.919996424905364,0.96088206480342,33
3,11,0.830328492774441,0.679807094336859,33
4,11,0.762575054737928,0.87194750881481,33
5,11,0.784042722565912,0.881099887560304,33
6,11,0.584567770449004,0.602043346284978,33
1,12,0.956133047638951,0.979996223880993,33
2,12,0.925956507915173,0.878960706470376,33
3,12,0.835640052414236,0.401327122492168,33
4,12,0.757532504286559,0.92302276526052,33
5,12,0.789904411149702,0.55750036156854,33
6,12,0.593762571658391,0.172160030245104,33
1,13,0.958360272980964,0.930922379441001,33
2,13,0.91017217502748,0.96922377145133,33
3,13,0.843112888934825,0.585428995910531,33
4,13,0.803525238757158,0.63392045319849,33
5,13,0.817962197950134,0.0968851320508584,33
6,13,0.635974659357021,-0.227846688436587,33
1,14,0.95918286382549,0.956407179493513,33
2,14,0.925816069801728,0.843064841535387,33
3,14,0.821197327844664,0.923957620314423,33
4,14,0.778831705162557,0.758307455131832,33
5,14,0.785125934336779,0.695971806974235,33
6,14,0.609321828815543,0.0159451281484296,33
1,15,0.958060932653782,0.883002129399824,33
2,15,0.927798570093879,0.772100423000408,33
3,15,0.832107907322031,0.67866674725266,33
4,15,0.773897670952263,0.573614403345064,33
5,15,0.805215148203854,0.279796829823573,33
6,15,0.591189880528091,-0.0632995794197095,33
1,1,0.971054011480138,0.937781962867567,34
2,1,0.948608392116789,0.823560029482964,34
4,1,0.882722651590603,0.604712535586024,34
3,1,0.853608840920012,0.334143039632186,34
5,1,0.822236368354458,0.384006791226074,34
6,1,0.735595456912029,0.283307730646609,34
1,2,0.968789837784044,0.966103927407517,34
2,2,0.941003040230468,0.941467079400365,34
4,2,0.89618592326238,0.335182752885394,34
3,2,0.841088745505168,0.722890773710342,34
5,2,0.816436278687211,0.627021117132848,34
6,2,0.721662303589671,0.606807936516362,34
1,3,0.970714633845032,0.935877125081989,34
2,3,0.960272972489554,0.779154192770029,34
4,3,0.888869249036887,0.669117357458059,34
3,3,0.826624266010722,0.656896994468186,34
5,3,0.787946258116011,0.651826860054694,34
6,3,0.740582149721399,0.224143532723523,34
1,4,0.970297018997393,0.982622935602411,34
2,4,0.947202393198259,0.379864350474846,34
4,4,0.880660135459521,0.39312520094994,34
3,4,0.870643571533196,0.908542173420659,34
5,4,0.821621377599431,0.554117523220319,34
6,4,0.758031749719683,0.237144550378358,34
1,5,0.971369426051189,0.843942742627091,34
2,5,0.940145003543331,0.943200046875064,34
4,5,0.879095534120659,0.500110602897717,34
3,5,0.83670010282835,0.693034690007478,34
5,5,0.827164338965728,0.351963821323787,34
6,5,0.747056515157517,0.561247920685703,34
1,6,0.973405274256562,0.838551336084348,34
2,6,0.951675810644244,0.346680053536425,34
4,6,0.883959992095435,0.716273325313525,34
3,6,0.842304784841986,0.30112969694681,34
5,6,0.831308919604953,0.550769913875687,34
6,6,0.732370917373578,0.406216316222528,34
1,7,0.971701464429448,0.678232094675949,34
2,7,0.944002110810996,0.951008603016407,34
4,7,0.887254417465639,-0.407676445568448,34
3,7,0.849235885334045,0.382304601214916,34
5,7,0.821622100127622,0.758155897066941,34
6,7,0.729286801075274,0.726041445068889,34
1,8,0.968715145499062,0.973205946285072,34
2,8,0.94630556325983,0.942393102361378,34
4,8,0.88040472009281,0.747853580985622,34
3,8,0.836746312880678,0.331558387425892,34
5,8,0.818362346313443,0.411389949902017,34
6,8,0.728410776759763,0.460194306761479,34
1,9,0.969650664966443,0.932844484865362,34
2,9,0.944304670262016,0.945429544120395,34
4,9,0.884175114110636,0.266493595619031,34
3,9,0.829164207393974,0.894337482451511,34
5,9,0.822906376436396,0.942366090651623,34
6,9,0.740758382991001,0.58768942187195,34
1,10,0.973043622342895,0.561137907089504,34
2,10,0.945075101101177,0.763542747537165,34
4,10,0.877059621009057,0.0645522725634112,34
3,10,0.824087994525053,0.832099369986557,34
5,10,0.8243060837206,0.29626177403568,34
6,10,0.742587188629785,0.499394929545054,34
1,11,0.97035768178972,0.955889977353211,34
2,11,0.946811582571671,0.87349984172832,34
4,11,0.879709621278486,0.628112022093845,34
3,11,0.824276120438449,0.956112767686061,34
5,11,0.846979372200406,0.0334479300287695,34
6,11,0.744601911178872,0.0667471984754176,34
1,12,0.970083049582316,0.954860222350172,34
2,12,0.943526233355557,0.95528470810893,34
4,12,0.889076642551549,0.720300410907028,34
3,12,0.842114385367961,-0.00826648305380743,34
5,12,0.842248286092705,0.26632465607268,34
6,12,0.77236863090861,-0.68145240823119,34
1,13,0.979456518028655,0.772226648057242,34
2,13,0.945559694540397,0.816688942568386,34
4,13,0.86129715882124,0.885247429168106,34
3,13,0.848259573591145,0.768040855345805,34
5,13,0.834992143365189,0.637147959233877,34
6,13,0.776558531637284,0.102707762513575,34
1,14,0.968603177681201,0.98920817911002,34
2,14,0.949435818501197,0.863132685160961,34
4,14,0.873199793299448,0.963455803269503,34
3,14,0.828953339836067,0.789291440107433,34
5,14,0.826707904854778,0.411191566752676,34
6,14,0.734858954839881,0.858684533380636,34
1,15,0.971652648383999,0.937127112698232,34
2,15,0.951369759233997,0.284247412190011,34
4,15,0.871666054259869,0.89216339242237,34
3,15,0.829049565423934,0.912662425406102,34
5,15,0.820282656676304,0.275187154455866,34
6,15,0.743271986039586,-0.0135985223686424,34
1,1,0.930297984982128,0.950147613880199,35
2,1,0.932548641603867,0.766166162726618,35
3,1,0.815597956859654,0.923000987470745,35
4,1,0.749124332208466,0.623576340051872,35
6,1,0.726488838174296,0.568048346232589,35
5,1,0.68143314920563,-0.138839842675086,35
1,2,0.931568620212951,0.919943349657394,35
2,2,0.92560724491573,0.650292943741327,35
3,2,0.83357310552069,0.883791067773791,35
4,2,0.71646340361506,0.703952371724452,35
6,2,0.698554256594762,0.63553982850624,35
5,2,0.668185550355814,0.831618005930929,35
1,3,0.929426120045826,0.977061597293086,35
2,3,0.925815556277924,0.861680572481039,35
3,3,0.848798678851081,0.375455447420525,35
4,3,0.734164773761835,0.699427482921686,35
6,3,0.737514241823182,0.563235417744489,35
5,3,0.681803717028406,0.310974948145345,35
1,4,0.932882200288376,0.909203079857132,35
2,4,0.930274705983907,0.304758283359972,35
3,4,0.849304882236913,0.614566542551833,35
4,4,0.755393154200502,0.297285442087095,35
6,4,0.755269739711261,0.392618524207082,35
5,4,0.649760393820633,0.322787981284569,35
1,5,0.933643322717002,0.926082722782603,35
2,5,0.926902290752131,0.772794564894478,35
3,5,0.829965831018873,0.452192372280793,35
4,5,0.75325477027617,0.236660838496282,35
6,5,0.712163049909074,0.303719007713307,35
5,5,0.673605915789735,0.640689978893617,35
1,6,0.928418408928635,0.990422925269749,35
2,6,0.918819378332071,0.985765044345464,35
3,6,0.810246584275837,0.936161889876716,35
4,6,0.745865311032717,0.705786276896865,35
6,6,0.710436966002555,0.837388389283949,35
5,6,0.663008466861163,0.682854545977151,35
1,7,0.935108618289401,0.715962551464202,35
2,7,0.924438013417888,0.839326149397564,35
3,7,0.832718315429792,0.93801261032706,35
4,7,0.722205963486985,0.780343054589998,35
6,7,0.745903786468103,0.62300959661276,35
5,7,0.673019880370343,0.412584644056326,35
1,8,0.945341408677525,0.668087831972905,35
2,8,0.926895221780408,0.928619808164162,35
3,8,0.819067717463187,0.878624006452019,35
4,8,0.741949095527442,0.772770929985989,35
6,8,0.740932458802564,0.515024901795797,35
5,8,0.650295911741598,0.303740658735812,35
1,9,0.926772026099932,0.987676086460521,35
2,9,0.918493524885342,0.96551523933924,35
3,9,0.826967434347737,0.859116403408814,35
4,9,0.734729417095699,0.823482835042005,35
6,9,0.728415129008015,0.827887341322283,35
5,9,0.656605069526855,0.446556715960801,35
1,10,0.928568309883184,0.982127480773474,35
2,10,0.9148327024035,0.983379836007121,35
3,10,0.83507405472794,0.871594968387203,35
4,10,0.739313176218572,0.754525965652362,35
6,10,0.758975760363622,-0.364985700070077,35
5,10,0.66766252273001,0.0921676998221459,35
1,11,0.926637471883889,0.965604738333739,35
2,11,0.917811632707965,0.918326103364765,35
3,11,0.8129655993806,0.955343673650384,35
4,11,0.766011564656364,0.181816022421257,35
6,11,0.726390278484139,0.677368318021665,35
5,11,0.606328264687714,0.789703297257523,35
1,12,0.935095699335037,0.294479912284144,35
2,12,0.925088103758771,0.935674760313177,35
3,12,0.838216383914537,0.113141743540358,35
4,12,0.749619897743914,0.502429841810666,35
6,12,0.729995521675278,-0.0803862411968688,35
5,12,0.634065418580301,0.313734428498295,35
1,13,0.926345845949903,0.939738633075315,35
2,13,0.924696177484867,0.824863520777948,35
3,13,0.821541426948345,0.769868249962038,35
4,13,0.757395399973046,-0.304700434679674,35
6,13,0.731576863834071,0.697626865416237,35
5,13,0.656121934367337,0.292863882469567,35
1,14,0.934372678932069,0.814061491411985,35
2,14,0.929835860509166,0.729209617152718,35
3,14,0.831119882167254,0.539989264708999,35
4,14,0.741230194171513,0.609061710284639,35
6,14,0.741983970683831,-0.237935219611813,35
5,14,0.649329428973777,0.530899889995408,35
1,15,0.932386611752567,0.984003083897095,35
2,15,0.926692580594547,-0.167934986266473,35
3,15,0.840132338174698,0.0423269802121658,35
4,15,0.79267574658039,0.642714596821652,35
6,15,0.730186060406067,0.472555912090571,35
5,15,0.654229376120637,0.837771703698484,35
1,1,0.96560187870223,0.96963070818304,36
2,1,0.958160154918702,0.809682706913156,36
4,1,0.880698020790058,0.137120225999603,36
3,1,0.84819918357272,0.532236673382538,36
6,1,0.718593408495163,0.510287101282095,36
5,1,0.704104569557749,0.715857370860149,36
1,2,0.975045114418428,0.813912453567251,36
2,2,0.958711303199845,0.924668121872618,36
4,2,0.883330270732265,0.744592101139814,36
3,2,0.834140476650381,0.835936353441387,36
6,2,0.7583134818364,-0.126353111251316,36
5,2,0.702120617630159,0.241820172901402,36
1,3,0.966276258143967,0.984929298807209,36
2,3,0.955084787484189,0.895484425035661,36
4,3,0.883344409858774,0.635431805366134,36
3,3,0.83246685844519,0.893939224950837,36
6,3,0.714337015008593,0.0743718422747678,36
5,3,0.714658658930261,0.583095838181935,36
1,4,0.966232800389073,0.987766290125029,36
2,4,0.948579379741039,0.94453906044767,36
4,4,0.881031291369765,0.166136138225868,36
3,4,0.822758330669878,0.834143013782803,36
6,4,0.755205785468984,0.58448276015871,36
5,4,0.711494391482736,0.721435623152749,36
1,5,0.96729190797006,0.937311351156189,36
2,5,0.954817022107239,0.918470223462475,36
4,5,0.876888190570798,0.94494256216997,36
3,5,0.851103027005764,0.728904619108302,36
6,5,0.725919423596079,0.34262865054168,36
5,5,0.707331936761493,0.691957881009525,36
1,6,0.97172717105115,0.888592727606221,36
2,6,0.95482980815228,0.918804697420144,36
4,6,0.869838706385607,0.794319746612192,36
3,6,0.830789101278761,0.936644728493455,36
6,6,0.740554983486933,-0.320125966146714,36
5,6,0.69923264507085,0.89432043204234,36
1,7,0.968257862214696,0.499421737957798,36
2,7,0.953947125668769,0.942921870511046,36
4,7,0.877617055550228,0.411900582079333,36
3,7,0.849232345691348,0.650578174656091,36
6,7,0.726662813855665,0.323200313788501,36
5,7,0.734294233826577,-0.593444872676229,36
1,8,0.966907604054933,0.975960566019167,36
2,8,0.955334991094488,0.717283418250603,36
4,8,0.865584885730735,0.844613328592131,36
3,8,0.820760459492426,0.956968852687108,36
6,8,0.728507689500917,-0.263803315655056,36
5,8,0.70559206910482,0.810275245385314,36
1,9,0.967247070306349,0.973977978425623,36
2,9,0.956929837611063,0.881990872881131,36
4,9,0.879071943467505,0.448624739597183,36
3,9,0.84030508343287,0.734700427542935,36
6,9,0.725090390797267,0.165513641579317,36
5,9,0.71420806820745,0.320400062620435,36
1,10,0.967997837442607,0.945943156104775,36
2,10,0.957716194882412,0.543493283852084,36
4,10,0.872002543627311,0.869879753834924,36
3,10,0.829042626402161,0.860792316211365,36
6,10,0.713884762350748,0.44998873385591,36
5,10,0.712117058945313,0.812944168568382,36
1,11,0.96694141353151,0.97720565674313,36
2,11,0.947612103501681,0.982912395142519,36
4,11,0.873222194763897,0.695745920619646,36
3,11,0.830249660460506,0.780224289890449,36
6,11,0.713117219151131,0.333985697033438,36
5,11,0.715538626869453,0.350882371699215,36
1,12,0.973284129728433,0.89573987714771,36
2,12,0.958972708757012,0.530348867692061,36
4,12,0.871851828511633,0.744568107732431,36
3,12,0.838089570425789,0.890318863073474,36
6,12,0.74774793276163,0.208759488165415,36
5,12,0.715885413536718,0.730748008721153,36
1,13,0.963895418641366,0.993196742442456,36
2,13,0.957253571773423,0.740629357053636,36
4,13,0.87297682872164,0.648343741093192,36
3,13,0.832485662594167,0.630895971138048,36
6,13,0.727885070940278,-0.424912841950102,36
5,13,0.708742879675215,0.422246169320672,36
1,14,0.966816941443973,0.963495106276272,36
2,14,0.953394398143785,0.970660279983071,36
4,14,0.875297310457821,0.972111526377097,36
3,14,0.834299837150007,0.683288161043121,36
6,14,0.728442341101062,0.564774584247294,36
5,14,0.724453144289873,-0.0481510820449187,36
1,15,0.966389127603272,0.979537749615767,36
2,15,0.956038370962352,0.874582135891302,36
4,15,0.867267300262374,0.74484151029457,36
3,15,0.821527226883348,0.945888505916148,36
6,15,0.725980633501334,-0.000422854738795077,36
5,15,0.690537979707077,0.323234027247406,36
1,1,0.960602525388547,0.992602511854922,37
3,1,0.946546773339428,0.749563294124981,37
5,1,0.789092165977838,0.847835792277449,37
2,1,0.789005204722389,0.63644787560101,37
6,1,0.678482204338398,0.79959304159976,37
4,1,0.687569968514716,0.65379764524497,37
1,2,0.961490164353434,0.981317876142667,37
3,2,0.94021040258085,0.954518244909148,37
5,2,0.808321054290462,-0.67886068944417,37
2,2,0.767282169047385,0.951004921970031,37
6,2,0.689358818767757,0.261847986883751,37
4,2,0.707344770480207,0.0506734702735467,37
1,3,0.961427294202501,0.966798899754208,37
3,3,0.945121377336544,0.526295359819152,37
5,3,0.849001291704659,0.206485728135194,37
2,3,0.78820503838152,0.677681846882817,37
6,3,0.742125233145081,0.194063965314713,37
4,3,0.648337961824117,0.442611868256906,37
1,4,0.962053087523811,0.977764872469879,37
3,4,0.947898288023984,0.497810442323444,37
5,4,0.799404337770782,0.639710002317944,37
2,4,0.78356799208979,0.581076121557769,37
6,4,0.676989547672933,0.270956948537988,37
4,4,0.724547933419253,0.0067095615080313,37
1,5,0.962026317682733,0.191210636283669,37
3,5,0.941879020501504,0.926444235076077,37
5,5,0.794937284911287,-0.193881608940211,37
2,5,0.773538871200171,0.897018335921875,37
6,5,0.683020183539925,0.241238341363149,37
4,5,0.724829714041622,0.8866138922058,37
1,6,0.967273262190758,0.803355975660983,37
3,6,0.933687942809599,0.984619434433625,37
5,6,0.801031525960691,0.883546936565474,37
2,6,0.781532555438662,0.937172324063632,37
6,6,0.701306045198569,0.192462604231299,37
4,6,0.660290816062513,0.521297977197436,37
1,7,0.962086513792679,0.983396301103216,37
3,7,0.944649833284704,0.734487189364571,37
5,7,0.787380548332813,0.675850215223271,37
2,7,0.778995278610952,0.850780115759865,37
6,7,0.698891559501958,0.528672402522638,37
4,7,0.641978159696148,0.715923293490442,37
1,8,0.96279199975229,0.968812878633437,37
3,8,0.928260525363886,0.979282566216207,37
5,8,0.802557912727904,0.339683689461006,37
2,8,0.762740326793776,0.982410387528412,37
6,8,0.710245593925485,0.324671626209204,37
4,8,0.610455779617332,0.7845166693415,37
1,9,0.961986691644382,0.998634187895226,37
3,9,0.942495668487262,0.857212266774835,37
5,9,0.777085569924883,0.823538993328342,37
2,9,0.782719198984494,0.744866677062446,37
6,9,0.666807116206727,0.68684614943194,37
4,9,0.694310016997678,0.569523741043549,37
1,10,0.96961740405993,0.863292099601967,37
3,10,0.93527775282437,0.981758666267885,37
5,10,0.797907950850669,0.0682488292383637,37
2,10,0.791142469654828,0.738763866288977,37
6,10,0.675337446410316,0.155679432815397,37
4,10,0.706248888203662,0.463916726415609,37
1,11,0.963662843158077,0.942475013379386,37
3,11,0.945871127415266,0.888746251192759,37
5,11,0.81120241075394,-0.208632118696946,37
2,11,0.805144260618937,0.714074871571747,37
6,11,0.694351271609516,0.405670268080172,37
4,11,0.649786127168784,0.742408330803242,37
1,12,0.963471575912865,0.960866207650037,37
3,12,0.947723624627487,0.166484715792965,37
5,12,0.787900500624181,0.564205132055078,37
2,12,0.795311210992195,0.875109883100945,37
6,12,0.682351812750623,-0.8126959301128,37
4,12,0.712955941463972,0.358994725494195,37
1,13,0.962216373824425,0.951500244487256,37
3,13,0.943751296674906,0.920129501115228,37
5,13,0.826934799924859,0.667254149405298,37
2,13,0.776902291219298,0.752826797549644,37
6,13,0.708099715855506,0.336253755824625,37
4,13,0.683135210510954,0.222947527400928,37
1,14,0.962115816418868,0.949981335060557,37
3,14,0.943554559688742,0.797890376593581,37
5,14,0.785390869656808,0.781177886389271,37
2,14,0.770311112727959,0.887140409559255,37
6,14,0.725867556364682,0.432798549474531,37
4,14,0.647531124049547,0.782711525543052,37
1,15,0.960916152424915,0.973828140391059,37
3,15,0.943394620095356,0.515154365708885,37
5,15,0.790669449738556,0.83147713913863,37
2,15,0.784300446879774,0.710605234402739,37
6,15,0.682530871555743,0.127155087363695,37
4,15,0.716618014020305,0.296669303561126,37
1,1,0.96214549498865,0.971137703431231,38
2,1,0.909040196730301,0.927100841882383,38
3,1,0.845293708249224,0.637626186527378,38
4,1,0.748365542201307,0.709816711773892,38
6,1,0.695787715945623,0.126749653841275,38
5,1,0.650502375411605,0.317140757068589,38
1,2,0.963082168510033,0.983870548478366,38
2,2,0.919884405939076,0.893264960260888,38
3,2,0.838162132035879,0.980535268900926,38
4,2,0.754574330855182,0.443751763952399,38
6,2,0.689779703919973,0.121800817154807,38
5,2,0.599715867259878,0.63216872260735,38
1,3,0.963318324314091,0.939445648792521,38
2,3,0.926766886183678,0.864429778498797,38
3,3,0.827749555131716,0.973500489799103,38
4,3,0.741510242855988,0.540127243103003,38
6,3,0.662683461697108,0.295927481469839,38
5,3,0.700169375926376,0.430820059008821,38
1,4,0.965204517673557,0.935911455978024,38
2,4,0.926604528602122,0.796736716735166,38
3,4,0.839252236089621,0.773810272905706,38
4,4,0.75381344160367,0.704949445036358,38
6,4,0.675361588710678,0.351405296825689,38
5,4,0.657320239332745,0.10671943867763,38
1,5,0.964897986654252,0.978192264481176,38
2,5,0.928723159944495,0.639267860401903,38
3,5,0.840282912374459,0.479099193435289,38
4,5,0.745528533425229,0.818234253651719,38
6,5,0.65521094749507,0.156524138599686,38
5,5,0.674905138380166,0.657472060245987,38
1,6,0.968794222026366,0.870028031694039,38
2,6,0.913962265978701,0.96220062152398,38
3,6,0.846477322822326,0.711886383369749,38
4,6,0.752930449580448,0.419929152277702,38
6,6,0.642087431960445,0.629325007344058,38
5,6,0.658857155613369,0.668578886441662,38
1,7,0.962743868615093,0.925651486302637,38
2,7,0.923544483386464,0.844438631188121,38
3,7,0.841984109740685,0.819338241654875,38
4,7,0.777487164632819,0.389770452582497,38
6,7,0.674395765986742,0.141981497769053,38
5,7,0.652776354331641,-0.0447399068242739,38
1,8,0.962307900279851,0.991462627071545,38
2,8,0.923495197938134,0.815235068092794,38
3,8,0.824065254932223,0.940210470215452,38
4,8,0.744207738221868,0.927590229334948,38
6,8,0.637057855739878,0.793341098919873,38
5,8,0.673392057053219,0.583387528594012,38
1,9,0.964716641111751,0.916867092824747,38
2,9,0.923055974345285,0.904248522201804,38
3,9,0.842800480167742,0.978456128477052,38
4,9,0.740105019132372,0.713332490686378,38
6,9,0.677479787910638,-0.073806034393467,38
5,9,0.576841535586339,0.741639398195682,38
1,10,0.963443015918855,0.96731178863925,38
2,10,0.924671911922229,0.81703982814518,38
3,10,0.863746340843163,0.0252795321658415,38
4,10,0.764573391916563,0.625402270409675,38
6,10,0.68211390037024,0.0411580857051332,38
5,10,0.617138254486327,0.893340811195361,38
1,11,0.96225386962102,0.981359600376192,38
2,11,0.923666999339121,0.869306052116234,38
3,11,0.827119509374293,0.817358128291067,38
4,11,0.771738325233107,-0.0907634451288799,38
6,11,0.682857768333984,0.300856184226002,38
5,11,0.607371462784027,0.811767209620158,38
1,12,0.963713197966056,0.877066783266185,38
2,12,0.923052596069911,0.968806280435426,38
3,12,0.841900477496292,-0.113664305213565,38
4,12,0.789010780635589,0.128097658331144,38
6,12,0.658610615365015,0.546193415450446,38
5,12,0.650143894818945,0.414629880112102,38
1,13,0.968815367848928,0.873525467740553,38
2,13,0.924406009387847,0.853853824710316,38
3,13,0.832747927661602,0.883272479568641,38
4,13,0.771945686948843,0.0222062417113535,38
6,13,0.656400510255381,0.0605291266099993,38
5,13,0.667449125336571,0.523679887345409,38
1,14,0.964886098386911,0.982001886332863,38
2,14,0.923241263933877,0.923965291073831,38
3,14,0.83861565622123,0.145112311551309,38
4,14,0.739425353088501,0.881065817255569,38
6,14,0.627701366142817,0.130589642580764,38
5,14,0.676469623118515,0.384237264604922,38
1,15,0.964977648976233,0.928747198623437,38
2,15,0.924681057232955,0.907753059989501,38
3,15,0.837683492061558,0.668760628850006,38
4,15,0.74889871627439,0.869439976093618,38
6,15,0.666813781739628,-0.00351002608125804,38
5,15,0.678757456905516,0.0460934183044361,38
1,1,0.97972080476009,0.976526553663773,39
2,1,0.952141964640036,0.860563187234702,39
4,1,0.896782840151514,0.279378958918938,39
3,1,0.859123371311597,0.412554972246195,39
6,1,0.793253535216615,-0.570763671863503,39
5,1,0.709043386788055,0.46166355822502,39
1,2,0.981595273556508,0.95646462823248,39
2,2,0.954341134678329,0.590265878326045,39
4,2,0.90601774232497,0.420289909682362,39
3,2,0.886258165541912,0.717510699453728,39
6,2,0.771731949378568,0.455285236980672,39
5,2,0.734046410864811,0.541836810421899,39
1,3,0.988835472484696,0.925185077613962,39
2,3,0.947611326457786,0.924094084234974,39
4,3,0.883897467981148,0.71159391660284,39
3,3,0.850326729111362,0.886899432413389,39
6,3,0.807412442122951,0.0547530590798561,39
5,3,0.680131315295512,0.753046743106682,39
1,4,0.982141023117878,0.378739738564159,39
2,4,0.954961706444428,0.192302332470458,39
4,4,0.886781918933507,-0.0686123770801867,39
3,4,0.880584195366665,0.679505412745561,39
6,4,0.785547958458648,-0.0516978877047334,39
5,4,0.736121088079708,-0.0716626233270473,39
1,5,0.981363559335063,0.968624920812377,39
2,5,0.953942999610285,0.483451107058851,39
4,5,0.878852253015607,0.71145232358393,39
3,5,0.862216077434981,0.851403125195885,39
6,5,0.804408707054196,0.0410569108992934,39
5,5,0.719244095559788,0.418904627961122,39
1,6,0.98060603802394,0.980479768395313,39
2,6,0.950765514586985,0.79220169308534,39
4,6,0.897370707666074,0.00837869735641286,39
3,6,0.85822700865603,0.437487641393422,39
6,6,0.767382782239796,0.315893437538513,39
5,6,0.711548621796215,0.335802908231201,39
1,7,0.979583254448297,0.95765118274363,39
2,7,0.947027898384192,0.953524097307973,39
4,7,0.878864297821446,0.699555528730936,39
3,7,0.855708304296886,0.515259176533077,39
6,7,0.785102003058731,-0.109497419530964,39
5,7,0.746769123110917,-0.0639446108658288,39
1,8,0.981576694040928,0.974066621682063,39
2,8,0.958338652946281,0.71555020323026,39
4,8,0.915841264550816,-0.242748594071773,39
3,8,0.876506204456548,0.705312817059063,39
6,8,0.765907122899664,-0.26204899675136,39
5,8,0.711144557548513,0.564336923355471,39
1,9,0.980947901689659,0.974880030793465,39
2,9,0.954349807607536,0.73983037002563,39
4,9,0.896222161107293,0.0587643243093812,39
3,9,0.850428769346171,0.899447285242979,39
6,9,0.753070419704514,0.679329899404393,39
5,9,0.732163199035377,0.330747698099121,39
1,10,0.982926996636985,0.946143072282503,39
2,10,0.947521440191292,0.928547897123198,39
4,10,0.898266294538005,0.608735621849191,39
3,10,0.851122713622811,0.83019032316405,39
6,10,0.759650629667765,0.458118611574048,39
5,10,0.717769204846511,0.419055602282487,39
1,11,0.980871601630171,0.991028121627623,39
2,11,0.951625531452674,0.299339073471193,39
4,11,0.887483448564497,0.662497253440924,39
3,11,0.868053317492641,0.515375810355554,39
6,11,0.795790566885099,0.339853777978273,39
5,11,0.749412198474831,-0.116586452641324,39
1,12,0.982344037990653,0.880708976182536,39
2,12,0.95140903701527,0.870849008797348,39
4,12,0.885061127014008,0.759615255973361,39
3,12,0.878490733306732,0.216877150915448,39
6,12,0.763081579963049,0.369421142921189,39
5,12,0.743810125063651,6.85978156845913e-06,39
1,13,0.980947568021872,0.990903082278419,39
2,13,0.953389198884457,0.146529567950489,39
4,13,0.884775407194917,0.865305398152465,39
3,13,0.882493336964218,-0.214799355404331,39
6,13,0.76018341760897,0.127730741195226,39
5,13,0.729112996042661,0.338090195692971,39
1,14,0.981294226440083,0.941587819523911,39
2,14,0.956630088097911,0.13354378347751,39
4,14,0.910127799296904,0.278579285934203,39
3,14,0.848008606460302,0.481189616004983,39
6,14,0.740219584442957,0.706481399015568,39
5,14,0.713304710818474,0.381118570949241,39
1,15,0.983929450693973,0.89223403103663,39
2,15,0.94861770755953,0.916091368191537,39
4,15,0.882898491841556,0.709282829865159,39
3,15,0.862569347841294,0.618659050221732,39
6,15,0.783310159322704,-0.380810156042633,39
5,15,0.728926288933493,0.60428699252217,39
1,1,0.970954274355779,0.837411126138579,40
2,1,0.937502847484891,0.758701670282306,40
4,1,0.83691101555235,0.475786173677838,40
3,1,0.780588527945925,0.789853977136897,40
6,1,0.761988562577625,0.450393841839926,40
5,1,0.697834815375789,0.0564272437236976,40
1,2,0.965318095708147,0.906583840345101,40
2,2,0.936794899412842,0.352145868913781,40
4,2,0.802373261535471,0.510625193257094,40
3,2,0.821054373269352,0.85809897844226,40
6,2,0.783034848823957,0.302344953509827,40
5,2,0.698934997346128,0.16249518610408,40
1,3,0.961388744596279,0.956089537953629,40
2,3,0.938686397848571,0.361749810958175,40
4,3,0.835820397503783,0.628335149522772,40
3,3,0.778824231663002,0.59484969092034,40
6,3,0.793970441947635,0.365414740036276,40
5,3,0.687468864412331,0.461860541681724,40
1,4,0.967150919473338,0.950376197281309,40
2,4,0.936511623672255,0.859440042921269,40
4,4,0.861205370709475,0.199239656300965,40
3,4,0.78544454623076,0.755872944291953,40
6,4,0.77403587016155,0.765099252846446,40
5,4,0.651526894877739,0.59896780331687,40
1,5,0.965045776944002,0.904491121429556,40
2,5,0.926855358428681,0.957400037808493,40
4,5,0.876088441848261,0.19060189960189,40
3,5,0.823045598544835,0.575574872491717,40
6,5,0.78616100728466,-0.207473210634399,40
5,5,0.683904360250145,-0.0619863597751289,40
1,6,0.964042875931292,0.93768099394383,40
2,6,0.935567732774612,0.802195414420766,40
4,6,0.835213060641075,0.817786403223543,40
3,6,0.77829035224846,0.842708062424976,40
6,6,0.773597480019646,0.78120105468163,40
5,6,0.673721448994779,0.581254473221165,40
1,7,0.96356934426874,0.924186560669838,40
2,7,0.948866337998968,0.433580641620273,40
4,7,0.843391169205391,0.721553457013555,40
3,7,0.796984864261414,0.040184805652329,40
6,7,0.783298759863769,0.199719787823657,40
5,7,0.661610644361259,0.764908149749882,40
1,8,0.962489813208624,0.995759374029689,40
2,8,0.940655107432593,0.571838594423923,40
4,8,0.839393682985413,0.823670680985227,40
3,8,0.775974083044754,0.754503562149707,40
6,8,0.781518607392644,0.496065983806565,40
5,8,0.664603330120898,0.74138724890388,40
1,9,0.964774355759068,0.964798601807934,40
2,9,0.928189889327816,0.930530684497422,40
4,9,0.840911098982877,0.811639462697876,40
3,9,0.78022331870695,0.74702273481143,40
6,9,0.7778396874291,0.393914660195804,40
5,9,0.66632416186803,0.751393605677335,40
1,10,0.962248748945527,0.988472010912704,40
2,10,0.935040632604403,0.876520311922279,40
4,10,0.837662619745888,0.899722361485456,40
3,10,0.803348056584519,0.320847381353113,40
6,10,0.780572782453059,0.667861727390509,40
5,10,0.657247426148979,0.695026636337492,40
1,11,0.963362846639777,0.96601027222575,40
2,11,0.935126794590292,0.905037030395759,40
4,11,0.842619998378056,0.938883152386483,40
3,11,0.778244678418327,0.711113269277942,40
6,11,0.7922232513881,-0.0763174895360588,40
5,11,0.665266314064462,0.513566050125525,40
1,12,0.960022621244731,0.986543997439022,40
2,12,0.931290197437021,0.924121716050296,40
4,12,0.852273145934709,0.524669350665085,40
3,12,0.786306282671834,0.650816174023517,40
6,12,0.781118301328431,0.397442776480533,40
5,12,0.675591320718849,0.0897342805941024,40
1,13,0.963452888794349,0.985212471552343,40
2,13,0.934800111186052,0.900130494786949,40
4,13,0.838793730306669,0.637251254270845,40
3,13,0.783488690186234,0.689400849746513,40
6,13,0.745915809287732,0.805074952972112,40
5,13,0.695943406984438,0.763755920631951,40
1,14,0.96504697765858,0.968385849056628,40
2,14,0.939192586909017,0.760730489499043,40
4,14,0.855994681153919,0.607931696964209,40
3,14,0.785956235537691,0.71044868197918,40
6,14,0.791930413887692,0.463188958374752,40
5,14,0.66765147692651,0.559530453026115,40
1,15,0.964401847970417,0.493679272903753,40
2,15,0.93131147340366,0.953185383912083,40
4,15,0.843241870038334,0.739789534432243,40
3,15,0.791528872463954,0.504676548264116,40
6,15,0.783334142432643,-0.46627404870701,40
5,15,0.653599233763248,0.745008840816723,40
1,1,0.939342496753725,0.9733074159149,41
2,1,0.902586510218607,0.603788291042024,41
4,1,0.764373478072255,0.484711709227306,41
3,1,0.691457828569413,0.52717024287539,41
5,1,0.733911789302684,0.766427594286487,41
6,1,0.53241926970108,0.283704023720457,41
1,2,0.938661545632795,0.977801612925597,41
2,2,0.8991537867626,0.825066858372075,41
4,2,0.768319243110634,0.224036355130601,41
3,2,0.663483615287377,0.84884946443517,41
5,2,0.684025136726801,0.601513342888331,41
6,2,0.539051106837881,0.533467134721428,41
1,3,0.941885771998623,0.907012198528001,41
2,3,0.899603739029281,0.928320892457918,41
4,3,0.747319751756926,0.915690654031443,41
3,3,0.700016677259489,0.369971621964978,41
5,3,0.636075407039431,0.478954687145945,41
6,3,0.612250569065112,0.42641407251995,41
1,4,0.943243267757148,0.894758519599655,41
2,4,0.8854615535911,0.939048720698149,41
4,4,0.760660781774579,0.699748709755204,41
3,4,0.689503202003234,0.521617981429511,41
5,4,0.687566012035389,-0.0745321643420662,41
6,4,0.531191088463361,0.448601160577648,41
1,5,0.934864143478583,0.985807014054299,41
2,5,0.897949321091856,0.929789169696114,41
4,5,0.757799243021965,0.813162827819468,41
3,5,0.686126661776135,0.470844902844659,41
5,5,0.653305299904215,0.673010226239754,41
6,5,0.539584925623177,0.461746233222407,41
1,6,0.947238097950091,0.780111407621445,41
2,6,0.88624531446264,0.979608484017731,41
4,6,0.796388353908342,0.352313733471345,41
3,6,0.675464474104789,0.776990243013081,41
5,6,0.638342172058136,0.504070224829555,41
6,6,0.56051576641477,-0.0224043278892936,41
1,7,0.941101870405807,0.495602719760741,41
2,7,0.89932844965782,0.903660249350565,41
4,7,0.767554345789874,0.118710033097046,41
3,7,0.682149918411498,0.508435290760058,41
5,7,0.690069467481597,0.643144780757287,41
6,7,0.531152666087425,0.789252430094669,41
1,8,0.942055492772805,0.925069328850761,41
2,8,0.902674561601394,0.878349874186597,41
4,8,0.703346286144555,0.925150259860427,41
3,8,0.65794763040128,0.643872753721974,41
5,8,0.622068430175152,-0.642154905302726,41
6,8,0.485788768751753,0.921694193241128,41
1,9,0.945593377653315,0.815022234437076,41
2,9,0.90047167390585,0.859328463105889,41
4,9,0.765038100150273,0.377441324180082,41
3,9,0.67172018170849,0.826128529798747,41
5,9,0.716887105318658,0.725293792972877,41
6,9,0.493607945492211,0.343144043085155,41
1,10,0.939684886227562,0.978036169983891,41
2,10,0.901520729372187,0.706563364846062,41
4,10,0.772590000234147,0.0967906599032992,41
3,10,0.678763045030158,0.849017398775858,41
5,10,0.666385262011414,0.528621182815977,41
6,10,0.565996251165051,-0.0542099538996676,41
1,11,0.943491956305938,0.912400645053338,41
2,11,0.899851752378344,0.933796347821671,41
4,11,0.773049400143092,0.778271915311777,41
3,11,0.674312655591427,0.47879764605389,41
5,11,0.664912938290527,0.585079377094603,41
6,11,0.540156796936477,0.531722223898322,41
1,12,0.953766586630896,0.955443758418938,41
2,12,0.902761774030278,0.498047618379688,41
4,12,0.768575488673283,0.444940046224193,41
3,12,0.726974628590884,0.308260665112599,41
5,12,0.674902926402891,0.478303151207782,41
6,12,0.554828311162753,0.255986109632791,41
1,13,0.938659451850948,0.954292694734594,41
2,13,0.90461186149968,0.699797454242504,41
4,13,0.792960851309491,0.687066813673926,41
3,13,0.706618020211942,-0.315304258776412,41
5,13,0.740299012365737,-0.222938908772333,41
6,13,0.533675977868758,0.442833148409733,41
1,14,0.939481807038798,0.994385216715855,41
2,14,0.901672251237173,0.882920121302106,41
4,14,0.760352870877868,0.875692678951506,41
3,14,0.651662205744471,0.93869343194807,41
5,14,0.695122630280177,0.930080125123969,41
6,14,0.523141154374075,0.486715047232644,41
1,15,0.939897634448054,0.984755001606082,41
2,15,0.885539488637184,0.98482074059447,41
4,15,0.764934030250687,0.393099040683954,41
3,15,0.646420819851359,0.648323343477798,41
5,15,0.673661674700765,0.707924937444822,41
6,15,0.562382731117831,0.15397253621493,41
1,1,0.97744697811837,0.909250722837331,42
2,1,0.957277200458423,0.967279108809106,42
3,1,0.875184043536857,0.797772234929976,42
4,1,0.851640234680334,0.843096611783376,42
6,1,0.811515353094792,0.572850606686877,42
5,1,0.727176173511664,0.635664554568693,42
1,2,0.975016467880492,0.961075716797304,42
2,2,0.958289147027921,0.941497996804079,42
3,2,0.870315687947348,0.844796803144143,42
4,2,0.869145050074043,0.457125313481729,42
6,2,0.819775582724821,0.470714971133252,42
5,2,0.71501857752025,0.73019967228254,42
1,3,0.980656065634496,0.967580531311437,42
2,3,0.957869767315373,0.97842456945536,42
3,3,0.870843978653088,0.852000719482641,42
4,3,0.856682966748849,0.816821661796851,42
6,3,0.815438559148552,0.598385263220533,42
5,3,0.741735352446781,0.167406859060864,42
1,4,0.975031776807576,0.898522697985879,42
2,4,0.956495776641252,0.950595080325656,42
3,4,0.877893443963029,0.91037121286078,42
4,4,0.877728156554873,0.117127674650519,42
6,4,0.837251728948443,0.564950152189826,42
5,4,0.71770908829202,0.903047863157966,42
1,5,0.975992742722374,0.907397194241527,42
2,5,0.958554053929635,0.902928042210632,42
3,5,0.864548314048289,0.882345800985368,42
4,5,0.854895158994585,0.876804843685741,42
6,5,0.822538478115582,-0.124161909200665,42
5,5,0.750971938473613,0.123150062603598,42
1,6,0.97369966295106,0.997102792173613,42
2,6,0.958167434567443,0.857785094424574,42
3,6,0.876615823298742,0.30812745874473,42
4,6,0.875515668414741,0.623818074600639,42
6,6,0.811719480325225,0.175212906879948,42
5,6,0.721519984818477,0.444253997796561,42
1,7,0.975389096131229,0.879552229012797,42
2,7,0.95703228348107,0.956518245712156,42
3,7,0.888593272622211,0.652151283960371,42
4,7,0.863737051540179,0.166931145057234,42
6,7,0.828088660656451,0.661631269934817,42
5,7,0.7145283837519,0.757279191152818,42
1,8,0.975236815634209,0.915410294804499,42
2,8,0.96074589001148,0.95056383826706,42
3,8,0.882656359056148,0.860736559116356,42
4,8,0.853435109465341,0.634361977798294,42
6,8,0.812043957152591,-0.347435443699441,42
5,8,0.734589918462974,0.516677868126833,42
1,9,0.973594207355985,0.982423991946835,42
2,9,0.959908158241599,0.866820646905711,42
3,9,0.880864122835448,0.182117240147587,42
4,9,0.858273079682904,0.520285416258063,42
6,9,0.788178857822767,0.601809061780625,42
5,9,0.721746511366088,0.745103695986273,42
1,10,0.973720712102778,0.968414062604094,42
2,10,0.962323881361053,0.643998426075843,42
3,10,0.877134259927148,0.737482075002442,42
4,10,0.853618770848825,0.729912332926443,42
6,10,0.805586873075224,0.423945851134301,42
5,10,0.746185430437886,0.385520851267294,42
1,11,0.97324606995721,0.959873316693578,42
2,11,0.960982446143859,0.902585789555288,42
3,11,0.877145735713689,0.634954035156929,42
4,11,0.850946747712255,0.730538472027852,42
6,11,0.808056265290015,0.585667585921912,42
5,11,0.72651259563503,0.554713713338375,42
1,12,0.974182499022445,0.951068129876841,42
2,12,0.961487470591218,0.735895036884963,42
3,12,0.884265680483731,0.306841440539702,42
4,12,0.85403995308046,0.438863146107861,42
6,12,0.811998768818607,0.56402736273061,42
5,12,0.741841984596147,0.267874489596341,42
1,13,0.975219651204671,0.926755213255036,42
2,13,0.955594733589893,0.952161205486622,42
3,13,0.874274468869814,0.654461245103633,42
4,13,0.860027730736036,0.51733267229343,42
6,13,0.83174499529255,-0.0620180721777506,42
5,13,0.72003516476138,0.543750299834575,42
1,14,0.974116226461376,0.987761439558509,42
2,14,0.963937778070578,-0.0370169784513988,42
3,14,0.869513770404819,0.896781417209741,42
4,14,0.854851131442909,0.786816865437516,42
6,14,0.80286194116399,0.51676060003801,42
5,14,0.734934032045508,0.611987901297166,42
1,15,0.974399544756929,0.952347718553303,42
2,15,0.955460673578859,0.982144406966834,42
3,15,0.888415331331592,0.416746488329582,42
4,15,0.852157586522706,0.690944048922495,42
6,15,0.803843394230937,0.635955187834536,42
5,15,0.7335760409952,0.447102327033864,42
1,1,0.95138835064416,0.960963512737966,43
2,1,0.947343859681471,0.864193740328093,43
4,1,0.816383195077029,0.746608044089978,43
3,1,0.80330879148211,0.571596770273002,43
5,1,0.613069942054597,0.205542125577621,43
6,1,0.643265957373551,-0.180925949250925,43
1,2,0.954517860808433,0.997500512643027,43
2,2,0.944185976106403,0.913687739643504,43
4,2,0.802320618659613,0.778804682556993,43
3,2,0.782071556232254,0.794388073555544,43
5,2,0.641486517393533,0.719185611215769,43
6,2,0.620445564154068,-0.631640104922157,43
1,3,0.955593029308764,0.950604997920332,43
2,3,0.922998400234805,0.943307217394986,43
4,3,0.830140830169031,0.554726143400958,43
3,3,0.810488157129805,0.439219085325856,43
5,3,0.638083173695088,0.507437788611688,43
6,3,0.622112432105899,-0.195390834577789,43
1,4,0.957977757787486,0.782473410605453,43
2,4,0.944357360590807,0.954641688805342,43
4,4,0.828154027703516,-0.122582992791557,43
3,4,0.8012678181446,0.845058555799037,43
5,4,0.602835206861,0.425112519585272,43
6,4,0.633716711960215,0.179718088612709,43
1,5,0.95162077275168,0.992571027091685,43
2,5,0.950000596086603,0.726405558456321,43
4,5,0.80047772876751,0.89781097346904,43
3,5,0.792350017345522,0.894413583487748,43
5,5,0.63981969409911,0.394439818638662,43
6,5,0.619096312793304,-0.490486814790373,43
1,6,0.956231085360293,0.987839020927527,43
2,6,0.946582810014742,0.510417384680377,43
4,6,0.802431872288061,0.895843822326077,43
3,6,0.779629520373781,0.881261037734453,43
5,6,0.641587680425733,0.128397389569412,43
6,6,0.628793390771781,-0.413353498047614,43
1,7,0.957277891072314,0.968136564699551,43
2,7,0.944594537704376,0.921456720495265,43
4,7,0.796904954368646,0.975197840594177,43
3,7,0.798921685469065,0.403530091163763,43
5,7,0.634080810521631,0.0716022872247822,43
6,7,0.625870597133856,0.534411381862678,43
1,8,0.956557166573387,0.937556106263659,43
2,8,0.950367875695243,0.349616772671108,43
4,8,0.820648346003688,0.507272950818442,43
3,8,0.802899302979271,0.541317533254777,43
5,8,0.630652614046522,0.610092547390331,43
6,8,0.621746768972538,-0.11505224526054,43
1,9,0.960341407526631,0.913264243236393,43
2,9,0.945990219967041,0.877792274198024,43
4,9,0.824094685159393,0.500585418615431,43
3,9,0.800826594012504,0.613334407625807,43
5,9,0.63066874385009,0.34499253851962,43
6,9,0.593430160532474,0.635551269599201,43
1,10,0.959096213035439,0.831046646838884,43
2,10,0.944785100089362,0.822939490236954,43
4,10,0.810199037808373,0.215168032591289,43
3,10,0.798494306797283,0.482763328888621,43
5,10,0.630258837019785,0.484227638231524,43
6,10,0.625995987304903,0.242481579647533,43
1,11,0.958507687043263,0.925993485366049,43
2,11,0.944827285252517,0.823340661057921,43
4,11,0.814935511933264,-0.293465393872124,43
3,11,0.798174618740923,0.835961373515274,43
5,11,0.632348323935311,0.45951383027716,43
6,11,0.594238477472722,0.414181998096526,43
1,12,0.960927486966094,0.879217949721945,43
2,12,0.946235666801146,0.679959512141457,43
4,12,0.811151099019998,0.714587160543777,43
3,12,0.790077294319432,0.788144575144559,43
5,12,0.639812630952207,-0.113496412697514,43
6,12,0.593913714020174,0.195637258187719,43
1,13,0.958305591848452,0.896808954037535,43
2,13,0.944493211311463,0.880390818415308,43
4,13,0.808078126208625,0.0442866124365629,43
3,13,0.776864824158082,0.705775052066677,43
5,13,0.712381435640666,0.174892286390426,43
6,13,0.549245815109229,0.43413702375343,43
1,14,0.956229292749711,0.963631754981177,43
2,14,0.939850510498082,0.960924612966439,43
4,14,0.811748086484671,0.493067341043096,43
3,14,0.804073070765812,0.58492772626577,43
5,14,0.626905877332838,0.192976639285467,43
6,14,0.624235552343402,0.12554305605781,43
1,15,0.964650978953075,0.873306783795549,43
2,15,0.949230355385792,0.0978742339179883,43
4,15,0.817059006461405,0.654810419746677,43
3,15,0.781255947398753,0.669345961871573,43
5,15,0.646244708507885,-0.121318895325284,43
6,15,0.617004556507617,-0.0797182955831644,43
1,1,0.95911354270682,0.904276684043783,44
2,1,0.931247991931258,0.984586840659139,44
3,1,0.793743486696929,0.771657423063057,44
4,1,0.75967751590072,0.20787179332109,44
6,1,0.665485247997677,0.519010017982193,44
5,1,0.648568176857027,0.474412233930537,44
1,2,0.956323547809051,0.987455925419015,44
2,2,0.935950314490217,0.150732478533464,44
3,2,0.818074347440605,0.263676165867476,44
4,2,0.7456998613075,0.772917122339949,44
6,2,0.693892655155693,0.251655820253722,44
5,2,0.656895748891551,0.344664246325377,44
1,3,0.955917793640841,0.976608874270395,44
2,3,0.93739136116946,0.598440206224071,44
3,3,0.785275842979047,0.913075640082261,44
4,3,0.751250670436678,0.72557838132108,44
6,3,0.68097689322265,-0.447708426341655,44
5,3,0.686646052699591,0.331882952854628,44
1,4,0.956116432971456,0.945894686784908,44
2,4,0.920225411360963,0.984419144461735,44
3,4,0.799872013435935,0.900742830939249,44
4,4,0.77903020301626,0.365784559889948,44
6,4,0.687040033427804,0.753009358024731,44
5,4,0.618982532977952,0.515305531272235,44
1,5,0.958240756312582,0.962546768845433,44
2,5,0.942491488470211,0.672248321959342,44
3,5,0.795236007801453,0.926538708280462,44
4,5,0.745330746972259,0.856305698325778,44
6,5,0.66702126845247,0.117195890285813,44
5,5,0.660871377609217,0.813909757952634,44
1,6,0.958101767644727,0.969741099300633,44
2,6,0.935801352532875,0.824386784933463,44
3,6,0.793725728380521,0.856719075412277,44
4,6,0.742349820643349,0.901650757238989,44
6,6,0.660196382659427,0.152026800350465,44
5,6,0.661401160264956,0.432365843227586,44
1,7,0.955944205791084,0.955257423864584,44
2,7,0.934948423609998,0.765110976099827,44
3,7,0.790273762057014,0.90170316310778,44
4,7,0.771191928136459,-0.262897855322384,44
6,7,0.663928600111949,0.601296496277055,44
5,7,0.677584159844901,0.647572662192668,44
1,8,0.955537160629038,0.991979763978947,44
2,8,0.935748741150727,0.977046574744457,44
3,8,0.790271326624969,0.860808073828603,44
4,8,0.751645721671241,0.640110833029669,44
6,8,0.677557011439356,-0.24268770466705,44
5,8,0.671521108721572,0.211387844770905,44
1,9,0.954389624210479,0.96056309083847,44
2,9,0.937630468008233,0.672602020731971,44
3,9,0.82432568069844,0.351848773815544,44
4,9,0.734234898827701,0.444142531919683,44
6,9,0.651771719865104,-0.351969411195767,44
5,9,0.584787143158573,0.799958705275968,44
1,10,0.961577541780923,0.921358626767897,44
2,10,0.939058724244827,0.957022575824205,44
3,10,0.808194879621309,0.694537998852559,44
4,10,0.760835388855492,0.388821664910377,44
6,10,0.679735276944168,-0.475632024319338,44
5,10,0.678062226660193,-0.0926574914621122,44
1,11,0.955620867389054,0.994923862468441,44
2,11,0.934543122350108,0.877783164134995,44
3,11,0.790945569325575,0.919397926551516,44
4,11,0.744237001722006,0.534917346128091,44
6,11,0.673955943906116,0.24226996170868,44
5,11,0.658602954837353,0.624524981741559,44
1,12,0.972831759169501,0.592907673550201,44
2,12,0.939401183265053,0.583699825277298,44
3,12,0.797908651718113,0.794591345937784,44
4,12,0.757238134985394,0.325792547617335,44
6,12,0.673489720695145,0.238140240707984,44
5,12,0.63479069270599,0.528509209629887,44
1,13,0.957117824479637,0.94886965487963,44
2,13,0.936098545639037,0.880311635475849,44
3,13,0.790296112143726,0.977906484787319,44
4,13,0.742894819474186,0.68925214757576,44
6,13,0.694933325053488,0.367222647191614,44
5,13,0.680353219679416,0.826694452871177,44
1,14,0.957317607042757,0.87303808765781,44
2,14,0.936254856882233,0.93976989589074,44
3,14,0.815139165394974,-0.150291889121354,44
4,14,0.751969269058193,0.666803502374831,44
6,14,0.682805978464963,0.0116104086224111,44
5,14,0.663035044804102,0.16336936384015,44
1,15,0.957393536890863,0.815881233262437,44
2,15,0.921960607766408,0.971599334895288,44
3,15,0.800607082750341,0.558160212102831,44
4,15,0.761839395918536,0.69023471505114,44
6,15,0.697909334653683,0.338119934828561,44
5,15,0.643124253074858,0.746087323952204,44
2,1,0.980610709577756,0.917430881404678,45
1,1,0.97851837163075,0.904783695258608,45
4,1,0.900309458528987,0.530518363672951,45
5,1,0.879789523935646,0.27043606057029,45
3,1,0.842085004814682,0.0123401054237638,45
6,1,0.759526933407025,0.04680798118856,45
2,2,0.98020549141926,0.531038234320414,45
1,2,0.976324258465466,0.97927199230156,45
4,2,0.89657517166208,0.243508317217452,45
5,2,0.876632883525053,0.17563682417906,45
3,2,0.827984988781021,0.6550652626413,45
6,2,0.766124894436361,0.277719282854808,45
2,3,0.981709613909205,0.911879346696591,45
1,3,0.978287960358739,0.910931511213552,45
4,3,0.91702356209171,0.199399116472195,45
5,3,0.878096060078218,0.80678335502445,45
3,3,0.828799981633454,0.740768678541357,45
6,3,0.767045447750742,0.156940317262723,45
2,4,0.980584106448296,0.945486464773915,45
1,4,0.976421344783439,0.961084310426633,45
4,4,0.921041431110786,0.056981249078437,45
5,4,0.891481768426619,0.322506978366843,45
3,4,0.852043244035124,0.72527902259029,45
6,4,0.768338323980482,0.381041930445772,45
2,5,0.982070751532103,0.924411163109664,45
1,5,0.979878505747365,0.711140252780458,45
4,5,0.912374037888151,0.484411539890722,45
5,5,0.85757534295454,0.163123078674417,45
3,5,0.816323058940612,0.920888482627073,45
6,5,0.752272982187724,-0.240847082699137,45
2,6,0.979841721073889,0.951824388038609,45
1,6,0.977963152384073,0.946221421404801,45
4,6,0.894450221605647,0.924906301577938,45
5,6,0.881972842090636,-0.626056610105974,45
3,6,0.838247024052244,0.487642309145332,45
6,6,0.781929271569902,-0.286911824163259,45
2,7,0.982448929794612,0.811182123200887,45
1,7,0.977951504794942,0.963961838314979,45
4,7,0.897563711421989,0.911410933642806,45
5,7,0.871488775109797,0.539170449091454,45
3,7,0.83232707660262,0.368910184674988,45
6,7,0.770693219775587,-0.246852878013948,45
2,8,0.983232809973713,0.947429718499517,45
1,8,0.978504141651662,0.898974304019172,45
4,8,0.902303656164028,0.681167583729125,45
5,8,0.872383281809841,0.0546938793481575,45
3,8,0.813803344777463,0.768611899671293,45
6,8,0.749621579808355,0.61803555133834,45
2,9,0.980041837466113,0.654600431654332,45
1,9,0.978146050677005,0.994496887579661,45
4,9,0.898774915482948,0.775181332317191,45
5,9,0.873859144247482,0.339908153755306,45
3,9,0.823200140757977,0.711370264424277,45
6,9,0.765245996327904,-0.402475851376992,45
2,10,0.98073518570995,0.9344286316921,45
1,10,0.979226037605619,0.828524145680103,45
4,10,0.886157761368786,0.956956006986665,45
5,10,0.876520967074015,0.567176690820179,45
3,10,0.825240085022367,0.782655591376469,45
6,10,0.763460318979886,0.422967684639937,45
2,11,0.978618104581416,0.969598851591845,45
1,11,0.978556078216667,0.920712545519821,45
4,11,0.894177970499734,0.248522730935099,45
5,11,0.856494770446411,0.637252600978285,45
3,11,0.834318902817963,0.898828831676707,45
6,11,0.765373805298865,0.0268713054686271,45
2,12,0.981095447439869,0.768511353272793,45
1,12,0.979836724165987,0.949347106184969,45
4,12,0.902294320897068,0.482190295328936,45
5,12,0.880920282451983,0.253599594645931,45
3,12,0.837447854468758,0.945602803487231,45
6,12,0.761345080851136,0.240899323784221,45
2,13,0.98292256950603,0.508198092822337,45
1,13,0.978246796027798,0.965120734757118,45
4,13,0.894155468179729,0.633789938379691,45
5,13,0.878855531813291,0.116890195141492,45
3,13,0.854576797723303,0.837227586048442,45
6,13,0.771769737134406,0.123386112785956,45
2,14,0.982513094667244,0.914889662216144,45
1,14,0.979664962822976,0.857889128558372,45
4,14,0.932412596286798,-0.177543589072855,45
5,14,0.874218782218253,-0.174414087243314,45
3,14,0.832492883868895,0.200695780051925,45
6,14,0.796566424813402,-0.437554488172964,45
2,15,0.980780684229182,0.901416254600499,45
1,15,0.978081108100819,0.95304173769181,45
4,15,0.922560678637609,-0.274765913830138,45
5,15,0.863172945324797,0.409063719395294,45
3,15,0.850571681224993,0.398305859386753,45
6,15,0.771252178267301,0.351945630638287,45
1,1,0.967161438094466,0.98675441929782,46
2,1,0.955317700472049,0.925426253646791,46
3,1,0.804242950288017,0.646055842467133,46
5,1,0.775438199980393,0.462868246189924,46
4,1,0.743175546522732,0.605202775666486,46
6,1,0.653270683225334,0.366172438166819,46
1,2,0.967626251957806,0.987095998309484,46
2,2,0.956829640080575,0.544017831300913,46
3,2,0.797580377781908,0.765720869436174,46
5,2,0.781299389770811,-0.0812514086740832,46
4,2,0.74051053902283,0.36357266154695,46
6,2,0.658374092490987,0.286731261391088,46
1,3,0.96744425479879,0.938980911529319,46
2,3,0.955060311536884,0.824092281463567,46
3,3,0.807071821623954,0.764726942602906,46
5,3,0.801377007994906,0.0681809541222517,46
4,3,0.734733032444062,0.657226416552309,46
6,3,0.653167441828536,0.445985736578334,46
1,4,0.965612403366324,0.988926966806907,46
2,4,0.957815748845812,0.39818342922588,46
3,4,0.804663799341407,0.636008722709971,46
5,4,0.771177905683502,0.682383111580207,46
4,4,0.735717295516092,0.356686835464809,46
6,4,0.628802480636787,0.732185467627519,46
1,5,0.966332635124869,0.94923380326982,46
2,5,0.949684328381021,0.982417580102947,46
3,5,0.794301809868027,0.826293018271382,46
5,5,0.805028641813606,-0.273941875123109,46
4,5,0.74239374211554,0.350390822735475,46
6,5,0.649746661230439,0.281669058670649,46
1,6,0.968278249639996,0.935513494474281,46
2,6,0.952884772319967,0.814986364816913,46
3,6,0.811000033196343,0.497415346622051,46
5,6,0.781669377139978,0.787167309942802,46
4,6,0.751253652935498,-0.243441666767232,46
6,6,0.648714883706721,0.615376459024842,46
1,7,0.971405042747045,0.820991579158995,46
2,7,0.954124093728319,0.904746159651505,46
3,7,0.795666922809607,0.697080343771159,46
5,7,0.781163761723549,0.927906178896668,46
4,7,0.73378592488504,0.547184644891791,46
6,7,0.688261024966638,-0.459737814950531,46
1,8,0.970960231658315,0.880317429936619,46
2,8,0.933562213142921,0.985648391901841,46
3,8,0.807149117023953,0.597504729417453,46
5,8,0.766148770682863,0.682038969905118,46
4,8,0.747542428412622,0.262779330351534,46
6,8,0.642965862276257,0.520367095237481,46
1,9,0.967480446580017,0.930799463211342,46
2,9,0.952487958514249,0.94644120876578,46
3,9,0.795938107075015,0.901382756643752,46
5,9,0.779585682164357,0.61444655222212,46
4,9,0.735577631526386,0.885985305768388,46
6,9,0.645440406007523,-0.120829147322645,46
1,10,0.967801390497754,0.952317928809066,46
2,10,0.958207764222814,0.658512749187033,46
3,10,0.81825072049578,0.696103955574603,46
5,10,0.784378984886744,0.597319469664467,46
4,10,0.765222506437711,-0.160176708217647,46
6,10,0.657422011212396,0.403597575403113,46
1,11,0.965787752500146,0.953871430648765,46
2,11,0.955661647736049,0.564407055512265,46
3,11,0.827734299104944,-0.0409738738207962,46
5,11,0.776634385429932,0.716152439440711,46
4,11,0.724653606317478,0.774769762407591,46
6,11,0.641091929679374,0.419315536731742,46
1,12,0.965279316182283,0.986217385351691,46
2,12,0.954991861817165,0.846460733149345,46
3,12,0.822487920904262,0.507112516076552,46
5,12,0.790698763825001,0.509553541094485,46
4,12,0.719296389131459,0.92163135908133,46
6,12,0.634155386475392,0.00164414696042643,46
1,13,0.971934163064283,0.879893143507963,46
2,13,0.954570188285886,0.77596739907949,46
3,13,0.808270514383611,0.402383497636171,46
5,13,0.803383762291696,-0.467340969389957,46
4,13,0.732183006367499,0.782151490391424,46
6,13,0.660112094206553,-0.124141167762001,46
1,14,0.966771131519281,0.992985707591572,46
2,14,0.952922989875247,0.962386733451989,46
3,14,0.832310105582015,0.215045026508273,46
5,14,0.779722425528552,0.515447182490865,46
4,14,0.722904365168883,-0.0356203025576104,46
6,14,0.653571816657835,-0.231412540669992,46
1,15,0.971726837384019,0.793021592142196,46
2,15,0.946961126477866,0.981666049123913,46
3,15,0.793624159249029,0.827754104044786,46
5,15,0.780633191716509,0.754783121479287,46
4,15,0.751703805832394,0.435291721701202,46
6,15,0.660207739807217,0.528032962156356,46
1,1,0.971885607431495,0.969445976584796,47
2,1,0.958117337920285,0.669173605096957,47
4,1,0.903439478967631,0.6192406423675,47
3,1,0.866775609391881,0.663888842563294,47
5,1,0.826663635115139,0.388564222185443,47
6,1,0.703682215828786,0.329282600350587,47
1,2,0.975274451402756,0.920012633048569,47
2,2,0.948085969905205,0.966455723390749,47
4,2,0.897358362714729,-0.390821979944939,47
3,2,0.858863171968517,0.777910644403301,47
5,2,0.844747769101382,-0.37237171475717,47
6,2,0.723186822080077,0.400625077404985,47
1,3,0.975294946500642,0.932727297577637,47
2,3,0.955297708407257,0.895966103581677,47
4,3,0.883481376644195,0.931659805955807,47
3,3,0.888692712665143,0.715355974427108,47
5,3,0.821191543571248,0.788227066344994,47
6,3,0.733952744847788,0.281371246494852,47
1,4,0.974791485862423,0.982402584626719,47
2,4,0.955828734497426,0.884856767204678,47
4,4,0.872089496846788,0.609987724141132,47
3,4,0.867891959519643,0.677517823802629,47
5,4,0.821900604005027,0.845328226611929,47
6,4,0.724322147705803,-0.139037908991765,47
1,5,0.97333238803054,0.990998337998215,47
2,5,0.95304850939635,0.835253063757577,47
4,5,0.884957305658412,0.29995540844668,47
3,5,0.873889522531696,0.439334507278711,47
5,5,0.794942214606216,-0.318860983690606,47
6,5,0.731208580749988,0.411985252451111,47
1,6,0.973933615198877,0.96667293338754,47
2,6,0.948741346701936,0.967233244450948,47
4,6,0.878563260685727,0.907952311608409,47
3,6,0.858674346735731,0.926374167574088,47
5,6,0.820419438347845,0.550267797310175,47
6,6,0.706258109543146,0.447649446566995,47
1,7,0.97388638431799,0.944133386347779,47
2,7,0.956533812179977,0.332195032243417,47
4,7,0.879184343629751,0.741413557429366,47
3,7,0.854975007275966,0.768312626234441,47
5,7,0.830337781137077,0.720534611075324,47
6,7,0.705709014392795,0.699051885001307,47
1,8,0.975226908274021,0.934749441460255,47
2,8,0.959112743040153,0.464349268288549,47
4,8,0.880289673591952,0.667916399209893,47
3,8,0.851158766901455,0.931237675532354,47
5,8,0.846738196540876,0.574470490411377,47
6,8,0.708604879401845,0.606592551812333,47
1,9,0.984875118722468,0.926134826106807,47
2,9,0.952856451147035,0.961582238742444,47
4,9,0.881051201303567,0.913462685014731,47
3,9,0.861195710876264,0.802480878391691,47
5,9,0.824256398726303,0.36775029157182,47
6,9,0.710412543826015,0.0315899739617289,47
1,10,0.97453475306468,0.966265122061241,47
2,10,0.955687725050108,0.794485158331763,47
4,10,0.884843553678501,0.854912753013332,47
3,10,0.869373978343871,0.647498710134478,47
5,10,0.81967046280354,0.392251720911497,47
6,10,0.68773168744789,0.344954425747588,47
1,11,0.975694190056095,0.761056107562346,47
2,11,0.954110371370517,0.869426677742488,47
4,11,0.902157925275308,0.534575341919024,47
3,11,0.858232361934699,0.971916398389163,47
5,11,0.828766949372068,0.48170027973787,47
6,11,0.72676870234861,-0.0221176091105571,47
1,12,0.97250506931168,0.984324025834585,47
2,12,0.956303665886089,0.621436169988151,47
4,12,0.887816953307484,0.796877350464452,47
3,12,0.849395472812897,0.816689874888025,47
5,12,0.860191350590145,0.776196506838083,47
6,12,0.713669375975305,0.181377939867021,47
1,13,0.973759624162557,0.903173272117398,47
2,13,0.952532941301252,0.967893140914171,47
4,13,0.886160300522979,0.827204184499219,47
3,13,0.86118553414716,0.797475236520154,47
5,13,0.821988115203393,0.792220136379289,47
6,13,0.714601358630376,0.530047482755364,47
1,14,0.974395314867151,0.967695886763753,47
2,14,0.949750168266749,0.95059891904445,47
4,14,0.8744264733353,0.968855997360386,47
3,14,0.865603926509335,0.222524423972437,47
5,14,0.824400012980357,0.834034671217505,47
6,14,0.70815456222046,0.0986219482202614,47
1,15,0.974474918999734,0.924124789106286,47
2,15,0.953563325850279,0.921842422547269,47
4,15,0.876028377555038,0.948560193771481,47
3,15,0.872297189766159,0.830367353367573,47
5,15,0.833860682406929,0.29798061567217,47
6,15,0.722229546082294,0.379641531816797,47
1,1,0.966778171858501,0.95375328498418,48
2,1,0.955141890857322,0.923515384400939,48
3,1,0.802868762003956,0.859136938334695,48
5,1,0.808981327137611,0.127865391018331,48
4,1,0.805410161986012,0.610081950133659,48
6,1,0.654430667851309,0.291978289180939,48
1,2,0.967096400817323,0.961142782790802,48
2,2,0.95596449578596,0.895506740753801,48
3,2,0.806951950199702,0.640415846717516,48
5,2,0.807360179543032,0.337829768619469,48
4,2,0.828548690038906,-0.261173693516644,48
6,2,0.656694075066547,0.204571559611678,48
1,3,0.965594462519646,0.983270765994069,48
2,3,0.959188603617275,0.388011797372077,48
3,3,0.803622896502522,0.885756648659001,48
5,3,0.795107592638428,0.32207487602207,48
4,3,0.755893201570883,0.864672567382076,48
6,3,0.66601831803274,0.231637024053033,48
1,4,0.96656212311489,0.971521955382133,48
2,4,0.956680956504418,0.930546341568891,48
3,4,0.819319861476588,0.39829925562079,48
5,4,0.809855560335551,0.590626097462461,48
4,4,0.792922049352951,0.227575980536645,48
6,4,0.649258188646763,0.373573473095703,48
1,5,0.966397128190209,0.990417008069708,48
2,5,0.952663721153613,0.967534012195639,48
3,5,0.809664848620341,0.702911258544517,48
5,5,0.809994410314177,0.725605341829747,48
4,5,0.795105352303256,0.913862707053441,48
6,5,0.640124787561695,0.674496108815716,48
1,6,0.969215043235211,0.93577047761885,48
2,6,0.957719721873487,0.958138400612593,48
3,6,0.806846596918139,0.665354957920941,48
5,6,0.796711084744256,0.616275952774149,48
4,6,0.811542292863605,0.467306445953813,48
6,6,0.651233581139849,0.524852244192748,48
1,7,0.967485751820579,0.938916658904466,48
2,7,0.958878495258724,0.699024326581737,48
3,7,0.808852138768346,0.272503359957745,48
5,7,0.78313797202633,0.876790986501262,48
4,7,0.792016603375788,0.883441027532037,48
6,7,0.643791372348389,0.679734678990251,48
1,8,0.967355960146701,0.956064444831685,48
2,8,0.956055014592951,0.915452359969609,48
3,8,0.800101709485593,0.70970277356001,48
5,8,0.807469707390993,0.31934236611752,48
4,8,0.789711799995076,0.168382223509735,48
6,8,0.695457278134367,-0.435406800342519,48
1,9,0.97007306892465,0.91521424254842,48
2,9,0.954688444719312,0.93750894027555,48
3,9,0.847790748088791,0.735017900329171,48
5,9,0.797314209960339,0.750093086403472,48
4,9,0.810810560079723,0.141895466529829,48
6,9,0.660464359772375,0.370073899385528,48
1,10,0.966706411573695,0.979269654469411,48
2,10,0.957035750714231,0.869064301731386,48
3,10,0.813849431679016,0.492286612472765,48
5,10,0.824524332062975,-0.792148364327497,48
4,10,0.800458920694326,0.755256375417193,48
6,10,0.612331331275015,0.669759473690499,48
1,11,0.967395773128437,0.962273647021001,48
2,11,0.951458200956226,0.963772116626327,48
3,11,0.800969033758613,0.365342972839185,48
5,11,0.811888164799574,0.664666508236914,48
4,11,0.747112276552629,0.550855419447938,48
6,11,0.62136174177458,0.881032086791456,48
1,12,0.970854895254491,0.88683835865815,48
2,12,0.956146355010548,0.793773601417893,48
3,12,0.822061098717089,-0.123633306152728,48
5,12,0.810614878652239,0.654190256395761,48
4,12,0.824696912570329,0.652110455994453,48
6,12,0.669025954840631,0.0694847441909691,48
1,13,0.974194285883899,0.993397022586339,48
2,13,0.956118138886043,0.884118985112564,48
3,13,0.803041941785108,0.86539492589447,48
5,13,0.809743299900056,0.757060418919427,48
4,13,0.812453288490092,0.121068531848256,48
6,13,0.651768405109061,0.730008115875323,48
1,14,0.967233619315916,0.989142407096257,48
2,14,0.956467609670457,0.880414627113544,48
3,14,0.817433961280778,0.487743837968244,48
5,14,0.796698397099322,0.750374139655598,48
4,14,0.799866641877772,0.199186196703544,48
6,14,0.67255218392598,0.287545746292782,48
1,15,0.968602286008021,0.89037751392436,48
2,15,0.950669818670655,0.983985264019093,48
3,15,0.792469895895854,0.935795845681924,48
5,15,0.806340869953111,-0.333561971203746,48
4,15,0.808793044873164,0.249141956182099,48
6,15,0.658108951133573,0.547447216735098,48
1,1,0.948534929977615,0.986637160479806,49
2,1,0.943634909905044,0.881774864120241,49
4,1,0.828471933318055,0.294741384784291,49
3,1,0.783343097664391,0.62098563772347,49
5,1,0.678881822907755,0.241140692561292,49
6,1,0.635590939666612,0.938906989251338,49
1,2,0.953231885057057,0.971486381903023,49
2,2,0.942852808352218,0.891308268386283,49
4,2,0.805551681178178,0.766288346221177,49
3,2,0.785724378946018,0.618993712441254,49
5,2,0.672174925398665,0.502047101737704,49
6,2,0.621297118815207,0.685453343117759,49
1,3,0.950744766140849,0.993860621365583,49
2,3,0.934130034073796,0.973552734511662,49
4,3,0.794653956161077,0.769752657384616,49
3,3,0.798708048943818,0.912457792809743,49
5,3,0.660017853449574,0.825769194870222,49
6,3,0.612301269725747,0.609056501091441,49
1,4,0.952727814520663,0.925007009207036,49
2,4,0.943812091654477,0.911508532856195,49
4,4,0.826573702441813,-0.399461762597395,49
3,4,0.786969996733301,0.65294812281858,49
5,4,0.665489644280728,0.221803288990253,49
6,4,0.638270718384518,0.644242258108804,49
1,5,0.95720595708243,0.777587292513275,49
2,5,0.941757948749458,0.92869338728527,49
4,5,0.813150307399741,0.789253016829779,49
3,5,0.765287217284825,0.882342489642932,49
5,5,0.701145654954898,-0.0499105609078057,49
6,5,0.649637678074262,-0.0548700991175318,49
1,6,0.971766111397597,0.621713996660833,49
2,6,0.946943538952986,0.702229846008983,49
4,6,0.810481668485619,0.374401593996381,49
3,6,0.781950817760874,0.90007914350634,49
5,6,0.712838117936451,-0.354276505631828,49
6,6,0.641638714562089,0.395462798582122,49
1,7,0.953946940797184,0.974224154277567,49
2,7,0.944688779448888,0.821411734425199,49
4,7,0.800871192444496,0.641763522598487,49
3,7,0.809127861456635,0.194823034782185,49
5,7,0.687453986705631,0.100043072718451,49
6,7,0.648265225153561,0.357076937702806,49
1,8,0.952355026269391,0.9667897793097,49
2,8,0.943249252675188,0.800099197719722,49
4,8,0.818206448888249,0.407226371466927,49
3,8,0.774484185295945,0.797509284332512,49
5,8,0.673279596890455,0.756905773583205,49
6,8,0.634780344192291,0.456584398789055,49
1,9,0.952785118178085,0.882693841822962,49
2,9,0.947159455846755,0.696221249625006,49
4,9,0.84973952436553,0.0989644512359617,49
3,9,0.818271108078402,0.622797725396029,49
5,9,0.671596161286756,0.511646277352703,49
6,9,0.648910797527979,0.215512618156142,49
1,10,0.951807999471951,0.987512844157334,49
2,10,0.94408629360979,0.869084169255861,49
4,10,0.816259473776744,0.660289314502059,49
3,10,0.781462763692916,0.798862197201957,49
5,10,0.663844832159149,0.688074816441969,49
6,10,0.670690857713795,-0.583082172508607,49
1,11,0.95305314375174,0.966077630256287,49
2,11,0.947068413822137,0.741644602472028,49
4,11,0.804308293932497,0.624047152396033,49
3,11,0.78685245403923,0.692290041229909,49
5,11,0.661324479875231,0.768947932241784,49
6,11,0.640516132350606,0.277977289886729,49
1,12,0.954167674362086,0.951723872754738,49
2,12,0.935289819544277,0.942501230999092,49
4,12,0.787473085573085,0.793777074653633,49
3,12,0.787749448293549,0.789418653327506,49
5,12,0.685909845429448,-0.135685146361393,49
6,12,0.622915972566831,-0.171336286940647,49
1,13,0.953711332251277,0.950427384798439,49
2,13,0.942845201648686,0.933149485789886,49
4,13,0.788724157706426,0.611673318269952,49
3,13,0.808708257203794,0.846599596002746,49
5,13,0.65922555093841,0.435175415035755,49
6,13,0.651893027356479,0.199217910250575,49
1,14,0.95537761703331,0.795963843576422,49
2,14,0.942818359059539,0.898100027425565,49
4,14,0.787162644463041,0.224185237440633,49
3,14,0.782552768471177,0.850546880098317,49
5,14,0.690353019901148,0.0195881560890138,49
6,14,0.626860276550395,0.261998324545396,49
1,15,0.952275080827221,0.971826888912836,49
2,15,0.932087147510427,0.969488465119234,49
4,15,0.807394131677246,0.810202194623933,49
3,15,0.778803829523967,0.488418333651551,49
5,15,0.687155389650178,0.604426875232379,49
6,15,0.614409550313987,0.549436706411798,49
1,1,0.902212205220073,0.965450246181384,50
2,1,0.899175030151943,0.745008105003349,50
4,1,0.726117759604201,0.83811056786535,50
3,1,0.636644727164556,0.897340376470196,50
6,1,0.563115471782478,0.700908073634886,50
5,1,0.549765188236844,0.207632460813358,50
1,2,0.911409631310365,0.627092139870065,50
2,2,0.889188388906361,0.90485058046685,50
4,2,0.742820190334048,0.543004050189462,50
3,2,0.657097256891776,0.635292406732783,50
6,2,0.62194931979862,-0.00357734417523072,50
5,2,0.541234297890793,0.0816464571040954,50
1,3,0.899736391092702,0.985858297888381,50
2,3,0.900291109715838,0.887539166670315,50
4,3,0.729846980321092,0.316116677783277,50
3,3,0.679699806118835,0.726836712828445,50
6,3,0.583457979017226,0.520491562856377,50
5,3,0.574288233316972,0.499070565788714,50
1,4,0.906208838950468,0.989525124538122,50
2,4,0.88112101989293,0.943722409278158,50
4,4,0.714991457888921,0.935813924758991,50
3,4,0.636971726216702,0.567212568819669,50
6,4,0.611494298239479,0.481894231283792,50
5,4,0.516617302556742,0.602616885301464,50
1,5,0.906160955922857,0.961891250141897,50
2,5,0.899818461679465,0.680977756862784,50
4,5,0.744746191034712,0.641132841987967,50
3,5,0.652303811589551,0.449893510678927,50
6,5,0.508341782499312,0.256698382710995,50
5,5,0.52084782415475,0.887132828199452,50
1,6,0.90428189192716,0.996045667815828,50
2,6,0.894781582197165,0.844470528697607,50
4,6,0.73012892536955,0.78751688229594,50
3,6,0.64652297423028,0.570650428788716,50
6,6,0.622516647138623,0.32581061107819,50
5,6,0.494101462158344,0.846998931462713,50
1,7,0.916748564101162,0.857836027739256,50
2,7,0.908622062455589,0.759512914363468,50
4,7,0.739242633375533,0.25444399613176,50
3,7,0.654852325604449,0.279978683544445,50
6,7,0.61393976164138,0.386103575628968,50
5,7,0.570039232775452,0.681626157542798,50
1,8,0.906696012615085,0.775973388349564,50
2,8,0.895193945044195,0.82542359961515,50
4,8,0.72774803974021,0.25584161957586,50
3,8,0.660359566866111,0.321898234716476,50
6,8,0.588064246013743,0.381555959059056,50
5,8,0.573602300376864,-0.119223011229253,50
1,9,0.916796257990829,0.807748390176206,50
2,9,0.908608536974254,0.447044124973118,50
4,9,0.72528224025423,0.842111718881828,50
3,9,0.673126960317006,0.1612860102057,50
6,9,0.633005349418168,-0.158123038257358,50
5,9,0.546333409822248,0.115494436905488,50
1,10,0.916497187284021,0.902743116992813,50
2,10,0.899879328706472,0.697230435004695,50
4,10,0.728055622710672,0.685280076722155,50
3,10,0.645125935324594,0.90185298437999,50
6,10,0.631002036116022,-0.240970148423099,50
5,10,0.526112572190782,0.739374845342201,50
1,11,0.907686302712685,0.996908018680963,50
2,11,0.895329891173548,0.921421769857765,50
4,11,0.727672321649804,0.748935175181978,50
3,11,0.644249988506328,0.813564547083234,50
6,11,0.617788294387911,0.369017978536098,50
5,11,0.509693312963166,0.727293594019075,50
1,12,0.903117823810867,0.957497676054528,50
2,12,0.876278078882371,0.930304244158213,50
4,12,0.736860009575905,0.81637456641025,50
3,12,0.622365663828822,0.925464267835902,50
6,12,0.580885491222685,0.765275042684471,50
5,12,0.551157111267441,0.587452192106403,50
1,13,0.918664322028426,0.728038197107752,50
2,13,0.8852977718927,0.94146539016477,50
4,13,0.736139227404507,0.49229392264429,50
3,13,0.688072276785671,0.450108847675318,50
6,13,0.53126756569378,-0.00613093562152683,50
5,13,0.596592681503307,-0.0638767951290204,50
1,14,0.906053656478426,0.949277354157503,50
2,14,0.875973527324444,0.986899351951234,50
4,14,0.746347561018043,-0.0609361326552897,50
3,14,0.647443975059467,0.666198284856276,50
6,14,0.597554999931345,0.442438562969906,50
5,14,0.533392045847953,0.287159196829989,50
1,15,0.907653876562836,0.819286238981214,50
2,15,0.900498329210302,0.778441489565521,50
4,15,0.729425520285864,0.37007136701702,50
3,15,0.644939413481378,0.319721152693916,50
6,15,0.588706313328246,0.334259118437268,50
5,15,0.559173679992995,0.457308600760317,50
2,1,0.981847745060757,0.887024930127166,51
1,1,0.981157295756464,0.9475461196218,51
3,1,0.89537931375751,0.343626910587911,51
4,1,0.870264449022681,0.346502706270907,51
6,1,0.770552556320104,0.599463690202783,51
5,1,0.734328142839524,0.174259724176191,51
2,2,0.98440721552342,0.932245364776226,51
1,2,0.980808028673851,0.932624285007936,51
3,2,0.892790325290968,0.566194335650609,51
4,2,0.85953707631958,0.820816214003105,51
6,2,0.797928776231344,0.571777442895978,51
5,2,0.751644771632311,0.352988715827215,51
2,3,0.98566877017842,0.90009773594961,51
1,3,0.979469850655644,0.968073644034529,51
3,3,0.905709108902076,0.389968384553716,51
4,3,0.864107995151111,0.411603084954733,51
6,3,0.777452986620773,-0.976726280018383,51
5,3,0.755169194526776,0.594909646942918,51
2,4,0.985004991302296,0.886419624090478,51
1,4,0.979543185255466,0.919649186120319,51
3,4,0.890876402525876,0.78332699651454,51
4,4,0.868596518975284,0.0161393609929918,51
6,4,0.77754411756457,0.504120013104942,51
5,4,0.727273290964457,0.48158953973923,51
2,5,0.981295114989368,0.933013186181865,51
1,5,0.981447845663647,0.978837907597531,51
3,5,0.898313047517281,0.511587312546821,51
4,5,0.866634898200696,0.719975601947245,51
6,5,0.772097162120249,-0.0201019845448517,51
5,5,0.758547095293984,0.532267517197821,51
2,6,0.987380169101391,0.835905218380978,51
1,6,0.978715568050774,0.991012394001229,51
3,6,0.897898755188654,0.558515351377155,51
4,6,0.863081477824513,0.586332894474318,51
6,6,0.766034443570361,0.592177969697068,51
5,6,0.7164891985572,0.854445305534273,51
2,7,0.984550999498465,0.677959526212017,51
1,7,0.982641832188061,0.94157998927362,51
3,7,0.900871184962482,0.61706326284151,51
4,7,0.883841702836862,0.726403524620187,51
6,7,0.789837431971988,-0.0336359734679481,51
5,7,0.729164272857019,0.718582749469527,51
2,8,0.983976593876996,0.928977467022927,51
1,8,0.979231610131951,0.957538473100591,51
3,8,0.894211299075547,0.778118632066409,51
4,8,0.883542753909552,0.448952958440155,51
6,8,0.786545857692629,0.0922294066979473,51
5,8,0.744985318401091,0.347443767075192,51
2,9,0.983166304400896,0.716578372694778,51
1,9,0.980104325852138,0.974402419988357,51
3,9,0.897125404068794,0.745297251265829,51
4,9,0.870820139021105,0.295552368352401,51
6,9,0.809282254455444,-0.276311056847422,51
5,9,0.719051930487634,0.90493058951183,51
2,10,0.981185406238945,0.813515240445214,51
1,10,0.983408782078216,0.860497473667422,51
3,10,0.89882379737313,0.563479699819575,51
4,10,0.869100978057732,0.697464246297557,51
6,10,0.772314845421457,0.563018141928607,51
5,10,0.771727194911509,-0.0846425500704398,51
2,11,0.979804226604346,0.907017009772922,51
1,11,0.981723049756233,0.983908484764697,51
3,11,0.895255758476225,0.814742504973698,51
4,11,0.862828167154507,0.883986578785433,51
6,11,0.791734113676302,-0.0722030001528479,51
5,11,0.720989265641314,0.62677064990768,51
2,12,0.984159624891173,0.947729999795175,51
1,12,0.978431462774582,0.982720004508684,51
3,12,0.913543842463781,0.462553579245379,51
4,12,0.882589775547341,0.189274575152379,51
6,12,0.773406765303435,0.167226386545472,51
5,12,0.727378243800761,0.437675607524652,51
2,13,0.982658603906084,0.809345597441292,51
1,13,0.981246288254287,0.870535564222687,51
3,13,0.927927511687751,0.465284761850321,51
4,13,0.883313665563673,0.0599789720986471,51
6,13,0.80057089080435,0.739998007207228,51
5,13,0.723261747717887,0.868274409072819,51
2,14,0.984621770698008,0.909558732763528,51
1,14,0.979375017870894,0.95571097748285,51
3,14,0.909340039543705,0.226941765429506,51
4,14,0.865484181892348,0.792773896702528,51
6,14,0.764223467302643,0.135607172973616,51
5,14,0.722870871529548,0.643303423677283,51
2,15,0.983361482122081,0.893585852979158,51
1,15,0.979495623934784,0.968940292681515,51
3,15,0.899090406969729,0.737532399218474,51
4,15,0.863232292902611,0.878478836946721,51
6,15,0.778692955004683,-0.442039078119367,51
5,15,0.762280206365313,0.360108235395301,51
1,1,0.973087671881864,0.945143247426954,52
2,1,0.968549977861621,0.208535334527864,52
4,1,0.902822349003021,0.588503199492389,52
3,1,0.86164170874502,0.256703534297289,52
5,1,0.832093012886128,0.268972321808711,52
6,1,0.706034614742844,-0.701683982638318,52
1,2,0.973566300674792,0.946717187172007,52
2,2,0.960377902999231,0.91238950972016,52
4,2,0.909541612354978,0.598332572799806,52
3,2,0.841658807507166,0.834687925865158,52
5,2,0.851616382277816,-0.233988715143701,52
6,2,0.71115212605022,-0.0344946935980271,52
1,3,0.972990918040877,0.966528535931811,52
2,3,0.960835166426346,0.841249321188621,52
4,3,0.898517486430409,0.393006420387505,52
3,3,0.846077139867114,0.844033051499056,52
5,3,0.808431578171749,0.619394435398039,52
6,3,0.713815914783939,0.695903790087192,52
1,4,0.98305449403031,0.835288828677845,52
2,4,0.957419056321877,0.942982173329641,52
4,4,0.90181413642493,0.70210745189831,52
3,4,0.843611868332194,0.905422950324124,52
5,4,0.830557432498726,0.432301507071456,52
6,4,0.71388267465782,0.351671534816333,52
1,5,0.972778782797307,0.974258732431086,52
2,5,0.960011894973758,0.770703863090857,52
4,5,0.915988511041448,0.505269471684965,52
3,5,0.857671653362593,0.682558087784181,52
5,5,0.819632744659284,0.707357936560131,52
6,5,0.711200147071787,0.505378873208071,52
1,6,0.9724408816,0.969072113510225,52
2,6,0.959774837943033,0.517398169239454,52
4,6,0.897299799307642,0.373133142635273,52
3,6,0.888634361444177,0.883427189386693,52
5,6,0.837624589230859,0.460235168240388,52
6,6,0.692912831038884,0.280431082593753,52
1,7,0.971147896749057,0.981422955449423,52
2,7,0.957976212379672,0.916779115910957,52
4,7,0.891875384423505,0.719614785567558,52
3,7,0.870763501243702,0.402432584250032,52
5,7,0.832800230171331,0.323275448481948,52
6,7,0.711447078520611,0.0524246941228612,52
1,8,0.972971639501637,0.863218090320948,52
2,8,0.959038900529193,0.933460951076644,52
4,8,0.91161992151839,0.0138333784219814,52
3,8,0.848203185383402,0.830600802004811,52
5,8,0.819171401302548,0.481808656152028,52
6,8,0.696671598854759,0.544670260699496,52
1,9,0.971491256915548,0.974896728486543,52
2,9,0.963957648094896,0.918812669775437,52
4,9,0.900020415092892,0.89839204213652,52
3,9,0.843526221870771,0.916027164853562,52
5,9,0.819739789592207,0.920578235487207,52
6,9,0.694844170434231,0.884737184946914,52
1,10,0.972380429859703,0.981892868457474,52
2,10,0.960501305968872,0.802135676687935,52
4,10,0.885695236987354,0.863055238696475,52
3,10,0.859803927059321,0.683809574843105,52
5,10,0.832324861269869,0.0692418380527247,52
6,10,0.701259078415213,0.374048260091507,52
1,11,0.976038980425475,0.9516964879975,52
2,11,0.969760251908811,0.482799294842354,52
4,11,0.906938115488283,0.934276433719834,52
3,11,0.849958518558019,0.82386107007782,52
5,11,0.829400328434959,0.240754236771861,52
6,11,0.731772947799414,-0.0134967933991401,52
1,12,0.974889569736731,0.700530559754109,52
2,12,0.959106997219427,0.953477281731199,52
4,12,0.900233919368659,-0.0283997469691953,52
3,12,0.846693287345857,0.823074682879084,52
5,12,0.803319460153279,0.809891036897331,52
6,12,0.720928301508858,0.392714195426045,52
1,13,0.976355097767428,0.961214229286261,52
2,13,0.963598699377384,0.808576901261673,52
4,13,0.896849642738721,0.822054043193352,52
3,13,0.84417373757847,0.628550936867376,52
5,13,0.814345496968898,0.470561031863415,52
6,13,0.764339303879298,-0.0672016586150181,52
1,14,0.97281550639459,0.982509937035738,52
2,14,0.959051006146941,0.927841663619625,52
4,14,0.901611599855454,0.472023043584883,52
3,14,0.850281215258207,0.646777646647182,52
5,14,0.817011201408464,0.787303675143155,52
6,14,0.702236345031849,0.496121240593919,52
1,15,0.97241256144422,0.989264147349883,52
2,15,0.956970259674092,0.969763070194501,52
4,15,0.897168892359132,0.92800033062129,52
3,15,0.839867342632831,0.9234639268783,52
5,15,0.834851917039225,-0.0959735103958628,52
6,15,0.705420307041315,0.657906659368754,52
2,1,0.978822727016946,0.937422264072914,53
1,1,0.981949814192904,0.902349165247303,53
3,1,0.910371429058603,-0.304656641630078,53
4,1,0.848368957652762,0.728964175651352,53
5,1,0.814317322007245,0.63652674353102,53
6,1,0.703413171807382,0.279840523254082,53
2,2,0.979086992492861,0.722731861771382,53
1,2,0.977782851315181,0.995396777030903,53
3,2,0.901609905283574,0.24391484635395,53
4,2,0.859527685203892,0.357925024744479,53
5,2,0.850657539734323,-0.232013082737941,53
6,2,0.727066106409101,0.103626661426582,53
2,3,0.980752425538031,0.904741176541163,53
1,3,0.9768780159943,0.92942701367009,53
3,3,0.882472905853751,0.796275776851358,53
4,3,0.860066432325497,0.505080423633226,53
5,3,0.812076762374035,0.749927406919907,53
6,3,0.720719750085287,0.111768471971107,53
2,4,0.980467715121984,0.726732493584675,53
1,4,0.979381219410265,0.881130274072957,53
3,4,0.89393530585028,-0.0317079965061285,53
4,4,0.835951398469196,0.720913971343612,53
5,4,0.826415628132823,0.0642718273967717,53
6,4,0.732128923347683,-0.572359892106553,53
2,5,0.981633262330926,0.84895997924324,53
1,5,0.976621439113593,0.973755253366241,53
3,5,0.896198258083195,0.744276155387624,53
4,5,0.832348177134733,0.78853024756691,53
5,5,0.84346730585968,0.0885155645724818,53
6,5,0.700608514792438,0.307570238598059,53
2,6,0.977231516275366,0.888755069025943,53
1,6,0.976723959531576,0.97044907674153,53
3,6,0.89964457685807,0.592815819633037,53
4,6,0.851719358838345,0.130467971309667,53
5,6,0.830628660961051,0.14065361655303,53
6,6,0.668328613800988,0.494119118484831,53
2,7,0.975633302623307,0.923189323436402,53
1,7,0.976554188352974,0.983334436325052,53
3,7,0.895585948566018,0.783510064789003,53
4,7,0.879092606991377,0.272470364912637,53
5,7,0.816335489997802,0.598166761632233,53
6,7,0.681588475317213,0.648519838763252,53
2,8,0.983313792936091,0.867484005442155,53
1,8,0.983350445582236,0.255591411902109,53
3,8,0.886172741761233,0.686480763092704,53
4,8,0.876214837707389,-0.0625296641740919,53
5,8,0.82608566500926,0.382032482393675,53
6,8,0.755979795376488,-0.0946315925268258,53
2,9,0.982323165215599,0.565134283316546,53
1,9,0.975975235793454,0.980703122822244,53
3,9,0.911833872502356,0.600431549857943,53
4,9,0.854724432530508,0.390593826818367,53
5,9,0.832982992007723,0.137224912375404,53
6,9,0.732243869521653,0.100540227353497,53
2,10,0.976971308229268,0.95502113046586,53
1,10,0.977458022765344,0.987227916967079,53
3,10,0.89338462541835,0.482437712878284,53
4,10,0.837729951627094,0.768139014425071,53
5,10,0.82274583365779,0.0879308506284474,53
6,10,0.695322435617823,0.516026658724815,53
2,11,0.980131635843725,0.907915290946215,53
1,11,0.97548065232325,0.983079837522223,53
3,11,0.880844307680865,0.976861809950932,53
4,11,0.852823064744366,0.175917400339601,53
5,11,0.81552581477857,0.719266962532034,53
6,11,0.696282020850732,-0.126163049912449,53
2,12,0.984420999818269,0.917230514883523,53
1,12,0.97547016852347,0.994602887022842,53
3,12,0.899592121932114,0.776944079631159,53
4,12,0.841271120959442,0.774076416180566,53
5,12,0.812625517014102,0.618164944266612,53
6,12,0.701146646227737,0.117433748071304,53
2,13,0.980749111111979,0.755735190138108,53
1,13,0.976794655547334,0.986252123436477,53
3,13,0.918654993111937,0.612978189359035,53
4,13,0.826644071780334,0.696847420523012,53
5,13,0.756296981235377,0.851478823156886,53
6,13,0.713380239620921,0.504107271245594,53
2,14,0.976848745183471,0.75058355870237,53
1,14,0.980472190269408,0.946212835046647,53
3,14,0.892726918288194,0.691828890535983,53
4,14,0.836226684861818,0.79608172899207,53
5,14,0.821212183783236,0.565542782154639,53
6,14,0.691887617859866,0.611995025320785,53
2,15,0.979338994326709,0.888518282769748,53
1,15,0.981100229326823,0.865730399613016,53
3,15,0.884942227940875,0.775022236680473,53
4,15,0.833222214622296,0.747224014966264,53
5,15,0.812692643929169,0.638422438632538,53
6,15,0.72092065612421,-0.0196320969378207,53
1,1,0.982738914323959,0.410701926271509,54
2,1,0.968034575038423,0.778620180174181,54
3,1,0.888573718184619,0.921155556658206,54
4,1,0.839556426644443,0.332160424358272,54
6,1,0.707806935023291,0.0988364123445843,54
5,1,0.738553658319546,0.123335683460708,54
1,2,0.98183324636286,0.919605451576475,54
2,2,0.967240657544169,0.852492525927348,54
3,2,0.889327296167673,0.742457944474672,54
4,2,0.831598176703868,0.602323415924011,54
6,2,0.736570154905717,-0.30902754925481,54
5,2,0.734911049873191,0.69449567866526,54
1,3,0.981922115662334,0.942991741148959,54
2,3,0.961058167644154,0.969262174205459,54
3,3,0.908021847444025,0.275197236154647,54
4,3,0.839941741202402,0.388837627562771,54
6,3,0.742955814480561,0.374360837019483,54
5,3,0.697879303917104,0.770068916701443,54
1,4,0.982533326752588,0.914674750463405,54
2,4,0.967837462633672,0.804540227265892,54
3,4,0.878074942062139,0.889725939605582,54
4,4,0.827794721095512,0.857821019511644,54
6,4,0.769206167408577,-0.223412751067648,54
5,4,0.707996297231714,0.699281093945972,54
1,5,0.982438368493858,0.968430671392775,54
2,5,0.966486748015724,0.768045671471456,54
3,5,0.90163469269622,0.54339508438299,54
4,5,0.827348763230108,0.644920048259908,54
6,5,0.73256312401591,0.435399676490942,54
5,5,0.691747010135277,0.633987446734082,54
1,6,0.981274767163491,0.973288298332842,54
2,6,0.959962506168675,0.982593953071262,54
3,6,0.89622119025423,0.584156624340076,54
4,6,0.826894438116195,0.831523538802513,54
6,6,0.689536487154353,0.515407209785018,54
5,6,0.754323776926893,0.142543069507604,54
1,7,0.982480488523077,0.74262325354699,54
2,7,0.964755512494519,0.954586197710881,54
3,7,0.902623001331379,0.0324153416407674,54
4,7,0.846320602350704,0.359391499189643,54
6,7,0.723670056575983,0.301386710852666,54
5,7,0.733680813016649,0.204448484532412,54
1,8,0.980594327035994,0.993233850525693,54
2,8,0.964239830605975,0.930334109859969,54
3,8,0.889385652345823,0.786131460372875,54
4,8,0.835957236984639,0.318433079328716,54
6,8,0.704027311465241,0.286339050064522,54
5,8,0.742783847466256,0.0465721331024904,54
1,9,0.981728002967618,0.925288845561203,54
2,9,0.958480688357363,0.985388008445841,54
3,9,0.890908520989211,0.821665314163286,54
4,9,0.821295722245347,0.915531758162095,54
6,9,0.69576256682488,0.690008600759739,54
5,9,0.738765726578251,0.196531207215971,54
1,10,0.984951298467054,0.895847371227654,54
2,10,0.966623605810129,0.84826212559667,54
3,10,0.880302711291341,0.814120973516892,54
4,10,0.845247315929357,0.617657286952603,54
6,10,0.726879431598278,0.095065259163202,54
5,10,0.741627130433523,0.37356356567902,54
1,11,0.981777178833439,0.960833271029193,54
2,11,0.961799197762575,0.976892639609637,54
3,11,0.890411292370967,0.755878163817984,54
4,11,0.829556787551192,0.794032812040356,54
6,11,0.692105858040392,0.745132368638279,54
5,11,0.734122674672157,0.0698961291881786,54
1,12,0.98220904751407,0.883430018933889,54
2,12,0.964180141455226,0.957726093046782,54
3,12,0.893572753054352,0.484968071782993,54
4,12,0.837404177356378,0.0073561653773242,54
6,12,0.703374453290331,0.595937976560184,54
5,12,0.743446776205585,-0.0161477133361385,54
1,13,0.980978029468316,0.988172980076138,54
2,13,0.96536259164624,0.88502626286096,54
3,13,0.89051620499873,0.848456836780414,54
4,13,0.826352338936539,0.613009309820986,54
6,13,0.707876063899226,0.00247041584609122,54
5,13,0.730095176874175,0.634998319135867,54
1,14,0.98049642375121,0.989526503228192,54
2,14,0.9741059507835,-0.0975268612212455,54
3,14,0.884874677225494,0.869952855866405,54
4,14,0.835236787144845,0.293660299897569,54
6,14,0.711547418701951,-0.268132775807346,54
5,14,0.746934065676375,0.429316670481024,54
1,15,0.981364961070996,0.979730393120601,54
2,15,0.967329145721958,0.463139874792013,54
3,15,0.893866312335499,0.708223133434437,54
4,15,0.857486123310356,0.565729828426511,54
6,15,0.728260952903869,0.54153064087241,54
5,15,0.769714259539397,-0.013527960300614,54
1,1,0.963330580794631,0.947611983252944,55
2,1,0.941124003037035,0.966895885950661,55
4,1,0.835578606621766,0.737998251374963,55
3,1,0.752013357020552,0.527764330845636,55
5,1,0.712039205933126,0.407508317913188,55
6,1,0.581119277153226,0.605055764048942,55
1,2,0.963359658456055,0.894667718502641,55
2,2,0.950114588177752,0.653603333671717,55
4,2,0.825078129687786,0.760826411871788,55
3,2,0.762015348706704,0.707118850622059,55
5,2,0.691769010801661,0.483370256922955,55
6,2,0.599960730096664,0.47186583991596,55
1,3,0.96215184510428,0.953508555912933,55
2,3,0.940078482752549,0.966401845849775,55
4,3,0.820573148747174,0.871530794351875,55
3,3,0.760490337670896,0.670264145935521,55
5,3,0.678094474084523,0.668423375717292,55
6,3,0.563010922276022,0.367073203669776,55
1,4,0.967920241775574,0.913715568231627,55
2,4,0.948062567880533,0.866810124679517,55
4,4,0.839896117656164,0.506333444890545,55
3,4,0.764340580976157,0.612259464021649,55
5,4,0.686025581391441,0.143350255723029,55
6,4,0.591804776761888,0.452999247833829,55
1,5,0.962524470206405,0.947253475369683,55
2,5,0.941923152269681,0.994762197517088,55
4,5,0.825455827987781,0.365704115216161,55
3,5,0.761360896151157,0.900499404870079,55
5,5,0.684080557155409,0.882241633831053,55
6,5,0.590630220321694,0.167560788056315,55
1,6,0.964133657674954,0.91112334025542,55
2,6,0.945253000564077,0.912519359635162,55
4,6,0.826935413679518,0.710269819272608,55
3,6,0.776142855682617,0.645585495488973,55
5,6,0.721665303559594,0.19047177572518,55
6,6,0.602042025994576,-0.249342479192745,55
1,7,0.965441692546954,0.907779530834575,55
2,7,0.949496894700552,0.869130828752518,55
4,7,0.820046410368401,0.751529560978531,55
3,7,0.76695344701107,0.936680607680778,55
5,7,0.67331447849769,0.480226157056364,55
6,7,0.594309307534663,0.623321635128943,55
1,8,0.961691727648983,0.980664593827028,55
2,8,0.942754259005473,0.988807675432924,55
4,8,0.832932137202048,0.743463539167234,55
3,8,0.772297210371112,0.569220691988774,55
5,8,0.669905995873354,0.498470427949507,55
6,8,0.589040685254582,0.581341534225718,55
1,9,0.96232513981958,0.947302309642007,55
2,9,0.949706638819315,0.797073554542482,55
4,9,0.830618703804897,0.488372917389738,55
3,9,0.757977979582544,0.628096012604331,55
5,9,0.683271072903071,0.493925375384651,55
6,9,0.583921493227898,0.175955309407499,55
1,10,0.966409990290434,0.882404573281549,55
2,10,0.94720413108085,0.652149156013042,55
4,10,0.820571139365477,0.581272872787388,55
3,10,0.794620389925114,0.718208648957864,55
5,10,0.720534056657693,-0.463054585411351,55
6,10,0.601380289851416,0.0495098528847151,55
1,11,0.960850270443034,0.981577099370787,55
2,11,0.939577922573281,0.98838872028531,55
4,11,0.800615532488446,0.807788368337147,55
3,11,0.785887193139212,0.697809780904738,55
5,11,0.639682678040607,-0.136698907468564,55
6,11,0.593744747776085,0.554532518327384,55
1,12,0.964997451573507,0.994059746527926,55
2,12,0.950806388209293,0.920193230242015,55
4,12,0.825769441158408,0.885574939379851,55
3,12,0.774497532158512,0.750831204830365,55
5,12,0.706770663368692,0.299120988948812,55
6,12,0.596782656278026,0.85383230605007,55
1,13,0.96210362922792,0.94374083243919,55
2,13,0.946224218923568,0.735280602971455,55
4,13,0.834243992298438,0.529566720303539,55
3,13,0.78633172584289,0.449913904234595,55
5,13,0.67041917871678,0.826814839085865,55
6,13,0.601752132421474,-0.3605229409229,55
1,14,0.958213116867482,0.99247265024133,55
2,14,0.948595266476089,0.73455879893255,55
4,14,0.826639205278444,0.699520305349664,55
3,14,0.760509273556116,0.749064083436081,55
5,14,0.683982963330202,0.354280690247182,55
6,14,0.570509989173524,0.723281106693343,55
1,15,0.960160219392145,0.997601377059752,55
2,15,0.946155998294227,0.810482090397164,55
4,15,0.824487714144647,0.810486839760645,55
3,15,0.757009075633697,0.860066413036633,55
5,15,0.669366208683576,0.501035616182604,55
6,15,0.614422107205649,-0.150215527572436,55
1,1,0.978890669697733,0.918487265137297,56
2,1,0.965905060057163,0.805884114113396,56
3,1,0.893853702709707,0.873705012482676,56
4,1,0.889554011433381,0.541996980487831,56
5,1,0.830445393031025,0.549140380740637,56
6,1,0.739059113338458,0.844803738147992,56
1,2,0.979399309649135,0.926998378317398,56
2,2,0.967334010255393,0.55322087432027,56
3,2,0.91972944672342,0.333416027662372,56
4,2,0.892142659260397,0.350665874464235,56
5,2,0.848109531153124,0.313947014765211,56
6,2,0.780382050379045,0.202476778988466,56
1,3,0.980197632781443,0.959712919689971,56
2,3,0.968600900913244,0.775571074579546,56
3,3,0.902950025517399,0.511492066804243,56
4,3,0.868629698681871,0.947749013668484,56
5,3,0.844517891458939,-0.302039041873656,56
6,3,0.756738379309437,0.514825654808484,56
1,4,0.975345478107945,0.98355254603724,56
2,4,0.966676427156835,0.902940700729575,56
3,4,0.906539515784168,0.546180842513818,56
4,4,0.892133534807374,0.433215920068136,56
5,4,0.868696506656172,0.283706623516821,56
6,4,0.756136654701894,0.176533826837346,56
1,5,0.976530344964917,0.987712389224906,56
2,5,0.972101911437715,0.413115323826209,56
3,5,0.904895509980415,0.758037475804396,56
4,5,0.8846101404319,0.537000070479632,56
5,5,0.836252624006677,0.35686258681951,56
6,5,0.752710858996283,0.498500050629631,56
1,6,0.978208449963437,0.92950929227619,56
2,6,0.967048620367802,0.89016828479734,56
3,6,0.90321966142469,0.711459283564891,56
4,6,0.884595442081699,0.641186844301758,56
5,6,0.833498958758942,0.318370354703384,56
6,6,0.780612319281911,-0.170480043848597,56
1,7,0.979782110217687,0.908538700120915,56
2,7,0.964257624259925,0.949162284699385,56
3,7,0.907602328175825,0.883838358105886,56
4,7,0.879381318221451,0.565525006677534,56
5,7,0.822129239535087,0.891339794459442,56
6,7,0.760096414514597,-0.228419800297937,56
1,8,0.986911426125144,0.831958179505506,56
2,8,0.968574705821944,0.595894471655841,56
3,8,0.918996014704653,0.660725224673719,56
4,8,0.874032114607458,0.723566162398109,56
5,8,0.828936292979233,0.771321842844043,56
6,8,0.744457558429373,0.31414682469521,56
1,9,0.977378088407955,0.989645636413993,56
2,9,0.967752223994048,0.779262842181082,56
3,9,0.897210778323368,0.89666151281181,56
4,9,0.875872646571054,0.829336077156653,56
5,9,0.826885136351762,0.51944177884378,56
6,9,0.744041737299671,0.714188079233309,56
1,10,0.97916733405904,0.670722900169823,56
2,10,0.968486523163517,0.386878196089463,56
3,10,0.900671421560274,0.216695866271944,56
4,10,0.883402614338489,0.574916248239456,56
5,10,0.832681418976534,0.00046998105897317,56
6,10,0.759093249001936,0.14404875102109,56
1,11,0.976677408823836,0.985116568248639,56
2,11,0.965896062707934,0.862295899186097,56
3,11,0.89883707373373,0.831745243281632,56
4,11,0.882963029738905,-0.427236320884517,56
5,11,0.840824993308836,0.367290123723121,56
6,11,0.754065233190795,0.0803293854610651,56
1,12,0.978406490964048,0.965251878826273,56
2,12,0.965602325782851,0.936593068277602,56
3,12,0.892920933167553,0.84274416826809,56
4,12,0.8781350841432,0.705593515344953,56
5,12,0.847200785999394,0.844412355405247,56
6,12,0.737784653511707,0.715809590874214,56
1,13,0.979664363177792,0.961594289537296,56
2,13,0.967999849687682,0.957180983411257,56
3,13,0.900263565367829,0.590607129655012,56
4,13,0.873810891627319,0.722729225104409,56
5,13,0.826659579466649,0.826042797718944,56
6,13,0.751841444398791,0.0222818627139029,56
1,14,0.978332298354031,0.942630959427806,56
2,14,0.959939681861557,0.949544036746249,56
3,14,0.899362613218882,0.569584861926131,56
4,14,0.872886778628912,0.704688805322815,56
5,14,0.847938295371964,0.0287025700840566,56
6,14,0.738596517145583,0.365051041503611,56
1,15,0.977921263063569,0.869938782997386,56
2,15,0.96087232891446,0.984007582478468,56
3,15,0.902831253496426,0.635308816084606,56
4,15,0.878761533581935,0.7442301412787,56
5,15,0.838425896701352,0.519882725771201,56
6,15,0.728960480025827,0.842467078388526,56
1,1,0.972256475859391,0.971486564906388,57
2,1,0.96110484550793,0.780075849528839,57
4,1,0.90707284188516,0.800039782340148,57
3,1,0.853920594112486,0.849682082973769,57
5,1,0.800706873327255,-0.0478542463649753,57
6,1,0.719132121774267,0.621996609407047,57
1,2,0.973006551094827,0.978307307550151,57
2,2,0.955384581062823,0.959275083543544,57
4,2,0.895027915795623,0.752635407943954,57
3,2,0.86477706017008,0.518887704452675,57
5,2,0.785591310339137,0.878880879496739,57
6,2,0.71437721834107,0.718613196385353,57
1,3,0.982003484589715,0.808553307468233,57
2,3,0.958146732205381,0.875267609904571,57
4,3,0.868677587435944,0.641779156008476,57
3,3,0.878038698557613,0.84509328495336,57
5,3,0.760625988885841,0.598668272785338,57
6,3,0.719629803144853,0.147260855331081,57
1,4,0.974108481729727,0.947644255460393,57
2,4,0.960243398203049,0.643202289711712,57
4,4,0.887811932567691,0.885491350698318,57
3,4,0.861448328951007,0.532302690160203,57
5,4,0.815769741043163,0.311638996836448,57
6,4,0.734254432658584,-0.0312223546909937,57
1,5,0.97282042772721,0.982502143156506,57
2,5,0.954977127591011,0.944676287401113,57
4,5,0.897887306366744,-0.365749616703622,57
3,5,0.851354692912316,0.91518423472482,57
5,5,0.795214063240857,0.820003519988787,57
6,5,0.72388695594442,0.446001687758067,57
1,6,0.973245776349195,0.972103960081783,57
2,6,0.960920424232614,0.791494010075401,57
4,6,0.889553600164528,0.890117821281358,57
3,6,0.860132189127667,0.673619397205058,57
5,6,0.808152635474433,0.641579590171466,57
6,6,0.724362173164809,0.514232637431365,57
1,7,0.976809220580502,0.756488172294749,57
2,7,0.960029985189294,0.509214191867074,57
4,7,0.904024047105441,0.678060736638195,57
3,7,0.867025718761536,0.371496308337865,57
5,7,0.80748538944715,0.568963859139667,57
6,7,0.749913082548904,-0.183279695552185,57
1,8,0.973297346696877,0.807446468586348,57
2,8,0.9580182146515,0.933859645456484,57
4,8,0.891592018232022,0.265676745327054,57
3,8,0.85678796368193,0.76290222517189,57
5,8,0.834129547143428,0.158388138711663,57
6,8,0.718332704056477,0.797968037332332,57
1,9,0.971952502619534,0.989371351669406,57
2,9,0.96017736249594,0.783516621688022,57
4,9,0.877767773413431,0.983403699204613,57
3,9,0.854312845328377,0.830413040937374,57
5,9,0.787641501797718,0.921687562638996,57
6,9,0.731273449633886,0.469091495694915,57
1,10,0.972778690798593,0.911447683808792,57
2,10,0.958624368066807,0.89975760794515,57
4,10,0.891867839041706,0.54180240854373,57
3,10,0.860649884312651,0.759803088701988,57
5,10,0.805073583391112,-0.0540692714625425,57
6,10,0.720112527868323,0.429608240817718,57
1,11,0.972735972436198,0.945875644192075,57
2,11,0.957285324917803,0.903445082555766,57
4,11,0.888900180887364,-0.535058158245391,57
3,11,0.865735035801593,0.790129932978296,57
5,11,0.801006409311581,0.0972034997774912,57
6,11,0.718157413153381,0.532867348992004,57
1,12,0.972172173058435,0.980663276535129,57
2,12,0.960410017656363,0.597789361032721,57
4,12,0.893972777947526,0.416517503772437,57
3,12,0.865935422339796,0.805039858446046,57
5,12,0.834112306763612,0.363496847717818,57
6,12,0.760251092241158,-0.0455704340864286,57
1,13,0.973309524303719,0.960845536682478,57
2,13,0.957114609181832,0.92829026379952,57
4,13,0.890477775775344,0.821714970068862,57
3,13,0.849287549989276,0.953222699565363,57
5,13,0.790684023326097,0.730553002841647,57
6,13,0.725531531976051,0.393276965411929,57
1,14,0.972140147958757,0.973841136287085,57
2,14,0.953025741350276,0.977283844680693,57
4,14,0.887585227650266,0.936707439460909,57
3,14,0.870537263392449,0.288421705345056,57
5,14,0.792783588488059,0.660863543421251,57
6,14,0.692969720603351,0.950395312299751,57
1,15,0.97345992307174,0.946477441586854,57
2,15,0.949650062561889,0.985590927975019,57
4,15,0.889076178500123,0.590922848401181,57
3,15,0.883068902989486,0.67281979549528,57
5,15,0.805327445415636,0.323231908240839,57
6,15,0.718987061679096,0.0297643161095105,57
1,1,0.98455371139893,0.987674607575408,58
2,1,0.966048549240571,0.966338220650283,58
5,1,0.894808086907707,0.90692062065272,58
4,1,0.889148025766655,0.807671555099139,58
6,1,0.8254299543219,0.328892529733674,58
3,1,0.770187739513847,0.681368299203293,58
1,2,0.985377979995599,0.954238361401908,58
2,2,0.972822285371488,0.688871487306165,58
5,2,0.910965222393472,-0.444530663314931,58
4,2,0.886395506939728,-0.0664522397312557,58
6,2,0.814313680955387,0.168664065030597,58
3,2,0.786027643493797,0.613571715619824,58
1,3,0.984583995449614,0.983774881867748,58
2,3,0.966724369377235,0.975020203632346,58
5,3,0.9254876282202,0.537198890735407,58
4,3,0.8764542006783,0.063623774543927,58
6,3,0.845815734832273,-0.158388312884756,58
3,3,0.770898275670975,0.636781333008463,58
1,4,0.985522142820333,0.990845046044114,58
2,4,0.967962999327023,0.735436424542914,58
5,4,0.909231973898453,0.579718360140437,58
4,4,0.876874034037765,0.489519138304415,58
6,4,0.804596341888335,0.119000446960493,58
3,4,0.768572535317029,0.887197573310161,58
1,5,0.986594111030548,0.910304004211997,58
2,5,0.968411561150217,0.476008819260332,58
5,5,0.907816050378156,0.582223652104883,58
4,5,0.884608942173185,0.0946437251219227,58
6,5,0.819325141689656,0.171645549091755,58
3,5,0.768132376694831,0.626803448597051,58
1,6,0.986472676096762,0.802282914137847,58
2,6,0.963260794018141,0.974535257105779,58
5,6,0.903259505317517,0.50663292674125,58
4,6,0.876807985196839,0.491351022149565,58
6,6,0.84199244528513,0.714050637749686,58
3,6,0.786858643998779,0.280899024504901,58
1,7,0.985902073898396,0.979962895505739,58
2,7,0.970313622104513,0.696228312991582,58
5,7,0.897794215588548,0.471211752185674,58
4,7,0.889335668442651,0.17688139123072,58
6,7,0.822000129435316,0.149361150531249,58
3,7,0.779353513448205,0.621261361670359,58
1,8,0.987211265008417,0.909869951550838,58
2,8,0.976932733065304,-0.224273272539723,58
5,8,0.938854387048824,0.0256160369310022,58
4,8,0.874583036857274,0.693214269500993,58
6,8,0.857354979757512,0.410125078241944,58
3,8,0.798745929251832,-0.0321621764515201,58
1,9,0.985566884216654,0.973839902302641,58
2,9,0.969511768432779,0.727779244962946,58
5,9,0.900106061870879,0.783725125470187,58
4,9,0.859448145286398,0.800083198115365,58
6,9,0.824232178674747,0.585389603307093,58
3,9,0.795369341901254,0.23897810770346,58
1,10,0.985839322540606,0.981375832754066,58
2,10,0.969613878516975,0.780839303730244,58
5,10,0.905559457155837,0.705055509392333,58
4,10,0.872007362662405,0.806009754715873,58
6,10,0.822875791749033,0.382865675918412,58
3,10,0.795719869457335,0.0867163685139031,58
1,11,0.98497555027503,0.953429037757733,58
2,11,0.969643415615976,0.67864226101501,58
5,11,0.906719769313568,0.0929367520285766,58
4,11,0.874350920734809,0.452505698605627,58
6,11,0.841695496101517,0.359035561151554,58
3,11,0.761456154555357,0.65335622725682,58
1,12,0.987063404170037,0.96577993564815,58
2,12,0.968187503988327,0.882957461815625,58
5,12,0.894678055839073,0.919947434795823,58
4,12,0.881218643644839,0.419597414717965,58
6,12,0.820956609338261,0.625038366956018,58
3,12,0.778945572882389,0.424833188650359,58
1,13,0.985593989922134,0.951535044431874,58
2,13,0.961117125933018,0.990825916171788,58
5,13,0.900943380988631,0.688994806775133,58
4,13,0.860230909464364,0.717589258865774,58
6,13,0.853295524516989,0.622640523994994,58
3,13,0.75799486432072,0.695961730513348,58
1,14,0.990410672722814,0.908893261669185,58
2,14,0.971864399998409,0.481549904628036,58
5,14,0.905032287990722,0.68505928543751,58
4,14,0.861569302943566,0.785794085276493,58
6,14,0.839430305051369,0.580256028545065,58
3,14,0.769429689156263,0.66633774778642,58
1,15,0.986178731978569,0.936702758930275,58
2,15,0.973283755537966,0.632126161963731,58
5,15,0.914010272799167,0.210166777164092,58
4,15,0.867066773206764,0.590346871731087,58
6,15,0.839545016573542,-0.42407205816124,58
3,15,0.777588357063951,0.458921872577138,58
1,1,0.991199241204146,0.95751885010679,59
2,1,0.979999432521441,0.92881971325207,59
4,1,0.937097130787963,0.826010269291327,59
3,1,0.923030649647958,0.959118644994338,59
6,1,0.855717828702255,0.272651830287635,59
5,1,0.824835771118956,-0.518818404194825,59
1,2,0.990914473497885,0.879245122261509,59
2,2,0.978779814762591,0.915340736604581,59
4,2,0.931007068824421,0.780666528542564,59
3,2,0.923530368952176,0.581823977157757,59
6,2,0.877938107753363,-0.41066793751722,59
5,2,0.820224862308154,-0.736123101855283,59
1,3,0.992386570467437,0.900426527515065,59
2,3,0.982645823818118,0.546428797291052,59
4,3,0.94208482875629,0.217079181980025,59
3,3,0.93589827308347,0.217972712639618,59
6,3,0.875680734314858,0.191811695376626,59
5,3,0.839233805813949,-0.530728354488259,59
1,4,0.993622593784344,0.847846967019074,59
2,4,0.979186871949428,0.936596839515367,59
4,4,0.94182553076807,0.668874005283308,59
3,4,0.928709976546276,0.826594842764172,59
6,4,0.86477344494607,0.816342626604005,59
5,4,0.804410333282619,0.382334374011768,59
1,5,0.990668438386089,0.885121207941779,59
2,5,0.978298499357762,0.957064182962818,59
4,5,0.936829146568575,0.0893762290572548,59
3,5,0.934882421660557,0.541430619420243,59
6,5,0.865507516720791,0.462025408860541,59
5,5,0.799695824516635,0.723734717102781,59
1,6,0.990573400596575,0.948645009191188,59
2,6,0.979384484207251,0.730025214338662,59
4,6,0.933981811090997,0.990731476450281,59
3,6,0.931599171118363,0.520592674846249,59
6,6,0.874008378129292,0.750160189651876,59
5,6,0.805572059245688,0.825322620569204,59
1,7,0.990926217799045,0.901012399259226,59
2,7,0.979472921702864,0.834530383006038,59
4,7,0.949315573788167,-0.192418572709593,59
3,7,0.92675827056439,0.795323490814512,59
6,7,0.872209240592263,0.0526661132422249,59
5,7,0.749212903699921,0.71436018217495,59
1,8,0.989782205700234,0.990910964052238,59
2,8,0.979397976983983,0.969548383513043,59
4,8,0.933365859159013,0.79139004740518,59
3,8,0.930546768100387,0.843878298445047,59
6,8,0.868582660137844,-0.331908764241914,59
5,8,0.8014136726635,0.515687529801296,59
1,9,0.989846784762214,0.983866142360068,59
2,9,0.979529646958883,0.951389296143713,59
4,9,0.938656054280944,-0.299240643864879,59
3,9,0.925226423082535,0.841027682513945,59
6,9,0.866830499199747,-0.0262366382654265,59
5,9,0.801901653484842,0.715152763660632,59
1,10,0.991052472887555,0.957265928991939,59
2,10,0.980606301291917,0.916475027220993,59
4,10,0.948266333718521,0.517294618481381,59
3,10,0.926249165568268,0.813142072901571,59
6,10,0.871101063074083,0.282996037788274,59
5,10,0.781073759612379,0.877756213223622,59
1,11,0.99023894232179,0.919407921838798,59
2,11,0.981723446600958,-0.100906457853796,59
4,11,0.951453958884597,-0.211278460645437,59
3,11,0.928952000094596,0.717972210358326,59
6,11,0.860045468891596,0.518676154274016,59
5,11,0.792213301848317,0.456290713550279,59
1,12,0.99094636517223,0.944403842040903,59
2,12,0.980121369794306,0.847187263923496,59
4,12,0.940090200650899,0.672230801215199,59
3,12,0.927152670967265,0.692943681997552,59
6,12,0.864703361132767,0.619145422214383,59
5,12,0.815090169860347,-0.629144104907588,59
1,13,0.990979507685002,0.722951723737788,59
2,13,0.98386657823166,0.326653662092736,59
4,13,0.936391539213883,-0.336858843976185,59
3,13,0.929280653702556,0.824041377388826,59
6,13,0.883097052005515,-0.0360368500647559,59
5,13,0.832249029094684,0.141459495896835,59
1,14,0.990221962483911,0.98815727587712,59
2,14,0.983676645595762,0.656600709847453,59
4,14,0.943183611456585,0.530113464309957,59
3,14,0.933538957565681,0.635850649937831,59
6,14,0.863383624672867,0.636186342563465,59
5,14,0.824197188918739,0.257909307495312,59
1,15,0.993076028153091,0.918827988477139,59
2,15,0.978903361473809,0.931589995764669,59
4,15,0.938586967950451,0.343564847340635,59
3,15,0.926651091344005,0.751913911259433,59
6,15,0.868769138703943,0.0645825107264133,59
5,15,0.78928142368651,0.844473355921057,59
1,1,0.974672620623573,0.943850099280912,60
2,1,0.968004674753893,0.876439888746492,60
3,1,0.845686063438812,0.806274194863804,60
4,1,0.827440591870599,0.605040110132618,60
6,1,0.786837842705356,-0.466977100925916,60
5,1,0.710026280256257,0.775786746617071,60
1,2,0.974043160866636,0.945092529900348,60
2,2,0.96868098664017,0.711374568332399,60
3,2,0.841894632670463,0.574157648659989,60
4,2,0.829124373938976,0.665970179817998,60
6,2,0.786299448874287,0.590423569118426,60
5,2,0.730232826328575,0.364050178371907,60
1,3,0.979466698414677,0.904153982541733,60
2,3,0.959014694514734,0.964720564174501,60
3,3,0.838252764601552,0.832466275962604,60
4,3,0.838929664780068,0.0574918847685816,60
6,3,0.780803101841784,0.592595143112697,60
5,3,0.728424550979981,0.539087388632951,60
1,4,0.973226831905969,0.881317000867533,60
2,4,0.965899260045707,0.963707793903609,60
3,4,0.845381996026892,0.699291991873832,60
4,4,0.830075722433708,0.472532951451992,60
6,4,0.775546028463363,0.268111550102733,60
5,4,0.726069943411891,0.254845960835063,60
1,5,0.972831717441141,0.982232484585935,60
2,5,0.964071831391188,0.967390031349975,60
3,5,0.830453761383653,0.702140152065983,60
4,5,0.819053375296877,0.821901954884115,60
6,5,0.788047337001537,0.661450144201966,60
5,5,0.721732442679054,0.205997193723898,60
1,6,0.974280944166563,0.919053721271817,60
2,6,0.96541413986723,0.958662796885327,60
3,6,0.841881609745776,0.73076631847938,60
4,6,0.827187857431903,0.828626089258117,60
6,6,0.739344643919723,0.904118495763926,60
5,6,0.766412762139677,0.318639916854558,60
1,7,0.972523866508122,0.974547052492926,60
2,7,0.961566172554819,0.976643323879708,60
3,7,0.840781006766263,0.843020075450176,60
4,7,0.835379053322424,0.118430249862161,60
6,7,0.77797880045901,0.789192991143874,60
5,7,0.731019235108476,0.36310368428615,60
1,8,0.973182080208258,0.978029301649861,60
2,8,0.967504979344944,0.872199734411481,60
3,8,0.8359464346392,0.789470596308849,60
4,8,0.815441490622487,0.983260097564743,60
6,8,0.790450824974018,-0.0741711026645784,60
5,8,0.712942961161867,0.712703243588528,60
1,9,0.976132704244295,0.797533416796583,60
2,9,0.971514066681571,0.7942008393098,60
3,9,0.838633387706117,0.69497737242367,60
4,9,0.829627449516234,0.748684927692437,60
6,9,0.769014799289471,0.560210217226436,60
5,9,0.76596069686257,0.055503788084108,60
1,10,0.97379804686209,0.835352248945725,60
2,10,0.967050320354787,0.929296973542771,60
3,10,0.859300970551649,0.451661047080066,60
4,10,0.833531808050297,0.180003118092724,60
6,10,0.785856654346866,0.646639267761389,60
5,10,0.7110478747629,0.682228348841256,60
1,11,0.974775827725661,0.965792048643348,60
2,11,0.96951922791943,0.870851750572693,60
3,11,0.833300832420469,0.851616968846761,60
4,11,0.824460940142085,0.712218347300601,60
6,11,0.804420773336517,0.559417181543485,60
5,11,0.695261600511265,0.603559004256508,60
1,12,0.970442702695374,0.972264477576371,60
2,12,0.968203232897607,0.88505655393479,60
3,12,0.846803015790012,0.574843210106489,60
4,12,0.833827182496711,0.45559871212385,60
6,12,0.789138798463139,0.418728308980351,60
5,12,0.718888931764279,0.434293943511567,60
1,13,0.973279060160869,0.94443387255263,60
2,13,0.967312642759253,0.695925805829357,60
3,13,0.838881144538546,0.573998523445624,60
4,13,0.841807131689609,0.291120924844344,60
6,13,0.724751914442674,0.827194222775638,60
5,13,0.724779835821835,0.917527420499829,60
1,14,0.97442085974498,0.956198551383103,60
2,14,0.96550094292309,0.949110047594232,60
3,14,0.899205455014079,0.330550722736444,60
4,14,0.844988780769691,0.0273154459736427,60
6,14,0.787305236063722,-0.0559026707618386,60
5,14,0.73782534282568,0.196856961428738,60
1,15,0.972885014880583,0.980052297281769,60
2,15,0.966020303524121,0.92318376975053,60
3,15,0.831401642933805,0.830215648138343,60
4,15,0.823010619571678,0.686192538025815,60
6,15,0.781463375612596,0.609597343848408,60
5,15,0.72285447333151,0.627002850547582,60
1,1,0.938521028695934,0.956688040771689,61
2,1,0.874091116157028,0.973830640194523,61
5,1,0.724430734365279,-0.173496120030418,61
3,1,0.760871402585325,0.817101852666663,61
4,1,0.624432703690031,0.680318503963216,61
6,1,0.522815445730423,-0.528661284853959,61
1,2,0.942480607049068,0.895212583680549,61
2,2,0.888874236403333,0.755347212379205,61
5,2,0.746982024628879,0.0879549643539575,61
3,2,0.76333586677121,0.683662843436236,61
4,2,0.621954640233889,0.271712007006142,61
6,2,0.515451369279796,0.345983834022216,61
1,3,0.938080368037353,0.971371116061563,61
2,3,0.889225716757745,0.471119685096015,61
5,3,0.726196553675896,0.483641053152795,61
3,3,0.760896826546948,0.673140525713266,61
4,3,0.631966727952793,0.384918520945051,61
6,3,0.52588233969563,0.297328264859569,61
1,4,0.938885730081607,0.982059621316717,61
2,4,0.897725134716825,0.892455554529321,61
5,4,0.719458850657167,0.508941068362279,61
3,4,0.770015353516463,0.870443436176849,61
4,4,0.623204462053389,-0.0625614254471132,61
6,4,0.559082822365621,0.27472823602999,61
1,5,0.943618756552134,0.883000993551264,61
2,5,0.886294095567649,0.814334698782728,61
5,5,0.728948252133926,-0.0483118715583957,61
3,5,0.766160117854788,0.715062565856233,61
4,5,0.607314503347799,0.255081436593992,61
6,5,0.538119500865394,-0.119421987005728,61
1,6,0.935844854255578,0.998154343537548,61
2,6,0.888334435235314,0.650941459739296,61
5,6,0.746971946485248,0.578117409688472,61
3,6,0.747543969940928,0.826968119509575,61
4,6,0.648535584845282,-0.224948226132432,61
6,6,0.542861624095869,-0.261667278712104,61
1,7,0.939949271198825,0.978757840332233,61
2,7,0.887887500803178,0.719473846212792,61
5,7,0.706183281972181,0.386187909916457,61
3,7,0.765240551320181,0.706894859667853,61
4,7,0.643538811378777,0.586322020615884,61
6,7,0.51624484454254,-0.0171162750723002,61
1,8,0.937988276113668,0.983896559779254,61
2,8,0.891069415821969,0.754746881624941,61
5,8,0.713359933064844,0.970024052944383,61
3,8,0.760401690108071,0.698683613659101,61
4,8,0.607229786647,0.188093329492912,61
6,8,0.533735603493594,-0.797151312416991,61
1,9,0.942363637376801,0.958204381627738,61
2,9,0.86532798498153,0.985536702703284,61
5,9,0.756511625355866,0.47111830980591,61
3,9,0.640521226601006,0.941430836080091,61
4,9,0.634000321717685,0.725205827166644,61
6,9,0.548531266167101,0.83544060218085,61
1,10,0.948789469527173,0.85303473878466,61
2,10,0.889225875073727,0.557141958486589,61
5,10,0.722058339590228,0.642068925947006,61
3,10,0.748676421222665,0.875859727535325,61
4,10,0.616009596101159,0.881998089993812,61
6,10,0.534253026409537,0.671121734902953,61
1,11,0.942405583244954,0.876688504717815,61
2,11,0.885411853881811,0.859036899550479,61
5,11,0.724037306955438,0.218498812233966,61
3,11,0.756680292482243,0.840736675209749,61
4,11,0.639601192354711,0.461953222824891,61
6,11,0.518775234734364,0.344182539800442,61
1,12,0.939993955535672,0.772327479631922,61
2,12,0.888556545948319,0.805102622411313,61
5,12,0.716318371288964,0.504328492015313,61
3,12,0.735075602767168,0.878526239930667,61
4,12,0.644915815756972,0.820240164895071,61
6,12,0.520563205608928,0.0674086690070836,61
1,13,0.938751973480221,0.983974008218822,61
2,13,0.880902580357494,0.953284739761856,61
5,13,0.768554893894798,0.606617953452664,61
3,13,0.711430415285763,0.943605089329764,61
4,13,0.628422501229896,0.537079874856596,61
6,13,0.524502902806472,-0.0374006580553446,61
1,14,0.942436128924213,0.902675169976089,61
2,14,0.874048273144082,0.948854055351623,61
5,14,0.711228172603026,0.720690149794987,61
3,14,0.743635410097029,0.804899397913313,61
4,14,0.632774999942505,0.68013722571381,61
6,14,0.54390451808032,0.389251097626354,61
1,15,0.944385976284161,0.841296883555901,61
2,15,0.892026029722315,0.501032514654204,61
5,15,0.743681583256236,0.368564365060653,61
3,15,0.777772726226063,-0.162702154298867,61
4,15,0.614287995822101,0.514918924944715,61
6,15,0.484947452361539,0.390069254696931,61
1,1,0.956237125733695,0.534392622950365,62
2,1,0.920189221674633,0.89371323824636,62
3,1,0.781348687305071,0.93051585736732,62
4,1,0.739395697204342,0.876128362432731,62
6,1,0.641917960365402,0.50736253643858,62
5,1,0.649965074420302,0.00747948716687333,62
1,2,0.9582954145598,0.913082955945223,62
2,2,0.917481455311776,0.974262773233444,62
3,2,0.80162861476359,0.729971216015969,62
4,2,0.735691154513679,0.725903047670638,62
6,2,0.612828598300328,0.879503821274839,62
5,2,0.63872445715081,0.573345917384968,62
1,3,0.955064189255392,0.929421536065737,62
2,3,0.919750753520463,0.907490846894455,62
3,3,0.779799712163079,0.9122098617756,62
4,3,0.74362059673189,0.81257822746044,62
6,3,0.653435083327371,-0.591389013738446,62
5,3,0.626877972179143,0.703197656324576,62
1,4,0.955131312113531,0.98768118009294,62
2,4,0.908331691412637,0.983162394143679,62
3,4,0.785862633433456,0.772275365546562,62
4,4,0.755940552624607,0.544501518153583,62
6,4,0.615197409425474,0.783574206561237,62
5,4,0.616375185238387,0.755511105122937,62
1,5,0.954028099620002,0.96842247649788,62
2,5,0.929558202507438,0.228363730357636,62
3,5,0.80987466170843,0.287331054427989,62
4,5,0.734196639248442,0.711331464029926,62
6,5,0.64287625421171,0.323286377396047,62
5,5,0.678237656985827,0.300126473859655,62
1,6,0.955125613865354,0.96921463986551,62
2,6,0.925672416148738,0.558248478488616,62
3,6,0.801025759812655,0.808824021304802,62
4,6,0.76415648524728,0.558266802889922,62
6,6,0.63361471547723,0.0533628965947246,62
5,6,0.645624030725157,-0.192543104059679,62
1,7,0.967648711669913,0.762387072808284,62
2,7,0.921818739542136,0.891470035366394,62
3,7,0.787433054160861,0.638632799787309,62
4,7,0.736684107354145,0.523492168886115,62
6,7,0.629320562690028,0.456000868013395,62
5,7,0.652568605564638,0.806628765040295,62
1,8,0.956842476979922,0.952404749200646,62
2,8,0.924087084905898,0.713756103992086,62
3,8,0.792640531195017,0.695909365704887,62
4,8,0.745693486586214,0.10265572108825,62
6,8,0.639940161913045,0.453530944448742,62
5,8,0.650810438889507,0.50518799923849,62
1,9,0.956975040052798,0.953581295053203,62
2,9,0.921395035857543,0.903159835685597,62
3,9,0.780966795792282,0.759081031092631,62
4,9,0.741541806780328,0.176738737524525,62
6,9,0.719217660975216,0.0533538642103476,62
5,9,0.587415689492605,0.761976678567223,62
1,10,0.957408626895288,0.967894696347036,62
2,10,0.926847279597299,0.44541887582582,62
3,10,0.792256672908404,0.766945965954612,62
4,10,0.723463860874408,0.682859764750423,62
6,10,0.637064477937833,0.802603941430998,62
5,10,0.629646777784366,0.194749359691988,62
1,11,0.951914864178282,0.993401145569311,62
2,11,0.921329869548816,0.809227066993979,62
3,11,0.813134828653289,0.488049142672297,62
4,11,0.758633670308575,0.727678892491408,62
6,11,0.630121984662481,0.581373371984718,62
5,11,0.629223797388498,0.528732836776711,62
1,12,0.956597044980092,0.968752608216166,62
2,12,0.920545978521847,0.889263834255151,62
3,12,0.801287902194909,0.404151827615596,62
4,12,0.755133492213422,0.721988871005559,62
6,12,0.609547364869028,0.656515783713037,62
5,12,0.643765427042119,0.524955541486997,62
1,13,0.956333838150421,0.634100435703971,62
2,13,0.922461136804769,0.970304923749272,62
3,13,0.786186892919093,0.836087792731803,62
4,13,0.731085877421482,0.736616319048863,62
6,13,0.670437377350518,0.296226988514466,62
5,13,0.63645503472663,0.583846551242825,62
1,14,0.959738052744241,0.853833030998466,62
2,14,0.909724373592053,0.977422638146162,62
3,14,0.784972697153486,0.886844877964888,62
4,14,0.734574369972633,0.74601646663691,62
6,14,0.643526558123254,0.492080880364352,62
5,14,0.656980736850257,0.177121505259529,62
1,15,0.957093933108655,0.933681122691896,62
2,15,0.924016124880046,0.216305825709248,62
3,15,0.794308189011628,0.266934383536821,62
4,15,0.745278933379311,0.71952085908646,62
6,15,0.639185566957478,0.176199276950948,62
5,15,0.645007846836748,-0.0697317093320764,62
1,1,0.981543059924196,0.988236560705307,63
2,1,0.966467036413027,0.945059321722911,63
4,1,0.90827735314758,0.0852764762093887,63
3,1,0.847139730105888,0.909600242439221,63
6,1,0.787409855340608,0.487764629529418,63
5,1,0.736228947653285,0.168832190233498,63
1,2,0.981662100335247,0.969185530177103,63
2,2,0.969773184496195,0.893165125554013,63
4,2,0.917113122522015,0.259505560032252,63
3,2,0.856112197766232,0.789692372613139,63
6,2,0.778927543473367,0.445012329871944,63
5,2,0.721418455260827,0.430467836669675,63
1,3,0.982653787142155,0.824824570006101,63
2,3,0.972333019182986,0.729792322368297,63
4,3,0.914974627212457,0.702806585060381,63
3,3,0.851545757538329,0.220820671955134,63
6,3,0.826140450878465,0.0699354472378965,63
5,3,0.735459982384998,0.211569454256067,63
1,4,0.982070276572752,0.947574399028578,63
2,4,0.962404860564206,0.971279264991315,63
4,4,0.904706311058912,0.648280536250644,63
3,4,0.869811556997751,0.497552899249369,63
6,4,0.80308701010124,-0.113165831529702,63
5,4,0.72119895993829,0.673546469639131,63
1,5,0.990223738205834,0.943521585845049,63
2,5,0.964100445056611,0.983937575329821,63
4,5,0.90943733903517,-0.479524098172098,63
3,5,0.857726266055939,0.618397364883482,63
6,5,0.797020143325919,0.289553630831196,63
5,5,0.707411647719925,0.614098524177464,63
1,6,0.981321715710583,0.990648475825283,63
2,6,0.967541703534666,0.927490915049239,63
4,6,0.906545619940086,0.86092075584538,63
3,6,0.853694733796521,0.772437794555606,63
6,6,0.784989984610237,-0.033455946729229,63
5,6,0.743791543494992,-0.0202907869506787,63
1,7,0.982533861389982,0.967654890608176,63
2,7,0.969104621798307,0.826415556411953,63
4,7,0.904972722690858,0.0961869733817673,63
3,7,0.85463250322875,0.725428650227935,63
6,7,0.794768260111296,0.613626600431649,63
5,7,0.704000105476869,0.61679301314081,63
1,8,0.982164249110166,0.987071475219478,63
2,8,0.96598849388247,0.946805295266585,63
4,8,0.901821969816817,0.596529488042569,63
3,8,0.840216332058212,0.886830679863018,63
6,8,0.820881966476778,-0.0625750822133726,63
5,8,0.711922631548934,0.955990550116543,63
1,9,0.981485752127522,0.988128916868613,63
2,9,0.97039812009705,0.87218888486872,63
4,9,0.884298308155141,0.455348244648052,63
3,9,0.859981520442466,0.891819056070015,63
6,9,0.786925306513186,0.291150003004819,63
5,9,0.720375311449398,0.566054697891925,63
1,10,0.981522427999962,0.986489290486874,63
2,10,0.966298812108337,0.993228579239831,63
4,10,0.902936026633713,0.61935400977291,63
3,10,0.845690581892337,0.698777903672353,63
6,10,0.784257581566792,0.702706854483112,63
5,10,0.726395593446971,0.546247801211048,63
1,11,0.981621153303082,0.958800856904991,63
2,11,0.964351926281375,0.986174705505847,63
4,11,0.900129091650188,0.800511941711548,63
3,11,0.843627573964549,0.961973704476191,63
6,11,0.788144720698815,0.662599483809864,63
5,11,0.731025155637407,0.677395912727597,63
1,12,0.980372847545905,0.924913456920847,63
2,12,0.965656755170103,0.962696670446692,63
4,12,0.902628484020796,0.943551991977639,63
3,12,0.856398626305451,0.401294498204753,63
6,12,0.804975505043328,-0.496566424478335,63
5,12,0.698885048160252,0.647821729067185,63
1,13,0.98080146124627,0.977457946543821,63
2,13,0.972222299560405,0.79682261721927,63
4,13,0.901353255432886,0.455327188881501,63
3,13,0.897561694019105,0.686980177761212,63
6,13,0.787279781087812,0.377189128692628,63
5,13,0.731312974041458,0.489732157743956,63
1,14,0.98311005003699,0.89792975101553,63
2,14,0.969209797380943,0.896774282068089,63
4,14,0.899318967398271,0.801940943605959,63
3,14,0.85035258976133,0.835264325717391,63
6,14,0.837329619532425,-0.0744410537717276,63
5,14,0.71369027748292,0.443005604723016,63
1,15,0.984967170748021,0.928498568734348,63
2,15,0.971017541475564,0.485432467736711,63
4,15,0.909855695127281,0.532081122001065,63
3,15,0.8576402586465,0.700396071946611,63
6,15,0.786819380936822,0.321288161465935,63
5,15,0.767201157898846,0.158160060594116,63
1,1,0.983217874780955,0.962079212153115,64
2,1,0.951219072202322,0.488140811594326,64
4,1,0.905359676432821,0.473863823156685,64
3,1,0.877838410873994,0.460162987017806,64
5,1,0.8463446738817,0.207242667195982,64
6,1,0.734304488005295,0.284471941771905,64
1,2,0.983473832059844,0.991179178631914,64
2,2,0.948456965584457,0.768748482165335,64
4,2,0.912464819096449,-0.234478261743007,64
3,2,0.852476802819629,0.820435033774626,64
5,2,0.844599117862836,0.439357234762493,64
6,2,0.739492905665244,0.232666412343573,64
1,3,0.981634534831763,0.990112154696593,64
2,3,0.944291886154908,0.926407050858852,64
4,3,0.894286370458562,0.851566029536358,64
3,3,0.879241840580962,0.342015181155021,64
5,3,0.842830947259543,0.219385033012351,64
6,3,0.726331804003564,0.704913273863444,64
1,4,0.984194337593862,0.951901694753094,64
2,4,0.952403312057408,0.731251994916012,64
4,4,0.907584677696829,0.402155765377607,64
3,4,0.848366013844457,0.851574431981728,64
5,4,0.83740468405448,0.482079539242405,64
6,4,0.722458206924474,0.518684729354577,64
1,5,0.983795913240355,0.743750843812199,64
2,5,0.937896056762715,0.958894489469774,64
4,5,0.901590770029225,0.585880465661626,64
3,5,0.860111591765314,0.387632677122661,64
5,5,0.837364031090748,0.817917493784789,64
6,5,0.735425359796689,0.439202336091332,64
1,6,0.984255820998849,0.2050773137687,64
2,6,0.945148057511429,0.918984794835535,64
4,6,0.911789246389309,0.18531987483075,64
3,6,0.855981294217189,0.621697112710975,64
5,6,0.859700300662617,0.0530346799405504,64
6,6,0.741340104587691,0.0727001600132219,64
1,7,0.984262060523602,0.946795919119098,64
2,7,0.94987116958489,0.510834055327467,64
4,7,0.891105781193884,0.831125577736181,64
3,7,0.869877925649101,0.448850951209998,64
5,7,0.83708338940099,0.732508138448174,64
6,7,0.734058730527804,0.454268674380033,64
1,8,0.982570451494256,0.996720507200625,64
2,8,0.946080221439976,0.957901212699124,64
4,8,0.901403491076907,0.703530365289733,64
3,8,0.850657069335081,0.895407954568051,64
5,8,0.844778494814603,0.373325509006801,64
6,8,0.735226297540765,0.328966124426813,64
1,9,0.983143670297428,0.987803158843834,64
2,9,0.952128552571454,0.792149783551692,64
4,9,0.878047673982754,0.965701637562411,64
3,9,0.852658765494296,0.938969853150688,64
5,9,0.83226080738973,0.841302552403397,64
6,9,0.746371695638838,-0.125654339218318,64
1,10,0.981818802824115,0.988354871617951,64
2,10,0.953375691735205,0.00830853338161291,64
4,10,0.886746991143619,0.850554208430898,64
3,10,0.87135447565457,0.613710647726234,64
5,10,0.823479967808262,0.797548166510005,64
6,10,0.74726792620849,0.47385008637469,64
1,11,0.982387525978962,0.98484916236254,64
2,11,0.948063821404826,0.966780095866724,64
4,11,0.891765913122951,0.952276295457716,64
3,11,0.877896299759729,0.710110352662035,64
5,11,0.831286814105408,0.705768200572077,64
6,11,0.753074129514635,-0.459748936687221,64
1,12,0.986092341273403,0.881620020972176,64
2,12,0.952494962064889,0.699079082990846,64
4,12,0.912151608281737,0.548325546541713,64
3,12,0.872276665792971,0.589627799154434,64
5,12,0.75640023724714,0.778683251601074,64
6,12,0.699549920896831,0.947734308476459,64
1,13,0.987020440763122,0.934204794333375,64
2,13,0.950460743754923,0.899377606465936,64
4,13,0.91213033875716,-0.000295506805658479,64
3,13,0.857450670193356,0.695912278477638,64
5,13,0.828140365789933,0.569703667658356,64
6,13,0.746536077962791,0.474800772899695,64
1,14,0.983144400487358,0.98947989256277,64
2,14,0.950796721052376,0.901253289696068,64
4,14,0.908965956801187,-0.193513113019096,64
3,14,0.861132843862149,0.286462541440002,64
5,14,0.846308086715644,0.220597769282247,64
6,14,0.729543501923958,0.605095250012305,64
1,15,0.985039348796132,0.969916999542555,64
2,15,0.950350075330107,0.869953327675703,64
4,15,0.902971185455338,0.961937698923948,64
3,15,0.85175569838554,0.783900724318704,64
5,15,0.827279472857227,0.609152688123659,64
6,15,0.724295409790674,0.201377826056796,64
1,1,0.946855341956091,0.800456056212922,65
2,1,0.895101551697039,0.702323220508336,65
4,1,0.721892181921971,0.844360901453578,65
3,1,0.708613221538806,0.873268652345615,65
5,1,0.648526653519869,0.398302072170877,65
6,1,0.541139257740054,0.653188175527878,65
1,2,0.936643777375884,0.971068819220853,65
2,2,0.891869608756265,0.636271559367317,65
4,2,0.700704984179223,0.704370750648296,65
3,2,0.749483300587783,0.904785065850778,65
5,2,0.594136488986763,0.348086201908911,65
6,2,0.53845771240961,0.294745769274448,65
1,3,0.935595981767058,0.968031037865223,65
2,3,0.898262128191226,0.739073824260188,65
4,3,0.733827568767853,0.262800174150882,65
3,3,0.700153475212883,0.664242403776105,65
5,3,0.63243670084073,0.731590948556637,65
6,3,0.557103365143772,0.450157189015142,65
1,4,0.941871143679458,0.985046370216848,65
2,4,0.878528431893884,0.967716523026373,65
4,4,0.739275063478951,0.44081793036973,65
3,4,0.702504623990888,0.495629992504593,65
5,4,0.642100696737516,0.641822180989121,65
6,4,0.548149954090129,0.398295360504398,65
1,5,0.93289061105441,0.977924477086763,65
2,5,0.890496690690776,0.816017729795475,65
4,5,0.724431704101617,0.336159907327908,65
3,5,0.698733924909084,0.515013843489231,65
5,5,0.669815070718728,0.76209168512776,65
6,5,0.50747494641283,0.45989649502973,65
1,6,0.93686643618979,0.988254394889633,65
2,6,0.888852347043495,0.917281098549542,65
4,6,0.728443647503044,0.230908191793704,65
3,6,0.719044398647716,0.305445126407274,65
5,6,0.651979397887387,0.736196522511611,65
6,6,0.532399783021119,0.143820554710222,65
1,7,0.937325858619466,0.981162282040969,65
2,7,0.885329526857827,0.994875023181196,65
4,7,0.725852704565429,0.70955109803721,65
3,7,0.715573962842394,0.742426695109032,65
5,7,0.647263963406254,0.521050203004337,65
6,7,0.514418229353811,0.644780348568201,65
1,8,0.953695933025955,0.744464144381726,65
2,8,0.891450200698707,0.841383035239909,65
4,8,0.71494870535343,0.866670474912357,65
3,8,0.706989894141752,0.81287673709668,65
5,8,0.664236946285275,0.49421345166148,65
6,8,0.568333397685455,-0.629620854531974,65
1,9,0.934892280655566,0.995528807061968,65
2,9,0.8940657267523,0.708738618729226,65
4,9,0.72263654225079,0.713104619995053,65
3,9,0.720604604668637,0.449940506315305,65
5,9,0.660334451618735,0.622554979535798,65
6,9,0.491001192696258,0.0493151573452483,65
1,10,0.938448750464961,0.959199115011122,65
2,10,0.893823645212266,0.785354549446968,65
4,10,0.730779676674534,0.773499264589607,65
3,10,0.728521269998188,0.420804371192092,65
5,10,0.676921535531039,0.524825791960478,65
6,10,0.552768723268725,-0.0660573140016689,65
1,11,0.936508653911536,0.970579015687177,65
2,11,0.873419230025953,0.947992635260822,65
4,11,0.749436838074494,0.382763675733174,65
3,11,0.700500195436251,0.354385235239996,65
5,11,0.664956948213468,0.633091611845349,65
6,11,0.541458056944139,0.0171051901487738,65
1,12,0.938053335452837,0.616485402174815,65
2,12,0.883003089851421,0.968102623190142,65
4,12,0.718768710260048,0.838681415429725,65
3,12,0.700291495253797,0.671349387566576,65
5,12,0.660378008354256,0.388942100333673,65
6,12,0.543579776375901,0.0779532668146214,65
1,13,0.936245672159003,0.97393835526319,65
2,13,0.89326851496623,0.733555874608704,65
4,13,0.714088746922746,0.72179110574576,65
3,13,0.705227461668327,0.963964221457918,65
5,13,0.64800812709477,0.382586049631245,65
6,13,0.533535011126733,0.904084058882287,65
1,14,0.943455021449227,0.85660398977451,65
2,14,0.894728101086788,0.515630639739702,65
4,14,0.743607155140423,0.352599868996266,65
3,14,0.723291668199611,0.0540971879429614,65
5,14,0.685400176904176,0.536499285725227,65
6,14,0.580151579757426,0.0203645193846464,65
1,15,0.939396386290774,0.72054436677807,65
2,15,0.892579430908273,0.871609656471512,65
4,15,0.735096679386533,0.445255825265467,65
3,15,0.708870812351867,0.876056993260144,65
5,15,0.675153146716721,0.162605530867824,65
6,15,0.537357585681474,0.384117844364794,65
1,1,0.983435550850653,0.989331345562066,66
2,1,0.956419089840584,0.798501934722771,66
4,1,0.879301336184168,0.852223104961271,66
3,1,0.84231578308205,0.596616604192826,66
5,1,0.837138782484616,-0.0342840619393164,66
6,1,0.689392433487583,0.0629226959077965,66
1,2,0.981989142656745,0.985061137166869,66
2,2,0.953576897082019,0.637642564813949,66
4,2,0.874304114031186,0.871751068940809,66
3,2,0.836483215801752,0.935709933165123,66
5,2,0.825576479088666,0.714111025368757,66
6,2,0.699426862175136,-0.0331364790131493,66
1,3,0.983760169718634,0.951784480108882,66
2,3,0.950278645395854,0.952586134886688,66
4,3,0.875833936928444,0.56737331731995,66
3,3,0.844353752991303,0.313234569400189,66
5,3,0.827457640106712,0.593260134117368,66
6,3,0.666943665679253,0.713090920809652,66
1,4,0.984532881424819,0.929880041110677,66
2,4,0.950903275840189,0.953136427673054,66
4,4,0.881893035749637,0.284056893074742,66
3,4,0.865843416677706,0.379389056181773,66
5,4,0.849823088579207,0.338630218158662,66
6,4,0.679794089523144,0.361015815386488,66
1,5,0.982878726386123,0.974898070268456,66
2,5,0.946679102778107,0.939962936853173,66
4,5,0.857565211025956,0.913463610050262,66
3,5,0.854000625567242,0.639008429586291,66
5,5,0.840943611004644,0.210876548283621,66
6,5,0.678539723312298,0.318575713320366,66
1,6,0.98232824761899,0.989819129378632,66
2,6,0.951324748055511,0.935234940646708,66
4,6,0.882061985898052,0.827348009564693,66
3,6,0.837011301885278,0.72655616232186,66
5,6,0.839519071363929,-0.257219883838282,66
6,6,0.658494402575741,0.683812302723816,66
1,7,0.981570999718698,0.995920133625554,66
2,7,0.955470359998678,0.159519221899172,66
4,7,0.884972763774068,0.419950106272647,66
3,7,0.85817860044317,0.13700296140264,66
5,7,0.828129357632781,0.902860366407248,66
6,7,0.674064824648404,0.628106608019632,66
1,8,0.98298650281938,0.987684281168299,66
2,8,0.956891719216425,0.764005063821232,66
4,8,0.877771186801983,0.893262342089805,66
3,8,0.841815037668263,0.887435964822627,66
5,8,0.826067725771205,0.508233426756665,66
6,8,0.686101929775287,-0.149609159964858,66
1,9,0.983643590478874,0.808914533933104,66
2,9,0.942549813845507,0.960446340975795,66
4,9,0.89300258533159,0.416049478842273,66
3,9,0.865170076494008,0.478838378019682,66
5,9,0.81909374650106,0.917306797053081,66
6,9,0.696626011456661,0.179195660501619,66
1,10,0.984322985015673,0.925445735538619,66
2,10,0.951250527761325,0.836231052337613,66
4,10,0.896183956453896,0.118217550717757,66
3,10,0.850876748164018,0.31956218407057,66
5,10,0.758351123110832,0.282926306260339,66
6,10,0.665467648762132,0.789345831596572,66
1,11,0.986149149956524,0.945264760330973,66
2,11,0.958995773806446,0.434684839873237,66
4,11,0.895189846607445,0.68392550668405,66
3,11,0.838367298332493,0.810915640487456,66
5,11,0.836242736865176,0.44836624512651,66
6,11,0.714158045688679,-0.482441929298402,66
1,12,0.984565832677721,0.957014082471749,66
2,12,0.951755764970733,0.958434140467279,66
4,12,0.87935466803956,0.116054020816295,66
3,12,0.828088666120743,0.966030267398404,66
5,12,0.854680990825246,0.415693702271722,66
6,12,0.671551793596975,0.895519788578652,66
1,13,0.983043390628683,0.836010646957162,66
2,13,0.950812712572477,0.930604763970878,66
4,13,0.879476876335704,-0.250564474546307,66
3,13,0.827886579659823,0.821529280052009,66
5,13,0.831743366924722,0.556201002560603,66
6,13,0.659092709014432,0.559895108177674,66
1,14,0.984307797203844,0.915107090744799,66
2,14,0.952237969264796,0.818486691610434,66
4,14,0.878927027815635,0.912724960333195,66
3,14,0.847969858905555,0.614693046066425,66
5,14,0.830701287385484,0.409511826860886,66
6,14,0.705278384017959,-0.0858790006704732,66
1,15,0.984775679834172,0.94145260733162,66
2,15,0.952105363679603,0.874286990203648,66
4,15,0.876670402639688,0.749091085775783,66
3,15,0.838710645420627,0.543405378253393,66
5,15,0.833550964158402,0.566498706428621,66
6,15,0.708558983280871,0.40804716920579,66
1,1,0.981419007526458,0.936993067585748,67
2,1,0.976315613695298,0.496519719299086,67
3,1,0.907626432485243,0.629460877796714,67
5,1,0.810938874405394,0.160696028636754,67
4,1,0.811362424210285,0.538949805149211,67
6,1,0.738787686340836,-0.251649596005699,67
1,2,0.97966813977318,0.971865660002492,67
2,2,0.979211652360695,0.601179778814642,67
3,2,0.926466137101776,0.520211318517552,67
5,2,0.814668840421938,0.598067422827048,67
4,2,0.802730457571278,0.274113117785858,67
6,2,0.686030115787755,0.268657727173398,67
1,3,0.980689048181656,0.981666004138637,67
2,3,0.973282213685281,0.959197531692815,67
3,3,0.902492272685396,0.798398654830813,67
5,3,0.83417558335095,0.449940376128685,67
4,3,0.795826058494119,0.723683222114381,67
6,3,0.68216815256718,0.363343273262129,67
1,4,0.981146891145245,0.95150457981543,67
2,4,0.972790064854605,0.94079276500745,67
3,4,0.897420897172501,0.799118709456763,67
5,4,0.846819172791287,0.39224230717008,67
4,4,0.800960703002039,0.673943283927062,67
6,4,0.644125360363314,0.651130918537093,67
1,5,0.98161361020373,0.967630782895225,67
2,5,0.976379720654953,0.913793362839155,67
3,5,0.911108187528776,0.787587251602509,67
5,5,0.817029299003351,0.139952545362416,67
4,5,0.789140710465683,0.789736848941701,67
6,5,0.681319104360166,0.364803933145586,67
1,6,0.98169450237332,0.910825733315271,67
2,6,0.974178467983511,0.739608761228876,67
3,6,0.905015091538068,0.57014304972952,67
5,6,0.812574841513467,0.536782903813335,67
4,6,0.79713704439175,0.313157227144809,67
6,6,0.692263601283352,0.373240392978144,67
1,7,0.980759912341052,0.93634536267877,67
2,7,0.974637736913908,0.960115165829672,67
3,7,0.906933599156719,0.83102458211401,67
5,7,0.813696642212275,0.422806404199524,67
4,7,0.792068269906026,0.684454372889141,67
6,7,0.671014025259963,0.230463638041416,67
1,8,0.979715347514398,0.990744775402392,67
2,8,0.97503931400229,0.839463337845953,67
3,8,0.904469291663281,0.849531733254542,67
5,8,0.821423031026099,0.30569227303842,67
4,8,0.794613312962192,0.418412249977293,67
6,8,0.67433118935399,0.14041228267942,67
1,9,0.979500280087714,0.990761070012191,67
2,9,0.972408695012743,0.951867487417728,67
3,9,0.901408632526899,0.803401088306887,67
5,9,0.817004244367902,0.472476586709128,67
4,9,0.79911324713783,-0.815064461057517,67
6,9,0.648207917319572,0.759160626120646,67
1,10,0.981410319098385,0.977426046173848,67
2,10,0.967629171393459,0.985613283416809,67
3,10,0.918075626293654,0.654782964242825,67
5,10,0.814536125626258,0.719570718536681,67
4,10,0.802326448797985,0.324118718329862,67
6,10,0.730167576572412,-0.946487748266341,67
1,11,0.981429891356698,0.780960203087626,67
2,11,0.972921643287819,0.98967249992026,67
3,11,0.904194259685992,0.879170412977544,67
5,11,0.804009736152433,-0.364885729628142,67
4,11,0.807118599474252,0.732007121422239,67
6,11,0.686475271972995,0.178976168767223,67
1,12,0.98100239068271,0.951781678971852,67
2,12,0.974028964411904,0.750392340051579,67
3,12,0.914775000283659,0.58615206972035,67
5,12,0.837323370925294,0.105460756304895,67
4,12,0.813048079385753,0.672660838247616,67
6,12,0.669736772049965,0.710979485234734,67
1,13,0.991419244404405,0.828272878823325,67
2,13,0.973697236692446,0.850414732811502,67
3,13,0.906349564700296,0.727681429960675,67
5,13,0.845312002183239,0.349039119166324,67
4,13,0.790378163827717,0.953667911547653,67
6,13,0.663987668674296,-0.150130818475934,67
1,14,0.980938610785556,0.949831561416828,67
2,14,0.975946965037798,0.750705416454531,67
3,14,0.906239076500565,0.742869161733675,67
5,14,0.82486824089503,0.163579480223585,67
4,14,0.74194652810607,0.81053732208395,67
6,14,0.689448984091244,-0.343404928139119,67
1,15,0.982094896890706,0.771544767696927,67
2,15,0.975855791926415,0.779168098551528,67
3,15,0.91388341292185,0.622334460675678,67
5,15,0.831012240671471,-0.214980822380208,67
4,15,0.806359832290273,0.773405293243559,67
6,15,0.671493476325893,0.372329190265418,67
1,1,0.980658093233162,0.987508888926735,68
2,1,0.974883553954231,0.958182830424503,68
5,1,0.908486549950088,0.804425127896084,68
4,1,0.860256539247114,0.463041901985088,68
3,1,0.819277960224544,0.793688048789845,68
6,1,0.749947345796294,0.302943331492833,68
1,2,0.981526015363228,0.960320361293802,68
2,2,0.973000063390961,0.996581384858943,68
5,2,0.902593046304678,0.814070892317158,68
4,2,0.841939142774501,0.746808877806012,68
3,2,0.832093434695239,0.14467703257715,68
6,2,0.73643938419992,0.338238682610793,68
1,3,0.988425963668077,0.872126704136176,68
2,3,0.975962696666879,0.953516103387428,68
5,3,0.902458573977936,0.871037573861331,68
4,3,0.847575692465504,0.555968570111638,68
3,3,0.819771522779241,0.768459009080811,68
6,3,0.736534650299679,0.481545002602302,68
1,4,0.984002811611953,0.894355750287526,68
2,4,0.969764694940602,0.983955027024594,68
5,4,0.904332458390873,0.822977174150032,68
4,4,0.851543646391801,0.870761556011366,68
3,4,0.8255711171617,0.394165176436251,68
6,4,0.746761024716759,0.604730563674169,68
1,5,0.980804748763149,0.992995607083319,68
2,5,0.975740016905032,0.953876933713598,68
5,5,0.933868108366298,-0.0101212598360775,68
4,5,0.851821564567912,0.396243926768797,68
3,5,0.831142263597048,0.380122157253827,68
6,5,0.74104660191965,0.0984209946708068,68
1,6,0.980730659043277,0.983295084748773,68
2,6,0.974827963635899,0.882272821020686,68
5,6,0.899214478399518,0.772568397783055,68
4,6,0.855126703361268,-0.208065745476509,68
3,6,0.764255325673819,0.192650228568375,68
6,6,0.744912235811162,0.272010508627085,68
1,7,0.981523091120183,0.982649577643814,68
2,7,0.978130904014105,0.671386413671402,68
5,7,0.908061200037638,-0.626000603018626,68
4,7,0.892477941968199,0.716908886217242,68
3,7,0.840288068724577,0.710251958073499,68
6,7,0.735719562972556,0.827589373363286,68
1,8,0.981191082804643,0.963926559668178,68
2,8,0.973931618306498,0.979898255843177,68
5,8,0.912547767192167,0.125026360232318,68
4,8,0.846088951749364,0.70232603620792,68
3,8,0.826422015764104,0.53812096122937,68
6,8,0.732247333966455,-0.357879539857798,68
1,9,0.981573585869261,0.970624945851118,68
2,9,0.977936632138342,0.898517013489629,68
5,9,0.908839927630219,-0.0186185928553992,68
4,9,0.854696920812672,0.692133562215537,68
3,9,0.827389901089743,0.380028691676961,68
6,9,0.732203595799135,0.563243983038759,68
1,10,0.982529787167448,0.935422747758562,68
2,10,0.975873446445723,0.837477567271634,68
5,10,0.89116535676644,0.963533862854365,68
4,10,0.849227230798052,0.854676737949143,68
3,10,0.820809133854245,0.828734246152414,68
6,10,0.733745687182661,0.656815918701645,68
1,11,0.981470950033591,0.941564472251704,68
2,11,0.979843175785165,0.579183570141717,68
5,11,0.918233215457102,0.136187549765158,68
4,11,0.864748612472871,-0.0221606449923538,68
3,11,0.815306091899451,0.832324127497725,68
6,11,0.736295843174398,0.396087990104126,68
1,12,0.979872785074904,0.986820558364659,68
2,12,0.977447708779674,0.9679325248362,68
5,12,0.922380689025147,0.467177163292212,68
4,12,0.881227786862693,-0.141486878823689,68
3,12,0.837578209952623,0.112823560351066,68
6,12,0.778739147296301,0.258230528543408,68
1,13,0.981549445396808,0.950908127091318,68
2,13,0.978284426746916,0.613328061261148,68
5,13,0.909259390873968,0.166348629221912,68
4,13,0.84641753016815,0.346646290875223,68
3,13,0.825149433919865,0.760643196094819,68
6,13,0.761807273404555,-0.116059849247262,68
1,14,0.981801224843263,0.974004847614393,68
2,14,0.979189166435797,0.82504024183855,68
5,14,0.91382976830353,0.535848634136242,68
4,14,0.898602507674721,0.639720413713458,68
3,14,0.831343935101169,0.217081589785159,68
6,14,0.726827528752221,0.601192546804249,68
1,15,0.981833352614833,0.937844444315737,68
2,15,0.977648578305272,0.707975708437963,68
5,15,0.906988324286358,0.789965563766566,68
4,15,0.870474169820093,0.61757114359033,68
3,15,0.838681038597595,0.386426384783398,68
6,15,0.727702435863687,0.229935974298522,68
1,1,0.981466885247779,0.686489879736726,69
2,1,0.971053148178668,0.71847290375768,69
4,1,0.923495931131209,0.241377744788367,69
5,1,0.867018959708588,0.659547185701626,69
3,1,0.858892986807343,0.341418728267283,69
6,1,0.770231895254749,-0.387557002631749,69
1,2,0.97514916514885,0.96626489505312,69
2,2,0.973334371476689,0.201980541194429,69
4,2,0.920284308997742,0.890473709112151,69
5,2,0.882844957816448,0.2038395911676,69
3,2,0.847527620162313,0.720577984381508,69
6,2,0.763188723112166,0.723835116791797,69
1,3,0.975296264595901,0.747666117698225,69
2,3,0.967137734296052,0.89962229354151,69
4,3,0.911615483750901,0.826487912675565,69
5,3,0.862485762360515,0.716397921575873,69
3,3,0.837769907885223,0.875070283985227,69
6,3,0.741349206078875,0.620238703118721,69
1,4,0.97491939138237,0.952227242905217,69
2,4,0.970634618662234,0.916372751223423,69
4,4,0.914543813191339,0.60772175619936,69
5,4,0.865838711642699,0.568525023609012,69
3,4,0.842417591225061,0.559310376200456,69
6,4,0.787404842035481,-0.408398115878299,69
1,5,0.983530423523922,0.824775455998288,69
2,5,0.968715795180932,0.109931545577869,69
4,5,0.926377296465344,0.245241357779778,69
5,5,0.883147336823697,0.247971337754165,69
3,5,0.858078931907489,0.358906308149662,69
6,5,0.766177820002594,-0.343684274210859,69
1,6,0.97724357322109,0.98319724179167,69
2,6,0.967137299604042,0.933418862769664,69
4,6,0.91386082185386,0.696070542341262,69
5,6,0.867089429237079,0.0976389468492112,69
3,6,0.845484019771893,0.837686088917667,69
6,6,0.749382738033898,0.31908131520793,69
1,7,0.976932405394208,0.936528370488278,69
2,7,0.971910109635172,0.834859567725457,69
4,7,0.923090491905326,0.204657416586817,69
5,7,0.878886724244379,0.0163591991435985,69
3,7,0.855681450556733,0.106030388708923,69
6,7,0.755861370320592,-0.0942036624344038,69
1,8,0.978292542723084,0.923859752041213,69
2,8,0.969235177751341,0.729446357662744,69
4,8,0.920132723873979,0.365324038468782,69
5,8,0.870969086316047,-0.30339821787622,69
3,8,0.848276343026508,0.814382308615703,69
6,8,0.789180042040078,-0.724540668427501,69
1,9,0.976860437629403,0.925787219291569,69
2,9,0.966437251875808,0.924881831938856,69
4,9,0.918574296559579,0.605914031821349,69
5,9,0.880790960740682,0.0542659567568364,69
3,9,0.855304503285761,0.494893949746236,69
6,9,0.796566427969192,-0.605209277538322,69
1,10,0.976805105896266,0.941378397162948,69
2,10,0.965270783376147,0.966724954272409,69
4,10,0.915767616899425,0.448984201471348,69
5,10,0.896553579916093,0.299495570824821,69
3,10,0.841800539033795,0.474231231420922,69
6,10,0.732816447037822,0.818455338967974,69
1,11,0.977555626394315,0.980299100254862,69
2,11,0.968485525309317,0.673344838325526,69
4,11,0.924026065395909,-0.141762824856014,69
5,11,0.893315992945186,0.365267906120898,69
3,11,0.848825865049424,0.433089690701058,69
6,11,0.753479143512084,-0.215087978627535,69
1,12,0.976888069118142,0.93494970101222,69
2,12,0.970847450720272,0.605235235777245,69
4,12,0.9028692870291,0.930883326168905,69
5,12,0.878521744330281,-0.618639705576498,69
3,12,0.83896755973732,0.74903772811563,69
6,12,0.772407856427842,-0.046910330469426,69
1,13,0.978760250426743,0.884126521377321,69
2,13,0.965803287177171,0.890562471116553,69
4,13,0.921441235760714,0.505854959509002,69
5,13,0.859680806442583,-0.191155219585187,69
3,13,0.842646484087636,0.81942757876797,69
6,13,0.718996321220231,-0.365863598666475,69
1,14,0.977119997953849,0.924343484723557,69
2,14,0.969215682519569,0.872717274498257,69
4,14,0.921084506393933,0.21344490639704,69
5,14,0.895236302772691,-0.301849492432162,69
3,14,0.860474382066765,0.793519028759167,69
6,14,0.778641798498573,0.528460297882934,69
1,15,0.975913558300487,0.780890547705463,69
2,15,0.971625936003735,0.271261192575938,69
4,15,0.907134743098865,0.932047876405147,69
5,15,0.87865049496267,-0.42885681139239,69
3,15,0.853385339484817,-0.487233261706527,69
6,15,0.732048271659852,0.942383338005117,69
1,1,0.97458215261655,0.907529617358403,70
2,1,0.957911045848608,0.926330272865541,70
4,1,0.889514522015722,0.450748307651073,70
3,1,0.852213271435609,0.744597015433059,70
6,1,0.756726682328176,0.651994325940588,70
5,1,0.694343549254871,0.767291636071448,70
1,2,0.97379616330625,0.0758679158855328,70
2,2,0.95905549066627,0.773215203721254,70
4,2,0.889517686185396,0.406202895472197,70
3,2,0.844990436636236,0.648997324804757,70
6,2,0.790721753308172,-0.106623172298799,70
5,2,0.743940795752269,0.28172945346585,70
1,3,0.972705484239952,0.778471325470743,70
2,3,0.957893743174395,0.966350560225357,70
4,3,0.889083362078889,-0.0216504982982256,70
3,3,0.851778900278161,0.905252209390733,70
6,3,0.755722147925611,0.342161388634587,70
5,3,0.73530449392366,0.380911326190759,70
1,4,0.972052246721003,0.979644216661185,70
2,4,0.960537991916046,0.416832436568135,70
4,4,0.884774409753089,0.56225459589841,70
3,4,0.865114643716706,0.791504578602408,70
6,4,0.754108286835051,0.592918360219518,70
5,4,0.715222696347159,0.524310778209303,70
1,5,0.973182256486243,0.908295386965077,70
2,5,0.952495820370187,0.966372216196144,70
4,5,0.89779918308663,0.529227703717873,70
3,5,0.857758326277994,0.863895237788985,70
6,5,0.74758075765046,0.592121617334881,70
5,5,0.723044348111596,-0.374319251505494,70
1,6,0.977146526212276,0.873559141933508,70
2,6,0.958227106275419,0.599171120244169,70
4,6,0.905684661533104,0.16714534240931,70
3,6,0.863576568985521,0.239378587722059,70
6,6,0.727295748781293,0.797813338295148,70
5,6,0.722729650684737,0.531848164359678,70
1,7,0.974577202488226,0.76972101920715,70
2,7,0.955652518261792,0.913257368872474,70
4,7,0.906429263230886,0.540676832904289,70
3,7,0.889325134228743,0.476264115874775,70
6,7,0.764097566232003,-0.201400381501583,70
5,7,0.722830235947067,0.542275973529647,70
1,8,0.975620707061471,0.901993595177577,70
2,8,0.956955571294097,0.77613694570787,70
4,8,0.873431468955072,0.636992923950948,70
3,8,0.862873551354511,0.958740009910678,70
6,8,0.767302446894677,0.34836107589991,70
5,8,0.712939738322096,0.456229718491564,70
1,9,0.973620433474471,0.94460132783168,70
2,9,0.960979638052502,0.772681588244493,70
4,9,0.894381800031469,0.60634219653088,70
3,9,0.861662533512189,0.733865291957092,70
6,9,0.77212384305155,-0.0152761872171768,70
5,9,0.738700509282208,0.096038057031551,70
1,10,0.973418531826717,0.946339564938879,70
2,10,0.95312700869768,0.974788687054175,70
4,10,0.902331759141022,-0.0390541101769193,70
3,10,0.859908183734571,0.810704363804281,70
6,10,0.756381388167483,0.385978534132181,70
5,10,0.709361962388588,0.736747134981509,70
1,11,0.971001572165586,0.996888867404863,70
2,11,0.95722435851073,0.970319747232422,70
4,11,0.887199545936332,0.837458335810459,70
3,11,0.866589950883834,0.663048086337029,70
6,11,0.767891909802158,0.576390471994808,70
5,11,0.750320270296269,-0.307212970719622,70
1,12,0.975609768885203,0.8583974789912,70
2,12,0.959120455468189,0.842462332506033,70
4,12,0.894806734388556,0.352560842445686,70
3,12,0.876674001799134,0.598835592611381,70
6,12,0.753678231879718,0.567707981860023,70
5,12,0.715019674072356,0.337741346931548,70
1,13,0.971322641597091,0.985483329104643,70
2,13,0.961329875532463,0.535141482717298,70
4,13,0.876868494732569,0.868409800441903,70
3,13,0.861954633014655,0.220713868610739,70
6,13,0.766012939897227,0.435820120713635,70
5,13,0.716924185054765,0.283241360303263,70
1,14,0.973444646306633,0.949951700874654,70
2,14,0.962532294762356,0.181318156692764,70
4,14,0.885732613322732,0.917283569550027,70
3,14,0.86381422970619,0.360856608828379,70
6,14,0.759019927336711,0.023941169247734,70
5,14,0.701629927107453,0.584429631361165,70
1,15,0.973267280785289,0.756333900845341,70
2,15,0.956678517363731,0.876021122675857,70
4,15,0.891757187538255,0.1832940540751,70
3,15,0.851324424745129,0.956178214591028,70
6,15,0.762261744766277,0.241357879996299,70
5,15,0.71253261132779,0.64783333458009,70
1,1,0.975830259348016,0.96340606420745,71
2,1,0.956226656844317,0.86954141978082,71
4,1,0.854758158220084,0.569363368118049,71
3,1,0.807285695749814,0.674704087790779,71
6,1,0.742251130766767,0.626366027517991,71
5,1,0.696479340203543,-0.00419496306629788,71
1,2,0.974911160477803,0.949780874867219,71
2,2,0.957179904670174,0.405491338099981,71
4,2,0.876905948359187,0.594846391758952,71
3,2,0.836807477274082,0.623570363813087,71
6,2,0.743883550280495,0.020935621647848,71
5,2,0.685379583398235,0.270228594172561,71
1,3,0.977760837537774,0.977280435149037,71
2,3,0.961884717173105,0.179344828510484,71
4,3,0.854036754451293,0.362398023307859,71
3,3,0.801143504549871,0.726336909103368,71
6,3,0.720074425706186,0.794184388959409,71
5,3,0.679125858402648,0.817906317979082,71
1,4,0.973315340474132,0.939851446435959,71
2,4,0.964168524202231,0.446057012874773,71
4,4,0.839189763067522,0.527880488712001,71
3,4,0.862688151427638,0.401682466990406,71
6,4,0.723817436465328,0.678207213535079,71
5,4,0.700881633868413,0.230407302294265,71
1,5,0.980586729974305,0.836459463993187,71
2,5,0.94772093058485,0.976516408629364,71
4,5,0.866641970584052,0.692909272797944,71
3,5,0.814319699443889,0.793127993059128,71
6,5,0.747227681873131,0.640034421581036,71
5,5,0.671029245230258,0.517075154735084,71
1,6,0.974253251625835,0.956502818889923,71
2,6,0.953458033691998,0.92945697144681,71
4,6,0.87115949058739,0.177582289012571,71
3,6,0.814043217932178,0.541063264119694,71
6,6,0.731602611386959,0.174055647486443,71
5,6,0.716582837654349,-0.0108329256652271,71
1,7,0.973901242118692,0.983330022075718,71
2,7,0.95108690441979,0.967897414095412,71
4,7,0.862946294138392,-0.407149199212057,71
3,7,0.801274914627257,0.899126665688721,71
6,7,0.736944122862443,-0.622273712729004,71
5,7,0.682931702821526,0.453021098610617,71
1,8,0.976881241397737,0.479374890902227,71
2,8,0.954364441181635,0.932528474476817,71
4,8,0.87014587592455,-0.495214676636532,71
3,8,0.824137403882143,0.272960340628365,71
6,8,0.747259090037499,0.386875192246569,71
5,8,0.701321081104487,0.0287013429495521,71
1,9,0.977705986741414,0.905643731525297,71
2,9,0.951914585382501,0.95524138796713,71
4,9,0.859537947673107,0.801742243201426,71
3,9,0.796306129321916,0.794991517615468,71
6,9,0.729594911414266,0.202944167079088,71
5,9,0.681817945449947,0.765093757255806,71
1,10,0.976141344707437,0.944450240772016,71
2,10,0.954537177741345,0.969608314337236,71
4,10,0.856726862791744,0.244158232160534,71
3,10,0.820714441705301,0.291586808413606,71
6,10,0.751117513528702,-0.0793716438296745,71
5,10,0.689166657251434,0.176535644012019,71
1,11,0.975333312903536,0.949747481728626,71
2,11,0.95916235168336,0.841566713194475,71
4,11,0.864163474419491,0.932764575029596,71
3,11,0.811624833499977,0.587892649847867,71
6,11,0.750256565731631,-0.445825090711194,71
5,11,0.687381002762945,0.475090639896409,71
1,12,0.973988746511264,0.959671816743101,71
2,12,0.956963002643795,0.845225968271961,71
4,12,0.853868593087188,0.884286456765091,71
3,12,0.801330150135032,0.88584921153277,71
6,12,0.732685548891283,0.0671758035467211,71
5,12,0.694805535028813,0.154125648701556,71
1,13,0.974006096347923,0.983225831109543,71
2,13,0.955678682536825,0.492751388621249,71
4,13,0.862515566463255,0.672047519678617,71
3,13,0.81445220277305,0.259725079416327,71
6,13,0.70479550667922,0.139849161001802,71
5,13,0.692617341070733,0.666945813119875,71
1,14,0.973796000216506,0.980100328802634,71
2,14,0.956533824040559,0.751134981010384,71
4,14,0.852760791860398,0.630118261397745,71
3,14,0.805195301628436,0.709696160941241,71
6,14,0.731725083909034,0.540974261281988,71
5,14,0.690893615518002,0.276327000620149,71
1,15,0.971847187617998,0.992165992188367,71
2,15,0.955089097716644,0.911196009775886,71
4,15,0.86359004184757,0.195501740372143,71
3,15,0.818175289223513,0.354472783686112,71
6,15,0.746129444571725,-0.732451244579006,71
5,15,0.701672894782197,0.0665147477457884,71
1,1,0.960459855600421,0.948035640057005,72
2,1,0.940328691902765,0.990957872937645,72
4,1,0.822490810107572,0.727341707115977,72
5,1,0.809611779194483,0.432445970729839,72
3,1,0.765727945949904,0.634683836374904,72
6,1,0.657186746046794,0.476109915130566,72
1,2,0.959338739228256,0.96307793488442,72
2,2,0.94464423334466,0.958612571772343,72
4,2,0.81791845592348,0.641683021288823,72
5,2,0.794097637031146,0.789773052120686,72
3,2,0.76895115800579,0.601967814939395,72
6,2,0.660146139806916,0.644476115080224,72
1,3,0.958341192830581,0.961040274185725,72
2,3,0.936688771123695,0.97631605336088,72
4,3,0.812242731906412,0.704923447204501,72
5,3,0.802284682138326,0.567227910969401,72
3,3,0.780123601431543,0.600666964935245,72
6,3,0.672142207138591,0.198016423426879,72
1,4,0.959578940231456,0.912198079694082,72
2,4,0.950780587924936,0.454006527177887,72
4,4,0.827159695221838,0.220431311427917,72
5,4,0.809476559261354,0.347236721034797,72
3,4,0.767653372060469,0.608658261160504,72
6,4,0.648819325262058,0.671823340953752,72
1,5,0.959390485882005,0.983273253969229,72
2,5,0.946972843836883,0.939029528989555,72
4,5,0.812808797670394,0.899533615198622,72
5,5,0.798308308473866,0.651939880612114,72
3,5,0.77139756831071,0.473785225433404,72
6,5,0.636455669136442,0.788444163835658,72
1,6,0.959561967011668,0.923800784454126,72
2,6,0.951274115317993,0.750403670099043,72
4,6,0.827309907934076,0.454666166594942,72
5,6,0.802448537950533,0.827549228905041,72
3,6,0.755091228264011,0.540363476996872,72
6,6,0.646450473747682,0.763005106365949,72
1,7,0.960899567639126,0.871521898039391,72
2,7,0.947640962149953,0.646574570195251,72
4,7,0.827713235916036,0.139083636654156,72
5,7,0.810630501718586,0.221638021317958,72
3,7,0.710903122147204,0.929202687604714,72
6,7,0.670851953170738,0.496963444896359,72
1,8,0.965784035483435,0.840729553811355,72
2,8,0.949999258492717,0.782333908917058,72
4,8,0.813199683107432,0.870572386641029,72
5,8,0.804986364668018,0.126095047790827,72
3,8,0.76439586216205,0.42052650221312,72
6,8,0.65893627376303,0.493561188657765,72
1,9,0.962225310127161,0.974839898812959,72
2,9,0.944488714682781,0.938768544589145,72
4,9,0.877074317227569,0.508381591973021,72
5,9,0.80261946193468,0.168611125939227,72
3,9,0.766565267105654,-0.0190704930801397,72
6,9,0.652690417079431,0.585505253774026,72
1,10,0.95963648917507,0.972707009271091,72
2,10,0.947757859866774,0.901718318401132,72
4,10,0.805032936739707,0.840693773458249,72
5,10,0.80155142024193,0.698825166004231,72
3,10,0.765959300415319,0.537215533722564,72
6,10,0.677285766501908,0.20487301356503,72
1,11,0.956449264356535,0.975699183455358,72
2,11,0.948270156658117,0.904742701838124,72
4,11,0.826946669009323,0.67655537142434,72
5,11,0.804030216688263,0.344107000447261,72
3,11,0.766153776888545,0.451760243590851,72
6,11,0.679131031199504,0.111155699697565,72
1,12,0.962727041817103,0.833404086432049,72
2,12,0.946741320799666,0.933621623246199,72
4,12,0.823380226717048,0.429643882393984,72
5,12,0.78577990927481,0.653454243279979,72
3,12,0.775914809067771,0.44847235001418,72
6,12,0.677029878661418,0.251760558684206,72
1,13,0.965790132258849,0.812957658617758,72
2,13,0.949663025884556,0.655091805390803,72
4,13,0.823070252502614,0.481544466877232,72
5,13,0.803046604340381,0.785940752582248,72
3,13,0.754880308684485,0.940964524782278,72
6,13,0.687558832230612,-0.724328994375865,72
1,14,0.95959870227033,0.989494427466466,72
2,14,0.951185075989158,0.825104689789728,72
4,14,0.825861594760946,0.595078880837272,72
5,14,0.771004382419109,0.0785895270011818,72
3,14,0.778675849873249,0.953877599475036,72
6,14,0.665025274702328,0.376512513108245,72
1,15,0.959942523058938,0.960442894173031,72
2,15,0.947469751704544,0.855224901797728,72
4,15,0.827628915196255,0.416991898921268,72
5,15,0.800311419149961,0.281937375439666,72
3,15,0.773565134705631,0.568478914622154,72
6,15,0.66875404064331,0.351772535671173,72
1,1,0.973713458716391,0.964604934164744,73
2,1,0.966684546417926,0.859778389278303,73
3,1,0.886344118814713,0.862815325309136,73
6,1,0.807968698946447,0.618187382008755,73
4,1,0.789691816601838,-0.542042518029383,73
5,1,0.75116334570883,0.172813558914114,73
1,2,0.976931744244728,0.901895079609855,73
2,2,0.964329768780112,0.951882191669602,73
3,2,0.894768777056128,0.838334369813308,73
6,2,0.828218216395612,-0.269333824118932,73
4,2,0.783722309146779,0.463633823332228,73
5,2,0.771613699836957,-0.361283475798899,73
1,3,0.97520568062897,0.930232313112382,73
2,3,0.965027751796446,0.865298109138066,73
3,3,0.89587538075969,0.408798340890853,73
6,3,0.813149703045533,0.285370415265236,73
4,3,0.800764986076463,0.1920442383765,73
5,3,0.731090386878272,0.752642809203344,73
1,4,0.974510601544639,0.948066702461781,73
2,4,0.962538466827406,0.956535828338507,73
3,4,0.888985312083638,0.584898759610999,73
6,4,0.795302512965569,0.633592414312048,73
4,4,0.785140113246456,0.587483401989434,73
5,4,0.7217226139558,0.709008681213245,73
1,5,0.972212351000975,0.996740866826835,73
2,5,0.962451617124752,0.95212318243816,73
3,5,0.886550366577796,0.759926529276871,73
6,5,0.828278887133057,-0.669469973839832,73
4,5,0.757550081984026,0.214112140048434,73
5,5,0.733835767523264,0.69799809802623,73
1,6,0.973937818589549,0.957434693867155,73
2,6,0.967162118616046,0.798806195459419,73
3,6,0.900683106770352,0.767828130610006,73
6,6,0.82856345783425,0.656826740262867,73
4,6,0.795616624343191,0.455820163765545,73
5,6,0.738848779537679,0.638955354318167,73
1,7,0.973987123926977,0.970737765252527,73
2,7,0.963944495564382,0.957520734714569,73
3,7,0.892751159060803,0.627440573276471,73
6,7,0.797832155683207,0.651721411500028,73
4,7,0.787838058760133,0.692535046062529,73
5,7,0.726709460103002,0.640783708178109,73
1,8,0.974369520919618,0.937389777617372,73
2,8,0.964791974443713,0.820106026471495,73
3,8,0.886444682760938,0.944076642079315,73
6,8,0.787751756109387,0.89370263733479,73
4,8,0.768422574032071,0.876141358502307,73
5,8,0.736779966205125,-0.606983371470376,73
1,9,0.982597196216526,0.764410699096732,73
2,9,0.967266370933347,0.837573971105176,73
3,9,0.886097268373081,0.902142567870613,73
6,9,0.793754213581563,0.756986138171398,73
4,9,0.78986665204934,-0.172018463018826,73
5,9,0.714080480297457,0.666416380870576,73
1,10,0.973074685926112,0.956214824748599,73
2,10,0.965120112896808,0.78175983286386,73
3,10,0.903911791860085,0.4764943521003,73
6,10,0.804188340861146,-0.146738010903218,73
4,10,0.795039129942663,0.248777032079631,73
5,10,0.739080806189081,0.226081063194814,73
1,11,0.972595042896732,0.890126410339443,73
2,11,0.966171923403143,0.925825119250264,73
3,11,0.892107218656999,0.535862011974402,73
6,11,0.791416356658251,0.789447486789704,73
4,11,0.786129546974992,0.745491282801729,73
5,11,0.721324789607136,0.284551959099722,73
1,12,0.972641589210298,0.988564665272226,73
2,12,0.963654371315185,0.878582908998591,73
3,12,0.88864710220513,0.751679862870312,73
6,12,0.834652712654707,-0.530473067469325,73
4,12,0.758223498669522,0.940904590355886,73
5,12,0.733568883340245,0.0800486980859732,73
1,13,0.974707227645293,0.893766567940413,73
2,13,0.96387176343732,0.953241582465186,73
3,13,0.892339902687876,0.578001949421955,73
6,13,0.79538332166514,0.700966591437131,73
4,13,0.78301898830029,0.679917076209218,73
5,13,0.728972449994313,0.39689630152985,73
1,14,0.971278229678151,0.977242388849903,73
2,14,0.96024683786888,0.976369235023975,73
3,14,0.890682569403332,0.747872376607685,73
6,14,0.79761705679893,0.541430174629901,73
4,14,0.776910533563092,0.641198001196183,73
5,14,0.700927506723159,0.822928080906628,73
1,15,0.972212851201923,0.993308168760532,73
2,15,0.964211859962572,0.887646721576232,73
3,15,0.885959551593603,0.908420377369641,73
6,15,0.807484086200134,-0.191678948090706,73
4,15,0.769853404504852,0.231868318459561,73
5,15,0.712598532416307,0.286864978165717,73
1,1,0.955202751789303,0.97674672744017,74
2,1,0.910404073690825,0.880133226131513,74
5,1,0.74669748699129,0.455952800396137,74
3,1,0.765651917958825,0.712857677713342,74
4,1,0.7079838855514,0.00262316924089631,74
6,1,0.561456106291673,0.265152965804688,74
1,2,0.957188401723974,0.915783798034132,74
2,2,0.898038083682262,0.948620427709532,74
5,2,0.781307925658976,0.506778584453607,74
3,2,0.728511266411221,0.500191255230542,74
4,2,0.71610221088973,0.580470501061794,74
6,2,0.560323213871341,0.332721980720247,74
1,3,0.957919507398502,0.944862360074929,74
2,3,0.911237071854869,0.884155690413156,74
5,3,0.758223512903887,0.485607652304236,74
3,3,0.758465453570093,0.770751158089494,74
4,3,0.682472347584848,0.655778302009208,74
6,3,0.571814251072541,-0.411069515820977,74
1,4,0.951419385487526,0.982461593590164,74
2,4,0.914143196457365,0.664504941430324,74
5,4,0.754055694717144,-0.32202337291569,74
3,4,0.768770493458687,0.551897409757489,74
4,4,0.680034054619831,0.417550519999276,74
6,4,0.58161008283126,0.291933673285103,74
1,5,0.954881134632007,0.974984081451876,74
2,5,0.909738839432718,0.85873527710536,74
5,5,0.78490414034122,0.467830635381685,74
3,5,0.74572208019045,0.687016932316038,74
4,5,0.684016502368535,0.382603378698019,74
6,5,0.552947578827072,0.571609008022527,74
1,6,0.955959558520041,0.803026191337629,74
2,6,0.899648739813454,0.935046018593046,74
5,6,0.756151766307244,0.748740397462737,74
3,6,0.730119885713563,0.67230440823125,74
4,6,0.707092280127228,0.905801916530063,74
6,6,0.546930635699823,0.526130766553495,74
1,7,0.961835554187588,0.870393742932443,74
2,7,0.908275549852898,0.953230682872823,74
5,7,0.730100405482756,0.180697771819135,74
3,7,0.779564787507661,0.888769018470239,74
4,7,0.675874605707521,0.699107279214553,74
6,7,0.547794838605565,0.332509394505778,74
1,8,0.955419398860198,0.966000719961269,74
2,8,0.899751199025764,0.96638048282215,74
5,8,0.763250885519772,0.512716795922143,74
3,8,0.764075634487874,0.510819129506391,74
4,8,0.692544112864053,0.649162589982492,74
6,8,0.576084207914237,0.15832070171484,74
1,9,0.955169867913182,0.97679489766687,74
2,9,0.912849165246255,0.842186122430256,74
5,9,0.806249308506309,0.256507915142801,74
3,9,0.730695125832233,0.855994532926845,74
4,9,0.692486866815084,0.689598676164358,74
6,9,0.580388805763428,0.54330603628833,74
1,10,0.957048025102801,0.954406307447198,74
2,10,0.910706383364993,0.851318808736892,74
5,10,0.740828131117392,0.607264866912208,74
3,10,0.737587964957529,0.149391163833771,74
4,10,0.667085120753842,0.682858988938789,74
6,10,0.522028097915708,0.205852859136598,74
1,11,0.956983831909055,0.939915240139046,74
2,11,0.91282407097477,0.370140897642057,74
5,11,0.758855724183541,-0.118018225401134,74
3,11,0.763722712227128,0.926422464320022,74
4,11,0.693858421360585,0.612111929327524,74
6,11,0.565463040905121,0.139660559181103,74
1,12,0.959418175385026,0.879855632301303,74
2,12,0.913331454637275,0.609886130784016,74
5,12,0.754664267838965,0.64703916038941,74
3,12,0.76916247200636,0.73721601247301,74
4,12,0.702392526055433,0.341128791243791,74
6,12,0.589461710991299,-0.0678526577463926,74
1,13,0.957448578254312,0.96827649126883,74
2,13,0.911019914770185,0.954094695898795,74
5,13,0.75694013424278,0.641398438538823,74
3,13,0.771573830362794,0.270069466401687,74
4,13,0.690934092842057,0.664225195728707,74
6,13,0.561506633534746,-0.239166772944011,74
1,14,0.954661671538397,0.962618478187818,74
2,14,0.910811931337857,0.64151104382807,74
5,14,0.753740942020015,0.571878494618696,74
3,14,0.757195780544161,0.741676381693591,74
4,14,0.712206392025292,0.175289217483282,74
6,14,0.580538286583266,0.123219929513805,74
1,15,0.955036660949353,0.962847141549372,74
2,15,0.909487836095681,0.890515525180682,74
5,15,0.756777330135492,0.527225341731734,74
3,15,0.768584889256174,0.833529012328989,74
4,15,0.69553709460729,0.622446325802064,74
6,15,0.563914651066024,0.503559349470979,74
1,1,0.968987575677906,0.979126566258204,75
2,1,0.941062479592707,0.954209760383424,75
4,1,0.871862870091312,0.639448182600975,75
3,1,0.81355687181851,0.831598359735337,75
5,1,0.733811379765571,0.0488586959831348,75
6,1,0.628603019559518,0.592370733048548,75
1,2,0.969985608218001,0.972498780152944,75
2,2,0.950570530558081,0.933194977634891,75
4,2,0.837317961756192,0.672107130314517,75
3,2,0.82466146081695,0.676105611309895,75
5,2,0.714239719866368,0.460915082896761,75
6,2,0.615046042401387,0.203727401312882,75
1,3,0.968137911512047,0.9932202215843,75
2,3,0.947803691438402,0.896692369242487,75
4,3,0.83644432978928,0.43510353689828,75
3,3,0.833956566309806,0.567962816404107,75
5,3,0.731712940439133,0.0877617968371132,75
6,3,0.65525510275381,-0.515842040291187,75
1,4,0.968599278239222,0.95465708897546,75
2,4,0.948598972500233,0.561893492177087,75
4,4,0.820319609428877,0.768353251377877,75
3,4,0.810898859440159,0.755734745749637,75
5,4,0.712353858112843,0.493862100202393,75
6,4,0.624012560176848,-0.00716413701777283,75
1,5,0.972035627774013,0.973749444476893,75
2,5,0.943368005935164,0.995513077797422,75
4,5,0.827164715810866,0.807258385702906,75
3,5,0.812368677461931,0.758345989143161,75
5,5,0.727171836873357,0.621304347628858,75
6,5,0.61727245702806,0.86814908252433,75
1,6,0.972850227861878,0.880458148678719,75
2,6,0.944673625283658,0.963562562526013,75
4,6,0.842211239719693,0.228056958454038,75
3,6,0.82253307193247,0.922223139304039,75
5,6,0.728116781871236,0.803835108730466,75
6,6,0.631880812434287,-0.0790258312965937,75
1,7,0.969991366813154,0.972997819068646,75
2,7,0.947568974734499,0.785679996170953,75
4,7,0.835851274192605,0.445992904264882,75
3,7,0.818126112933064,0.796620663033524,75
5,7,0.727339957604243,0.520422460320692,75
6,7,0.607777231749422,0.713828229196816,75
1,8,0.972087678998406,0.884667114594672,75
2,8,0.947469633387084,0.907378746093077,75
4,8,0.843017771462856,0.349337451768055,75
3,8,0.815187277408048,0.805610252918515,75
5,8,0.769194626926191,-0.420991145567534,75
6,8,0.611629806592401,0.385414082940286,75
1,9,0.971805058717815,0.926469732480232,75
2,9,0.949201123548905,0.815122050212794,75
4,9,0.827737804232458,0.697374820493358,75
3,9,0.815145591072444,0.766364384325907,75
5,9,0.719954146702043,0.742951387994411,75
6,9,0.631346205818786,0.753354936829115,75
1,10,0.969266208318637,0.986536294621175,75
2,10,0.949679382894438,0.607336451512518,75
4,10,0.827755129792924,0.855953803467148,75
3,10,0.807380302680903,0.964998008773823,75
5,10,0.729740476545806,0.281650048048437,75
6,10,0.637510249030071,0.243533885451038,75
1,11,0.971764328472311,0.940137513905684,75
2,11,0.949367152128328,0.905259407758019,75
4,11,0.840348369211091,0.650822068583676,75
3,11,0.824604640784008,0.903733486944291,75
5,11,0.716241578804534,0.780679158133003,75
6,11,0.634155886700999,0.324682156489218,75
1,12,0.969874539363551,0.978188241208162,75
2,12,0.941807694662538,0.954888384227499,75
4,12,0.828496072639727,0.789927613484408,75
3,12,0.815210206506413,0.842235415116518,75
5,12,0.722410199438234,0.797197523773844,75
6,12,0.632955269983638,0.415179295016767,75
1,13,0.97676717682547,0.759249781906007,75
2,13,0.948185700161069,0.891658153825863,75
4,13,0.836751647721204,0.16543548448956,75
3,13,0.815344168142875,0.900141034924372,75
5,13,0.691704720794355,0.694155991839471,75
6,13,0.650008857729461,0.0612879470303997,75
1,14,0.96990089844082,0.971900566546593,75
2,14,0.948526310106723,0.952578941866115,75
4,14,0.838741409769511,0.529538990672455,75
3,14,0.825568160565229,0.771358661241112,75
5,14,0.72797025555788,0.276568379718899,75
6,14,0.621996532069807,0.584161302558064,75
1,15,0.968610162984311,0.997084962295843,75
2,15,0.947551944740894,0.914303082982993,75
4,15,0.818814416208684,0.963433843794775,75
3,15,0.810833989855254,0.793593961239464,75
5,15,0.712940268235445,0.828353607222513,75
6,15,0.634560190187431,-0.050494316625856,75
2,1,0.975531869782054,0.916295318677638,76
1,1,0.963062905740747,0.872525951778168,76
3,1,0.898561323674834,0.527563013287712,76
4,1,0.804783330807336,0.915182860531539,76
5,1,0.824307269998896,0.159584681043802,76
6,1,0.712063948609231,0.605012436722834,76
2,2,0.981650028263727,0.811194697108072,76
1,2,0.964538745096924,0.770492935265021,76
3,2,0.913423622760665,0.528025459616263,76
4,2,0.871529992768458,0.727610475428423,76
5,2,0.820338485677743,0.725256469118792,76
6,2,0.751747817498115,-0.0778104010087489,76
2,3,0.977507429138805,0.873558971120723,76
1,3,0.958249110393988,0.980370834859717,76
3,3,0.897490401184417,0.779640679042111,76
4,3,0.816832149735186,0.874462470951081,76
5,3,0.843277203146165,0.368132589777201,76
6,3,0.698125160574037,0.861446558511112,76
2,4,0.974330936651198,0.986046771106069,76
1,4,0.964397605347371,0.889036660552017,76
3,4,0.889189832968505,0.975962217381418,76
4,4,0.816949654543036,0.945482876743009,76
5,4,0.83770206393857,-0.0313328754099696,76
6,4,0.717846959949453,0.212811127081323,76
2,5,0.974453445494662,0.953023190082875,76
1,5,0.966747396742175,0.928170564651498,76
3,5,0.92483549607524,0.188555742476611,76
4,5,0.836090101193494,0.157859693858991,76
5,5,0.829132228032727,0.550374237773318,76
6,5,0.703956224233369,0.551180416379599,76
2,6,0.973927036161792,0.975449165124041,76
1,6,0.966720344085983,0.869314172332107,76
3,6,0.897831024244811,0.799462119341746,76
4,6,0.832926563646,0.0742148816011352,76
5,6,0.834968878126291,0.267979142946712,76
6,6,0.711253480570897,0.651258604649769,76
2,7,0.975371255238416,0.932237535658486,76
1,7,0.960685224768843,0.978059098016243,76
3,7,0.899132213647203,0.944900449969185,76
4,7,0.830195700070439,0.73369972146396,76
5,7,0.848658315056992,0.477060867715272,76
6,7,0.709029226799567,0.765074561818697,76
2,8,0.977629745741197,0.507949129300456,76
1,8,0.963841518664215,0.926481155963789,76
3,8,0.900322598707796,0.692387121617354,76
4,8,0.828045192516984,0.145788959206544,76
5,8,0.830231983911252,0.708915423437666,76
6,8,0.713092814877331,0.620859189200005,76
2,9,0.974905997283318,0.890887137258051,76
1,9,0.961196633296169,0.968642194148912,76
3,9,0.898247800331963,0.90722176142251,76
4,9,0.817123798667283,0.920439554572843,76
5,9,0.832036592589837,0.472148296067774,76
6,9,0.712971500330374,0.0595648503292055,76
2,10,0.975304342038991,0.948935310926446,76
1,10,0.964549382301266,0.852313271580461,76
3,10,0.900586489146275,0.905429233115971,76
4,10,0.820923653089832,0.720162642849883,76
5,10,0.834407639250092,0.037838558769613,76
6,10,0.725226976247748,-0.251904903412152,76
2,11,0.975598493927814,0.920064463750117,76
1,11,0.964130469578884,0.892976832747437,76
3,11,0.901239844352595,0.443790533206903,76
4,11,0.825801627699562,0.423657901088816,76
5,11,0.83134832385581,0.229728052158256,76
6,11,0.729368734874277,-0.3117363032288,76
2,12,0.974151472358435,0.992917968999956,76
1,12,0.962667197800042,0.94948357060824,76
3,12,0.906585486405723,-0.338884158802733,76
4,12,0.833966947248932,0.653538927360446,76
5,12,0.815382529622523,-0.0427413960835499,76
6,12,0.769798678999828,0.29554326705777,76
2,13,0.974571788239933,0.975169456872656,76
1,13,0.962468720317124,0.944742962952315,76
3,13,0.89297937356152,0.82194570687577,76
4,13,0.829063691978061,0.627602383031354,76
5,13,0.814035476068312,0.738448338795447,76
6,13,0.714001365749011,0.683789433230762,76
2,14,0.97561981040846,0.952518944120548,76
1,14,0.968791127099782,0.816345832722165,76
3,14,0.902610291255332,0.91350628559991,76
4,14,0.836186367980429,0.493837754280731,76
5,14,0.824968540459746,0.878761906163891,76
6,14,0.707202751988591,0.468175684969184,76
2,15,0.976205869652961,0.738290506137253,76
1,15,0.966611647453342,0.824731934079529,76
3,15,0.906463411519559,0.408272890587073,76
4,15,0.830558108314067,0.739118845539974,76
5,15,0.805975386056305,0.740041545717224,76
6,15,0.736912213520016,0.386148555310329,76
2,1,0.978194961442678,0.97968013660978,77
1,1,0.968698063251448,0.963566001559676,77
3,1,0.911500644037541,0.921667954415609,77
4,1,0.874034095377481,0.794897895234423,77
5,1,0.825340252747087,0.664343641069324,77
6,1,0.781698426197208,0.423956296632882,77
2,2,0.980524459628853,0.915432627637063,77
1,2,0.970095812286731,0.949683570697638,77
3,2,0.91579706215575,0.518228637800333,77
4,2,0.876545148112811,0.801460970611522,77
5,2,0.849300786005776,0.311168088586264,77
6,2,0.824997710707591,-0.0622354835830393,77
2,3,0.979750705818994,0.878355485447539,77
1,3,0.968857774981528,0.883107201551772,77
3,3,0.917169027188124,0.880000155782972,77
4,3,0.857639840591059,0.855186404298134,77
5,3,0.825125971904332,0.764172479601456,77
6,3,0.710857557189011,0.835082133794463,77
2,4,0.974081026014943,0.979887768880078,77
1,4,0.969053408772181,0.982210117513923,77
3,4,0.914442268822115,0.420421399914448,77
4,4,0.880172323368285,0.532158930228773,77
5,4,0.8143260332597,0.606855252633193,77
6,4,0.803857692293405,0.646336451523304,77
2,5,0.980136126179872,0.959050276654967,77
1,5,0.96982537425899,0.919081720115943,77
3,5,0.915305879423972,0.531767204611639,77
4,5,0.882692490229024,0.494620233518184,77
5,5,0.811316868799941,0.836188672387631,77
6,5,0.79051479029742,0.392360332611756,77
2,6,0.981801601790507,0.420348430904657,77
1,6,0.970838358085756,0.859954710921972,77
3,6,0.911871727844918,0.75125323256175,77
4,6,0.866185342411632,0.669889554037446,77
5,6,0.851355308773202,0.396213912802586,77
6,6,0.801911562537797,0.0586527803190182,77
2,7,0.978783158715782,0.97374102465457,77
1,7,0.97006454156459,0.912733364463157,77
3,7,0.914169860822534,0.73920978020318,77
4,7,0.870111013995275,0.81240852063677,77
5,7,0.827266863169259,-0.220321509256316,77
6,7,0.804874431074083,-0.210458370756153,77
2,8,0.979498629404474,0.862114346315168,77
1,8,0.968191762326205,0.962727423239386,77
3,8,0.916024198594188,0.781090077868478,77
4,8,0.877186629158228,0.72323004845577,77
5,8,0.836216881667234,-0.000181150727672097,77
6,8,0.792851237219277,0.333737340141139,77
2,9,0.976707326504679,0.972285865665176,77
1,9,0.968148498628776,0.965410231434339,77
3,9,0.90619669147708,0.941483512274821,77
4,9,0.872752364904628,0.776692536785632,77
5,9,0.824605617300017,0.759064150637434,77
6,9,0.794666940981147,0.487570993053353,77
2,10,0.982261399560303,-0.0921635193137619,77
1,10,0.969314524266446,0.953883483773406,77
3,10,0.925970557853002,0.579651326571235,77
4,10,0.879312511720906,0.679317342560733,77
5,10,0.84160048422683,0.233551516074616,77
6,10,0.801260138775364,0.698032002280132,77
2,11,0.982096693294782,0.949531864268097,77
1,11,0.96945812617392,0.970182942017912,77
3,11,0.907525357613748,0.814391019833309,77
4,11,0.878675748058678,-0.24195521903646,77
5,11,0.879453348423573,0.410403478954811,77
6,11,0.817457969834027,0.448607137505645,77
2,12,0.982658212694808,0.857287317135199,77
1,12,0.970503061908197,0.860796632600412,77
3,12,0.923146081889607,0.421113939755534,77
4,12,0.87235948962753,0.80417243355976,77
5,12,0.830288404147338,0.407655433129034,77
6,12,0.79105776405036,-0.091388533018354,77
2,13,0.979667922874903,0.960192853201673,77
1,13,0.972292757522404,0.83110241255486,77
3,13,0.919297580562715,0.912922098268129,77
4,13,0.88161375791997,0.314159086055321,77
5,13,0.813659366760985,0.788343234022277,77
6,13,0.7903203962669,0.263573382012117,77
2,14,0.976849918864613,0.951538384047176,77
1,14,0.975943251047641,0.966440711843249,77
3,14,0.927964394281679,0.415245204040857,77
4,14,0.87327835603238,0.810771422051713,77
5,14,0.820609458768064,0.722375898785742,77
6,14,0.790660678307664,0.626268455261535,77
2,15,0.981287450378797,0.845279760169843,77
1,15,0.96940133098547,0.962130434999527,77
3,15,0.930384823827884,0.468082446385651,77
4,15,0.894896217269721,0.732504820915063,77
5,15,0.828657762985046,0.705902854940441,77
6,15,0.780000303696987,0.814469035846596,77
1,1,0.96632665443252,0.974912916427827,78
2,1,0.954626507092606,0.656387757436477,78
3,1,0.878880576165931,0.764874976158522,78
4,1,0.77146694283313,0.786151309418157,78
5,1,0.6928995341878,-0.126765184410308,78
6,1,0.60036622924239,-0.0703297000378216,78
1,2,0.969031819005743,0.94878042877751,78
2,2,0.953767772899211,0.893913950044042,78
3,2,0.876629108015445,0.172487116164734,78
4,2,0.78504775042973,-0.0811675941266633,78
5,2,0.663332130124096,0.303160757689155,78
6,2,0.630247355939401,-0.270067790839606,78
1,3,0.969056431209187,0.985296764036887,78
2,3,0.947844763761691,0.954672845270071,78
3,3,0.872671543903275,0.727544152425721,78
4,3,0.765380974427317,0.825073995684727,78
5,3,0.675304025027653,0.739395841473207,78
6,3,0.604061867538452,0.487669310322455,78
1,4,0.969425102610069,0.915863728626907,78
2,4,0.956786878395964,0.77130259133194,78
3,4,0.874805684066225,0.861949573229023,78
4,4,0.764359581204137,0.9103862549522,78
5,4,0.696513712946761,-0.0537098967106745,78
6,4,0.590387626332711,0.398967400986671,78
1,5,0.965851042402019,0.989495440803272,78
2,5,0.955650568435619,0.81685827188586,78
3,5,0.858932493940504,0.921763109105176,78
4,5,0.763196334938118,0.846863108283373,78
5,5,0.669731226480526,0.770962573205431,78
6,5,0.570984082404634,0.712807496276369,78
1,6,0.967123043367669,0.962484370684861,78
2,6,0.944497482208739,0.975138265905681,78
3,6,0.871339366029049,0.805226349592701,78
4,6,0.761401743729685,0.893827239829519,78
5,6,0.659694442891635,0.830266693330529,78
6,6,0.596586667235069,0.378085921502242,78
1,7,0.967616846666,0.916162752769013,78
2,7,0.953795739544095,0.883383135320536,78
3,7,0.877486983796992,0.259935583698643,78
4,7,0.775618630344776,0.591583718562972,78
5,7,0.692062873607203,-0.438020213473911,78
6,7,0.59267503578976,0.231643654615545,78
1,8,0.979121095787243,0.839164333366899,78
2,8,0.95742058558153,0.802860148599068,78
3,8,0.892722570547438,0.740174270228169,78
4,8,0.771422798275649,0.747955889508266,78
5,8,0.712160127258183,-0.52791108935142,78
6,8,0.590495899355459,0.210231039142366,78
1,9,0.969193826664921,0.993295429819667,78
2,9,0.953198436835486,0.928680758339208,78
3,9,0.875396995792233,0.846997251483195,78
4,9,0.78846873635389,0.198057216121729,78
5,9,0.656547731898283,0.795556572622374,78
6,9,0.603991182204886,0.118865759564039,78
1,10,0.968618208114072,0.90773985689545,78
2,10,0.958751400388495,0.410585264896067,78
3,10,0.864770026773311,0.848370481495883,78
4,10,0.781458793148902,0.482225580362532,78
5,10,0.672696166149636,0.58786397964881,78
6,10,0.60197076898164,0.185949868254983,78
1,11,0.96537985135283,0.995283203405895,78
2,11,0.945847706870742,0.985938213558704,78
3,11,0.88192338376456,0.00201940770474106,78
4,11,0.782309134924912,0.540290239571263,78
5,11,0.664661647100457,0.731711093756286,78
6,11,0.590188943140466,0.263159416296696,78
1,12,0.967221058392415,0.959622212145623,78
2,12,0.950584080235064,0.954813797228643,78
3,12,0.868270934334571,0.963398761776842,78
4,12,0.773633889862875,0.381291994550012,78
5,12,0.658804938680116,0.241098655003569,78
6,12,0.594911547752255,0.569179619840186,78
1,13,0.968451842380037,0.953366742378634,78
2,13,0.950230101555806,0.94304006105737,78
3,13,0.879976108198636,0.80511501559795,78
4,13,0.783299698563104,0.606041333391517,78
5,13,0.664204039448152,0.25216180892313,78
6,13,0.569901369679674,0.430303768900936,78
1,14,0.965002267321845,0.99850785011106,78
2,14,0.952911215780857,0.845850779302521,78
3,14,0.872621603591323,0.918058518565862,78
4,14,0.768137933009986,0.55005714816746,78
5,14,0.659999380470103,0.306042981228773,78
6,14,0.607790689161701,0.577823443800359,78
1,15,0.968126680018117,0.94375038100852,78
2,15,0.953293810448693,0.731755437683937,78
3,15,0.879536845794452,0.638666440729927,78
4,15,0.829593686235112,0.424605752834008,78
5,15,0.669210700950179,0.54186374157435,78
6,15,0.59728260648474,0.375699562060421,78
1,1,0.979736694741687,0.946402167834209,79
2,1,0.963384592489348,0.828626299681432,79
4,1,0.838800058474744,0.705884949090361,79
5,1,0.808429466592327,0.461159035183807,79
3,1,0.788943156555233,0.802313821930133,79
6,1,0.6822620303081,0.391144854381395,79
1,2,0.977952122225333,0.941182634468806,79
2,2,0.960354268045795,0.939713362555004,79
4,2,0.844141257688298,0.439585835016629,79
5,2,0.846676971567436,0.554619203513347,79
3,2,0.757415950512492,0.743837140005519,79
6,2,0.686496162762988,0.263984928763525,79
1,3,0.978022849534549,0.985779713748477,79
2,3,0.959685276155058,0.967898771974524,79
4,3,0.847007502589312,0.698125243073745,79
5,3,0.817310882020135,0.164346753252195,79
3,3,0.811602886185982,0.703175151115629,79
6,3,0.670187443383728,0.629251161529377,79
1,4,0.977877002358019,0.978216791319616,79
2,4,0.961248941490109,0.894825868805437,79
4,4,0.866520213248116,0.44149266322599,79
5,4,0.834291594424023,-0.24536968409141,79
3,4,0.764040155834713,0.899995846294928,79
6,4,0.668884378100164,0.431024617880822,79
1,5,0.977221680587921,0.99341792802848,79
2,5,0.961393751756381,0.855633876993964,79
4,5,0.840109442571861,0.816516650017314,79
5,5,0.831531252808351,0.773427316132785,79
3,5,0.774236277154984,0.533048924064833,79
6,5,0.678337614966479,0.197733094162416,79
1,6,0.985183164506133,0.780543231521236,79
2,6,0.960441860252568,0.951072126842042,79
4,6,0.850924339202186,0.608977953655673,79
5,6,0.80266656902773,0.494738695269787,79
3,6,0.795306265110844,0.712928702998506,79
6,6,0.693735159021208,0.52723129546904,79
1,7,0.979799359241563,0.96144594869978,79
2,7,0.959846795597229,0.970607518624166,79
4,7,0.83098170950783,0.935524017943857,79
5,7,0.81698615631418,0.353741064957035,79
3,7,0.776784839828169,0.654653126099492,79
6,7,0.649007092677232,0.586918055291233,79
1,8,0.977915046352326,0.982333875791389,79
2,8,0.964035141974555,0.251325994191088,79
4,8,0.88019390815721,0.515908560617391,79
5,8,0.833685182022442,-0.0371387961452503,79
3,8,0.802493336666983,0.621773223356116,79
6,8,0.680226659137343,-0.000655853913497042,79
1,9,0.979074884074435,0.814655726594739,79
2,9,0.960364508612025,0.953070728813291,79
4,9,0.842131603469371,0.714656846012284,79
5,9,0.811735126180892,0.546012265892671,79
3,9,0.799874809144019,0.666553397615576,79
6,9,0.700523239550306,-0.372642269509998,79
1,10,0.978455258582384,0.946799803165343,79
2,10,0.958818456936685,0.943149501505351,79
4,10,0.836661843294632,0.825717375016517,79
5,10,0.820548037163849,0.176210555850959,79
3,10,0.789085031893112,0.267983229953358,79
6,10,0.676434324389291,-0.226917036732167,79
1,11,0.978487339437351,0.979352207538281,79
2,11,0.962162169197389,0.325800566726808,79
4,11,0.835634027857223,0.812705410312798,79
5,11,0.826367016355425,0.710534649349042,79
3,11,0.773944941896208,0.720349208641129,79
6,11,0.674666862974915,0.611671906902927,79
1,12,0.977869552109175,0.963917135130194,79
2,12,0.96603390314954,0.608026672474027,79
4,12,0.867277200702673,-0.647482632349432,79
5,12,0.819835755235919,0.626111124196691,79
3,12,0.757257719050109,0.487689349645766,79
6,12,0.704576549937159,0.217395516280943,79
1,13,0.977804341467385,0.958970494338794,79
2,13,0.962356819802467,0.887209868330802,79
4,13,0.844569299195729,0.8391744114537,79
5,13,0.840480197821406,0.0787702753671277,79
3,13,0.768982573853034,0.84921840696743,79
6,13,0.678068878153328,-0.222857349000161,79
1,14,0.9756106184715,0.972890739952294,79
2,14,0.964565034309269,0.79348454517006,79
4,14,0.837386270212098,0.51507852160917,79
5,14,0.823739642292568,0.612607743646235,79
3,14,0.787958812442473,-0.041499126850159,79
6,14,0.683439583922041,-0.578398282050917,79
1,15,0.977753296312907,0.978816732683894,79
2,15,0.964723187446805,0.734605588651433,79
4,15,0.829506825446002,0.935676488522347,79
5,15,0.828590235358216,0.749456626749384,79
3,15,0.76968751962149,0.617267334898203,79
6,15,0.708622071585398,0.357758487153087,79
1,1,0.984916563155329,0.990596932307348,80
2,1,0.979392699918244,0.67932634684509,80
4,1,0.899889812997237,0.516090070536047,80
3,1,0.911453389927913,0.310017042088288,80
6,1,0.81132155093372,0.379831554125222,80
5,1,0.77362769181,0.625497015464982,80
1,2,0.984673327052226,0.975513113899278,80
2,2,0.976341352435658,0.974691931943828,80
4,2,0.905980049684915,0.476683484656482,80
3,2,0.903611223927184,0.727954174384107,80
6,2,0.841377084935215,0.197507733252617,80
5,2,0.774201475809299,0.606564750770762,80
1,3,0.990010642640806,0.871814865386214,80
2,3,0.976956116041564,0.972937203991547,80
4,3,0.884904026492272,0.844355061919349,80
3,3,0.888586573117502,0.740310967690655,80
6,3,0.833731117314345,0.549222103488765,80
5,3,0.775665405923334,0.172581245744582,80
1,4,0.984718133553363,0.989033317344078,80
2,4,0.976761626878685,0.968911456276202,80
4,4,0.915677298825863,0.691383652073902,80
3,4,0.900112358146002,0.636508335254742,80
6,4,0.828458555451436,0.666494156064592,80
5,4,0.79732703556876,0.0425327994754202,80
1,5,0.989884950261856,0.936058780891304,80
2,5,0.976822192762157,0.927674372209951,80
4,5,0.918639588527423,0.396328372614223,80
3,5,0.89154750778598,0.879943109828411,80
6,5,0.813842272449014,0.291707286184031,80
5,5,0.783318951884361,0.256811851969083,80
1,6,0.986329619244646,0.937023767279829,80
2,6,0.979071344506993,0.911251997529115,80
4,6,0.896181376550579,0.884064044108147,80
3,6,0.896656578364356,0.953109009473897,80
6,6,0.81142552961226,0.645972435358153,80
5,6,0.778094788048796,0.734421192758159,80
1,7,0.984496793598331,0.979403776664861,80
2,7,0.977495261448581,0.874266218103057,80
4,7,0.903472990746338,0.722131181866162,80
3,7,0.906003478561882,0.609410909825961,80
6,7,0.812298160458253,0.609080273623863,80
5,7,0.77474262653755,-0.250930283509961,80
1,8,0.985354533291422,0.973765732239907,80
2,8,0.970160917182192,0.986411882777966,80
4,8,0.899893955742752,0.839110873613114,80
3,8,0.895536512142187,0.902994080829015,80
6,8,0.816325954281662,0.693056552025468,80
5,8,0.760075269706023,0.701827648127011,80
1,9,0.985375871846166,0.978226229990504,80
2,9,0.97957896933268,0.842203480553639,80
4,9,0.911573427533951,0.655247253683922,80
3,9,0.905801727038374,0.485857887986746,80
6,9,0.821707064530495,0.415032024973723,80
5,9,0.755008787523735,0.79359830656055,80
1,10,0.985464188023212,0.91761852055433,80
2,10,0.976522402928058,0.975385560770314,80
4,10,0.898150831096917,0.43513293405078,80
3,10,0.901090154009374,0.729466948268668,80
6,10,0.831336503869422,-0.0641406051473892,80
5,10,0.768569769112818,0.564178900764982,80
1,11,0.985243090302495,0.97832786143348,80
2,11,0.979280881150409,0.822126576455358,80
4,11,0.91005656902655,0.282675312931245,80
3,11,0.911363076226855,0.372165885815654,80
6,11,0.8412635123668,0.0226615575997929,80
5,11,0.769871635335234,0.279790424326707,80
1,12,0.985261807263779,0.963813118470967,80
2,12,0.98437066078984,0.421254672413912,80
4,12,0.903327128903226,0.706006186906182,80
3,12,0.908665465784156,0.57144462784676,80
6,12,0.809339570055963,0.391447752911014,80
5,12,0.78128887861019,-0.100918543063727,80
1,13,0.985290476816066,0.99636778385276,80
2,13,0.978327348813493,0.806819426691771,80
4,13,0.903329170147952,0.796832899962731,80
3,13,0.895311866629561,0.886903810052527,80
6,13,0.828765176230751,0.579498382412443,80
5,13,0.760735007715928,0.646826294267023,80
1,14,0.985354495717462,0.967328723937594,80
2,14,0.974405220507242,0.988423976709267,80
4,14,0.896910376852275,0.762976840028945,80
3,14,0.90788654043331,0.725938185404491,80
6,14,0.842710077696556,-0.481155971446371,80
5,14,0.772604355808452,0.337749491568147,80
1,15,0.985243282966446,0.996509695093934,80
2,15,0.978020709013609,0.935973239208712,80
4,15,0.90862529824408,0.444860524388814,80
3,15,0.89760914866046,0.878096256156796,80
6,15,0.810666429403693,0.65595067246295,80
5,15,0.779484750461746,0.157233558382562,80
1,1,0.968852299580965,0.759385716497728,81
2,1,0.946032964687583,0.965405510938261,81
5,1,0.877505501534247,0.252412104546064,81
3,1,0.813198648266269,0.714936667908459,81
4,1,0.830204598987469,0.230829785955803,81
6,1,0.678838994999051,0.607669121740325,81
1,2,0.970937621699292,0.937165485407887,81
2,2,0.949684852107778,0.78823717451375,81
5,2,0.873845488523722,0.788660410092737,81
3,2,0.803623740359522,0.843917865914474,81
4,2,0.837477347345236,0.393451056615033,81
6,2,0.664623761940706,0.59828422674739,81
1,3,0.970098698533153,0.957976305879686,81
2,3,0.933233659782128,0.987289882779465,81
5,3,0.881893924439001,0.929099545174976,81
3,3,0.814223034489712,0.902150286065753,81
4,3,0.813700049308362,0.797994380181044,81
6,3,0.695873293985797,0.212320823871837,81
1,4,0.971276768043269,0.897318829599479,81
2,4,0.950190607489981,0.862847521779615,81
5,4,0.874282787579093,0.626858364010995,81
3,4,0.815832823863772,0.853390643260238,81
4,4,0.802083878613167,0.725769800551338,81
6,4,0.671222291807351,0.344748234793974,81
1,5,0.963905158480097,0.99706710888686,81
2,5,0.950591192390609,0.581394217705966,81
5,5,0.877544864126235,0.0425131621737392,81
3,5,0.818361556455126,0.253761048460675,81
4,5,0.828075282188352,0.863669295752789,81
6,5,0.657583937125243,0.41431651120117,81
1,6,0.966599484576811,0.963115417918296,81
2,6,0.945785603804533,0.973777478883274,81
5,6,0.890699194840966,0.34166885876927,81
3,6,0.790642453123118,0.776944969286275,81
4,6,0.74921764408444,0.920920970934044,81
6,6,0.674069233022713,0.575567107124838,81
1,7,0.968410241147802,0.947539435216677,81
2,7,0.948507617642628,0.815482489494938,81
5,7,0.878160371774914,0.712460918245719,81
3,7,0.831327695648626,0.648165079230995,81
4,7,0.812540877295016,0.73697955665634,81
6,7,0.677339041124611,0.742964406918798,81
1,8,0.968421971630891,0.95827680480464,81
2,8,0.950130050345218,0.83557817947925,81
5,8,0.866922578201524,0.853951218853163,81
3,8,0.812751664224371,0.920992134588967,81
4,8,0.809062995834983,0.662858800373948,81
6,8,0.671338694360478,0.513835475269782,81
1,9,0.968192837576197,0.584121898763028,81
2,9,0.946673941149534,0.972870343592112,81
5,9,0.874952826320116,0.653727141614956,81
3,9,0.809965205797469,0.567704837146106,81
4,9,0.841109930790303,-0.150370136289192,81
6,9,0.630336318542488,0.83793004699406,81
1,10,0.965923388001972,0.984144825553962,81
2,10,0.949239603741479,0.902353201557067,81
5,10,0.864576735664164,0.931395884345174,81
3,10,0.816816587109202,0.21765584793867,81
4,10,0.828744623496738,0.947751838045959,81
6,10,0.642393101068328,0.683840292101338,81
1,11,0.976443141002166,0.826867800315526,81
2,11,0.956279970264467,-0.0691391049252075,81
5,11,0.91513267018624,0.635080781457296,81
3,11,0.833441721105368,0.514166380291617,81
4,11,0.832604799258012,0.221176496941073,81
6,11,0.656469470098302,0.174285827166982,81
1,12,0.966771806642329,0.984029583958302,81
2,12,0.951507962200957,0.345725714044507,81
5,12,0.86589656639927,0.902965807652446,81
3,12,0.804509570067889,0.951946444922081,81
4,12,0.823740326813186,0.766404791774825,81
6,12,0.668906013795124,0.122733830737644,81
1,13,0.971073411524837,0.919734095951549,81
2,13,0.954619021459306,0.529265807924355,81
5,13,0.868576954953751,0.5304454446984,81
3,13,0.835886464203474,0.80439118703961,81
4,13,0.856315206406081,0.819500036754977,81
6,13,0.669634723536607,0.401873044169219,81
1,14,0.967721570265434,0.906104875692984,81
2,14,0.948142166116581,0.949825160433818,81
5,14,0.880954763958465,-0.0859817859504845,81
3,14,0.814222544004882,0.752173432891443,81
4,14,0.825427915909285,0.425551263359749,81
6,14,0.659687742599887,0.2234960044921,81
1,15,0.962750776389355,0.998252910258024,81
2,15,0.951899489041008,0.726807619795479,81
5,15,0.873776723699534,0.868238079231797,81
3,15,0.824411696396864,0.111612356590642,81
4,15,0.819780231320002,0.736501145938857,81
6,15,0.705607865488883,-0.64248519109893,81
1,1,0.976420845927007,0.962999098065733,82
2,1,0.969878095718842,0.738721541725412,82
4,1,0.916277006853418,0.468387172507137,82
3,1,0.881793100286466,0.639440096619105,82
5,1,0.810363128912419,0.251060746801293,82
6,1,0.804693618841421,-0.156365060246391,82
1,2,0.9765500213701,0.852757595028741,82
2,2,0.963482783051247,0.892602191728037,82
4,2,0.894951011560278,0.0711586722565576,82
3,2,0.881388125226731,0.786463117676524,82
5,2,0.814145136087545,-0.185335970895961,82
6,2,0.790584470465793,0.154605035430492,82
1,3,0.975263289238981,0.953994716321926,82
2,3,0.966104583234748,0.899348612608065,82
4,3,0.927572082191152,0.343441049200786,82
3,3,0.889856068498341,0.614386775191192,82
5,3,0.830476568436712,0.547573969866862,82
6,3,0.793438265729241,0.50710355065165,82
1,4,0.982029254310071,0.824633680337115,82
2,4,0.972078427627372,0.697796781018215,82
4,4,0.896993979112005,0.799412249001355,82
3,4,0.870827073615319,0.8077158433666,82
5,4,0.813351496404963,0.285392675820702,82
6,4,0.781139975555873,0.768810760807493,82
1,5,0.976108267216297,0.985935074181961,82
2,5,0.962212038252908,0.961989740810917,82
4,5,0.902417213496449,0.662768228417497,82
3,5,0.870973264020599,0.941269415178286,82
5,5,0.823029504023462,0.76825124226104,82
6,5,0.785608678560021,0.796091902351019,82
1,6,0.97710169015681,0.947928399091625,82
2,6,0.965411287070914,0.773541096191166,82
4,6,0.902637903796283,0.474174272428052,82
3,6,0.873452932860842,0.806051417122364,82
5,6,0.805347477193457,0.650047477944677,82
6,6,0.796211184213018,0.304611985730968,82
1,7,0.975568469965721,0.838041488978966,82
2,7,0.96015207827827,0.950712886593311,82
4,7,0.901604521079334,-0.0404348314807135,82
3,7,0.875422704435308,0.665750493599645,82
5,7,0.810120679840823,0.292316269439283,82
6,7,0.787726260431232,0.184863746703034,82
1,8,0.976055511359536,0.946265645480398,82
2,8,0.965326568408859,0.832663326716432,82
4,8,0.893533743346545,0.827869475916595,82
3,8,0.880977624112901,0.47423782506738,82
5,8,0.845725815337032,0.231003373857326,82
6,8,0.790175410792764,0.644843588791596,82
1,9,0.974373030373438,0.989650000624263,82
2,9,0.966990410365973,0.712817552632037,82
4,9,0.889018766621621,0.83776667452103,82
3,9,0.889671770509096,0.71415400185139,82
5,9,0.828011736468867,0.474953868490934,82
6,9,0.815930651756314,-0.0290874791807631,82
1,10,0.974581993324925,0.982563080624904,82
2,10,0.959886141161797,0.955765205946249,82
4,10,0.900711712268319,0.707333909238933,82
3,10,0.876320088747044,0.46108182724161,82
5,10,0.816912363954713,0.0800715950130074,82
6,10,0.799976122019902,-0.231666644210817,82
1,11,0.979402085023306,0.890615937738665,82
2,11,0.964563725433903,0.720269485765162,82
4,11,0.888746798957382,0.853766205325625,82
3,11,0.875790470815979,0.84105629848365,82
5,11,0.807594742971923,0.335307821671257,82
6,11,0.782367051494967,0.734133971645649,82
1,12,0.974991870612951,0.921092217744248,82
2,12,0.961226991917093,0.952807518541816,82
4,12,0.90159338813328,0.774034999487875,82
3,12,0.877666660191919,0.771155842456467,82
5,12,0.824970143958835,0.550232045121401,82
6,12,0.80527017546483,0.400045631035568,82
1,13,0.977276207438293,0.928335528216547,82
2,13,0.970995973164036,0.668254600365817,82
4,13,0.899536157051922,0.79493724626318,82
3,13,0.870602011346644,0.590204234709502,82
5,13,0.791861459631167,0.770092852346895,82
6,13,0.791456175112937,0.500756268147246,82
1,14,0.978256762502037,0.204404529731924,82
2,14,0.965881888563159,0.920249228708305,82
4,14,0.900298806723203,0.238266859943441,82
3,14,0.866021626321299,0.562097642803713,82
5,14,0.806863677259651,0.686920588381088,82
6,14,0.801168936341493,0.0604759328076093,82
1,15,0.975735875432477,0.965292234108586,82
2,15,0.961999822577586,0.961749816092057,82
4,15,0.911341035058782,0.4832143691714,82
3,15,0.898387397234317,0.84649145609397,82
5,15,0.817031692790653,0.0394406875252374,82
6,15,0.789214166329671,0.514874438351848,82
1,1,0.960324479192533,0.966523762081062,83
2,1,0.954764439154293,0.739719056704956,83
4,1,0.78081977044567,0.818205191579681,83
3,1,0.805381990827702,0.471518896619219,83
6,1,0.728940702220664,-0.257894173683346,83
5,1,0.697471436493925,0.669104077072762,83
1,2,0.962479912298841,0.909749085406375,83
2,2,0.951592661374363,0.879067529200684,83
4,2,0.811758923468515,0.755717176957681,83
3,2,0.820043137762472,0.492642828159005,83
6,2,0.746266726581162,0.208646650224995,83
5,2,0.67989642226656,0.695591153040195,83
1,3,0.969603049194009,0.809984575452031,83
2,3,0.953335154945652,0.885943220363829,83
4,3,0.78784305745754,0.72235530366894,83
3,3,0.793240222962025,0.936017826416358,83
6,3,0.714639005488134,-0.132844127799034,83
5,3,0.700341304794069,0.742221270692282,83
1,4,0.955767953366365,0.95966359526786,83
2,4,0.950203852542149,0.858204360727307,83
4,4,0.79923006286425,0.155309955500102,83
3,4,0.782545375066882,0.826618347706775,83
6,4,0.722779858222864,-0.131910604277334,83
5,4,0.724627122633907,0.417147863201835,83
1,5,0.965157044323752,0.833139415400739,83
2,5,0.947420595435116,0.98210484794925,83
4,5,0.777649027246426,0.637086003348379,83
3,5,0.804068795397439,0.833588517562905,83
6,5,0.718284484821507,0.491019367702086,83
5,5,0.70277263483122,0.539550437439904,83
1,6,0.960455200599633,0.961868844374401,83
2,6,0.952803092660811,0.909312174106304,83
4,6,0.780533371174533,0.799041747763228,83
3,6,0.795358070269426,0.821198420864886,83
6,6,0.712303998730351,0.406017479671506,83
5,6,0.696776549509962,0.0646030139908054,83
1,7,0.956800865185436,0.956657444512878,83
2,7,0.954276419445364,0.760891614756393,83
4,7,0.790984416239766,0.439205898118042,83
3,7,0.797398440237922,0.718954969188416,83
6,7,0.707508931610257,0.4508324433369,83
5,7,0.647611645507066,0.807746243420073,83
1,8,0.95991331501551,0.990760602352564,83
2,8,0.952363836506947,0.918829653603393,83
4,8,0.779897186340873,0.83026976402564,83
3,8,0.803820159256455,0.429794347961325,83
6,8,0.704982794229382,-0.00893192347513605,83
5,8,0.723405721750105,0.189299935742709,83
1,9,0.960255376040184,0.964927946055323,83
2,9,0.951090071896422,0.931981432718535,83
4,9,0.796164686023063,0.38385944956805,83
3,9,0.799138251321997,0.386499718888078,83
6,9,0.750808958012297,-0.47652294002227,83
5,9,0.686773442044815,0.324221407190577,83
1,10,0.959915080945389,0.936808661592987,83
2,10,0.945646193472604,0.966298648697039,83
4,10,0.792755677800508,0.648371081822389,83
3,10,0.807571929548974,0.783379426296892,83
6,10,0.69576877319688,0.791152695207535,83
5,10,0.727370728684607,0.67919287656477,83
1,11,0.960804391938984,0.838232422645813,83
2,11,0.949755597806662,0.979263223055203,83
4,11,0.793248893378941,0.50894252409185,83
3,11,0.798796369603496,0.770805717656366,83
6,11,0.677393829774722,0.0324078693745726,83
5,11,0.717826133975688,0.631030155523059,83
1,12,0.962396296168693,0.935952620814948,83
2,12,0.938885153999026,0.986867323235593,83
4,12,0.806690478550327,0.447406262729987,83
3,12,0.786875308891938,0.90481583267216,83
6,12,0.731273406945183,-0.0308561561560192,83
5,12,0.730976311132509,0.150647080617786,83
1,13,0.957840801319655,0.989919352131334,83
2,13,0.950144634674236,0.970051006372832,83
4,13,0.792670095637537,0.279816925494558,83
3,13,0.792436013553758,0.559882928761455,83
6,13,0.696957796540345,0.673523385038517,83
5,13,0.684087456269089,0.839715579501382,83
1,14,0.962476159455314,0.942492584966887,83
2,14,0.956231621686622,0.694594559559904,83
4,14,0.795215818628924,0.1604414455971,83
3,14,0.791917520123898,0.958343824805872,83
6,14,0.713558708364722,0.210398782824842,83
5,14,0.699585817645122,0.476244171179051,83
1,15,0.961281777229471,0.900558966073884,83
2,15,0.952745277660936,0.851748427132172,83
4,15,0.798535589784561,0.770214055880211,83
3,15,0.78711335144229,0.892272536101836,83
6,15,0.719026027276229,0.779974887869192,83
5,15,0.701877282640412,0.625862807581796,83
1,1,0.963667630675202,0.922320377163699,84
2,1,0.9494041490478,0.757157272357201,84
5,1,0.867310744372688,0.414308458221061,84
3,1,0.849330551826852,0.66887073595284,84
4,1,0.858354180719462,0.0862621927678251,84
6,1,0.670751649000216,0.427507687314209,84
1,2,0.970625858661627,0.856439843187604,84
2,2,0.947777540574643,0.931459490181982,84
5,2,0.862400767003876,0.214144227168232,84
3,2,0.831315006490018,0.490376241065587,84
4,2,0.853453828859001,0.25207382934284,84
6,2,0.667150939409685,0.494417569056816,84
1,3,0.961124187913384,0.946761376172901,84
2,3,0.953974082435777,0.434405714300842,84
5,3,0.860261372288464,0.521483647768224,84
3,3,0.827241170146226,0.75739660500369,84
4,3,0.845352194821955,0.829984056193821,84
6,3,0.670442887444503,0.561890730813352,84
1,4,0.960746205113507,0.985291173713305,84
2,4,0.947796224561895,0.766930709674111,84
5,4,0.844937172959883,0.368919194629704,84
3,4,0.840073614208985,0.795366240687585,84
4,4,0.789418217784416,0.499585387049387,84
6,4,0.649688253188118,0.804774919452796,84
1,5,0.963912315479445,0.900352795713165,84
2,5,0.954944475246471,0.600092876716989,84
5,5,0.871935307528082,0.697816580059526,84
3,5,0.817274655844724,0.820144652754505,84
4,5,0.835329705777797,0.942102898530057,84
6,5,0.674734003074607,0.719475523364039,84
1,6,0.96148834552859,0.924352578179186,84
2,6,0.945658735765769,0.921083772030509,84
5,6,0.859184962649606,0.710072447123037,84
3,6,0.814449652047097,0.637950111738609,84
4,6,0.840782260519317,0.455701066333459,84
6,6,0.680104490162119,0.144191308165029,84
1,7,0.962045309090382,0.50351596040661,84
2,7,0.947633336614792,0.758950436056892,84
5,7,0.862436133499661,0.0933228355912774,84
3,7,0.834780890036288,-0.0214273257182513,84
4,7,0.844328853128573,0.83809921644623,84
6,7,0.695928435659499,0.12626051442,84
1,8,0.964510523837656,0.919858740940331,84
2,8,0.945237774916794,0.952879093402768,84
5,8,0.866018955941016,0.110538060182956,84
3,8,0.80922628673014,0.867588397368084,84
4,8,0.842689953434898,0.585372726070351,84
6,8,0.663945053039595,0.632661586604906,84
1,9,0.958815212473311,0.980541420226538,84
2,9,0.942262781641475,0.986394305877487,84
5,9,0.858015135139542,0.486964382136088,84
3,9,0.816198665112931,0.667113012599709,84
4,9,0.831369373431883,0.843104138212342,84
6,9,0.67044689768747,0.431508293428228,84
1,10,0.965585795640187,0.907749522243991,84
2,10,0.947509662258329,0.85079925409895,84
5,10,0.858055154389663,0.278333314625841,84
3,10,0.853160663353452,0.344789782746271,84
4,10,0.851423244973297,-0.0862091050153825,84
6,10,0.667004496023684,0.268899801701984,84
1,11,0.959849416618395,0.984408662270507,84
2,11,0.942928122145078,0.963629193242998,84
5,11,0.866283977341071,0.406641187396952,84
3,11,0.831931064171583,0.628303159614721,84
4,11,0.847922161554675,0.31254593142817,84
6,11,0.680332707449154,-0.0323456555246037,84
1,12,0.959519361481114,0.986012297172553,84
2,12,0.942436130669996,0.959668253337066,84
5,12,0.859463213955519,0.731078097363392,84
3,12,0.82871055951942,0.624392553148066,84
4,12,0.831974385429655,0.535962648541534,84
6,12,0.67917917282392,0.164779654687091,84
1,13,0.965739376369326,0.88840290409523,84
2,13,0.947383286874518,0.860453833535567,84
5,13,0.849813471033293,0.970877727961572,84
3,13,0.809326579498893,0.845868124120723,84
4,13,0.843609570123182,0.769039984955545,84
6,13,0.692821378880016,0.280124442875343,84
1,14,0.960960963846423,0.978950993487847,84
2,14,0.944895703919716,0.963325162068267,84
5,14,0.857243036681375,0.796531577083131,84
3,14,0.824083774770392,0.70736588498585,84
4,14,0.846011531384302,0.64463855514238,84
6,14,0.710245377769638,-0.340380101691825,84
1,15,0.963041980277776,0.905170001837103,84
2,15,0.948910787038055,0.780377173575205,84
5,15,0.897042101656453,-0.0111627978823372,84
3,15,0.803924489888515,0.964635637205667,84
4,15,0.849462578643594,0.683233349007568,84
6,15,0.676996807239218,0.518346152295329,84
1,1,0.985527219826771,0.800902968009552,85
2,1,0.972256645001885,0.932305601730846,85
3,1,0.92642435036007,0.159255186347594,85
5,1,0.875583026109684,0.458699474520042,85
6,1,0.766543414922338,0.674024666010606,85
4,1,0.742773637783839,0.754933504016096,85
1,2,0.98183696550784,0.967638258492641,85
2,2,0.976172273387137,0.327101486688545,85
3,2,0.908021263857842,0.58792057285735,85
5,2,0.859128663378869,-0.00942330745103089,85
6,2,0.794178632312746,-0.0410708573239708,85
4,2,0.775977945844128,0.301875692743815,85
1,3,0.987777972643781,0.861797757308975,85
2,3,0.973922049624243,0.920503590782664,85
3,3,0.910336736633331,0.82139375140241,85
5,3,0.856504856818478,0.243837086498648,85
6,3,0.797984150205822,0.514828796572107,85
4,3,0.779964963190042,-0.387751950957298,85
1,4,0.984777923252176,0.53994703429112,85
2,4,0.969648923556417,0.969973677051497,85
3,4,0.90584095241154,0.575214679131835,85
5,4,0.84115542649701,0.605879586741705,85
6,4,0.792629333518147,0.719767904650756,85
4,4,0.748329612179192,0.349766588914198,85
1,5,0.982994668546927,0.961616892611746,85
2,5,0.97319894892703,0.78702992687583,85
3,5,0.904885858951647,0.828583144072779,85
5,5,0.844723022601576,0.596743213045306,85
6,5,0.799080697696245,0.282306890725083,85
4,5,0.772001809574868,-0.143734375815791,85
1,6,0.983139297076195,0.976208750650217,85
2,6,0.975365269267946,0.722311544929,85
3,6,0.908127418976896,-0.166336510193379,85
5,6,0.843971734182466,0.715790301985001,85
6,6,0.787451404130472,0.502516318314628,85
4,6,0.756436230712873,0.513929778728807,85
1,7,0.984646938689539,0.97502129849019,85
2,7,0.969596348058736,0.961992142922629,85
3,7,0.92100111163732,0.0860895118302431,85
5,7,0.843070348284254,0.753642118480391,85
6,7,0.798657080841254,-0.406760731005953,85
4,7,0.74395292150901,0.717972452342161,85
1,8,0.983805132687352,0.831677978505794,85
2,8,0.969762516905428,0.979500525593011,85
3,8,0.905411915703802,0.613765496515178,85
5,8,0.840227232404828,0.728584576705615,85
6,8,0.798056000788407,0.394199536571374,85
4,8,0.764224780193557,0.476697281174948,85
1,9,0.982704603793104,0.984169763210778,85
2,9,0.972366831790185,0.965553692830558,85
3,9,0.908009423899257,0.723157388114972,85
5,9,0.87020691911265,0.209512413765429,85
6,9,0.788892490433804,0.0945316814580421,85
4,9,0.753725548850547,0.514774973687016,85
1,10,0.984801027903502,0.980186421564132,85
2,10,0.972881589601214,0.818185515520898,85
3,10,0.900847676731063,0.934879451034307,85
5,10,0.850326992949628,-0.195607169184857,85
6,10,0.788762811198987,0.752491145321816,85
4,10,0.75513061454917,0.641359634269658,85
1,11,0.98263429756115,0.97503113961061,85
2,11,0.975969839832758,0.6704186698116,85
3,11,0.901075170555147,0.83328804915557,85
5,11,0.850093950526214,0.152675868679126,85
6,11,0.826688338507933,0.516953162477682,85
4,11,0.747232720729886,0.833990325321342,85
1,12,0.983546856273294,0.941495476854185,85
2,12,0.973199318063975,0.806852322781433,85
3,12,0.910563584140949,0.274644741655038,85
5,12,0.840689258266482,0.583986390671218,85
6,12,0.788031950634605,0.135071377326737,85
4,12,0.759751188240696,0.864213359267417,85
1,13,0.985059450123042,0.862446665793532,85
2,13,0.969000339937898,0.982595716477985,85
3,13,0.910474756859675,0.752024521322236,85
5,13,0.865216321429015,0.349081464432053,85
6,13,0.809012800770515,0.845184873683989,85
4,13,0.760295904174266,0.580767969685267,85
1,14,0.982050798942594,0.99511762996873,85
2,14,0.973336541935745,0.73399676958363,85
3,14,0.908142529253164,0.788808120847726,85
5,14,0.834084189921605,0.895203256115564,85
6,14,0.793223947409212,0.0526190331506918,85
4,14,0.7757088224199,0.720642822818639,85
1,15,0.98179556654578,0.991562024318037,85
2,15,0.974838441746043,0.730584149300305,85
3,15,0.903550072592749,0.876263304567205,85
5,15,0.864964071195912,0.635724558265577,85
6,15,0.79833984803398,-0.507327863211016,85
4,15,0.786199118526016,0.274303914878032,85
2,1,0.961797185610995,0.84173525192427,86
1,1,0.961043748440136,0.948938463417484,86
4,1,0.851450516225566,0.696092886740972,86
3,1,0.800763163293678,0.500085466592787,86
6,1,0.69523303451813,0.0351921422571108,86
5,1,0.677247361466698,0.619361913230835,86
2,2,0.963916700457399,0.922867626300333,86
1,2,0.958770024585063,0.960844828682937,86
4,2,0.849622818100542,0.831137920242731,86
3,2,0.799497290916094,0.769615549381717,86
6,2,0.681117391248697,0.237972899968776,86
5,2,0.672808752159503,0.610733852673781,86
2,3,0.964873790541242,0.954234705170898,86
1,3,0.948113657290843,0.988749676614312,86
4,3,0.856671328572453,0.375600207867034,86
3,3,0.803412064471876,0.619779886308673,86
6,3,0.680429030908238,0.421658628930495,86
5,3,0.685529027402434,0.18578751024616,86
2,4,0.965796418043852,0.529801162730178,86
1,4,0.960120619674294,0.853595034550339,86
4,4,0.859969169642823,-0.400897287779012,86
3,4,0.821469648626005,0.433927961044117,86
6,4,0.681209063752569,0.312762465610122,86
5,4,0.677268741286009,0.434430197665455,86
2,5,0.962031493192844,0.991079582108943,86
1,5,0.955768545148279,0.912844509595718,86
4,5,0.850626060915761,0.625032475455819,86
3,5,0.807760863690799,0.693974144968586,86
6,5,0.673061274425337,0.665737627125661,86
5,5,0.673515283301976,0.00878435516452877,86
2,6,0.965890681923704,0.91698445431625,86
1,6,0.942063773491946,0.981614644291293,86
4,6,0.846294117757873,0.925582661632033,86
3,6,0.795073305926201,0.831922064189396,86
6,6,0.684913473792308,0.867640789918859,86
5,6,0.644571818005449,0.794855712937597,86
2,7,0.974755858961267,0.747120730863945,86
1,7,0.959772196108606,0.703278345668936,86
4,7,0.853780234745309,0.84203886883856,86
3,7,0.794071441466907,0.954056334536417,86
6,7,0.685864190487729,0.346566971468483,86
5,7,0.658564594823693,0.334309811109078,86
2,8,0.966573172276028,0.863387274717634,86
1,8,0.951950976100476,0.969099610141195,86
4,8,0.862609102583605,0.410596403992682,86
3,8,0.804486460096769,0.614294924920264,86
6,8,0.698757895752045,0.177967750408605,86
5,8,0.660329561114834,-0.0229036588623483,86
2,9,0.961126338564516,0.985171075933548,86
1,9,0.955515487094946,0.944755345560826,86
4,9,0.860872982229694,0.563787921696902,86
3,9,0.811934196579201,0.541353330472654,86
6,9,0.67253918332887,0.230359820485535,86
5,9,0.680676747017996,0.0634409268875294,86
2,10,0.959452915220334,0.750885598500977,86
1,10,0.959558432433025,0.969422694729959,86
4,10,0.867841303433474,0.736689428582464,86
3,10,0.810132512373253,0.724457741061481,86
6,10,0.71033419471297,0.145355942715753,86
5,10,0.676079513473796,0.308598622786233,86
2,11,0.959122301242355,0.904032152019927,86
1,11,0.960523519996276,0.942366084508085,86
4,11,0.840719660327172,0.836867634601686,86
3,11,0.797653488075531,0.453357100762009,86
6,11,0.69232017985303,0.129085110030303,86
5,11,0.62374217399772,0.811862266072059,86
2,12,0.961701225547081,0.855873256644765,86
1,12,0.959573502351676,0.995135194759158,86
4,12,0.851948653301642,0.691824795513872,86
3,12,0.802441504050469,0.702845477999108,86
6,12,0.672675568814226,0.772556208136109,86
5,12,0.65370800803922,0.448213704134668,86
2,13,0.961603198690316,0.901129083138744,86
1,13,0.958682373119104,0.970599584920474,86
4,13,0.867869283659513,0.577584025901197,86
3,13,0.81251814144403,0.210582423270933,86
6,13,0.682992035799033,0.338792710873105,86
5,13,0.648107415716862,0.763612170174546,86
2,14,0.962723113766036,0.979069225795272,86
1,14,0.956092859214543,0.824304769777823,86
4,14,0.855057881297319,0.668672638636131,86
3,14,0.805219337121665,0.799473795263559,86
6,14,0.69182424355597,0.581396207085948,86
5,14,0.686698680884101,0.232935798335682,86
2,15,0.965007339121181,0.988946212171512,86
1,15,0.954693841238566,0.941977598308609,86
4,15,0.856149120407016,0.965846335467557,86
3,15,0.797778414372594,0.709452971938239,86
6,15,0.690219814930726,0.831754956409674,86
5,15,0.648596114164962,0.508784665813627,86
1,1,0.94771180381775,0.968908039972521,87
2,1,0.946002120327288,0.9059998202074,87
3,1,0.863310462350957,0.866717303386827,87
4,1,0.776812438286775,0.678143387107893,87
5,1,0.660591581852588,0.339410408438094,87
6,1,0.646006661046524,-0.389496395234451,87
1,2,0.957605187117241,0.800083155491738,87
2,2,0.944174964386258,0.904967956970773,87
3,2,0.853463405876972,0.854688065427042,87
4,2,0.774006667037389,0.885154030009207,87
5,2,0.670983166005954,-0.324421258974914,87
6,2,0.627099391267191,0.756787411687394,87
1,3,0.949263212502082,0.916932089759887,87
2,3,0.9457194777277,0.758700326410131,87
3,3,0.861244253147361,0.675652501545525,87
4,3,0.784382425754339,0.634133638391042,87
5,3,0.66041285507802,0.411407225578315,87
6,3,0.632864626212414,0.455646797661978,87
1,4,0.946089329730933,0.977623604182345,87
2,4,0.943555330958875,0.873558853209972,87
3,4,0.854344585435147,0.941359012160369,87
4,4,0.766897957637384,0.722066801894161,87
5,4,0.664553856569424,0.68676202489939,87
6,4,0.657042444497797,0.104763027097028,87
1,5,0.968098334277743,0.740097675992743,87
2,5,0.944393203268082,0.912803431378147,87
3,5,0.871155016074442,0.642007017874181,87
4,5,0.782934896137053,0.560739649884489,87
5,5,0.682483500441495,-0.639208742910602,87
6,5,0.63491738954352,0.567652898965994,87
1,6,0.94874911237975,0.972638362669563,87
2,6,0.945023007628565,0.918914883409134,87
3,6,0.866407217850736,0.881497298820597,87
4,6,0.789504457265167,0.38352130188942,87
5,6,0.652835419838944,0.644759724423933,87
6,6,0.622529755580861,-0.0484499977852986,87
1,7,0.949611483239104,0.921841184722155,87
2,7,0.94499527069297,0.905565770550118,87
3,7,0.861167174404074,0.801589606714253,87
4,7,0.778589998844052,0.653076519950709,87
5,7,0.669073896808982,-0.0698100919984239,87
6,7,0.622988341491841,0.755665696341666,87
1,8,0.950467308105067,0.899224582274731,87
2,8,0.921228886775413,0.991100590994781,87
3,8,0.864403978326722,0.79047132999081,87
4,8,0.769394566340184,0.879819922635398,87
5,8,0.65961981487313,0.8006262726177,87
6,8,0.627955914340914,0.34199919843228,87
1,9,0.950242925457862,0.971725031225765,87
2,9,0.952845881165872,0.50345425326953,87
3,9,0.874044703940178,0.515523258002832,87
4,9,0.81454906726292,0.63035327404067,87
5,9,0.657239866533813,0.751741189852625,87
6,9,0.621403477505462,0.56601502320834,87
1,10,0.945599916642735,0.989049884484328,87
2,10,0.945140003498811,0.853041207338095,87
3,10,0.868271912152426,0.792253947246526,87
4,10,0.763913641547873,0.793555659036356,87
5,10,0.649151998329084,0.838073897142844,87
6,10,0.63101586041999,0.240985795812851,87
1,11,0.951609564368792,0.947804910452291,87
2,11,0.946826087557711,0.969729761032271,87
3,11,0.863431159811358,0.706926396740267,87
4,11,0.761527357996881,0.839476170822276,87
5,11,0.629608353615192,0.551962466699335,87
6,11,0.629190453527219,0.196981705327037,87
1,12,0.950698348748234,0.887544129324551,87
2,12,0.943264205064478,0.96835264275884,87
3,12,0.872923276571707,0.430644556309751,87
4,12,0.783019728380103,0.0450671119968707,87
5,12,0.709822288179444,-0.67066870478753,87
6,12,0.620136157480972,-0.0214448153483613,87
1,13,0.945424051789744,0.978821189387943,87
2,13,0.951080058352195,0.103392683290283,87
3,13,0.855464214638776,0.676870269411073,87
4,13,0.785673562266564,0.756385059642108,87
5,13,0.652055988818868,0.68404124722039,87
6,13,0.636428108457324,-0.0634489655658557,87
1,14,0.950215705046236,0.892550763093827,87
2,14,0.940388400063735,0.976404413332558,87
3,14,0.863546234088373,0.931152008535636,87
4,14,0.774883976355006,0.478189901512639,87
5,14,0.645341905955969,0.917981132008834,87
6,14,0.652373070132708,0.12603652919503,87
1,15,0.948608531876957,0.960869499180131,87
2,15,0.946768712608137,0.906211143059068,87
3,15,0.850063779314614,0.984175322609994,87
4,15,0.778935184519497,0.773880255068191,87
5,15,0.650210859866112,0.810884518366932,87
6,15,0.634413120343816,0.601123701336095,87
1,1,0.979091238209733,0.955599721133857,88
2,1,0.94944309225983,0.878349355574995,88
3,1,0.900093664665403,0.817445830758923,88
5,1,0.831682370215053,0.464806351865945,88
4,1,0.830764300676841,-0.0918356389740373,88
6,1,0.638893664541696,0.0218174285604824,88
1,2,0.978024409068393,0.993402668389214,88
2,2,0.950565418715784,0.897231006432545,88
3,2,0.905804899587923,0.694614433961556,88
5,2,0.822744534551884,0.782831461025774,88
4,2,0.829266355059461,0.288938370851923,88
6,2,0.618106711339667,0.0711744169317473,88
1,3,0.98046516627357,0.986540846658854,88
2,3,0.941933531326523,0.978709517478865,88
3,3,0.925699249083025,0.166601187428508,88
5,3,0.824081005918302,0.740003997768349,88
4,3,0.8443454615698,0.26336028761664,88
6,3,0.619332466449545,0.33172748318516,88
1,4,0.980693517519522,0.906384165600369,88
2,4,0.946628288321966,0.967168437964,88
3,4,0.914209929696156,0.632216406048542,88
5,4,0.823283167846948,0.780671952557085,88
4,4,0.82066799952946,0.833048207815263,88
6,4,0.604816379669574,0.597865721603339,88
1,5,0.979935171377361,0.985419405341377,88
2,5,0.939587943146667,0.988236517616797,88
3,5,0.905865937660559,0.705759847378705,88
5,5,0.837662556120283,0.622042639917608,88
4,5,0.816312174443248,0.61325309037333,88
6,5,0.602155131616669,0.472208760857422,88
1,6,0.98023418556388,0.900180619182634,88
2,6,0.948588293526455,0.714711469136776,88
3,6,0.912336755787085,0.63483627663726,88
5,6,0.833170509470805,0.396031122712109,88
4,6,0.824257809615077,0.313569645584335,88
6,6,0.631139612494423,-0.0825369688783462,88
1,7,0.979108985741475,0.984500737747393,88
2,7,0.953211433035911,0.666231568249077,88
3,7,0.914354661231598,0.519301026357685,88
5,7,0.835659710822971,0.426396973217594,88
4,7,0.82736701155122,0.68319961150174,88
6,7,0.609124490227803,0.440881780785183,88
1,8,0.977302042118863,0.997564196194842,88
2,8,0.948482380508518,0.819758162282592,88
3,8,0.906305756543964,0.863769725062669,88
5,8,0.836027080638039,-0.227530103102296,88
4,8,0.83696224004535,0.703414552989873,88
6,8,0.59620459105499,0.787184137196952,88
1,9,0.979026147905097,0.963477034306718,88
2,9,0.955449614934814,0.109313068955322,88
3,9,0.893764119362091,0.924882676827023,88
5,9,0.827798919915877,0.681828133125733,88
4,9,0.76892236108074,0.841577128751585,88
6,9,0.579020055729185,0.876801253818243,88
1,10,0.978884024815715,0.818394223636226,88
2,10,0.947676056304272,0.959594498324894,88
3,10,0.904657056877216,0.242198202957975,88
5,10,0.872546773535796,0.796861750949026,88
4,10,0.817076424802632,0.938602114634837,88
6,10,0.606764658205243,0.289227031614672,88
1,11,0.979113537410085,0.969833903768492,88
2,11,0.951247251028568,0.0811504923564455,88
3,11,0.913856529106145,-0.5554673538434,88
5,11,0.828935683540391,0.530317280801953,88
4,11,0.811951061098892,0.850643292306835,88
6,11,0.612952125092422,0.100001362845239,88
1,12,0.980243495965078,0.948713447378492,88
2,12,0.94772868889985,0.831827366224821,88
3,12,0.894816172861122,0.930478224878024,88
5,12,0.832524875191337,0.415200391399424,88
4,12,0.820874440600406,0.763767862714459,88
6,12,0.628848986130437,-0.329949037756406,88
1,13,0.976812405642437,0.988822534508155,88
2,13,0.95043245509202,0.598845737419424,88
3,13,0.899476743167508,0.851893131345196,88
5,13,0.836474636693249,-0.199071819113578,88
4,13,0.817710050906352,-0.267756361594798,88
6,13,0.659358674549685,0.322861286278213,88
1,14,0.984572083353664,0.868553213537138,88
2,14,0.952361608281249,0.79910046820973,88
3,14,0.904953556685157,0.755144687621888,88
5,14,0.830637064949946,0.652212023819864,88
4,14,0.822762760763978,0.77975483315742,88
6,14,0.627941052488563,0.0480885107621277,88
1,15,0.97819243978062,0.989283751715553,88
2,15,0.937907440558493,0.978820914329721,88
3,15,0.904937900368412,0.713537505536964,88
5,15,0.818737079174717,0.841277592959237,88
4,15,0.819883264427896,0.688665357890623,88
6,15,0.61526650733939,0.364945700628401,88
1,1,0.982814606511097,0.85789418728573,89
2,1,0.963323558577868,0.899484434024183,89
3,1,0.931674688679389,0.305864172149475,89
4,1,0.914113393513367,0.628746753968509,89
6,1,0.822316598816156,0.296702734948369,89
5,1,0.757640479258016,0.813041320402245,89
1,2,0.986435365675964,0.974842184552465,89
2,2,0.969094869165878,0.329222578267169,89
3,2,0.932521980558669,0.250188591759454,89
4,2,0.874880061559882,0.48456347854159,89
6,2,0.813212631874538,0.644796395585142,89
5,2,0.783364427065065,0.591006808802925,89
1,3,0.986089405272044,0.955255329883774,89
2,3,0.96698708314488,0.872536433760192,89
3,3,0.9213838363091,0.832828520964779,89
4,3,0.870130262402375,0.653490591298917,89
6,3,0.82671849470065,0.0897576825404835,89
5,3,0.767375735162748,0.613484048347425,89
1,4,0.984070525713522,0.895310516460187,89
2,4,0.970653251342754,0.728636208366051,89
3,4,0.932501980018196,0.058134997129873,89
4,4,0.859832608869243,0.9021456175316,89
6,4,0.823655545703658,0.0631732946751598,89
5,4,0.80041513371695,0.0536159778594695,89
1,5,0.985075961797099,0.890818477680112,89
2,5,0.969853905603771,0.681845799120504,89
3,5,0.924050251229798,0.89436443622443,89
4,5,0.880069833012832,0.26279988006116,89
6,5,0.822282840732597,-0.00438066170330553,89
5,5,0.786291524408459,0.378188008303456,89
1,6,0.983052179640723,0.955060978851515,89
2,6,0.967276026045423,0.170592502705002,89
3,6,0.935205928947705,0.549852729129164,89
4,6,0.861458726810398,0.748454986476729,89
6,6,0.808125120801556,0.847042656083522,89
5,6,0.76711465591069,0.493498470548812,89
1,7,0.983106848052468,0.986424914876517,89
2,7,0.972024566072563,0.223563181537319,89
3,7,0.927431760490174,0.822083820727548,89
4,7,0.866913650035194,0.80221768025784,89
6,7,0.827520523838167,0.182603692725378,89
5,7,0.780986028329129,-0.122105422706686,89
1,8,0.982535209133402,0.973936776727878,89
2,8,0.965965838926953,0.664537114412248,89
3,8,0.92159008768628,0.880581136748157,89
4,8,0.864717333900986,0.780407910966801,89
6,8,0.809231467069211,0.53219600341568,89
5,8,0.763222034833374,0.706623144038127,89
1,9,0.983340860413584,0.9535900530785,89
2,9,0.960717813113382,0.952466662618916,89
3,9,0.927242949498932,0.391342445956215,89
4,9,0.861263104373557,0.840992877900386,89
6,9,0.804616020590848,0.748079308839198,89
5,9,0.757658805762126,0.671139860518963,89
1,10,0.982420646986015,0.966567013294065,89
2,10,0.961637117505336,0.978236501180873,89
3,10,0.9290242153193,0.438955525069191,89
4,10,0.868147623226106,0.262118238778693,89
6,10,0.823926134167097,0.218232484918689,89
5,10,0.792828812425731,0.407763468873936,89
1,11,0.982431154986904,0.97710537296158,89
2,11,0.96230897346335,0.734634347891461,89
3,11,0.92708831126366,0.591433158950988,89
4,11,0.868324814898187,0.517896992401091,89
6,11,0.818854912462543,-0.318469064658018,89
5,11,0.799892493065683,0.888700204952852,89
1,12,0.985271706661243,0.948644814120122,89
2,12,0.963767473181902,0.896391439924876,89
3,12,0.917639401981493,0.844471158958705,89
4,12,0.878950142618663,0.302381797685432,89
6,12,0.822259341656004,0.292768735064552,89
5,12,0.77289282508996,0.350511790434112,89
1,13,0.985325313048814,0.802139077839183,89
2,13,0.964894744181321,0.867166077357034,89
3,13,0.923027445168331,0.839871375111808,89
4,13,0.868556747931654,0.686760193161965,89
6,13,0.804153580921819,0.649592576941639,89
5,13,0.764594576406185,0.757468445131801,89
1,14,0.983510118697235,0.962191407814598,89
2,14,0.968524235957092,0.814843077558243,89
3,14,0.928784700115759,0.738329870881523,89
4,14,0.86838816014811,-0.0344692691002014,89
6,14,0.803227568945525,0.67060183811938,89
5,14,0.770331093521512,-0.559110096014169,89
1,15,0.98704336204702,0.884632742805778,89
2,15,0.965478458543114,0.924073593532505,89
3,15,0.926479809327832,0.815485742847657,89
4,15,0.877741142594566,0.0051262404806914,89
6,15,0.81443089678983,0.48916461711811,89
5,15,0.77980377845719,0.230268139598274,89
1,1,0.952032406378178,0.968924089848575,90
2,1,0.94944173660013,0.899727860057308,90
3,1,0.856692370623905,0.773792053657144,90
4,1,0.749904909401595,0.825894045406183,90
6,1,0.744442886640137,-0.0901036898810867,90
5,1,0.611099889476239,0.701104634421636,90
1,2,0.951895970750651,0.947257362521442,90
2,2,0.94757150096948,0.867943928956957,90
3,2,0.855669607465869,-0.25140207549519,90
4,2,0.74031354232091,0.645285675128463,90
6,2,0.738802757423693,0.106337225437007,90
5,2,0.584773617861544,0.836484548726252,90
1,3,0.951617249885814,0.982410350922626,90
2,3,0.944405510864476,0.966111656887218,90
3,3,0.834111838447397,0.783413483630587,90
4,3,0.761482346168098,0.28958567731985,90
6,3,0.648721790529788,0.589718950513249,90
5,3,0.610165072667392,0.929404745469797,90
1,4,0.957845262328861,0.921009876347131,90
2,4,0.943837711071751,0.930978530465816,90
3,4,0.857326023158031,0.530281141628194,90
4,4,0.753606240086504,0.527803117429112,90
6,4,0.725710438381909,0.0960172171317581,90
5,4,0.632248635973829,0.170928903168138,90
1,5,0.959314930877159,0.886973192150425,90
2,5,0.941052486855083,0.968485160395476,90
3,5,0.848066172525498,0.739123871129808,90
4,5,0.752444557603352,0.548484186302548,90
6,5,0.740446926811453,0.358175692014831,90
5,5,0.602078172642194,0.634800523679379,90
1,6,0.955406971915221,0.986371804892441,90
2,6,0.939905013285878,0.97313713441654,90
3,6,0.84592839614049,0.763128987060609,90
4,6,0.744269084497363,0.896144769404439,90
6,6,0.723415473230423,0.739906626289179,90
5,6,0.602510816775862,0.329397592826415,90
1,7,0.953970459695479,0.939314937206557,90
2,7,0.944652526657503,0.869162159224245,90
3,7,0.830595061574221,0.725129450338197,90
4,7,0.744321784001659,0.777226396442874,90
6,7,0.73443120655929,-0.0124461852868634,90
5,7,0.61170915697297,0.17716031539041,90
1,8,0.960138710124698,0.933831808399885,90
2,8,0.946582199664489,0.820124217149377,90
3,8,0.840681960753153,0.803501518004394,90
4,8,0.750393009163814,0.299990738732052,90
6,8,0.730674929143153,0.518336048102497,90
5,8,0.632052552386052,-0.483718100244857,90
1,9,0.958005784274232,0.934560007974706,90
2,9,0.944110508908153,0.870064700782445,90
3,9,0.839924011158956,0.925295298288635,90
4,9,0.744833326287272,0.548914392075117,90
6,9,0.729939513539682,0.457706208374558,90
5,9,0.628451006568407,0.680644565275908,90
1,10,0.950129389690482,0.994299328896907,90
2,10,0.93831618560356,0.981643216987615,90
3,10,0.829324464777658,0.928338707614965,90
4,10,0.742344920990422,0.817290955726095,90
6,10,0.717673414555456,0.90360811419163,90
5,10,0.618343608823917,0.435708203280847,90
1,11,0.952844486258439,0.99432125384295,90
2,11,0.945626818710547,0.897869046712458,90
3,11,0.842855779278845,0.559936114080733,90
4,11,0.742553735398396,0.78961860724697,90
6,11,0.715042737894558,0.303782429983931,90
5,11,0.60616879237277,0.584481528768263,90
1,12,0.957873181480959,0.912336606338583,90
2,12,0.94739078186303,0.862309378795471,90
3,12,0.841784248021383,0.751322837796993,90
4,12,0.758786610225055,0.2686027529016,90
6,12,0.736251113631013,0.281896695604358,90
5,12,0.611488562064294,0.0445872107912816,90
1,13,0.955622675997967,0.899427060949712,90
2,13,0.947428816744741,0.838340745059383,90
3,13,0.841674240218264,0.784941553060232,90
4,13,0.783673210510608,0.659504734735455,90
6,13,0.732036485007511,-0.172457431848403,90
5,13,0.614089915958019,0.054100488827196,90
1,14,0.959623477465704,0.868828007791943,90
2,14,0.949423551421066,0.7198819114699,90
3,14,0.828432493980834,0.939169183883824,90
4,14,0.754652522276315,0.445755090933855,90
6,14,0.747123299880191,0.241149057329627,90
5,14,0.596816950352252,0.536387213413174,90
1,15,0.954358201266199,0.959352714936129,90
2,15,0.944865139448627,0.908646654020114,90
3,15,0.850983391481984,-0.1437201047229,90
4,15,0.740525546158955,0.738613520265768,90
6,15,0.72896141105456,0.872007075854384,90
5,15,0.622182542795588,-0.275653741299838,90
2,1,0.982464291493897,0.871282854200867,91
1,1,0.978213490135804,0.915572541535207,91
3,1,0.918665907935765,0.937777980151046,91
4,1,0.885290089750945,0.585201122986257,91
5,1,0.830033267972772,0.201987722298735,91
6,1,0.763102593838495,0.0206683875493951,91
2,2,0.98108225885031,0.814948012178884,91
1,2,0.979461160145395,0.974696109394435,91
3,2,0.912899379714806,0.848383348287481,91
4,2,0.868525249939413,0.418010423205365,91
5,2,0.818106276540868,0.479363463881462,91
6,2,0.725170488116226,0.600486561265236,91
2,3,0.986124712337687,0.818399639050316,91
1,3,0.98012840298611,0.889498269962785,91
3,3,0.926222829828479,0.605084245149201,91
4,3,0.858581269636663,0.808734254369358,91
5,3,0.817982208985977,0.129566374807389,91
6,3,0.724455757930845,0.518740041944727,91
2,4,0.980801338450674,0.947997088542512,91
1,4,0.979624425247611,0.90233913180958,91
3,4,0.916228925481004,0.616538693349029,91
4,4,0.857806272833685,0.543454440855517,91
5,4,0.807683410582367,0.413109176348054,91
6,4,0.744290346764543,0.355373403832082,91
2,5,0.982457514594125,0.878200896626314,91
1,5,0.978536394438386,0.965760956399471,91
3,5,0.939003212325795,0.419244508276965,91
4,5,0.879001970957762,0.198026152081484,91
5,5,0.809334915885586,0.250449393428929,91
6,5,0.774536860433247,-0.369871694842736,91
2,6,0.983355639486249,0.860996109851853,91
1,6,0.979747091715248,0.899197770327114,91
3,6,0.920928236457124,0.134354793698984,91
4,6,0.86667879253347,0.558457682111352,91
5,6,0.827754644753123,0.102235217945907,91
6,6,0.740274177488706,-0.168450771581166,91
2,7,0.981225293812174,0.695999866532784,91
1,7,0.978715071287722,0.992759036656029,91
3,7,0.929002815411779,0.209758457996722,91
4,7,0.879089976055226,-0.0276131299529655,91
5,7,0.8328086584169,0.249181681916055,91
6,7,0.708055480245346,0.806076409297575,91
2,8,0.980994068858222,0.942286362885138,91
1,8,0.977563389645498,0.984742300728449,91
3,8,0.916052193511976,0.561780067796081,91
4,8,0.864512630455447,0.320315125781618,91
5,8,0.834151376278877,0.324254451262371,91
6,8,0.742394270696854,0.574700271448662,91
2,9,0.983559764343446,0.79322707369611,91
1,9,0.981077025837864,0.916085481820535,91
3,9,0.914997993811967,0.724463056815003,91
4,9,0.849173627142001,0.856858497654305,91
5,9,0.798390249477216,0.123115777837425,91
6,9,0.729103111963006,-0.538369110212224,91
2,10,0.980865244286617,0.865729059672259,91
1,10,0.979770626154781,0.887767888430832,91
3,10,0.913911388906288,0.40529792999403,91
4,10,0.84924525077489,0.734400627248209,91
5,10,0.805024659687626,0.897062453915896,91
6,10,0.734802556527827,0.547014343075501,91
2,11,0.981122668552372,0.87687694955835,91
1,11,0.979462663243875,0.938825996083802,91
3,11,0.916436502456215,0.726243969155547,91
4,11,0.860513310657007,0.552422736352726,91
5,11,0.809716696622291,0.420821193580008,91
6,11,0.731017485221305,-0.702997879920865,91
2,12,0.983281202530344,0.874146441920667,91
1,12,0.977523685206167,0.968775807756064,91
3,12,0.908411868616648,0.833419777694582,91
4,12,0.85726884662136,0.911800822042369,91
5,12,0.804587941774693,0.639041576922398,91
6,12,0.736786618022862,0.24766696292472,91
2,13,0.982926977815989,0.874979052590593,91
1,13,0.974275767525124,0.975232944080112,91
3,13,0.908148800043527,0.811749472605825,91
4,13,0.86169236017291,0.539750747643144,91
5,13,0.8234586327255,0.187525754256413,91
6,13,0.741061489487611,0.246866347290176,91
2,14,0.981705226504852,0.696061206719847,91
1,14,0.98086437520107,0.795049373698824,91
3,14,0.923774909820555,0.501589626392859,91
4,14,0.889547740850797,0.213468917697098,91
5,14,0.818579099472703,0.416368390075519,91
6,14,0.771543009355018,-0.345816315836883,91
2,15,0.981073263712763,0.922328434179207,91
1,15,0.980074957055264,0.977003948324373,91
3,15,0.90834489660524,0.856866014637499,91
4,15,0.882626764713602,0.367165169837776,91
5,15,0.845535932642129,0.0275161777803418,91
6,15,0.733887644705686,0.581417690411831,91
1,1,0.978980573920768,0.102362606890801,92
2,1,0.965013546174656,0.874931570802071,92
4,1,0.876283286342218,0.610304344904606,92
3,1,0.833123291072337,0.283369469420678,92
6,1,0.760331152644627,0.323126051632638,92
5,1,0.709517155613005,0.225750001800378,92
1,2,0.981236090646557,0.970165830194274,92
2,2,0.964364530100841,0.853096439699414,92
4,2,0.881934289386319,0.353269180434328,92
3,2,0.85627566357018,0.10407851290557,92
6,2,0.76130786485847,0.233654243960559,92
5,2,0.690707069872127,0.244073117728809,92
1,3,0.981116443618458,0.961881966088108,92
2,3,0.969187003401059,0.768545384858551,92
4,3,0.87492586480788,0.572814817521395,92
3,3,0.831686277930714,0.594668190083319,92
6,3,0.781388526407337,0.31033612989917,92
5,3,0.696805432838797,0.629792649739157,92
1,4,0.979675834278256,0.922593179973147,92
2,4,0.960241581193982,0.953690497959404,92
4,4,0.879260551791448,0.280601209689375,92
3,4,0.823875199137205,0.843447768125412,92
6,4,0.779745480261732,0.571856532549339,92
5,4,0.727933240504576,-0.391542490597044,92
1,5,0.978709100070124,0.904555373576325,92
2,5,0.963883939449435,0.917823938731173,92
4,5,0.884274133956657,0.423016387648907,92
3,5,0.823918984029684,0.596966090933854,92
6,5,0.774848938342475,0.419046089637983,92
5,5,0.680313564403911,0.371841908186034,92
1,6,0.979415771439083,0.893572744023018,92
2,6,0.965324694832926,0.747673970067402,92
4,6,0.870492041405714,0.526505334555176,92
3,6,0.843463383514357,0.912268813523272,92
6,6,0.789154973388004,0.400032380707474,92
5,6,0.678038472723507,0.727015194079659,92
1,7,0.978308278249132,0.743944181574775,92
2,7,0.952460924259751,0.963497814015428,92
4,7,0.872660698164999,0.862510774374319,92
3,7,0.822998821661098,0.859837895098513,92
6,7,0.766533523383129,0.804552063766031,92
5,7,0.679506396513194,0.78844087140089,92
1,8,0.982345646787121,0.85523514208655,92
2,8,0.968520235988671,-0.204683086295009,92
4,8,0.902537065957711,0.778635871833251,92
3,8,0.833547515791527,0.511932489245721,92
6,8,0.761150043667786,0.603571554093879,92
5,8,0.719397834120144,0.388610296906223,92
1,9,0.977322761114979,0.98288319030755,92
2,9,0.963291560351385,0.876195011899712,92
4,9,0.876459765283987,0.796959531642338,92
3,9,0.835876856433517,0.592116253820699,92
6,9,0.708567824018953,-0.164272818922424,92
5,9,0.68858713936665,0.823024498980918,92
1,10,0.979969984177943,0.927548313506795,92
2,10,0.964369046803564,0.929247890884181,92
4,10,0.881448724644748,0.739806989081527,92
3,10,0.828290482490968,0.668621109472475,92
6,10,0.753664083092583,0.727927865345125,92
5,10,0.683757954611125,0.587287074906513,92
1,11,0.979253567329732,0.988991117001295,92
2,11,0.957299439959874,0.991306367172389,92
4,11,0.875204057831463,0.602414194296607,92
3,11,0.829619523239668,0.450957740662319,92
6,11,0.768494157085057,0.417452150058997,92
5,11,0.68862191087278,0.664575450678301,92
1,12,0.978698124814553,0.826212889991068,92
2,12,0.964703179936332,0.628154550429974,92
4,12,0.874683450436419,0.874864411782299,92
3,12,0.823363645643282,0.853972030685063,92
6,12,0.787020926555609,-0.155555974535834,92
5,12,0.694949979681504,0.554132508095399,92
1,13,0.978303771195607,0.979688066066979,92
2,13,0.965388879651287,0.864987779225114,92
4,13,0.877016804552681,-0.0888759497726526,92
3,13,0.851222090750392,0.387811910519579,92
6,13,0.766881537636826,0.160269436748343,92
5,13,0.719939595771555,-0.661408347162509,92
1,14,0.979285416377533,0.856736935611692,92
2,14,0.969110621062115,-0.0164830425014373,92
4,14,0.89130429761351,-0.11083031464889,92
3,14,0.84111358003476,0.291992801813721,92
6,14,0.833099062012723,-0.061922697527075,92
5,14,0.704172146152959,0.2291666382918,92
1,15,0.977726913364367,0.96408159194378,92
2,15,0.964100636660934,0.844738338607462,92
4,15,0.875995613919138,0.562539626123127,92
3,15,0.822707845740742,0.755475774213571,92
6,15,0.770371822086742,0.771262781827254,92
5,15,0.703819591749275,0.535632329975167,92
1,1,0.986641182862315,0.932493593156023,93
2,1,0.976649082002656,0.92662411823845,93
6,1,0.885489353141446,0.406376632202388,93
4,1,0.858857449636374,0.194919746537341,93
5,1,0.822130175180883,0.763556150676227,93
3,1,0.785081163321716,0.203631242224951,93
1,2,0.98607418369522,0.937698231432423,93
2,2,0.971380078606468,0.972226006457795,93
6,2,0.895779439348932,0.449266470756919,93
4,2,0.851235394825338,0.788956490217578,93
5,2,0.816700336606957,0.627286820910897,93
3,2,0.794201253854187,0.481310152704434,93
1,3,0.987143037050929,0.928708469655734,93
2,3,0.977171532598921,0.790116452275911,93
6,3,0.876841474394787,0.861075989068932,93
4,3,0.840694874957553,0.727782298610865,93
5,3,0.82161369643362,0.18588996537949,93
3,3,0.792245702549116,0.730229031309888,93
1,4,0.98524157082664,0.953006488717618,93
2,4,0.977982150589661,0.553260122736041,93
6,4,0.880796168656866,0.471125623355761,93
4,4,0.842784421464901,0.189290134477114,93
5,4,0.822002277221429,0.273299336671716,93
3,4,0.768780746023423,0.817012667468717,93
1,5,0.986486771621434,0.962877674916565,93
2,5,0.974670273724829,0.880369306836855,93
6,5,0.903620316093793,-0.119378910443961,93
4,5,0.843049584928502,0.522588431329522,93
5,5,0.826103864191403,0.178845263863326,93
3,5,0.786082048911334,0.634212584277243,93
1,6,0.986858594972543,0.701236305861225,93
2,6,0.976397827962692,0.593020384011482,93
6,6,0.889160295515134,0.0596979654633806,93
4,6,0.851459928926736,0.716002692034267,93
5,6,0.799259061238513,0.762711641606395,93
3,6,0.786672097890127,0.599251520572094,93
1,7,0.986059824043419,0.582897176524496,93
2,7,0.975610436315644,0.722649543936668,93
6,7,0.893847995543861,0.309646186827141,93
4,7,0.839982646159465,0.528762975277067,93
5,7,0.815971545915858,0.243193343249327,93
3,7,0.779856942973865,0.371867458353722,93
1,8,0.98439345076858,0.919230976202682,93
2,8,0.975160812323657,0.910148104459854,93
6,8,0.889876097592049,0.0622512071138093,93
4,8,0.840562530081589,0.438858726714268,93
5,8,0.809633163563493,0.486822847365375,93
3,8,0.799396995164155,-0.049738416900828,93
1,9,0.985690026701622,0.919189909653586,93
2,9,0.974269345899864,0.948464188616468,93
6,9,0.889867648164644,0.72604401710235,93
4,9,0.855211342565109,0.285419674723368,93
5,9,0.812100058086389,0.731412362886799,93
3,9,0.782967623331445,0.603073776587047,93
1,10,0.985323790780401,0.89068087697448,93
2,10,0.976040126978616,0.670201329422734,93
6,10,0.885587134699383,-0.558737635773485,93
4,10,0.843960583683391,0.325006604107249,93
5,10,0.816019658275397,0.29851866869259,93
3,10,0.783071254133388,0.40082470710814,93
1,11,0.990365442719548,0.794722449326564,93
2,11,0.971423481046541,0.988451466836356,93
6,11,0.899782975253626,0.726035416475979,93
4,11,0.859491430923531,0.278425893852242,93
5,11,0.820143113005931,0.152226286332488,93
3,11,0.776972036335076,0.539317836706671,93
1,12,0.985681406542499,0.939795897488799,93
2,12,0.976137968150751,0.811566401319089,93
6,12,0.896437947945177,0.44499259852959,93
4,12,0.86368331746923,0.113758955378843,93
5,12,0.821196516744504,0.348579066815126,93
3,12,0.799977971442462,0.388644593544401,93
1,13,0.984969381909418,0.991066773471229,93
2,13,0.975300995797818,0.937290851399504,93
6,13,0.886984451230821,0.336412304443671,93
4,13,0.836358259874964,0.811804201571551,93
5,13,0.818059621998726,0.358210894277145,93
3,13,0.772773191850867,0.850934725140122,93
1,14,0.985740200517327,0.949798670374733,93
2,14,0.975858924828431,0.88318542708764,93
6,14,0.906514539996525,0.153062985051233,93
4,14,0.866674923871081,0.654736364235332,93
5,14,0.854498349655614,0.696500389224449,93
3,14,0.804001067473441,0.650423324049626,93
1,15,0.987006022495572,0.933019263101465,93
2,15,0.978565773122937,0.80728954911475,93
6,15,0.87887975363579,0.79605888654425,93
4,15,0.844989453321519,0.34120452811529,93
5,15,0.816505713290064,0.530427044955577,93
3,15,0.784005125878797,0.314943887452449,93
1,1,0.981200356973926,0.961433605114291,94
2,1,0.971664905619079,0.79094237138882,94
4,1,0.895538856337949,0.893356059013195,94
3,1,0.885948139280245,0.606692748955404,94
6,1,0.826863562541502,0.324332320090816,94
5,1,0.782204899276239,0.492805196031399,94
1,2,0.981856889695071,0.947350003603844,94
2,2,0.970427036201377,0.898910610109463,94
4,2,0.897564184564667,0.954031514534036,94
3,2,0.875385840019082,0.198877811717714,94
6,2,0.805808031028855,0.539917717147774,94
5,2,0.758489268419078,0.206820443520838,94
1,3,0.98269494233562,0.922128183646414,94
2,3,0.965061564356037,0.957342869324792,94
4,3,0.910374415357822,0.568023703413203,94
3,3,0.887110133893492,0.560428155446294,94
6,3,0.780077540793405,0.917968331184296,94
5,3,0.717702295335104,0.618499211184153,94
1,4,0.983826651074284,0.881859662190308,94
2,4,0.964060650095094,0.985620944949012,94
4,4,0.909408620393127,-0.30382513554848,94
3,4,0.875508757417969,0.684114290833914,94
6,4,0.806078092085045,0.547439713289728,94
5,4,0.768409029773524,0.210172840223624,94
1,5,0.982793431834708,0.956672590256932,94
2,5,0.972803523556069,0.560222618893809,94
4,5,0.902890535916853,0.474533748550146,94
3,5,0.875512645731088,0.740090724180579,94
6,5,0.801775892413371,0.770680891365025,94
5,5,0.775908390265074,0.828767694091897,94
1,6,0.982377089001407,0.91388889793412,94
2,6,0.970289747044269,0.805254276971815,94
4,6,0.906475836741371,0.764592248665683,94
3,6,0.875233788550055,0.797988763100623,94
6,6,0.814996941787861,0.252037621846898,94
5,6,0.760647496281706,0.519640643983572,94
1,7,0.981276685208787,0.907022634320385,94
2,7,0.968559068298323,0.906551722463058,94
4,7,0.924534360403128,0.341950468091925,94
3,7,0.876187020674948,0.746453623287207,94
6,7,0.804884055095018,0.206917927171606,94
5,7,0.768647116319582,0.374192699983,94
1,8,0.98100954069929,0.914012589067277,94
2,8,0.965528828319001,0.982904737925405,94
4,8,0.905217897933055,0.416328562191497,94
3,8,0.884153832544952,0.536574646240924,94
6,8,0.822081060877545,-0.32025887893376,94
5,8,0.770420065066973,-0.180096548499964,94
1,9,0.980082471493163,0.997473906333686,94
2,9,0.973999326238455,0.147484952326282,94
4,9,0.906568997997749,0.65514323935947,94
3,9,0.881884915513508,0.406978433219442,94
6,9,0.79639611557623,0.32587491073722,94
5,9,0.769553159442675,0.627666077192548,94
1,10,0.98232829789336,0.854746950755073,94
2,10,0.967849842201469,0.932152181618822,94
4,10,0.903960652000514,0.665465490222092,94
3,10,0.872401746599114,0.782059871445454,94
6,10,0.805430663386137,0.517958573274649,94
5,10,0.808333543518824,-0.193149843997486,94
1,11,0.980806587309051,0.980484634952446,94
2,11,0.971005162849669,0.656412064996555,94
4,11,0.90932258293345,0.669591412794232,94
3,11,0.879392434710981,0.691699707681298,94
6,11,0.816864824042648,-0.256072083997183,94
5,11,0.752148379866831,0.851522039111772,94
1,12,0.981588475341105,0.808161929111536,94
2,12,0.967995244327505,0.97174170581063,94
4,12,0.912920507548787,-0.0501547520532164,94
3,12,0.872225842541747,0.842056456898443,94
6,12,0.816111129306915,-0.0393156448422609,94
5,12,0.766984667770362,0.0395395213496379,94
1,13,0.981343349839734,0.980996736869711,94
2,13,0.972820457694507,0.419642860510001,94
4,13,0.909202809256064,0.0611873274698116,94
3,13,0.902465160652205,0.476346566771471,94
6,13,0.811265700467722,0.401295895538037,94
5,13,0.76025508336969,-0.456377598045294,94
1,14,0.979663928916465,0.987579780109621,94
2,14,0.971236372663697,0.300801888041127,94
4,14,0.9087865247362,0.522459985876621,94
3,14,0.875067023699547,0.830562403778805,94
6,14,0.830736408136365,-0.173791651907405,94
5,14,0.772766279171935,0.718130642976466,94
1,15,0.98538663698878,0.917080247809421,94
2,15,0.965810654366115,0.967228363231626,94
4,15,0.908538721499871,-0.00547776956016325,94
3,15,0.878595892182743,0.858253005497657,94
6,15,0.82774028493473,0.309461644639464,94
5,15,0.774505003553399,0.287116994244759,94
1,1,0.950634220861776,0.982005201643403,95
2,1,0.950613426864122,0.660255557696258,95
3,1,0.811220111576596,0.671018221081737,95
6,1,0.770994131885094,0.32288821785828,95
5,1,0.751155359179283,0.316808488461609,95
4,1,0.700058182220863,0.266984949672611,95
1,2,0.954222606973787,0.804460736573703,95
2,2,0.947802036815961,0.752574014752428,95
3,2,0.816527051510958,0.569047456330793,95
6,2,0.758878511103912,0.468191127324022,95
5,2,0.744320081231709,0.253487544579379,95
4,2,0.692060364908821,0.724769328959395,95
1,3,0.952547541625161,0.969488035816909,95
2,3,0.94760173989652,0.827162400192922,95
3,3,0.823089423586744,-0.121826853385674,95
6,3,0.76033168377894,0.0174498661687539,95
5,3,0.689093433501148,0.274899030650175,95
4,3,0.749841568559091,0.263870078736479,95
1,4,0.959943296932588,0.786484046551539,95
2,4,0.930227758367399,0.965976287441514,95
3,4,0.801497249293294,0.885668436015691,95
6,4,0.755155002307831,0.364985515570636,95
5,4,0.734060320649704,0.444760296549576,95
4,4,0.709690798190233,0.212398577798774,95
1,5,0.949732906220116,0.950534463784341,95
2,5,0.949654985052022,0.780795739031615,95
3,5,0.836392341648878,0.143698873399052,95
6,5,0.768606515059698,0.346161359374048,95
5,5,0.740519998089723,0.368016164131932,95
4,5,0.707157931029761,0.223079064594521,95
1,6,0.952955315337286,0.990737184363326,95
2,6,0.948215511097507,0.879222162679136,95
3,6,0.824611451556141,0.033323751038232,95
6,6,0.7676831552596,-0.689416911111946,95
5,6,0.691001018373942,0.731881110403954,95
4,6,0.603959763330815,0.915601030300555,95
1,7,0.953253720159292,0.915527263418354,95
2,7,0.952457343948738,0.496280148739831,95
3,7,0.792888743266476,0.874517577452796,95
6,7,0.750111828338348,0.516566881084405,95
5,7,0.731770432945688,0.494430764306572,95
4,7,0.696184646316511,0.79928651502329,95
1,8,0.952360938167695,0.963293069201625,95
2,8,0.953574259187741,0.688439824221191,95
3,8,0.843352433817887,-0.598928598996641,95
6,8,0.7425758956073,0.638257832353723,95
5,8,0.750083650449181,0.184712417996312,95
4,8,0.693389488720247,0.707675077193187,95
1,9,0.953540755790106,0.918759677848783,95
2,9,0.949399507008058,0.761339931430814,95
3,9,0.811416012775122,0.736756767445707,95
6,9,0.744756380326713,0.468222033211498,95
5,9,0.720011870414887,0.498044111487265,95
4,9,0.707357172209261,-0.0350775875651927,95
1,10,0.954124430569692,0.947506016644598,95
2,10,0.950695961120222,0.0583533407115342,95
3,10,0.813305233637121,0.155605939027448,95
6,10,0.749390516212151,0.527816578231071,95
5,10,0.723173290905755,0.561795456933279,95
4,10,0.699167114230442,0.341513766928092,95
1,11,0.957732478080158,0.921273744338036,95
2,11,0.949512687824919,0.456331508179346,95
3,11,0.805455567148155,0.736020462606078,95
6,11,0.733655098860501,0.789892013486206,95
5,11,0.715239973250726,0.748328242871113,95
4,11,0.716008557502824,0.196707463268016,95
1,12,0.954634386040108,0.758627409181226,95
2,12,0.938911627909305,0.982856197507443,95
3,12,0.806207390035955,0.788462624954913,95
6,12,0.736714649581503,0.799601204036086,95
5,12,0.733372950422962,0.031831934596574,95
4,12,0.698190120534687,0.377244815664266,95
1,13,0.949832924305635,0.997074263801467,95
2,13,0.949056908742958,0.840739624200024,95
3,13,0.793498777833283,0.956056536371345,95
6,13,0.748804575312581,0.660853038442596,95
5,13,0.734832983363038,0.488805534377535,95
4,13,0.687146388531721,0.812609847699893,95
1,14,0.952418887946619,0.960565506608757,95
2,14,0.949157434449073,0.943609182802273,95
3,14,0.820297671283567,0.42111796764547,95
6,14,0.749660847408561,0.496988788849903,95
5,14,0.738475461144647,0.21116450622096,95
4,14,0.693785846279035,0.607443350640038,95
1,15,0.957169766553464,0.67623394096085,95
2,15,0.942510120826728,0.967999708879454,95
3,15,0.803492761895483,0.694606700396363,95
6,15,0.757355029184787,-0.105818275202519,95
5,15,0.741276000902627,0.411393762529006,95
4,15,0.708177935350189,0.320461293205017,95
1,1,0.97980569895438,0.981898697032899,96
2,1,0.97030312559487,0.832604441037079,96
4,1,0.900512812708919,0.813448439990129,96
3,1,0.851243120003242,0.573291407851239,96
6,1,0.825227006320754,-0.0975127982943379,96
5,1,0.742834682773648,0.698460328772787,96
1,2,0.979244804259289,0.978589354284243,96
2,2,0.972364151928714,0.369936863646125,96
4,2,0.911764602252539,0.420761323833601,96
3,2,0.84410275717131,0.842325197560547,96
6,2,0.788872181097523,0.370584012877786,96
5,2,0.752654294980157,0.613545051188024,96
1,3,0.978818509644122,0.977051400239653,96
2,3,0.973493787925571,0.761420746775995,96
4,3,0.91012630931529,0.342449587099456,96
3,3,0.893889571757064,0.917589512508225,96
6,3,0.800367218167127,0.609566422998404,96
5,3,0.778996717238184,0.0830694027052516,96
1,4,0.978779068411966,0.976735552178523,96
2,4,0.968554233936784,0.970402753266047,96
4,4,0.900290068693794,0.834031875155299,96
3,4,0.843768199507131,0.740868185651835,96
6,4,0.788258073112368,0.565943513929708,96
5,4,0.745847813334566,0.742204563236893,96
1,5,0.97960008971318,0.978327867755834,96
2,5,0.96881598303905,0.986859315935434,96
4,5,0.907141726917355,0.644340265181239,96
3,5,0.840901683258384,0.841133398801198,96
6,5,0.795736258169036,0.400452736639288,96
5,5,0.741190249548081,0.441315897997525,96
1,6,0.979171683004585,0.983255774103081,96
2,6,0.971087713212297,0.887214052378525,96
4,6,0.897759675548936,0.923878051135963,96
3,6,0.836195681696605,0.902664154046058,96
6,6,0.787688682798898,0.164189291960385,96
5,6,0.736332668228144,0.660907296226403,96
1,7,0.979850234479383,0.668620056436296,96
2,7,0.971403970477111,0.618645989177337,96
4,7,0.908766303346447,0.221782191036168,96
3,7,0.840547369942087,0.809063276897125,96
6,7,0.795360642247079,0.263696093150335,96
5,7,0.732620439230866,0.62946055726538,96
1,8,0.979134339941713,0.988486064404928,96
2,8,0.974510535271242,0.594286575213697,96
4,8,0.902267169182067,0.800901176854708,96
3,8,0.851387489705135,0.643643953846164,96
6,8,0.799122258576811,0.321889064694005,96
5,8,0.759170030749254,0.0167263806716891,96
1,9,0.982601512838021,0.958605392624038,96
2,9,0.966819682025166,0.987742572899422,96
4,9,0.904766754884989,0.776294993246207,96
3,9,0.848091082491185,0.758768076872716,96
6,9,0.80099914466711,0.58659083813533,96
5,9,0.725329711525933,0.858200456138758,96
1,10,0.980932152851919,0.924116162469378,96
2,10,0.971549069432164,0.632340425596739,96
4,10,0.914881660379582,0.524589142417432,96
3,10,0.869944130164663,0.21491716485206,96
6,10,0.776254153354155,0.788723069003033,96
5,10,0.74934978790288,0.570333354669113,96
1,11,0.980165773387983,0.963710585022382,96
2,11,0.973622275742863,0.899376725539401,96
4,11,0.912488208525006,0.470767838630264,96
3,11,0.853312414298546,0.729128992715069,96
6,11,0.791124896736276,0.232723077390549,96
5,11,0.746832045124275,-0.0155298691533036,96
1,12,0.98176885708942,0.982514672535939,96
2,12,0.972792677412553,0.870582346012821,96
4,12,0.90333168620233,0.885750382133592,96
3,12,0.856475658058877,0.725182714372385,96
6,12,0.777677341254588,0.762867732611,96
5,12,0.707160976563942,0.588020348042545,96
1,13,0.978077525672948,0.98181073394921,96
2,13,0.968222631934983,0.921447963514382,96
4,13,0.917571097351009,0.351218785045975,96
3,13,0.870788297861172,0.63837141283772,96
6,13,0.781637761837732,0.838157449561691,96
5,13,0.749009975991513,0.655410419812706,96
1,14,0.985942902345617,0.874028394412081,96
2,14,0.974143721837363,0.136607382237277,96
4,14,0.917553147869606,0.442008677098099,96
3,14,0.835589038243038,0.938581462866498,96
6,14,0.803828076064481,0.115502209869839,96
5,14,0.757989282006653,0.254725922407151,96
1,15,0.980690436620039,0.882139767093952,96
2,15,0.966252993736267,0.978594088807518,96
4,15,0.901767381925591,0.871848192159622,96
3,15,0.855247703732293,0.514046363491933,96
6,15,0.785564955202971,0.392877517642354,96
5,15,0.739868581645282,0.568584072382218,96
1,1,0.961473011159492,0.977617763061022,97
2,1,0.952578535343467,0.899637859982864,97
4,1,0.820551147778063,0.711623308829891,97
3,1,0.789998130975377,0.68356233414609,97
5,1,0.714110009400446,0.838814313193775,97
6,1,0.617216369320789,0.115459608374456,97
1,2,0.961730085603294,0.99529628250933,97
2,2,0.956201978341592,0.581461103404945,97
4,2,0.817898440022565,0.632091684748011,97
3,2,0.793439373014331,0.675044901233836,97
5,2,0.733524278353404,0.321754662954112,97
6,2,0.605109906156886,0.691728047787523,97
1,3,0.974617126621654,0.693982299173251,97
2,3,0.955544037887254,0.0239480341029926,97
4,3,0.837717174613799,0.627489221783064,97
3,3,0.822952062697026,0.0905810627224865,97
5,3,0.758310468350928,0.2312499075454,97
6,3,0.627063129524307,0.0633649636127756,97
1,4,0.966221163281924,0.958462938093923,97
2,4,0.952402842831543,0.822336009415603,97
4,4,0.815053663562027,0.790757391753435,97
3,4,0.775060094333607,0.91281523118278,97
5,4,0.713048918057542,0.705532667292451,97
6,4,0.620700423424133,0.453758937622221,97
1,5,0.962492362351359,0.97233302377771,97
2,5,0.95451566672107,0.604819587284277,97
4,5,0.843103572744032,0.202834933570607,97
3,5,0.793915514525207,0.758733809233558,97
5,5,0.724730111015238,0.434649047372972,97
6,5,0.648564117977553,-0.0204065207515293,97
1,6,0.963150520262894,0.968764222968358,97
2,6,0.952662625501123,0.905973984640046,97
4,6,0.830360300339305,0.164099494482579,97
3,6,0.797792988306159,0.440729212369278,97
5,6,0.714909686866012,0.248446794567378,97
6,6,0.604654844457642,0.325196078660001,97
1,7,0.964133456842307,0.985257738693027,97
2,7,0.949310478511822,0.945823466738715,97
4,7,0.816609075865729,0.459874968295891,97
3,7,0.822684290098842,0.985805327219188,97
5,7,0.628163427629259,0.537573347148907,97
6,7,0.572782423275854,0.70469943395352,97
1,8,0.963525327205009,0.985165576176006,97
2,8,0.955021278627421,0.692334940188154,97
4,8,0.815557269997744,0.818334154670032,97
3,8,0.791174884816602,0.63480545586559,97
5,8,0.786176631519111,0.0939124157763832,97
6,8,0.612980925286045,0.596232422347743,97
1,9,0.962227529529405,0.995148132165765,97
2,9,0.947856228740945,0.967639811789617,97
4,9,0.814572952469569,0.786884754041345,97
3,9,0.781811827202249,0.858250122888967,97
5,9,0.721607935210766,0.747940263296846,97
6,9,0.61810319557635,-0.198115788785807,97
1,10,0.965142130792911,0.752017942776981,97
2,10,0.936206164812966,0.992257967063027,97
4,10,0.821810876252883,0.786113432567956,97
3,10,0.801338015262008,0.707187573811644,97
5,10,0.724578919501809,0.655254873560267,97
6,10,0.591036198873847,0.558049696095855,97
1,11,0.967980419719704,0.813947437571572,97
2,11,0.943499068246891,0.990442295395871,97
4,11,0.819543606489944,0.947527711608043,97
3,11,0.79211291860381,0.782816235491627,97
5,11,0.725789032707121,-0.340666912917864,97
6,11,0.641115427969682,0.302740370045112,97
1,12,0.960889683336283,0.982512025279631,97
2,12,0.952044341153167,0.812760002316544,97
4,12,0.833943161736081,0.450802701582361,97
3,12,0.781834981873478,0.827405679314998,97
5,12,0.735544338782139,-0.274440506562916,97
6,12,0.603308981305836,0.937188768551808,97
1,13,0.963966727326598,0.977626254171028,97
2,13,0.952145302875477,0.827194955009984,97
4,13,0.811582723205497,0.89884265716872,97
3,13,0.785728054791665,0.750854956770934,97
5,13,0.708785579592814,0.701729769357068,97
6,13,0.621114630364032,-0.510966559118985,97
1,14,0.961358144027578,0.948497646834205,97
2,14,0.948579750906918,0.964681356052007,97
4,14,0.822209256063515,0.238422602414552,97
3,14,0.797484417075959,0.379885994100557,97
5,14,0.705249734759512,0.883082965731435,97
6,14,0.588856988125093,0.736390291429459,97
1,15,0.964966628812503,0.949951180441963,97
2,15,0.951071107501682,0.890764294417922,97
4,15,0.834207086603892,0.526788394442678,97
3,15,0.778144520426228,0.969730674601885,97
5,15,0.701390180063219,0.851260951062741,97
6,15,0.601170599377462,0.788627669913764,97
1,1,0.978681011665403,0.467273351539714,98
2,1,0.963556198289542,0.91816996430845,98
4,1,0.880850760042876,0.257416810295413,98
3,1,0.830562772174944,0.618604564965369,98
5,1,0.760805162491942,0.159883830881508,98
6,1,0.743141523886731,0.470598360441071,98
1,2,0.977088264067395,0.851624046654354,98
2,2,0.961020694249662,0.98276581488853,98
4,2,0.868446551638745,0.205450720664538,98
3,2,0.878220769163228,0.354765678940384,98
5,2,0.755942660854864,0.178623913982086,98
6,2,0.754293066991967,0.62575381718995,98
1,3,0.976519957866688,0.997694118470592,98
2,3,0.966614352679807,0.691963859387284,98
4,3,0.861063318474409,0.75603833624315,98
3,3,0.846259289502245,0.843422136375632,98
5,3,0.756075179369292,0.456511035557168,98
6,3,0.738700796747514,0.254366134569505,98
1,4,0.978002798586374,0.954289823816531,98
2,4,0.967198982846464,0.825997571888591,98
4,4,0.885180209374424,0.453573938766242,98
3,4,0.827637089215255,0.634156146946726,98
5,4,0.781236876811303,0.309216924074786,98
6,4,0.749870345449052,0.602149906861346,98
1,5,0.98416020681958,0.91699147862327,98
2,5,0.964396668158634,0.895212376195149,98
4,5,0.877305654990785,0.646601459459885,98
3,5,0.836440051007423,0.651168387481745,98
5,5,0.761477993497058,-0.161218283344818,98
6,5,0.754277584494812,0.279914383203847,98
1,6,0.976896973279765,0.968121542254271,98
2,6,0.967863995531887,0.783134581717935,98
4,6,0.857354836129684,0.781076931933483,98
3,6,0.845788363854883,0.902400538712741,98
5,6,0.742796931553662,0.646785446071621,98
6,6,0.749985633744004,-0.157493778323353,98
1,7,0.977698694394439,0.967542382953685,98
2,7,0.964923604952445,0.786691501134527,98
4,7,0.828472473294908,0.720594307169818,98
3,7,0.865381490341035,0.805362436988754,98
5,7,0.760828690233238,0.359479985013139,98
6,7,0.710220811891554,0.708726056179238,98
1,8,0.976190064986008,0.979389974817137,98
2,8,0.966453657627282,0.686193240028693,98
4,8,0.870960061168916,0.613299744177154,98
3,8,0.885375747787992,0.106866381766906,98
5,8,0.758516578310678,0.341818544889943,98
6,8,0.772072849950242,-0.406047257251233,98
1,9,0.977291202340786,0.958584499085584,98
2,9,0.968428467909096,0.71055271137102,98
4,9,0.896441328727648,-0.459171797312195,98
3,9,0.834009554530091,0.606911961579644,98
5,9,0.757247531354664,0.491489187010193,98
6,9,0.727561067892823,0.719865539573454,98
1,10,0.977592043708571,0.959930816086446,98
2,10,0.963143010409164,0.91746376070836,98
4,10,0.863492597068711,0.736038132536938,98
3,10,0.836663098290812,0.708457668547055,98
5,10,0.758817642504668,0.529217530733753,98
6,10,0.76394054339361,-0.253560897196225,98
1,11,0.976168598885302,0.979809502626709,98
2,11,0.964388533344378,0.899809205541484,98
4,11,0.857258378681186,0.201495706900533,98
3,11,0.874147571230006,0.666481724253243,98
5,11,0.772776549098866,0.028642799049702,98
6,11,0.758683675246681,0.5764209778556,98
1,12,0.976095569258278,0.986413892398413,98
2,12,0.964678961523576,0.855814748058916,98
4,12,0.861994678778881,0.814175559613392,98
3,12,0.836375422741327,0.752348868187065,98
5,12,0.76581994013912,0.270230524320163,98
6,12,0.751304350707489,0.303958434870064,98
1,13,0.976687072208745,0.974778549999833,98
2,13,0.957488615871156,0.992034471942452,98
4,13,0.85934033403817,0.7008448427686,98
3,13,0.832007593559628,0.880604085679497,98
5,13,0.762961029998525,0.738250993304907,98
6,13,0.73988714561872,0.603396053859567,98
1,14,0.97860475169982,0.971568241304555,98
2,14,0.959145233895817,0.975709564017453,98
4,14,0.851854983073056,0.878449106803995,98
3,14,0.835441413924387,0.925720545998877,98
5,14,0.772235601337118,0.524468127350957,98
6,14,0.738218794519803,0.588404600626757,98
1,15,0.974616889073994,0.995380970025969,98
2,15,0.963248800603647,0.928133053947657,98
4,15,0.854479458901599,0.582289698766663,98
3,15,0.864518515369447,0.338801552933449,98
5,15,0.756119518816484,0.429450159765637,98
6,15,0.755111689897243,-0.578551889214394,98
1,1,0.955151479332613,0.965206620603866,99
2,1,0.948679311030364,0.812603141287239,99
3,1,0.870021970998557,-0.037757187016078,99
4,1,0.778338236397657,0.636064023516647,99
6,1,0.785024868373399,-0.616972752162279,99
5,1,0.730235089119093,-0.216886104799296,99
1,2,0.958715201263185,0.790508374430941,99
2,2,0.939763847541055,0.961862679635243,99
3,2,0.868738491576333,0.691855091950339,99
4,2,0.781459514991497,0.505102926656603,99
6,2,0.759206833379246,0.799264362642868,99
5,2,0.674736396952876,0.689328249412317,99
1,3,0.953701867417886,0.990928076273421,99
2,3,0.942253944135587,0.860218437196769,99
3,3,0.847888462625556,0.878635114094981,99
4,3,0.810667612900102,0.307187593933256,99
6,3,0.772551619068663,0.504110511862228,99
5,3,0.677168422034316,0.559296372274471,99
1,4,0.95596468455749,0.915150364223765,99
2,4,0.945718812336788,0.658721343855957,99
3,4,0.862402793479332,0.750594868217784,99
4,4,0.77058416791492,0.499512557247876,99
6,4,0.773052357814373,0.658171259997459,99
5,4,0.711696777283111,0.428764962187739,99
1,5,0.954458800575474,0.975284008463093,99
2,5,0.942372164223519,0.844730120299816,99
3,5,0.850690575280431,0.648655937164146,99
4,5,0.812968137213912,0.633453056011668,99
6,5,0.798632047292277,0.601377376574097,99
5,5,0.728050857429201,0.0868513196985745,99
1,6,0.954972758642795,0.976888684739425,99
2,6,0.9421556068787,0.862210291461255,99
3,6,0.850629044208711,0.560662203775605,99
4,6,0.78296011358673,0.44219274517911,99
6,6,0.766910860171298,0.721339471058728,99
5,6,0.704086226165464,0.878715682995143,99
1,7,0.959228896348962,0.674009260277077,99
2,7,0.927688096731675,0.983477103453576,99
3,7,0.86943926663471,0.963678177962806,99
4,7,0.782020194129251,0.743355736050348,99
6,7,0.759031966666367,0.902870778125982,99
5,7,0.70976337035113,0.869927141620223,99
1,8,0.952969415559625,0.94103341108563,99
2,8,0.946693249707023,0.598803990871849,99
3,8,0.844008731484576,0.708574528738435,99
4,8,0.774233839277737,0.799670943914873,99
6,8,0.776339742551134,0.157208277943534,99
5,8,0.710944002071673,0.50010591421024,99
1,9,0.966746783689035,0.955372230680156,99
2,9,0.942336894155927,0.94383294649189,99
3,9,0.854577862183237,0.766529346628876,99
4,9,0.776825714551163,0.881634103555409,99
6,9,0.758079859853155,0.597489024564277,99
5,9,0.713962680597524,0.291045821616252,99
1,10,0.956171276439925,0.935110178046533,99
2,10,0.931655945503012,0.987423527216172,99
3,10,0.845101786864885,0.862941702550709,99
4,10,0.778276033605224,0.848367031512597,99
6,10,0.771213723897421,0.674001807214755,99
5,10,0.721864882798998,0.254232461000881,99
1,11,0.956516044890377,0.938977060862024,99
2,11,0.941728431242737,0.892867658137523,99
3,11,0.850449333017118,0.933248507659517,99
4,11,0.778943187849058,0.225279240173563,99
6,11,0.778688626583734,0.289159764200876,99
5,11,0.705275055589191,0.564123365927364,99
1,12,0.956371682346115,0.94169111230774,99
2,12,0.944797355893432,0.913024672163307,99
3,12,0.854272773064271,0.882896477396855,99
4,12,0.783491799706063,0.230715603014735,99
6,12,0.776500409337976,0.120101953739924,99
5,12,0.70417669440493,0.659641042083083,99
1,13,0.955683126603327,0.954941251480754,99
2,13,0.943188000782382,0.896914485364406,99
3,13,0.849609357067859,0.960372174230065,99
4,13,0.774774736350109,0.951677912472297,99
6,13,0.772492975201744,0.0539337319880835,99
5,13,0.704404437745738,0.418064705228172,99
1,14,0.952683865516751,0.99322061464811,99
2,14,0.94608009682857,0.238215844502436,99
3,14,0.837468397042512,0.944714063178454,99
4,14,0.783878955396648,0.442236389843139,99
6,14,0.772922730683376,-0.00118520752099858,99
5,14,0.701495061987193,0.741964970606019,99
1,15,0.956042061840867,0.934356857087835,99
2,15,0.94211845002363,0.918416838518119,99
3,15,0.849469632960685,0.648254756352628,99
4,15,0.774259929189123,0.754935597009957,99
6,15,0.772320628591473,0.855624247042603,99
5,15,0.707813147775369,0.692914141172764,99
1,1,0.961765649069359,0.872758711295331,100
2,1,0.940762300035447,0.975355435325157,100
4,1,0.823171938722657,0.188909099386919,100
3,1,0.749518514705729,0.685311428854245,100
6,1,0.698523560261873,0.214963457716351,100
5,1,0.637579636639638,0.390815075743426,100
1,2,0.957217786857831,0.975107309407558,100
2,2,0.94490740069495,0.947864987045822,100
4,2,0.748722111660085,-0.00912677198451564,100
3,2,0.793037786298601,0.642080694354031,100
6,2,0.666172742725479,0.453078052539342,100
5,2,0.564047542377968,0.795939942850622,100
1,3,0.959946568991544,0.905455639310177,100
2,3,0.939848963460691,0.970351266106001,100
4,3,0.812124552104601,0.59971983175878,100
3,3,0.748352421290098,0.830760607208653,100
6,3,0.639647348678809,0.549783784002152,100
5,3,0.608724683293611,0.552408895126394,100
1,4,0.959931280527241,0.906156611377718,100
2,4,0.948989031712522,0.809539239088085,100
4,4,0.820827175216261,0.325658374363071,100
3,4,0.731777274348008,0.943856215068532,100
6,4,0.652995811239758,-0.0552530329567922,100
5,4,0.614988085358207,-0.271129503268905,100
1,5,0.958770636213895,0.953961452609845,100
2,5,0.951152325328027,0.6689313123165,100
4,5,0.832413995743161,0.279678558136372,100
3,5,0.815073365290235,0.59346754150792,100
6,5,0.656604078181068,0.203391082930418,100
5,5,0.652034587258714,-0.43717196316261,100
1,6,0.961279824167561,0.903565326376135,100
2,6,0.95365133573552,0.28115712816266,100
4,6,0.80843231578411,0.654086764743434,100
3,6,0.74010986660752,0.781589330129934,100
6,6,0.668018421840285,-0.0131798100896041,100
5,6,0.618769113789524,0.800183587838612,100
1,7,0.956580117717283,0.982007204268602,100
2,7,0.946581882005107,0.847563175797828,100
4,7,0.809678962308784,0.49942820084816,100
3,7,0.748798268806697,0.110503309222286,100
6,7,0.658090652530676,0.344119272665713,100
5,7,0.603174307253089,0.681574603412246,100
1,8,0.974969363808121,0.68175311120121,100
2,8,0.939956635020472,0.996479918523399,100
4,8,0.804831837898975,0.834728748682027,100
3,8,0.748463868467673,0.502803071832657,100
6,8,0.639819827272004,0.598343217001164,100
5,8,0.624883067313817,0.0770696729706657,100
1,9,0.960080278755468,0.926113705572203,100
2,9,0.946377732546915,0.840797899641413,100
4,9,0.800153171011958,0.847449855262776,100
3,9,0.744334532299096,0.717473091584623,100
6,9,0.669556698274156,0.359267894865589,100
5,9,0.580096015834685,0.923086691056288,100
1,10,0.959825675947174,0.907636192423937,100
2,10,0.943007043693651,0.971591250095129,100
4,10,0.807417155212151,0.802843518361383,100
3,10,0.742998075638948,0.579345768967087,100
6,10,0.651902798308288,-0.273173457746106,100
5,10,0.626510396647642,0.20138953574441,100
1,11,0.959967615491603,0.94988247781439,100
2,11,0.947024369265839,0.784720826728803,100
4,11,0.80536237947197,0.817562188814508,100
3,11,0.735394821682688,0.825685480663298,100
6,11,0.631225568896323,0.914130880878359,100
5,11,0.60155208851004,0.720111620708504,100
1,12,0.956838484156605,0.987134614464423,100
2,12,0.945367300116355,0.895187819467392,100
4,12,0.826512598992565,0.241443342488998,100
3,12,0.750039522444904,0.404473887273248,100
6,12,0.65026701087522,0.353315948446194,100
5,12,0.634700603264288,0.712498114551772,100
1,13,0.959163725010051,0.954320593489659,100
2,13,0.946645036830907,0.843388891446854,100
4,13,0.804691567317507,0.666451643208537,100
3,13,0.746945918827469,0.454322523872487,100
6,13,0.650214104588958,0.761713407106914,100
5,13,0.608341421983461,0.319195078250135,100
1,14,0.958567161541459,0.970139086592211,100
2,14,0.949522023089985,0.915864346940732,100
4,14,0.797526753835453,0.895018076143296,100
3,14,0.754265202572573,0.216721480939944,100
6,14,0.68311802069705,0.368764421484963,100
5,14,0.603140331724057,0.486180290965132,100
1,15,0.961253725920503,0.971505930667261,100
2,15,0.948331050806899,0.693192416170585,100
4,15,0.80884745939982,0.374908883347259,100
3,15,0.748118913716641,0.628447631442893,100
6,15,0.646865972802582,0.480720766140558,100
5,15,0.59365468429528,0.697061990299418,100
