canonical_direction,fold,lambda
1,1,0.9286278179329782
1,2,0.922870948718119
1,3,0.9110291526400647
1,4,0.9201087809386512
1,5,0.9147767753532055
1,6,0.9312109201506019
1,7,0.9161254819826875
1,8,0.9199312852895618
1,9,0.9158239042147424
1,10,0.9198058475745188
1,11,0.9185135799237344
1,12,0.9183635357419748
1,13,0.9204598191023327
1,14,0.9167529750925284
1,15,0.9179484093639612
