canonical_direction,fold,lambda
2,1,0.9037791090389155
2,2,0.9067516793349161
2,3,0.8988036315364842
2,4,0.8926615219935476
2,5,0.8967189726885605
2,6,0.8931717057476406
2,7,0.8995445438325975
2,8,0.8901406040003862
2,9,0.8930555217356089
2,10,0.896342520950428
2,11,0.8918651658138137
2,12,0.9006863962022175
2,13,0.8929473038156991
2,14,0.896832339852528
2,15,0.8811281786227024
