canonical_direction,fold,lambda
3,1,0.8863515087182259
3,2,0.8741024189492896
3,3,0.8318655933139628
3,4,0.8935127839036953
3,5,0.9367922746305986
3,6,0.8815349307152939
3,7,0.8766021922066982
3,8,0.8716526655270485
3,9,0.8866010668953203
3,10,0.8888932481611117
3,11,0.9143510632947754
3,12,0.8821319844925484
3,13,0.8845112277851306
3,14,0.8834241331050249
3,15,0.8910591666635042
