canonical_direction,fold,shuffle_id,tau_D
1,1,1,5.422986128291406
1,1,2,5.0184465155061675
1,1,3,4.893354882826233
1,1,4,4.813070508191945
1,1,5,4.741907212697501
1,1,6,4.883585578993584
1,1,7,4.990818024868362
1,1,8,5.104615840696321
1,1,9,4.6653020103862035
1,1,10,4.77668944514338
1,1,11,4.842621590111195
1,1,12,4.845584604593355
1,1,13,4.879629512141632
1,1,14,4.814387877413705
1,1,15,4.897642872440042
1,1,16,4.888254844792289
1,1,17,4.704648500438872
1,1,18,4.851052033791704
1,1,19,4.7256796840257715
1,1,20,4.769891190608561
1,1,21,4.719435150965496
1,1,22,4.975067860005875
1,1,23,4.72756834362202
1,1,24,5.145006866588654
1,1,25,5.170148454505565
1,1,26,5.076620583089531
1,1,27,4.9139245899649096
1,1,28,5.0279365649502745
1,1,29,5.013112075921608
1,1,30,4.874479672323026
1,1,31,4.848876695289662
1,1,32,4.985364533206561
1,1,33,4.924025291837353
1,1,34,5.166462830310138
1,1,35,4.849813258045664
1,1,36,5.041323154476316
1,1,37,4.74647828554712
1,1,38,5.046485477472218
1,1,39,4.8556305889409215
1,1,40,5.317967396869525
1,1,41,4.80581350043887
1,1,42,5.122149414277368
1,1,43,5.009606869514349
1,1,44,4.840534165008794
1,1,45,4.812423785254552
1,1,46,4.77748441734935
1,1,47,4.857453165886501
1,1,48,4.806978392627291
1,1,49,4.6377992017261755
1,1,50,5.256124710064382
1,1,51,4.9672510892334865
1,1,52,5.028587740052673
1,1,53,4.772208641749582
1,1,54,4.743897309245192
1,1,55,4.829623950409614
1,1,56,5.068603494441205
1,1,57,5.015726278525463
1,1,58,5.295652238150965
1,1,59,5.0353549394382835
1,1,60,4.9851534072557255
1,1,61,4.891630909449979
1,1,62,4.853320695582232
1,1,63,5.049368850204806
1,1,64,4.889612969572869
1,1,65,4.516055197191358
1,1,66,5.053070976448228
1,1,67,5.04639299605033
1,1,68,4.7243368058806485
1,1,69,4.577961980983054
1,1,70,5.039874121562329
1,1,71,5.044367982153316
1,1,72,4.993108925980134
1,1,73,5.397543062609723
1,1,74,4.968974546225878
1,1,75,4.856881060561752
1,1,76,4.831033906816872
1,1,77,4.929895029988314
1,1,78,4.661980650234071
1,1,79,4.920817622440038
1,1,80,4.955118071825651
1,1,81,4.897386264335894
1,1,82,4.94114680090699
1,1,83,4.983555599765963
1,1,84,5.029423465769462
1,1,85,4.988243024575786
1,1,86,4.725828153891178
1,1,87,4.881267336746652
1,1,88,4.911754192217696
1,1,89,4.9966435182855555
1,1,90,4.786329016237593
1,1,91,5.220764949970752
1,1,92,4.976807617905227
1,1,93,4.871297511702778
1,1,94,4.760154376682293
1,1,95,4.9269164942949235
1,1,96,4.879113978057368
1,1,97,4.982312553540098
1,1,98,4.931125469719149
1,1,99,4.79212775746052
1,1,100,4.792493137361055
1,2,1,5.255212316851972
1,2,2,5.138935855471052
1,2,3,5.03732764365127
1,2,4,4.815805419543619
1,2,5,4.9830553461088485
1,2,6,4.858712419397337
1,2,7,5.052342530719732
1,2,8,4.956997122440031
1,2,9,5.383250997220609
1,2,10,4.8947181107372915
1,2,11,4.967489756143962
1,2,12,4.776127318899975
1,2,13,4.759168912375688
1,2,14,4.931109994294927
1,2,15,5.245642338648345
1,2,16,4.687901181246355
1,2,17,5.116536642188426
1,2,18,5.1890752851082524
1,2,19,4.826371387799911
1,2,20,4.773154693680535
1,2,21,4.695873681100081
1,2,22,4.832807428759526
1,2,23,4.940647959332963
1,2,24,4.928784777940332
1,2,25,5.06075961571095
1,2,26,4.948708098595681
1,2,27,4.754533478057364
1,2,28,4.962282008777081
1,2,29,5.028567944850808
1,2,30,5.128949616149802
1,2,31,4.671840224253973
1,2,32,4.902206067144551
1,2,33,4.823217397308386
1,2,34,5.133613734055013
1,2,35,4.895036969426579
1,2,36,4.93988902940318
1,2,37,4.959558539204233
1,2,38,4.992830892042146
1,2,39,5.045753285985973
1,2,40,5.459435988589831
1,2,41,5.0991487802808795
1,2,42,4.919593265067309
1,2,43,4.915049446606226
1,2,44,4.8620044524575965
1,2,45,5.228444094645998
1,2,46,4.78143488604449
1,2,47,4.911530534523131
1,2,48,4.901136169689897
1,2,49,4.776195562170881
1,2,50,5.152815955968407
1,2,51,5.36159440433003
1,2,52,5.107515533645417
1,2,53,4.8211466263897265
1,2,54,4.882172363516694
1,2,55,5.0472891029842115
1,2,56,5.2307459830310234
1,2,57,5.2654418382094965
1,2,58,5.154712199970752
1,2,59,4.969397282475156
1,2,60,4.763034298712721
1,2,61,4.966255591866605
1,2,62,4.782116101960238
1,2,63,5.0176078313341295
1,2,64,4.794073541983632
1,2,65,4.759519453335301
1,2,66,5.050094544177888
1,2,67,5.172324450702171
1,2,68,4.931193797396158
1,2,69,4.613108415593935
1,2,70,4.620155501316577
1,2,71,5.024205305002938
1,2,72,4.862764915886511
1,2,73,4.991697598303113
1,2,74,5.173046579139851
1,2,75,4.952067656524304
1,2,76,4.856829704505577
1,2,77,5.174271481714462
1,2,78,4.972343432562904
1,2,79,5.08208515476888
1,2,80,4.949605822264499
1,2,81,5.086766337039208
1,2,82,4.8247724136922425
1,2,83,4.9490383287010085
1,2,84,5.3104243959918085
1,2,85,4.629720901111774
1,2,86,5.262139921006453
1,2,87,4.760004603861925
1,2,88,4.956776288033966
1,2,89,5.030634957284968
1,2,90,4.8848627201580115
1,2,91,5.345509767407851
1,2,92,5.040878453189016
1,2,93,5.2446169142773655
1,2,94,4.7813659003803615
1,2,95,4.834460364979541
1,2,96,5.05608618227035
1,2,97,4.694606041837351
1,2,98,4.809188671737881
1,2,99,5.219017464891763
1,2,100,4.860970039643075
1,3,1,5.324016954505568
1,3,2,4.740768630778257
1,3,3,4.9659257655061575
1,3,4,4.673891939438283
1,3,5,4.7635833793154125
1,3,6,5.036380943241677
1,3,7,4.983583294177896
1,3,8,4.955707341574038
1,3,9,4.6856635299883145
1,3,10,4.952622620099492
1,3,11,4.991886373610315
1,3,12,4.934119382387374
1,3,13,4.763578593622025
1,3,14,4.844562600351094
1,3,15,5.084804335576367
1,3,16,4.732641200702178
1,3,17,4.86878271679346
1,3,18,4.929228111614995
1,3,19,4.696880327969597
1,3,20,4.605348227325938
1,3,21,4.751409106348758
1,3,22,4.90328885298423
1,3,23,4.693173490637818
1,3,24,4.859166275453503
1,3,25,4.737737874780598
1,3,26,4.838130326067891
1,3,27,4.846258961088377
1,3,28,5.007225015506157
1,3,29,4.97809212697486
1,3,30,5.076069937682871
1,3,31,4.909232093475737
1,3,32,4.909580433001784
1,3,33,4.783296426272691
1,3,34,5.3131693977472265
1,3,35,4.734158658279711
1,3,36,4.849849325336474
1,3,37,4.8735989515798925
1,3,38,4.938425927296683
1,3,39,5.258133134142775
1,3,40,5.154944301053259
1,3,41,5.024422944265664
1,3,42,4.855054475570534
1,3,43,5.001238642773565
1,3,44,4.970162584552387
1,3,45,4.7985822952018875
1,3,46,4.728588953774158
1,3,47,4.803021179052104
1,3,48,5.050321587770641
1,3,49,4.716184631217105
1,3,50,4.997466521942676
1,3,51,4.810944071971935
1,3,52,5.053761427735531
1,3,53,4.824896427881818
1,3,54,4.856236609567015
1,3,55,4.845838210649522
1,3,56,5.3697203673200775
1,3,57,4.95483152135754
1,3,58,5.164550072557051
1,3,59,5.1478633048566556
1,3,60,4.84846904490933
1,3,61,4.913915393212418
1,3,62,4.826463808952627
1,3,63,5.213042244294913
1,3,64,4.85549268402576
1,3,65,4.67447541281453
1,3,66,5.171722318461098
1,3,67,5.021819929490947
1,3,68,4.806889902282056
1,3,69,4.658570608104177
1,3,70,4.917707368636643
1,3,71,5.013778447045064
1,3,72,4.8787548864833505
1,3,73,5.226691860005868
1,3,74,4.718412781597438
1,3,75,4.826009941193707
1,3,76,4.984297388385037
1,3,77,4.879122744880063
1,3,78,4.761950986688138
1,3,79,5.078830855032187
1,3,80,4.913536826945601
1,3,81,5.176703106056179
1,3,82,4.916659753218269
1,3,83,4.887450587185506
1,3,84,4.880610298420146
1,3,85,4.75631624283208
1,3,86,4.974448521357531
1,3,87,4.832824578993585
1,3,88,5.0002224809830516
1,3,89,4.8471594701580045
1,3,90,4.8479903060269365
1,3,91,5.360226370538332
1,3,92,4.92795049634291
1,3,93,4.911987938999437
1,3,94,4.849890902282064
1,3,95,5.090194114540677
1,3,96,5.025763843036871
1,3,97,5.021766162814522
1,3,98,4.842141072410791
1,3,99,4.963156734201306
1,3,100,4.763232753803416
1,4,1,5.200893946313637
1,4,2,4.950163954359305
1,4,3,4.970743417203064
1,4,4,4.975440923785856
1,4,5,4.7942028014921165
1,4,6,5.009942780280886
1,4,7,4.891141826799323
1,4,8,5.000914758338224
1,4,9,4.778279737565847
1,4,10,4.676746107811607
1,4,11,4.9796717163546145
1,4,12,5.072076735517863
1,4,13,4.756164035985983
1,4,14,5.023203285839689
1,4,15,4.969298720158002
1,4,16,4.915701954505571
1,4,17,4.8286110422762
1,4,18,5.004324009215929
1,4,19,4.883305654330042
1,4,20,4.841489885898205
1,4,21,4.781683849180826
1,4,22,4.933960933440636
1,4,23,4.846554252048
1,4,24,4.9039196048859175
1,4,25,4.9661833461088465
1,4,26,4.90159088019311
1,4,27,5.005986925248702
1,4,28,4.997396703335298
1,4,29,5.097174278379184
1,4,30,5.0068132109420915
1,4,31,4.884689892334712
1,4,32,4.993589534961984
1,4,33,5.048002460210663
1,4,34,5.090011108981876
1,4,35,4.9950647248390965
1,4,36,4.99799499605034
1,4,37,4.755208071094231
1,4,38,5.057366795055601
1,4,39,4.953698869075501
1,4,40,5.243556686805161
1,4,41,5.048341191193685
1,4,42,5.039130992685796
1,4,43,4.903164022674099
1,4,44,4.835595130924536
1,4,45,5.02534551609129
1,4,46,4.833596210649529
1,4,47,4.857647782036299
1,4,48,4.749983666471643
1,4,49,4.806315731568193
1,4,50,5.199314869660631
1,4,51,4.778761415886505
1,4,52,5.207993177150394
1,4,53,4.716673401550634
1,4,54,4.9775779761556596
1,4,55,4.837317013458183
1,4,56,5.227843865564667
1,4,57,4.959232886483347
1,4,58,5.279739027794035
1,4,59,5.015187892919851
1,4,60,4.9056204564072745
1,4,61,5.4606775115564545
1,4,62,4.874365755558827
1,4,63,4.890724530866023
1,4,64,4.8275246680807715
1,4,65,4.894877433586909
1,4,66,4.922501813926293
1,4,67,4.9235670849912365
1,4,68,4.82025892817439
1,4,69,4.738907398478663
1,4,70,4.884459807636061
1,4,71,5.099106636337044
1,4,72,4.846090918227059
1,4,73,5.1104810105324825
1,4,74,4.923736521942671
1,4,75,4.766387761263922
1,4,76,4.734608911790542
1,4,77,5.123139636922188
1,4,78,4.778599218695164
1,4,79,4.8970087606787756
1,4,80,5.174201761263904
1,4,81,5.201891653013473
1,4,82,5.070211370099478
1,4,83,4.731745287302537
1,4,84,4.845637819338812
1,4,85,4.877262601813943
1,4,86,4.884079754388546
1,4,87,4.928491319777668
1,4,88,4.895989221620853
1,4,89,5.008450237565846
1,4,90,4.78747679373905
1,4,91,5.212150822849624
1,4,92,5.075478788619083
1,4,93,4.910960398478664
1,4,94,5.02729700906965
1,4,95,5.256093903744885
1,4,96,4.880665195289664
1,4,97,5.1052147485371595
1,4,98,4.751075826799322
1,4,99,5.157753677589246
1,4,100,4.735542558367487
1,5,1,5.422921425102412
1,5,2,4.8182504381217335
1,5,3,4.9606372817437245
1,5,4,4.71987083250441
1,5,5,4.8360523959918265
1,5,6,4.825049677150404
1,5,7,4.803983366149817
1,5,8,4.955060637799901
1,5,9,4.864949120684626
1,5,10,5.047886766530149
1,5,11,4.798419318168544
1,5,12,4.883564236980712
1,5,13,4.753571848156846
1,5,14,4.765901755266244
1,5,15,5.233628787887663
1,5,16,4.6536558442071545
1,5,17,4.826454658718564
1,5,18,4.948654915740222
1,5,19,4.818901329871298
1,5,20,4.664320406670592
1,5,21,4.967048275307218
1,5,22,4.80753505324754
1,5,23,4.69889282050909
1,5,24,4.827628992685798
1,5,25,5.048866718548872
1,5,26,4.7062156767115395
1,5,27,4.713906848449403
1,5,28,4.9403060340842835
1,5,29,4.767934161790541
1,5,30,5.041315448361629
1,5,31,4.688066090988905
1,5,32,4.825526284961985
1,5,33,5.016933876682281
1,5,34,5.110021183440625
1,5,35,4.689283117905227
1,5,36,5.007636802954958
1,5,37,4.71105377764777
1,5,38,4.952206293739047
1,5,39,4.942990418812187
1,5,40,5.399988940023419
1,5,41,5.137093085868928
1,5,42,4.8245545282329
1,5,43,4.868149800906985
1,5,44,4.768630085868945
1,5,45,5.037194781597431
1,5,46,4.867493351521381
1,5,47,4.834458342744313
1,5,48,4.836118181831504
1,5,49,4.716977449385623
1,5,50,5.046091642188427
1,5,51,4.837747885751922
1,5,52,5.165055920275026
1,5,53,4.914041238443547
1,5,54,4.896082537741383
1,5,55,4.927458806612077
1,5,56,5.206274531304866
1,5,57,4.936599135751921
1,5,58,5.218730004534824
1,5,59,5.0274882270333725
1,5,60,4.919003790813362
1,5,61,5.33384730310123
1,5,62,4.714783940169715
1,5,63,4.823125391603303
1,5,64,4.843916647600955
1,5,65,4.652684197922777
1,5,66,4.848823671445315
1,5,67,5.415611501755418
1,5,68,4.801485460649525
1,5,69,4.712582072410787
1,5,70,4.863449145114118
1,5,71,4.987122426272692
1,5,72,5.09208684435345
1,5,73,5.0982935466647215
1,5,74,4.926518852691644
1,5,75,5.041424210064377
1,5,76,4.889467787887672
1,5,77,4.778636549151574
1,5,78,4.887176397162094
1,5,79,4.968436953774153
1,5,80,4.88885382519019
1,5,81,5.041059254095978
1,5,82,4.7180235623171685
1,5,83,4.69452279095964
1,5,84,4.880586177442969
1,5,85,4.668603350204816
1,5,86,4.980767342890595
1,5,87,4.8743435569046385
1,5,88,4.829785572995925
1,5,89,5.180925835576368
1,5,90,4.7314218662961025
1,5,91,5.3436030133118875
1,5,92,5.016648687536586
1,5,93,5.115114168519616
1,5,94,4.808868458894114
1,5,95,5.0114947065535524
1,5,96,4.914298254095982
1,5,97,5.024814331334125
1,5,98,4.925493391018159
1,5,99,5.159845333820961
1,5,100,4.727545872586322
1,6,1,5.4523448690754925
1,6,2,4.675722386922202
1,6,3,4.921077095084864
1,6,4,4.845519299736711
1,6,5,4.73368985590991
1,6,6,4.884389474400261
1,6,7,4.861857524722082
1,6,8,5.0310563828262245
1,6,9,4.776158134435357
1,6,10,5.029355030427166
1,6,11,4.95816865389118
1,6,12,4.791958142919856
1,6,13,4.862689776770078
1,6,14,4.989713330602703
1,6,15,4.710036135751924
1,6,16,4.899601329725003
1,6,17,4.856354194411953
1,6,18,4.955571048859001
1,6,19,4.642039910327698
1,6,20,4.966069207431266
1,6,21,4.988051208601541
1,6,22,4.854274553686392
1,6,23,4.984012620538343
1,6,24,5.1392573313341146
1,6,25,5.1074438417203165
1,6,26,5.059992234786434
1,6,27,4.7537519888824065
1,6,28,5.058634342451733
1,6,29,4.982712440901124
1,6,30,4.908279845670001
1,6,31,4.804907104008219
1,6,32,4.737628245904057
1,6,33,4.893905704213006
1,6,34,5.094111352691637
1,6,35,4.775860766676437
1,6,36,5.023801090403764
1,6,37,4.925155981275624
1,6,38,4.874982426857831
1,6,39,4.960070883265077
1,6,40,5.15726601989468
1,6,41,4.844081240198966
1,6,42,5.1744586686659035
1,6,43,4.899319787448815
1,6,44,4.6730127690169905
1,6,45,5.175824485664141
1,6,46,4.821220259069657
1,6,47,4.879722407840864
1,6,48,4.8858369650380515
1,6,49,4.7962211440901354
1,6,50,5.1670580978642535
1,6,51,4.784577898624947
1,6,52,4.9477707431246545
1,6,53,4.917591639701598
1,6,54,4.642346008484515
1,6,55,5.1039239312463485
1,6,56,5.5077637713575145
1,6,57,5.093370329578715
1,6,58,5.307184303832652
1,6,59,4.975884144236417
1,6,60,4.936547278525477
1,6,61,5.033764005997669
1,6,62,4.800602919689901
1,6,63,5.012178960210666
1,6,64,4.979721810269174
1,6,65,4.66642164452898
1,6,66,5.081062221035701
1,6,67,4.9694841203920594
1,6,68,4.817196636775916
1,6,69,4.603723152282054
1,6,70,4.813048274283229
1,6,71,5.09682202033354
1,6,72,5.095390052223541
1,6,73,4.947753994587499
1,6,74,4.806297518431848
1,6,75,5.093030387653614
1,6,76,4.740303156524305
1,6,77,5.024430863077844
1,6,78,4.837726901111774
1,6,79,5.1334149748390905
1,6,80,4.995242914569942
1,6,81,5.1025543564950295
1,6,82,4.798972206992417
1,6,83,5.104827760239917
1,6,84,4.6721127698946985
1,6,85,4.802308627706279
1,6,86,4.9187843474254125
1,6,87,4.79750310532477
1,6,88,4.708458061000613
1,6,89,5.1036023371854915
1,6,90,4.7507611537449055
1,6,91,5.219050993856067
1,6,92,4.983150567290831
1,6,93,5.199565948215346
1,6,94,4.696628240052689
1,6,95,4.992130908572277
1,6,96,5.071637236541843
1,6,97,4.874482668958481
1,6,98,4.769486409011142
1,6,99,5.485880686658861
1,6,100,4.78945626345818
1,7,1,5.594661942949084
1,7,2,5.016687804710382
1,7,3,4.879577780134599
1,7,4,4.818001501755434
1,7,5,4.816891189145723
1,7,6,4.954446368051512
1,7,7,4.834490666617928
1,7,8,4.914536343329454
1,7,9,4.665102799736701
1,7,10,4.754101457431269
1,7,11,4.890213614540691
1,7,12,4.884037663692241
1,7,13,4.922743819046251
1,7,14,4.93730894616736
1,7,15,5.024192946313648
1,7,16,4.8080026499415
1,7,17,4.934158360737282
1,7,18,4.953345475716809
1,7,19,4.694540265945014
1,7,20,4.761411977764793
1,7,21,4.6943773737566
1,7,22,4.901375446898795
1,7,23,4.719507856202476
1,7,24,4.829714016969003
1,7,25,5.0267567884728015
1,7,26,4.941775945143371
1,7,27,4.957115118636651
1,7,28,4.944265312609734
1,7,29,4.923015917495626
1,7,30,5.0212855200409745
1,7,31,4.87538551316561
1,7,32,5.163581201579881
1,7,33,4.837730423932143
1,7,34,5.059885595962572
1,7,35,4.806044372586323
1,7,36,4.7535922770626335
1,7,37,4.7208090024868525
1,7,38,4.981465198507913
1,7,39,4.925235327677026
1,7,40,4.874382773405519
1,7,41,5.067605654183743
1,7,42,5.095831689877134
1,7,43,5.029732683001762
1,7,44,4.832593933148055
1,7,45,4.951741636775903
1,7,46,4.676564305002944
1,7,47,4.973225331480419
1,7,48,4.8684538759508715
1,7,49,4.593424362053849
1,7,50,4.992465625512021
1,7,51,4.794817406524305
1,7,52,5.311621389262746
1,7,53,4.844736379169121
1,7,54,4.79382414409013
1,7,55,4.8214789473376465
1,7,56,5.233325022674095
1,7,57,4.9771313033938185
1,7,58,5.193304513019312
1,7,59,5.029308012287898
1,7,60,5.211252531012289
1,7,61,5.1198623169982405
1,7,62,4.915388104447062
1,7,63,4.728333480690487
1,7,64,4.694464480836769
1,7,65,4.608284848741969
1,7,66,5.02172002647749
1,7,67,4.958089997952039
1,7,68,4.784664903452332
1,7,69,4.652326116881242
1,7,70,5.10826126945583
1,7,71,5.217597876828562
1,7,72,4.80060651872443
1,7,73,4.975014315389128
1,7,74,4.894198619953204
1,7,75,4.977537479959061
1,7,76,4.894807742100664
1,7,77,4.8912142805734495
1,7,78,4.596055368197795
1,7,79,5.002841538180237
1,7,80,4.942288554271523
1,7,81,4.797454180222372
1,7,82,5.186334437975431
1,7,83,4.651079143212414
1,7,84,5.0360806748098454
1,7,85,4.850431791691065
1,7,86,4.852110754388544
1,7,87,4.8235942393212605
1,7,88,5.03397424970745
1,7,89,5.034226025892348
1,7,90,4.876236959918093
1,7,91,5.409782654183742
1,7,92,4.84112940111178
1,7,93,5.458410938121702
1,7,94,4.85973948317732
1,7,95,4.928246628730273
1,7,96,5.018809509654784
1,7,97,5.0079079094499885
1,7,98,4.755353812609734
1,7,99,5.077537593768299
1,7,100,4.752031876974857
1,8,1,5.578591927296656
1,8,2,4.859479589964918
1,8,3,4.924870010825061
1,8,4,4.878081973522542
1,8,5,4.804438637946187
1,8,6,4.893343314365153
1,8,7,5.0269512407841
1,8,8,4.897673065535422
1,8,9,4.717671272674097
1,8,10,4.9192914733762665
1,8,11,5.080835447337635
1,8,12,4.893649290228226
1,8,13,4.8023641227326275
1,8,14,4.914372127706272
1,8,15,5.133410895699246
1,8,16,4.849656618197791
1,8,17,5.02128699458749
1,8,18,4.9960607091866684
1,8,19,4.802324934610916
1,8,20,4.721686041105928
1,8,21,4.907414656670586
1,8,22,4.937967173054447
1,8,23,4.721907119075507
1,8,24,4.879305308074915
1,8,25,4.84998851097135
1,8,26,5.060576317144534
1,8,27,4.822766615272106
1,8,28,5.011043562902295
1,8,29,4.965327660327691
1,8,30,5.120852523405513
1,8,31,4.929412347717983
1,8,32,5.064806246635472
1,8,33,4.881207876828574
1,8,34,5.102335343183162
1,8,35,4.9177890476887205
1,8,36,4.863233913692237
1,8,37,4.799797164131088
1,8,38,5.0894762188414395
1,8,39,4.946738068607393
1,8,40,5.3949669616735045
1,8,41,4.916964314803993
1,8,42,5.369112525160921
1,8,43,4.990513517700429
1,8,44,4.819103198361633
1,8,45,4.8037927587770834
1,8,46,4.773959901843206
1,8,47,4.829062934610905
1,8,48,4.858810683879484
1,8,49,4.693892724839102
1,8,50,5.311003258630793
1,8,51,4.7448953344061104
1,8,52,4.9847695614394585
1,8,53,4.874160435196035
1,8,54,4.864230201287319
1,8,55,4.88863680046813
1,8,56,5.453800944411934
1,8,57,4.781450062024599
1,8,58,5.234556898624932
1,8,59,5.101280711527226
1,8,60,4.929626081480415
1,8,61,4.93762434449972
1,8,62,4.974113223083698
1,8,63,4.908763542715058
1,8,64,4.817214274722078
1,8,65,4.746065247513182
1,8,66,5.091445803540092
1,8,67,4.875400181685209
1,8,68,4.8366565007314435
1,8,69,4.733972240052687
1,8,70,5.061439478642482
1,8,71,5.063874979373913
1,8,72,4.817531755997693
1,8,73,5.002786489467537
1,8,74,4.733288931392637
1,8,75,4.984635900965497
1,8,76,4.896391920275038
1,8,77,5.294114185049746
1,8,78,4.810899577823306
1,8,79,4.973255419543606
1,8,80,4.882187884289072
1,8,81,5.233152093475718
1,8,82,4.9167600547103785
1,8,83,4.73880607957872
1,8,84,4.877888066559408
1,8,85,4.63522170845525
1,8,86,4.956491052223537
1,8,87,4.777612473229983
1,8,88,4.922132825190195
1,8,89,5.021671912083097
1,8,90,4.886361632533672
1,8,91,5.343609649210071
1,8,92,4.985838893066138
1,8,93,4.986733528818041
1,8,94,4.777856697776501
1,8,95,4.965633692949108
1,8,96,4.9538484414862705
1,8,97,4.8892019798127695
1,8,98,4.768200081334136
1,8,99,5.09613237858398
1,8,100,4.855314880046822
1,9,1,5.464339556173209
1,9,2,4.919668900965503
1,9,3,4.890842447191355
1,9,4,4.758169471181996
1,9,5,5.005658670128741
1,9,6,4.938701356641339
1,9,7,5.085230153159754
1,9,8,5.028010763019314
1,9,9,5.274702047103576
1,9,10,4.894202567437121
1,9,11,4.904407346547708
1,9,12,4.76406152881805
1,9,13,4.787703338063222
1,9,14,5.063537838794624
1,9,15,4.916843866734952
1,9,16,4.680194865125815
1,9,17,4.988195621416046
1,9,18,5.074962285985967
1,9,19,4.735494610152163
1,9,20,4.873834274575798
1,9,21,4.8087829840550285
1,9,22,4.890889200994758
1,9,23,4.831408732007042
1,9,24,4.978878920275026
1,9,25,5.001920134874215
1,9,26,4.921728807782348
1,9,27,4.847725791691071
1,9,28,4.972357017554139
1,9,29,4.838810300029274
1,9,30,5.051851951579885
1,9,31,4.891921536863681
1,9,32,4.7394872235225485
1,9,33,4.928264724692825
1,9,34,5.146121312609718
1,9,35,4.979550003657116
1,9,36,4.864394038472815
1,9,37,4.734714473961397
1,9,38,5.1994490961088475
1,9,39,4.835654802662392
1,9,40,5.408111987858404
1,9,41,4.901796873317746
1,9,42,4.901557172908156
1,9,43,4.970565610005873
1,9,44,4.80263863194853
1,9,45,5.164284147454657
1,9,46,4.733649088209502
1,9,47,4.8146874300760905
1,9,48,4.7716598317729915
1,9,49,4.850231721328285
1,9,50,5.104365545494451
1,9,51,4.76477983469868
1,9,52,5.066086065827981
1,9,53,4.947224204066724
1,9,54,4.850962746781761
1,9,55,4.8633268803394
1,9,56,5.536370137361011
1,9,57,5.165044513458167
1,9,58,5.119732065389119
1,9,59,4.8423396856348955
1,9,60,4.8279859078408665
1,9,61,5.0299209583089635
1,9,62,4.72435673390874
1,9,63,4.802139032621439
1,9,64,4.86523956129317
1,9,65,4.642777970158
1,9,66,4.918441466647177
1,9,67,5.2126765007314315
1,9,68,4.818883830163863
1,9,69,4.660737762873046
1,9,70,4.7057852856934055
1,9,71,5.115490591720309
1,9,72,4.753002204213024
1,9,73,5.057152554271517
1,9,74,4.930755278379183
1,9,75,5.195064612053839
1,9,76,4.733813121123489
1,9,77,4.974258457138691
1,9,78,4.712191538765372
1,9,79,5.145053180368647
1,9,80,4.8206051970450705
1,9,81,5.140537246196615
1,9,82,4.948216317437116
1,9,83,4.895323024429511
1,9,84,5.051330296811003
1,9,85,4.525967853130503
1,9,86,5.060651433879466
1,9,87,4.817293143943847
1,9,88,4.993414584991242
1,9,89,4.997450776916337
1,9,90,4.792942080456433
1,9,91,5.159406807782332
1,9,92,5.038062224839101
1,9,93,5.003338346840279
1,9,94,4.76899619104742
1,9,95,4.946768327969593
1,9,96,4.946742774722079
1,9,97,4.8887502657987305
1,9,98,4.686636360591007
1,9,99,5.144258735225291
1,9,100,4.6274067606787765
1,10,1,5.158927807197197
1,10,2,4.831538188706876
1,10,3,5.177778062756003
1,10,4,4.820375729666488
1,10,5,4.879375899356364
1,10,6,4.964014751024011
1,10,7,4.873956504095986
1,10,8,4.8164497050907125
1,10,9,4.820408100058535
1,10,10,4.842554601960235
1,10,11,5.16606935035109
1,10,12,4.9207083004681325
1,10,13,4.633545858250474
1,10,14,4.855169279842024
1,10,15,4.8722430127267575
1,10,16,4.8562800162375765
1,10,17,5.120934981860745
1,10,18,4.95754360605619
1,10,19,4.748762773405523
1,10,20,4.657183339526064
1,10,21,4.9465253158279925
1,10,22,4.9779169357811845
1,10,23,4.766986753364561
1,10,24,4.821504604008206
1,10,25,4.825078528964327
1,10,26,5.066047540228211
1,10,27,5.068495227911077
1,10,28,4.945676199678197
1,10,29,5.099521308660037
1,10,30,5.032738134581637
1,10,31,4.826279819923955
1,10,32,4.903590739321258
1,10,33,4.925330048127582
1,10,34,5.067253338355779
1,10,35,4.9236115169690065
1,10,36,4.698068622440043
1,10,37,4.758632480836767
1,10,38,5.290311250146294
1,10,39,4.997365326360458
1,10,40,5.048151385605632
1,10,41,5.069026006290243
1,10,42,4.991758291252212
1,10,43,5.129112522527801
1,10,44,4.990104205383279
1,10,45,5.032311989028681
1,10,46,4.675770745904059
1,10,47,4.821764002340573
1,10,48,5.046775715184332
1,10,49,4.823862524283226
1,10,50,5.105627016383868
1,10,51,4.661609309830337
1,10,52,4.981049602837936
1,10,53,4.816065478057365
1,10,54,4.852928736249285
1,10,55,4.995949956260983
1,10,56,5.211651287302526
1,10,57,5.0092640696313815
1,10,58,5.109582454505564
1,10,59,4.808394197191367
1,10,60,4.979593117027518
1,10,61,5.140858311146871
1,10,62,4.9072683471328515
1,10,63,5.034823685342324
1,10,64,4.976837327677016
1,10,65,4.5880589777647955
1,10,66,4.990074234055013
1,10,67,5.026632544470459
1,10,68,4.777739849473396
1,10,69,4.905499541691068
1,10,70,4.985983569923947
1,10,71,5.003034883996502
1,10,72,4.774169730690489
1,10,73,5.138497725277953
1,10,74,4.629451228349929
1,10,75,4.979405668373338
1,10,76,4.996440370392063
1,10,77,5.021625638531317
1,10,78,4.7172910895260545
1,10,79,5.094508792715049
1,10,80,5.122049498829735
1,10,81,4.8791445554417985
1,10,82,4.779953345377438
1,10,83,4.932191349619677
1,10,84,4.7934645136044685
1,10,85,4.751048535839689
1,10,86,4.876670042129917
1,10,87,4.679021102106512
1,10,88,4.847538636922202
1,10,89,5.097016299151551
1,10,90,4.6621899224693015
1,10,91,5.0091191535986015
1,10,92,4.978599712990074
1,10,93,5.4623431003510845
1,10,94,4.812185544763048
1,10,95,5.178559210942072
1,10,96,4.89279861205385
1,10,97,4.984363296957302
1,10,98,4.638641407840863
1,10,99,5.398769871562335
1,10,100,4.7471681274137065
1,11,1,5.358614073581049
1,11,2,4.981548833820974
1,11,3,4.894367105471052
1,11,4,4.694233340842616
1,11,5,4.737678925687552
1,11,6,5.048379632679952
1,11,7,5.02428785239908
1,11,8,4.958835746928042
1,11,9,4.742496930953789
1,11,10,4.878291572118222
1,11,11,4.971055275160931
1,11,12,4.966331041398501
1,11,13,4.85371578993566
1,11,14,4.861268821386788
1,11,15,4.924134780573452
1,11,16,4.926027938853141
1,11,17,4.956933503949695
1,11,18,5.060503346840266
1,11,19,4.799076557782355
1,11,20,4.667783987858416
1,11,21,4.817243935342327
1,11,22,4.928660649795228
1,11,23,4.6148924784962215
1,11,24,4.877165516676435
1,11,25,4.903590100497384
1,11,26,4.976844620977195
1,11,27,4.882894853569357
1,11,28,4.960996422323015
1,11,29,5.096359584844946
1,11,30,5.042162364248113
1,11,31,4.80057976023993
1,11,32,5.0783662564365235
1,11,33,4.976245411936821
1,11,34,5.254587395260398
1,11,35,5.059162486395556
1,11,36,4.925423592305459
1,11,37,4.771969559976617
1,11,38,4.967493198946768
1,11,39,4.916936587478073
1,11,40,5.344901279695745
1,11,41,5.169570516968992
1,11,42,5.066136887799897
1,11,43,5.030555628730267
1,11,44,4.792026259654788
1,11,45,5.044383773405508
1,11,46,4.75182981348744
1,11,47,4.728672860005867
1,11,48,4.859085704651867
1,11,49,4.7578868124634495
1,11,50,5.277197003218272
1,11,51,4.735136299151575
1,11,52,5.092700654768887
1,11,53,4.744877596840274
1,11,54,4.83801764921008
1,11,55,4.9290557296664925
1,11,56,5.5412986282913925
1,11,57,4.832527004388551
1,11,58,5.046232708747817
1,11,59,5.020511851960229
1,11,60,4.877420852837941
1,11,61,5.085787594645992
1,11,62,4.853593212990075
1,11,63,4.871584248829744
1,11,64,4.769723989321265
1,11,65,4.65136963560563
1,11,66,5.092294115418381
1,11,67,4.883137325482754
1,11,68,4.819638108104178
1,11,69,4.6744799489467725
1,11,70,4.887405147600946
1,11,71,5.172793664716215
1,11,72,4.856713283206581
1,11,73,5.055102116296087
1,11,74,4.7223437052369945
1,11,75,4.919481246050347
1,11,76,4.8844421262434405
1,11,77,4.917702150087793
1,11,78,4.742928849912246
1,11,79,4.999351313926281
1,11,80,4.882087218987734
1,11,81,4.961614304856661
1,11,82,4.910277015359879
1,11,83,4.661020914569938
1,11,84,4.871328968256304
1,11,85,4.69259374195437
1,11,86,4.906958455675848
1,11,87,4.820121337478079
1,11,88,4.881113080602716
1,11,89,5.089308944850803
1,11,90,4.704487985371583
1,11,91,5.346404172469293
1,11,92,5.042502191193692
1,11,93,4.983548824312486
1,11,94,4.7825611901697105
1,11,95,5.084952028525464
1,11,96,4.920946378437704
1,11,97,4.953491852106511
1,11,98,4.764881028525474
1,11,99,5.107007745318913
1,11,100,4.769375102252796
1,12,1,5.057272990784092
1,12,2,4.946170570801665
1,12,3,5.03780941266824
1,12,4,4.850768218402592
1,12,5,4.986726764043309
1,12,6,4.937908193826824
1,12,7,4.829744073288499
1,12,8,5.004801031451157
1,12,9,4.902625266676434
1,12,10,4.8744773090989115
1,12,11,4.939094141603292
1,12,12,4.9186729961966265
1,12,13,4.721975642627295
1,12,14,4.8210284651843365
1,12,15,4.939055023844369
1,12,16,4.902557729520197
1,12,17,5.068006780427159
1,12,18,5.054876861907554
1,12,19,4.858333994148649
1,12,20,4.691648139409027
1,12,21,4.688137412814531
1,12,22,4.870795755266261
1,12,23,4.683972382533665
1,12,24,4.809045266091303
1,12,25,4.864420322557071
1,12,26,4.953845157548286
1,12,27,4.82142299502635
1,12,28,5.0288929312463555
1,12,29,4.949702425102417
1,12,30,5.016394013019323
1,12,31,4.745657749414884
1,12,32,5.020584585576372
1,12,33,4.968202283937998
1,12,34,5.230858852837928
1,12,35,4.87396541559393
1,12,36,4.903683145991825
1,12,37,4.717926638970176
1,12,38,5.044701902720905
1,12,39,5.136879634289066
1,12,40,5.396728242539508
1,12,41,5.160563925833818
1,12,42,5.117366776623772
1,12,43,4.964758126682292
1,12,44,4.920810261556484
1,12,45,5.143212167788185
1,12,46,4.809378973083704
1,12,47,4.790247038326527
1,12,48,4.805184216793468
1,12,49,4.667697101375091
1,12,50,4.992637121269769
1,12,51,4.825832431685216
1,12,52,5.075870156085443
1,12,53,4.782102469719153
1,12,54,4.795762623756597
1,12,55,4.876930622878898
1,12,56,5.1074701252194386
1,12,57,4.999184412375678
1,12,58,5.057931537741381
1,12,59,4.912738368782933
1,12,60,5.12690956026917
1,12,61,5.175300282328847
1,12,62,4.866268808952626
1,12,63,4.912659625219446
1,12,64,4.734995908279715
1,12,65,4.680585307343492
1,12,66,5.072413355617329
1,12,67,4.954492417349344
1,12,68,4.746950690901131
1,12,69,4.635497822703357
1,12,70,4.974083547249866
1,12,71,4.926910303978949
1,12,72,4.951119469719164
1,12,73,5.079109643797548
1,12,74,4.73299445099475
1,12,75,4.897690073142213
1,12,76,4.762089447922784
1,12,77,5.188307857665309
1,12,78,4.8276495851375225
1,12,79,5.016090072849626
1,12,80,4.8621780528086775
1,12,81,4.958530360737294
1,12,82,5.0534590441778935
1,12,83,4.685397895991824
1,12,84,5.040165519602114
1,12,85,4.687002095084857
1,12,86,4.952651504534829
1,12,87,4.798369081919269
1,12,88,4.8472594922469465
1,12,89,4.983295501462857
1,12,90,4.803413896723253
1,12,91,5.369789861322422
1,12,92,5.126922026331202
1,12,93,5.003373592890598
1,12,94,4.767479755266257
1,12,95,5.034980858250453
1,12,96,4.916476376243442
1,12,97,4.944158305295511
1,12,98,4.745957169836183
1,12,99,4.977318696606224
1,12,100,4.828245178466955
1,13,1,5.308354759508496
1,13,2,4.782965363516704
1,13,3,4.912582459040388
1,13,4,4.736541154183754
1,13,5,4.7171244055003045
1,13,6,4.886371112346424
1,13,7,4.893581595231148
1,13,8,4.958756630485679
1,13,9,4.753597452018738
1,13,10,4.888236075629046
1,13,11,4.941776312902303
1,13,12,4.83457254695731
1,13,13,4.79280329856644
1,13,14,4.992013446459927
1,13,15,5.166827430222361
1,13,16,4.872927617758936
1,13,17,4.861589858104171
1,13,18,5.093330930514927
1,13,19,4.765365070947947
1,13,20,4.6561297473669
1,13,21,4.826997020333549
1,13,22,5.034162024575798
1,13,23,4.714508009362219
1,13,24,4.883153138677608
1,13,25,4.9587375962551405
1,13,26,4.837602654622603
1,13,27,4.719182412229392
1,13,28,5.029981817875964
1,13,29,4.878173254827404
1,13,30,4.9683217611176405
1,13,31,4.711396720450572
1,13,32,4.857658106495048
1,13,33,4.864967198361633
1,13,34,5.076205257460519
1,13,35,4.858604399063795
1,13,36,4.823211169104768
1,13,37,4.735547231568191
1,13,38,5.058230536424822
1,13,39,4.993049021942667
1,13,40,5.46711144967817
1,13,41,5.16609485532476
1,13,42,5.258872779256891
1,13,43,4.939781694850812
1,13,44,4.754424813341151
1,13,45,4.876333605324766
1,13,46,4.744345573873631
1,13,47,4.841864770333545
1,13,48,5.029439488443546
1,13,49,4.751907389262743
1,13,50,5.182380162229386
1,13,51,4.846141678320675
1,13,52,5.00306276097135
1,13,53,4.973238492393225
1,13,54,4.7981257009947536
1,13,55,4.886038081626705
1,13,56,5.424038255705105
1,13,57,4.82138003774139
1,13,58,4.956248564511426
1,13,59,4.945726053540104
1,13,60,4.8298704438268265
1,13,61,5.067227804710363
1,13,62,4.728195467671174
1,13,63,4.858774382241097
1,13,64,4.768184966793466
1,13,65,4.563495263165607
1,13,66,4.928237386629629
1,13,67,4.813860853130504
1,13,68,4.990938733177317
1,13,69,4.707565669543613
1,13,70,4.8655910168227186
1,13,71,5.182343591281452
1,13,72,4.978746829432448
1,13,73,4.998340055295509
1,13,74,4.707709818607387
1,13,75,4.921286984932728
1,13,76,4.811527452896456
1,13,77,5.113775581480402
1,13,78,4.740628836600367
1,13,79,4.977938192802818
1,13,80,4.730173296811015
1,13,81,5.072605230836755
1,13,82,4.9324331628145295
1,13,83,4.751302511117631
1,13,84,5.001274074605048
1,13,85,4.694984500877728
1,13,86,5.126252212551204
1,13,87,4.899027497805751
1,13,88,4.760155526038643
1,13,89,5.074233616296087
1,13,90,4.700210605178486
1,13,91,5.136274994002343
1,13,92,4.969877375073161
1,13,93,5.130129719280296
1,13,94,4.855242856202482
1,13,95,5.03599653335285
1,13,96,4.805969880339405
1,13,97,4.870273276331207
1,13,98,4.7365599931246525
1,13,99,5.022413257899371
1,13,100,4.659981252047996
1,14,1,5.299061709479237
1,14,2,4.999925495757776
1,14,3,4.99158359493858
1,14,4,4.815183686073752
1,14,5,4.799048427296685
1,14,6,4.990074456846131
1,14,7,4.9903904296372295
1,14,8,5.109795408572277
1,14,9,4.78775485898188
1,14,10,4.919216277062635
1,14,11,4.885871315974272
1,14,12,4.964980366003528
1,14,13,4.781762017846721
1,14,14,4.9414381916325505
1,14,15,5.084502764043313
1,14,16,4.828495975277955
1,14,17,5.0177969043300275
1,14,18,5.015413673639565
1,14,19,4.810581309245202
1,14,20,4.741375699824479
1,14,21,4.830003790520796
1,14,22,4.949994233469891
1,14,23,4.618508072995927
1,14,24,4.907194034815699
1,14,25,4.936244391457012
1,14,26,4.851306343329445
1,14,27,4.809209223229978
1,14,28,5.012816929344661
1,14,29,5.049879444704517
1,14,30,5.064478573434768
1,14,31,4.809502751755434
1,14,32,4.937603580456427
1,14,33,4.935325414716226
1,14,34,5.122215842305456
1,14,35,4.933237470743137
1,14,36,4.874538597425416
1,14,37,4.763174045055614
1,14,38,4.846562277647768
1,14,39,4.993311252194278
1,14,40,5.464540021650083
1,14,41,5.136254975277947
1,14,42,4.777976108543026
1,14,43,5.0575878399649
1,14,44,4.74996308235812
1,14,45,4.897207392773565
1,14,46,4.68695975160915
1,14,47,4.830897183733202
1,14,48,4.887582196021086
1,14,49,4.673960568314823
1,14,50,5.289379497366896
1,14,51,4.720713768285566
1,14,52,5.0826486199532015
1,14,53,4.689837231421903
1,14,54,4.757284985079011
1,14,55,4.90337169997076
1,14,56,5.476930120977178
1,14,57,4.881659775014649
1,14,58,5.139342327530722
1,14,59,5.0497087040667195
1,14,60,4.834355572703353
1,14,61,5.169534902867168
1,14,62,4.8835249764482365
1,14,63,4.924419021650105
1,14,64,4.795314775453505
1,14,65,4.658034940608558
1,14,66,5.079963290228209
1,14,67,4.936863741954376
1,14,68,4.935606445143385
1,14,69,4.799930402282057
1,14,70,4.914628833674676
1,14,71,5.138280708747808
1,14,72,5.121414552662397
1,14,73,4.88145694294911
1,14,74,4.83692456904624
1,14,75,4.911852860591015
1,14,76,4.8971487750146485
1,14,77,4.9912426244880255
1,14,78,4.659533679490944
1,14,79,5.085919463867767
1,14,80,4.757869576067896
1,14,81,5.063388423932139
1,14,82,5.062837726887084
1,14,83,4.741283684318335
1,14,84,4.910331942071398
1,14,85,4.6859632268870826
1,14,86,5.030960739760103
1,14,87,4.810710264921029
1,14,88,4.903001203920442
1,14,89,5.107438924517267
1,14,90,4.712520839087201
1,14,91,5.304374241076663
1,14,92,5.025460165886498
1,14,93,4.936203380631972
1,14,94,4.92199427355181
1,14,95,5.12024247995905
1,14,96,4.786606624634307
1,14,97,5.154206296372152
1,14,98,4.756634089964908
1,14,99,5.172864543153901
1,14,100,4.638922579432434
1,15,1,5.385780360737273
1,15,2,4.996031130485691
1,15,3,4.901557964160346
1,15,4,4.650077454213011
1,15,5,4.725952134874214
1,15,6,4.952678928028109
1,15,7,5.042190336746648
1,15,8,5.016575133996501
1,15,9,4.839140220304289
1,15,10,4.9025205346694225
1,15,11,5.101959623902877
1,15,12,4.919433780866027
1,15,13,4.749449925980131
1,15,14,4.791403153013473
1,15,15,5.006918180953795
1,15,16,4.799057812024587
1,15,17,4.8386035845523825
1,15,18,5.103204210210659
1,15,19,4.864301232445902
1,15,20,4.850200790374507
1,15,21,4.6482926296079805
1,15,22,4.901722810122906
1,15,23,4.702994048420152
1,15,24,4.972175090403752
1,15,25,4.939932844207156
1,15,26,4.900356633996501
1,15,27,5.1144096796372205
1,15,28,5.007706375658293
1,15,29,5.035679022674095
1,15,30,4.9951522431246564
1,15,31,4.760625373025182
1,15,32,4.819560747952042
1,15,33,5.055486443973099
1,15,34,5.178293810561748
1,15,35,4.878558588794631
1,15,36,4.745123411790543
1,15,37,4.778131850497387
1,15,38,5.085033778525465
1,15,39,5.380281465915742
1,15,40,5.355222924078425
1,15,41,4.957019072995922
1,15,42,4.893727127706282
1,15,43,4.990956085283807
1,15,44,4.864871530134601
1,15,45,4.86273569294911
1,15,46,4.8654175029257125
1,15,47,4.648434322703355
1,15,48,4.878335646138113
1,15,49,4.845136333382114
1,15,50,5.00640484142776
1,15,51,4.698200186658887
1,15,52,5.193323507167949
1,15,53,4.863318075921607
1,15,54,4.8099987745757895
1,15,55,4.842020752486854
1,15,56,5.114361104008208
1,15,57,4.926598388238754
1,15,58,5.307182152428329
1,15,59,5.024824028525465
1,15,60,4.864478264921032
1,15,61,5.0936632248390845
1,15,62,4.782048706846129
1,15,63,4.916684851521376
1,15,64,4.755171704505582
1,15,65,4.742590595816281
1,15,66,4.9032969346109025
1,15,67,4.980653651111775
1,15,68,5.045658772088956
1,15,69,4.636168874488022
1,15,70,4.83832634172032
1,15,71,5.053575840842607
1,15,72,5.110809258338231
1,15,73,4.993415521357541
1,15,74,4.746885169836174
1,15,75,5.043457143066139
1,15,76,4.88255273888241
1,15,77,5.046564786717395
1,15,78,4.716672133411366
1,15,79,5.3790284537741435
1,15,80,5.01673085108252
1,15,81,5.125293672323013
1,15,82,5.075514007021665
1,15,83,4.744786527794047
1,15,84,4.8069386544763235
1,15,85,4.803833023405514
1,15,86,4.825179565242851
1,15,87,4.7599795972791314
1,15,88,4.758966088355785
1,15,89,5.104419909157406
1,15,90,4.623306315242855
1,15,91,5.219910499853718
1,15,92,4.925145986249289
1,15,93,5.142342941632542
1,15,94,4.718188567290836
1,15,95,5.062134555441786
1,15,96,4.868414488004703
1,15,97,4.935950644236413
1,15,98,4.6245379612346635
1,15,99,5.174627076360457
1,15,100,4.6990650509069765
2,1,1,4.911394997805752
2,1,2,4.964958464891772
2,1,3,5.0079346853423194
2,1,4,4.838724762726755
2,1,5,4.9074548161205565
2,1,6,5.059898694411948
2,1,7,4.999425362492697
2,1,8,4.815015251609161
2,1,9,5.067900894236406
2,1,10,5.1962572772089
2,1,11,4.824301789496806
2,1,12,4.964877086161515
2,1,13,5.234000148332369
2,1,14,4.7507416524283395
2,1,15,5.198875109274433
2,1,16,5.013323820216516
2,1,17,4.713993405354024
2,1,18,4.949487288033953
2,1,19,4.827555501170287
2,1,20,4.755256500585163
2,1,21,4.6611569897601175
2,1,22,4.767019005997681
2,1,23,4.987849483908735
2,1,24,5.051285246196614
2,1,25,4.830712090111194
2,1,26,5.037756600936227
2,1,27,4.914351172469305
2,1,28,4.843454552662407
2,1,29,4.887442868344078
2,1,30,4.946341481860745
2,1,31,4.971931998683467
2,1,32,4.924291522674094
2,1,33,5.121553065096561
2,1,34,5.188203058221192
2,1,35,4.943609737273278
2,1,36,4.866085031304879
2,1,37,4.890449024429509
2,1,38,5.076113574897605
2,1,39,5.017742136629625
2,1,40,4.749307379461692
2,1,41,4.766754518285557
2,1,42,4.77583013706848
2,1,43,4.947075861615002
2,1,44,4.80046864189587
2,1,45,4.960211979959066
2,1,46,4.686897397600965
2,1,47,4.885729502633137
2,1,48,4.798324274868366
2,1,49,4.871020544470469
2,1,50,4.992756977911076
2,1,51,5.05983266749562
2,1,52,5.205495646576959
2,1,53,4.876189162668247
2,1,54,4.7499447257168095
2,1,55,4.966024945289662
2,1,56,4.627327300029265
2,1,57,5.007559589672336
2,1,58,4.831186883703934
2,1,59,4.999465507314228
2,1,60,4.910974163107096
2,1,61,5.029390459186666
2,1,62,4.709654204213013
2,1,63,4.730720371854907
2,1,64,5.052105793446462
2,1,65,4.7920445254535
2,1,66,4.733523739906403
2,1,67,4.880267795201892
2,1,68,4.89695789423642
2,1,69,5.113796185342308
2,1,70,4.969919098303122
2,1,71,4.774822990491532
2,1,72,5.192880646576948
2,1,73,4.899688526038632
2,1,74,5.028902251609143
2,1,75,4.663492960942094
2,1,76,4.812411574897626
2,1,77,4.96934360137509
2,1,78,5.013607623317746
2,1,79,5.12856706685197
2,1,80,5.016195491369229
2,1,81,5.054165185927459
2,1,82,4.969612784376846
2,1,83,4.970230260093643
2,1,84,4.860909300029274
2,1,85,4.749656643651269
2,1,86,4.884911860444722
2,1,87,5.028315905792872
2,1,88,4.794106518285563
2,1,89,5.155499802954949
2,1,90,5.071518460503224
2,1,91,4.833572638385046
2,1,92,4.883813604885919
2,1,93,4.954275749414883
2,1,94,4.8559218496196825
2,1,95,5.118076330163852
2,1,96,4.699073638385039
2,1,97,4.745756589233492
2,1,98,4.89565790535403
2,1,99,4.819116613224134
2,1,100,4.728917010678782
2,2,1,5.0450745024868535
2,2,2,5.102430904915171
2,2,3,4.852643008777086
2,2,4,4.962626183148052
2,2,5,4.798522899356371
2,2,6,5.043550830163847
2,2,7,5.168206250146297
2,2,8,4.848970141895865
2,2,9,5.167720791691049
2,2,10,5.3061908876536075
2,2,11,4.894414534523135
2,2,12,5.118232708016398
2,2,13,5.313933779403165
2,2,14,5.0200488641018275
2,2,15,5.094137070509077
2,2,16,5.137965423785847
2,2,17,4.789705287156251
2,2,18,4.845620906670583
2,2,19,5.068531429783502
2,2,20,4.579786151111784
2,2,21,4.652252932416635
2,2,22,4.782427040374503
2,2,23,4.795773883118804
2,2,24,4.89163430471037
2,2,25,4.857034599912244
2,2,26,4.807543857811612
2,2,27,4.667426838648358
2,2,28,4.731665469719161
2,2,29,4.8798779926858
2,2,30,4.963234486541842
2,2,31,5.037135321533079
2,2,32,4.987247871416049
2,2,33,5.011741093036882
2,2,34,4.8594837355178635
2,2,35,4.740048442363975
2,2,36,5.29787648566414
2,2,37,5.108086511556479
2,2,38,5.027408450409601
2,2,39,4.886751427589257
2,2,40,5.139264924224698
2,2,41,5.052726531889996
2,2,42,4.79935053774139
2,2,43,5.202012611176138
2,2,44,4.968404469719152
2,2,45,5.0171452892042305
2,2,46,4.8556498038326765
2,2,47,4.984524622732607
2,2,48,4.823652230983048
2,2,49,4.794597717086036
2,2,50,4.77484380236983
2,2,51,5.01466352121125
2,2,52,5.050663152135767
2,2,53,4.965217546079594
2,2,54,4.830582424809843
2,2,55,5.297097985371577
2,2,56,4.9110726806612215
2,2,57,4.778216140579317
2,2,58,4.974719232592175
2,2,59,4.914594658133425
2,2,60,4.857973268139277
2,2,61,4.9089695936220235
2,2,62,4.748491553540102
2,2,63,4.745849820947947
2,2,64,5.2402462047981375
2,2,65,4.661132361029859
2,2,66,4.790307230983054
2,2,67,5.14337498902868
2,2,68,5.239721266091298
2,2,69,5.2357535911351745
2,2,70,5.187634735225287
2,2,71,4.763591032036295
2,2,72,5.021165746342902
2,2,73,4.791815628291413
2,2,74,4.904799563194873
2,2,75,4.658061789935658
2,2,76,4.7951402476594716
2,2,77,4.755174050029269
2,2,78,4.920266664277379
2,2,79,5.0361263395260485
2,2,80,5.322996435196029
2,2,81,4.826144145845545
2,2,82,4.972062293300193
2,2,83,5.066438246635471
2,2,84,4.817278147893522
2,2,85,5.011889641895848
2,2,86,4.760070419104759
2,2,87,5.066881093768295
2,2,88,5.038624517700422
2,2,89,4.809122815389135
2,2,90,5.229770673493278
2,2,91,4.959199403891191
2,2,92,4.885655950117053
2,2,93,5.0562532387361125
2,2,94,4.82952589365128
2,2,95,5.078723277647759
2,2,96,4.803489665593938
2,2,97,4.8528576391164675
2,2,98,4.838948456260994
2,2,99,4.839610666471643
2,2,100,4.729602516822728
2,3,1,4.885241198069073
2,3,2,5.18835968153892
2,3,3,4.834340163107097
2,3,4,4.952534873025173
2,3,5,4.9665145810415625
2,3,6,5.289805134874201
2,3,7,4.918603632533658
2,3,8,4.831959862785277
2,3,9,5.120816120538329
2,3,10,5.385240986395556
2,3,11,4.834841868344072
2,3,12,5.336633393358706
2,3,13,5.289106900672916
2,3,14,5.146346783791703
2,3,15,4.946650826506738
2,3,16,5.04514042817439
2,3,17,4.837784328115876
2,3,18,4.840088985664149
2,3,19,5.058055430368645
2,3,20,4.687156636775912
2,3,21,4.593030424956136
2,3,22,4.838020991954381
2,3,23,4.953293685781177
2,3,24,4.919935634142782
2,3,25,4.933981510971346
2,3,26,5.0707553150965605
2,3,27,5.030137841427748
2,3,28,4.927006002925713
2,3,29,5.1563426897308435
2,3,30,4.8633954846401535
2,3,31,5.102565461819787
2,3,32,4.865065233177318
2,3,33,4.962046561439462
2,3,34,4.825216612785279
2,3,35,4.9524221433587154
2,3,36,4.916123253218279
2,3,37,4.966512910620267
2,3,38,5.257141637507311
2,3,39,5.130607599473388
2,3,40,4.8109919758631
2,3,41,4.949182390579298
2,3,42,4.774643988736125
2,3,43,4.844336892627292
2,3,44,4.7333638279695975
2,3,45,5.017401565681704
2,3,46,4.798379919104767
2,3,47,4.927753190316001
2,3,48,4.864887359420732
2,3,49,4.881159876974859
2,3,50,4.983289930661225
2,3,51,4.804309413107104
2,3,52,5.192663716647173
2,3,53,5.1159216961673595
2,3,54,4.92739317188415
2,3,55,5.491012249414848
2,3,56,4.607990165301359
2,3,57,4.89967797235228
2,3,58,4.827534103715637
2,3,59,4.9761488178759645
2,3,60,4.768589684757187
2,3,61,5.225735227179645
2,3,62,5.0256642798420295
2,3,63,4.65779422249856
2,3,64,5.092003151989473
2,3,65,4.974934570509092
2,3,66,4.7132932638970395
2,3,67,5.082230800175553
2,3,68,4.881143043885335
2,3,69,5.41725268651259
2,3,70,4.873742518431857
2,3,71,5.029950671152731
2,3,72,5.1281132160620295
2,3,73,4.942274651111774
2,3,74,4.9968430522235385
2,3,75,4.733924893504995
2,3,76,5.0630825210649615
2,3,77,4.885212534230564
2,3,78,4.815072782328874
2,3,79,5.099505268139274
2,3,80,4.898370648039803
2,3,81,5.015685454359276
2,3,82,4.912903978788782
2,3,83,5.447448002194268
2,3,84,4.788744867612659
2,3,85,4.746005662814526
2,3,86,4.999269190315991
2,3,87,5.195146175980111
2,3,88,4.820631743856079
2,3,89,5.376121563487417
2,3,90,5.106957195289656
2,3,91,4.882265936805175
2,3,92,4.80207950789938
2,3,93,5.262178456114693
2,3,94,4.94085478730254
2,3,95,5.102985189877126
2,3,96,4.6881244407548515
2,3,97,5.1835991571094375
2,3,98,4.682081209040402
2,3,99,4.852359210503244
2,3,100,4.701220389994173
2,4,1,5.143488887946181
2,4,2,4.990713548273865
2,4,3,4.859863989613828
2,4,4,4.967793881509673
2,4,5,5.012962492539513
2,4,6,5.0436683162668325
2,4,7,5.117068415593923
2,4,8,4.736482171445318
2,4,9,5.0172401572557135
2,4,10,5.0233015552955
2,4,11,4.882898729520204
2,4,12,4.983804061585739
2,4,13,5.40840244587478
2,4,14,4.623516935781179
2,4,15,5.009016656524301
2,4,16,5.044355885166772
2,4,17,4.836234810122902
2,4,18,4.852792312024589
2,4,19,4.927877987565841
2,4,20,4.712595347132849
2,4,21,4.614282549444139
2,4,22,4.727435989467547
2,4,23,5.095048652574617
2,4,24,5.1992983662960865
2,4,25,4.775011344060875
2,4,26,5.181298969719135
2,4,27,4.884114586307802
2,4,28,4.961530209040403
2,4,29,4.907318545787027
2,4,30,4.9552858183148185
2,4,31,4.782796749707455
2,4,32,4.8971437858396865
2,4,33,5.06851190506145
2,4,34,5.189553738004692
2,4,35,4.9386950586600555
2,4,36,4.9316207497074505
2,4,37,4.908510076799317
2,4,38,5.36572697557051
2,4,39,5.048175039935646
2,4,40,4.719780076653032
2,4,41,5.0070857622878915
2,4,42,4.775812031597446
2,4,43,4.942029881363396
2,4,44,4.662046700263331
2,4,45,5.029715009215937
2,4,46,4.649008688414304
2,4,47,4.692361490052682
2,4,48,4.6848393832650865
2,4,49,4.9039190389116545
2,4,50,4.745525591720328
2,4,51,5.09836804022821
2,4,52,5.010108191193706
2,4,53,4.884929287741388
2,4,54,5.014746135313056
2,4,55,5.053524658279705
2,4,56,4.7999837008484665
2,4,57,4.824220534084284
2,4,58,4.802561926565257
2,4,59,5.014220025307198
2,4,60,5.0213517769163385
2,4,61,4.929676007460519
2,4,62,4.814300042422494
2,4,63,5.1409810646577
2,4,64,5.080248520187251
2,4,65,4.716279527647762
2,4,66,4.829184153891187
2,4,67,4.797721817290834
2,4,68,4.894889219572872
2,4,69,5.1608935112639
2,4,70,4.832726694850814
2,4,71,4.89833939145701
2,4,72,4.9935385450556025
2,4,73,4.807986073873629
2,4,74,4.9331898898478865
2,4,75,4.706383816998267
2,4,76,4.996181286863679
2,4,77,5.206596079724993
2,4,78,5.204468060122887
2,4,79,4.856565091720322
2,4,80,4.810677172323018
2,4,81,4.632466321386793
2,4,82,4.8901021846109
2,4,83,4.88213085912816
2,4,84,4.8106220030719955
2,4,85,4.764286326653026
2,4,86,5.015119345962569
2,4,87,4.978624701141036
2,4,88,5.129415122147472
2,4,89,5.436658994148617
2,4,90,5.0307233029549625
2,4,91,4.836892574019922
2,4,92,4.69829043899944
2,4,93,4.899027922030447
2,4,94,4.815447089964918
2,4,95,5.085210758191936
2,4,96,4.62975587126977
2,4,97,4.761591165886501
2,4,98,5.039905515945006
2,4,99,4.84189608660037
2,4,100,4.68611153803396
2,5,1,5.14758382679931
2,5,2,5.06541462141605
2,5,3,4.861546128730275
2,5,4,4.900280039496796
2,5,5,4.906116217817454
2,5,6,5.131668888970165
2,5,7,5.430923750146288
2,5,8,4.722570782475157
2,5,9,5.018480023405506
2,5,10,5.418362473229961
2,5,11,4.89617508001757
2,5,12,5.116747011995334
2,5,13,5.164299303101244
2,5,14,5.00234504681102
2,5,15,5.036140431246351
2,5,16,5.196720261410187
2,5,17,4.906171156085452
2,5,18,4.980467293153904
2,5,19,5.025640370099478
2,5,20,4.781509588502074
2,5,21,4.615635833674682
2,5,22,4.752633880485678
2,5,23,5.014246127852558
2,5,24,4.896116649502646
2,5,25,4.860030357665321
2,5,26,5.169418438560569
2,5,27,4.927792761117633
2,5,28,4.91646448098306
2,5,29,4.958843410181407
2,5,30,5.016423821094212
2,5,31,5.031316585283805
2,5,32,4.829141087185506
2,5,33,5.081439279256895
2,5,34,5.218882579432429
2,5,35,4.8283852119660855
2,5,36,4.75329876301933
2,5,37,4.985934022820376
2,5,38,5.085448202018729
2,5,39,5.514527547249856
2,5,40,4.732081291837354
2,5,41,4.827056371562328
2,5,42,5.063347572410776
2,5,43,5.086716019163269
2,5,44,4.8923415750439
2,5,45,4.943741087185512
2,5,46,4.7375183041252455
2,5,47,4.872579356495046
2,5,48,4.788698813341152
2,5,49,4.828434316559408
2,5,50,5.110354568899961
2,5,51,4.993867477325939
2,5,52,5.119040173200716
2,5,53,4.94354080222354
2,5,54,4.974500221474561
2,5,55,5.0416718642481095
2,5,56,4.600230323581054
2,5,57,5.050980868197791
2,5,58,5.010295075043894
2,5,59,4.856207779695737
2,5,60,4.965928642334713
2,5,61,5.205178318753662
2,5,62,4.62601356553542
2,5,63,4.941436825336475
2,5,64,4.930117841281468
2,5,65,4.922438616296095
2,5,66,4.7075369514336085
2,5,67,5.048559334259812
2,5,68,4.850085583235833
2,5,69,5.267321035108259
2,5,70,5.1034796557928805
2,5,71,4.8162023241661975
2,5,72,5.343672270040962
2,5,73,4.8561504871269845
2,5,74,5.0528612690169865
2,5,75,4.793861375073165
2,5,76,4.688116916910496
2,5,77,5.249121863077829
2,5,78,4.910199643797562
2,5,79,4.96761234055005
2,5,80,5.029711140725576
2,5,81,4.9439294839087315
2,5,82,5.085579218987723
2,5,83,4.996433104008205
2,5,84,4.956483178905801
2,5,85,4.879434442510255
2,5,86,5.10094565710943
2,5,87,4.902584492393229
2,5,88,4.787833836015231
2,5,89,5.032260834406093
2,5,90,5.17069435722646
2,5,91,4.916486807197219
2,5,92,4.881554188853159
2,5,93,4.960157979227634
2,5,94,4.744302489613827
2,5,95,5.109311527062616
2,5,96,4.934353516383873
2,5,97,4.649440807343497
2,5,98,4.980810239613832
2,5,99,4.781089039496804
2,5,100,4.706173962404943
2,6,1,4.976688039643086
2,6,2,5.112726698069061
2,6,3,4.935535122001189
2,6,4,4.861914786717395
2,6,5,5.0847283623464055
2,6,6,5.1588745067290835
2,6,7,5.154894583382101
2,6,8,4.7961766354593625
2,6,9,5.1856300137507265
2,6,10,5.486904282767696
2,6,11,4.84614836702752
2,6,12,5.080701095962561
2,6,13,5.259725005119965
2,6,14,4.8172674942949385
2,6,15,5.1454770345231164
2,6,16,5.082248678320665
2,6,17,4.914673348449404
2,6,18,4.895203150526644
2,6,19,5.005497888092459
2,6,20,4.716793153744903
2,6,21,4.571840047835011
2,6,22,4.7773832219134205
2,6,23,4.894641394967839
2,6,24,4.964145331334127
2,6,25,4.841647586746651
2,6,26,5.172084953042724
2,6,27,4.829555081187853
2,6,28,4.9702652856934115
2,6,29,4.868568689584567
2,6,30,5.106309637799884
2,6,31,5.022842813633727
2,6,32,4.93756632328849
2,6,33,4.930306287448829
2,6,34,5.071638186951446
2,6,35,4.88491088619077
2,6,36,4.94929443797544
2,6,37,5.004612495611483
2,6,38,5.09603753028087
2,6,39,5.091238523844364
2,6,40,4.829855067583405
2,6,41,4.792936913399666
2,6,42,4.730099500877724
2,6,43,4.886682022381533
2,6,44,4.867716360883574
2,6,45,4.94490695465187
2,6,46,4.806601643505007
2,6,47,4.806531806026943
2,6,48,4.777062779695745
2,6,49,4.802214901258067
2,6,50,4.9141596269748655
2,6,51,5.0870615495904135
2,6,52,5.22154432767702
2,6,53,5.034075346108848
2,6,54,4.907580251024005
2,6,55,5.311531818168534
2,6,56,4.53317159684027
2,6,57,4.950376374926882
2,6,58,4.7430952539496944
2,6,59,4.936999339087198
2,6,60,4.913644701579888
2,6,61,5.125860341866596
2,6,62,4.721312635605641
2,6,63,4.812928066705702
2,6,64,5.0662443807782385
2,6,65,4.833699734640159
2,6,66,4.783631252486856
2,6,67,5.089243545348157
2,6,68,5.0229618971621095
2,6,69,5.282796507899365
2,6,70,4.9523341781743975
2,6,71,4.795932703481587
2,6,72,5.28751731992394
2,6,73,4.806798778379185
2,6,74,4.946187058660059
2,6,75,4.65257188428908
2,6,76,4.852202462697503
2,6,77,4.948549168958469
2,6,78,5.044058418519616
2,6,79,4.828723860152155
2,6,80,4.743073825629045
2,6,81,4.987150030280884
2,6,82,4.8927060544178085
2,6,83,5.236522076653024
2,6,84,4.917743016676435
2,6,85,4.701177307782342
2,6,86,4.966243305149224
2,6,87,5.203616407401992
2,6,88,4.847292970450575
2,6,89,5.05379769265653
2,6,90,5.071260227911069
2,6,91,4.877003235664159
2,6,92,4.93549853891167
2,6,93,4.960082621562333
2,6,94,4.830478061439462
2,6,95,5.196696206260985
2,6,96,4.7994547072849905
2,6,97,4.686421905792881
2,6,98,4.903980307782347
2,6,99,4.668786906231734
2,6,100,4.713463865710968
2,7,1,5.0040188406963315
2,7,2,4.9233820971328495
2,7,3,4.841508050614409
2,7,4,4.789301197191362
2,7,5,5.003384921884158
2,7,6,5.106001596255127
2,7,7,5.241500529110605
2,7,8,4.815431272966668
2,7,9,5.039679951726162
2,7,10,5.264607263311893
2,7,11,4.891850557489778
2,7,12,4.9103603270918885
2,7,13,5.255970855324763
2,7,14,4.817881047103594
2,7,15,5.020577850204807
2,7,16,5.107617306026929
2,7,17,4.855659916617924
2,7,18,4.852241933879477
2,7,19,4.928018378291413
2,7,20,4.667210918080771
2,7,21,4.572774833674684
2,7,22,4.742869166325349
2,7,23,5.0298771492100744
2,7,24,4.893033942802823
2,7,25,4.73254660430078
2,7,26,5.074737445728508
2,7,27,4.839018577384461
2,7,28,4.800960600058542
2,7,29,4.7900192230836875
2,7,30,4.890366235079008
2,7,31,5.0236216135166885
2,7,32,4.7205277451726335
2,7,33,4.973879106641334
2,7,34,5.116771833674675
2,7,35,4.780717777355201
2,7,36,4.968731591135183
2,7,37,4.84393785810417
2,7,38,5.062197748683447
2,7,39,5.081831813780003
2,7,40,4.968403807636062
2,7,41,4.945058170567592
2,7,42,4.785721025307222
2,7,43,4.890414215184343
2,7,44,4.90860598156819
2,7,45,4.830166713867786
2,7,46,4.775308985810441
2,7,47,4.979127933001772
2,7,48,4.814772648039807
2,7,49,4.882026642188429
2,7,50,4.892280813048593
2,7,51,4.842427236395571
2,7,52,4.965487183586914
2,7,53,4.928931095670003
2,7,54,4.8377144697191445
2,7,55,5.200111354593337
2,7,56,4.495889417349342
2,7,57,4.9021929610883825
2,7,58,4.8251115197484085
2,7,59,4.885147719719145
2,7,60,4.937082833528397
2,7,61,4.955540161205407
2,7,62,5.012079304710376
2,7,63,4.856839248244608
2,7,64,5.01917531363372
2,7,65,4.77367727837919
2,7,66,4.812313972205991
2,7,67,4.790250800760697
2,7,68,4.91164810108253
2,7,69,5.298499490784093
2,7,70,5.161591853423063
2,7,71,4.960631918227044
2,7,72,5.128172994880061
2,7,73,4.791042718987729
2,7,74,4.918587779695751
2,7,75,4.7452681122001374
2,7,76,4.8505597516091505
2,7,77,4.702770174956135
2,7,78,4.877975924517279
2,7,79,5.049248268431846
2,7,80,4.942931046518444
2,7,81,4.946031051930961
2,7,82,4.941471544616753
2,7,83,4.940114245172637
2,7,84,4.814326450409616
2,7,85,4.893509959479243
2,7,86,5.194895974546528
2,7,87,5.129617417056768
2,7,88,4.962673352837935
2,7,89,5.069605105763611
2,7,90,5.269308277647752
2,7,91,4.800385325190198
2,7,92,4.8544491623756825
2,7,93,4.831539602106508
2,7,94,4.805264135313075
2,7,95,5.0269932672615765
2,7,96,4.7353695554418005
2,7,97,4.743341498244609
2,7,98,5.1162471085430195
2,7,99,4.930149053978957
2,7,100,4.782047645406696
2,8,1,4.938724600936248
2,8,2,4.918508322703357
2,8,3,4.683573872440045
2,8,4,4.724021475424245
2,8,5,5.1345865466647265
2,8,6,5.069851334406094
2,8,7,5.021337239174968
2,8,8,4.7947199452896685
2,8,9,5.066668540520771
2,8,10,5.283641736249288
2,8,11,4.912728324751333
2,8,12,5.058685590988894
2,8,13,5.329812339818621
2,8,14,4.821554102691659
2,8,15,5.1366769394382725
2,8,16,4.965694726887085
2,8,17,4.866911269894699
2,8,18,4.821495507314236
2,8,19,4.954549399063793
2,8,20,4.772562371562342
2,8,21,4.526787861615
2,8,22,4.649467724400252
2,8,23,4.827787365272109
2,8,24,5.044001133265075
2,8,25,4.77535604681102
2,8,26,4.9432195539789525
2,8,27,4.88683038662963
2,8,28,4.808868821386806
2,8,29,4.875425140140451
2,8,30,4.883288859420727
2,8,31,4.977327405792887
2,8,32,4.995522871708616
2,8,33,4.876308454359299
2,8,34,5.148047159742548
2,8,35,4.779937889847884
2,8,36,4.865369298566427
2,8,37,5.0689687448800544
2,8,38,5.045470654476308
2,8,39,5.131866052223538
2,8,40,4.820009722352273
2,8,41,4.899935399063789
2,8,42,4.915449393358708
2,8,43,4.844901168227056
2,8,44,4.857664355909905
2,8,45,4.885957574751334
2,8,46,4.804611864540698
2,8,47,4.730548486834429
2,8,48,4.739392549590422
2,8,49,4.78499692583384
2,8,50,5.018320678613238
2,8,51,5.222331740491523
2,8,52,5.034000036571113
2,8,53,5.192493179929787
2,8,54,4.989289231275611
2,8,55,5.1060145200409774
2,8,56,4.5715784464599345
2,8,57,4.800050092159184
2,8,58,4.875429442802826
2,8,59,4.724261619660625
2,8,60,4.931293308806335
2,8,61,4.998451377267425
2,8,62,5.112869058221199
2,8,63,4.6445677880339575
2,8,64,5.066232628730262
2,8,65,4.624395485079015
2,8,66,4.757162348010554
2,8,67,5.014748283352846
2,8,68,4.673411979227637
2,8,69,4.998552036571102
2,8,70,5.016896672030446
2,8,71,4.7330698235810535
2,8,72,5.198459088209493
2,8,73,4.816620231714464
2,8,74,4.983589892188437
2,8,75,4.731469106202483
2,8,76,4.896468199824476
2,8,77,4.8584289262726905
2,8,78,4.938862212112363
2,8,79,4.915703230836767
2,8,80,4.818148776770057
2,8,81,4.664963540228221
2,8,82,4.905430262873045
2,8,83,5.183778021064957
2,8,84,4.959638417349338
2,8,85,4.802475677589252
2,8,86,4.992496986395568
2,8,87,5.0949447892042246
2,8,88,4.806478601667666
2,8,89,5.120533297542432
2,8,90,5.0170212080163985
2,8,91,4.878966843475751
2,8,92,4.842097699093063
2,8,93,4.743114056904644
2,8,94,4.791755424371
2,8,95,5.112706596840269
2,8,96,4.849909909303706
2,8,97,4.709687789496802
2,8,98,4.967005259069647
2,8,99,4.852065924078428
2,8,100,4.685237275746075
2,9,1,5.087759038472805
2,9,2,5.092190234055015
2,9,3,5.007334505705104
2,9,4,5.047163579724996
2,9,5,4.864594934610898
2,9,6,5.1999097617027585
2,9,7,5.073804306465778
2,9,8,4.935332480544208
2,9,9,4.848534274136938
2,9,10,5.473943843036856
2,9,11,4.828199877267431
2,9,12,4.775114106056197
2,9,13,5.17281808572265
2,9,14,4.845287228788791
2,9,15,5.090461587770634
2,9,16,5.142038345084853
2,9,17,4.857482735079012
2,9,18,5.042711166179055
2,9,19,4.7841046180515105
2,9,20,4.608649433586921
2,9,21,4.566429003803416
2,9,22,4.740896142919857
2,9,23,4.8845881986542015
2,9,24,4.809159827238168
2,9,25,4.891098090696328
2,9,26,5.173637145406688
2,9,27,4.979567879169128
2,9,28,4.966526102545371
2,9,29,5.1612367453189005
2,9,30,4.848378685196041
2,9,31,5.035420280573452
2,9,32,5.058323723083681
2,9,33,4.929573214599207
2,9,34,5.336414529256883
2,9,35,4.952876869221784
2,9,36,5.007584024575785
2,9,37,4.820816549005293
2,9,38,5.238578845084848
2,9,39,4.998942175248702
2,9,40,4.943346132826231
2,9,41,4.699347293885328
2,9,42,4.674997584991236
2,9,43,4.857908321094229
2,9,44,4.917207853861925
2,9,45,4.912229457431266
2,9,46,4.8039590585137795
2,9,47,4.790614230983055
2,9,48,4.730594671152734
2,9,49,4.809925431685217
2,9,50,5.004752960503243
2,9,51,4.833248366588666
2,9,52,5.080169539204225
2,9,53,4.794674011263914
2,9,54,5.0925314808367546
2,9,55,5.334672860152147
2,9,56,4.684745631655953
2,9,57,5.001780334698665
2,9,58,4.742220586454083
2,9,59,4.895235897454664
2,9,60,4.880192742100661
2,9,61,4.867191306904638
2,9,62,4.905350447922789
2,9,63,4.627545459186686
2,9,64,4.980985026184911
2,9,65,4.818753093329449
2,9,66,4.780909110444727
2,9,67,4.8596366059099045
2,9,68,5.189473629461688
2,9,69,5.203447713428912
2,9,70,4.851330731421905
2,9,71,4.9166715725570675
2,9,72,5.104634598156821
2,9,73,4.837758591720318
2,9,74,4.958938608543028
2,9,75,5.022682465915759
2,9,76,4.803580608689317
2,9,77,4.823267197045072
2,9,78,4.7791270721182215
2,9,79,5.111009357372747
2,9,80,4.914156611614993
2,9,81,4.874021023405516
2,9,82,4.963991302223542
2,9,83,5.105795299151561
2,9,84,5.006740275453493
2,9,85,4.52890651477474
2,9,86,4.897054325043904
2,9,87,4.904245058367485
2,9,88,4.795681434172051
2,9,89,5.109805414569928
2,9,90,5.055972044470456
2,9,91,4.817285484932737
2,9,92,4.773123976448237
2,9,93,4.792044126389726
2,9,94,5.084356094060867
2,9,95,5.109012314218849
2,9,96,4.8931425675834035
2,9,97,4.833965046811027
2,9,98,4.7254787378584195
2,9,99,4.67489329520189
2,9,100,4.695381984347594
2,10,1,5.057603708455247
2,10,2,4.972753480836768
2,10,3,4.745805368051509
2,10,4,4.902617378876551
2,10,5,4.864660950702184
2,10,6,5.035048264921018
2,10,7,5.339467619514346
2,10,8,4.878067082650696
2,10,9,5.080690381948514
2,10,10,5.335917496196617
2,10,11,4.928945937244021
2,10,12,5.078992230544183
2,10,13,5.290691038033953
2,10,14,4.853561826799324
2,10,15,5.225773492393211
2,10,16,5.122098572995916
2,10,17,4.809340419397329
2,10,18,5.058535206699833
2,10,19,4.921093627998839
2,10,20,4.821578101667668
2,10,21,4.550380191925123
2,10,22,4.688416222205985
2,10,23,5.092501151111772
2,10,24,5.188975305441785
2,10,25,4.842194606495039
2,10,26,4.937704985517862
2,10,27,5.013529334113537
2,10,28,4.754011733469894
2,10,29,4.985040814803997
2,10,30,4.870469886483335
2,10,31,4.982161049297857
2,10,32,4.753383104739632
2,10,33,5.101142625219441
2,10,34,4.8126321796372356
2,10,35,4.866522371416051
2,10,36,4.876717980983049
2,10,37,4.965569034669416
2,10,38,5.164631765944999
2,10,39,5.00087902442951
2,10,40,4.825103801930973
2,10,41,5.1440285909888805
2,10,42,4.747041336746656
2,10,43,4.818364849473399
2,10,44,4.82911600994736
2,10,45,4.861152403159768
2,10,46,4.758784479520217
2,10,47,4.763486449678197
2,10,48,4.70152209025748
2,10,49,4.749622082358126
2,10,50,5.098738889994162
2,10,51,5.084500683586897
2,10,52,5.072195626097154
2,10,53,4.973647695435941
2,10,54,4.9127288257753206
2,10,55,5.252818762287898
2,10,56,4.601258052516104
2,10,57,4.909753929783523
2,10,58,4.867775949531907
2,10,59,5.107867092012876
2,10,60,4.907034781158589
2,10,61,5.1681179822995915
2,10,62,5.061918105471057
2,10,63,4.812927476594525
2,10,64,4.876749313487439
2,10,65,4.960813243417221
2,10,66,4.832836760532497
2,10,67,4.944110834113537
2,10,68,4.884332038619106
2,10,69,5.247997706846117
2,10,70,5.032018519894698
2,10,71,4.782160718695159
2,10,72,5.223085308513759
2,10,73,4.790159643943846
2,10,74,5.1213506707138725
2,10,75,4.7692658595670245
2,10,76,4.73147950160915
2,10,77,5.020576943241674
2,10,78,4.959258096401426
2,10,79,4.92003881612056
2,10,80,4.996061516968994
2,10,81,4.765346045787028
2,10,82,4.965254336746654
2,10,83,4.988059777940334
2,10,84,4.745198373464029
2,10,85,4.765433485517859
2,10,86,5.0367262480983195
2,10,87,4.986473675394987
2,10,88,4.879654797688725
2,10,89,5.0372994078408535
2,10,90,5.096464755119965
2,10,91,4.972037342744323
2,10,92,4.78262634742542
2,10,93,5.072277638823878
2,10,94,4.817707308952626
2,10,95,5.210726942217686
2,10,96,4.731600245757773
2,10,97,4.731395736103006
2,10,98,4.883444314950288
2,10,99,4.8524853971621065
2,10,100,4.6930865421299215
2,11,1,4.914004594207169
2,11,2,4.972398793885334
2,11,3,5.029403634142785
2,11,4,4.7451584214453115
2,11,5,4.721992028086617
2,11,6,5.020015842159167
2,11,7,5.249882028525463
2,11,8,4.869193211673515
2,11,9,4.933794832796981
2,11,10,5.317122137946178
2,11,11,4.983235768431848
2,11,12,4.8628548888238905
2,11,13,5.281170569777659
2,11,14,4.655829463428928
2,11,15,5.076908154622597
2,11,16,5.198572442510245
2,11,17,4.763233200117048
2,11,18,4.901845524575793
2,11,19,5.035562055441784
2,11,20,4.817767546225889
2,11,21,4.78036361278528
2,11,22,4.93163015740201
2,11,23,5.097128410327687
2,11,24,5.053113344499723
2,11,25,4.710321092890603
2,11,26,5.067855974546529
2,11,27,4.798778097425425
2,11,28,4.887816413253393
2,11,29,4.780429011702767
2,11,30,4.837929050906978
2,11,31,4.959770398624951
2,11,32,4.908366070509088
2,11,33,5.089857800468128
2,11,34,5.125347805880644
2,11,35,4.86865811863665
2,11,36,4.962565014482166
2,11,37,4.849649416617927
2,11,38,5.127988138531307
2,11,39,5.07296102881804
2,11,40,4.782298831772985
2,11,41,5.202988257021648
2,11,42,4.805990941925122
2,11,43,5.09049216339966
2,11,44,4.847689832650689
2,11,45,4.848167633850233
2,11,46,4.819281194119396
2,11,47,4.738844616149815
2,11,48,4.754932759215936
2,11,49,4.8482198648332515
2,11,50,5.036305119660633
2,11,51,4.892775175102417
2,11,52,4.902492738882411
2,11,53,5.046408127706274
2,11,54,4.826045026184919
2,11,55,5.356027579432422
2,11,56,4.807060941193699
2,11,57,4.91482679169107
2,11,58,4.891973734055023
2,11,59,4.952868834113527
2,11,60,4.978787142334716
2,11,61,5.008614861614991
2,11,62,5.027996169397326
2,11,63,4.706139456407278
2,11,64,5.060016321094217
2,11,65,4.845339574166203
2,11,66,4.834547348010554
2,11,67,5.153670436805156
2,11,68,4.903774323142212
2,11,69,5.280589173200716
2,11,70,4.966612281304887
2,11,71,4.883679667934476
2,11,72,4.9670981203920554
2,11,73,4.875909504095972
2,11,74,5.257347176272688
2,11,75,4.662959771357547
2,11,76,4.937638836892942
2,11,77,5.0828218142188515
2,11,78,5.07522352574606
2,11,79,4.942572257021673
2,11,80,4.8931089021357685
2,11,81,4.680108950117044
2,11,82,4.946258632094816
2,11,83,5.219821874926869
2,11,84,4.890129053978955
2,11,85,4.921298496050333
2,11,86,5.176072925980112
2,11,87,5.0719790623171574
2,11,88,5.058271656085441
2,11,89,4.958575345962575
2,11,90,5.096617737273272
2,11,91,4.915709163253397
2,11,92,4.7587643003218485
2,11,93,4.8965935832358305
2,11,94,4.783851977911082
2,11,95,4.92806368987714
2,11,96,4.755838029695759
2,11,97,4.75999770962554
2,11,98,4.882111221182001
2,11,99,4.862196095816289
2,11,100,4.6927367508777325
2,12,1,5.004816357811603
2,12,2,5.148891238736109
2,12,3,4.838010761556483
2,12,4,4.955187194411951
2,12,5,5.052258942363959
2,12,6,4.997851262726757
2,12,7,5.078083053393805
2,12,8,4.927774158572286
2,12,9,4.996220099473391
2,12,10,5.194264853423059
2,12,11,4.786833854885923
2,12,12,4.789931892481008
2,12,13,5.280843105324758
2,12,14,4.828518666910499
2,12,15,5.262491022088948
2,12,16,4.895182221620849
2,12,17,4.669908389847885
2,12,18,5.192780029695733
2,12,19,5.196838911936814
2,12,20,4.735117345231161
2,12,21,4.692645316120558
2,12,22,4.67596940038036
2,12,23,5.080078369368068
2,12,24,4.9465520716793625
2,12,25,4.720971391749581
2,12,26,5.065111122586316
2,12,27,4.705527066705704
2,12,28,4.664836273844379
2,12,29,4.766554088063216
2,12,30,4.852742369368066
2,12,31,5.119556127559986
2,12,32,5.063456153452326
2,12,33,5.040418112346413
2,12,34,5.307991432709202
2,12,35,4.902230300321845
2,12,36,5.177012956846115
2,12,37,4.999435477618503
2,12,38,5.184400894821529
2,12,39,5.125019409157416
2,12,40,4.7842910016091444
2,12,41,4.759271210064381
2,12,42,4.838454833089542
2,12,43,5.083091738589838
2,12,44,4.98402865140435
2,12,45,5.066450764921027
2,12,46,4.710730553247544
2,12,47,4.759089915593938
2,12,48,4.842310258923363
2,12,49,4.966047595084859
2,12,50,4.948295405207747
2,12,51,4.980707267700431
2,12,52,5.067810271211256
2,12,53,4.927463047981286
2,12,54,4.988927505705099
2,12,55,5.355367003218267
2,12,56,4.7364969473376375
2,12,57,4.88614473961383
2,12,58,4.862599637799899
2,12,59,4.834168624195444
2,12,60,4.971068449239338
2,12,61,4.831740646869534
2,12,62,4.951967749414889
2,12,63,4.739821339964911
2,12,64,4.96807400555882
2,12,65,4.743899444997094
2,12,66,4.950452267115299
2,12,67,4.880453211673518
2,12,68,4.7920772191340175
2,12,69,5.229782314511412
2,12,70,5.128523945143373
2,12,71,5.0695651075190185
2,12,72,5.0850534468987805
2,12,73,4.9399870280866125
2,12,74,4.756663713282646
2,12,75,4.66151459640143
2,12,76,4.815421538472808
2,12,77,5.005662156816866
2,12,78,5.096281170128742
2,12,79,5.333183254827399
2,12,80,4.885239823434769
2,12,81,4.769613734201304
2,12,82,5.049483356933888
2,12,83,5.054891032328864
2,12,84,4.807981891895867
2,12,85,4.791242287009968
2,12,86,5.154024874341733
2,12,87,5.0706647105032285
2,12,88,4.841938522235247
2,12,89,4.875670619075501
2,12,90,5.025468593475735
2,12,91,4.748846647015828
2,12,92,4.719494092451752
2,12,93,4.880586876682287
2,12,94,4.801453390725599
2,12,95,4.8864030381802435
2,12,96,4.665628280866023
2,12,97,4.7558881255120165
2,12,98,4.975324263165615
2,12,99,4.875918621123485
2,12,100,4.659785621562339
2,13,1,4.858527303101252
2,13,2,4.9857175428613445
2,13,3,4.960872068314818
2,13,4,4.841055729520207
2,13,5,5.0372465020479895
2,13,6,5.109769459771801
2,13,7,5.063248655207737
2,13,8,4.734854213428932
2,13,9,5.122715157401998
2,13,10,5.354024827969586
2,13,11,4.7982372792569
2,13,12,5.065293205090707
2,13,13,5.255536216354601
2,13,14,4.785417897893531
2,13,15,5.201778917056758
2,13,16,5.124048790228212
2,13,17,4.82363606260973
2,13,18,4.846062683148056
2,13,19,4.995119908718556
2,13,20,4.720149727472229
2,13,21,4.538262875219447
2,13,22,4.7268741386776085
2,13,23,4.991871939145716
2,13,24,5.041315650526628
2,13,25,4.959399097717982
2,13,26,4.96100812361032
2,13,27,4.973582453774156
2,13,28,4.658825782475158
2,13,29,4.928575751901712
2,13,30,4.98782237361031
2,13,31,5.028830478203645
2,13,32,4.8461529717671326
2,13,33,5.037841904330039
2,13,34,5.075196352252795
2,13,35,4.876206566559409
2,13,36,4.9530213930661375
2,13,37,4.981825623464029
2,13,38,5.075456438999425
2,13,39,5.138903917934479
2,13,40,4.830834181392645
2,13,41,4.927303996928039
2,13,42,4.896615084991243
2,13,43,4.793301791544787
2,13,44,4.766963646576964
2,13,45,4.861727786571121
2,13,46,4.710186114686976
2,13,47,4.862450977179657
2,13,48,4.81609520494443
2,13,49,4.790531789350515
2,13,50,4.9390921246343105
2,13,51,5.043481224692811
2,13,52,5.222895936951443
2,13,53,4.900001299590423
2,13,54,4.862522811732024
2,13,55,5.278345152720895
2,13,56,4.522790287156245
2,13,57,5.032953009215927
2,13,58,4.7759427470743345
2,13,59,4.723736861468702
2,13,60,4.825824590257481
2,13,61,5.04630842554126
2,13,62,5.066989259362213
2,13,63,4.721178164423663
2,13,64,4.984815857226466
2,13,65,4.776273937390307
2,13,66,4.776379613955544
2,13,67,5.019329395991819
2,13,68,5.03973405588065
2,13,69,5.2068052750146325
2,13,70,4.929997390725592
2,13,71,4.798372122878892
2,13,72,5.156742972498538
2,13,73,4.841995411351677
2,13,74,5.173336508777068
2,13,75,4.662143121416054
2,13,76,4.845185353276789
2,13,77,4.9584160614394595
2,13,78,4.897874477325942
2,13,79,5.000174792568774
2,13,80,5.029814501755413
2,13,81,4.970557897015813
2,13,82,4.864029704798143
2,13,83,5.252710583089537
2,13,84,4.716658606056189
2,13,85,4.672602718256302
2,13,86,4.903369915008803
2,13,87,5.008055307343488
2,13,88,4.814922282182584
2,13,89,5.1831136449678175
2,13,90,5.143223169836168
2,13,91,4.793981540228228
2,13,92,4.720829323288499
2,13,93,4.891441633557652
2,13,94,4.767701578701012
2,13,95,5.035067808806332
2,13,96,4.942806295201897
2,13,97,4.761391052369836
2,13,98,4.814716603715645
2,13,99,4.8316170024868565
2,13,100,4.779629216354622
2,14,1,5.021022953920436
2,14,2,5.081419027647758
2,14,3,4.93523719368053
2,14,4,4.767040376536005
2,14,5,4.825768290081938
2,14,6,5.00551557533647
2,14,7,5.448537915593916
2,14,8,4.840532930514945
2,14,9,4.994590538326516
2,14,10,5.2133727524868405
2,14,11,4.971932170713882
2,14,12,4.9647900741662
2,14,13,5.2903361218548985
2,14,14,4.849290721767141
2,14,15,5.072842244587483
2,14,16,5.291745281451147
2,14,17,4.774827764189598
2,14,18,4.996286136044481
2,14,19,5.14286584347572
2,14,20,4.674659407548297
2,14,21,4.632256747805753
2,14,22,4.573064919104755
2,14,23,5.0520974613809315
2,14,24,4.8411822154769
2,14,25,4.776019285254555
2,14,26,5.0671178858981945
2,14,27,4.937778619953209
2,14,28,4.852942470596866
2,14,29,4.855970769309554
2,14,30,4.9403371729081496
2,14,31,4.878091314950287
2,14,32,4.844588600643669
2,14,33,5.071594577530741
2,14,34,5.261239560122887
2,14,35,4.95474680178469
2,14,36,4.828500044909321
2,14,37,4.859462725131678
2,14,38,5.021170590257465
2,14,39,4.9825710830895495
2,14,40,4.902113978203648
2,14,41,4.862528651843196
2,14,42,4.958522526331204
2,14,43,5.053542989321256
2,14,44,4.744853820801656
2,14,45,4.937727667788205
2,14,46,4.8299538275307485
2,14,47,4.945422193534246
2,14,48,4.768726949239343
2,14,49,4.829978779256888
2,14,50,4.957541005412547
2,14,51,5.054161668665894
2,14,52,4.9251276506729305
2,14,53,4.884565166764202
2,14,54,4.749365911790536
2,14,55,5.432760719133985
2,14,56,4.574262491954377
2,14,57,4.924229464745487
2,14,58,5.338630311146879
2,14,59,4.8771341152721
2,14,60,4.887861860005869
2,14,61,4.883618749853734
2,14,62,4.937538816120562
2,14,63,4.728782075921616
2,14,64,4.913933148332378
2,14,65,4.9104585291106115
2,14,66,4.741326156378017
2,14,67,4.712620184025766
2,14,68,4.886185847571702
2,14,69,5.321984237126982
2,14,70,4.875976826214186
2,14,71,4.8184830507606975
2,14,72,5.207747940169694
2,14,73,4.813632357080181
2,14,74,4.9428272792569
2,14,75,4.8057683045641015
2,14,76,4.74978525438855
2,14,77,4.877813557050925
2,14,78,5.0066398525453595
2,14,79,4.795064245318925
2,14,80,4.932604190315988
2,14,81,4.6610037407841025
2,14,82,4.836357215038057
2,14,83,5.085916096547699
2,14,84,4.929091442071399
2,14,85,4.839936289204227
2,14,86,5.167860914569938
2,14,87,5.040412236395567
2,14,88,4.962613424663571
2,14,89,5.045485890725574
2,14,90,5.163879788326513
2,14,91,4.901663842451757
2,14,92,4.809352116442393
2,14,93,5.146269587624347
2,14,94,4.800751429052105
2,14,95,4.980334845377429
2,14,96,4.709224002340573
2,14,97,4.783885911936835
2,14,98,4.834232736103002
2,14,99,4.754670345231149
2,14,100,4.644388572995928
2,15,1,5.041840192656537
2,15,2,4.940913006582821
2,15,3,4.987118877559993
2,15,4,4.768512783060289
2,15,5,5.131626371562322
2,15,6,5.086571771942657
2,15,7,5.129009188121717
2,15,8,5.0239386158572445
2,15,9,4.949650954944433
2,15,10,5.374374663984806
2,15,11,4.94077084142775
2,15,12,4.868128954944431
2,15,13,5.162485414277376
2,15,14,4.65546365667059
2,15,15,5.249891594938567
2,15,16,4.923221503218276
2,15,17,4.80702518885315
2,15,18,5.17712818095378
2,15,19,5.150497077384439
2,15,20,4.840170223522555
2,15,21,4.608540956699843
2,15,22,4.568099846255146
2,15,23,5.293816873025175
2,15,24,5.03482851565244
2,15,25,4.884474083674682
2,15,26,4.922875114833258
2,15,27,4.832782442949113
2,15,28,4.965443266676445
2,15,29,4.809280936512601
2,15,30,4.833443941925119
2,15,31,4.843096072703363
2,15,32,4.961084805441792
2,15,33,4.771748904037472
2,15,34,5.333800754681105
2,15,35,4.963881139262747
2,15,36,4.7532243446460125
2,15,37,4.836000825482758
2,15,38,4.922432593914583
2,15,39,4.963650520918685
2,15,40,4.7609874787887865
2,15,41,4.996280678028091
2,15,42,4.687524147015821
2,15,43,4.823221749561167
2,15,44,4.851978362931556
2,15,45,4.784511700263333
2,15,46,4.76511223171448
2,15,47,4.789820247659471
2,15,48,5.0333444624049255
2,15,49,5.016912056319488
2,15,50,5.022229712404931
2,15,51,5.061112186512587
2,15,52,5.062826707138694
2,15,53,4.941395656524299
2,15,54,4.955739613370405
2,15,55,5.162934122440031
2,15,56,4.76308962887655
2,15,57,4.96535848785842
2,15,58,4.7510239517261725
2,15,59,5.010891100058515
2,15,60,4.869610535985974
2,15,61,4.952861700409612
2,15,62,5.105272332211834
2,15,63,4.706102299882993
2,15,64,5.123390170421303
2,15,65,5.005502675394984
2,15,66,4.80695641734935
2,15,67,4.825992063341154
2,15,68,4.883686634874218
2,15,69,5.191024493709778
2,15,70,4.9522771215623385
2,15,71,4.850210553686386
2,15,72,4.90291689204215
2,15,73,4.8257451082504526
2,15,74,4.71167815550031
2,15,75,4.8558000737273534
2,15,76,5.245773813194861
2,15,77,4.799893749122317
2,15,78,4.8673011477472405
2,15,79,4.7491943619075725
2,15,80,4.769413556904638
2,15,81,4.481853371708613
2,15,82,4.957281100204817
2,15,83,5.063917849034534
2,15,84,4.74524749985373
2,15,85,4.730998745172633
2,15,86,4.857968888385047
2,15,87,4.918385021942675
2,15,88,4.786886946898793
2,15,89,4.91082702881804
2,15,90,4.992089820509087
2,15,91,4.898817077823318
2,15,92,4.699908322410789
2,15,93,4.75864899970745
2,15,94,4.775796564803996
2,15,95,5.146189171737874
2,15,96,4.716299931831501
2,15,97,4.812099994441216
2,15,98,4.928224125073158
2,15,99,4.8159361970450805
2,15,100,4.563182621123491
3,1,1,4.797677596401428
3,1,2,5.124144653452321
3,1,3,5.031362811439451
3,1,4,5.090611112931546
3,1,5,4.78648126433589
3,1,6,5.0607654818607495
3,1,7,5.15181344177883
3,1,8,5.29015749297835
3,1,9,4.797745369221787
3,1,10,5.021533591720319
3,1,11,4.800003064072573
3,1,12,4.974765320070233
3,1,13,5.02986641018141
3,1,14,5.162597987126978
3,1,15,4.9160323756582915
3,1,16,5.166399029695736
3,1,17,4.854718009069651
3,1,18,4.801892946752517
3,1,19,4.96100243227035
3,1,20,4.868045455529566
3,1,21,4.625300803832667
3,1,22,4.85679839087188
3,1,23,4.858307059391471
3,1,24,5.281829447191349
3,1,25,4.9453644018432
3,1,26,4.938659911059126
3,1,27,4.820982145991836
3,1,28,5.173918603715629
3,1,29,4.735098723083699
3,1,30,4.623458382826237
3,1,31,4.978967386483332
3,1,32,4.770140821825646
3,1,33,5.083102853423076
3,1,34,4.953920486980707
3,1,35,5.168996498098317
3,1,36,5.135701275892341
3,1,37,4.85544364321242
3,1,38,5.262365921884161
3,1,39,5.734064826067857
3,1,40,5.091393914862489
3,1,41,5.043094102252805
3,1,42,5.592247987126978
3,1,43,5.380711891164429
3,1,44,4.999556955822127
3,1,45,4.947048430807509
3,1,46,5.053437795787019
3,1,47,4.883479415301367
3,1,48,5.022679027940325
3,1,49,4.945534415447654
3,1,50,4.890985234786451
3,1,51,5.076856870830901
3,1,52,4.985623582504404
3,1,53,5.107036327530728
3,1,54,4.965084064950282
3,1,55,4.879905351813946
3,1,56,4.988039083235832
3,1,57,5.13819489950264
3,1,58,4.869228122293753
3,1,59,4.986364699239337
3,1,60,4.858835762141625
3,1,61,4.852460618929219
3,1,62,5.01024765155064
3,1,63,4.955175832650686
3,1,64,5.227419186805159
3,1,65,5.3084813939438265
3,1,66,4.9806468057343745
3,1,67,4.893114533060292
3,1,68,4.767616390871875
3,1,69,5.220044845377428
3,1,70,5.125663357957873
3,1,71,4.967419118636654
3,1,72,4.913644953627872
3,1,73,4.995035244148633
3,1,74,4.865291248390891
3,1,75,5.257888931538923
3,1,76,5.121308753510829
3,1,77,5.117102070362796
3,1,78,5.045354552516101
3,1,79,4.782116629607974
3,1,80,5.096314750877718
3,1,81,5.178655666764203
3,1,82,4.997842703774151
3,1,83,4.764451085137528
3,1,84,5.091199435342313
3,1,85,5.012959122293753
3,1,86,4.844333926418978
3,1,87,5.00224265901113
3,1,88,5.093490189145707
3,1,89,5.04905365637801
3,1,90,4.825225766969008
3,1,91,5.016841797688716
3,1,92,4.956739355471047
3,1,93,5.305348914862507
3,1,94,5.149531517846711
3,1,95,4.655223191925117
3,1,96,4.80634550117029
3,1,97,5.075105393504982
3,1,98,5.040819880631961
3,1,99,4.8963650140433215
3,1,100,4.759707529842035
3,2,1,4.74037259742542
3,2,2,4.882111968987729
3,2,3,4.7148544221767255
3,2,4,5.214094220889415
3,2,5,4.7165762096255355
3,2,6,5.042150622001188
3,2,7,5.065263067290831
3,2,8,5.334671823873606
3,2,9,4.816357252486852
3,2,10,5.075674867027511
3,2,11,4.862005692217681
3,2,12,4.868888554856658
3,2,13,5.042743608981872
3,2,14,5.020338825775315
3,2,15,4.930389788619088
3,2,16,5.3227375000000094
3,2,17,4.938875671006455
3,2,18,4.929076324751335
3,2,19,4.940758544177898
3,2,20,5.047262592159168
3,2,21,4.928133108396744
3,2,22,5.013957305002945
3,2,23,4.911946024722067
3,2,24,5.208039284523124
3,2,25,4.9642087903745065
3,2,26,4.811524008630805
3,2,27,4.893842357519041
3,2,28,5.248300683879474
3,2,29,4.774723974253972
3,2,30,4.91316746196609
3,2,31,4.961616838648351
3,2,32,4.670073413253384
3,2,33,5.171254296079597
3,2,34,4.895932960795809
3,2,35,4.813758575921616
3,2,36,5.085466701433598
3,2,37,4.859206631070816
3,2,38,5.370529494294916
3,2,39,5.2550827725278
3,2,40,4.9299642061147
3,2,41,4.906695626974869
3,2,42,5.439551508484508
3,2,43,5.327300657987132
3,2,44,5.018289157840858
3,2,45,4.765880476448238
3,2,46,5.004190085283803
3,2,47,4.788421423493297
3,2,48,5.000463915886495
3,2,49,5.04884758294326
3,2,50,4.993610406816879
3,2,51,4.949499359274443
3,2,52,4.995227196021076
3,2,53,5.124421576067885
3,2,54,4.830302160473982
3,2,55,4.745688454359296
3,2,56,4.895099938999445
3,2,57,4.935140641018154
3,2,58,4.817909794763032
3,2,59,4.833964254388549
3,2,60,4.952682244587505
3,2,61,4.793699363516705
3,2,62,4.781419937244028
3,2,63,5.014000407694578
3,2,64,4.99164710561734
3,2,65,5.039960449970753
3,2,66,4.975562203481592
3,2,67,5.211876050760695
3,2,68,4.831597335868953
3,2,69,4.962740622147479
3,2,70,5.1331327271796425
3,2,71,4.968334628291419
3,2,72,5.05615328993565
3,2,73,5.015279895114115
3,2,74,5.003513772235241
3,2,75,5.23895494148626
3,2,76,5.351734265506146
3,2,77,4.900669022820384
3,2,78,5.320419818168531
3,2,79,4.686091758630798
3,2,80,4.980011072410788
3,2,81,5.259984010971335
3,2,82,5.424736441339967
3,2,83,4.782459489467546
3,2,84,5.166990569192516
3,2,85,4.86483429739616
3,2,86,5.163942767115281
3,2,87,4.934805949093051
3,2,88,5.040667827530732
3,2,89,5.109192162229382
3,2,90,4.892489293592763
3,2,91,4.790392567875972
3,2,92,4.994017520772387
3,2,93,5.082983732445893
3,2,94,5.185309129754255
3,2,95,4.802086070362802
3,2,96,4.731556695143375
3,2,97,4.919783867173807
3,2,98,4.786109844938582
3,2,99,5.071124652720901
3,2,100,5.038756442949106
3,3,1,5.537770867320061
3,3,2,5.005050966647174
3,3,3,4.8414465197484065
3,3,4,5.018881798127572
3,3,5,4.91126296693975
3,3,6,5.098595356933887
3,3,7,5.213982535108263
3,3,8,5.330397771357528
3,3,9,5.51168381436511
3,3,10,4.944337568022246
3,3,11,5.034347712112358
3,3,12,5.034203648917504
3,3,13,5.3036407252779565
3,3,14,4.873216965769474
3,3,15,5.370272393066126
3,3,16,4.961614084844961
3,3,17,5.067177689584562
3,3,18,5.125159359274445
3,3,19,5.274994651989482
3,3,20,4.882683794909328
3,3,21,5.026049681392641
3,3,22,5.158638330310134
3,3,23,5.162776182855485
3,3,24,4.981212403598608
3,3,25,4.988312416325358
3,3,26,5.028891984055015
3,3,27,4.955769594499721
3,3,28,4.934066310561751
3,3,29,5.049092748098319
3,3,30,5.216584620830909
3,3,31,5.0183995690462355
3,3,32,4.934435605763615
3,3,33,4.952914572557073
3,3,34,5.056923537156238
3,3,35,5.190247774283211
3,3,36,5.578175140140425
3,3,37,4.8822833496196685
3,3,38,5.559637491369199
3,3,39,4.923999020772399
3,3,40,4.969794828554728
3,3,41,4.80909347615566
3,3,42,5.030449464306623
3,3,43,5.3137612017261615
3,3,44,5.267044399356368
3,3,45,5.067205015506154
3,3,46,5.32716278423055
3,3,47,4.955536052954962
3,3,48,4.93714684801055
3,3,49,5.1123705949385725
3,3,50,4.948565533060294
3,3,51,4.98368861746637
3,3,52,5.271147273405511
3,3,53,4.977913899648925
3,3,54,5.091824265506151
3,3,55,5.027981056319494
3,3,56,4.972343260678787
3,3,57,4.8967917810123085
3,3,58,4.7643592716501075
3,3,59,5.127198145552969
3,3,60,4.897715785985971
3,3,61,4.893997568753675
3,3,62,5.2737024754242325
3,3,63,5.123837447776478
3,3,64,4.841536120684639
3,3,65,5.119440648478645
3,3,66,5.29302100672909
3,3,67,5.3455225269163344
3,3,68,4.7909752399064045
3,3,69,5.123075340550044
3,3,70,5.140989834113523
3,3,71,5.123851829724989
3,3,72,4.899839238736125
3,3,73,4.886128744733786
3,3,74,5.127051029988303
3,3,75,4.997006997366897
3,3,76,4.980576093914576
3,3,77,5.017265241661805
3,3,78,5.083713077238162
3,3,79,4.810684278818045
3,3,80,4.983942969134012
3,3,81,4.963098067583406
3,3,82,5.160310738297258
3,3,83,5.112804322849625
3,3,84,4.887854827823303
3,3,85,5.106877894528976
3,3,86,5.340308290813353
3,3,87,4.813694599765976
3,3,88,4.89397697440025
3,3,89,5.265464683586901
3,3,90,5.283870045787011
3,3,91,4.927769844499727
3,3,92,4.949546401843193
3,3,93,5.1961788291398525
3,3,94,5.119761271942668
3,3,95,5.119023481129326
3,3,96,4.6025386966062225
3,3,97,4.955355913107099
3,3,98,5.180537304417798
3,3,99,5.046148692363968
3,3,100,4.9192654071094335
3,4,1,4.78053841149798
3,4,2,4.989844294616749
3,4,3,4.883840518139283
3,4,4,5.085996297981283
3,4,5,4.876079954505579
3,4,6,4.9478014904915355
3,4,7,5.157801352691646
3,4,8,5.104262329286142
3,4,9,4.975045063926284
3,4,10,4.962391235664153
3,4,11,4.788796669251041
3,4,12,4.832027256290248
3,4,13,5.2003073085137625
3,4,14,5.0825144961966116
3,4,15,4.872573235079013
3,4,16,4.973685622293752
3,4,17,4.853986259947362
3,4,18,4.726373174370993
3,4,19,5.27194948522529
3,4,20,4.797466788472808
3,4,21,4.954188226448232
3,4,22,4.982812120245778
3,4,23,4.975476985079013
3,4,24,4.8974894332943455
3,4,25,4.94266589657696
3,4,26,4.960890090696337
3,4,27,4.8307966669105
3,4,28,4.911690091574041
3,4,29,4.772205676857828
3,4,30,4.825345307489784
3,4,31,5.050592312463434
3,4,32,4.8959537091866805
3,4,33,5.053384787302531
3,4,34,5.159959585137513
3,4,35,4.923703956699839
3,4,36,5.09259161863664
3,4,37,5.07444734157403
3,4,38,5.386570376389718
3,4,39,5.236878577091883
3,4,40,5.210638435488595
3,4,41,4.856307695143387
3,4,42,5.409609092451739
3,4,43,5.203299887507317
3,4,44,5.193286289057931
3,4,45,4.855157062609734
3,4,46,4.946282048273859
3,4,47,4.8348253538619295
3,4,48,4.884765876974862
3,4,49,4.993726452603875
3,4,50,5.340312461088367
3,4,51,4.9413022833528615
3,4,52,4.913682865857251
3,4,53,4.895685246050343
3,4,54,4.796240641164446
3,4,55,4.789438142042155
3,4,56,4.7195779346109
3,4,57,5.148512979520188
3,4,58,4.69337043212406
3,4,59,4.944498348010558
3,4,60,4.830807994587496
3,4,61,4.991556441925121
3,4,62,4.794761086600377
3,4,63,4.9408335648040005
3,4,64,4.971108065974272
3,4,65,5.053380773551799
3,4,66,4.903345854300784
3,4,67,5.314060216354601
3,4,68,4.89728290389119
3,4,69,4.992328231568195
3,4,70,5.083098185781163
3,4,71,4.666735581772988
3,4,72,4.980032117173806
3,4,73,5.148165181392641
3,4,74,4.9283929515798945
3,4,75,4.933341347864269
3,4,76,5.257899847132819
3,4,77,4.904355520040981
3,4,78,5.093163767261563
3,4,79,4.968217955383283
3,4,80,5.066690380778249
3,4,81,5.3178952478057475
3,4,82,4.936628858689313
3,4,83,4.662596998537179
3,4,84,4.92786776960213
3,4,85,5.022451781743727
3,4,86,5.013223436951448
3,4,87,5.340692979081346
3,4,88,4.873597996489195
3,4,89,4.798265516091299
3,4,90,4.840207170275032
3,4,91,4.834056458894114
3,4,92,4.890148643651272
3,4,93,4.979430073142213
3,4,94,4.9860075487127125
3,4,95,4.708133256582816
3,4,96,4.847507718548872
3,4,97,4.9774274078408585
3,4,98,4.9268643825336635
3,4,99,5.10231823010533
3,4,100,4.861229279110614
3,5,1,4.673269613809267
3,5,2,4.878910388823891
3,5,3,4.621564410327692
3,5,4,5.227880829578715
3,5,5,4.796229559976615
3,5,6,5.106310780866019
3,5,7,5.264475537009964
3,5,8,5.063204024575789
3,5,9,5.095976409888832
3,5,10,4.898400653159759
3,5,11,4.820166970011724
3,5,12,4.957628883996507
3,5,13,5.121488126535991
3,5,14,4.969049368344076
3,5,15,4.7704743241662015
3,5,16,5.032903322703354
3,5,17,5.114115016968994
3,5,18,4.808421905354031
3,5,19,4.984958009215927
3,5,20,4.785031442363979
3,5,21,4.951051590988898
3,5,22,4.769186736102997
3,5,23,5.005180837624355
3,5,24,4.935386605178481
3,5,25,4.8170190569046385
3,5,26,4.944759808660053
3,5,27,4.890615281597454
3,5,28,5.009900035693399
3,5,29,4.973057593036881
3,5,30,4.989499533937996
3,5,31,5.161480751755416
3,5,32,4.718468980105339
3,5,33,4.834443013458183
3,5,34,5.107740733616157
3,5,35,4.8553491095670145
3,5,36,4.953498728203653
3,5,37,5.257008546372156
3,5,38,4.968447284084277
3,5,39,4.999966539350518
3,5,40,4.945573252194277
3,5,41,4.916233730690484
3,5,42,4.905451685196044
3,5,43,5.548316330748964
3,5,44,5.363607241222943
3,5,45,4.887619108835594
3,5,46,4.856341713575206
3,5,47,4.7786743003218515
3,5,48,4.8621976149795385
3,5,49,4.618898403744895
3,5,50,5.109807969865428
3,5,51,4.991627281743723
3,5,52,4.863864243563512
3,5,53,5.158685549882983
3,5,54,5.100280916910484
3,5,55,5.2225261468695114
3,5,56,4.852473840550052
3,5,57,4.806353944119392
3,5,58,4.8353050640725765
3,5,59,4.960075086307801
3,5,60,4.700821145114123
3,5,61,4.861475866588674
3,5,62,4.882724995026361
3,5,63,5.09656798581042
3,5,64,5.0772936973376535
3,5,65,4.994078374634295
3,5,66,5.116270175541265
3,5,67,4.883239980397909
3,5,68,4.650057793885329
3,5,69,5.231811624341737
3,5,70,4.953430393212426
3,5,71,4.9041765444704675
3,5,72,4.817793943680532
3,5,73,4.944362328262163
3,5,74,4.692518887946189
3,5,75,4.883646015945018
3,5,76,4.722034422030447
3,5,77,4.812052092012898
3,5,78,5.1003804644529085
3,5,79,4.909116363662978
3,5,80,4.985806681831499
3,5,81,5.25362157007022
3,5,82,5.368947701433603
3,5,83,4.886087892773577
3,5,84,5.181553067729669
3,5,85,4.918988319631388
3,5,86,4.948009736688135
3,5,87,4.92648415359861
3,5,88,4.827118556465797
3,5,89,4.6380476894382925
3,5,90,5.00558166881219
3,5,91,4.738270039057951
3,5,92,4.993848879754258
3,5,93,4.835386967378609
3,5,94,5.157399488882395
3,5,95,4.854430721182005
3,5,96,5.103202871854894
3,5,97,4.820507565535424
3,5,98,4.896575726155675
3,5,99,4.981000507899366
3,5,100,5.1037204422176865
3,6,1,4.766924691047417
3,6,2,4.982562172615583
3,6,3,4.878221607811606
3,6,4,5.207491098888243
3,6,5,4.9678247143066265
3,6,6,4.85917832899358
3,6,7,5.166732313633717
3,6,8,5.108983925541261
3,6,9,5.158910200994731
3,6,10,5.234920654183746
3,6,11,4.872445780866024
3,6,12,5.16278006889995
3,6,13,4.9970515814804095
3,6,14,4.969513395406684
3,6,15,4.977617008923363
3,6,16,5.043147304271508
3,6,17,5.07699203466941
3,6,18,4.875303376974854
3,6,19,4.84616940418375
3,6,20,4.839425976155673
3,6,21,4.8725461350205
3,6,22,5.134731258484502
3,6,23,4.811521604300787
3,6,24,5.162718739613822
3,6,25,5.101651646576957
3,6,26,4.803552641164451
3,6,27,4.8226450076068055
3,6,28,5.017915088940916
3,6,29,4.671784183001775
3,6,30,4.870064026038641
3,6,31,4.930110655500307
3,6,32,4.867089166471632
3,6,33,5.106682470889425
3,6,34,5.229480743563495
3,6,35,4.919474594646015
3,6,36,5.114158260678772
3,6,37,4.719272601667663
3,6,38,5.356679226301948
3,6,39,5.81395120509067
3,6,40,5.092106356641317
3,6,41,4.811212424517288
3,6,42,5.267717225424245
3,6,43,5.644214405939127
3,6,44,4.991827564511422
3,6,45,4.887779020040983
3,6,46,5.182295945435928
3,6,47,5.044913614248113
3,6,48,4.942439694558235
3,6,49,5.032310886044493
3,6,50,5.260364228788785
3,6,51,4.870674942071404
3,6,52,5.023675133996499
3,6,53,5.083379902428326
3,6,54,5.110910971035708
3,6,55,4.860232163838523
3,6,56,4.9853500051199795
3,6,57,4.989437561878298
3,6,58,4.963638514189601
3,6,59,4.79971046196608
3,6,60,4.911556432124071
3,6,61,4.740157637068477
3,6,62,4.823754194558249
3,6,63,4.922515371562336
3,6,64,4.959794357080187
3,6,65,5.4652630004388465
3,6,66,4.978124317583401
3,6,67,5.355217258630791
3,6,68,4.98919841413109
3,6,69,5.138857232153318
3,6,70,5.102020081041557
3,6,71,4.929849728935067
3,6,72,5.166294232738457
3,6,73,5.177139427589238
3,6,74,5.042634061146878
3,6,75,5.028320826067881
3,6,76,5.131690729227626
3,6,77,5.049425097717981
3,6,78,5.392140974253958
3,6,79,5.3296224571386945
3,6,80,5.06933619411938
3,6,81,4.942967705236996
3,6,82,5.311154442656529
3,6,83,4.835032054856659
3,6,84,5.09626626989468
3,6,85,4.887146577677028
3,6,86,5.083616742246943
3,6,87,4.974226883557655
3,6,88,4.927118682855484
3,6,89,5.398306571533067
3,6,90,4.922191010093649
3,6,91,5.127218400380346
3,6,92,5.379309629461686
3,6,93,5.511631015213564
3,6,94,4.863200318899964
3,6,95,4.941865655939162
3,6,96,5.130159195289652
3,6,97,5.113956014482162
3,6,98,5.295852229373918
3,6,99,5.0683823244587565
3,6,100,4.828268121416055
3,7,1,4.728495796079594
3,7,2,4.822662666179073
3,7,3,4.848542520187269
3,7,4,5.2830419113516776
3,7,5,4.786080139116471
3,7,6,4.901540315827995
3,7,7,5.006325620538341
3,7,8,5.510263527501449
3,7,9,5.254077600058512
3,7,10,5.059898601521372
3,7,11,4.779290016237587
3,7,12,5.0661376598888275
3,7,13,5.107195399795214
3,7,14,4.952233763165606
3,7,15,5.300102904622595
3,7,16,4.951520200702185
3,7,17,5.245670083089535
3,7,18,4.768843532914005
3,7,19,5.1743918976009455
3,7,20,4.845112184318333
3,7,21,4.8531716996781915
3,7,22,4.8880654913692485
3,7,23,4.9276641641310865
3,7,24,4.967432365857232
3,7,25,5.271828224692814
3,7,26,5.359564378437699
3,7,27,4.88829674473378
3,7,28,5.205010312756005
3,7,29,4.724190569192528
3,7,30,4.797437664277382
3,7,31,4.916529699824473
3,7,32,4.885348731129328
3,7,33,4.838493235956722
3,7,34,4.915734082796976
3,7,35,5.106380010532488
3,7,36,5.186854900526636
3,7,37,4.987878100936237
3,7,38,4.932267576945602
3,7,39,5.40469825394968
3,7,40,4.905316521357532
3,7,41,4.767366952018753
3,7,42,5.420127068899959
3,7,43,5.36155322220598
3,7,44,4.7773966525746205
3,7,45,5.060702548420141
3,7,46,4.994317051930965
3,7,47,5.114066839672335
3,7,48,4.882039969719154
3,7,49,4.79419033338211
3,7,50,5.0273014186659095
3,7,51,4.984617072118211
3,7,52,4.860301016822719
3,7,53,5.077613002340557
3,7,54,4.943583390286736
3,7,55,5.062110410473966
3,7,56,4.780508712843787
3,7,57,5.056852641749564
3,7,58,4.799687901404354
3,7,59,5.253586396430672
3,7,60,4.789215196606226
3,7,61,4.688332374926883
3,7,62,4.864951418812195
3,7,63,5.089926396284385
3,7,64,5.129480793885321
3,7,65,5.022297564803988
3,7,66,4.913350787156255
3,7,67,5.136450757460506
3,7,68,4.777982263019336
3,7,69,5.132906291691063
3,7,70,4.999389693241681
3,7,71,4.964493174809849
3,7,72,4.951751722644844
3,7,73,4.882279309684037
3,7,74,4.625020326067891
3,7,75,5.262998472498545
3,7,76,5.272544361468694
3,7,77,4.827511032475152
3,7,78,5.235270675248698
3,7,79,5.29585153130487
3,7,80,5.06287107665303
3,7,81,5.01034533835578
3,7,82,5.257462234786433
3,7,83,5.037006088940917
3,7,84,5.01415309055004
3,7,85,4.938867040813363
3,7,86,5.145457265506152
3,7,87,4.847763687829157
3,7,88,5.161582344646
3,7,89,5.049659715184329
3,7,90,5.01738338999417
3,7,91,4.756873145699259
3,7,92,5.300250257460524
3,7,93,5.217184391310716
3,7,94,5.08150884259802
3,7,95,4.906333655500316
3,7,96,4.768009726301948
3,7,97,4.725497969134009
3,7,98,4.904680932416639
3,7,99,5.074175494294922
3,7,100,4.766876501024007
3,8,1,4.792048059684052
3,8,2,5.127935482445885
3,8,3,5.201150671884149
3,8,4,5.022758303686378
3,8,5,5.010302211966078
3,8,6,4.9725009586015405
3,8,7,5.321106317583394
3,8,8,5.2263350295494435
3,8,9,4.9201170323288625
3,8,10,5.091847333528389
3,8,11,4.947815425541266
3,8,12,5.09107983484495
3,8,13,4.947565001901712
3,8,14,5.0479225409596324
3,8,15,5.007193801492118
3,8,16,5.276507160327688
3,8,17,4.946934251755438
3,8,18,4.929617034815696
3,8,19,5.052320760386205
3,8,20,4.7713015435927675
3,8,21,4.961918515067317
3,8,22,4.995428357372751
3,8,23,4.851672114686968
3,8,24,5.027231746196619
3,8,25,5.041884308221193
3,8,26,4.765343371854916
3,8,27,4.616946658864853
3,8,28,5.0234103096840395
3,8,29,4.771749836307805
3,8,30,4.854308455529577
3,8,31,4.780289108250456
3,8,32,4.897121762434187
3,8,33,5.104760502340567
3,8,34,5.262980183733181
3,8,35,5.128814874634303
3,8,36,5.008395559391474
3,8,37,4.975250331772984
3,8,38,5.330083548127575
3,8,39,5.36949729754243
3,8,40,5.050351141895848
3,8,41,4.813139036863696
3,8,42,5.4323035890872005
3,8,43,5.462434275014623
3,8,44,5.2314034033060315
3,8,45,5.089809570655362
3,8,46,4.991809597864262
3,8,47,4.957415098449408
3,8,48,4.947974832065548
3,8,49,4.865896429198384
3,8,50,5.165701971474562
3,8,51,4.854719103423065
3,8,52,4.9671168316267
3,8,53,5.019099163692228
3,8,54,4.912898837478082
3,8,55,4.753657207870116
3,8,56,4.889188497074341
3,8,57,4.878426844353436
3,8,58,4.9067801133704085
3,8,59,4.861215009654788
3,8,60,5.177922681392643
3,8,61,4.693619218695156
3,8,62,4.997979149941512
3,8,63,5.048437705529557
3,8,64,4.979183689730851
3,8,65,5.0305333390871905
3,8,66,5.129715556904636
3,8,67,5.1305998069046375
3,8,68,4.983583775599788
3,8,69,5.260439862785271
3,8,70,5.025775856348755
3,8,71,4.946154955968423
3,8,72,5.118740054417796
3,8,73,5.216767199678188
3,8,74,4.95332480851377
3,8,75,5.021694961966067
3,8,76,5.374534278818032
3,8,77,5.093018491515519
3,8,78,5.386910406524282
3,8,79,4.9103013722937625
3,8,80,5.087787762434187
3,8,81,5.176532325775315
3,8,82,5.247225259947347
3,8,83,4.836241374049167
3,8,84,5.049865096693985
3,8,85,4.831190840988903
3,8,86,4.6833406028379425
3,8,87,5.005078889847876
3,8,88,5.1437720743124675
3,8,89,4.949096456260985
3,8,90,5.117912107811599
3,8,91,4.9077606133704155
3,8,92,5.0012874523113
3,8,93,5.10039768036865
3,8,94,4.765033943680538
3,8,95,4.749937684757182
3,8,96,4.975852422176725
3,8,97,5.040727843914587
3,8,98,4.929018569338813
3,8,99,4.926843946021083
3,8,100,4.8494306250731585
3,9,1,4.785355965769479
3,9,2,4.8864730093622155
3,9,3,5.008398911351678
3,9,4,5.179386883411362
3,9,5,4.74543322644824
3,9,6,5.1836843954066785
3,9,7,5.040417852837926
3,9,8,5.317806423785846
3,9,9,5.199588490784083
3,9,10,5.035019150672927
3,9,11,4.979871690462267
3,9,12,5.238630758191936
3,9,13,5.265236109859578
3,9,14,4.903110698069056
3,9,15,5.149667095816278
3,9,16,5.018448790520783
3,9,17,4.824537640725593
3,9,18,4.87842062200119
3,9,19,5.089600428174377
3,9,20,4.862767545201889
3,9,21,4.93101193856058
3,9,22,4.959172558221201
3,9,23,4.944856883703937
3,9,24,5.240625891749578
3,9,25,4.893408262580467
3,9,26,5.096954014774741
3,9,27,5.154205273551796
3,9,28,4.971253352106513
3,9,29,4.850018594792292
3,9,30,4.711419582504415
3,9,31,5.012934770040971
3,9,32,4.870936822849637
3,9,33,5.038917367905224
3,9,34,5.056949002194276
3,9,35,5.041716336307801
3,9,36,5.091509358543026
3,9,37,4.905061626682289
3,9,38,5.336504054271521
3,9,39,5.154011946752495
3,9,40,5.2475370160912815
3,9,41,4.904488005705125
3,9,42,5.110998708601538
3,9,43,5.458328327823279
3,9,44,5.204284087185496
3,9,45,5.027764717086029
3,9,46,5.067064182270333
3,9,47,4.8244061081041725
3,9,48,4.737220221328268
3,9,49,5.213656778671752
3,9,50,4.9749141909011385
3,9,51,4.7774592160620415
3,9,52,5.058807610444716
3,9,53,5.002195893943839
3,9,54,4.939899439584571
3,9,55,4.790514632094818
3,9,56,5.027456216062051
3,9,57,4.969528336892927
3,9,58,4.768905263019331
3,9,59,4.801374618344085
3,9,60,5.364297900234068
3,9,61,5.084962405500299
3,9,62,4.956313876389723
3,9,63,4.9229392925687625
3,9,64,4.891120026038634
3,9,65,5.095894641749568
3,9,66,5.135846988297263
3,9,67,5.273118939145705
3,9,68,4.8259399463136585
3,9,69,5.063447217378602
3,9,70,5.446803393943808
3,9,71,4.820762102106516
3,9,72,5.1358056062024655
3,9,73,5.261463443387961
3,9,74,4.687230087916926
3,9,75,5.162308427296671
3,9,76,5.285252333820953
3,9,77,5.0658395482738605
3,9,78,5.1688738722937435
3,9,79,5.426609200117039
3,9,80,4.961637457138697
3,9,81,5.122929539057943
3,9,82,4.980626150526643
3,9,83,4.5476997308367695
3,9,84,4.996319962843787
3,9,85,4.886839155792875
3,9,86,5.06225157987128
3,9,87,4.929795111322428
3,9,88,5.0418863026623875
3,9,89,5.082726587916917
3,9,90,4.8629660459333115
3,9,91,4.943642894967839
3,9,92,4.948572870538345
3,9,93,5.341896567729678
3,9,94,5.084623968402586
3,9,95,4.929927984640158
3,9,96,4.918738338355774
3,9,97,5.210711460064378
3,9,98,5.006188631948518
3,9,99,4.997136067144542
3,9,100,4.966392650380349
3,10,1,4.633908953774151
3,10,2,4.861729222937402
3,10,3,4.874872194850806
3,10,4,5.225830525599775
3,10,5,4.84497274634291
3,10,6,4.8700047930076265
3,10,7,5.051158730690475
3,10,8,5.526288601082489
3,10,9,5.155837103861911
3,10,10,5.0025044305149375
3,10,11,4.934540509362216
3,10,12,5.075135320947937
3,10,13,4.754963452165025
3,10,14,4.981564504827397
3,10,15,4.917259936951452
3,10,16,5.419528052808672
3,10,17,4.838305032036302
3,10,18,4.883292989906394
3,10,19,5.080960074166193
3,10,20,4.779669439584578
3,10,21,4.717818235225299
3,10,22,4.951411726740808
3,10,23,5.036593961234652
3,10,24,5.155853686658878
3,10,25,4.829205881948531
3,10,26,4.722729129022845
3,10,27,4.912077679344664
3,10,28,4.938317272674099
3,10,29,4.751596803247534
3,10,30,4.900945179198386
3,10,31,5.06833210737274
3,10,32,4.703248630778249
3,10,33,5.034207667934479
3,10,34,5.29145979871271
3,10,35,4.966741224253975
3,10,36,4.973395720158007
3,10,37,5.169206343914579
3,10,38,5.124971966500886
3,10,39,5.489418253803402
3,10,40,5.070322750000002
3,10,41,5.093521283060283
3,10,42,5.156816563487428
3,10,43,5.372656702018733
3,10,44,5.000193376389713
3,10,45,5.294883507753082
3,10,46,5.042313770479813
3,10,47,4.982789002486851
3,10,48,5.0776491815389155
3,10,49,5.278825682855491
3,10,50,5.300430203335291
3,10,51,4.818662838355784
3,10,52,4.932241104593347
3,10,53,4.948180536132254
3,10,54,4.990628548712715
3,10,55,4.8299429561147145
3,10,56,5.153569607519035
3,10,57,4.988941653744887
3,10,58,4.7742716161498135
3,10,59,4.784044173785854
3,10,60,5.102103901989479
3,10,61,4.754086635751919
3,10,62,5.023417714160344
3,10,63,5.109720171591579
3,10,64,4.986634808221199
3,10,65,5.124948239028678
3,10,66,4.881230526623777
3,10,67,5.482694836600346
3,10,68,5.074252929929796
3,10,69,4.773248149063796
3,10,70,4.839568218402597
3,10,71,4.8654705558806475
3,10,72,5.2834173038326595
3,10,73,5.0463433529842145
3,10,74,4.9727301473083845
3,10,75,5.136338544031597
3,10,76,5.350456911790519
3,10,77,5.033271591720317
3,10,78,5.042841491369224
3,10,79,4.787888799297861
3,10,80,5.174058049444133
3,10,81,4.894724026916343
3,10,82,5.089115355032187
3,10,83,4.780053327238174
3,10,84,5.143965816998251
3,10,85,4.631089416325357
3,10,86,5.034982333967244
3,10,87,4.847082217524886
3,10,88,4.905681201579885
3,10,89,5.2982625899648985
3,10,90,4.885159594938587
3,10,91,5.182735609274433
3,10,92,5.094338554856649
3,10,93,5.0983365610006
3,10,94,4.795055373025188
3,10,95,5.175648746196603
3,10,96,5.036294728203635
3,10,97,5.0817188491808185
3,10,98,4.903869209918103
3,10,99,4.857542169836178
3,10,100,5.070940532182563
3,11,1,4.908790701141042
3,11,2,4.775252229227637
3,11,3,5.325744805734357
3,11,4,5.386427841720308
3,11,5,4.804828924224716
3,11,6,4.99591789672324
3,11,7,4.975798949824478
3,11,8,5.151102558367476
3,11,9,5.273197641895858
3,11,10,5.059453421737874
3,11,11,4.850680791252219
3,11,12,4.876508113809268
3,11,13,4.883339495318911
3,11,14,4.911763210210661
3,11,15,4.857295931392645
3,11,16,5.130700998244592
3,11,17,4.515480270918686
3,11,18,4.832805717378604
3,11,19,5.017569827384458
3,11,20,4.881504614979543
3,11,21,4.799346908279718
3,11,22,4.937785410035129
3,11,23,4.720225158864847
3,11,24,5.135134267407857
3,11,25,4.770732002048002
3,11,26,4.741509855032202
3,11,27,4.755334129315402
3,11,28,4.91924109874198
3,11,29,4.735922088355786
3,11,30,4.955548473961406
3,11,31,5.048528795494454
3,11,32,4.8185342375658395
3,11,33,5.094019619368068
3,11,34,4.859719503510849
3,11,35,4.873127438999432
3,11,36,4.849351981129335
3,11,37,4.637787643358711
3,11,38,5.232385064803992
3,11,39,5.256569171445291
3,11,40,4.932924906816862
3,11,41,5.04223450965479
3,11,42,5.22839747059685
3,11,43,5.0905311811000695
3,11,44,5.248097120099475
3,11,45,5.3344811887068575
3,11,46,4.85223229169106
3,11,47,4.891329765067319
3,11,48,4.948639479373919
3,11,49,5.187971342012893
3,11,50,4.937022019602138
3,11,51,4.563228153159761
3,11,52,4.976035473376263
3,11,53,4.990439836454079
3,11,54,5.323000655207729
3,11,55,5.004622229081352
3,11,56,5.073506090257468
3,11,57,4.747333709918094
3,11,58,4.78330953452313
3,11,59,4.534875484347585
3,11,60,5.259748160327687
3,11,61,4.874191724546534
3,11,62,4.97416290403747
3,11,63,4.994468827823302
3,11,64,5.037420528086613
3,11,65,4.882141334406107
3,11,66,5.1632594270041015
3,11,67,4.934909949824479
3,11,68,5.01464025789938
3,11,69,4.986355127706277
3,11,70,4.634516665301362
3,11,71,4.773605196752512
3,11,72,4.922830562902303
3,11,73,5.078609811146884
3,11,74,5.112133892773564
3,11,75,4.982807339818618
3,11,76,5.540009991076644
3,11,77,5.188402800614412
3,11,78,5.005961767115276
3,11,79,4.5951392292276445
3,11,80,5.005124868929209
3,11,81,4.8441137438560755
3,11,82,4.903203509069649
3,11,83,4.697095956407276
3,11,84,4.800958059245195
3,11,85,4.670906807197207
3,11,86,4.976507855032203
3,11,87,4.812698558952627
3,11,88,4.809590528379181
3,11,89,5.126309381363376
3,11,90,4.910928575336473
3,11,91,4.8532391443827025
3,11,92,5.25324715242833
3,11,93,5.103781957138692
3,11,94,5.285372476155665
3,11,95,5.067833844938572
3,11,96,5.056907519894689
3,11,97,4.814129751901718
3,11,98,4.88056244177883
3,11,99,4.949068098303117
3,11,100,4.882775615125827
3,12,1,4.849616654183752
3,12,2,5.472741370392043
3,12,3,5.098118064511409
3,12,4,5.015848977325937
3,12,5,4.668078569192527
3,12,6,5.076228139116452
3,12,7,5.128121223522537
3,12,8,5.120507204798137
3,12,9,4.826461756729097
3,12,10,4.831426577238175
3,12,11,4.717918191486263
3,12,12,4.931312710356947
3,12,13,4.973070911644248
3,12,14,5.052940540374497
3,12,15,4.7922554798127805
3,12,16,5.209677724546525
3,12,17,4.733657956699845
3,12,18,4.8999805716793645
3,12,19,5.117029911497956
3,12,20,5.013660434757186
3,12,21,4.9651251794909514
3,12,22,4.945432365272113
3,12,23,5.036773722205987
3,12,24,5.006372204944422
3,12,25,4.969106247074331
3,12,26,5.149114318168534
3,12,27,4.922295416764215
3,12,28,4.998971938121723
3,12,29,4.8326021490638045
3,12,30,4.742226721620853
3,12,31,5.239294198654192
3,12,32,4.868911584259819
3,12,33,4.974780836161518
3,12,34,4.932851411936823
3,12,35,4.801965881802248
3,12,36,5.008509723522543
3,12,37,4.947370177881815
3,12,38,5.264560795787028
3,12,39,5.579393380924505
3,12,40,5.456037403452305
3,12,41,4.832469786717411
3,12,42,5.455292869953205
3,12,43,5.776503903598572
3,12,44,4.93085759771798
3,12,45,4.8265799654769115
3,12,46,4.8156116989467685
3,12,47,4.894076279403183
3,12,48,4.949136428174392
3,12,49,5.224682221328274
3,12,50,4.783562189730865
3,12,51,5.13200834830311
3,12,52,4.9660163162668445
3,12,53,4.9927405308660155
3,12,54,5.044950531890009
3,12,55,5.0133619656231945
3,12,56,5.09595522059686
3,12,57,5.064743360737279
3,12,58,4.919970258191934
3,12,59,4.805575459332963
3,12,60,5.13890619441195
3,12,61,5.310530663253375
3,12,62,4.9272144704505845
3,12,63,4.9236252369807065
3,12,64,4.923004235371582
3,12,65,5.287164018724403
3,12,66,4.934292057636068
3,12,67,5.21283894470452
3,12,68,4.71815391574022
3,12,69,4.989903265359873
3,12,70,5.160671380339391
3,12,71,4.947610728203646
3,12,72,5.123566052516108
3,12,73,5.168474693387954
3,12,74,4.859222306758354
3,12,75,5.266419974400248
3,12,76,5.093985517407853
3,12,77,4.8431087062609945
3,12,78,5.246522800321829
3,12,79,4.882560418227045
3,12,80,5.119952572410781
3,12,81,4.929075199824476
3,12,82,5.148617211966063
3,12,83,4.889548948507921
3,12,84,5.019861260532487
3,12,85,4.967705652867191
3,12,86,4.919073228642501
3,12,87,4.90545669514338
3,12,88,4.992669878437694
3,12,89,4.840631180076084
3,12,90,5.0994166672030605
3,12,91,4.87649628525456
3,12,92,5.0798334037448845
3,12,93,5.165969046225875
3,12,94,5.023103950409617
3,12,95,4.771720865272106
3,12,96,4.928672706553558
3,12,97,5.252491944265658
3,12,98,4.918621283206573
3,12,99,5.086279814803992
3,12,100,4.916282674517284
3,13,1,4.75472642671155
3,13,2,5.271145154476311
3,13,3,5.003365382387375
3,13,4,5.165392380339385
3,13,5,4.755430456846135
3,13,6,4.9719014498244745
3,13,7,5.138755725863089
3,13,8,5.3884849196898825
3,13,9,5.0690038000292565
3,13,10,5.229959535839678
3,13,11,4.80281312039206
3,13,12,4.927849386775906
3,13,13,4.857697750146298
3,13,14,5.36501586600351
3,13,15,5.012749279988313
3,13,16,5.136959922469288
3,13,17,4.949930245172633
3,13,18,4.895458632679951
3,13,19,5.089850978788772
3,13,20,4.757207809537766
3,13,21,4.8868760299883185
3,13,22,4.921064016676437
3,13,23,4.780900994294931
3,13,24,5.130575550468116
3,13,25,5.131483864101826
3,13,26,4.8817434490930625
3,13,27,4.747445494148643
3,13,28,5.3556439732299665
3,13,29,4.752393570216519
3,13,30,4.754035172761879
3,13,31,5.066146420713878
3,13,32,4.7476967071386955
3,13,33,4.842500330749002
3,13,34,5.199396831041551
3,13,35,4.982665647747241
3,13,36,5.041767083820956
3,13,37,4.9446350931831615
3,13,38,5.4081666870977285
3,13,39,5.287438731275606
3,13,40,5.221152156963133
3,13,41,4.883699301638414
3,13,42,5.331442050029272
3,13,43,5.786716004242222
3,13,44,4.8686849170567745
3,13,45,5.003035631802239
3,13,46,5.224351376389711
3,13,47,4.826925159303708
3,13,48,5.007758083967237
3,13,49,4.836941536863682
3,13,50,4.934739659888857
3,13,51,4.881438352984213
3,13,52,5.133468459332952
3,13,53,5.022303543446473
3,13,54,4.854827339526057
3,13,55,4.879856054710376
3,13,56,5.021666229812783
3,13,57,4.910532841866601
3,13,58,4.9017328534230735
3,13,59,4.840453088063214
3,13,60,4.736781825190189
3,13,61,4.823943014335889
3,13,62,4.716359124634309
3,13,63,5.053795839233476
3,13,64,4.790513512726767
3,13,65,5.079216147308374
3,13,66,4.972011242685803
3,13,67,5.159334938121718
3,13,68,4.853112019748412
3,13,69,4.994218785839687
3,13,70,4.982242009362214
3,13,71,4.969735405354032
3,13,72,5.089762362785266
3,13,73,4.977477990491534
3,13,74,4.840506904183756
3,13,75,5.0286950816266875
3,13,76,5.302738917203048
3,13,77,4.906010476594524
3,13,78,5.321171651989479
3,13,79,5.031862208894101
3,13,80,4.92361850599768
3,13,81,5.223735908572268
3,13,82,5.285641078993563
3,13,83,4.813483883118805
3,13,84,5.163967575043887
3,13,85,4.974811093914591
3,13,86,5.0133862023113105
3,13,87,4.906239623025179
3,13,88,4.885752598303112
3,13,89,5.003574763604457
3,13,90,5.000057246489186
3,13,91,4.795942291983644
3,13,92,5.129165540228203
3,13,93,5.396467940901128
3,13,94,5.023037204505578
3,13,95,4.885345289935649
3,13,96,4.812073602837937
3,13,97,5.050456092012888
3,13,98,4.936489296664736
3,13,99,4.9626138294324385
3,13,100,4.826154385751924
3,14,1,4.629291755119973
3,14,2,5.171457382387366
3,14,3,5.074847922761861
3,14,4,5.026239938706858
3,14,5,4.733694198069063
3,14,6,4.997274046664719
3,14,7,5.042888065827983
3,14,8,5.323717095231138
3,14,9,5.115360754827386
3,14,10,5.194773984786434
3,14,11,4.89288611951435
3,14,12,5.225732645114112
3,14,13,5.114253875658286
3,14,14,4.852092870977193
3,14,15,5.009220677004112
3,14,16,5.288445819338803
3,14,17,5.056357274136937
3,14,18,4.903978510532495
3,14,19,5.3094000500292715
3,14,20,4.768739611176155
3,14,21,5.043328760386209
3,14,22,5.00598883835578
3,14,23,4.907706453042734
3,14,24,5.296973363955544
3,14,25,5.028514368197788
3,14,26,4.693836122293762
3,14,27,4.7399503431831675
3,14,28,5.1156696696898845
3,14,29,4.8158438058806565
3,14,30,4.896852864394405
3,14,31,4.7994232614101975
3,14,32,4.8198245479812964
3,14,33,4.860466491222967
3,14,34,5.116529204651853
3,14,35,5.131747248244608
3,14,36,5.099902056904637
3,14,37,5.193828801930962
3,14,38,5.307960344353439
3,14,39,5.603404675248674
3,14,40,5.007434152135763
3,14,41,4.928400720596871
3,14,42,5.520493680514925
3,14,43,5.202181516237574
3,14,44,5.029024092598018
3,14,45,5.05963397454653
3,14,46,5.37319886015214
3,14,47,4.92968578028089
3,14,48,4.958452901404341
3,14,49,4.996488358689303
3,14,50,5.061751381802245
3,14,51,4.843038636483337
3,14,52,4.9649875743124845
3,14,53,4.90032984567
3,14,54,5.134066392627275
3,14,55,4.883747836746661
3,14,56,4.808334772674111
3,14,57,4.903513682416636
3,14,58,4.854676537595109
3,14,59,5.098992862785264
3,14,60,4.941915212258651
3,14,61,4.796682412521964
3,14,62,5.030226584552387
3,14,63,5.049920186073732
3,14,64,4.963818759508505
3,14,65,5.153830307636043
3,14,66,5.195423077823306
3,14,67,5.360909494002348
3,14,68,4.914076000877732
3,14,69,4.77453277940318
3,14,70,4.856102872440044
3,14,71,5.0022088885313165
3,14,72,5.27430678364542
3,14,73,5.12507871533061
3,14,74,5.0462581445289745
3,14,75,4.923361936951443
3,14,76,5.1784870955237015
3,14,77,4.866108563194871
3,14,78,5.2594188670275095
3,14,79,4.712186692802827
3,14,80,4.915560270626117
3,14,81,4.910709992246946
3,14,82,5.119564011702749
3,14,83,4.809856480105348
3,14,84,4.881286161059118
3,14,85,4.902215939584569
3,14,86,5.18021703203629
3,14,87,4.909512685196037
3,14,88,5.066328829724987
3,14,89,5.110210107226453
3,14,90,4.991576204651864
3,14,91,4.850551520333556
3,14,92,5.323558087624345
3,14,93,5.410896333235825
3,14,94,4.824170933879485
3,14,95,5.041459199093043
3,14,96,4.9730930076068045
3,14,97,4.782534198215347
3,14,98,5.239348996196613
3,14,99,5.024835891749573
3,14,100,4.9476986421884295
3,15,1,4.8581248300175766
3,15,2,5.135701789935643
3,15,3,4.788612551345829
3,15,4,5.063491171299014
3,15,5,4.714918100789956
3,15,6,4.8657381053247715
3,15,7,5.137662497220609
3,15,8,5.2258868516676475
3,15,9,4.834813275160924
3,15,10,4.95921884069633
3,15,11,4.866558209918095
3,15,12,4.926672318168541
3,15,13,4.953273813048581
3,15,14,5.2004370788472905
3,15,15,4.941914438999431
3,15,16,5.237638858104162
3,15,17,4.920200774868365
3,15,18,4.810600221181998
3,15,19,4.966826118636647
3,15,20,4.829769511556486
3,15,21,4.7026835017554305
3,15,22,5.109010471913409
3,15,23,4.944577195143373
3,15,24,5.145373070362791
3,15,25,5.13702964657695
3,15,26,4.864515658864864
3,15,27,4.831062118197799
3,15,28,5.063820008777072
3,15,29,4.795314207431266
3,15,30,4.768447697337647
3,15,31,5.273807320801653
3,15,32,4.7327135193095575
3,15,33,4.983475936951463
3,15,34,4.98725874385607
3,15,35,4.8242623269456
3,15,36,5.010873841574034
3,15,37,4.7859366110298645
3,15,38,5.284252268285567
3,15,39,5.620430901404317
3,15,40,4.899804433148056
3,15,41,4.818564114833271
3,15,42,5.390225246196627
3,15,43,5.657825669836133
3,15,44,4.959302458601537
3,15,45,4.946583209771818
3,15,46,5.073319417056762
3,15,47,4.929316981568192
3,15,48,4.96396913414279
3,15,49,5.310683477911075
3,15,50,5.087244438853143
3,15,51,4.844501979227633
3,15,52,4.976881373171465
3,15,53,5.095330165155065
3,15,54,4.877039808952624
3,15,55,4.754540233762453
3,15,56,4.997237755851396
3,15,57,4.935209641603289
3,15,58,4.814378181685204
3,15,59,4.859521646576965
3,15,60,4.799102446752512
3,15,61,5.136162525014638
3,15,62,4.942464402428352
3,15,63,5.140259644236395
3,15,64,4.93210063282623
3,15,65,5.242003129461681
3,15,66,4.794906881655971
3,15,67,5.156089200994748
3,15,68,4.6710102491223155
3,15,69,5.035294244587497
3,15,70,5.11238116354594
3,15,71,4.871312239028694
3,15,72,4.87069677165011
3,15,73,5.0509705144821675
3,15,74,4.778577943973104
3,15,75,5.137328892042136
3,15,76,5.09120977179638
3,15,77,4.824991366881243
3,15,78,5.352010950555889
3,15,79,4.896198902428344
3,15,80,4.9675704998537364
3,15,81,4.980018796372162
3,15,82,4.93796433221184
3,15,83,4.792257176126412
3,15,84,5.091624154183743
3,15,85,4.986764644675267
3,15,86,4.841885811732029
3,15,87,4.912188380485683
3,15,88,5.04292842100645
3,15,89,5.0866955962551295
3,15,90,5.180750940315982
3,15,91,4.8735963035401095
3,15,92,4.932298275307214
3,15,93,4.961780517554152
3,15,94,4.98510594090113
3,15,95,4.761341336161513
3,15,96,4.685192034669415
3,15,97,4.988531436951449
3,15,98,4.92140774312466
3,15,99,4.976659933440625
3,15,100,4.902909696313649
4,1,1,5.0009848837039295
4,1,2,4.905607474546536
4,1,3,4.861634668665911
4,1,4,5.23324050555882
4,1,5,5.327368234055012
4,1,6,5.054717698361631
4,1,7,5.137575395552963
4,1,8,5.0640545263311925
4,1,9,4.934401839233488
4,1,10,4.935449387068476
4,1,11,4.792404228496214
4,1,12,4.965936880193116
4,1,13,5.09377497805736
4,1,14,4.873343974985389
4,1,15,5.4058839805441865
4,1,16,5.2537909866881325
4,1,17,4.740248529256897
4,1,18,5.151365497659462
4,1,19,4.989226409157421
4,1,20,5.003021958162689
4,1,21,4.939707996781762
4,1,22,4.988329934903477
4,1,23,4.75475408177299
4,1,24,5.107440426857817
4,1,25,4.980564480690474
4,1,26,4.788164290813359
4,1,27,5.065703617466367
4,1,28,5.37628705207724
4,1,29,5.099651467963735
4,1,30,5.077262359859583
4,1,31,4.826681441925125
4,1,32,5.136495948507905
4,1,33,5.099436900672918
4,1,34,5.3367671272674215
4,1,35,5.441040384874201
4,1,36,5.175436186073734
4,1,37,4.983537158425999
4,1,38,5.212525574605039
4,1,39,4.846714638677612
4,1,40,5.126243014482167
4,1,41,4.8726481762726825
4,1,42,5.081899658718554
4,1,43,5.289240434172037
4,1,44,5.209810566120544
4,1,45,5.282539876974834
4,1,46,5.3100783131948575
4,1,47,5.262716884727922
4,1,48,4.7518204640140755
4,1,49,5.3168781013750825
4,1,50,5.240650588794624
4,1,51,4.97271722132828
4,1,52,5.310560433440615
4,1,53,5.10394536088357
4,1,54,4.955925854739638
4,1,55,5.452489592598018
4,1,56,5.035281419397324
4,1,57,5.014521232299609
4,1,58,5.191531055149224
4,1,59,5.191070779988309
4,1,60,4.988338033937995
4,1,61,4.926738287302531
4,1,62,5.1492692289350535
4,1,63,4.81097876097135
4,1,64,5.068656984201295
4,1,65,5.17021940067292
4,1,66,5.106976475424241
4,1,67,5.199855796372156
4,1,68,4.895599283645425
4,1,69,5.046507036424822
4,1,70,4.9471586070801905
4,1,71,5.296458851667648
4,1,72,5.414773334113518
4,1,73,5.079151199385612
4,1,74,5.0191924368051595
4,1,75,5.152656933294339
4,1,76,5.195493787741382
4,1,77,5.424780649795201
4,1,78,5.094826563487442
4,1,79,5.1498535981568265
4,1,80,4.945143558806338
4,1,81,4.813143865272112
4,1,82,5.376250336161504
4,1,83,4.983600568607398
4,1,84,5.187342368197794
4,1,85,5.081122298127569
4,1,86,5.593251615564639
4,1,87,5.0902065318900105
4,1,88,5.1318774182270355
4,1,89,4.90489883440611
4,1,90,5.037798297249865
4,1,91,5.054218513604458
4,1,92,5.2185183298712685
4,1,93,5.284017423054418
4,1,94,5.32295692817438
4,1,95,5.304249404330028
4,1,96,5.044591844207154
4,1,97,4.732042975424248
4,1,98,4.892355175248698
4,1,99,4.7966779056466
4,1,100,4.97017796752489
4,2,1,4.999069070655369
4,2,2,4.799500747952041
4,2,3,4.8983266733470066
4,2,4,5.210381886483335
4,2,5,5.439248173346992
4,2,6,4.842622750731445
4,2,7,5.097176052516101
4,2,8,5.0813745000000115
4,2,9,4.909929899648933
4,2,10,4.856897492978362
4,2,11,4.759568886629632
4,2,12,4.855902432709205
4,2,13,5.230304305588076
4,2,14,4.980893314365143
4,2,15,5.010118961088368
4,2,16,4.952057103130511
4,2,17,4.889151919251046
4,2,18,4.986500156524302
4,2,19,4.923535299444144
4,2,20,4.928727404330046
4,2,21,4.968066661351687
4,2,22,5.042112120245775
4,2,23,4.972753275160933
4,2,24,4.999549615710951
4,2,25,5.071091675394976
4,2,26,4.867632949678187
4,2,27,4.806599298712723
4,2,28,5.340609941339976
4,2,29,5.103572992100656
4,2,30,4.986804540959648
4,2,31,4.845319579725003
4,2,32,4.754788620392063
4,2,33,4.812596569777664
4,2,34,5.2751275746050474
4,2,35,5.825654262726706
4,2,36,5.194106887068472
4,2,37,5.207531313194862
4,2,38,5.209902163692223
4,2,39,4.8797544341720505
4,2,40,5.1376518487419665
4,2,41,5.003194728057344
4,2,42,5.16813554300761
4,2,43,5.270497788180228
4,2,44,5.276679100351089
4,2,45,5.140100398186079
4,2,46,5.265594945728511
4,2,47,5.3856497084552375
4,2,48,4.927060402282065
4,2,49,4.949489247659468
4,2,50,4.982051327384447
4,2,51,5.0607122380047
4,2,52,5.051128891164431
4,2,53,5.106288620099478
4,2,54,4.728485912229395
4,2,55,5.24528750043886
4,2,56,4.910358094646011
4,2,57,5.004164475863093
4,2,58,5.021403202018747
4,2,59,5.412302890579299
4,2,60,5.08452465535402
4,2,61,4.9990259606495115
4,2,62,5.100453047981287
4,2,63,4.941832839233488
4,2,64,4.858674261117629
4,2,65,5.110814679637224
4,2,66,4.980913774575789
4,2,67,5.473985437390288
4,2,68,4.879118075482757
4,2,69,4.917455330163863
4,2,70,5.423518603423056
4,2,71,5.0243499986834514
4,2,72,5.153878086746642
4,2,73,4.880403642334718
4,2,74,5.111523198361623
4,2,75,4.906492502194287
4,2,76,4.852952966062053
4,2,77,4.916455412521971
4,2,78,5.160902156378009
4,2,79,4.846281462990072
4,2,80,4.937338651550628
4,2,81,4.531986861615007
4,2,82,5.437059102399056
4,2,83,5.038194118051504
4,2,84,4.785574799297859
4,2,85,5.087275625365716
4,2,86,5.402468751901698
4,2,87,5.2445018861907675
4,2,88,5.031485822264492
4,2,89,4.943755311293176
4,2,90,5.062713430953786
4,2,91,5.133960111614989
4,2,92,5.179104549882971
4,2,93,4.994088058221194
4,2,94,5.085018881948519
4,2,95,5.0828966600351135
4,2,96,5.111501574166191
4,2,97,4.735243151258067
4,2,98,4.811921550906981
4,2,99,4.811814381655961
4,2,100,4.9207382922762015
4,3,1,5.077863131509663
4,3,2,4.811773171737883
4,3,3,4.934331754388548
4,3,4,5.107483422908137
4,3,5,4.780720251755427
4,3,6,4.865903726155671
4,3,7,5.058047305002935
4,3,8,5.047708737273271
4,3,9,4.719130440901128
4,3,10,5.087567974253956
4,3,11,5.188786295201871
4,3,12,4.942201109420737
4,3,13,4.910416849912249
4,3,14,5.001811031451151
4,3,15,4.6912736458455475
4,3,16,5.005497658425995
4,3,17,4.957219481860764
4,3,18,4.972590738736121
4,3,19,5.029790167934478
4,3,20,4.766873920567607
4,3,21,4.736831236688143
4,3,22,4.913191007314235
4,3,23,4.95268074151552
4,3,24,4.756150646869536
4,3,25,4.920591730544189
4,3,26,4.804731472059708
4,3,27,4.844681089672335
4,3,28,5.078404862638985
4,3,29,4.692005250877718
4,3,30,5.000811301053263
4,3,31,5.15623317246929
4,3,32,4.775082895991832
4,3,33,5.437665888092441
4,3,34,5.34837091471622
4,3,35,4.943749299590428
4,3,36,4.813089826799315
4,3,37,4.824784771211251
4,3,38,4.919205048420146
4,3,39,5.153429833235821
4,3,40,4.95424606217088
4,3,41,4.954373203627863
4,3,42,4.915093027208913
4,3,43,5.063728228349927
4,3,44,4.944732899941509
4,3,45,4.599785285839696
4,3,46,5.156855451726172
4,3,47,4.800460091866604
4,3,48,4.916852091281476
4,3,49,4.8148775939146
4,3,50,4.88821479959042
4,3,51,4.963331403306042
4,3,52,4.9407133562024725
4,3,53,5.051826013897032
4,3,54,5.012033379022838
4,3,55,5.02105808820949
4,3,56,4.959704787595115
4,3,57,4.934273314511421
4,3,58,4.984042753657127
4,3,59,4.867488342159182
4,3,60,4.657669705822141
4,3,61,4.968160888238761
4,3,62,4.996478979373924
4,3,63,4.929220408572283
4,3,64,4.815351252925714
4,3,65,5.082774494733775
4,3,66,4.773093942802828
4,3,67,4.936887551345834
4,3,68,4.949963847717988
4,3,69,4.980504360883566
4,3,70,5.072646882972508
4,3,71,4.732982746196624
4,3,72,5.10333526653014
4,3,73,4.863748188706867
4,3,74,5.02824026097133
4,3,75,4.997783772966671
4,3,76,4.9051406435049865
4,3,77,5.093928764774731
4,3,78,5.150040301053248
4,3,79,4.824604994441219
4,3,80,4.796895563487443
4,3,81,4.938569495172634
4,3,82,5.006982358835597
4,3,83,4.915078895845542
4,3,84,5.057415355324771
4,3,85,5.069676293153912
4,3,86,4.942811023698095
4,3,87,4.724553572995923
4,3,88,4.877194593768304
4,3,89,4.808895659011135
4,3,90,4.914671728496211
4,3,91,4.845243181538937
4,3,92,4.836307784669423
4,3,93,4.860144682709212
4,3,94,4.815239752194287
4,3,95,4.831726536132268
4,3,96,4.872193108689305
4,3,97,4.825797191778839
4,3,98,4.811798467817467
4,3,99,4.888611110444721
4,3,100,4.650502567583395
4,4,1,5.176936118197787
4,4,2,5.036194953920437
4,4,3,4.743059797249879
4,4,4,5.305276064950272
4,4,5,5.355540480544185
4,4,6,4.947152063341157
4,4,7,5.171813640286722
4,4,8,4.778792573727342
4,4,9,4.91542944880048
4,4,10,5.066932889994156
4,4,11,4.924792639116463
4,4,12,4.827383787448822
4,4,13,5.061062209186676
4,4,14,4.852483380778251
4,4,15,5.198977397893504
4,4,16,5.232951799882982
4,4,17,4.8685418247513335
4,4,18,5.161848866149806
4,4,19,5.00852450131658
4,4,20,5.135461313926295
4,4,21,5.215680430953785
4,4,22,5.169225042568771
4,4,23,5.441630554417781
4,4,24,5.132404805149216
4,4,25,4.959363548859001
4,4,26,4.835254464306634
4,4,27,4.996991685781174
4,4,28,5.075236322703353
4,4,29,4.909572171152744
4,4,30,4.874229842890603
4,4,31,4.89333346942658
4,4,32,4.832422870684632
4,4,33,4.921610752194276
4,4,34,5.359948683001769
4,4,35,5.508881192071366
4,4,36,5.132873832211829
4,4,37,5.081109495026337
4,4,38,5.38002429286133
4,4,39,5.035330642334716
4,4,40,5.325568398917503
4,4,41,4.969972832504398
4,4,42,5.016363530573447
4,4,43,5.282105178320658
4,4,44,5.170186302808666
4,4,45,5.267436427881809
4,4,46,5.475973424517263
4,4,47,5.311050374780576
4,4,48,5.016676358543027
4,4,49,5.151065001755419
4,4,50,5.188484683733185
4,4,51,4.959794931538933
4,4,52,5.267388589233473
4,4,53,5.204357574605041
4,4,54,4.954225949093059
4,4,55,4.935787940901127
4,4,56,4.97232146342893
4,4,57,4.8997772407841005
4,4,58,5.0588949420714
4,4,59,5.3322300684611035
4,4,60,5.032131614394401
4,4,61,5.201969614540671
4,4,62,5.203940602837932
4,4,63,5.122925558806329
4,4,64,4.834594773551806
4,4,65,5.258616333967238
4,4,66,5.185094723376257
4,4,67,5.4368164093037
4,4,68,4.727829590696339
4,4,69,4.988729929344668
4,4,70,5.436612316851957
4,4,71,4.965993608104168
4,4,72,5.189867309684037
4,4,73,4.977439846255139
4,4,74,5.151085608250451
4,4,75,5.03462798566415
4,4,76,5.007088273698089
4,4,77,4.992145982153326
4,4,78,5.107371089526052
4,4,79,5.141256413692225
4,4,80,4.943628279549459
4,4,81,4.675357820947942
4,4,82,5.3331146154183795
4,4,83,5.127306665008789
4,4,84,4.803569966062045
4,4,85,5.1448739245172685
4,4,86,5.323641339087199
4,4,87,4.944061269163273
4,4,88,4.8646149698654355
4,4,89,5.02710161541839
4,4,90,5.2952983658572395
4,4,91,4.923485572264503
4,4,92,5.011300077384442
4,4,93,5.209389934318317
4,4,94,5.107308941486261
4,4,95,4.940473991661808
4,4,96,4.949483991515526
4,4,97,4.804162862200137
4,4,98,4.925131122440041
4,4,99,5.088573246489183
4,4,100,4.853618306904642
4,5,1,5.135899722644823
4,5,2,5.391050265359872
4,5,3,5.308720078847294
4,5,4,5.15302007636046
4,5,5,5.011360272527811
4,5,6,5.09042971138094
4,5,7,5.236853139409025
4,5,8,5.0948752204505645
4,5,9,4.850099008045656
4,5,10,5.064285389701593
4,5,11,4.760155336600368
4,5,12,4.823757141895867
4,5,13,5.079094309976614
4,5,14,4.6729557736980825
4,5,15,5.237041638970163
4,5,16,4.745368881655963
4,5,17,4.879895292276205
4,5,18,5.050563228642488
4,5,19,4.857466022088969
4,5,20,5.068311484347593
4,5,21,4.955791590550048
4,5,22,4.897745938121727
4,5,23,4.926475823581059
4,5,24,5.035488346840273
4,5,25,4.854748861322433
4,5,26,4.900721237419561
4,5,27,4.92483810971331
4,5,28,5.299453253949696
4,5,29,5.171368313194863
4,5,30,4.97940988004683
4,5,31,4.885260585283807
4,5,32,4.972310040959645
4,5,33,5.136819823581048
4,5,34,5.184951817290825
4,5,35,5.603211112785231
4,5,36,5.737765588209453
4,5,37,5.12742513428906
4,5,38,5.395786794031596
4,5,39,5.200634250146294
4,5,40,5.143314607372742
4,5,41,5.10255972015799
4,5,42,4.998578952896443
4,5,43,5.310255515945007
4,5,44,5.247257883118796
4,5,45,5.3051822881802195
4,5,46,5.170673343329445
4,5,47,5.072964548858989
4,5,48,4.860254015213596
4,5,49,5.106424011263905
4,5,50,5.101907368051504
4,5,51,5.163884497366894
4,5,52,5.279523522235239
4,5,53,4.936886707138696
4,5,54,5.017059976155668
4,5,55,5.056056826214168
4,5,56,4.955823152428343
4,5,57,5.026924677150391
4,5,58,4.955870332943263
4,5,59,5.320099409596273
4,5,60,5.162286896576955
4,5,61,4.849914344646007
4,5,62,5.337991747220608
4,5,63,4.9829584449970845
4,5,64,5.066824553832666
4,5,65,5.165603000146294
4,5,66,5.33804207899358
4,5,67,5.373077133118793
4,5,68,4.776654245904065
4,5,69,4.9644838899941695
4,5,70,5.058858500292582
4,5,71,4.982890632094804
4,5,72,5.298670618782925
4,5,73,5.209631270626103
4,5,74,5.128940761849036
4,5,75,4.9618551117612855
4,5,76,4.918364050175572
4,5,77,5.0788348243124775
4,5,78,5.0326384027209
4,5,79,4.8946405535401025
4,5,80,4.769816789643092
4,5,81,4.876133887946192
4,5,82,5.490534408572254
4,5,83,5.2852303828262235
4,5,84,4.842847390286739
4,5,85,5.076823260386201
4,5,86,5.228843173639566
4,5,87,4.846979344499729
4,5,88,5.062772808513753
4,5,89,5.3474510705090825
4,5,90,5.194085302516099
4,5,91,4.985399805880643
4,5,92,5.139562171152722
4,5,93,5.146548504973672
4,5,94,4.929514469134019
4,5,95,5.083824648039803
4,5,96,4.937516483031038
4,5,97,4.932075830602713
4,5,98,4.906008282475147
4,5,99,4.850081237273279
4,5,100,4.788821012726758
4,6,1,5.097395235664143
4,6,2,4.939665035985976
4,6,3,4.999300281597441
4,6,4,5.462060043739036
4,6,5,5.315160732007034
4,6,6,5.123168003071985
4,6,7,5.0554492437097815
4,6,8,4.774575039350506
4,6,9,4.8609738638092574
4,6,10,5.6737387249853475
4,6,11,4.701424412960818
4,6,12,4.87950436995321
4,6,13,4.993651914862515
4,6,14,4.9550383560561935
4,6,15,5.182285843768286
4,6,16,4.910674414131098
4,6,17,4.794149452311315
4,6,18,4.8926773172908256
4,6,19,4.866448680222375
4,6,20,4.912245369221797
4,6,21,4.893864169836186
4,6,22,4.9649000174078575
4,6,23,5.165718308806332
4,6,24,4.894193832650688
4,6,25,4.772552915740219
4,6,26,4.861907086307801
4,6,27,5.079720561000595
4,6,28,4.974586744002362
4,6,29,4.904161133265087
4,6,30,4.944714085868948
4,6,31,5.020216761263908
4,6,32,5.0289995308660105
4,6,33,4.83507990125806
4,6,34,5.207390335430086
4,6,35,5.214148121123473
4,6,36,5.136084424809836
4,6,37,5.254053735956706
4,6,38,4.865689757753085
4,6,39,4.998896682124062
4,6,40,5.144606455236991
4,6,41,4.947450869221784
4,6,42,5.01632666720305
4,6,43,5.1571504030134605
4,6,44,5.00545307767702
4,6,45,5.146407489467529
4,6,46,5.17305842437099
4,6,47,5.109421708894097
4,6,48,5.072423543885329
4,6,49,5.100917807050916
4,6,50,5.061822718402593
4,6,51,5.251181924078422
4,6,52,5.0289309169104826
4,6,53,5.092035003803401
4,6,54,4.847070315974272
4,6,55,5.119093278086608
4,6,56,4.78021485239909
4,6,57,4.966852450409611
4,6,58,4.965587923493292
4,6,59,5.6004712833528245
4,6,60,5.003383611468712
4,6,61,4.923678586892934
4,6,62,5.246590863809255
4,6,63,5.0423756632533765
4,6,64,4.993399037741385
4,6,65,5.209237500438853
4,6,66,5.233708187682859
4,6,67,5.432161521942669
4,6,68,4.908838876974863
4,6,69,5.226904230983042
4,6,70,5.106336773698087
4,6,71,4.924187822557065
4,6,72,4.832997611761283
4,6,73,4.768291348449407
4,6,74,4.985656895260399
4,6,75,4.977571256582822
4,6,76,4.892483198361637
4,6,77,4.8064504040374745
4,6,78,4.986401215915757
4,6,79,4.80977900058516
4,6,80,5.13173182387362
4,6,81,4.506830687975449
4,6,82,5.163825440169698
4,6,83,4.967888712258648
4,6,84,4.959750177296685
4,6,85,5.185057160473967
4,6,86,5.333369109274438
4,6,87,4.855839327238178
4,6,88,5.3959647425395
4,6,89,5.134708663399664
4,6,90,5.063817900819207
4,6,91,4.843034383411372
4,6,92,5.420289803686364
4,6,93,4.903866106641326
4,6,94,5.047158061878313
4,6,95,5.11873417949094
4,6,96,4.953042570070241
4,6,97,4.914446233177317
4,6,98,4.804406895991828
4,6,99,5.007518014774734
4,6,100,4.826205357080184
4,7,1,5.3653426353130556
4,7,2,4.880450292422489
4,7,3,4.809530840257486
4,7,4,5.577972600058495
4,7,5,5.404944056465778
4,7,6,5.078836918812186
4,7,7,5.108600884142781
4,7,8,5.056126690754833
4,7,9,4.852762547103584
4,7,10,5.0985985021942675
4,7,11,4.785082834844958
4,7,12,4.81058026579873
4,7,13,5.162969434025755
4,7,14,4.891280331334131
4,7,15,4.965487855763618
4,7,16,5.263775201433605
4,7,17,4.8722180313048735
4,7,18,4.947385763458183
4,7,19,5.0487372342013
4,7,20,5.043668465330625
4,7,21,4.896846604300783
4,7,22,4.9401988057343695
4,7,23,5.080053307636054
4,7,24,5.00156085459334
4,7,25,5.0287687454652
4,7,26,4.934028953042733
4,7,27,4.8831492505851575
4,7,28,5.038804159303703
4,7,29,5.084950687244018
4,7,30,4.928066628730275
4,7,31,4.992147081772977
4,7,32,4.890995941193693
4,7,33,5.086280034376832
4,7,34,5.24661603086602
4,7,35,5.83273627545345
4,7,36,5.1209671078115955
4,7,37,5.08187105909889
4,7,38,5.452215275014619
4,7,39,5.152678140725583
4,7,40,5.161186431246355
4,7,41,4.84239552794033
4,7,42,5.056539672908141
4,7,43,5.302914315389117
4,7,44,5.229767845816277
4,7,45,5.085951412668224
4,7,46,5.366624022820377
4,7,47,5.566984240345207
4,7,48,4.861055300029281
4,7,49,5.049871014189592
4,7,50,5.236642070070228
4,7,51,5.072322934025754
4,7,52,5.178244596547699
4,7,53,5.064423077677011
4,7,54,4.787518339964914
4,7,55,5.172362956846113
4,7,56,5.02997205178469
4,7,57,5.031340431831495
4,7,58,5.114414549297848
4,7,59,4.974918228788776
4,7,60,5.548389019748383
4,7,61,5.012624595084858
4,7,62,5.292795619514343
4,7,63,5.263247832504394
4,7,64,5.015779370099487
4,7,65,5.202825493417207
4,7,66,5.238058382972508
4,7,67,5.24139517378585
4,7,68,5.230619879900533
4,7,69,5.300612668958469
4,7,70,5.387116855324755
4,7,71,4.976411540813357
4,7,72,5.087917624488015
4,7,73,4.960600812463447
4,7,74,5.201532866734941
4,7,75,5.097345027794043
4,7,76,4.904006482592187
4,7,77,5.036117403452324
4,7,78,5.329466831480406
4,7,79,5.155916719719141
4,7,80,4.933672714745482
4,7,81,4.871856940315994
4,7,82,5.356430585868934
4,7,83,5.144786369075491
4,7,84,4.880736984055026
4,7,85,5.178352868636629
4,7,86,5.486381074897595
4,7,87,4.821624541105935
4,7,88,5.135568324458754
4,7,89,5.282433710356945
4,7,90,5.195872872732606
4,7,91,5.139058519016976
4,7,92,5.0277780449093115
4,7,93,5.078034134289062
4,7,94,4.939691428174392
4,7,95,5.004856888385032
4,7,96,5.048079974546534
4,7,97,4.845282168665901
4,7,98,5.047344184903458
4,7,99,4.893276269455851
4,7,100,4.816868774429515
4,8,1,5.135856895991821
4,8,2,4.965704443241679
4,8,3,4.859042863224131
4,8,4,5.150159527940323
4,8,5,5.378705952603873
4,8,6,5.156726078701009
4,8,7,4.903585407987146
4,8,8,5.037947499707433
4,8,9,5.047178584844947
4,8,10,4.917501565974272
4,8,11,4.814783942510264
4,8,12,4.7736371241954565
4,8,13,5.350014499268596
4,8,14,4.914908749414883
4,8,15,5.154157453920432
4,8,16,5.234259385898198
4,8,17,4.871442304856658
4,8,18,5.25116303715624
4,8,19,4.900224893504997
4,8,20,5.035624146723248
4,8,21,5.239779821240503
4,8,22,5.0118071530134785
4,8,23,5.235636040081925
4,8,24,5.12320346021066
4,8,25,5.18808655193096
4,8,26,4.85741832387363
4,8,27,4.9124296230251865
4,8,28,4.9868412969573015
4,8,29,5.336444278818039
4,8,30,5.092117789496797
4,8,31,5.037535747513174
4,8,32,4.859633728642501
4,8,33,5.231257755119954
4,8,34,5.223354709479242
4,8,35,5.532344441778803
4,8,36,5.160135163545949
4,8,37,5.312092968256298
4,8,38,5.202726804564078
4,8,39,5.2075251263897115
4,8,40,5.161971939145712
4,8,41,5.17806490359859
4,8,42,5.1950486082504455
4,8,43,5.253779577677012
4,8,44,5.288126699824468
4,8,45,5.195420369368057
4,8,46,5.649134947630172
4,8,47,5.419286819485086
4,8,48,4.959977268578141
4,8,49,5.119316538472798
4,8,50,5.223323113370402
4,8,51,5.029585830163856
4,8,52,5.049838786717393
4,8,53,5.0831053428905895
4,8,54,4.802599531451171
4,8,55,5.288130934757178
4,8,56,5.138586044470461
4,8,57,4.961466201287325
4,8,58,5.1433636786132375
4,8,59,5.440692789643077
4,8,60,5.085378972791124
4,8,61,4.86775793870686
4,8,62,5.5479605387653494
4,8,63,5.05115605807491
4,8,64,4.968461968402594
4,8,65,5.265851283060272
4,8,66,4.99538760400821
4,8,67,5.118398130631963
4,8,68,4.758677321679365
4,8,69,4.922766871708625
4,8,70,5.15622201184904
4,8,71,5.468928600643644
4,8,72,5.125130540081932
4,8,73,5.1055032118197845
4,8,74,5.070041428320663
4,8,75,4.909916371416061
4,8,76,4.87961654754245
4,8,77,4.9006864844938836
4,8,78,4.915090437682879
4,8,79,5.230136841135181
4,8,80,4.8670468531305024
4,8,81,4.792799598741977
4,8,82,5.362883019455825
4,8,83,5.187202967378601
4,8,84,4.953596999122317
4,8,85,5.141414455090698
4,8,86,5.366952006436518
4,8,87,4.909483633118807
4,8,88,5.094059030719724
4,8,89,5.0429857875951
4,8,90,5.017416398771224
4,8,91,5.119882228642488
4,8,92,5.420676922030417
4,8,93,5.297939305002924
4,8,94,5.184616740930376
4,8,95,5.0434907908133475
4,8,96,4.9683954395845795
4,8,97,5.055568499853724
4,8,98,4.999209081772979
4,8,99,4.929663902135769
4,8,100,5.088191585430084
4,9,1,5.375104618490349
4,9,2,4.733335938560584
4,9,3,4.8494485620246
4,9,4,5.22688379622587
4,9,5,4.981574793446482
4,9,6,4.976652731421903
4,9,7,5.219549090403756
4,9,8,4.951590309245189
4,9,9,5.164397694411938
4,9,10,5.015960462551212
4,9,11,5.151534577969576
4,9,12,4.989278833089542
4,9,13,5.215787305441791
4,9,14,4.9472081870977345
4,9,15,5.3538288990637835
4,9,16,4.967186502925713
4,9,17,5.267897023112941
4,9,18,4.98194374180809
4,9,19,4.977036167349352
4,9,20,5.019443832650695
4,9,21,5.055227229666481
4,9,22,4.999078076945597
4,9,23,5.03578063150967
4,9,24,4.914252912375678
4,9,25,4.836278797103589
4,9,26,4.842415050029272
4,9,27,5.159047622293744
4,9,28,5.087623283206572
4,9,29,5.087348401696912
4,9,30,4.957333523990661
4,9,31,4.703248522674097
4,9,32,4.911365674370991
4,9,33,4.711999085722656
4,9,34,5.4347170007314185
4,9,35,5.768325782036243
4,9,36,5.286587797396145
4,9,37,5.2462655133118865
4,9,38,5.242205500292571
4,9,39,5.165698313633715
4,9,40,5.093175424809838
4,9,41,5.229626961527206
4,9,42,5.023146925687541
4,9,43,5.159037158864831
4,9,44,5.197388166617913
4,9,45,5.1203450207723815
4,9,46,5.3784771326799445
4,9,47,5.346535356056179
4,9,48,5.088213877998851
4,9,49,5.081177639555304
4,9,50,5.117084881217095
4,9,51,4.869101335283804
4,9,52,5.222943126097136
4,9,53,4.8573736180515015
4,9,54,4.788485699531909
4,9,55,5.065718582065544
4,9,56,4.9626691009362425
4,9,57,4.81357850906965
4,9,58,4.994992051053266
4,9,59,5.124189291398497
4,9,60,5.265064329286141
4,9,61,5.169923453189007
4,9,62,4.998196644236403
4,9,63,5.3608298086600374
4,9,64,4.885999582943256
4,9,65,5.022830539350511
4,9,66,5.393504230836749
4,9,67,5.292221126828565
4,9,68,4.847895653306053
4,9,69,5.136143649063788
4,9,70,5.218945160766542
4,9,71,4.957804675833839
4,9,72,5.091316315096555
4,9,73,5.081170383703927
4,9,74,5.204627757021662
4,9,75,5.142100015359871
4,9,76,4.913129137799913
4,9,77,4.825715757167959
4,9,78,5.279023525892351
4,9,79,5.014463579139867
4,9,80,4.988590020040969
4,9,81,4.731721427589252
4,9,82,5.231752046518438
4,9,83,5.034467729373919
4,9,84,4.796565628730279
4,9,85,5.138366500585141
4,9,86,5.28527539028672
4,9,87,4.78973365681687
4,9,88,5.10847006436513
4,9,89,5.25550920304273
4,9,90,5.188781580456413
4,9,91,5.013053958455249
4,9,92,5.180228161059105
4,9,93,5.215844593475724
4,9,94,4.978901259215934
4,9,95,5.4169739657694596
4,9,96,4.969883743563513
4,9,97,4.969700245026349
4,9,98,5.040748557343488
4,9,99,5.135074826799309
4,9,100,4.941184967963738
4,10,1,5.283924725863094
4,10,2,5.049969127413705
4,10,3,4.771990582358126
4,10,4,5.216436116734945
4,10,5,5.227210654622597
4,10,6,4.997567314950284
4,10,7,5.113793535693396
4,10,8,5.104164821971921
4,10,9,4.920986399795221
4,10,10,4.853217596840276
4,10,11,4.900364337185517
4,10,12,4.8197156057636255
4,10,13,5.210506287302529
4,10,14,4.845377437829163
4,10,15,5.308245120245772
4,10,16,5.0447336849034725
4,10,17,4.780378958747827
4,10,18,5.2002278433294435
4,10,19,4.993288357811605
4,10,20,5.130702073288491
4,10,21,4.991560827969588
4,10,22,4.841812597279136
4,10,23,4.8054254629900734
4,10,24,4.92880696167351
4,10,25,5.097508324751329
4,10,26,4.935623479959052
4,10,27,4.968457413984809
4,10,28,5.038333328993578
4,10,29,5.097168913838516
4,10,30,4.832702108543034
4,10,31,4.957818476740801
4,10,32,4.9523581358982085
4,10,33,4.778193374926872
4,10,34,5.501853157401981
4,10,35,6.005679288472747
4,10,36,5.093514047103581
4,10,37,4.962967327091883
4,10,38,5.1850168010532585
4,10,39,5.190870959625522
4,10,40,5.374182729373913
4,10,41,5.141498126097137
4,10,42,4.9767674406085565
4,10,43,5.119291977472203
4,10,44,4.970701864979537
4,10,45,5.318921326945588
4,10,46,5.233228121708612
4,10,47,5.536870135020454
4,10,48,4.822180965915767
4,10,49,5.198798566120535
4,10,50,5.180505846255126
4,10,51,5.082379179929797
4,10,52,5.386376220011706
4,10,53,4.88746905193097
4,10,54,4.726882091866612
4,10,55,5.017757363662975
4,10,56,4.941455792276206
4,10,57,4.884800881070821
4,10,58,5.27029812097719
4,10,59,5.169079140140444
4,10,60,5.043740847717969
4,10,61,5.030758316998254
4,10,62,5.1361116979227655
4,10,63,4.986122752486847
4,10,64,4.915285058660056
4,10,65,4.908749806904636
4,10,66,5.112413262873033
4,10,67,5.326235153744897
4,10,68,5.109843136922191
4,10,69,5.173451502486835
4,10,70,4.962269690316001
4,10,71,5.017211533937984
4,10,72,5.092215667788198
4,10,73,5.125423751170286
4,10,74,5.025301419251031
4,10,75,4.967148790228227
4,10,76,4.8850887911059395
4,10,77,4.994433254388555
4,10,78,5.01398672893507
4,10,79,4.9324144602106665
4,10,80,4.989526296957299
4,10,81,4.671799767993002
4,10,82,5.25769335766531
4,10,83,5.0151650909889
4,10,84,4.931840446313662
4,10,85,5.1372238722937444
4,10,86,5.614227458455215
4,10,87,4.86730278788768
4,10,88,5.424857794177889
4,10,89,5.032329324312482
4,10,90,5.096778402574613
4,10,91,5.198340174370981
4,10,92,5.078975530719726
4,10,93,5.215751941486248
4,10,94,5.119198622147471
4,10,95,5.048301390871865
4,10,96,4.918051911351692
4,10,97,4.944094614248121
4,10,98,4.940444863516689
4,10,99,5.012855341135184
4,10,100,5.085140907255715
4,11,1,4.874639582358123
4,11,2,4.939849624195459
4,11,3,4.831404205237006
4,11,4,5.0833054705968514
4,11,5,5.152089622001184
4,11,6,5.1833123202165154
4,11,7,5.1097718194850925
4,11,8,4.967020251316576
4,11,9,4.783646557489775
4,11,10,5.095362250585141
4,11,11,4.693399743124653
4,11,12,4.807711405061469
4,11,13,5.078061349034543
4,11,14,4.750981406963153
4,11,15,5.022250661790532
4,11,16,4.932772461966089
4,11,17,4.894349368929219
4,11,18,4.914530542129916
4,11,19,4.9739405449093255
4,11,20,5.280500574458764
4,11,21,5.012600357226457
4,11,22,5.041556094060859
4,11,23,5.1365505291106
4,11,24,5.012384456114696
4,11,25,5.142214720743128
4,11,26,5.019603905792874
4,11,27,4.89339187419546
4,11,28,5.031901959332962
4,11,29,4.84963140535403
4,11,30,5.3457705933294415
4,11,31,4.917876701141042
4,11,32,4.853625867758944
4,11,33,5.16303575804565
4,11,34,5.241408548420141
4,11,35,5.396970912814527
4,11,36,4.8941101383850425
4,11,37,5.174536870830908
4,11,38,5.295008677150384
4,11,39,4.9568139624049365
4,11,40,5.179525625658285
4,11,41,5.317180876682271
4,11,42,4.907826648478657
4,11,43,5.261280950994734
4,11,44,4.914592945289668
4,11,45,5.1750996954359305
4,11,46,5.521048567144522
4,11,47,5.388024168958457
4,11,48,4.956376809098918
4,11,49,4.770521561439455
4,11,50,4.965601126097151
4,11,51,4.840571760971349
4,11,52,5.104080611468703
4,11,53,4.747391597571697
4,11,54,5.030083648771223
4,11,55,5.025603345816282
4,11,56,4.96053432284964
4,11,57,4.810211108981892
4,11,58,4.965418406085453
4,11,59,5.0371234104739795
4,11,60,5.4044730408133494
4,11,61,5.117548941339968
4,11,62,5.165759749853723
4,11,63,4.620806750877725
4,11,64,4.905456433733194
4,11,65,5.25260775672909
4,11,66,5.334345125512011
4,11,67,5.325296447045068
4,11,68,4.622159863662984
4,11,69,4.998043603276785
4,11,70,5.152863443241667
4,11,71,4.993684437829152
4,11,72,5.616241858250419
4,11,73,4.9264906851960335
4,11,74,4.904150863077838
4,11,75,4.908175820947954
4,11,76,4.9318552428321
4,11,77,4.683952899795223
4,11,78,4.810267776038644
4,11,79,5.036224732445897
4,11,80,4.733478303540104
4,11,81,4.797317505119973
4,11,82,5.2734181531597555
4,11,83,5.1421789289058015
4,11,84,4.9502537674078635
4,11,85,5.170272881802227
4,11,86,5.446817243563484
4,11,87,4.91768205149212
4,11,88,5.056388331772976
4,11,89,5.256402328408436
4,11,90,5.112291305002936
4,11,91,5.104625535400831
4,11,92,4.974055942510253
4,11,93,5.535826981860728
4,11,94,4.991218687536592
4,11,95,4.887582544763041
4,11,96,4.918591824605051
4,11,97,4.879480122293759
4,11,98,4.913983124341739
4,11,99,4.750206010678775
4,11,100,4.983261355763612
4,12,1,4.935284333089544
4,12,2,5.17341878715624
4,12,3,4.710578418958475
4,12,4,5.112433844207148
4,12,5,5.091707078262149
4,12,6,4.987749514189608
4,12,7,4.903990536717398
4,12,8,4.99752284157404
4,12,9,4.790409060269176
4,12,10,4.934800368197793
4,12,11,4.7293729887361255
4,12,12,4.7189546426272875
4,12,13,5.068498947337635
4,12,14,4.847061028086619
4,12,15,5.085495425541259
4,12,16,5.123243302223535
4,12,17,4.74353506202459
4,12,18,5.025456062024588
4,12,19,4.764152218841452
4,12,20,5.079731955383283
4,12,21,4.866872181685221
4,12,22,4.828838918665911
4,12,23,4.793072007021672
4,12,24,4.957093211380947
4,12,25,4.802960940315998
4,12,26,4.7492828548859185
4,12,27,5.039359887068475
4,12,28,5.04299585415449
4,12,29,5.12358425541253
4,12,30,4.970500656231738
4,12,31,4.766154315974272
4,12,32,4.9410876205383465
4,12,33,4.836698541398488
4,12,34,5.194157537887666
4,12,35,5.524986201872425
4,12,36,5.317097369075489
4,12,37,5.185310761410186
4,12,38,5.090978647600944
4,12,39,5.0511024704505685
4,12,40,5.1127121079578854
4,12,41,4.969334124341731
4,12,42,5.126791545640732
4,12,43,5.174717345523704
4,12,44,5.237587254827399
4,12,45,5.190836660181395
4,12,46,4.988044537156253
4,12,47,5.163862102984205
4,12,48,4.8362942864248355
4,12,49,5.159335932124056
4,12,50,5.074337315681699
4,12,51,5.161232411497967
4,12,52,4.994542448361627
4,12,53,4.985042161351682
4,12,54,4.814762644090136
4,12,55,5.057208280280876
4,12,56,5.043377433440623
4,12,57,4.811166261556488
4,12,58,4.884407832358124
4,12,59,5.503016619075487
4,12,60,4.998629239467534
4,12,61,5.009873038472804
4,12,62,4.941899341866607
4,12,63,4.769734241222958
4,12,64,4.855788858396743
4,12,65,4.989725435781173
4,12,66,5.092993786424821
4,12,67,5.284241603423069
4,12,68,4.850324209625531
4,12,69,4.790027699678201
4,12,70,5.056650955383278
4,12,71,5.060106216793455
4,12,72,5.064231221767122
4,12,73,4.859462161644255
4,12,74,5.288698627852555
4,12,75,4.914796698069062
4,12,76,5.093485744880065
4,12,77,4.97800080763606
4,12,78,4.92461249561149
4,12,79,5.017776234201302
4,12,80,4.978981375512012
4,12,81,4.667902299590428
4,12,82,5.432947666617898
4,12,83,5.182154078847285
4,12,84,4.8102757649210375
4,12,85,5.1389820966939785
4,12,86,5.259706014774727
4,12,87,4.7399265412522125
4,12,88,4.969695489613823
4,12,89,5.263232260532496
4,12,90,5.000347258045657
4,12,91,5.088773905500304
4,12,92,5.089285132241077
4,12,93,5.142920005119957
4,12,94,5.172135167788187
4,12,95,4.957131681246356
4,12,96,4.869081473961398
4,12,97,4.8023968118783165
4,12,98,5.080497974400241
4,12,99,5.131770419104752
4,12,100,4.993834354593344
4,13,1,5.1168749795202
4,13,2,4.907261252047994
4,13,3,4.845648991954381
4,13,4,5.1663945153598725
4,13,5,5.44799177940316
4,13,6,4.875847318314826
4,13,7,5.157300530280871
4,13,8,5.112099987565837
4,13,9,4.919843397454665
4,13,10,4.928127566266833
4,13,11,4.788963777794052
4,13,12,4.8507525545640915
4,13,13,5.101787717671173
4,13,14,4.7773344040374655
4,13,15,4.99611168885314
4,13,16,4.821712054271532
4,13,17,4.873705781451161
4,13,18,4.964341052516109
4,13,19,5.168657646430673
4,13,20,5.014716678759534
4,13,21,5.158933234055009
4,13,22,4.948371976009388
4,13,23,5.3743766565242845
4,13,24,4.943337457138701
4,13,25,4.890116690462274
4,13,26,4.865787114101835
4,13,27,5.002955849180825
4,13,28,5.012675301784693
4,13,29,4.936600826506746
4,13,30,4.886716892334723
4,13,31,4.933756756729101
4,13,32,4.720945216500899
4,13,33,4.964701306026927
4,13,34,5.171508855178478
4,13,35,5.8375294318314435
4,13,36,5.255897823727341
4,13,37,5.249923771650101
4,13,38,5.1764333248976016
4,13,39,4.886932035254556
4,13,40,5.41828974268578
4,13,41,5.181572081480395
4,13,42,5.12425574736689
4,13,43,5.274111437829148
4,13,44,5.20199929549445
4,13,45,5.081977038911649
4,13,46,5.375917189292
4,13,47,5.2350191597425475
4,13,48,4.986049626682301
4,13,49,5.0457626007899465
4,13,50,5.054967376535997
4,13,51,5.036521855324767
4,13,52,5.218242754242247
4,13,53,4.860714964599194
4,13,54,4.798996767554151
4,13,55,5.264381696898779
4,13,56,5.038239358543026
4,13,57,4.838050620830921
4,13,58,5.074177405207741
4,13,59,5.18633683996491
4,13,60,5.192022922176721
4,13,61,5.0134758118782985
4,13,62,5.100246114101821
4,13,63,5.012516502925704
4,13,64,4.910710414131088
4,13,65,5.220221143066131
4,13,66,5.252736769016975
4,13,67,5.384343826214177
4,13,68,4.9900686999707595
4,13,69,5.097671810269172
4,13,70,5.267582531743722
4,13,71,4.9446659166179225
4,13,72,5.224481349034535
4,13,73,4.990497431831497
4,13,74,5.084138785839679
4,13,75,5.108595937829155
4,13,76,4.775780263165627
4,13,77,4.930089820655383
4,13,78,5.020354038180234
4,13,79,5.007598270918686
4,13,80,4.990396666032778
4,13,81,4.636190485956727
4,13,82,5.382684955529561
4,13,83,4.957837626097156
4,13,84,4.799012582796982
4,13,85,4.981418312317155
4,13,86,5.367849941925103
4,13,87,4.869177166617925
4,13,88,5.104570402720891
4,13,89,4.961674027794052
4,13,90,5.107252303101241
4,13,91,5.214828845523706
4,13,92,5.187539254534814
4,13,93,5.150396824897607
4,13,94,5.1481324284669485
4,13,95,5.064313345084852
4,13,96,5.083489788033954
4,13,97,4.8361507558513965
4,13,98,4.888772538619093
4,13,99,4.959602155207743
4,13,100,4.813968631217105
4,14,1,5.287224802662391
4,14,2,4.93162882811588
4,14,3,4.986571346547706
4,14,4,5.124826448946762
4,14,5,5.128440558074905
4,14,6,4.737325752925708
4,14,7,5.058770181538922
4,14,8,5.169612888823878
4,14,9,4.7804391616442485
4,14,10,5.052281045640736
4,14,11,4.683045371708624
4,14,12,4.81771463677591
4,14,13,5.0630510384728105
4,14,14,4.767895480690478
4,14,15,5.256570263165598
4,14,16,5.120004549882985
4,14,17,4.653952935488608
4,14,18,4.984854253803409
4,14,19,4.971616836454091
4,14,20,5.072997942802832
4,14,21,5.091326372001179
4,14,22,4.900195629022848
4,14,23,5.051162622586321
4,14,24,5.008927831919267
4,14,25,4.8552005653891355
4,14,26,4.727031275307217
4,14,27,4.900948614394408
4,14,28,5.012984259069649
4,14,29,5.126052260239912
4,14,30,5.064351829578716
4,14,31,4.902981333967252
4,14,32,4.983536484932724
4,14,33,4.73238497849621
4,14,34,5.150419056758354
4,14,35,5.7572716026916
4,14,36,5.3926017856933965
4,14,37,5.235782910473974
4,14,38,5.228062150087773
4,14,39,4.936391706553564
4,14,40,5.439360072264479
4,14,41,4.951718467671161
4,14,42,5.066324120538335
4,14,43,5.255735189584558
4,14,44,5.190593111029848
4,14,45,5.0974900184318335
4,14,46,5.312964208894102
4,14,47,5.291693637361037
4,14,48,4.9144443551784915
4,14,49,5.157042894967822
4,14,50,5.104231121123474
4,14,51,4.893479243417223
4,14,52,4.953103078701013
4,14,53,5.058900778379181
4,14,54,4.7285568604447255
4,14,55,5.196948566851967
4,14,56,5.024836251462864
4,14,57,4.93831656655941
4,14,58,5.073750176857826
4,14,59,5.41392401067877
4,14,60,4.955712780866025
4,14,61,5.053880421445295
4,14,62,5.204054191486258
4,14,63,4.898308829286151
4,14,64,4.988466495172628
4,14,65,5.446657829578705
4,14,66,4.971333406378018
4,14,67,5.3843660431539035
4,14,68,4.803827407109446
4,14,69,4.860701383996508
4,14,70,5.006390869660636
4,14,71,4.922687809098901
4,14,72,5.083414124780579
4,14,73,4.9219785649502805
4,14,74,5.0991795621708675
4,14,75,5.060030479520205
4,14,76,4.961015290520798
4,14,77,5.2537772517554115
4,14,78,5.158430671006447
4,14,79,5.234175165008787
4,14,80,4.878841538472809
4,14,81,4.723714788326529
4,14,82,5.422149366296083
4,14,83,4.8555955286717625
4,14,84,4.909295910620266
4,14,85,5.0190387543885375
4,14,86,5.27258639526039
4,14,87,4.907354004534839
4,14,88,5.041758830895269
4,14,89,5.067561812902298
4,14,90,4.956570871416052
4,14,91,5.131497402574615
4,14,92,5.249595281304865
4,14,93,5.122413654768875
4,14,94,5.0499125996196765
4,14,95,5.167031790374492
4,14,96,5.142924486249281
4,14,97,4.84796649722062
4,14,98,4.850889448654196
4,14,99,4.7863230241369425
4,14,100,4.855174740930386
4,15,1,4.985967735225293
4,15,2,5.0503356576945695
4,15,3,4.787427660181421
4,15,4,5.055926375365721
4,15,5,5.312614720889423
4,15,6,5.129311810415462
4,15,7,4.960986727033367
4,15,8,5.1268733718548924
4,15,9,4.907221904768889
4,15,10,4.87551081085432
4,15,11,4.621638207870127
4,15,12,4.917569719280301
4,15,13,5.391596329139856
4,15,14,4.751909302223536
4,15,15,5.259780192510246
4,15,16,5.197715216793456
4,15,17,4.875670097425418
4,15,18,4.996534502925702
4,15,19,5.047310672176724
4,15,20,4.7771962390287
4,15,21,4.915548738882409
4,15,22,5.073646948946765
4,15,23,5.3662205501755444
4,15,24,5.021223082943251
4,15,25,5.034397687244015
4,15,26,4.834988076506744
4,15,27,4.804235144821561
4,15,28,4.960565120977198
4,15,29,4.892264389701597
4,15,30,4.964534724985396
4,15,31,4.850231383850218
4,15,32,4.801199481421907
4,15,33,4.952493911205395
4,15,34,5.085424972937405
4,15,35,5.763966581480371
4,15,36,5.3084847753072095
4,15,37,5.137330263458166
4,15,38,5.241525388677592
4,15,39,5.008154651550628
4,15,40,5.117104147893517
4,15,41,5.256735685342305
4,15,42,4.995160625512005
4,15,43,5.096246222059686
4,15,44,5.100773380631955
4,15,45,5.254723369953196
4,15,46,5.5884206492100414
4,15,47,5.370747150380349
4,15,48,4.8411534511410395
4,15,49,5.100637765506154
4,15,50,5.492376280865991
4,15,51,5.1017317220597
4,15,52,4.891035650380354
4,15,53,5.368477659303704
4,15,54,4.775342924371
4,15,55,4.902678127852561
4,15,56,4.709666601813947
4,15,57,5.045703075629037
4,15,58,5.014174356933898
4,15,59,5.15792712170861
4,15,60,5.143628797688718
4,15,61,4.81116431129317
4,15,62,5.292289420421307
4,15,63,5.142540602984211
4,15,64,5.0014803134874315
4,15,65,5.053351099619668
4,15,66,5.0330841895845655
4,15,67,5.409148526477482
4,15,68,4.741497860005879
4,15,69,4.853964136483345
4,15,70,5.308419855032188
4,15,71,5.0553604455822265
4,15,72,5.224624513604452
4,15,73,4.925833452018743
4,15,74,5.025573782621425
4,15,75,4.881933801345841
4,15,76,5.091515711819796
4,15,77,5.2725519378291485
4,15,78,5.1026601787595185
4,15,79,4.979804027794044
4,15,80,4.948041687097734
4,15,81,4.802828567290836
4,15,82,5.435445081772969
4,15,83,5.147194478788777
4,15,84,5.014235598888251
4,15,85,5.139236180368646
4,15,86,5.348771992246932
4,15,87,4.948687151843204
4,15,88,5.002907988150977
4,15,89,4.818414500877734
4,15,90,5.036123817290823
4,15,91,4.902490877998854
4,15,92,5.264354686658869
4,15,93,5.344960772820363
4,15,94,4.943228839233489
4,15,95,4.9762254625512155
4,15,96,4.970914627998855
4,15,97,4.934443980544197
4,15,98,4.838871363224119
4,15,99,4.852796115710964
4,15,100,4.856109795201887
5,1,1,5.109371494733773
5,1,2,4.644805358981884
5,1,3,5.0590510393505035
5,1,4,5.070941741808079
5,1,5,5.349417050614404
5,1,6,4.974875860298441
5,1,7,4.975353860005878
5,1,8,4.731195656670592
5,1,9,5.058359457723828
5,1,10,4.662928185488608
5,1,11,4.946175316851985
5,1,12,5.109760293446472
5,1,13,5.112086009362208
5,1,14,5.03505075994735
5,1,15,4.741027448507921
5,1,16,4.88156441105912
5,1,17,5.107167043007617
5,1,18,4.807684166764209
5,1,19,4.851962685927466
5,1,20,4.782529718987732
5,1,21,4.924718162229396
5,1,22,4.61303207577533
5,1,23,4.983123035400842
5,1,24,4.953907492246948
5,1,25,4.7073780059976755
5,1,26,4.830254705822133
5,1,27,5.08662715374489
5,1,28,4.938401708162688
5,1,29,4.96551673259217
5,1,30,5.12640934932709
5,1,31,5.355514843183149
5,1,32,4.768901072264498
5,1,33,4.700560685488608
5,1,34,4.89417039745468
5,1,35,4.801184850204817
5,1,36,4.852944725424247
5,1,37,4.960353051492115
5,1,38,4.724276238443547
5,1,39,4.946100601521374
5,1,40,4.79466392832067
5,1,41,4.898745298712718
5,1,42,4.9597995529549594
5,1,43,4.829874535839686
5,1,44,5.132925223668829
5,1,45,4.839454091866611
5,1,46,5.269874534230553
5,1,47,4.815911675248709
5,1,48,4.895186036132259
5,1,49,5.252100107080177
5,1,50,4.834105481568183
5,1,51,4.821903462258651
5,1,52,4.694346857957887
5,1,53,4.713247190608558
5,1,54,5.184947763897017
5,1,55,5.014037194704519
5,1,56,5.009273490930387
5,1,57,5.131077377413704
5,1,58,5.021011307636053
5,1,59,4.780411656378015
5,1,60,4.781789108543028
5,1,61,5.073567221035709
5,1,62,5.14663437404916
5,1,63,4.9168355917203295
5,1,64,4.8991052121123655
5,1,65,4.821968362785269
5,1,66,5.2148896625219505
5,1,67,4.968813241954376
5,1,68,5.129669883703931
5,1,69,4.825841198361635
5,1,70,5.098397886775896
5,1,71,4.903769688706865
5,1,72,5.007459876536
5,1,73,4.803245275014648
5,1,74,4.9749860253072224
5,1,75,4.790661706699844
5,1,76,4.708214647015817
5,1,77,5.070099393066143
5,1,78,5.015092126682288
5,1,79,4.80714819382682
5,1,80,5.191896800906967
5,1,81,5.043968641749572
5,1,82,5.020472129169125
5,1,83,4.8849975993271
5,1,84,5.1155023184611
5,1,85,4.768512807197215
5,1,86,4.852919125658302
5,1,87,4.690508981129334
5,1,88,4.827061527062631
5,1,89,5.02290784347573
5,1,90,4.901278605763627
5,1,91,5.147869713575197
5,1,92,5.148146706699831
5,1,93,5.05550530471037
5,1,94,4.838043809391475
5,1,95,5.147467867758931
5,1,96,4.980636587185508
5,1,97,4.669451206699845
5,1,98,4.606096849034543
5,1,99,4.809779948069064
5,1,100,5.214577039496791
5,2,1,5.087543761410199
5,2,2,4.833622348888264
5,2,3,5.190631037448803
5,2,4,5.1767882889116486
5,2,5,5.342510282621426
5,2,6,4.937943048273868
5,2,7,5.018737883850231
5,2,8,4.916240595816287
5,2,9,4.929922313487439
5,2,10,4.683575711819794
5,2,11,5.010958653306053
5,2,12,5.203403686805157
5,2,13,5.32473625277941
5,2,14,5.007743686366314
5,2,15,4.859608477911079
5,2,16,4.8547609290521
5,2,17,4.943031503949696
5,2,18,4.886439342451744
5,2,19,4.822850976740808
5,2,20,4.683743680514936
5,2,21,4.985629017554141
5,2,22,5.078267460064376
5,2,23,4.961225164569944
5,2,24,4.988849832650692
5,2,25,4.923334383703937
5,2,26,5.000406715623185
5,2,27,4.984287304856657
5,2,28,4.969146214745484
5,2,29,4.91106640286719
5,2,30,5.141659861468694
5,2,31,5.435677880046802
5,2,32,5.018061174956126
5,2,33,4.762906144382698
5,2,34,5.246559235079009
5,2,35,4.844181824019912
5,2,36,4.849545749707459
5,2,37,5.073468314218849
5,2,38,4.825255153598605
5,2,39,5.044970549882982
5,2,40,4.814312176711539
5,2,41,5.12289095216502
5,2,42,5.143660786717383
5,2,43,4.7822973702457725
5,2,44,5.255155865125816
5,2,45,4.966783349327119
5,2,46,5.209928724985387
5,2,47,4.753283396869536
5,2,48,4.82978072132828
5,2,49,5.003170490052684
5,2,50,4.768420497659471
5,2,51,4.816771935049757
5,2,52,4.653202132679946
5,2,53,4.869367918958474
5,2,54,5.4794639749853795
5,2,55,5.197318873317738
5,2,56,4.90642449019896
5,2,57,5.280026180514928
5,2,58,5.022853449678187
5,2,59,4.8544177159157504
5,2,60,4.702255770333547
5,2,61,5.275963700555891
5,2,62,4.88585984332945
5,2,63,5.141113581480408
5,2,64,4.899046912375684
5,2,65,5.227969732153307
5,2,66,5.076918481860743
5,2,67,4.887686967524878
5,2,68,4.962589353569355
5,2,69,5.017666970743142
5,2,70,5.0354640788472915
5,2,71,4.864928943387963
5,2,72,4.940764621269768
5,2,73,4.950999839818623
5,2,74,5.015487331187854
5,2,75,4.659813724839102
5,2,76,4.706271977618509
5,2,77,4.9995807169397555
5,2,78,5.022287975131675
5,2,79,5.000360307636054
5,2,80,5.245610078993565
5,2,81,5.014490226740797
5,2,82,4.995364818168542
5,2,83,4.8994149507021785
5,2,84,5.019495681977785
5,2,85,4.991305000000013
5,2,86,4.883515474839108
5,2,87,4.698277254388552
5,2,88,4.841452563341152
5,2,89,4.965725722205982
5,2,90,5.065468556026936
5,2,91,5.087636642188432
5,2,92,4.773615247952038
5,2,93,5.023253785254548
5,2,94,4.857775526770057
5,2,95,5.0876008069046295
5,2,96,4.992085758923371
5,2,97,4.6949817669690095
5,2,98,4.744925726155671
5,2,99,4.8862495590989035
5,2,100,5.420051127706253
5,3,1,4.980421019748417
5,3,2,4.8665278051492376
5,3,3,5.2714861679344684
5,3,4,5.1594877690169705
5,3,5,5.197031110590999
5,3,6,4.948668638531329
5,3,7,5.02985739043303
5,3,8,4.976909623464033
5,3,9,5.065045848888257
5,3,10,4.701689969865434
5,3,11,4.989529211088381
5,3,12,5.203707069923948
5,3,13,5.120660554710365
5,3,14,4.972278441486268
5,3,15,4.7360424261264065
5,3,16,4.869030772674105
5,3,17,5.010884140286737
5,3,18,4.76461808967235
5,3,19,4.921956815535425
5,3,20,4.719662244880065
5,3,21,5.158520669251032
5,3,22,4.635346346986562
5,3,23,4.968871862492701
5,3,24,4.9994496010825165
5,3,25,4.965732056173211
5,3,26,4.952592913107098
5,3,27,5.111847869660626
5,3,28,5.168775325482747
5,3,29,5.178842248976025
5,3,30,5.202904026331188
5,3,31,5.118647249122298
5,3,32,5.10256758118784
5,3,33,4.918313222498557
5,3,34,5.008300800321848
5,3,35,4.893627358250452
5,3,36,4.965880856202477
5,3,37,5.026500704066716
5,3,38,4.832421982007037
5,3,39,4.943018663107099
5,3,40,4.92014413297251
5,3,41,4.858408901258065
5,3,42,5.151907338502055
5,3,43,5.023735499268589
5,3,44,5.149216020479824
5,3,45,4.817635263458193
5,3,46,5.294279590696322
5,3,47,4.816286975863097
5,3,48,4.940817783499134
5,3,49,4.9799774388531475
5,3,50,4.853684240491533
5,3,51,4.819695991661814
5,3,52,4.7249309205676
5,3,53,4.819731715184336
5,3,54,5.255105720743131
5,3,55,5.224607327530725
5,3,56,5.028914496489184
5,3,57,5.097848664277371
5,3,58,4.9190583493271145
5,3,59,4.873482272674096
5,3,60,4.7447179679637435
5,3,61,5.278730211819781
5,3,62,4.8429733695143575
5,3,63,5.018293226448232
5,3,64,5.012824039204231
5,3,65,5.104498241369225
5,3,66,5.117771788326516
5,3,67,4.958427710210654
5,3,68,5.038235986102995
5,3,69,4.743945768139283
5,3,70,4.895070816705691
5,3,71,4.850134418665904
5,3,72,5.160134275014637
5,3,73,4.912691425102418
5,3,74,5.003743644236421
5,3,75,4.707511582943254
5,3,76,4.79891787390289
5,3,77,4.939980164862511
5,3,78,4.923964818753686
5,3,79,5.192772972791109
5,3,80,5.004739398186086
5,3,81,5.014611668958467
5,3,82,5.137643081041557
5,3,83,4.901148076945594
5,3,84,4.862384335576377
5,3,85,4.83697644148627
5,3,86,4.77349856187831
5,3,87,4.627445774868365
5,3,88,4.667482321533074
5,3,89,5.037431615272095
5,3,90,5.016088901404348
5,3,91,5.025990923493294
5,3,92,4.814511204798149
5,3,93,5.002568243417217
5,3,94,4.9726348010532675
5,3,95,5.085974319485093
5,3,96,5.0728943923347085
5,3,97,4.92570120728497
5,3,98,4.602202431392651
5,3,99,4.972758554125234
5,3,100,5.106072243563492
5,4,1,4.991531462990072
5,4,2,4.946628866881234
5,4,3,5.186481334991227
5,4,4,5.028742869953195
5,4,5,5.38208868183149
5,4,6,5.119031680661216
5,4,7,5.036471377560005
5,4,8,4.88524926974841
5,4,9,5.099892490052675
5,4,10,4.962147875219446
5,4,11,4.914517274429513
5,4,12,5.004331982592177
5,4,13,5.07089995435928
5,4,14,5.138576236834418
5,4,15,4.815075860737294
5,4,16,4.882381790520796
5,4,17,5.039574582650687
5,4,18,4.9627816094207295
5,4,19,5.5438293588355805
5,4,20,4.909318914862509
5,4,21,4.85996812931541
5,4,22,4.637637997513181
5,4,23,4.958919644675272
5,4,24,5.2401989755705145
5,4,25,4.799617031597444
5,4,26,5.087787834552373
5,4,27,5.132317916032778
5,4,28,5.207406767992986
5,4,29,5.0681545005851465
5,4,30,5.336026991222943
5,4,31,5.120587820509075
5,4,32,5.1783822271796405
5,4,33,4.895651019309552
5,4,34,5.144248646869527
5,4,35,4.820582279842026
5,4,36,4.865580980836767
5,4,37,5.109990857372743
5,4,38,4.811208837624353
5,4,39,4.803151679490956
5,4,40,4.9300160691925194
5,4,41,4.9707461851960435
5,4,42,5.019053651696905
5,4,43,4.819857566120559
5,4,44,5.203943725424231
5,4,45,5.097481564218863
5,4,46,5.355692203481579
5,4,47,4.763442577530741
5,4,48,4.89875134245174
5,4,49,4.84807651111763
5,4,50,4.8107727978350185
5,4,51,5.045616194558232
5,4,52,4.771187935488612
5,4,53,4.795419352545368
5,4,54,4.986225218110008
5,4,55,4.950413718841437
5,4,56,5.179485301784677
5,4,57,5.247537642773561
5,4,58,4.991989635020501
5,4,59,4.903597272527809
5,4,60,4.540620574458765
5,4,61,5.332621002486839
5,4,62,4.898268783937997
5,4,63,4.9297807175248956
5,4,64,4.800939032328871
5,4,65,5.167976363955534
5,4,66,5.144467655207732
5,4,67,5.100687945289649
5,4,68,4.979137982592181
5,4,69,4.843243637068477
5,4,70,5.187852309684036
5,4,71,4.963554846255134
5,4,72,5.220251647162093
5,4,73,4.87653194294911
5,4,74,5.146174878291417
5,4,75,4.676676053247529
5,4,76,4.733313360005873
5,4,77,5.139929854593337
5,4,78,5.2793359370977315
5,4,79,5.02981037946169
5,4,80,5.172941094060857
5,4,81,5.089476571094212
5,4,82,5.052049129754258
5,4,83,5.027435079871277
5,4,84,4.841073166910495
5,4,85,4.741507446606224
5,4,86,4.91514617173788
5,4,87,4.763781705090711
5,4,88,4.729267147308391
5,4,89,5.165749373756592
5,4,90,5.014987814365146
5,4,91,5.110390265359868
5,4,92,4.8745475772381655
5,4,93,5.062416534669412
5,4,94,5.048358381509665
5,4,95,4.926809553686381
5,4,96,5.138367540813348
5,4,97,4.7570117643358865
5,4,98,4.659786070362805
5,4,99,4.960821780866019
5,4,100,5.2745548529842115
5,5,1,4.707305747513184
5,5,2,4.831591151258064
5,5,3,5.0458878011995445
5,5,4,4.874263010239918
5,5,5,4.867584718256309
5,5,6,4.85549852325923
5,5,7,5.083089687682873
5,5,8,4.972504766237582
5,5,9,5.060537003657112
5,5,10,5.116729348156829
5,5,11,4.986445686805162
5,5,12,4.645225139409039
5,5,13,5.072735265067292
5,5,14,4.9913948741954455
5,5,15,4.878390162229397
5,5,16,4.969562062170877
5,5,17,4.981029171152738
5,5,18,4.813469406524303
5,5,19,5.136978663107095
5,5,20,4.729059842890596
5,5,21,4.993598650526639
5,5,22,4.643566287741395
5,5,23,4.924651250731447
5,5,24,5.033970558660047
5,5,25,4.799761245465211
5,5,26,4.992730313780006
5,5,27,4.859937753364554
5,5,28,5.072405175102419
5,5,29,4.648964886775914
5,5,30,4.884366618344075
5,5,31,4.95664056275602
5,5,32,4.768697707870114
5,5,33,5.309136086892929
5,5,34,4.880745599912254
5,5,35,5.108473003803408
5,5,36,4.926764923639575
5,5,37,4.64618149795204
5,5,38,5.021201913838516
5,5,39,5.156465857226454
5,5,40,4.827470173346997
5,5,41,4.897122476009387
5,5,42,5.335141449531898
5,5,43,4.940750636190766
5,5,44,4.972208291691063
5,5,45,5.058852950409607
5,5,46,4.928836208455257
5,5,47,4.912309515359879
5,5,48,5.032798712258636
5,5,49,4.994784750000019
5,5,50,4.712226336015236
5,5,51,4.6431588718549
5,5,52,4.77023157314221
5,5,53,4.787350446752507
5,5,54,4.90282858689294
5,5,55,4.821379430368667
5,5,56,5.059553863809257
5,5,57,4.781713514043312
5,5,58,4.6684458273844545
5,5,59,4.72457063165596
5,5,60,4.981341767407866
5,5,61,5.004563665593934
5,5,62,5.051119044763033
5,5,63,4.908724717086026
5,5,64,5.018575443973098
5,5,65,4.792420594499724
5,5,66,5.038923879315392
5,5,67,4.945498894236415
5,5,68,4.821844993124656
5,5,69,4.888989545494459
5,5,70,4.743695398039812
5,5,71,4.6561989167642075
5,5,72,5.017365392042142
5,5,73,4.956230795787022
5,5,74,5.017550379169121
5,5,75,4.941792551345827
5,5,76,5.125359913253373
5,5,77,4.852512798712717
5,5,78,4.852006519894687
5,5,79,4.878675443680533
5,5,80,5.223998197045063
5,5,81,5.0339453265067515
5,5,82,4.710761853715642
5,5,83,4.77459130763607
5,5,84,4.95720400731424
5,5,85,4.943699397600957
5,5,86,5.122698872586318
5,5,87,4.746020010532491
5,5,88,4.9174855870392165
5,5,89,5.127530034669395
5,5,90,4.762570249561171
5,5,91,5.1211655427150555
5,5,92,5.519325605178463
5,5,93,5.0552860119953325
5,5,94,4.860673398039808
5,5,95,5.3218761168812225
5,5,96,4.779520204066726
5,5,97,4.843295096693999
5,5,98,4.933087666910489
5,5,99,4.988833407255718
5,5,100,4.901750635020495
5,6,1,4.89513497527797
5,6,2,4.992553868344077
5,6,3,5.138161929783498
5,6,4,5.0542034262726805
5,6,5,5.001896523990658
5,6,6,4.772906396869536
5,6,7,5.376066832650691
5,6,8,5.001288983323592
5,6,9,5.020593618344076
5,6,10,4.663463231421903
5,6,11,4.86261287960798
5,6,12,5.074718473083685
5,6,13,5.300790495318904
5,6,14,4.940137298127585
5,6,15,4.785557572703358
5,6,16,4.796368876243447
5,6,17,4.872415846108859
5,6,18,4.850771030719736
5,6,19,4.842758306173222
5,6,20,4.621851941925116
5,6,21,4.9753454027209045
5,6,22,5.158576498098306
5,6,23,4.927462475131674
5,6,24,4.932026224107686
5,6,25,4.85673607065537
5,6,26,4.971341397454671
5,6,27,5.040892180368649
5,6,28,5.06696992466356
5,6,29,4.990353388092466
5,6,30,5.279864356495029
5,6,31,5.0302057562902345
5,6,32,4.881193014921032
5,6,33,4.740215572703351
5,6,34,5.142172706407276
5,6,35,4.896345755266254
5,6,36,4.963647471328285
5,6,37,5.1604363981860795
5,6,38,4.993531228788775
5,6,39,4.6727670485664365
5,6,40,4.813614885459347
5,6,41,4.898608492832085
5,6,42,5.374020700555888
5,6,43,4.9640648368929305
5,6,44,5.206517078554727
5,6,45,5.059599482299602
5,6,46,5.367211812609722
5,6,47,4.70264400541254
5,6,48,4.828215454066719
5,6,49,5.229605028379177
5,6,50,4.798668613662987
5,6,51,4.974165186073743
5,6,52,4.6716638911644415
5,6,53,4.749762382679955
5,6,54,4.904247039204232
5,6,55,4.997381555588068
5,6,56,5.029375999122306
5,6,57,5.358041443095385
5,6,58,5.023745503510843
5,6,59,4.987868292129913
5,6,60,4.661761904476321
5,6,61,4.981137397747242
5,6,62,4.9797141696899025
5,6,63,4.685554142627292
5,6,64,4.888253180222377
5,6,65,4.992553830163853
5,6,66,5.160565395114106
5,6,67,4.82050978993565
5,6,68,4.949402952896444
5,6,69,4.932356396869534
5,6,70,4.74970091544765
5,6,71,4.985319998537172
5,6,72,5.045804097425409
5,6,73,4.977994364833253
5,6,74,4.980807837770647
5,6,75,4.6121349833236
5,6,76,4.787961850497385
5,6,77,4.993357583674688
5,6,78,4.90979838355766
5,6,79,4.982382990784095
5,6,80,5.186220223668818
5,6,81,4.880392961527226
5,6,82,5.067331883411367
5,6,83,4.944443330456419
5,6,84,5.008463932855479
5,6,85,4.870715794324186
5,6,86,4.968885278525473
5,6,87,4.706970504681118
5,6,88,4.918223983908739
5,6,89,4.990933867612655
5,6,90,5.0708597783791856
5,6,91,5.212371947191354
5,6,92,4.772841197922775
5,6,93,5.049944493270931
5,6,94,4.98705234406087
5,6,95,4.986234327530735
5,6,96,5.075486783206568
5,6,97,4.835572324605053
5,6,98,4.688490914862515
5,6,99,4.853365841866605
5,6,100,5.176162023990654
5,7,1,5.031035623902887
5,7,2,4.742268313487435
5,7,3,5.097834854593337
5,7,4,5.0070906907548345
5,7,5,5.308402128876544
5,7,6,4.793812577969596
5,7,7,5.083209513019329
5,7,8,4.8266895389116575
5,7,9,4.919658296518453
5,7,10,4.666759528818038
5,7,11,4.930723156670595
5,7,12,5.086432620099485
5,7,13,5.036762261995334
5,7,14,4.948999591135194
5,7,15,4.815238848303121
5,7,16,4.772033532182585
5,7,17,4.936757592012891
5,7,18,4.731429185342328
5,7,19,4.864472088355789
5,7,20,4.8714915143358875
5,7,21,4.945436284376849
5,7,22,4.7229294030134765
5,7,23,4.9170593727326155
5,7,24,4.924311287741384
5,7,25,4.923058276770058
5,7,26,5.011660414277367
5,7,27,5.151536324751326
5,7,28,5.200261106202465
5,7,29,5.094666051199542
5,7,30,5.269086812024583
5,7,31,5.10193896079579
5,7,32,5.0945765940608645
5,7,33,4.786065198800485
5,7,34,5.166871451872456
5,7,35,4.8092352134289245
5,7,36,4.860115747366904
5,7,37,4.747623894528984
5,7,38,4.840941154183743
5,7,39,4.928516415008796
5,7,40,4.974832885751912
5,7,41,4.8611821034230775
5,7,42,4.977639564950279
5,7,43,4.943070743270933
5,7,44,5.108238371123473
5,7,45,4.906870888092477
5,7,46,5.302374959771808
5,7,47,4.696600429344662
5,7,48,4.940692472791121
5,7,49,4.977087038765376
5,7,50,4.7215261048859185
5,7,51,4.870444126536001
5,7,52,4.73722231699826
5,7,53,4.730331136629623
5,7,54,4.949702665155077
5,7,55,5.206927313779992
5,7,56,5.100066258045645
5,7,57,5.130430742832076
5,7,58,4.967989523112948
5,7,59,5.068441384142782
5,7,60,4.819398567583404
5,7,61,5.129757655646585
5,7,62,5.185256622732604
5,7,63,4.965294760532502
5,7,64,4.836367239760114
5,7,65,5.0596703104154495
5,7,66,5.210637439291985
5,7,67,5.00657353071973
5,7,68,4.806689495465206
5,7,69,4.848520158718568
5,7,70,4.976327993856078
5,7,71,4.880912072995922
5,7,72,5.28366745157988
5,7,73,5.018413377852558
5,7,74,4.973444490198969
5,7,75,4.647761174956127
5,7,76,4.717317044470469
5,7,77,5.159784422615583
5,7,78,5.00494792568756
5,7,79,5.0526817292276265
5,7,80,5.153892820216508
5,7,81,4.950282640433021
5,7,82,5.012366032182582
5,7,83,4.981322659011129
5,7,84,4.987148313780007
5,7,85,4.67788752501465
5,7,86,4.900921275014648
5,7,87,4.660882730983051
5,7,88,4.82733734654771
5,7,89,5.063049524429502
5,7,90,5.053581549151564
5,7,91,5.059922791544777
5,7,92,4.841082849765965
5,7,93,5.116448645991812
5,7,94,4.813115217378601
5,7,95,5.00571069338796
5,7,96,5.069215169836174
5,7,97,4.751423857080179
5,7,98,4.603406550175562
5,7,99,4.892260168665906
5,7,100,5.184655993270928
5,8,1,4.936081071386798
5,8,2,4.857921258777084
5,8,3,4.91089186834408
5,8,4,5.095814712404918
5,8,5,5.295554227472218
5,8,6,4.769333485225299
5,8,7,4.971288589087204
5,8,8,4.71796156524285
5,8,9,5.040546011556481
5,8,10,4.753511626097151
5,8,11,5.042482241222952
5,8,12,5.02363349327093
5,8,13,5.004813053686379
5,8,14,4.908208972937413
5,8,15,4.859822105324771
5,8,16,4.861529749853738
5,8,17,5.041165181392644
5,8,18,4.799612165155082
5,8,19,4.971012302223543
5,8,20,4.722326326653036
5,8,21,4.8113488243124864
5,8,22,5.012458644528971
5,8,23,4.967203842159177
5,8,24,5.044366467086029
5,8,25,4.898355559537758
5,8,26,4.910070745611486
5,8,27,5.540561248098301
5,8,28,4.878979910912837
5,8,29,4.9397860851375235
5,8,30,4.877273937244013
5,8,31,5.312309244148621
5,8,32,4.767246388385038
5,8,33,4.8999342036278675
5,8,34,4.959455246342918
5,8,35,4.956336838648349
5,8,36,4.885047395991835
5,8,37,4.945674766676431
5,8,38,4.777882481714462
5,8,39,4.928142916179071
5,8,40,4.820774365857235
5,8,41,4.997319018724422
5,8,42,5.241458659157409
5,8,43,4.939830081480411
5,8,44,5.356018292568752
5,8,45,4.808625306026942
5,8,46,5.371871454651846
5,8,47,4.77783615389119
5,8,48,4.810081313633728
5,8,49,5.029180590550039
5,8,50,4.874209636629625
5,8,51,4.983630143651276
5,8,52,4.734762705968421
5,8,53,4.768757128583981
5,8,54,4.714346336454076
5,8,55,4.893014466793469
5,8,56,5.010474767700424
5,8,57,5.037467106348761
5,8,58,4.912563770918683
5,8,59,4.923765792715053
5,8,60,4.763252745026349
5,8,61,5.1148187539496925
5,8,62,5.13317433572266
5,8,63,4.73110653189002
5,8,64,4.830383439584574
5,8,65,4.8689174267115405
5,8,66,5.045375658279708
5,8,67,4.948555979373915
5,8,68,5.059394890579299
5,8,69,4.902105905792882
5,8,70,5.036734000585148
5,8,71,5.0580813740491655
5,8,72,4.997392081919267
5,8,73,5.00326787083091
5,8,74,4.966141110591013
5,8,75,4.606891945874802
5,8,76,4.80107890008779
5,8,77,4.990793897893533
5,8,78,4.920518589964915
5,8,79,4.991213804417801
5,8,80,5.104532600936218
5,8,81,4.961616976301948
5,8,82,4.99198818490348
5,8,83,4.782756915593931
5,8,84,4.916284918665902
5,8,85,4.732789822410785
5,8,86,4.724590132094811
5,8,87,4.6719874863955715
5,8,88,4.920480163545955
5,8,89,4.869890900526641
5,8,90,4.889865980397917
5,8,91,4.833657306904644
5,8,92,4.858226223083696
5,8,93,4.993260783499138
5,8,94,4.946926773112951
5,8,95,5.15608662346402
5,8,96,5.027829060854313
5,8,97,4.6003688564950425
5,8,98,4.512828595084862
5,8,99,4.915876452750161
5,8,100,5.2081710500292715
5,9,1,5.172642877852563
5,9,2,4.975500178613248
5,9,3,4.9392370393505125
5,9,4,5.116280533791697
5,9,5,4.959496550760694
5,9,6,4.645791804710377
5,9,7,4.841655011263928
5,9,8,4.84658219733764
5,9,9,4.882565805880652
5,9,10,4.768505078115872
5,9,11,4.714564441339992
5,9,12,4.898373139847888
5,9,13,5.2848980996196735
5,9,14,5.41291556977764
5,9,15,4.838330042276202
5,9,16,4.875191284523137
5,9,17,4.86106027559978
5,9,18,4.651510474839107
5,9,19,5.092013719865428
5,9,20,5.050159996928035
5,9,21,4.954795893358707
5,9,22,5.043578964306621
5,9,23,5.140825397747231
5,9,24,4.846334534084269
5,9,25,5.168461733031023
5,9,26,5.1117098942364105
5,9,27,4.8374513216793655
5,9,28,4.996730458308958
5,9,29,4.891166452311313
5,9,30,4.760787234640159
5,9,31,4.8298528133411525
5,9,32,4.9392593799005455
5,9,33,5.114706505119957
5,9,34,5.054052973668831
5,9,35,4.886822743709789
5,9,36,4.6546068541545
5,9,37,5.067169493709778
5,9,38,4.900160229520207
5,9,39,4.870606813926295
5,9,40,5.218040182709195
5,9,41,4.707098952311315
5,9,42,5.1048503342598055
5,9,43,4.834874175102411
5,9,44,5.107382984347579
5,9,45,4.685213499414885
5,9,46,4.916990773112954
5,9,47,4.774449425541265
5,9,48,4.6385434328554895
5,9,49,5.126579012287894
5,9,50,4.746756154622607
5,9,51,4.967451225424239
5,9,52,4.7041253370392235
5,9,53,4.751522752633137
5,9,54,4.792393849619679
5,9,55,5.036938015359867
5,9,56,4.705364259654791
5,9,57,4.997475858835595
5,9,58,4.909552666032794
5,9,59,4.8717270373025405
5,9,60,4.751599167349353
5,9,61,5.149995719133998
5,9,62,4.886374620684634
5,9,63,4.782904240930387
5,9,64,4.984114549151579
5,9,65,4.879716826067885
5,9,66,4.951049681538933
5,9,67,4.899977604885919
5,9,68,5.312903914569923
5,9,69,4.887024429052092
5,9,70,4.8644757973961585
5,9,71,4.78527821416034
5,9,72,4.8566029128145285
5,9,73,4.76663826170277
5,9,74,5.114385191778831
5,9,75,4.900791247513187
5,9,76,5.077421429490937
5,9,77,4.91659623449388
5,9,78,4.83702967656527
5,9,79,5.1873063459625595
5,9,80,4.824270382241084
5,9,81,5.036697904037458
5,9,82,5.051645323142203
5,9,83,5.346398732884747
5,9,84,5.11204267261557
5,9,85,4.764047914569949
5,9,86,5.157962873756589
5,9,87,4.774029409157418
5,9,88,5.023178528232907
5,9,89,4.918036683733202
5,9,90,5.109223464745478
5,9,91,4.9377529613809426
5,9,92,4.861768666325364
5,9,93,5.536821434318314
5,9,94,4.909828937097738
5,9,95,4.919917183148053
5,9,96,4.91324803086602
5,9,97,4.649507491515517
5,9,98,5.015182168958475
5,9,99,4.94372281378
5,9,100,5.011471098888254
5,10,1,4.932487871123492
5,10,2,4.643372651696913
5,10,3,4.783875470743148
5,10,4,4.932820747952034
5,10,5,5.197869781012294
5,10,6,4.906166431831504
5,10,7,5.36164028715625
5,10,8,4.809282976155672
5,10,9,4.909843257021669
5,10,10,4.816781245318923
5,10,11,4.869183966500902
5,10,12,5.174200651550623
5,10,13,5.2172065024868335
5,10,14,5.06576224722061
5,10,15,4.989629018578132
5,10,16,4.674170653013483
5,10,17,4.921736300906983
5,10,18,4.860338835430092
5,10,19,4.840647660035125
5,10,20,4.7266252245465346
5,10,21,4.855598431977781
5,10,22,5.040533377559981
5,10,23,5.258753836307787
5,10,24,4.945811062902306
5,10,25,4.879539698215347
5,10,26,5.100993730983041
5,10,27,5.054420369221782
5,10,28,4.91352130383267
5,10,29,5.117410080895275
5,10,30,5.497368279110578
5,10,31,5.136578135751909
5,10,32,5.057435838502058
5,10,33,4.87028741515508
5,10,34,5.214192436512594
5,10,35,4.727464742978365
5,10,36,4.908458683440637
5,10,37,4.974860310122888
5,10,38,4.756621008484501
5,10,39,4.698837966354613
5,10,40,4.80507231465771
5,10,41,5.073785055149221
5,10,42,4.923976978057362
5,10,43,4.7640105759216125
5,10,44,5.093454126974854
5,10,45,4.96179280909891
5,10,46,5.095992319192522
5,10,47,4.904770840842625
5,10,48,4.792683273551803
5,10,49,4.850910891164444
5,10,50,4.8814680045348275
5,10,51,5.128546605909895
5,10,52,4.800399345377442
5,10,53,4.691442003510844
5,10,54,4.874609101960225
5,10,55,5.17752231407256
5,10,56,4.941454280134602
5,10,57,4.990271807636063
5,10,58,4.985677225863097
5,10,59,4.725176691925119
5,10,60,4.795819430222376
5,10,61,5.076038808806331
5,10,62,4.777645806026944
5,10,63,4.88719494148627
5,10,64,5.004212234055022
5,10,65,4.845843148039808
5,10,66,4.801320557928637
5,10,67,4.814998107665319
5,10,68,5.103720338063202
5,10,69,4.9850851835869125
5,10,70,5.003543254095971
5,10,71,4.702089450848472
5,10,72,4.984773317144544
5,10,73,4.917091478788788
5,10,74,5.094217609713296
5,10,75,4.710934329725004
5,10,76,4.581869699678193
5,10,77,5.0359642734055194
5,10,78,5.128148662083115
5,10,79,5.004324260093635
5,10,80,5.13548109508485
5,10,81,4.9485254752779575
5,10,82,5.323295625512006
5,10,83,4.930307694850807
5,10,84,4.897520833382114
5,10,85,5.002826799005282
5,10,86,4.887967338794634
5,10,87,4.846980669836179
5,10,88,5.2734026557928795
5,10,89,5.174265412083093
5,10,90,5.109228997366894
5,10,91,5.10796742320072
5,10,92,4.904817148771231
5,10,93,5.082607953627868
5,10,94,4.872798805734365
5,10,95,4.8132473045641
5,10,96,5.115259274575779
5,10,97,4.794303287156249
5,10,98,4.639794410912835
5,10,99,5.0125029447045195
5,10,100,4.947346390579311
5,11,1,4.916332499853735
5,11,2,4.9793560377413915
5,11,3,4.838745731568192
5,11,4,4.972304665886501
5,11,5,4.844705199531906
5,11,6,4.772533085722666
5,11,7,5.037664074019908
5,11,8,4.957635273990654
5,11,9,4.946881629900544
5,11,10,4.836526433733199
5,11,11,4.719577533060291
5,11,12,4.879330855617337
5,11,13,4.999084369660637
5,11,14,5.459054672761849
5,11,15,5.035020769163263
5,11,16,4.836627142042154
5,11,17,5.163401353130504
5,11,18,4.8057964828847455
5,11,19,4.815987549444142
5,11,20,4.936698692802822
5,11,21,4.916850857226471
5,11,22,4.6945310124341795
5,11,23,5.270980115857237
5,11,24,4.7406324768870896
5,11,25,4.829279773844366
5,11,26,4.77385124049153
5,11,27,5.0219338873610475
5,11,28,4.697808996781767
5,11,29,5.047576170713881
5,11,30,4.955487479520207
5,11,31,5.188795079724991
5,11,32,4.653629363955546
5,11,33,4.853876326653025
5,11,34,5.061019155792873
5,11,35,5.092058470889415
5,11,36,4.839868010678779
5,11,37,5.184636628437684
5,11,38,4.788713750731437
5,11,39,4.920383522820383
5,11,40,4.949412183294334
5,11,41,4.969158169104754
5,11,42,4.954944136044487
5,11,43,4.984282507460512
5,11,44,5.504396186366273
5,11,45,4.964979048566433
5,11,46,4.871412229959059
5,11,47,4.739214545494463
5,11,48,4.818889687829156
5,11,49,5.2692956575482794
5,11,50,5.018438682709196
5,11,51,4.939336797249876
5,11,52,4.995374876097148
5,11,53,4.8424517682855654
5,11,54,5.260597377852556
5,11,55,4.9542330375951
5,11,56,4.793700696313655
5,11,57,4.838701271211253
5,11,58,5.44967653276769
5,11,59,4.735097809976609
5,11,60,4.681313145552973
5,11,61,5.170620137214755
5,11,62,5.09233768124636
5,11,63,4.882286123171467
5,11,64,4.690730898624952
5,11,65,4.926806358543033
5,11,66,4.809295618636657
5,11,67,4.878487404330035
5,11,68,4.768946927150401
5,11,69,5.196136327238162
5,11,70,4.927015787887663
5,11,71,4.938610712697508
5,11,72,4.739541481275618
5,11,73,5.465063796811003
5,11,74,4.870043537741388
5,11,75,4.7587428110006
5,11,76,4.5241271186366525
5,11,77,4.953997456114713
5,11,78,5.286704742100656
5,11,79,4.8506799732299735
5,11,80,4.978682089964907
5,11,81,5.02745690184319
5,11,82,5.189762476887086
5,11,83,4.878786209625532
5,11,84,5.132330280134591
5,11,85,4.886201093914589
5,11,86,4.855463508777079
5,11,87,4.848839191632551
5,11,88,5.043436699824478
5,11,89,5.083765721328273
5,11,90,4.663940881655962
5,11,91,4.961735747366903
5,11,92,5.042459295640745
5,11,93,4.959914943095398
5,11,94,4.729937276477488
5,11,95,4.995499802223543
5,11,96,5.134243672323003
5,11,97,4.725613517115292
5,11,98,4.685007359128168
5,11,99,4.678034228642496
5,11,100,5.0196003393797755
5,12,1,4.850834032914008
5,12,2,4.757035283352859
5,12,3,4.820656601667657
5,12,4,5.0474712049444195
5,12,5,5.211474145260398
5,12,6,4.959348671884167
5,12,7,4.990214732299611
5,12,8,5.0368764912229524
5,12,9,5.273570574019907
5,12,10,4.747111784669414
5,12,11,4.913364593475735
5,12,12,4.993911156231723
5,12,13,5.187018175980114
5,12,14,5.105750380924529
5,12,15,4.88964320816269
5,12,16,4.9747566935342515
5,12,17,5.055491135751909
5,12,18,4.764327695289664
5,12,19,4.940675679344673
5,12,20,4.851342012287902
5,12,21,4.888604507899378
5,12,22,4.714092440901133
5,12,23,5.130739513604456
5,12,24,4.991353841866605
5,12,25,4.535011500585163
5,12,26,4.886447190608565
5,12,27,5.110844041398489
5,12,28,4.971238408279723
5,12,29,5.0787859094499765
5,12,30,5.317248318753666
5,12,31,5.139595044616736
5,12,32,4.993604761410199
5,12,33,4.89072843446462
5,12,34,4.948643235810444
5,12,35,4.904158930076081
5,12,36,4.749031706114707
5,12,37,4.924136495026353
5,12,38,4.969671876389714
5,12,39,4.998136628730265
5,12,40,4.7622110254535
5,12,41,4.943166047396158
5,12,42,5.020142411351685
5,12,43,4.913321355032197
5,12,44,5.154297545640745
5,12,45,4.959802145406695
5,12,46,5.35567659903453
5,12,47,4.723953256290252
5,12,48,4.820074808367492
5,12,49,5.087586644675255
5,12,50,4.812347463575216
5,12,51,4.869704740637823
5,12,52,4.778707859128161
5,12,53,4.671190519748412
5,12,54,4.7067841617905355
5,12,55,5.211632014043304
5,12,56,5.023071441632542
5,12,57,4.992700748976025
5,12,58,5.016508896138101
5,12,59,4.903899555441799
5,12,60,4.576832992539519
5,12,61,5.141227648917507
5,12,62,4.911496328115885
5,12,63,5.035694391018153
5,12,64,4.876018361907563
5,12,65,5.105543597425392
5,12,66,5.094240514774731
5,12,67,5.123520290813351
5,12,68,4.842572026770058
5,12,69,5.047002298420142
5,12,70,4.84488466164425
5,12,71,4.891917395552972
5,12,72,4.947625034815696
5,12,73,4.972485374049169
5,12,74,4.895420319192539
5,12,75,4.797454761263909
5,12,76,4.644759229227633
5,12,77,5.209785363955538
5,12,78,4.946740908572289
5,12,79,4.895058813194865
5,12,80,5.010427425980118
5,12,81,5.135853861176131
5,12,82,5.045454511263907
5,12,83,4.908860312317158
5,12,84,5.012671871708613
5,12,85,4.993344199385619
5,12,86,4.76433312200119
5,12,87,4.635415299590424
5,12,88,4.84878265915742
5,12,89,5.020598219865428
5,12,90,4.936370347717987
5,12,91,4.978654173639568
5,12,92,4.94990454256877
5,12,93,5.278643250292578
5,12,94,4.97205598581043
5,12,95,5.005219891749574
5,12,96,4.966592056904641
5,12,97,4.791624284230559
5,12,98,4.752064911644253
5,12,99,4.993027867612655
5,12,100,5.299654889847869
5,13,1,5.177485888238748
5,13,2,4.8683904025746285
5,13,3,5.094035793007611
5,13,4,5.357637940462261
5,13,5,5.286302516968999
5,13,6,4.852470656670585
5,13,7,5.111754661644253
5,13,8,4.844797626536008
5,13,9,5.0716017722352404
5,13,10,4.681302848888256
5,13,11,5.026885816266846
5,13,12,5.098797902574618
5,13,13,5.131599667495617
5,13,14,4.9734391079578915
5,13,15,4.767016339087208
5,13,16,4.90356447205971
5,13,17,4.922062508484514
5,13,18,4.755408085283811
5,13,19,4.871282752779425
5,13,20,4.705614899941502
5,13,21,4.847546105763623
5,13,22,5.029824977179655
5,13,23,4.800703264335893
5,13,24,5.069036209918089
5,13,25,4.824587137361046
5,13,26,4.872092395406688
5,13,27,5.00234978423056
5,13,28,4.863755138531325
5,13,29,4.9727786445289786
5,13,30,5.142836248098309
5,13,31,5.469014245318889
5,13,32,4.873543890579303
5,13,33,4.733003555588076
5,13,34,5.275905940901124
5,13,35,4.779913087916925
5,13,36,5.064820001901709
5,13,37,5.027746799005277
5,13,38,4.850379379169116
5,13,39,4.78419848229961
5,13,40,4.781111930953789
5,13,41,5.119993474839097
5,13,42,5.236828611322417
5,13,43,4.903355979081342
5,13,44,5.089623700848465
5,13,45,5.2634143167056875
5,13,46,5.043579832943252
5,13,47,4.711653521650108
5,13,48,4.758172101813947
5,13,49,5.019703270772396
5,13,50,4.717665380193115
5,13,51,4.786779078554733
5,13,52,4.664948465038054
5,13,53,4.882792609274447
5,13,54,4.861577299882984
5,13,55,5.042540274283213
5,13,56,5.009448483908723
5,13,57,5.343381338502055
5,13,58,4.971398214745487
5,13,59,4.955693364248113
5,13,60,4.648094059976614
5,13,61,5.0323700421299185
5,13,62,4.924215358396746
5,13,63,4.797919528525482
5,13,64,4.911212830163859
5,13,65,4.995372192071395
5,13,66,5.281329622293738
5,13,67,5.062545119221775
5,13,68,4.912206088794636
5,13,69,4.870460797688732
5,13,70,5.057919773112939
5,13,71,4.978301884289075
5,13,72,5.058785429929794
5,13,73,4.82893654008194
5,13,74,4.986219760093647
5,13,75,4.6332354684025905
5,13,76,4.735207263604463
5,13,77,4.915154952750171
5,13,78,5.038884999561162
5,13,79,4.851412473961399
5,13,80,5.302500072118208
5,13,81,5.138438732884739
5,13,82,5.072618640286734
5,13,83,4.846614051492111
5,13,84,5.1884379610883675
5,13,85,4.820335233469888
5,13,86,4.784971746489199
5,13,87,4.662411960064387
5,13,88,4.740370498976028
5,13,89,4.947226692363971
5,13,90,4.90668258923349
5,13,91,4.950975288911665
5,13,92,4.79959789672325
5,13,93,5.127680443241662
5,13,94,5.102283983469872
5,13,95,4.87407899093039
5,13,96,5.072944271942671
5,13,97,4.587780598010552
5,13,98,4.6623808521065175
5,13,99,5.052291838209495
5,13,100,5.0578493564950415
5,14,1,4.905099024575803
5,14,2,5.153804616003524
5,14,3,4.9766623525453655
5,14,4,5.205907257753079
5,14,5,4.806177614540686
5,14,6,4.6952401594499955
5,14,7,5.048899511556489
5,14,8,4.818559446606223
5,14,9,4.935906027794058
5,14,10,4.8633658838502205
5,14,11,4.9777139727911335
5,14,12,5.073170380631955
5,14,13,5.182409839526043
5,14,14,4.990573375804585
5,14,15,4.912157181685215
5,14,16,4.793409124341744
5,14,17,5.076195819631373
5,14,18,4.771739665593932
5,14,19,4.712339404037463
5,14,20,4.779398742685801
5,14,21,5.033339415447644
5,14,22,5.2787662074312545
5,14,23,5.036559020626115
5,14,24,4.908122571240508
5,14,25,4.8818687633118945
5,14,26,4.8450916306319645
5,14,27,5.186085668080762
5,14,28,4.913322494441219
5,14,29,4.989089415447652
5,14,30,4.81208684537743
5,14,31,5.042036897308374
5,14,32,4.7006093951141175
5,14,33,4.849505899502654
5,14,34,4.990132873317742
5,14,35,4.67751840198948
5,14,36,4.9765261481860925
5,14,37,5.166980702018729
5,14,38,4.813494111468704
5,14,39,4.821687694558244
5,14,40,4.834004884142783
5,14,41,4.871849831919273
5,14,42,5.179632976301945
5,14,43,5.015012946752495
5,14,44,5.155408931246358
5,14,45,5.058496586892929
5,14,46,5.16932359259802
5,14,47,4.731696867612663
5,14,48,4.888932089672334
5,14,49,4.927199661790544
5,14,50,4.897486282914001
5,14,51,4.8797705835284
5,14,52,4.77055291105912
5,14,53,4.749938537595102
5,14,54,4.794148180368651
5,14,55,5.13806682036279
5,14,56,4.892206298712718
5,14,57,4.966999842744316
5,14,58,5.005066093329441
5,14,59,4.972004841866605
5,14,60,4.64670223464016
5,14,61,5.044010004681118
5,14,62,4.6515155792861576
5,14,63,4.836855199531916
5,14,64,4.8611320386190995
5,14,65,5.205860732007021
5,14,66,4.908464711380944
5,14,67,4.8652822984201425
5,14,68,5.124686340988885
5,14,69,5.0581949884435495
5,14,70,5.104335642480985
5,14,71,4.965139280427171
5,14,72,5.052575294763031
5,14,73,4.822105539643083
5,14,74,4.950726738150987
5,14,75,4.66828046679346
5,14,76,4.768074493709787
5,14,77,4.804717500877733
5,14,78,5.078256644528985
5,14,79,4.9837743133411525
5,14,80,5.1546584512873
5,14,81,5.012795570070237
5,14,82,5.2757298676126485
5,14,83,5.041544484493859
5,14,84,4.930809312024595
5,14,85,4.893628087478073
5,14,86,4.9050413739028915
5,14,87,4.729481529256892
5,14,88,4.979946995611493
5,14,89,4.936633242539516
5,14,90,4.860374268431852
5,14,91,5.001181065974276
5,14,92,4.837289256875384
5,14,93,5.130255104008204
5,14,94,4.8135439827384685
5,14,95,4.865226136044487
5,14,96,5.183276899795216
5,14,97,4.8235474745465385
5,14,98,4.593926959918103
5,14,99,5.112060208455241
5,14,100,4.995663211380941
5,15,1,5.233872538911648
5,15,2,4.759718417349349
5,15,3,4.9017769865418535
5,15,4,5.113841117173791
5,15,5,5.126246584991229
5,15,6,5.083441528525464
5,15,7,4.838196445728525
5,15,8,4.615059205529572
5,15,9,4.893189493417228
5,15,10,4.777968975570526
5,15,11,4.888845187390316
5,15,12,5.358368222644829
5,15,13,4.9849216413107325
5,15,14,4.982093036278549
5,15,15,4.797161816559412
5,15,16,4.872580120538345
5,15,17,4.710651003803415
5,15,18,4.923314622878895
5,15,19,4.957503905354029
5,15,20,5.020490899210078
5,15,21,4.87374417232301
5,15,22,4.990233546079593
5,15,23,5.208946962404932
5,15,24,5.012105765798729
5,15,25,4.935246754681118
5,15,26,4.94065261717381
5,15,27,5.07235996386777
5,15,28,5.03355147791107
5,15,29,4.966664410181407
5,15,30,5.1536830033645495
5,15,31,5.524766192510221
5,15,32,4.872501995757773
5,15,33,4.839554279110607
5,15,34,4.8823151448215585
5,15,35,4.74649288662963
5,15,36,4.800170978935074
5,15,37,5.472167842744286
5,15,38,4.79250180222354
5,15,39,4.877932282328864
5,15,40,4.924283172615572
5,15,41,4.97580468153893
5,15,42,4.961983546811021
5,15,43,5.08490803832651
5,15,44,5.154259300614404
5,15,45,4.954590820216524
5,15,46,5.238182446898787
5,15,47,4.84083393007609
5,15,48,4.825435847571703
5,15,49,5.065374027794043
5,15,50,4.732139741661808
5,15,51,4.811040824019915
5,15,52,4.866038731129337
5,15,53,4.797101121269773
5,15,54,5.0546403266530175
5,15,55,4.990129781451151
5,15,56,4.907276088355775
5,15,57,5.110329626535997
5,15,58,4.980992542861336
5,15,59,4.769532435781181
5,15,60,4.585358068461099
5,15,61,5.054451928320674
5,15,62,4.933496236980716
5,15,63,5.06485644338796
5,15,64,4.896668918373342
5,15,65,4.813432061293176
5,15,66,5.029105329578713
5,15,67,5.153755419836164
5,15,68,4.8473860936220206
5,15,69,4.784666491222955
5,15,70,5.03296297337625
5,15,71,5.003386291105916
5,15,72,5.218821194411949
5,15,73,4.997721544763031
5,15,74,5.221241308221209
5,15,75,4.579671177589249
5,15,76,4.954085654476316
5,15,77,4.904052088502079
5,15,78,5.062890960064372
5,15,79,4.900390964891767
5,15,80,5.183523472059689
5,15,81,5.049535679929791
5,15,82,5.212185419982457
5,15,83,5.069175449970749
5,15,84,4.9222775359859785
5,15,85,4.847451800029278
5,15,86,4.919567989321259
5,15,87,4.88959596620833
5,15,88,4.870234597132848
5,15,89,5.018128619221776
5,15,90,4.965373669836181
5,15,91,4.941718251462863
5,15,92,5.060058948507912
5,15,93,5.119549034523126
5,15,94,4.891564782328869
5,15,95,5.011079511702764
5,15,96,5.1208295373025345
5,15,97,4.736372888677608
5,15,98,4.652615351813944
5,15,99,5.252133294763028
5,15,100,5.0520280185781266
6,1,1,4.921170115418391
6,1,2,4.679788277940334
6,1,3,4.702632586307801
6,1,4,4.8897421658865055
6,1,5,5.039785354885912
6,1,6,4.881231549444134
6,1,7,4.761002717524892
6,1,8,4.952162475424239
6,1,9,5.104573431538927
6,1,10,5.106770857226467
6,1,11,5.044014796957308
6,1,12,4.796748026916341
6,1,13,4.675726054125236
6,1,14,4.968030132387382
6,1,15,5.184644411059112
6,1,16,4.915175393943841
6,1,17,4.809557218695168
6,1,18,4.861375420567592
6,1,19,4.873610301492122
6,1,20,5.029378826653031
6,1,21,4.82788294104742
6,1,22,4.9270404458748045
6,1,23,4.971856012726759
6,1,24,4.632254675248705
6,1,25,5.0899515273551925
6,1,26,4.811658024136941
6,1,27,4.618241784230568
6,1,28,4.815173418812189
6,1,29,5.0926239308075
6,1,30,5.038357538911655
6,1,31,4.901730811293175
6,1,32,4.999718200702173
6,1,33,4.824668987858419
6,1,34,5.247358484640154
6,1,35,4.868713998098319
6,1,36,5.17780507007023
6,1,37,5.056356536278533
6,1,38,4.6814434353423255
6,1,39,5.045866205236994
6,1,40,4.7820001269748635
6,1,41,4.57510948478644
6,1,42,4.932984470450579
6,1,43,5.143078067583398
6,1,44,4.9688254701580075
6,1,45,4.883769748390894
6,1,46,4.9976284739614
6,1,47,4.6548109139848
6,1,48,4.897884551784691
6,1,49,4.963037489613824
6,1,50,4.773721175248713
6,1,51,4.925773042276202
6,1,52,5.194502420421305
6,1,53,5.125542968402583
6,1,54,4.943351418812192
6,1,55,5.029964520918675
6,1,56,5.205516267700417
6,1,57,5.188846506436516
6,1,58,4.886226262873043
6,1,59,5.064600458601534
6,1,60,4.682512036132262
6,1,61,4.741148687097742
6,1,62,5.117174035693395
6,1,63,4.945930099619671
6,1,64,5.004045361176143
6,1,65,4.945694119953206
6,1,66,5.1254830168227175
6,1,67,4.778769003218273
6,1,68,5.013229632094809
6,1,69,4.877220149795224
6,1,70,4.752742324897628
6,1,71,4.675965337039222
6,1,72,4.8740902916910676
6,1,73,4.6603210396430805
6,1,74,5.309439278086613
6,1,75,5.051014609128155
6,1,76,4.9292374761556665
6,1,77,4.962375424809855
6,1,78,5.099199290228204
6,1,79,4.808634309391482
6,1,80,4.9278715296957465
6,1,81,4.651919419104753
6,1,82,4.75255643724403
6,1,83,4.985578797396161
6,1,84,4.721545091427749
6,1,85,4.6990288219719245
6,1,86,5.049868577384446
6,1,87,4.803381283791712
6,1,88,4.870226162668247
6,1,89,4.757708108835594
6,1,90,4.897626422761861
6,1,91,4.807116242393232
6,1,92,5.70582256685193
6,1,93,4.88859920567585
6,1,94,4.703792967232317
6,1,95,4.751033654037473
6,1,96,4.88324761585724
6,1,97,4.905920646430681
6,1,98,4.9944408209479425
6,1,99,5.0598932884728045
6,1,100,5.6564458483030835
6,2,1,5.012651768724414
6,2,2,4.7045447005559
6,2,3,4.5717917426858
6,2,4,5.134557042129918
6,2,5,4.975778189145717
6,2,6,4.89922450351084
6,2,7,4.870444509801075
6,2,8,4.832238254973686
6,2,9,5.031794235810435
6,2,10,5.119253651258057
6,2,11,4.937272945435947
6,2,12,4.723964299297852
6,2,13,4.96323165813343
6,2,14,5.050004475131669
6,2,15,5.273788730251619
6,2,16,5.084937381217095
6,2,17,4.595555691925125
6,2,18,4.7747952447337765
6,2,19,4.968560468110025
6,2,20,4.762019047542451
6,2,21,5.008383795787025
6,2,22,4.7142835520772595
6,2,23,4.991065423054436
6,2,24,4.754782574605047
6,2,25,4.934901991515524
6,2,26,4.620062935342323
6,2,27,4.927589413692239
6,2,28,4.762007522966664
6,2,29,4.935033980397909
6,2,30,4.90456478159744
6,2,31,4.910887210795809
6,2,32,5.028984030573445
6,2,33,4.718287815389136
6,2,34,4.97989825365713
6,2,35,4.942627961966072
6,2,36,4.77447279212993
6,2,37,4.802047400087791
6,2,38,4.899606729520211
6,2,39,5.206901682416623
6,2,40,4.8046777671153
6,2,41,4.920746764043318
6,2,42,4.872768060415476
6,2,43,5.035637125073163
6,2,44,5.323832692363975
6,2,45,4.920302077530738
6,2,46,4.809708898771236
6,2,47,4.732251533060287
6,2,48,4.975507803540101
6,2,49,4.832600138238761
6,2,50,4.792635366296103
6,2,51,4.946072026623775
6,2,52,5.102187116003523
6,2,53,4.9546614499707555
6,2,54,4.9667697173786
6,2,55,5.231446880046816
6,2,56,4.812229930661229
6,2,57,5.005369602837925
6,2,58,4.873029715476907
6,2,59,5.050587866442376
6,2,60,4.670981591720322
6,2,61,4.963856943387967
6,2,62,4.745189960795806
6,2,63,4.9183066594499785
6,2,64,4.800903901111787
6,2,65,4.916401120245775
6,2,66,5.0818419164716335
6,2,67,4.735810432124067
6,2,68,5.2059169163253545
6,2,69,4.879981591574038
6,2,70,4.6514029368051695
6,2,71,4.823023629315403
6,2,72,4.824355029695753
6,2,73,4.7256773522527915
6,2,74,5.184861455822126
6,2,75,4.904364165008792
6,2,76,4.897812777208913
6,2,77,4.97596205046813
6,2,78,5.095442849473379
6,2,79,4.781356436805174
6,2,80,5.069629567729675
6,2,81,4.809143910912835
6,2,82,4.72630075058516
6,2,83,5.234620290667066
6,2,84,4.918770416471641
6,2,85,4.789859801492111
6,2,86,5.267233388531318
6,2,87,4.775195534230562
6,2,88,5.0276158613224204
6,2,89,4.770321023259232
6,2,90,4.806436764628452
6,2,91,4.789376702750167
6,2,92,5.376950589964897
6,2,93,5.0632115191632625
6,2,94,4.728141666032785
6,2,95,4.6456202634581825
6,2,96,4.962782337770649
6,2,97,4.934232575336465
6,2,98,4.918180715038057
6,2,99,4.92091863619078
6,2,100,5.288804414716224
6,3,1,4.797756180514948
6,3,2,4.985863316705688
6,3,3,4.778803760825064
6,3,4,5.014621270040978
6,3,5,4.755289206699841
6,3,6,4.954704877559995
6,3,7,4.686592081919272
6,3,8,4.861502859859585
6,3,9,4.956003479666494
6,3,10,4.92845088531307
6,3,11,5.318255893358706
6,3,12,5.095122619953194
6,3,13,4.816261426272698
6,3,14,5.450973931831473
6,3,15,4.938856438853147
6,3,16,4.7990382162083325
6,3,17,4.580650784961991
6,3,18,4.600554236249282
6,3,19,4.752854817144546
6,3,20,4.855684542568776
6,3,21,4.733214581041561
6,3,22,4.762425753803414
6,3,23,4.825923740930395
6,3,24,4.846118088063217
6,3,25,5.080201642480988
6,3,26,5.06043816296081
6,3,27,4.838029922761872
6,3,28,4.850991687975436
6,3,29,4.771396144821547
6,3,30,4.885448889116456
6,3,31,4.7883905614394635
6,3,32,5.078817987126978
6,3,33,4.986465756729089
6,3,34,5.177611874195436
6,3,35,4.905315636629622
6,3,36,4.821150915593933
6,3,37,4.922804078408437
6,3,38,4.823854765359882
6,3,39,4.974393369514356
6,3,40,4.692129922761866
6,3,41,4.588210576653034
6,3,42,5.07337303803395
6,3,43,4.904425226448234
6,3,44,4.646234552808681
6,3,45,4.983361586892936
6,3,46,4.88709678832653
6,3,47,4.785515021503822
6,3,48,4.792691303686381
6,3,49,4.7841712558514
6,3,50,4.926615518724427
6,3,51,4.850031210503234
6,3,52,4.785386551638407
6,3,53,4.886934785254553
6,3,54,4.928634968110027
6,3,55,5.095193960064364
6,3,56,5.159165412668234
6,3,57,5.256518182416625
6,3,58,4.9716609422176905
6,3,59,4.845961639262741
6,3,60,5.064881922761861
6,3,61,4.887598526184923
6,3,62,4.762527800029275
6,3,63,4.836843327238162
6,3,64,5.050358751023999
6,3,65,4.831741029842038
6,3,66,5.099524200702189
6,3,67,4.82806056495028
6,3,68,5.0601519071094305
6,3,69,4.844760331041563
6,3,70,4.774856909157415
6,3,71,4.80551402282038
6,3,72,5.167825025014636
6,3,73,5.11394574692803
6,3,74,4.947192855617342
6,3,75,4.863308660035127
6,3,76,4.984769856056196
6,3,77,4.831617531451158
6,3,78,4.910513112492706
6,3,79,4.731658556319502
6,3,80,5.014059557050927
6,3,81,4.594270933879479
6,3,82,4.837577854739636
6,3,83,4.91499020845525
6,3,84,4.785983229520197
6,3,85,4.686632142919848
6,3,86,5.022895797981289
6,3,87,4.731124685049759
6,3,88,4.916175877413714
6,3,89,5.0895853604447145
6,3,90,4.854684523112945
6,3,91,4.714510744002356
6,3,92,5.081735560854309
6,3,93,5.0123274995611595
6,3,94,4.760483687829157
6,3,95,5.155637804417798
6,3,96,4.977045902135776
6,3,97,4.947952029256894
6,3,98,4.923227929198381
6,3,99,4.980253585137522
6,3,100,5.133550874488024
6,4,1,5.016736921006448
6,4,2,4.643471770040978
6,4,3,4.5579274366588844
6,4,4,5.452170209479245
6,4,5,4.768527200117047
6,4,6,5.046224259654778
6,4,7,4.752860350643672
6,4,8,4.824376461966082
6,4,9,5.057959103130502
6,4,10,5.3412718409888935
6,4,11,5.073073330895274
6,4,12,4.665445915301361
6,4,13,4.988477422469294
6,4,14,4.907181436805171
6,4,15,5.368662096547696
6,4,16,4.743852675102416
6,4,17,4.611464136922201
6,4,18,4.7832733222645025
6,4,19,4.784231069192533
6,4,20,4.812204400380362
6,4,21,4.8115095567583595
6,4,22,4.7714997377121415
6,4,23,4.8403733951141215
6,4,24,4.923824204798139
6,4,25,4.803580959918102
6,4,26,4.739206589964909
6,4,27,4.754134423347014
6,4,28,4.7987173016384
6,4,29,4.851589293300188
6,4,30,4.83505078569341
6,4,31,4.7126466815389305
6,4,32,4.99464208294325
6,4,33,4.867078670713885
6,4,34,4.9242411294617
6,4,35,4.786390437682871
6,4,36,4.681176691486279
6,4,37,4.971923584698668
6,4,38,4.993265091427757
6,4,39,5.100251647015804
6,4,40,5.038624227911071
6,4,41,4.681094882972516
6,4,42,5.02331723712699
6,4,43,5.122547539350505
6,4,44,5.473068827676999
6,4,45,5.021557266822715
6,4,46,4.818585157694587
6,4,47,4.721113983762451
6,4,48,4.99455300804566
6,4,49,4.873158317437119
6,4,50,5.000412688268009
6,4,51,4.905791676126405
6,4,52,5.011332392334715
6,4,53,4.75175069806906
6,4,54,4.98499870362787
6,4,55,5.115979536863671
6,4,56,4.873994948654199
6,4,57,4.821361623171464
6,4,58,5.050493932124067
6,4,59,4.982324653452333
6,4,60,4.735283890433019
6,4,61,4.940741771650109
6,4,62,4.7840045792861545
6,4,63,4.821074054564084
6,4,64,4.73458585400822
6,4,65,4.933982245172633
6,4,66,4.971432838502069
6,4,67,4.944221810415464
6,4,68,5.131723321533074
6,4,69,4.795237175248703
6,4,70,4.726831474985389
6,4,71,4.957372931392647
6,4,72,4.836639181392654
6,4,73,4.66708541983618
6,4,74,5.034654260678772
6,4,75,5.000971160035124
6,4,76,4.778322067729686
6,4,77,5.033755138970173
6,4,78,4.848236295787028
6,4,79,5.0766157469280415
6,4,80,5.011907230544198
6,4,81,4.716034326653028
6,4,82,4.63521059259803
6,4,83,4.9187843430368785
6,4,84,4.947346241369236
6,4,85,4.816723720743138
6,4,86,4.954911841866617
6,4,87,4.690271434464622
6,4,88,4.873508630339398
6,4,89,4.867170503949699
6,4,90,4.946210842012894
6,4,91,4.69589441266824
6,4,92,5.176051355763623
6,4,93,5.045159152135762
6,4,94,4.855360766530155
6,4,95,4.847062945143381
6,4,96,4.892218229520204
6,4,97,5.092722991222943
6,4,98,4.935506781890013
6,4,99,4.687124395552977
6,4,100,5.501111536424809
6,5,1,4.948142061585743
6,5,2,4.660575325629043
6,5,3,4.672133285108268
6,5,4,5.188022095816287
6,5,5,5.010107948800483
6,5,6,4.908625140871872
6,5,7,4.851226371562343
6,5,8,4.816812432416636
6,5,9,5.0638422068461235
6,5,10,5.1134265368636775
6,5,11,5.077660824458756
6,5,12,4.711961464599197
6,5,13,4.900710716647183
6,5,14,4.9949041571094375
6,5,15,5.240793449531901
6,5,16,4.823186565681706
6,5,17,4.685427288326532
6,5,18,5.059670872147459
6,5,19,4.844895518139289
6,5,20,4.839520025599791
6,5,21,4.836210440608564
6,5,22,4.747523947776498
6,5,23,5.016526645260398
6,5,24,4.9416395946459994
6,5,25,5.0678489830310225
6,5,26,4.731270815827988
6,5,27,4.76402157562905
6,5,28,5.102259007314223
6,5,29,4.8689241177589375
6,5,30,4.8146434365126005
6,5,31,4.79599131378001
6,5,32,5.102602062170874
6,5,33,4.606768673785859
6,5,34,5.008057332943263
6,5,35,4.915091819631378
6,5,36,4.93171953891167
6,5,37,4.853470577384449
6,5,38,4.881830893504991
6,5,39,5.133615763750736
6,5,40,4.785761174224715
6,5,41,4.716431483031028
6,5,42,5.093736063341154
6,5,43,5.133793889409026
6,5,44,5.338448142773564
6,5,45,5.079010843329441
6,5,46,4.751014983908733
6,5,47,4.569690692656546
6,5,48,5.144928030866012
6,5,49,4.934931290081943
6,5,50,4.817399705675857
6,5,51,4.915739423639573
6,5,52,4.88761000936222
6,5,53,5.0598274110591115
6,5,54,4.84571053174373
6,5,55,5.1542613191925115
6,5,56,5.01123790301347
6,5,57,4.933442192217692
6,5,58,4.871857716062043
6,5,59,5.1012444074020005
6,5,60,4.677380472791125
6,5,61,4.934139089379775
6,5,62,4.8339796547688865
6,5,63,5.008358016237574
6,5,64,4.8078401736395735
6,5,65,4.910739044031613
6,5,66,4.811638714452921
6,5,67,4.775657685342327
6,5,68,4.990210033060287
6,5,69,4.833137790813359
6,5,70,4.734784422030446
6,5,71,4.965445325775325
6,5,72,4.897909421591598
6,5,73,4.767985221913415
6,5,74,5.2318961724692885
6,5,75,5.10974011936806
6,5,76,4.9540299027209045
6,5,77,4.977818032914008
6,5,78,5.045405417934469
6,5,79,4.9109692241076885
6,5,80,4.961712105763625
6,5,81,4.84234050804566
6,5,82,4.807895711966089
6,5,83,4.864324494441215
6,5,84,4.916282840988904
6,5,85,4.826083769455834
6,5,86,5.119993815389132
6,5,87,4.922203330456421
6,5,88,5.076787127559984
6,5,89,4.698270272966668
6,5,90,5.118589490637805
6,5,91,4.793271630631966
6,5,92,4.944986155354035
6,5,93,5.090007545640733
6,5,94,4.720253290374498
6,5,95,4.61992972717966
6,5,96,5.005692582796968
6,5,97,4.923593543007613
6,5,98,4.869042924956142
6,5,99,5.048163353130504
6,5,100,5.641675125804552
6,6,1,5.060741514335878
6,6,2,4.719416716500897
6,6,3,4.675888445728514
6,6,4,5.023723199678198
6,6,5,5.115107097571691
6,6,6,4.7508585848449565
6,6,7,4.933609796811023
6,6,8,4.787607556465789
6,6,9,4.828982468110034
6,6,10,5.173304571240501
6,6,11,4.958150899795221
6,6,12,4.810940686512602
6,6,13,4.94948989306614
6,6,14,5.0958203702457645
6,6,15,5.290215849912245
6,6,16,4.929881973961401
6,6,17,4.63784003759511
6,6,18,4.929625943680529
6,6,19,4.828889604447072
6,6,20,4.98565606875368
6,6,21,4.930904186805169
6,6,22,5.0060064232007235
6,6,23,4.786325480397916
6,6,24,4.626789405792878
6,6,25,5.059704704359287
6,6,26,4.737186911351683
6,6,27,4.951638200555904
6,6,28,4.913166041544779
6,6,29,4.875177863955551
6,6,30,4.833439657694577
6,6,31,4.840419643504987
6,6,32,5.050357329432427
6,6,33,5.037521429344658
6,6,34,5.018650827384459
6,6,35,4.848600471181996
6,6,36,4.829055146430686
6,6,37,4.846639465476901
6,6,38,4.864837435049762
6,6,39,5.151102362200118
6,6,40,5.056199736541858
6,6,41,4.7199429662083245
6,6,42,4.930623504973692
6,6,43,5.171483181977775
6,6,44,4.853490104593353
6,6,45,5.010264470158004
6,6,46,4.80060142232302
6,6,47,4.765992157840864
6,6,48,5.126000686366303
6,6,49,4.9803508057343695
6,6,50,4.866040081919273
6,6,51,4.982111217524884
6,6,52,4.950281839087211
6,6,53,4.915802050175561
6,6,54,4.780493119660637
6,6,55,5.167560125365711
6,6,56,4.892531427881822
6,6,57,4.907108576214178
6,6,58,4.756089605324773
6,6,59,5.0927790162375715
6,6,60,4.69975400643653
6,6,61,4.9140475959625665
6,6,62,4.899185944265673
6,6,63,5.027343167495622
6,6,64,4.9370518038326745
6,6,65,5.004836106933891
6,6,66,5.26364029271505
6,6,67,4.766886547688722
6,6,68,4.934282073873636
6,6,69,4.90649388809247
6,6,70,4.811473333528407
6,6,71,5.0067044888823995
6,6,72,4.8056450623171685
6,6,73,5.029366951287314
6,6,74,4.980077786424826
6,6,75,5.082481103715633
6,6,76,4.977358891603289
6,6,77,4.934202663692236
6,6,78,4.89158709391459
6,6,79,4.719622136190776
6,6,80,5.050222242685794
6,6,81,4.9177025179929945
6,6,82,4.767954561146888
6,6,83,4.88907523069048
6,6,84,4.819478570509093
6,6,85,4.703470832796963
6,6,86,5.167019357372742
6,6,87,4.821035288326531
6,6,88,4.896226253949698
6,6,89,4.916639095231148
6,6,90,4.885163460356946
6,6,91,4.9801343085137635
6,6,92,5.168953907255716
6,6,93,4.828964574751332
6,6,94,4.770442968402591
6,6,95,4.63420924019897
6,6,96,4.8512729629900715
6,6,97,4.81309300906965
6,6,98,4.835178842159182
6,6,99,4.758077071825653
6,6,100,5.50677852574605
6,7,1,4.9973977769163325
6,7,2,4.720490599912248
6,7,3,4.753516157109433
6,7,4,4.895727044763045
6,7,5,4.753640245318924
6,7,6,5.260591908279703
6,7,7,5.024231833820969
6,7,8,4.9934356038619185
6,7,9,5.2587004458747835
6,7,10,5.137515219426577
6,7,11,4.992452962258646
6,7,12,4.644528843622017
6,7,13,5.03588604242248
6,7,14,4.967117904476319
6,7,15,5.257979428759524
6,7,16,4.888307936805169
6,7,17,4.568616261117636
6,7,18,4.868156618344075
6,7,19,5.272730958162684
6,7,20,4.836999034961992
6,7,21,4.789367875073169
6,7,22,4.988398120392063
6,7,23,4.829497745757782
6,7,24,4.723508823434778
6,7,25,5.045502209332958
6,7,26,4.873337003510844
6,7,27,4.66274747015801
6,7,28,5.041061112492695
6,7,29,5.077761087478069
6,7,30,4.915044368197791
6,7,31,4.871350556319499
6,7,32,5.134059342305444
6,7,33,4.910054981860752
6,7,34,4.902855181977787
6,7,35,4.850840662521965
6,7,36,4.914384360737296
6,7,37,4.956448091135187
6,7,38,4.881795533937996
6,7,39,4.920869278964324
6,7,40,4.785287358104177
6,7,41,4.9923115825044
6,7,42,5.31445407957871
6,7,43,5.0402993022235405
6,7,44,4.818460280427173
6,7,45,4.953950183733193
6,7,46,5.102358334113523
6,7,47,4.683260146723248
6,7,48,4.632944317583399
6,7,49,4.8958829433879645
6,7,50,4.654756753510848
6,7,51,5.047938770479834
6,7,52,4.869517132679946
6,7,53,4.752547575336466
6,7,54,4.929345194411957
6,7,55,5.243602410181393
6,7,56,5.0337110984494
6,7,57,4.758892208308972
6,7,58,5.108811226740796
6,7,59,5.0361778581041685
6,7,60,5.023973831480409
6,7,61,4.908835595523714
6,7,62,4.890297132679947
6,7,63,4.96123227998831
6,7,64,4.751408003803418
6,7,65,4.9255871202457815
6,7,66,4.8947234545055816
6,7,67,4.986564042861341
6,7,68,4.828727121123484
6,7,69,4.774318752925703
6,7,70,4.720827767700433
6,7,71,4.8894989448508035
6,7,72,4.668958614394398
6,7,73,4.77901291720306
6,7,74,4.839781631217099
6,7,75,4.626029892627284
6,7,76,4.903043421737882
6,7,77,5.065551360298433
6,7,78,4.921021484932724
6,7,79,4.822104707723829
6,7,80,5.210824930514935
6,7,81,4.975842278671749
6,7,82,4.834245732445889
6,7,83,4.794855137799898
6,7,84,4.8217219379754415
6,7,85,5.087870813341142
6,7,86,5.011727448215346
6,7,87,4.691538425248697
6,7,88,5.122442303540098
6,7,89,4.8758062845231285
6,7,90,5.014730996635464
6,7,91,5.05030630836748
6,7,92,5.080430861614991
6,7,93,5.0300674085722745
6,7,94,4.87239280690464
6,7,95,4.792233000731445
6,7,96,4.935975332796979
6,7,97,4.829754498098316
6,7,98,4.791841043592763
6,7,99,4.6883305589526225
6,7,100,5.071536715623186
6,8,1,4.939199930514932
6,8,2,4.805421526477496
6,8,3,4.690164387946187
6,8,4,4.973576962990079
6,8,5,4.917501121269769
6,8,6,4.9896078317729815
6,8,7,4.873709015506165
6,8,8,4.760971294616753
6,8,9,5.07340174561148
6,8,10,4.924194448507928
6,8,11,5.199915130193105
6,8,12,4.626984914131087
6,8,13,4.942925531304883
6,8,14,5.14099636732008
6,8,15,5.022825689291997
6,8,16,4.843149154915171
6,8,17,4.7187361753949935
6,8,18,5.003106028671741
6,8,19,4.966962882826235
6,8,20,4.761604744294935
6,8,21,4.768162703920442
6,8,22,4.917180675102422
6,8,23,4.787334077969604
6,8,24,4.645344135605635
6,8,25,5.1204937981275656
6,8,26,4.785673454798146
6,8,27,4.922972245904063
6,8,28,4.83495082241078
6,8,29,4.801127800175562
6,8,30,5.094508855617327
6,8,31,4.766308582065561
6,8,32,5.347819003510831
6,8,33,4.8244394571387055
6,8,34,4.946385196898794
6,8,35,4.967360822995918
6,8,36,4.926902577530742
6,8,37,4.820522686073739
6,8,38,4.769133137068479
6,8,39,5.07131243402576
6,8,40,4.854516202165027
6,8,41,4.736299287595102
6,8,42,5.208943846108844
6,8,43,5.035896093475733
6,8,44,4.9464380930368845
6,8,45,4.974707608396738
6,8,46,4.802239046811031
6,8,47,4.660131059684044
6,8,48,4.932047635459352
6,8,49,4.8383436541837535
6,8,50,4.983802540667076
6,8,51,5.057628906670573
6,8,52,4.838567467817456
6,8,53,4.831565778525475
6,8,54,4.915178596986564
6,8,55,5.247761180076076
6,8,56,4.888241482445892
6,8,57,5.100708067729669
6,8,58,4.9225326120538515
6,8,59,5.046783620245771
6,8,60,4.796150783206579
6,8,61,5.041979893943842
6,8,62,4.808677631217108
6,8,63,5.242891701579875
6,8,64,5.077802845962561
6,8,65,4.854212636190776
6,8,66,4.9037657864248345
6,8,67,4.871624560122893
6,8,68,5.231995932562921
6,8,69,4.809843271942676
6,8,70,4.8743472369807135
6,8,71,4.864719338209491
6,8,72,4.758832859420733
6,8,73,4.580394906231734
6,8,74,5.23894602677005
6,8,75,5.150750290228207
6,8,76,5.002316228642494
6,8,77,4.900711581334134
6,8,78,4.803257656816877
6,8,79,4.673384653744899
6,8,80,5.088546567729678
6,8,81,4.614225120245773
6,8,82,4.694594663984806
6,8,83,4.67929116661792
6,8,84,4.8642464657694715
6,8,85,4.801907226887086
6,8,86,4.852943886337066
6,8,87,4.808384105471059
6,8,88,4.760269975131675
6,8,89,4.872078837770647
6,8,90,4.917089936658877
6,8,91,4.732745273551801
6,8,92,5.3241971748098456
6,8,93,5.002008746489191
6,8,94,4.5655314549444315
6,8,95,5.15904144675249
6,8,96,4.792729591866611
6,8,97,5.073014730690474
6,8,98,4.902722854739633
6,8,99,5.1056919932709315
6,8,100,5.301697092159176
6,9,1,5.021265832211824
6,9,2,4.744249138970178
6,9,3,4.637585221767136
6,9,4,4.6749006496489445
6,9,5,5.066193910912828
6,9,6,4.718034090842612
6,9,7,5.1971258845816415
6,9,8,4.871027887799901
6,9,9,5.0229104600643835
6,9,10,4.838589866003537
6,9,11,4.999370414862516
6,9,12,4.743614975131672
6,9,13,4.9925805924517395
6,9,14,4.910497594499731
6,9,15,5.202875263750747
6,9,16,4.731234979520207
6,9,17,4.625253834113537
6,9,18,4.948902770772401
6,9,19,4.718276456260997
6,9,20,4.799459549882999
6,9,21,4.791511136190779
6,9,22,4.979519284815704
6,9,23,5.047500054564087
6,9,24,4.806358532328867
6,9,25,4.86553205251611
6,9,26,4.8153642053832835
6,9,27,4.7126897270333705
6,9,28,4.9847113297250045
6,9,29,4.958197343329454
6,9,30,5.0878413344060895
6,9,31,5.101987126243427
6,9,32,4.475751937536588
6,9,33,4.74094889452898
6,9,34,4.8001164599181
6,9,35,4.548833515506165
6,9,36,4.824443359128169
6,9,37,4.962709202457597
6,9,38,4.895084173785857
6,9,39,5.242133664423645
6,9,40,5.225032711234655
6,9,41,4.784087203920441
6,9,42,5.083287225424236
6,9,43,4.728924019748413
6,9,44,5.079161186220022
6,9,45,5.0298331812463575
6,9,46,4.716816068461104
6,9,47,4.627467756582814
6,9,48,4.913552643651278
6,9,49,4.9989455485664305
6,9,50,4.892207979812777
6,9,51,4.818528050175565
6,9,52,5.119528948654196
6,9,53,4.721064121123481
6,9,54,4.8419547201580135
6,9,55,5.063731408279708
6,9,56,4.970676276477487
6,9,57,4.734936798712717
6,9,58,5.067310163545939
6,9,59,4.9048449423639715
6,9,60,4.779400743124658
6,9,61,4.838474515798728
6,9,62,4.9011031155646725
6,9,63,4.84899427750148
6,9,64,4.889168879754263
6,9,65,4.916357320655379
6,9,66,4.893026383411381
6,9,67,4.95679951594501
6,9,68,4.891647938853154
6,9,69,4.813499436658889
6,9,70,5.039965643797553
6,9,71,5.079726890140447
6,9,72,4.66265455485667
6,9,73,5.156349794031601
6,9,74,5.0528338926272705
6,9,75,5.055410006290231
6,9,76,4.846510807636062
6,9,77,5.239638974107675
6,9,78,5.203528219133996
6,9,79,4.885471467963734
6,9,80,5.177395343183161
6,9,81,4.768572892481002
6,9,82,4.870329431246369
6,9,83,4.973420350936237
6,9,84,4.69312786000587
6,9,85,4.619813748829741
6,9,86,4.960636939292005
6,9,87,4.690003241954378
6,9,88,4.818996055588089
6,9,89,5.288483610883559
6,9,90,4.635868115710961
6,9,91,4.929627020918682
6,9,92,5.333801381948516
6,9,93,4.816905353861924
6,9,94,4.802226252779428
6,9,95,5.226045884289071
6,9,96,5.068868778086613
6,9,97,4.853108027940337
6,9,98,4.952387867612653
6,9,99,4.640949976301952
6,9,100,5.148643356641325
6,10,1,4.94465059303688
6,10,2,4.771450250000025
6,10,3,4.525243198361636
6,10,4,4.961974717817462
6,10,5,5.075915994733775
6,10,6,4.9970134384142915
6,10,7,4.773100709771818
6,10,8,4.813572181538933
6,10,9,5.167254515945005
6,10,10,5.007166324312477
6,10,11,4.935358734055023
6,10,12,4.745078558952622
6,10,13,4.9400870971328485
6,10,14,5.021296011702763
6,10,15,5.251811907402
6,10,16,4.84725703423056
6,10,17,4.6622992305442015
6,10,18,4.972824859859577
6,10,19,4.745687631363397
6,10,20,4.957992817437125
6,10,21,4.983468612053854
6,10,22,4.830875320216521
6,10,23,4.908377769894695
6,10,24,4.977089344207145
6,10,25,4.96581722586309
6,10,26,4.715061654330033
6,10,27,4.7125182222059925
6,10,28,4.844165426565257
6,10,29,4.864298415301365
6,10,30,4.911604621854901
6,10,31,5.007013730690473
6,10,32,4.982447895406692
6,10,33,5.045896613224124
6,10,34,4.878339505558832
6,10,35,4.991610119368057
6,10,36,4.708914812902304
6,10,37,5.011357129315402
6,10,38,4.951087409742563
6,10,39,5.111520434757176
6,10,40,4.913551409888846
6,10,41,4.6545611217086185
6,10,42,4.998840523112949
6,10,43,5.296608358250454
6,10,44,5.094331405646593
6,10,45,4.877152851228806
6,10,46,4.7478537425395215
6,10,47,4.7795549290520905
6,10,48,4.789857144821545
6,10,49,4.846318419397327
6,10,50,4.986867129900547
6,10,51,4.879798648186089
6,10,52,4.934626616734952
6,10,53,4.787563025307217
6,10,54,4.855504333235824
6,10,55,5.123811092012869
6,10,56,4.8180841142481245
6,10,57,5.170042963867765
6,10,58,4.831527674956132
6,10,59,5.050691404037458
6,10,60,4.709202147454669
6,10,61,4.882686421445304
6,10,62,4.863525515067309
6,10,63,5.070424848741961
6,10,64,4.9889662966647315
6,10,65,5.024416030719733
6,10,66,5.081240128291415
6,10,67,4.794096989321261
6,10,68,4.929417719280307
6,10,69,4.902151434610897
6,10,70,4.830375163399673
6,10,71,4.8953036015213724
6,10,72,4.894473403306048
6,10,73,4.8293903067583575
6,10,74,5.316762708016391
6,10,75,5.019139948069063
6,10,76,5.037452417495625
6,10,77,5.081499824312477
6,10,78,5.037027772966651
6,10,79,4.703436305149231
6,10,80,4.945874243270937
6,10,81,4.800257624341745
6,10,82,4.658554243709795
6,10,83,4.816474240491538
6,10,84,4.895128114979541
6,10,85,4.646431370977193
6,10,86,5.226338466354602
6,10,87,4.8712702303979105
6,10,88,4.787926575629044
6,10,89,4.777468211234662
6,10,90,4.9180355950848575
6,10,91,4.79857184449973
6,10,92,5.1868101255120065
6,10,93,5.0687556715915845
6,10,94,4.632976382972518
6,10,95,4.63434701126392
6,10,96,4.869449898771229
6,10,97,4.968149625073151
6,10,98,4.791501662814532
6,10,99,4.907297574312483
6,10,100,5.405250788180237
6,11,1,4.868486178320672
6,11,2,4.693514952311317
6,11,3,4.677324446313654
6,11,4,5.10282475351084
6,11,5,4.884630154622602
6,11,6,5.038766791398485
6,11,7,4.763347085137531
6,11,8,4.92743756831482
6,11,9,5.18681220816268
6,11,10,4.975300744294935
6,11,11,4.9264218052955115
6,11,12,4.676608462843784
6,11,13,4.945676700555903
6,11,14,5.27437744090112
6,11,15,5.161234382241087
6,11,16,4.849901930661224
6,11,17,4.6428318620538604
6,11,18,4.930730049736701
6,11,19,4.766334519894703
6,11,20,5.012625547835008
6,11,21,5.027593003218274
6,11,22,4.896447066413126
6,11,23,4.859739601960236
6,11,24,4.797268324458767
6,11,25,4.925390395991829
6,11,26,4.662800341135183
6,11,27,4.831724537595111
6,11,28,4.825028360152155
6,11,29,4.866234772235242
6,11,30,4.889367370538344
6,11,31,4.854162284961982
6,11,32,5.232285370538334
6,11,33,4.721687714599199
6,11,34,5.101174399063791
6,11,35,4.929474295787024
6,11,36,4.912881669251049
6,11,37,4.887562297542439
6,11,38,5.056453645845542
6,11,39,5.2052365835283885
6,11,40,4.803611233908744
6,11,41,4.659000416764209
6,11,42,5.074685296518443
6,11,43,5.061057649063796
6,11,44,5.117977937244018
6,11,45,4.93127022834993
6,11,46,4.869100333382119
6,11,47,4.563799777208911
6,11,48,4.920088609274449
6,11,49,4.902714851375098
6,11,50,4.88794365081922
6,11,51,4.8846567798420315
6,11,52,5.0108454583089665
6,11,53,4.987860434464613
6,11,54,4.92316352340552
6,11,55,5.163527765798715
6,11,56,4.816465752048005
6,11,57,4.871162917934481
6,11,58,4.891128780573453
6,11,59,4.974297486834428
6,11,60,4.697204716354611
6,11,61,4.9806858423054585
6,11,62,4.667558607080181
6,11,63,4.947423460064374
6,11,64,4.829469863224136
6,11,65,4.989723699824472
6,11,66,4.8722372334698925
6,11,67,4.838903437097736
6,11,68,5.118609733177314
6,11,69,4.790461019163272
6,11,70,4.691876736249289
6,11,71,4.9289758655646745
6,11,72,4.946349473961399
6,11,73,4.909927121416047
6,11,74,5.017671321971927
6,11,75,5.07980402940317
6,11,76,4.931350272527818
6,11,77,5.060253711088372
6,11,78,5.205509315974254
6,11,79,4.764513275599789
6,11,80,5.269249004095975
6,11,81,5.0536089227618595
6,11,82,4.990039210503233
6,11,83,4.831458694997088
6,11,84,4.875903132241098
6,11,85,4.976817477179649
6,11,86,5.354873706407265
6,11,87,4.760484490491538
6,11,88,5.188502976887069
6,11,89,4.990707480251633
6,11,90,4.805815690023424
6,11,91,4.9814654837624515
6,11,92,5.101267809391477
6,11,93,4.803161801784689
6,11,94,4.7523514280281045
6,11,95,4.822320198069076
6,11,96,4.826727549151563
6,11,97,5.01940270392043
6,11,98,4.8830495554418025
6,11,99,4.978321834406107
6,11,100,5.406668701141031
6,12,1,5.06757765871856
6,12,2,4.87279560005853
6,12,3,4.927543195874791
6,12,4,5.425928931685209
6,12,5,4.810259976740806
6,12,6,4.648713412668239
6,12,7,4.805944843768305
6,12,8,4.984571571971926
6,12,9,4.999378378730275
6,12,10,4.865270357226465
6,12,11,4.950319061000609
6,12,12,4.98370299136924
6,12,13,5.1696395275014755
6,12,14,5.111496788765378
6,12,15,5.101583340403753
6,12,16,5.125598785254543
6,12,17,4.7138133958455475
6,12,18,4.7653058142188565
6,12,19,4.7789661636922425
6,12,20,4.8495555412522124
6,12,21,4.788113603130499
6,12,22,4.891417417349347
6,12,23,4.879987044470467
6,12,24,4.7431831162960965
6,12,25,4.843107934757187
6,12,26,4.703436957431263
6,12,27,5.4777442369806835
6,12,28,4.7946694177882
6,12,29,4.936058218548874
6,12,30,5.010146293153912
6,12,31,4.95867684903454
6,12,32,4.843159443095398
6,12,33,4.808461920128746
6,12,34,5.08737255002927
6,12,35,4.863647862931558
6,12,36,4.7510077391749785
6,12,37,4.745999080310139
6,12,38,5.099989534084272
6,12,39,5.081935136044483
6,12,40,4.848205661644259
6,12,41,4.66756191822705
6,12,42,5.1279671578408506
6,12,43,4.828209021796392
6,12,44,4.885962988882409
6,12,45,4.945156216939744
6,12,46,4.8860069082797155
6,12,47,4.6314689556758495
6,12,48,4.9757392249853885
6,12,49,4.929633277355199
6,12,50,5.025867269455838
6,12,51,4.882061383850224
6,12,52,4.73675399312465
6,12,53,4.908467643651278
6,12,54,4.974103253657128
6,12,55,5.0059552621416215
6,12,56,4.946550594938579
6,12,57,4.951040355032198
6,12,58,4.755577819631381
6,12,59,5.07301736190756
6,12,60,4.718659937390307
6,12,61,4.960227306758355
6,12,62,5.06063209918081
6,12,63,5.208482110152136
6,12,64,4.760461624634312
6,12,65,4.928005093768306
6,12,66,5.004768744880074
6,12,67,4.855213461966074
6,12,68,4.729820818899964
6,12,69,4.769855791105925
6,12,70,5.099118584113539
6,12,71,5.174910125512008
6,12,72,4.731364667203066
6,12,73,4.8692224618197955
6,12,74,5.363319755119964
6,12,75,5.025421260386198
6,12,76,5.020977559830321
6,12,77,5.123198643797554
6,12,78,4.887870132094808
6,12,79,4.798755390140458
6,12,80,5.133011828847285
6,12,81,4.656822673639573
6,12,82,5.075963381802234
6,12,83,4.847052339818625
6,12,84,4.993392778086616
6,12,85,4.63643756582798
6,12,86,4.9573982817437345
6,12,87,4.7521148543007845
6,12,88,4.757552394090133
6,12,89,5.173767396430672
6,12,90,5.029100865418379
6,12,91,4.885186463428923
6,12,92,5.229197056465786
6,12,93,5.002045111614993
6,12,94,4.810039176272696
6,12,95,4.709378705968424
6,12,96,4.994475599327104
6,12,97,4.9231658184611
6,12,98,5.010186801053258
6,12,99,5.152657557782341
6,12,100,5.489683809098879
6,13,1,4.980715940169701
6,13,2,4.777844098156839
6,13,3,4.682208005558825
6,13,4,5.101595555295512
6,13,5,5.12040578291399
6,13,6,5.0167514493856125
6,13,7,5.001306972937415
6,13,8,4.924537436951448
6,13,9,4.8435031070801875
6,13,10,4.986721719865443
6,13,11,4.99904378130487
6,13,12,4.933908900234071
6,13,13,4.931579115272109
6,13,14,4.998680623317755
6,13,15,5.241905013750748
6,13,16,4.82823133601523
6,13,17,4.76622955997662
6,13,18,5.038504711234647
6,13,19,4.935385516091305
6,13,20,4.750875370830921
6,13,21,4.99285907343477
6,13,22,4.794558102399085
6,13,23,4.8711593256290495
6,13,24,4.798559327238169
6,13,25,4.959932029403176
6,13,26,4.713726517115292
6,13,27,4.756473898917515
6,13,28,4.904115257899369
6,13,29,5.086892682270339
6,13,30,5.022563628145124
6,13,31,4.974641642042147
6,13,32,5.024963673932135
6,13,33,4.728749174224712
6,13,34,5.098918995611488
6,13,35,4.947240899648925
6,13,36,4.784826191193707
6,13,37,5.084917959186667
6,13,38,4.951563652282058
6,13,39,5.259938117027516
6,13,40,4.864682072118219
6,13,41,4.635874371562333
6,13,42,4.9616210757753265
6,13,43,5.148873292715055
6,13,44,4.982793755851402
6,13,45,5.130385035254542
6,13,46,4.867705867612663
6,13,47,4.867594391457015
6,13,48,5.1395991952896525
6,13,49,5.0000108371855
6,13,50,4.847168782621441
6,13,51,5.004991558367477
6,13,52,4.9602939859567154
6,13,53,4.917711685342324
6,13,54,4.841893173639577
6,13,55,5.083161654330018
6,13,56,4.910507958162683
6,13,57,4.996258958894096
6,13,58,4.79860122279113
6,13,59,5.013719361614989
6,13,60,4.619658613370413
6,13,61,4.826725517115291
6,13,62,4.732727896284391
6,13,63,5.026557927881813
6,13,64,4.816440228935077
6,13,65,5.0745666732007075
6,13,66,5.102068662960816
6,13,67,4.710302639116457
6,13,68,5.051916359567018
6,13,69,4.828910743856078
6,13,70,4.757699667056783
6,13,71,4.942424561439455
6,13,72,4.908259801492123
6,13,73,4.846407489760109
6,13,74,5.171360178320663
6,13,75,4.957669166179068
6,13,76,4.856167745904056
6,13,77,5.149803919836174
6,13,78,5.048839814511421
6,13,79,4.765256978203654
6,13,80,5.4929292277647725
6,13,81,4.841943244294929
6,13,82,4.779414827823313
6,13,83,5.0125724354886065
6,13,84,4.847061711673515
6,13,85,4.920209230105341
6,13,86,5.32974715593916
6,13,87,4.774304289789367
6,13,88,4.787598289789373
6,13,89,4.920109891895865
6,13,90,4.955531399502648
6,13,91,4.834973290228225
6,13,92,5.479221832504377
6,13,93,4.761257579725006
6,13,94,4.614526030719732
6,13,95,4.609936120830913
6,13,96,4.94126396474548
6,13,97,4.813380038619092
6,13,98,4.942202442656543
6,13,99,4.799931098888263
6,13,100,5.188124097279123
6,14,1,5.017346840111189
6,14,2,4.711241484640163
6,14,3,4.72769551111763
6,14,4,5.237740204066721
6,14,5,5.010988584259817
6,14,6,4.749919437975441
6,14,7,4.885734257899376
6,14,8,4.885401545494459
6,14,9,5.215003739467538
6,14,10,5.074310766676435
6,14,11,4.901386290813363
6,14,12,4.655114555149222
6,14,13,4.988130895552972
6,14,14,4.916236823434781
6,14,15,5.2486501677881945
6,14,16,4.904919252194282
6,14,17,4.578434361761293
6,14,18,5.048842510678767
6,14,19,4.804788753364574
6,14,20,4.78503984347574
6,14,21,4.8964720554418015
6,14,22,4.884311415008799
6,14,23,4.93321763823876
6,14,24,4.8936920377413795
6,14,25,5.118866986541841
6,14,26,4.572699259362218
6,14,27,4.743050959332969
6,14,28,4.9458005686073845
6,14,29,4.803094955090717
6,14,30,4.823947460649519
6,14,31,5.072347278525463
6,14,32,5.214945750731426
6,14,33,4.87408939072559
6,14,34,5.043191132241098
6,14,35,4.78435753320657
6,14,36,4.810549909303717
6,14,37,4.859478885020496
6,14,38,4.927850228935072
6,14,39,5.025611997805748
6,14,40,5.146575063487427
6,14,41,4.895405257167956
6,14,42,5.044700527062631
6,14,43,5.018836386483342
6,14,44,4.970126995172638
6,14,45,4.893624122732611
6,14,46,4.835146998829745
6,14,47,4.956123952457601
6,14,48,4.704932840257475
6,14,49,4.92161455968405
6,14,50,4.908205186512605
6,14,51,4.887878717378601
6,14,52,4.847053666179073
6,14,53,5.028882410620258
6,14,54,4.839434612346422
6,14,55,5.182830159742543
6,14,56,4.866005710210665
6,14,57,4.867930082504405
6,14,58,4.886205795055608
6,14,59,5.105138391310719
6,14,60,4.621220948800491
6,14,61,4.925158627706283
6,14,62,4.785290953335303
6,14,63,5.242498520626107
6,14,64,5.155157877998838
6,14,65,4.957637639116456
6,14,66,4.913235575775333
6,14,67,4.808800796811017
6,14,68,5.01905233031014
6,14,69,4.883755869660636
6,14,70,4.742875656670588
6,14,71,4.919240225863098
6,14,72,4.7822952837917185
6,14,73,4.757929164862506
6,14,74,5.232876973815107
6,14,75,4.999493643066139
6,14,76,4.882998680076088
6,14,77,5.0941304842013
6,14,78,5.349200592305447
6,14,79,4.664973994733785
6,14,80,4.92850035181395
6,14,81,5.031892659742554
6,14,82,4.6807203974546745
6,14,83,4.849770471328276
6,14,84,4.819325195435949
6,14,85,4.661622936951445
6,14,86,5.061116972644834
6,14,87,4.948162125073156
6,14,88,5.005688285985965
6,14,89,4.78130710196023
6,14,90,4.94172656480399
6,14,91,4.665203910473979
6,14,92,5.323719765652437
6,14,93,4.838366402720909
6,14,94,4.649953480105347
6,14,95,4.669591809391478
6,14,96,4.844939229227637
6,14,97,5.096162016530144
6,14,98,5.052259054417801
6,14,99,4.998454486395575
6,14,100,5.573225522381505
6,15,1,4.861740466062042
6,15,2,4.713777840550051
6,15,3,4.649154114540684
6,15,4,4.9226823575190455
6,15,5,5.092716529842029
6,15,6,4.93891385517848
6,15,7,4.85198377413694
6,15,8,4.678014971181996
6,15,9,4.959927247805752
6,15,10,5.086675522527809
6,15,11,5.002159270333545
6,15,12,4.873592964745484
6,15,13,5.025591052662388
6,15,14,4.955993773990668
6,15,15,5.269656711527219
6,15,16,4.789047687682875
6,15,17,4.789563800029283
6,15,18,5.036031146138099
6,15,19,4.853074232299615
6,15,20,4.884207344646016
6,15,21,4.936009412814535
6,15,22,4.839499326214186
6,15,23,4.7662923167057
6,15,24,4.881872164569938
6,15,25,4.827383998976026
6,15,26,4.674173248537173
6,15,27,4.7529967810123095
6,15,28,4.960644446167365
6,15,29,4.975770664862508
6,15,30,5.018030325043899
6,15,31,4.804444957431275
6,15,32,5.029787557489775
6,15,33,4.94364042217673
6,15,34,5.057500403306041
6,15,35,4.840497001755426
6,15,36,4.7320936790521015
6,15,37,4.885747199678185
6,15,38,4.799312082211849
6,15,39,5.013535106641323
6,15,40,5.06319312214747
6,15,41,4.588946740491535
6,15,42,4.9959207826214325
6,15,43,4.912072033060291
6,15,44,4.831845402135778
6,15,45,4.865097376536006
6,15,46,4.929781478642508
6,15,47,4.61648635269165
6,15,48,4.716873555441797
6,15,49,4.8389706050322
6,15,50,4.985669400965496
6,15,51,4.872679845962566
6,15,52,4.924954024283225
6,15,53,4.918989126243439
6,15,54,4.893806607372755
6,15,55,5.028765589818612
6,15,56,4.971736571240512
6,15,57,4.843072710942087
6,15,58,4.958208814072576
6,15,59,5.0392709299298
6,15,60,4.697001001462863
6,15,61,5.042147023259232
6,15,62,4.947318215623187
6,15,63,5.176903309391456
6,15,64,4.757177461527238
6,15,65,4.941644668080764
6,15,66,5.071488456260993
6,15,67,4.942841205529572
6,15,68,4.872804721328283
6,15,69,4.808736692949116
6,15,70,4.709458393943846
6,15,71,4.812523382094807
6,15,72,4.981187774722078
6,15,73,4.8333925681685335
6,15,74,5.253358787741374
6,15,75,5.011554324312479
6,15,76,4.70230529373905
6,15,77,4.921199898917512
6,15,78,4.916349732007035
6,15,79,4.726083052662396
6,15,80,4.914636334406108
6,15,81,4.79284393417205
6,15,82,4.864602406524307
6,15,83,4.812681089233489
6,15,84,4.856335884289076
6,15,85,4.818524300321841
6,15,86,5.146865009947345
6,15,87,4.9162707083089705
6,15,88,4.881033280134598
6,15,89,4.858238654622606
6,15,90,4.972570554125232
6,15,91,4.9959712270333645
6,15,92,5.261970947776488
6,15,93,4.853208622586327
6,15,94,4.774632958894108
6,15,95,4.89620497513168
6,15,96,4.956205845670002
6,15,97,4.853157683148057
6,15,98,4.788911165155082
6,15,99,4.758451382826235
6,15,100,5.09093249941488
