"canonical_direction","fold","train","test","seed"
1,1,0.833416939770595,0.811945468603107,0
2,1,0.781514087051371,0.271859047137136,0
4,1,0.669656986853444,0.552490910638923,0
5,1,0.590646650876756,0.468462576630716,0
3,1,0.622710162916,0.640590928227503,0
1,2,0.833999537408678,0.862007968092148,0
2,2,0.769000828137719,0.724431393830967,0
4,2,0.676700137357148,0.454657619606451,0
5,2,0.617718331525747,0.544997269631548,0
3,2,0.612146998011254,0.386590856428352,0
1,3,0.837005670283455,0.788106486791328,0
2,3,0.77927590772504,0.627968593656505,0
4,3,0.678171120413261,0.559574901780922,0
5,3,0.612205142375128,0.45746076503239,0
3,3,0.599731230808333,0.763844013402234,0
1,4,0.828999783029299,0.840414892803138,0
2,4,0.771837591378239,0.529332440509555,0
4,4,0.662451331972643,0.495067600453531,0
5,4,0.635986789054222,0.449504077611438,0
3,4,0.615016543338702,0.490567849966742,0
1,5,0.840863460460865,0.478949816554059,0
2,5,0.786102105034579,0.411468268642373,0
4,5,0.674325235097235,0.568976402312156,0
5,5,0.630070589875325,0.376028274684819,0
3,5,0.598905942804059,0.633393184573511,0
1,6,0.86714959030193,0.266172123967036,0
2,6,0.7692359551276,0.842345219915695,0
4,6,0.678750734798751,0.446660522231394,0
5,6,0.614976788097807,0.0841573438599658,0
3,6,0.629599997864658,0.291027193144776,0
1,7,0.846125661649275,0.602731218132502,0
2,7,0.781288178109768,0.486563235193433,0
4,7,0.688733649823192,0.434329555506045,0
5,7,0.609640459855407,0.383484337353359,0
3,7,0.62021082494536,0.775242649405281,0
1,8,0.83301543144944,0.861419802750633,0
2,8,0.7841721453174,0.586873141593891,0
4,8,0.667214659036038,0.645999296836526,0
5,8,0.643059542307106,0.389874187560303,0
3,8,0.588046537819812,0.630027856193049,0
1,9,0.841273791019141,0.645537694583182,0
2,9,0.765397476106967,0.755834197890711,0
4,9,0.670800568113207,0.395866523738751,0
5,9,0.635001915490151,-0.153170655884473,0
3,9,0.600492054729592,0.74328397669986,0
1,10,0.832788668516816,0.915647806970901,0
2,10,0.775954569509163,0.64740742525073,0
4,10,0.691453848756548,-0.0122912485111167,0
5,10,0.627769269425375,0.369038494427841,0
3,10,0.633943849720155,0.172216295703586,0
1,11,0.835437065905765,0.828582979382392,0
2,11,0.784185973154171,0.504485928091109,0
4,11,0.672866602554972,0.558713700653854,0
5,11,0.640304884087194,0.231301563475845,0
3,11,0.594438420116769,0.439374596244792,0
1,12,0.83612149036689,0.789644871471062,0
2,12,0.768111854554757,0.774562937812425,0
4,12,0.673924138282665,0.666384722995117,0
5,12,0.599300865455225,0.285579237791158,0
3,12,0.621683565298205,0.721988473633209,0
1,13,0.830528437989441,0.914284224272795,0
2,13,0.779577440199194,0.166519726935134,0
4,13,0.700128644386357,0.19656751679237,0
5,13,0.628814170373435,-0.194407344773936,0
3,13,0.642030018768201,0.447118495921651,0
1,14,0.838768329920673,0.748329045171816,0
2,14,0.787574855174804,0.45391227823084,0
4,14,0.65789859940263,0.658330775672524,0
5,14,0.604968121792809,0.651794141026593,0
3,14,0.615448949418176,0.253879722546195,0
1,15,0.838943970858673,0.803703057819458,0
2,15,0.777703019283578,0.693540845352961,0
4,15,0.677444288990588,0.503226061896044,0
5,15,0.62389801353338,0.514106951896326,0
3,15,0.617003463900112,0.453549200702389,0
1,1,0.856497587506037,0.840324957105604,1
4,1,0.627408518819456,0.555443838349721,1
3,1,0.684799343560016,0.611773226753612,1
5,1,0.57997673901832,0.81507699957148,1
2,1,0.56306141921126,0.557631675296887,1
1,2,0.851473719018188,0.898871642793762,1
4,2,0.678019522034454,0.305992156477149,1
3,2,0.665749725971793,0.269792042493699,1
5,2,0.582089058530336,0.486432450791971,1
2,2,0.590823356372241,0.607463318629295,1
1,3,0.859224978725331,0.783751067178546,1
4,3,0.687602383609064,0.500109247739251,1
3,3,0.607526790723583,0.530831408729981,1
5,3,0.625599576550825,0.128541134216569,1
2,3,0.581023109723336,0.525100725149293,1
1,4,0.85282465966159,0.91360953831768,1
4,4,0.643466113036631,0.574658931609318,1
3,4,0.683952079385843,0.340222424680046,1
5,4,0.605442033794758,0.330787587366009,1
2,4,0.557219264172208,0.748350766362979,1
1,5,0.86489317443079,0.703505940702056,1
4,5,0.673433339382433,-0.050890182979458,1
3,5,0.671561714552377,-0.253527390322035,1
5,5,0.621720629309251,0.2185742885025,1
2,5,0.583881604561621,0.382085257907476,1
1,6,0.867448776923834,0.567190759778423,1
4,6,0.678835904459651,0.494564093083014,1
3,6,0.649541375182689,0.617410396335335,1
5,6,0.628876220188453,0.0453601864000954,1
2,6,0.561640298028298,0.423614869376173,1
1,7,0.848179391921484,0.950200880948036,1
4,7,0.684183638959942,0.508578418154794,1
3,7,0.639921018655516,0.372016224225239,1
5,7,0.595769084997693,0.284423262583016,1
2,7,0.591335866158481,0.465122329918415,1
1,8,0.851289161342697,0.903634374681154,1
4,8,0.680307922930706,0.433285387649982,1
3,8,0.633042595645785,0.665120054332523,1
5,8,0.615327058291621,0.220640643229006,1
2,8,0.567817911941653,0.635662917531787,1
1,9,0.858567725184594,0.786322560129793,1
4,9,0.680394222491184,0.134736337481174,1
3,9,0.608179386762716,0.922528311275969,1
5,9,0.597207573087775,0.640457084716839,1
2,9,0.560733587691972,0.482372132489939,1
1,10,0.855781715251522,0.858498977766476,1
4,10,0.700256337400917,-0.0415549946463217,1
3,10,0.638270260343597,0.244479678011208,1
5,10,0.593958002912599,0.489169240526595,1
2,10,0.564365186712548,0.596486070350316,1
1,11,0.855408976614299,0.856084815927291,1
4,11,0.695471398490635,0.313033153045468,1
3,11,0.639565692721181,0.162936006918779,1
5,11,0.605343105164979,0.0677918293187376,1
2,11,0.580465803220452,0.79549726592298,1
1,12,0.855476104670879,0.832126578381095,1
4,12,0.671551697575854,0.575740304847654,1
3,12,0.620476971575059,0.541038733030498,1
5,12,0.604304707179939,0.69415302957201,1
2,12,0.574789586086174,0.471360318514662,1
1,13,0.847366477809888,0.932491986485531,1
4,13,0.696467844628033,0.402009737199275,1
3,13,0.640878985697531,0.318959966099345,1
5,13,0.604467011178134,0.355853021480118,1
2,13,0.597608538805336,0.379032630750649,1
1,14,0.867437115593795,0.584425437563961,1
4,14,0.695917347898383,0.602274515113622,1
3,14,0.610367635759949,0.729434089558999,1
5,14,0.599185119716821,0.5539654535981,1
2,14,0.569144196844987,0.599627370932655,1
1,15,0.857537107367185,0.750930573575933,1
4,15,0.676210402830068,0.699982006386218,1
3,15,0.609535526685592,0.690607804664422,1
5,15,0.599571447188948,0.403666782916169,1
2,15,0.570361924366413,0.147876736955001,1
1,1,0.850121979405355,0.831477162402769,2
2,1,0.716411174055472,0.662193553261479,2
3,1,0.648166900950126,0.229821248593836,2
5,1,0.570635627745647,-0.152864595639168,2
4,1,0.559439648681967,0.28772122313713,2
1,2,0.843238732282203,0.892158007457538,2
2,2,0.726703250426669,0.703021714187811,2
3,2,0.628916521932194,0.630492528404625,2
5,2,0.553472695618629,0.353513827986438,2
4,2,0.584705360157333,-0.0173677952230786,2
1,3,0.85563105042072,0.690963113610725,2
2,3,0.704651354109056,0.855200908888114,2
3,3,0.623314619659173,0.662299765779162,2
5,3,0.582883512220237,0.0545469555415795,2
4,3,0.554255836609777,0.520362328963285,2
1,4,0.857013533157376,0.723693082708079,2
2,4,0.713358659103379,0.609325437649674,2
3,4,0.625070251704844,0.519590560180586,2
5,4,0.557915506067001,0.309042076191465,2
4,4,0.545152165098525,0.300884820811138,2
1,5,0.844360481353055,0.957457233215218,2
2,5,0.727279643206193,0.559434014855087,2
3,5,0.630515967300629,0.441381819978769,2
5,5,0.555980694105452,0.224366954614651,2
4,5,0.545498922035165,0.287208967574512,2
1,6,0.854776354027399,0.70914185473052,2
2,6,0.728291457122519,0.595279803886726,2
3,6,0.613809412986521,0.679424666986508,2
5,6,0.589507103496782,-0.117199626026519,2
4,6,0.518918122995702,0.475703168959898,2
1,7,0.850861934992503,0.797600804558522,2
2,7,0.725258784637571,0.562810643061644,2
3,7,0.612262678880493,0.588345340126512,2
5,7,0.589159372984276,0.136285482285741,2
4,7,0.539123282240151,0.160622277692926,2
1,8,0.844620982000476,0.82518499559961,2
2,8,0.734430467045929,0.21227530745635,2
3,8,0.631278707085641,0.182162050334338,2
5,8,0.543581167625022,0.0715632165779413,2
4,8,0.533853261901954,0.450142128020285,2
1,9,0.850134843136822,0.787500840196777,2
2,9,0.728273606945087,0.591567955812536,2
3,9,0.619341003606302,0.457414441984238,2
5,9,0.554938046913046,0.492180709221988,2
4,9,0.554184434689739,0.102480568589891,2
1,10,0.849677736485898,0.800872592975592,2
2,10,0.719390021049277,0.610659799739787,2
3,10,0.615485236458117,0.830793044587238,2
5,10,0.552555908245299,0.625771163370076,2
4,10,0.558665298840309,-0.0818822056957778,2
1,11,0.842881226695555,0.914511164405054,2
2,11,0.717427502959867,0.721256735251403,2
3,11,0.615130579532512,0.037216729865448,2
5,11,0.575431088411617,-0.0894604618279606,2
4,11,0.564104788347503,0.413068474685904,2
1,12,0.844903998918971,0.907575987590049,2
2,12,0.727867219670026,0.64230974966275,2
3,12,0.636680127572862,0.023046629867765,2
5,12,0.588778253613782,-0.0627005631665342,2
4,12,0.562735938426139,0.353509133307754,2
1,13,0.848902712515442,0.835452544902301,2
2,13,0.734626006310866,0.0290750553792889,2
3,13,0.640206839592509,0.24498360990009,2
5,13,0.567754938929697,-0.0476408952389845,2
4,13,0.562263679685146,-0.0675963783754625,2
1,14,0.855068934177276,0.694894261786588,2
2,14,0.728277317684163,0.704455039211062,2
3,14,0.637099090441454,0.692265598532393,2
5,14,0.557256046691954,0.441298934270211,2
4,14,0.575256342735416,-0.15827222014322,2
1,15,0.85141214349303,0.783037516482931,2
2,15,0.724840240148822,0.517266718512682,2
3,15,0.627140678038986,0.36285338683703,2
5,15,0.572233025979122,-0.0453336492261389,2
4,15,0.530837802910752,0.438081553773594,2
1,1,0.797263519762528,0.902983180183483,3
3,1,0.63740562507032,0.412768598927859,3
2,1,0.653023093305242,0.860470252668031,3
4,1,0.49576118851168,0.160975531810753,3
5,1,0.445424453740955,0.402450667860835,3
1,2,0.806500522884002,0.7594653646951,3
3,2,0.612059752526263,0.887460162027778,3
2,2,0.668925905266494,0.708733541874014,3
4,2,0.501107630245472,0.499668944893761,3
5,2,0.458370194412698,0.141571358486813,3
1,3,0.807108109834786,0.808059041447742,3
3,3,0.62944042108835,0.588156386377825,3
2,3,0.690633925319576,0.371286096614616,3
4,3,0.5058028968061,0.203075046875112,3
5,3,0.440838650970566,0.426077480705443,3
1,4,0.805990730167284,0.743108827071194,3
3,4,0.636246710401827,0.350187675436114,3
2,4,0.678556329171523,0.741440932466387,3
4,4,0.49635201173793,0.413733411260961,3
5,4,0.446533431054919,0.674137004875521,3
1,5,0.802998896325261,0.847583936276573,3
3,5,0.629352278803372,0.681190223666291,3
2,5,0.686269250417592,0.538569123590318,3
4,5,0.501686401157968,0.467954376344105,3
5,5,0.453500965503374,0.0969995933482246,3
1,6,0.805709024591699,0.771074196185911,3
3,6,0.63113210413677,0.629565663065234,3
2,6,0.676668011172918,0.295527724854385,3
4,6,0.484751520642301,0.660234966684672,3
5,6,0.443576042912379,0.395582958354513,3
1,7,0.807439802210199,0.695214080416977,3
3,7,0.650015931138246,0.029058736720008,3
2,7,0.674133406471065,0.454301451389494,3
4,7,0.517390444256027,0.258813745296978,3
5,7,0.461174572240774,0.232969604860684,3
1,8,0.799627968465028,0.839875596505253,3
3,8,0.629666600612179,0.550994621584369,3
2,8,0.67161162194706,0.156728146551555,3
4,8,0.518123828056602,0.122242774278497,3
5,8,0.461084577877654,-0.116447747936694,3
1,9,0.805235376660763,0.812778749270472,3
3,9,0.64691487286012,0.260834426576924,3
2,9,0.686802309192304,0.602979524895277,3
4,9,0.498705364394577,0.510402810832263,3
5,9,0.440029428327296,0.233609671824183,3
1,10,0.79788453688419,0.881682745031499,3
3,10,0.630271024865736,0.673270722918405,3
2,10,0.663218775252551,0.862573288508546,3
4,10,0.510722582764491,0.33512331461887,3
5,10,0.460066686535171,-0.17770767194501,3
1,11,0.801843168092044,0.755757609786879,3
3,11,0.643002784790854,0.189277894657126,3
2,11,0.667883101035905,0.522587208303287,3
4,11,0.493667238255555,0.451199040418125,3
5,11,0.461983004197378,0.190863489167919,3
1,12,0.803967464096703,0.769612206220225,3
3,12,0.629347193086656,0.52789198038192,3
2,12,0.666895329346758,0.765396662696845,3
4,12,0.507446781588652,0.198851581050526,3
5,12,0.448365704018702,0.254949886832208,3
1,13,0.803137902927877,0.784568706890992,3
3,13,0.655770257213544,0.255504698975519,3
2,13,0.673538063671255,0.346089414596876,3
4,13,0.520276431327612,0.0433306304893518,3
5,13,0.455057099052706,0.190645359671559,3
1,14,0.812595819384369,0.523320975790781,3
3,14,0.638189960146616,0.103308676416483,3
2,14,0.68940656064284,0.387744249193265,3
4,14,0.497104920782114,0.110889354293129,3
5,14,0.481487111997498,-0.31713621805318,3
1,15,0.810332036442736,0.663085082564802,3
3,15,0.612136885298464,0.71989767449385,3
2,15,0.669674678856039,0.491279847183858,3
4,15,0.491322521010014,0.287306053652625,3
5,15,0.409073609424989,-0.179548454841245,3
1,1,0.811323568590176,0.729438350855949,4
3,1,0.607091485395614,0.383553741960052,4
4,1,0.608335227304232,-0.257463940566532,4
5,1,0.597502503815666,0.184165766551021,4
2,1,0.552550970497909,0.0811450375064657,4
1,2,0.822732004794309,0.545342700316588,4
3,2,0.612549918239933,0.317733286487514,4
4,2,0.604439892545649,0.501616202450191,4
5,2,0.601527305955998,0.54634001324288,4
2,2,0.529140281554153,0.55370915383465,4
1,3,0.820202019706357,0.584110250420075,4
3,3,0.608667872616677,0.0730588609796645,4
4,3,0.587387297265266,0.404697444468341,4
5,3,0.583384906107756,-0.130019353202751,4
2,3,0.540798518989377,0.861366948402945,4
1,4,0.799228183923624,0.929769355566361,4
3,4,0.61197989563287,0.128999178265606,4
4,4,0.623804581324195,0.27237231596442,4
5,4,0.566626847354588,0.185556180230305,4
2,4,0.562837244110803,0.763320128245041,4
1,5,0.80722005542307,0.872787904704137,4
3,5,0.612198240012462,0.428712576879832,4
4,5,0.59628080550396,0.450057366394548,4
5,5,0.536445705059735,0.656687712378456,4
2,5,0.60245441039085,0.750293116677792,4
1,6,0.807146272647103,0.853126711759274,4
3,6,0.618100032636863,-0.0364936857216796,4
4,6,0.600585063465388,0.204293001824948,4
5,6,0.576434098431745,0.34573157190451,4
2,6,0.584048857246843,0.591784758595414,4
1,7,0.814198053341639,0.746074948293583,4
3,7,0.600866585972094,0.573343304965964,4
4,7,0.589840262227895,0.444922694459456,4
5,7,0.612884776359797,0.0816620643586106,4
2,7,0.510800141359181,0.739123676326706,4
1,8,0.81736244287431,0.717255644855709,4
3,8,0.586714688482386,0.854374659195536,4
4,8,0.594959864102612,0.127491901405254,4
5,8,0.578675988858842,0.148181597111449,4
2,8,0.580528384371542,0.570591574356964,4
1,9,0.801758164984288,0.960884501821685,4
3,9,0.600135296369306,0.526217226875818,4
4,9,0.583793815000044,0.49397730105239,4
5,9,0.541503464894752,0.61538906520636,4
2,9,0.593410602013044,0.550756797512808,4
1,10,0.81118033204211,0.831125294918183,4
3,10,0.592860952802796,0.611054642240196,4
4,10,0.606410926490525,0.48516855024721,4
5,10,0.603132276317794,-0.0313689186000881,4
2,10,0.550457828206485,0.296032703650787,4
1,11,0.820747656674787,0.673642110121691,4
3,11,0.629636406623308,0.102273999205727,4
4,11,0.626290433319868,-0.0218440653390626,4
5,11,0.541138870084704,0.128059129399779,4
2,11,0.613144028605515,0.583191534229146,4
1,12,0.821596142872526,0.691721262519538,4
3,12,0.617650503225334,0.478011208551956,4
4,12,0.599623291147977,0.585338158388851,4
5,12,0.543967121778871,-0.336583488731493,4
2,12,0.597345626099482,0.823520389358375,4
1,13,0.820658260219329,0.726117575933286,4
3,13,0.605580847924729,0.639752710788638,4
4,13,0.602612218706336,0.471635585450289,4
5,13,0.589265401670586,0.554834747606935,4
2,13,0.542556200808784,0.608811604469854,4
1,14,0.811159777632952,0.823075117873772,4
3,14,0.59885685894522,0.565426783980166,4
4,14,0.610660762906598,0.3470860752787,4
5,14,0.571490815075589,0.412720733163672,4
2,14,0.573253251544317,0.541354000611703,4
1,15,0.81414759767653,0.854407723979034,4
3,15,0.640363718781417,0.108360227208815,4
4,15,0.607122834082709,0.389107988777986,4
5,15,0.599479443885315,0.0733719302155566,4
2,15,0.505646165688642,0.817331335461985,4
1,1,0.779809901692132,0.779264856012737,5
2,1,0.63864175346061,0.585329552939445,5
3,1,0.651389955598273,0.210235106255456,5
4,1,0.569455893493512,0.399747224620589,5
5,1,0.428034493584912,0.558345536596703,5
1,2,0.780038063668764,0.846822136072202,5
2,2,0.648610093071886,0.52685806999789,5
3,2,0.636644398008419,0.592311884482065,5
4,2,0.563712506528159,0.433098993738326,5
5,2,0.458350940307188,-0.0112167935588749,5
1,3,0.792223449770493,0.461582914438364,5
2,3,0.661712312839467,0.383716238085854,5
3,3,0.613662571889636,0.634774808844886,5
4,3,0.552732659551424,0.183604598315243,5
5,3,0.452816394801522,0.195171632072979,5
1,4,0.777584252535957,0.811311231796344,5
2,4,0.649332061149444,0.473368373373701,5
3,4,0.644593934736046,0.254980324889244,5
4,4,0.570730064764993,0.242498639154521,5
5,4,0.436144280786643,0.0899290188444517,5
1,5,0.774906937064234,0.805481311133557,5
2,5,0.672632559761943,0.035894672724202,5
3,5,0.64705848344363,0.0889928308910967,5
4,5,0.559480000803216,0.663245918534668,5
5,5,0.437154533073911,0.214935192112686,5
1,6,0.78161679442562,0.765993478092229,5
2,6,0.650780646995938,0.536833521719845,5
3,6,0.635304695112025,0.304630509379936,5
4,6,0.554882356826745,0.428099547760861,5
5,6,0.445677992627464,0.379942237387492,5
1,7,0.779476625658198,0.734730178798278,5
2,7,0.639059989660805,0.738421168831866,5
3,7,0.600553846829477,0.738373740874817,5
4,7,0.550586599696366,0.467638837998502,5
5,7,0.46210808086565,0.113052768946222,5
1,8,0.780905303990882,0.70066919923003,5
2,8,0.651879577700856,0.546781250759374,5
3,8,0.627903299028827,0.625591517329648,5
4,8,0.54171401415261,0.513943391437718,5
5,8,0.442468568892283,-0.100271850838804,5
1,9,0.780876766040088,0.74375873786948,5
2,9,0.65327281663822,0.275682178441489,5
3,9,0.66223173105926,0.461981003675676,5
4,9,0.566596626741594,0.471400683932277,5
5,9,0.429165780942261,0.359185298587869,5
1,10,0.776222081179322,0.852481288452266,5
2,10,0.63335743524665,0.699088694147026,5
3,10,0.630170764857018,0.655190043323539,5
4,10,0.572408463525742,0.242897624050698,5
5,10,0.416225474115983,0.448570401813559,5
1,11,0.785307545211548,0.712465671739795,5
2,11,0.661283423849067,0.487172831947292,5
3,11,0.645850198724059,0.554715554992759,5
4,11,0.555097128771195,0.595680452379751,5
5,11,0.468150322115964,-0.243152021747757,5
1,12,0.780875453106714,0.711921473466525,5
2,12,0.638201569646419,0.801684374033309,5
3,12,0.650931469456365,0.149665705784079,5
4,12,0.560679409762981,0.497599081532895,5
5,12,0.452178589271441,0.0198147765403251,5
1,13,0.769641318008417,0.831367896094009,5
2,13,0.63055717539033,0.812489104539082,5
3,13,0.655799275663763,0.422770376734686,5
4,13,0.57665165213046,-0.14624199300996,5
5,13,0.439650077945715,0.516175461437191,5
1,14,0.800836728468429,0.255342526111987,5
2,14,0.65553298861508,0.465476443772357,5
3,14,0.633281276226115,0.614014173254395,5
4,14,0.565581163003661,0.285865398562226,5
5,14,0.459453514321262,-0.18100270045037,5
1,15,0.772713278669923,0.902949176418975,5
2,15,0.637832515902088,0.694468852234621,5
3,15,0.607997646499884,0.567245953197055,5
4,15,0.571162637075221,0.479110211788405,5
5,15,0.452609228495536,0.132629552593952,5
1,1,0.835315420999727,0.760249503767742,6
3,1,0.595696122814857,0.414282623676166,6
2,1,0.694982183842746,0.659217296183065,6
5,1,0.554359282561521,-0.0280630805276295,6
4,1,0.503191825885919,-0.522153254072992,6
1,2,0.828302823061092,0.732386469672991,6
3,2,0.592587700917209,0.386587715370632,6
2,2,0.667561421029573,0.586178415003691,6
5,2,0.524626162996446,0.508875601040222,6
4,2,0.495032427743666,0.246865971602834,6
1,3,0.824780714054918,0.85408633621642,6
3,3,0.60387821790644,0.623201659328109,6
2,3,0.70836292495302,0.517186934296747,6
5,3,0.534647874406238,0.336084973484506,6
4,3,0.486332150298732,0.481699541831785,6
1,4,0.840533792947195,0.578091568880039,6
3,4,0.603589240445482,0.634284515259196,6
2,4,0.674527559438273,0.647023195143867,6
5,4,0.543894446767318,-0.230347425197845,6
4,4,0.464454807200991,0.513054392479971,6
1,5,0.834585274161765,0.64229348890954,6
3,5,0.582770672685075,0.550551378010081,6
2,5,0.712318939999115,0.216505877527059,6
5,5,0.526944716293698,0.608996567215345,6
4,5,0.496567360927017,-0.189712504423553,6
1,6,0.83024349022,0.75392501605805,6
3,6,0.618898791735805,-0.0960379309420507,6
2,6,0.692267470239193,0.688550364889897,6
5,6,0.553716761036348,-0.369912069836736,6
4,6,0.500796109427064,0.414722426955681,6
1,7,0.827613269151248,0.795961861581511,6
3,7,0.617100014069989,0.137428236446816,6
2,7,0.673349298700085,0.771334577915553,6
5,7,0.522505544849999,0.469234304445348,6
4,7,0.468336879181483,0.496017573399383,6
1,8,0.824787778310157,0.837385052820047,6
3,8,0.588890556404658,0.692487093201757,6
2,8,0.703611051534348,0.497016649537023,6
5,8,0.543797380536173,0.305442073787566,6
4,8,0.485010190185679,0.477922056406344,6
1,9,0.822507631815025,0.873670590194086,6
3,9,0.6074252210501,0.372026278102676,6
2,9,0.688200667570085,0.451415796996715,6
5,9,0.544631359452908,0.476433954471834,6
4,9,0.467410010281904,0.819462934438222,6
1,10,0.827067723820479,0.806359476229865,6
3,10,0.592035012257877,0.748292687381682,6
2,10,0.683947860886869,0.383248543517569,6
5,10,0.526700122180359,0.526990237487365,6
4,10,0.483329120818615,0.421971706400628,6
1,11,0.836161571736028,0.680081022979938,6
3,11,0.595637695340237,0.525039526475606,6
2,11,0.698808280537983,0.665351668911874,6
5,11,0.528576777937467,0.649816105555818,6
4,11,0.492692464491869,0.322967991690725,6
1,12,0.821004220754913,0.926661510671395,6
3,12,0.598783623453067,0.485240790139917,6
2,12,0.65828110326444,0.708524408162463,6
5,12,0.517929909914938,0.409297116483764,6
4,12,0.498897658041103,0.502487331175952,6
1,13,0.820975295865577,0.876359649724223,6
3,13,0.579538612483609,0.683626898455484,6
2,13,0.728732528623239,0.503104180515372,6
5,13,0.477796716605818,0.0646858851545952,6
4,13,0.541636144643337,0.463579275497725,6
1,14,0.816555625769607,0.938732585535266,6
3,14,0.574194950798033,0.599557818371052,6
2,14,0.706407527197101,0.834604643141916,6
5,14,0.530924114626147,0.206042596606758,6
4,14,0.506906554016089,0.224017559448393,6
1,15,0.825527353741508,0.903058090493914,6
3,15,0.599436940304364,0.624297291644544,6
2,15,0.680758108748859,0.47776541405223,6
5,15,0.548097549763633,0.291534154246459,6
4,15,0.494189198102494,0.2442252993988,6
1,1,0.84458037899172,0.656316818757941,7
3,1,0.617185930827717,0.391235844529976,7
2,1,0.580144692615519,0.341896559776011,7
5,1,0.509007601717869,0.448068926589571,7
4,1,0.473319844194298,0.150474505321828,7
1,2,0.830477149618993,0.856997831436957,7
3,2,0.619514377948571,0.412292921287897,7
2,2,0.592708653448243,0.127466175694312,7
5,2,0.530340424604691,0.27141058949785,7
4,2,0.451265290342024,0.234668279603847,7
1,3,0.827509582230883,0.898712144417294,7
3,3,0.617856026489467,0.0730400543323109,7
2,3,0.581081200772131,0.370026462947435,7
5,3,0.513686943145105,0.12196052077529,7
4,3,0.457139560858715,0.387880696493689,7
1,4,0.827412097811314,0.868178328741778,7
3,4,0.625973803678843,0.330386849692752,7
2,4,0.577135582421021,0.404252721717096,7
5,4,0.48447737897729,0.337784608622601,7
4,4,0.472577284185922,0.570686947671988,7
1,5,0.832690247478186,0.825808390054136,7
3,5,0.613429056512696,0.194132463180827,7
2,5,0.589482183620419,0.333301529554454,7
5,5,0.508539834950598,0.239103082337618,7
4,5,0.486285360161623,0.229598293822338,7
1,6,0.834751731130137,0.854029283346625,7
3,6,0.610196354425463,0.646884511470575,7
2,6,0.569130751840222,0.341227956064535,7
5,6,0.493791614527569,0.408166383091285,7
4,6,0.443179867046476,0.060028738324959,7
1,7,0.836026819431529,0.879177821718842,7
3,7,0.601799122122177,0.286122625391291,7
2,7,0.576933372194675,0.796675106630033,7
5,7,0.527954616752413,0.0827071109918601,7
4,7,0.47299593505177,0.513663046434502,7
1,8,0.832428442968445,0.84054509813063,7
3,8,0.587418308575708,0.641600918440819,7
2,8,0.592310900582476,0.790077060152615,7
5,8,0.519441488849244,0.552055791293305,7
4,8,0.470584634386262,0.340448390918598,7
1,9,0.834742673091372,0.774422301308549,7
3,9,0.579520923325935,0.653987966918512,7
2,9,0.58667815847974,0.717854052405078,7
5,9,0.508222560020039,0.599126084744407,7
4,9,0.448614159646715,0.132146861909864,7
1,10,0.824725390368569,0.953385668693034,7
3,10,0.65065892950129,-0.178741035012058,7
2,10,0.548648059541961,0.679414036437932,7
5,10,0.538567428268041,0.411846220487209,7
4,10,0.437984216052999,0.408344943627208,7
1,11,0.831858294426568,0.937829951834969,7
3,11,0.604506637017273,0.564045860944138,7
2,11,0.576132865524143,0.621752383590846,7
5,11,0.514959116705046,0.31322030395163,7
4,11,0.458147176578176,0.377746184008589,7
1,12,0.839074439594316,0.701402343958727,7
3,12,0.600907766655992,0.613839855189926,7
2,12,0.590692307541069,0.194653739189922,7
5,12,0.51808768063551,0.545984212338181,7
4,12,0.437698322009864,0.621782934360193,7
1,13,0.828804060763366,0.848433934086788,7
3,13,0.609395440001054,0.427502767993656,7
2,13,0.590521201603041,0.44161242887966,7
5,13,0.519550780128201,0.0773549336026642,7
4,13,0.456630525501863,0.269761463272917,7
1,14,0.835066109835589,0.854876736199965,7
3,14,0.601431349264731,0.386957145664168,7
2,14,0.608323444898293,0.332595363792206,7
5,14,0.537005567450752,0.248891035161348,7
4,14,0.433297177927628,0.533051542517374,7
1,15,0.849317695886952,0.657551640698608,7
3,15,0.593585405005459,0.0572667871662553,7
2,15,0.576524875500684,0.630798504653143,7
5,15,0.514761416176238,-0.24456481730312,7
4,15,0.512845167833982,0.342769534193963,7
1,1,0.838165912486345,0.836867034937192,8
3,1,0.694310064949203,0.266437419915799,8
2,1,0.626027383114077,0.788794809838164,8
4,1,0.568494601040023,0.125966673911924,8
5,1,0.586148978748809,0.136649041788942,8
1,2,0.838531162430106,0.817012880190521,8
3,2,0.695338283128642,0.445590753269779,8
2,2,0.632221751586473,0.673379505864721,8
4,2,0.569733338464016,0.196567010973107,8
5,2,0.578110465160077,0.350808316344668,8
1,3,0.838723183894718,0.83934708767341,8
3,3,0.698382183326112,-0.0917055459125765,8
2,3,0.644180377040735,0.337249045161352,8
4,3,0.568278885486515,0.162060699022438,8
5,3,0.569136679539769,0.445984240789191,8
1,4,0.838194668730944,0.829569282006151,8
3,4,0.689595502904748,0.590634065986715,8
2,4,0.645807613645417,0.557218905724272,8
4,4,0.553722296320086,0.510618723503197,8
5,4,0.564817123322772,0.267755243219096,8
1,5,0.851484171749159,0.606491832998919,8
3,5,0.689672745596414,0.312457212881309,8
2,5,0.651661399167633,0.638761543456779,8
4,5,0.552301801546173,0.346987414347124,8
5,5,0.568877865398408,0.432013797196404,8
1,6,0.839723145537574,0.801350311965354,8
3,6,0.67698779511872,0.739208908442119,8
2,6,0.647179619366696,0.238199486795595,8
4,6,0.55158481907919,0.501438961369882,8
5,6,0.572432840570983,0.226033206498471,8
1,7,0.843646938359334,0.722220153076882,8
3,7,0.682142919830129,0.619953613351835,8
2,7,0.635791067394629,0.73504865787757,8
4,7,0.56153681464565,0.4398888674162,8
5,7,0.591406542070106,0.0339349804826182,8
1,8,0.830871259502222,0.871232522996563,8
3,8,0.691711919191274,0.150425912520415,8
2,8,0.64067098633233,0.685030438868649,8
4,8,0.549202519472955,0.667285443726307,8
5,8,0.550988002106167,0.687309105540142,8
1,9,0.843548022359272,0.624233960498877,8
3,9,0.692517788452914,0.562076849299182,8
2,9,0.6414363997693,0.666674790235746,8
4,9,0.543007112280617,0.780399314552746,8
5,9,0.560920836887708,0.110540884947312,8
1,10,0.844142735440688,0.703202388543606,8
3,10,0.693859089751456,0.3739080125377,8
2,10,0.645937233683113,0.482814196491028,8
4,10,0.583471909731198,0.239012927329535,8
5,10,0.567877734171006,0.283005821773079,8
1,11,0.834446882974648,0.872285683029669,8
3,11,0.677625442528377,0.35953429898285,8
2,11,0.674387327699568,0.58276635490905,8
4,11,0.56018563488709,0.221352398571168,8
5,11,0.580194127513343,0.151488483934586,8
1,12,0.835472799219644,0.949712263801873,8
3,12,0.683211441738604,0.687822957204198,8
2,12,0.646409940137526,0.448172571673316,8
4,12,0.563815574849473,0.33846372905244,8
5,12,0.584894892547567,0.0450542278092172,8
1,13,0.827108938958652,0.919764292711713,8
3,13,0.681742289535767,0.53856075511867,8
2,13,0.629630042753945,0.727245291238963,8
4,13,0.559165296603626,0.536112074904086,8
5,13,0.511635795513655,0.688495008227553,8
1,14,0.829208236713189,0.841016819149954,8
3,14,0.684513033199535,0.67232403374629,8
2,14,0.643335985760538,0.605638208017486,8
4,14,0.564526073869455,0.22480099835776,8
5,14,0.564086736037192,0.279203270731024,8
1,15,0.849544878189132,0.524266756266887,8
3,15,0.699016664407857,0.430683618315591,8
2,15,0.65846433032549,0.391488914642035,8
4,15,0.550363749782255,0.556607057634455,8
5,15,0.557737103067121,0.641868323532901,8
1,1,0.851358815783335,0.801365833940195,9
3,1,0.713292035819362,0.424063063465024,9
4,1,0.615397222482331,0.597728632617236,9
2,1,0.592644922162966,0.336016933328504,9
5,1,0.52072036275913,0.337212632401286,9
1,2,0.841576469153525,0.883139816776216,9
3,2,0.697107435967746,0.634680269435318,9
4,2,0.618597600185891,0.301952631764888,9
2,2,0.577469335625997,0.770279480401008,9
5,2,0.522670792298156,0.37898873405148,9
1,3,0.841191164879005,0.84838798399209,9
3,3,0.715373868718979,0.690827268429819,9
4,3,0.626561231500016,0.175929020530447,9
2,3,0.579927906762047,0.765077601430402,9
5,3,0.538457332066071,-0.0116636529125121,9
1,4,0.843070924555543,0.844089999445406,9
3,4,0.713382058221383,-0.287736664554638,9
4,4,0.619065794906521,0.347465850008357,9
2,4,0.584109220393978,0.731648766080649,9
5,4,0.514245721332798,0.466628508092721,9
1,5,0.845524369655701,0.76417020636183,9
3,5,0.70786601625768,0.55726829821397,9
4,5,0.607839318084927,0.29353974696929,9
2,5,0.637278454128472,0.36982899398829,9
5,5,0.519024002236396,0.429000417414079,9
1,6,0.853896925265393,0.753642052708939,9
3,6,0.689899626590684,0.651367163918819,9
4,6,0.575603931166199,0.628918564792432,9
2,6,0.633489589853379,0.681709553030813,9
5,6,0.529804611167046,0.305703102098688,9
1,7,0.840696876810384,0.889486105345889,9
3,7,0.719667521072826,0.626564672079731,9
4,7,0.594458660893673,0.529110273697525,9
2,7,0.58308658532676,0.874974596070993,9
5,7,0.49438296221789,0.436126198337429,9
1,8,0.844844198764258,0.827852887990691,9
3,8,0.708821270602219,0.607149998714544,9
4,8,0.599450759159128,0.740283818013051,9
2,8,0.621652652551805,0.37381588331415,9
5,8,0.527459525728506,0.0300854918667617,9
1,9,0.843747362865398,0.822331228946383,9
3,9,0.715700847968864,0.497805044641079,9
4,9,0.598397536752121,0.511707054301206,9
2,9,0.605124384459596,0.497405356410507,9
5,9,0.549230749211804,-0.0379773433338458,9
1,10,0.861730331434793,0.63105965821208,9
3,10,0.693811845601837,0.3626389822087,9
4,10,0.631722735515372,0.176617665062407,9
2,10,0.629138372361282,0.335263351056266,9
5,10,0.509889948754482,0.696259419626894,9
1,11,0.845584930821199,0.782990434226966,9
3,11,0.706078651549965,0.646141218358309,9
4,11,0.60845363206078,0.627859574597931,9
2,11,0.592519594989686,0.614639519625106,9
5,11,0.517074023367378,0.161792956358496,9
1,12,0.84610967077751,0.881848994713495,9
3,12,0.714331923121426,0.880422232721142,9
4,12,0.588632958481751,0.53222145992816,9
2,12,0.623886982387728,0.450687938979952,9
5,12,0.544404639505083,0.327517794129703,9
1,13,0.844355579236826,0.890801332589635,9
3,13,0.719598753688927,0.00806090794829626,9
4,13,0.620544364049485,0.459054222561214,9
2,13,0.591702476788308,0.481605969744804,9
5,13,0.518848131668306,0.0761653287480939,9
1,14,0.847056573203992,0.759405441492717,9
3,14,0.726092043552455,0.587016749062948,9
4,14,0.603693219437693,0.460235915329299,9
2,14,0.61015927610007,0.00016623184238913,9
5,14,0.529688333393138,-0.226653274630806,9
1,15,0.840815411445273,0.854403674284142,9
3,15,0.71682707051253,0.495916970659064,9
4,15,0.607757812561509,0.404545505882794,9
2,15,0.583562789397529,0.668177998842873,9
5,15,0.516551352808018,0.444084355384501,9
1,1,0.872535081433194,0.8315260352217,10
2,1,0.734438143200093,0.538518242301185,10
3,1,0.651204322652627,0.575397389398851,10
4,1,0.621742953206517,0.119597131381391,10
5,1,0.5128108633054,-0.0918266570553384,10
1,2,0.873517191697978,0.836548011916192,10
2,2,0.740756952458595,0.517073164397621,10
3,2,0.645014169158107,0.717701160760169,10
4,2,0.629691176540052,0.207405228652664,10
5,2,0.489439841491905,-0.133608088167091,10
1,3,0.883743077001201,0.577897147591104,10
2,3,0.733868417753266,0.363204973135837,10
3,3,0.662277088154437,0.371416605668923,10
4,3,0.627583657140217,0.00629465349929469,10
5,3,0.513357751559863,-0.340136849829475,10
1,4,0.869636241277268,0.894734021431279,10
2,4,0.726714768596754,0.261294302210023,10
3,4,0.669498819382676,0.678399852772429,10
4,4,0.592773507801574,0.540461875704785,10
5,4,0.485840564574752,-0.0606275218694807,10
1,5,0.868310692508108,0.899570686695179,10
2,5,0.73504066767893,0.595384166720907,10
3,5,0.650875501362217,0.513330060074897,10
4,5,0.620720381035052,0.594788088668531,10
5,5,0.45618384190956,0.171167427002097,10
1,6,0.873006432242534,0.853737410574993,10
2,6,0.726931236414209,0.734563474010041,10
3,6,0.659874958242533,0.433581187699716,10
4,6,0.615295790677933,0.374544657191394,10
5,6,0.453369748874176,0.630502698515432,10
1,7,0.870916349702913,0.904452490016872,10
2,7,0.747428776328854,0.436612379907786,10
3,7,0.666858799047332,0.484639974082427,10
4,7,0.620942952684369,0.354065017138296,10
5,7,0.459953798295037,0.511384011482595,10
1,8,0.871035079978484,0.855665449573097,10
2,8,0.735669387304606,0.541882773883569,10
3,8,0.669898563770389,0.421889935063785,10
4,8,0.624325916984453,0.63015050392833,10
5,8,0.481096122074933,-0.0658660090738594,10
1,9,0.869671268043711,0.898197576630776,10
2,9,0.72611641834365,0.71066110356277,10
3,9,0.666316170038562,-0.0530065706267333,10
4,9,0.629641436532007,-0.0345180428180911,10
5,9,0.476589110447405,0.0853972414831191,10
1,10,0.88287380952747,0.678634007134263,10
2,10,0.735707183290041,0.57120436248343,10
3,10,0.661628075936698,-0.365026593921751,10
4,10,0.606605977095333,0.404024152028805,10
5,10,0.475096991000851,0.217220150662949,10
1,11,0.872290570813058,0.872442721124291,10
2,11,0.724156712442814,0.835814285092724,10
3,11,0.646583010238998,0.69855148395498,10
4,11,0.624026160834469,0.414941817787234,10
5,11,0.45561230383172,0.523531282164418,10
1,12,0.86684152843129,0.914324512402225,10
2,12,0.742640880571928,0.247840030593487,10
3,12,0.665358176767644,0.37574401377893,10
4,12,0.610760049300746,0.666350013069355,10
5,12,0.461180328991947,0.162483793798763,10
1,13,0.872138262976536,0.870797746171508,10
2,13,0.741560305336754,0.418905613211704,10
3,13,0.645144885561686,0.52907711385365,10
4,13,0.618978017775558,0.551462878441182,10
5,13,0.46320825055421,0.531020006715786,10
1,14,0.879264210575148,0.773069797529084,10
2,14,0.746156055075146,-0.333630185780656,10
3,14,0.659422551803831,0.393463094814234,10
4,14,0.613995144488506,0.592936790617826,10
5,14,0.486334488332847,0.242972225729918,10
1,15,0.885786075092109,0.701005887050209,10
2,15,0.726540757317748,0.80429709797446,10
3,15,0.66417565023608,0.351362418192786,10
4,15,0.621092725564318,0.275699940618245,10
5,15,0.504593699818824,-0.195946751730169,10
1,1,0.866883223124304,0.656409969761079,11
2,1,0.734640531195947,0.596383672962645,11
3,1,0.684976043118008,0.269497670232516,11
4,1,0.621867184361244,0.113127440388467,11
5,1,0.592769120515206,0.475428640662291,11
1,2,0.855588467283816,0.800887538916736,11
2,2,0.738180548698969,0.48729280500324,11
3,2,0.675776511369715,0.55354136636067,11
4,2,0.607893386722258,0.420291950154107,11
5,2,0.581288419644702,0.493199551486469,11
1,3,0.846578977035813,0.939262060270651,11
2,3,0.720545069230318,0.790109312375143,11
3,3,0.682671771559984,0.400696590546077,11
4,3,0.595711883948284,0.38341475868898,11
5,3,0.568783279579074,0.637935054774126,11
1,4,0.855708635079439,0.78000367449906,11
2,4,0.751058474962806,0.148302085847921,11
3,4,0.675835374371873,0.474656275544839,11
4,4,0.616439047288403,0.180364406046909,11
5,4,0.571736933056638,0.501542385564928,11
1,5,0.859562024135026,0.69017287997759,11
2,5,0.748850208938538,0.199241365083993,11
3,5,0.674887126169102,0.54057156885558,11
4,5,0.59482380307997,0.590264301032945,11
5,5,0.581551098314526,0.384717608849136,11
1,6,0.846563143745063,0.939195966626463,11
2,6,0.748633546226218,0.443124114837825,11
3,6,0.654072933865924,0.680524945400896,11
4,6,0.591344509944811,0.633865361031793,11
5,6,0.574368785089175,0.496165615699826,11
1,7,0.855349349360015,0.867864423332986,11
2,7,0.71569897316225,0.783909530945174,11
3,7,0.667693357337754,0.695276916337075,11
4,7,0.593114254403824,0.678448319317252,11
5,7,0.590322172431907,-0.0114373314186258,11
1,8,0.860363913815584,0.798022251245096,11
2,8,0.741449860672061,0.29295482544853,11
3,8,0.695607324951713,-0.0987563753412958,11
4,8,0.636821899552867,0.16144315494833,11
5,8,0.584594696328663,0.0676338042140664,11
1,9,0.857394290864136,0.777597548483407,11
2,9,0.732323400565165,0.676136170304094,11
3,9,0.677457633977827,0.284133167044136,11
4,9,0.585215667809408,0.635870714658857,11
5,9,0.579833114256461,0.468371359428635,11
1,10,0.854356680206098,0.801778446940035,11
2,10,0.743696049200369,0.271883079953058,11
3,10,0.683958664886974,0.159904206049881,11
4,10,0.601250621523339,0.418689649025511,11
5,10,0.601473720153435,0.120960941169479,11
1,11,0.858533260384911,0.761580941813297,11
2,11,0.731517030252856,0.734367490761918,11
3,11,0.662974717291815,0.259816009522293,11
4,11,0.608012722573929,0.168087351174245,11
5,11,0.584503243836654,0.301335533417401,11
1,12,0.85088349328874,0.908888572030209,11
2,12,0.735117071387438,0.648099206925345,11
3,12,0.67134385500122,0.439863601625162,11
4,12,0.608445378320972,0.0823232536981734,11
5,12,0.589753330233989,-0.0493162242983594,11
1,13,0.866937676813224,0.650571336087089,11
2,13,0.741294257054506,0.51534042444347,11
3,13,0.682506531150687,0.126359404183779,11
4,13,0.586112218730825,0.526432056019201,11
5,13,0.589549763770366,0.309477709101922,11
1,14,0.855453605080862,0.851118259644051,11
2,14,0.714934463002994,0.756974565325657,11
3,14,0.641093985487172,0.871686635520554,11
4,14,0.59939721321135,0.320559796127644,11
5,14,0.580622374627853,0.309237186400706,11
1,15,0.854018047271705,0.855361318155185,11
2,15,0.724805052616079,0.696967307212615,11
3,15,0.662731653169479,0.560752928943544,11
4,15,0.57156445003589,0.822805952437607,11
5,15,0.552069792705442,0.437992230223733,11
1,1,0.879101698888101,0.795281075331116,12
3,1,0.733160423365519,0.275103751159896,12
2,1,0.68730088993413,0.631777956191856,12
5,1,0.613669845195278,0.0949428917320417,12
4,1,0.541376598020929,0.238383201058935,12
1,2,0.873107254536023,0.855793463806715,12
3,2,0.712348509662942,0.274657842297111,12
2,2,0.714266302980291,0.587851755401971,12
5,2,0.588530876879605,0.429822604036654,12
4,2,0.522335895721743,-0.223812926360183,12
1,3,0.875231731213356,0.869252128313785,12
3,3,0.727228498806698,0.567927185934911,12
2,3,0.676638081109652,0.752811895581866,12
5,3,0.594564934957143,0.338354346827122,12
4,3,0.505196306426775,0.271147004079781,12
1,4,0.875760685003138,0.751870586268796,12
3,4,0.734265137505618,0.236887586985452,12
2,4,0.688669210486681,0.340770064310255,12
5,4,0.588884715135299,0.471287134867598,12
4,4,0.50564317731971,0.202423287218089,12
1,5,0.868021720069972,0.901982326772308,12
3,5,0.720412347373307,0.482513750429507,12
2,5,0.685222464578724,0.589109499288878,12
5,5,0.590418479313636,0.0900304550458962,12
4,5,0.51096407394855,0.296097490780033,12
1,6,0.876629799344245,0.758310784401739,12
3,6,0.74183989062175,0.376909905764789,12
2,6,0.682817022143417,0.550183974318661,12
5,6,0.618681619750707,0.0970557809982012,12
4,6,0.493090686040452,0.448911545767649,12
1,7,0.875729288449839,0.862974297643087,12
3,7,0.733089437823353,0.193306080216313,12
2,7,0.680788713853951,0.482923574073696,12
5,7,0.573426663005929,0.560460065587705,12
4,7,0.500425598044758,0.501852837823507,12
1,8,0.881338892309795,0.745104708934442,12
3,8,0.746465187569846,0.196528180486555,12
2,8,0.682411943870248,0.642338445121983,12
5,8,0.563952178725664,0.291951088089379,12
4,8,0.554603724133217,0.288657453780746,12
1,9,0.887781809778989,0.455995061833792,12
3,9,0.727643645982641,0.556087959265432,12
2,9,0.66998825709327,0.797456905751816,12
5,9,0.584397296436171,0.321879736352263,12
4,9,0.531352002691046,0.136699436974281,12
1,10,0.870416202172146,0.938467892305904,12
3,10,0.715153395741673,0.375312562631684,12
2,10,0.692485419918895,0.54683859642015,12
5,10,0.61326985051186,-0.363120665784167,12
4,10,0.492944212349254,0.522645224976705,12
1,11,0.866317146009223,0.947263100722336,12
3,11,0.716142652004951,0.530451232004724,12
2,11,0.669791908791595,0.792923454340225,12
5,11,0.571291989671011,0.774614181817003,12
4,11,0.471791086230154,0.452275182490051,12
1,12,0.875833391685819,0.80971665652432,12
3,12,0.728792873392434,0.371796966318915,12
2,12,0.688960350663818,0.269319172761159,12
5,12,0.613525536073,-0.12593661561265,12
4,12,0.503802666163124,0.322633246141192,12
1,13,0.876350788442883,0.736310767304032,12
3,13,0.72559161994394,0.441128011326566,12
2,13,0.685012034640364,0.638876762302209,12
5,13,0.589380938110368,0.569465588612818,12
4,13,0.514510191944623,0.185009712707091,12
1,14,0.881787644785003,0.35373237611456,12
3,14,0.716287482567136,0.549216199776242,12
2,14,0.687044801369058,0.676165882362667,12
5,14,0.590575930722382,0.0641788299446284,12
4,14,0.485572061749038,0.609290640301081,12
1,15,0.871096958174672,0.901648568904042,12
3,15,0.69974801752949,0.808097182164683,12
2,15,0.671036094202563,0.743443210510915,12
5,15,0.599053529878225,0.454241396138473,12
4,15,0.510942563485038,-0.100789111702019,12
1,1,0.845976746173491,0.669309804958775,13
4,1,0.621718428422489,0.667277407035817,13
2,1,0.670658891647764,0.480060505403446,13
5,1,0.537141126376936,0.51365444616415,13
3,1,0.461252344185181,0.801848793880731,13
1,2,0.836486114255131,0.869856389900765,13
4,2,0.629892276088895,0.484721691148454,13
2,2,0.662607252690413,0.589295574183152,13
5,2,0.544572212006888,0.0299924962504562,13
3,2,0.485302871435467,0.450621749776895,13
1,3,0.839131586175495,0.763156769692948,13
4,3,0.65434484219005,0.248323648661178,13
2,3,0.666535176653511,0.603051547444827,13
5,3,0.514042927315066,0.398194884203633,13
3,3,0.467981331090595,0.694503207343187,13
1,4,0.840978926407877,0.856395786169851,13
4,4,0.63876257865871,0.314760052516071,13
2,4,0.702274548184633,0.531543547300681,13
5,4,0.565063986829396,-0.153548311617935,13
3,4,0.477218806242471,0.314645955790282,13
1,5,0.840365730084364,0.804805198692649,13
4,5,0.63674559565181,0.189222648047122,13
2,5,0.696417070507111,0.413757929880096,13
5,5,0.533466237750507,-0.28272174898268,13
3,5,0.475037474028336,0.672247843109045,13
1,6,0.839757476186392,0.820362624907515,13
4,6,0.644701699410349,0.704541168061771,13
2,6,0.695828629575766,0.519669449318694,13
5,6,0.519976599020733,-0.0355966602979457,13
3,6,0.497141266453262,0.459708935820954,13
1,7,0.836745041221891,0.832653930099819,13
4,7,0.624801461728015,0.780954228475543,13
2,7,0.689632601297893,0.593489060246536,13
5,7,0.465175908050316,0.0561883965092495,13
3,7,0.518910687245598,0.574393183139008,13
1,8,0.833366843553242,0.897093700775696,13
4,8,0.657586328318553,0.124761026656402,13
2,8,0.670250803821201,0.830754491729101,13
5,8,0.539738838565731,0.275584902439354,13
3,8,0.470791913007732,0.332414477281688,13
1,9,0.831314740585892,0.90379861893478,13
4,9,0.629412777225886,0.649805404177367,13
2,9,0.670034002079432,0.604793640882332,13
5,9,0.5375586712555,0.452756968018893,13
3,9,0.471491748894325,0.506801060536822,13
1,10,0.84347043098909,0.637320534152017,13
4,10,0.636146660625381,0.538577047119126,13
2,10,0.685561793210873,0.781027105303612,13
5,10,0.483202731733282,0.141837500416236,13
3,10,0.519732721592109,0.596294612274009,13
1,11,0.842497101679828,0.758226937651669,13
4,11,0.656201779377684,0.35252438165056,13
2,11,0.679178112077871,0.619431020535201,13
5,11,0.549736600557701,-0.0172337595289731,13
3,11,0.474631011958528,0.311776057039673,13
1,12,0.841420417534674,0.803415568159147,13
4,12,0.627270201356515,0.273076344554848,13
2,12,0.68548744887563,0.712446577839891,13
5,12,0.542175798072071,-0.00608794410834027,13
3,12,0.500697111526891,0.0977329767433307,13
1,13,0.831537617800948,0.914150928695895,13
4,13,0.63047573650064,0.0700695514217312,13
2,13,0.68876483680524,0.530778100279751,13
5,13,0.506766780085974,0.366542298317896,13
3,13,0.49364207897057,0.260027049271661,13
1,14,0.836713132259147,0.817896062056021,13
4,14,0.638103893689177,0.502393996348428,13
2,14,0.696650070339818,0.571791164292541,13
5,14,0.505515153345905,0.0556429377303701,13
3,14,0.497582505162084,0.727936269197181,13
1,15,0.83519284546111,0.850551879747493,13
4,15,0.649614710627529,-0.146124913304391,13
2,15,0.671145624963409,0.638907566196237,13
5,15,0.485651472917742,0.04103492711258,13
3,15,0.489558098951563,0.68905428760002,13
1,1,0.799359880500534,0.774525047955272,14
2,1,0.741103404989434,0.540436180676685,14
3,1,0.635154088480457,0.125464503670762,14
5,1,0.598484591887886,0.266898031284568,14
4,1,0.556057998132203,-0.0383130265429401,14
1,2,0.798064500650856,0.803596127051059,14
2,2,0.715237451574336,0.785805027555988,14
3,2,0.628279165556073,0.735933790294023,14
5,2,0.557707630826486,0.221578206008066,14
4,2,0.587378197802996,0.151298723666077,14
1,3,0.795816194804558,0.856607211140117,14
2,3,0.728579398377269,0.791582666948773,14
3,3,0.617857646671897,0.631216216840396,14
5,3,0.575978604065416,0.287506583529196,14
4,3,0.52414456792878,0.473107883109954,14
1,4,0.79294693953942,0.835423747409561,14
2,4,0.74108238954218,0.717316082359622,14
3,4,0.617922361676482,0.564650533440737,14
5,4,0.574263547068092,0.203957422901666,14
4,4,0.557516244888341,0.479660540393044,14
1,5,0.815831137482148,0.360932311385155,14
2,5,0.742392091070025,-0.167208490319298,14
3,5,0.649760483430439,0.414666789341806,14
5,5,0.565587422156221,0.496719509623541,14
4,5,0.544078783619214,0.49828555941086,14
1,6,0.794154725208388,0.72267697178841,14
2,6,0.734733523398984,0.0953533124949147,14
3,6,0.647733419067238,0.146087802048951,14
5,6,0.576302043001905,0.12957296134902,14
4,6,0.470438205798999,0.539778279154506,14
1,7,0.806921775232697,0.651360552930479,14
2,7,0.749225335607049,0.147537611727424,14
3,7,0.627692149349166,0.630887061161853,14
5,7,0.582177760878252,0.362253890960013,14
4,7,0.539735233124338,0.359285383197936,14
1,8,0.808505193437505,0.615919806450662,14
2,8,0.711721005121674,0.763214115611671,14
3,8,0.641539971768147,0.118345254243424,14
5,8,0.597649982228404,0.0832268738729406,14
4,8,0.539364357060666,0.0240675918160104,14
1,9,0.797489587462454,0.829591168001745,14
2,9,0.733035007210502,0.773249919826777,14
3,9,0.628178994436583,0.510537193072759,14
5,9,0.584359680406378,0.475595667765036,14
4,9,0.539533340153025,0.192521571665718,14
1,10,0.803957797247934,0.784846535272989,14
2,10,0.724071000191942,0.0150389699226958,14
3,10,0.667374655515097,-0.0672283174158007,14
5,10,0.581946520620138,0.422960496744941,14
4,10,0.540488775319662,0.367499604540694,14
1,11,0.79775316747273,0.790245189842365,14
2,11,0.754708115324505,0.407751987455696,14
3,11,0.631453874913522,0.52461060649727,14
5,11,0.569262268200972,0.177454640656175,14
4,11,0.549043870211313,0.30628400184803,14
1,12,0.804906222283061,0.710184038647613,14
2,12,0.715052054026803,0.741882226159378,14
3,12,0.653206430374781,-0.661634857623871,14
5,12,0.588527126503269,-0.0792039548314786,14
4,12,0.518543204469764,0.824342473243585,14
1,13,0.80183338209412,0.71623749598373,14
2,13,0.695595506721686,0.762626691108365,14
3,13,0.64521480586701,0.72385748029025,14
5,13,0.604565576331517,-0.320543814516348,14
4,13,0.549857897171196,0.161032710789814,14
1,14,0.81511634386433,0.567997029127758,14
2,14,0.6975365779081,0.832368022454569,14
3,14,0.633063881657781,0.457098267892148,14
5,14,0.569357327449335,0.680655099941996,14
4,14,0.490450361395653,0.848233990951603,14
1,15,0.805355533887849,0.658267052138717,14
2,15,0.73271919527366,0.452211978536671,14
3,15,0.623347854194566,0.69229743809447,14
5,15,0.57994217276111,0.246652465560906,14
4,15,0.542591111006841,0.193361511730724,14
1,1,0.853236582639256,0.844733471915807,15
2,1,0.723513992049952,0.582869710290059,15
3,1,0.586853473519876,0.420809855412279,15
4,1,0.606967916323099,-0.0961011437124931,15
5,1,0.544862942067831,0.482470526800532,15
1,2,0.848136674065933,0.946236966262123,15
2,2,0.71884011616019,0.542743758846415,15
3,2,0.582309213380837,0.24064087263924,15
4,2,0.584484345141774,0.414047465891539,15
5,2,0.544540668699138,0.316371913294676,15
1,3,0.864154335258858,0.715327929639413,15
2,3,0.718901261090568,0.520433994790118,15
3,3,0.601242916928558,-0.293416603356838,15
4,3,0.593794192807903,0.489143024024695,15
5,3,0.531301989267241,0.678985893277976,15
1,4,0.85529784809096,0.822829505708311,15
2,4,0.716435557189022,0.756788628467209,15
3,4,0.574482952400675,0.688507134310186,15
4,4,0.591397605202452,0.154025724064335,15
5,4,0.552363406621621,0.374842122461731,15
1,5,0.86015056124631,0.743406543238618,15
2,5,0.7162057336176,0.272625686316535,15
3,5,0.5874489144082,0.508292755352724,15
4,5,0.595996448317795,0.474067186398691,15
5,5,0.557745678009349,0.546628399920595,15
1,6,0.859931763618126,0.769232720064066,15
2,6,0.709529110000596,0.782492307287746,15
3,6,0.581756255376657,0.587067247135901,15
4,6,0.598880493567918,0.193615691307855,15
5,6,0.552614454591492,0.278345495769174,15
1,7,0.853965130767927,0.846939552546761,15
2,7,0.717384654010071,0.320539360601271,15
3,7,0.580123486071406,0.680105288756573,15
4,7,0.563525324181284,0.669083981162423,15
5,7,0.538410075016855,0.752824594512478,15
1,8,0.852751463177,0.839869613464904,15
2,8,0.716880693739207,0.560751969505887,15
3,8,0.588429896301208,0.0950563149661313,15
4,8,0.574384637048909,0.491715334729117,15
5,8,0.544486142638928,0.180117515165015,15
1,9,0.854588182390727,0.832439176201477,15
2,9,0.726127915499067,0.157472061202277,15
3,9,0.6139745736103,0.0867307718438523,15
4,9,0.5593870803799,0.734819492027769,15
5,9,0.54775762556299,0.517596040259547,15
1,10,0.850006312903463,0.837461314737193,15
2,10,0.691056441163825,0.779140394994596,15
3,10,0.575835705668636,0.630208201420729,15
4,10,0.564228886807704,0.789930614589564,15
5,10,0.55655506805404,-0.14364062327326,15
1,11,0.858536745558971,0.626958714298874,15
2,11,0.73035545168531,0.177572940739114,15
3,11,0.562221431280515,0.753052285898211,15
4,11,0.583634641505624,0.558642185817631,15
5,11,0.551388067695822,0.347768387412702,15
1,12,0.85135628634964,0.874095073458409,15
2,12,0.703804683972993,0.744882314739015,15
3,12,0.575453820384902,0.774235259882338,15
4,12,0.583512502559898,0.226507358435449,15
5,12,0.558304654976835,-0.00950325659486578,15
1,13,0.852168126448384,0.931053325694117,15
2,13,0.71744538647278,0.577522038795236,15
3,13,0.586240963193858,0.361719296338503,15
4,13,0.590580152725622,0.320024316839423,15
5,13,0.560263805501258,-0.0134909177802088,15
1,14,0.850275335981757,0.910041817199397,15
2,14,0.718910502618254,0.541746829928136,15
3,14,0.591030503988432,0.406687634629035,15
4,14,0.595515761104632,0.0781054411964922,15
5,14,0.523470515069649,0.687401154456028,15
1,15,0.851892538887165,0.864809204276826,15
2,15,0.728529292910977,0.079959850664127,15
3,15,0.595505098474579,0.100913712910862,15
4,15,0.589296282342329,0.266720399037515,15
5,15,0.541444007402341,0.420057589658584,15
1,1,0.804190383203669,0.833434236992637,16
4,1,0.632623768645901,0.400787407468369,16
2,1,0.633635334939093,0.711184267044695,16
5,1,0.607082132623865,0.322274307723879,16
3,1,0.5234498326807,0.606868616576381,16
1,2,0.795168485993329,0.920632340079443,16
4,2,0.603203835586694,0.594335834667579,16
2,2,0.662319966349727,0.71305827313076,16
5,2,0.612226650793904,0.639340636427733,16
3,2,0.499074015489003,0.341583127454916,16
1,3,0.801291691411306,0.82809171942115,16
4,3,0.626830657785318,0.69505916444383,16
2,3,0.617498018524936,0.714637273116344,16
5,3,0.552131992855793,0.461387843515069,16
3,3,0.55963085243945,0.504486448015197,16
1,4,0.804743505931975,0.756577491416872,16
4,4,0.613431012093436,0.6023824952554,16
2,4,0.647878774464999,0.615130343207105,16
5,4,0.596379832617252,0.400553693570001,16
3,4,0.584046615883116,0.00898818272007779,16
1,5,0.809201643814014,0.558545874132416,16
4,5,0.569243985230063,0.649791801241476,16
2,5,0.694611106781808,0.624243518634066,16
5,5,0.601823864228794,0.408318609358935,16
3,5,0.500189519490447,0.620820760165621,16
1,6,0.799557841239586,0.863344812070924,16
4,6,0.604472959327257,0.280440710358119,16
2,6,0.678651165094788,0.776075009136557,16
5,6,0.609157477358298,0.247070897655238,16
3,6,0.524766380116259,0.559782759252562,16
1,7,0.810725608594927,0.609895193579899,16
4,7,0.600224183323371,0.325581849803547,16
2,7,0.702149216141333,0.422855483651829,16
5,7,0.585270448025162,0.633971313966264,16
3,7,0.534860744989729,0.371997738117916,16
1,8,0.808398531964559,0.81417414166073,16
4,8,0.633725662312187,0.319983887215492,16
2,8,0.637455079511831,0.807480505929905,16
5,8,0.624022851002597,0.0168676586858407,16
3,8,0.517930891494852,0.548822626602877,16
1,9,0.803377697530392,0.756918672520078,16
4,9,0.637326575317625,0.17539086941479,16
2,9,0.657432236584365,0.188002380641236,16
5,9,0.602316921163185,0.60214511891074,16
3,9,0.511056098746688,0.516732276175509,16
1,10,0.807485282494376,0.839584088305459,16
4,10,0.576219567046546,0.698548494752695,16
2,10,0.655527200302553,0.831141657863537,16
5,10,0.625960188500941,-0.00686548136375343,16
3,10,0.527624887684546,0.685610122503158,16
1,11,0.805527461166707,0.776751203230154,16
4,11,0.667306117304886,-0.0382439176911873,16
2,11,0.598791230899235,0.682724625069317,16
5,11,0.608187847816254,0.715286083148151,16
3,11,0.514770045359892,0.701297450917723,16
1,12,0.793660545206514,0.895868983618137,16
4,12,0.638354435027735,0.642967708905485,16
2,12,0.611455395725006,0.702799776237111,16
5,12,0.610775657197102,0.667449222530554,16
3,12,0.51070255001748,0.587879256769144,16
1,13,0.822116888029695,0.294863578659758,16
4,13,0.607353923709049,0.519803568565654,16
2,13,0.663159767761706,0.541408937170607,16
5,13,0.613817678909508,0.49180652206228,16
3,13,0.522403666876577,0.421901721131735,16
1,14,0.799985803060209,0.830822583414959,16
4,14,0.648953510249794,0.199703569986333,16
2,14,0.639047991456835,0.39487739429776,16
5,14,0.623545739459733,0.331787826643219,16
3,14,0.528163845636423,0.417787724531858,16
1,15,0.796206427187026,0.874711662608405,16
4,15,0.618187510337962,0.562396368414627,16
2,15,0.646087169709383,0.611325893546052,16
5,15,0.616533972047985,0.453266549332823,16
3,15,0.522247641809937,0.111837467617469,16
1,1,0.830158949984413,0.843347471477975,17
4,1,0.651029182378937,0.350947859108327,17
2,1,0.671917800469343,0.304353728683119,17
3,1,0.556883009062764,0.468199031365258,17
5,1,0.558922735698133,0.479604115850762,17
1,2,0.834194402005396,0.761216417227681,17
4,2,0.609811184663681,0.572013536799483,17
2,2,0.713681912747893,0.547571581847031,17
3,2,0.547209344357562,0.560893899573594,17
5,2,0.593030596746229,-0.428443352947015,17
1,3,0.828820594046012,0.856017780245861,17
4,3,0.696884852401522,0.168755670934467,17
2,3,0.627308965501874,0.479242324869535,17
3,3,0.54557712660581,0.644225047848447,17
5,3,0.553135127947153,0.46831121406285,17
1,4,0.821550758715063,0.893282609197882,17
4,4,0.620689160697164,0.63281904362622,17
2,4,0.682343553520866,0.796800047787998,17
3,4,0.558104290622529,0.422618429678584,17
5,4,0.561182335748391,0.0916823174654839,17
1,5,0.831257568312195,0.808310580115009,17
4,5,0.604421293630904,0.483543824881499,17
2,5,0.71504177054899,0.618537434690861,17
3,5,0.551707453829008,0.412734060301669,17
5,5,0.547173366244023,0.517536510931682,17
1,6,0.837679332580229,0.562253678044092,17
4,6,0.625128165668079,0.00189718514779973,17
2,6,0.71094473694945,0.635983687940278,17
3,6,0.546603654105135,0.602610960666445,17
5,6,0.550004620168657,0.441547398122337,17
1,7,0.826567685875207,0.820375174941153,17
4,7,0.630121142335561,0.199697822831288,17
2,7,0.703060481750259,0.692551319159724,17
3,7,0.559381270161959,0.314876836403835,17
5,7,0.541683974241581,0.658606812711578,17
1,8,0.828156273821256,0.799946383292818,17
4,8,0.60651533725401,0.572216102239855,17
2,8,0.70443204584488,0.715461546914228,17
3,8,0.557273219183834,0.492998402979136,17
5,8,0.56468494114765,0.498755240479956,17
1,9,0.824939704356128,0.919855728368014,17
4,9,0.629731227959304,0.267697175668143,17
2,9,0.691296967284306,0.543665103330037,17
3,9,0.56029262397817,0.144731294717647,17
5,9,0.560878779030715,0.555550115727763,17
1,10,0.834808093677858,0.824283707533657,17
4,10,0.611177132153954,0.533578841204738,17
2,10,0.69290906182279,0.789875382706829,17
3,10,0.561975116309122,0.51199727489579,17
5,10,0.5928499967518,-0.210111241308643,17
1,11,0.823636817700595,0.905419478930686,17
4,11,0.670169752669558,0.281896112427185,17
2,11,0.615592240541259,0.81050321923575,17
3,11,0.560100844419168,0.248259125168825,17
5,11,0.546769557117652,0.739127227206709,17
1,12,0.826571232769347,0.854928727649149,17
4,12,0.632673568158574,0.157451241472602,17
2,12,0.692528777116533,0.581945909909108,17
3,12,0.565094087198408,-0.0428755177658409,17
5,12,0.561435349845696,0.147335529214151,17
1,13,0.826766958911346,0.850487224425103,17
4,13,0.619773228308785,0.435537800697158,17
2,13,0.673114505405209,0.768748133747732,17
3,13,0.554815548180288,0.390787408106624,17
5,13,0.549487654159101,0.699166433367872,17
1,14,0.835009991353829,0.756757627424589,17
4,14,0.623146273254737,0.349027165103123,17
2,14,0.70124275327802,0.382487067486307,17
3,14,0.561388810443374,0.262031511569288,17
5,14,0.569149937542717,0.252257402510626,17
1,15,0.843821060906295,0.536497221100083,17
4,15,0.665344484514704,0.45327310641237,17
2,15,0.658078990716328,0.626852183705413,17
3,15,0.545661736449435,0.520227771031798,17
5,15,0.549697171542906,0.494145924064258,17
1,1,0.80302006692127,0.759532023183389,18
3,1,0.66087659993685,0.248547878617481,18
4,1,0.57614935076962,0.250794247784105,18
2,1,0.57074804326203,0.809804559062936,18
5,1,0.504285435647955,0.281296247700536,18
1,2,0.800875784096099,0.798319302100005,18
3,2,0.649264898583,0.645990647473151,18
4,2,0.635405440355224,0.108915660537431,18
2,2,0.534721065686421,0.665211191581588,18
5,2,0.488144357766082,0.452127073846029,18
1,3,0.811436331764071,0.645072475998539,18
3,3,0.684895612025659,0.239890026357449,18
4,3,0.646682850913566,0.590474926753371,18
2,3,0.518134587995355,0.456752940767669,18
5,3,0.483436674231811,0.536679903001804,18
1,4,0.79195536926285,0.963271670384826,18
3,4,0.683918823109606,0.112016413630242,18
4,4,0.595381235619693,-0.376718741763359,18
2,4,0.60526365851575,0.377938944482656,18
5,4,0.512330870700367,-0.210952790830807,18
1,5,0.80592514633518,0.618884381041441,18
3,5,0.669104601460468,0.592535812378476,18
4,5,0.63356535490195,0.0287087304618271,18
2,5,0.541741563040244,0.366649296435621,18
5,5,0.534065148197054,-0.159193059253962,18
1,6,0.793822915354495,0.89046574891792,18
3,6,0.670038446214665,0.35758238613416,18
4,6,0.643478102808121,0.384892633665506,18
2,6,0.527137121385492,0.407439024951937,18
5,6,0.50328781649509,0.627047302724337,18
1,7,0.803551400112826,0.722795368151829,18
3,7,0.659603032720234,0.842689379186857,18
4,7,0.630046911206183,0.596549859043006,18
2,7,0.507201546769746,0.67725279287381,18
5,7,0.494495031074629,0.283782916532821,18
1,8,0.814525215622195,0.532124193689555,18
3,8,0.688694719821695,0.597280353474442,18
4,8,0.626550632006669,0.618682155249927,18
2,8,0.51157634480631,0.633304942972679,18
5,8,0.497120549109743,0.529496093201665,18
1,9,0.797080074733982,0.858382976761937,18
3,9,0.662531174411404,0.694936675394851,18
4,9,0.660896972273415,0.531357236147129,18
2,9,0.525536588063833,0.668342214222826,18
5,9,0.49704216961481,0.417119605232877,18
1,10,0.807065258080407,0.63638018052656,18
3,10,0.660969159561816,0.561565752252464,18
4,10,0.59474169720742,0.430963178028593,18
2,10,0.558657007554926,0.250804246283356,18
5,10,0.502175824817376,0.402731635260836,18
1,11,0.798364158716166,0.918772156392365,18
3,11,0.660784323623203,0.671105599441253,18
4,11,0.651786452665486,0.373206231617059,18
2,11,0.508617752522635,0.742250521293297,18
5,11,0.498904389886963,0.421510333394393,18
1,12,0.800401449851939,0.70712570773575,18
3,12,0.615367875720292,0.189566516676421,18
4,12,0.668994913297556,0.485453094307629,18
2,12,0.558343259615048,0.295331422375036,18
5,12,0.495966128434804,0.403515837823818,18
1,13,0.797212928127777,0.850518523139444,18
3,13,0.655952789817011,0.311283896216504,18
4,13,0.635184274810737,0.597790276774228,18
2,13,0.550681857338064,0.402718160401174,18
5,13,0.510445805315735,0.377281202243612,18
1,14,0.800432269782187,0.844336245866577,18
3,14,0.681527950740607,0.495187429984122,18
4,14,0.650961906898768,0.0344546823712294,18
2,14,0.527599584292259,0.499196547370453,18
5,14,0.516614384925308,0.195961809460112,18
1,15,0.805972788626922,0.696723616643114,18
3,15,0.662660780651345,0.585152296961492,18
4,15,0.638276341680053,0.425633546761721,18
2,15,0.516128815414809,0.37293620577183,18
5,15,0.511654907478159,0.479943027170338,18
1,1,0.844212167214516,0.82793698272133,19
4,1,0.71549346261625,0.562832079481845,19
2,1,0.64092850777834,0.671364368162225,19
3,1,0.590280263927293,0.625586206899376,19
5,1,0.487076392147055,0.270450300313634,19
1,2,0.857372998261218,0.573484935128394,19
4,2,0.655253102555978,0.39401052124653,19
2,2,0.698536198443794,0.778656411408632,19
3,2,0.585510524972416,0.650039534152979,19
5,2,0.476503014037581,0.648356216481587,19
1,3,0.850430494731516,0.802826795450586,19
4,3,0.674829901852649,0.336138535141192,19
2,3,0.677385781967555,0.616602614558674,19
3,3,0.603804285672736,0.508103967551199,19
5,3,0.495104984626053,0.0608742619118612,19
1,4,0.847071469057094,0.816156122111338,19
4,4,0.694313544443441,0.0216647790497157,19
2,4,0.65944806319255,0.585422146100029,19
3,4,0.617278498851643,0.189266260315705,19
5,4,0.488637588345284,0.433831771356296,19
1,5,0.846749348960704,0.796340358902547,19
4,5,0.678597512002371,0.28062446867451,19
2,5,0.683436897761261,0.685563411460859,19
3,5,0.59193901588739,0.257027287019556,19
5,5,0.502421348702194,0.232147390624447,19
1,6,0.857799587683876,0.626118413862819,19
4,6,0.708432756455195,0.297115035098814,19
2,6,0.663490222037762,0.457389180369772,19
3,6,0.589507839667723,0.4203551787403,19
5,6,0.498206958489431,0.0407028566608407,19
1,7,0.849669155235234,0.699034195096769,19
4,7,0.714962927150817,-0.121044989331227,19
2,7,0.669893491743086,0.483038009405925,19
3,7,0.600629506029378,0.193011082389077,19
5,7,0.465044297642324,0.567244574230369,19
1,8,0.857098098755445,0.704413810782727,19
4,8,0.676505564951278,0.7167885114467,19
2,8,0.678616504575965,0.605814634453151,19
3,8,0.593074625556923,0.631871288515649,19
5,8,0.502441040454037,-0.033499569547976,19
1,9,0.84460970626183,0.907939644079021,19
4,9,0.694865245536679,0.629555163109699,19
2,9,0.644916579443598,0.696164077420856,19
3,9,0.598109220745503,0.455681904288252,19
5,9,0.505966744878817,-0.283274582452497,19
1,10,0.853182941659262,0.62307679270036,19
4,10,0.661335941714299,0.399520689119643,19
2,10,0.700656040626653,0.886128534853114,19
3,10,0.622861919603387,-0.0966953658620038,19
5,10,0.456130054330496,0.593935825591449,19
1,11,0.841003801571067,0.924694969023406,19
4,11,0.716293389798408,0.430240618460247,19
2,11,0.649366689250676,0.486990667926928,19
3,11,0.56893135403008,0.280629863943035,19
5,11,0.480895685143403,0.354444144745563,19
1,12,0.844137822267766,0.870810808996886,19
4,12,0.706357432372587,0.415784215169287,19
2,12,0.6535060617353,0.676483697318904,19
3,12,0.607449111627292,0.271093887402526,19
5,12,0.502825998106766,0.153879225463051,19
1,13,0.842927770771758,0.865643919745372,19
4,13,0.708460067690782,0.211712791192817,19
2,13,0.662968475822311,0.683151384704483,19
3,13,0.587034027411402,0.623202130723551,19
5,13,0.502451834887788,0.0910733866629426,19
1,14,0.841805716158914,0.904980102989656,19
4,14,0.729284934507295,-0.29338564775245,19
2,14,0.652057607523783,0.449777104885428,19
3,14,0.583407368849255,0.478120803359433,19
5,14,0.474173246064766,0.368665646234116,19
1,15,0.843960642520956,0.878582438024127,19
4,15,0.683822314698027,0.523413872469517,19
2,15,0.666501215344306,0.678236092639663,19
3,15,0.611544746232029,-0.0723633829868926,19
5,15,0.489471954589572,0.120679484853651,19
1,1,0.845839550171597,0.778731843537625,20
4,1,0.71990354887024,0.425349443272308,20
3,1,0.666269463760366,0.534683281492915,20
2,1,0.6482672255418,0.715575467776448,20
5,1,0.591805029669259,0.457871640311099,20
1,2,0.840490689143766,0.715845953063416,20
4,2,0.728340087326454,0.487845394812544,20
3,2,0.666139076639996,0.611171633465987,20
2,2,0.650023539897709,0.68831050319075,20
5,2,0.607967947389429,-0.0186967617652638,20
1,3,0.836373796357987,0.654400574787508,20
4,3,0.711492282070299,0.54119723245706,20
3,3,0.700342883387324,0.325053871866789,20
2,3,0.668532329826338,0.511154218847802,20
5,3,0.569252027871455,0.370218592703938,20
1,4,0.843753396986133,0.311623282927886,20
4,4,0.728795299910291,0.416542443691702,20
3,4,0.67065633339659,0.619323010885628,20
2,4,0.671396193917275,0.376357905784101,20
5,4,0.581630394381166,0.246835805654172,20
1,5,0.843201730116246,0.696920029368884,20
4,5,0.74975532605789,0.291238005796096,20
3,5,0.670765068778083,0.617402728357873,20
2,5,0.667893739828031,0.161813610403732,20
5,5,0.581722017427375,0.0514750528486617,20
1,6,0.828247049240042,0.871155866112667,20
4,6,0.726446720721252,0.352286139396606,20
3,6,0.678247163412926,0.432783103398297,20
2,6,0.653355444664017,0.641888177634976,20
5,6,0.601943121635961,0.142259036226679,20
1,7,0.843087224008772,0.756916652619436,20
4,7,0.687413339609866,0.431459238142638,20
3,7,0.703260533511743,0.802120249150478,20
2,7,0.661457061469029,0.643815489997104,20
5,7,0.57389374990853,0.415617847377869,20
1,8,0.841214358746662,0.779230840758414,20
4,8,0.728563801283498,0.541647366565463,20
3,8,0.666409578998277,0.726544426753771,20
2,8,0.663216835066526,0.0472515669804242,20
5,8,0.567343253815074,0.307475153760056,20
1,9,0.836934527848017,0.898149117836139,20
4,9,0.739849619470516,-0.0118420426979399,20
3,9,0.70113643295116,-0.0257408189357324,20
2,9,0.670762547361959,0.402242648876473,20
5,9,0.591674594320704,0.186947182088203,20
1,10,0.833078474201567,0.86762990559183,20
4,10,0.728122242533915,0.131487283919523,20
3,10,0.681613678047811,0.105064996785248,20
2,10,0.65139155504073,0.730856627211649,20
5,10,0.574064362571604,0.528114835923494,20
1,11,0.841412709228557,0.795210028415634,20
4,11,0.724267351603506,0.634758992589869,20
3,11,0.67144222038373,0.541795960518365,20
2,11,0.677489773316852,0.435398632215134,20
5,11,0.588014703258875,0.0849933248439722,20
1,12,0.841324473095855,0.671892425160173,20
4,12,0.720626899977672,0.609136427630542,20
3,12,0.674230687778712,0.651242713337123,20
2,12,0.641806887822308,0.744906730097916,20
5,12,0.596898212250327,0.229534904778818,20
1,13,0.834268637695357,0.84554547867544,20
4,13,0.726717746616548,0.37416045122059,20
3,13,0.694666828952969,0.412273983040571,20
2,13,0.66041833193981,0.779083923557382,20
5,13,0.558697899245075,0.539684098905001,20
1,14,0.834022773173759,0.855697756008248,20
4,14,0.716068911410954,0.408127259697858,20
3,14,0.686477880812096,0.506513928945092,20
2,14,0.674022664672398,0.364139118923626,20
5,14,0.572430932652636,0.730427376143993,20
1,15,0.837917744407799,0.806898867228559,20
4,15,0.720214790226524,0.686993638667631,20
3,15,0.657655311885486,0.661811838138505,20
2,15,0.651023867918479,0.624250103688476,20
5,15,0.574457489482267,0.733033842938234,20
1,1,0.838170090633274,0.746055126967867,21
4,1,0.630714762917877,0.273315849041065,21
2,1,0.62897129827949,0.443841769967007,21
3,1,0.515215562601602,0.566532392159847,21
5,1,0.471128941837284,0.736547922247375,21
1,2,0.838725321714219,0.67104839391069,21
4,2,0.652324465901925,0.446151135188732,21
2,2,0.596970343590795,0.701979251948517,21
3,2,0.516237353753651,0.671642751583019,21
5,2,0.478448386704707,0.0930462482972467,21
1,3,0.828706686231525,0.892980798234348,21
4,3,0.650504581485486,0.601227830254934,21
2,3,0.599110679333915,0.776614291654039,21
3,3,0.533455555748689,0.480230064789432,21
5,3,0.509920023355465,-0.147860575486444,21
1,4,0.832783350370021,0.794009606303274,21
4,4,0.658634308363628,0.337081666189597,21
2,4,0.592636964776583,0.594998380299177,21
3,4,0.5347355670223,0.616574044815088,21
5,4,0.477528356013589,0.458328870165438,21
1,5,0.832118292899387,0.823949931135995,21
4,5,0.667700424208768,0.0708307518347654,21
2,5,0.62794991586087,0.489437695646648,21
3,5,0.547188415928046,0.209357614716918,21
5,5,0.510789118782005,-0.240595231147302,21
1,6,0.832777579562884,0.793976761640311,21
4,6,0.615928552670505,0.659305354891437,21
2,6,0.614007992081762,0.671443390091296,21
3,6,0.527147373360231,0.539951372216373,21
5,6,0.496363530052393,0.478611904101188,21
1,7,0.831265376277074,0.876961813035621,21
4,7,0.651944033170918,0.564912488331822,21
2,7,0.594737231295852,0.57423086897171,21
3,7,0.533449879410028,0.194928043989788,21
5,7,0.492559069573886,-0.00382219772635611,21
1,8,0.840018295506398,0.688162768125436,21
4,8,0.619766349282678,0.450625880492969,21
2,8,0.6300493674139,0.627643178680261,21
3,8,0.567392045214922,0.024905494558493,21
5,8,0.496366030596726,0.418645478338077,21
1,9,0.836330818154518,0.756445143635537,21
4,9,0.635867558527659,0.751765586475553,21
2,9,0.614929357217727,0.448387400894406,21
3,9,0.543696123854904,0.341246879091232,21
5,9,0.507829439759818,0.0182090328718752,21
1,10,0.839629475299129,0.771888477046673,21
4,10,0.611334960129815,0.340775703335629,21
2,10,0.638119456083198,0.629348112924521,21
3,10,0.54866960494784,0.282228434509716,21
5,10,0.466944142445733,0.298930067686361,21
1,11,0.834236267361128,0.805115539486795,21
4,11,0.613234952774056,-0.00574889607400982,21
2,11,0.654946864088716,0.559529251717138,21
3,11,0.542595925652661,0.530497449678192,21
5,11,0.518305769596728,-0.220779619362733,21
1,12,0.829958568414499,0.923311229119852,21
4,12,0.638059205032239,0.277111371122874,21
2,12,0.626197318702392,0.777313812067983,21
3,12,0.56298623357276,0.105741940321932,21
5,12,0.500291353338555,0.366310548599796,21
1,13,0.83456822999674,0.795661309887348,21
4,13,0.641133619775283,0.239533548356231,21
2,13,0.603928229978282,0.448537125158992,21
3,13,0.556397911001765,0.525382365589349,21
5,13,0.466006101382378,0.409702785448086,21
1,14,0.834087747148556,0.832813462421945,21
4,14,0.602982002831544,0.532278334073174,21
2,14,0.647298468512265,0.596407358797902,21
3,14,0.548933913213246,0.224168315141671,21
5,14,0.492154955614894,-0.235147781159837,21
1,15,0.829503808351961,0.909947321444056,21
4,15,0.681617450635673,-0.30689401897758,21
2,15,0.615203984579655,0.23522108223889,21
3,15,0.515677749897852,0.766798394138431,21
5,15,0.497150495080192,-0.300108018649518,21
1,1,0.859410466432813,0.905362005488031,22
2,1,0.77059038545324,0.77451626230969,22
3,1,0.681292502613589,0.230128350978872,22
4,1,0.643106088085411,0.273224946196692,22
5,1,0.549250631093806,-0.149851384353313,22
1,2,0.862836563399134,0.728369876053476,22
2,2,0.781084756914833,0.645595609604607,22
3,2,0.707813904670943,0.183642987413643,22
4,2,0.621238763852785,0.528957958260458,22
5,2,0.557272111416745,0.0268572668196488,22
1,3,0.860897943569062,0.855629251178711,22
2,3,0.761983725805344,0.699732248974787,22
3,3,0.662072253578834,0.863728830513791,22
4,3,0.608687192883015,0.387514644152491,22
5,3,0.538344630768536,0.47711065558455,22
1,4,0.865347506213782,0.750427092857133,22
2,4,0.774696449162,0.605760478479855,22
3,4,0.683512405914091,0.495164008931138,22
4,4,0.642113091652042,0.0641207010747957,22
5,4,0.559228885952691,0.205439803151418,22
1,5,0.867082933171873,0.749287124510755,22
2,5,0.7970053580586,0.224740577716654,22
3,5,0.673461483204559,0.669295140052514,22
4,5,0.622825292225218,0.293420967338116,22
5,5,0.597348423170751,0.0957000945132492,22
1,6,0.868412224829985,0.69192251770291,22
2,6,0.768079210590927,0.681990530074368,22
3,6,0.675009634463927,0.465459406779103,22
4,6,0.626844704401892,0.542103098315798,22
5,6,0.565430452347648,0.266822519524173,22
1,7,0.858504082777529,0.927567251860984,22
2,7,0.772314355012292,0.589966350703345,22
3,7,0.694516561887135,0.481380833848415,22
4,7,0.623816918210312,0.565000128375917,22
5,7,0.558157237503448,0.317280803554208,22
1,8,0.868010894114069,0.717873431218897,22
2,8,0.775403303519749,0.484681782796287,22
3,8,0.678020753241867,0.634356589128817,22
4,8,0.635207943117453,-0.16442284697147,22
5,8,0.555359613376097,0.369058976994972,22
1,9,0.864739712016583,0.765574560676346,22
2,9,0.781979202361847,0.43923455926282,22
3,9,0.669684848218656,0.578330967171343,22
4,9,0.621797157187752,0.673847287327555,22
5,9,0.562330780581057,0.106290231942858,22
1,10,0.863021766887001,0.828765125438166,22
2,10,0.761549413341344,0.819813260706984,22
3,10,0.697611737524956,0.296239962209339,22
4,10,0.636276043034436,0.628907592494326,22
5,10,0.549344411542911,0.422130103442614,22
1,11,0.876152025711432,0.501565192937079,22
2,11,0.768500643777927,0.793522531251603,22
3,11,0.689313965274629,0.372856808985728,22
4,11,0.63863286961698,0.205728233067821,22
5,11,0.527400475993098,0.583325953442054,22
1,12,0.864735691310957,0.892690313216245,22
2,12,0.789758762315117,0.409186447554543,22
3,12,0.67901144741523,0.620244867760142,22
4,12,0.633693349995691,0.143918963888905,22
5,12,0.549880092855923,0.465185311005436,22
1,13,0.862665969971706,0.854678855817281,22
2,13,0.769008632149502,0.749996570858805,22
3,13,0.673857615529937,0.788906064790844,22
4,13,0.618776290974553,0.551341436872028,22
5,13,0.556196549807561,0.237672226834147,22
1,14,0.869996686769216,0.695527400509163,22
2,14,0.777427607811101,0.250092138221614,22
3,14,0.687037974231861,0.555460344491307,22
4,14,0.628628634030724,0.0980539191865079,22
5,14,0.552984762263138,0.391654839289853,22
1,15,0.857138741241927,0.937714730229249,22
2,15,0.772685529703047,0.0604994566318048,22
3,15,0.684320565799586,0.541367078212049,22
4,15,0.617709025249339,0.501381057188451,22
5,15,0.589547749663719,-0.113885725986533,22
1,1,0.843105999747958,0.618313467706645,23
3,1,0.697115692958572,0.426914633971144,23
2,1,0.618246795468205,0.799693879038643,23
5,1,0.592597803250627,0.16745442625492,23
4,1,0.503421583193815,0.457311800780452,23
1,2,0.831866020911155,0.866625374909273,23
3,2,0.699351568304816,0.539052762288592,23
2,2,0.654001731499121,-0.010622677681229,23
5,2,0.585819505941317,0.106695496008764,23
4,2,0.530877834082864,0.143551918332613,23
1,3,0.827601776886785,0.912989806021209,23
3,3,0.709239275215575,0.295510298611747,23
2,3,0.640127610697474,0.453863603657123,23
5,3,0.583543640646986,0.38173817010989,23
4,3,0.525038425221649,0.33970390600697,23
1,4,0.829188736281797,0.90709953182197,23
3,4,0.647257917404684,0.308030092710581,23
2,4,0.685933282250834,0.597730736304747,23
5,4,0.574858637005632,0.0991522838743747,23
4,4,0.512193244172588,0.184874877601044,23
1,5,0.848217525079673,0.639101619458991,23
3,5,0.63210788235858,0.402609717140777,23
2,5,0.702553550953692,0.746551630231205,23
5,5,0.588836245849618,0.171665107914226,23
4,5,0.523189036698094,0.131300020925266,23
1,6,0.840341487841249,0.798192697867924,23
3,6,0.653748231649577,-0.372780259362967,23
2,6,0.699342848399463,0.723462262806481,23
5,6,0.568358283712821,0.410753359868709,23
4,6,0.524744188893543,0.490272271099617,23
1,7,0.839489318735356,0.757796889055112,23
3,7,0.699722952388037,0.390188934922791,23
2,7,0.648939049286103,0.460582685256761,23
5,7,0.574784710388457,0.562531897192094,23
4,7,0.52093156553341,0.296703568334057,23
1,8,0.84521291368031,0.608064864657046,23
3,8,0.677420526045288,0.479349574313076,23
2,8,0.630078022622199,0.687867076797345,23
5,8,0.559411223249771,0.613038980235826,23
4,8,0.537479772177675,0.274593159265409,23
1,9,0.840806923656626,0.649976784665586,23
3,9,0.639779926316213,0.555294341938444,23
2,9,0.687532524524851,0.805404115376413,23
5,9,0.569906351018646,0.49167582246531,23
4,9,0.51470296484708,0.452588533951182,23
1,10,0.834479340599334,0.856688804817327,23
3,10,0.645241190625242,0.46154391208327,23
2,10,0.677937497851977,0.615500146102335,23
5,10,0.56914692641139,0.532129671748337,23
4,10,0.517668668785671,0.403666620169741,23
1,11,0.830691795850463,0.883489109652908,23
3,11,0.70460949828057,0.612319776473405,23
2,11,0.63155038944794,0.302089745296255,23
5,11,0.564421650720433,0.853875013263389,23
4,11,0.518270416478611,0.352281666271065,23
1,12,0.826698072372813,0.922769022350067,23
3,12,0.651348399760073,0.756516368112795,23
2,12,0.664229391823268,0.681605277189051,23
5,12,0.603690330126248,-0.120066790710713,23
4,12,0.512617517123698,0.190684383994123,23
1,13,0.841575810413219,0.712171896268306,23
3,13,0.705923377831515,0.414273359553931,23
2,13,0.626481025626458,0.707303064309158,23
5,13,0.585835143190053,0.153930172772179,23
4,13,0.544017279479376,-0.137969984727241,23
1,14,0.834652668053754,0.742856938836597,23
3,14,0.679452571203223,0.584474435379969,23
2,14,0.658808722075714,0.452204155240698,23
5,14,0.569794410345308,0.138431613321047,23
4,14,0.496406892098635,0.534469294985526,23
1,15,0.841388004374471,0.702894740579806,23
3,15,0.624313353235028,0.343779385350046,23
2,15,0.70801400672031,0.725361605689137,23
5,15,0.578395823677186,-0.188622445642849,23
4,15,0.53776183126224,0.444536226452241,23
1,1,0.895351606091086,0.731730288057241,24
3,1,0.743131375834221,0.554533321843249,24
4,1,0.697672830891231,-0.0522852281274415,24
2,1,0.678586690143403,0.770994905252417,24
5,1,0.582338127816998,0.425259418319384,24
1,2,0.885773450406913,0.950733489914423,24
3,2,0.737020918722686,0.505172012344708,24
4,2,0.682577288497413,0.392924242622702,24
2,2,0.682646474512881,0.660032946497702,24
5,2,0.571664244122329,0.563157818141654,24
1,3,0.889605763229358,0.768204759699032,24
3,3,0.737822722820588,0.442116634041981,24
4,3,0.700644126397696,0.504741072204901,24
2,3,0.685519056509436,0.504878589427124,24
5,3,0.585713324821033,0.216153755509668,24
1,4,0.885602817727453,0.838426261211656,24
3,4,0.740507868930532,0.379195696777128,24
4,4,0.690230609919875,0.308650181591962,24
2,4,0.691526929470276,0.513563017848383,24
5,4,0.600809485948585,-0.0198573184520906,24
1,5,0.894945366532467,0.679011520976753,24
3,5,0.758810771198768,0.303598828356462,24
4,5,0.695041454136799,0.252987269596432,24
2,5,0.685104806026591,0.638615434282061,24
5,5,0.56394446435703,0.342140685390638,24
1,6,0.889756552936104,0.835891224150966,24
3,6,0.735731466930971,0.599221161986841,24
4,6,0.677252666544284,0.677910940092704,24
2,6,0.660047427797573,0.693280874657784,24
5,6,0.584234216649245,0.484106405689814,24
1,7,0.889823308393518,0.770179847683079,24
3,7,0.727904539693454,0.549542620126191,24
4,7,0.699810099128072,0.429653876119899,24
2,7,0.702935763125309,0.381381224330326,24
5,7,0.588287042975905,0.125302706149927,24
1,8,0.896108935706616,0.658327684978052,24
3,8,0.757109595634224,-0.0839907544356948,24
4,8,0.692613437433265,0.33503310384906,24
2,8,0.685106696204654,0.450065372249966,24
5,8,0.576861536030112,0.115263296229177,24
1,9,0.888599145274976,0.851033271128647,24
3,9,0.755920060661893,-0.110643904976749,24
4,9,0.687307351574512,0.280666961288058,24
2,9,0.67795594855364,0.71743506814605,24
5,9,0.573977701564825,0.362499391134266,24
1,10,0.883288368784575,0.917227232011727,24
3,10,0.745268698114292,0.569060513749549,24
4,10,0.698357346444523,-0.248095868905357,24
2,10,0.683694350218313,0.616855584784292,24
5,10,0.580749798333332,0.0440572005511021,24
1,11,0.888958863005946,0.820186421553691,24
3,11,0.734355858546306,0.379701616094737,24
4,11,0.704462174593156,0.353498850889083,24
2,11,0.685235768973094,0.381376967911974,24
5,11,0.572852249366262,0.812135668420888,24
1,12,0.882578233693002,0.954071600015277,24
3,12,0.752394367311601,0.201695461122239,24
4,12,0.711298035422685,0.322250621217546,24
2,12,0.679201767103737,0.484757789395772,24
5,12,0.586235607836342,0.0951185233672488,24
1,13,0.889244111665599,0.754995925264195,24
3,13,0.748714359514398,0.168069439562256,24
4,13,0.700914523680272,0.160207849685828,24
2,13,0.713632895168205,0.219815213394587,24
5,13,0.568815655618223,0.565495970754293,24
1,14,0.889660071866954,0.796810084876681,24
3,14,0.752083280535806,0.102852021544315,24
4,14,0.681098242639104,0.594221079237623,24
2,14,0.665078753179925,0.741744279058714,24
5,14,0.587103668818267,-0.165251121670918,24
1,15,0.887731274145586,0.849399432042915,24
3,15,0.730012005423185,0.811874021271392,24
4,15,0.677813888781662,0.374464783331543,24
2,15,0.676209102491153,0.777126659060862,24
5,15,0.570595039464427,0.2350167590858,24
1,1,0.789821508734381,0.654584697170618,25
2,1,0.675988659747633,0.222810307929951,25
3,1,0.614879324022983,0.475879625960304,25
4,1,0.530867973918577,0.419001054644831,25
5,1,0.497113969851416,0.173061361756476,25
1,2,0.788861504034006,0.627906155691226,25
2,2,0.663799709478945,0.558465963061924,25
3,2,0.620893304542624,0.60684013720063,25
4,2,0.534783248360183,0.346209133820056,25
5,2,0.522094686143178,-0.306622700732967,25
1,3,0.773773045296643,0.88898607227985,25
2,3,0.65137271488264,0.826344247538818,25
3,3,0.608253614380704,0.533828773116664,25
4,3,0.557592071436326,0.351585029149172,25
5,3,0.46545644783098,0.000104003426418266,25
1,4,0.813303911182507,0.430967477117452,25
2,4,0.679468132504306,0.25236959533994,25
3,4,0.595555803288317,0.719472911139394,25
4,4,0.575252536052978,-0.181736927791376,25
5,4,0.460333665510989,0.360799558229166,25
1,5,0.775912925616597,0.935783056550085,25
2,5,0.665932846291841,0.520135124821574,25
3,5,0.612258567469795,0.634001782116681,25
4,5,0.522380597288696,0.45173442795322,25
5,5,0.438516304203654,0.423032621748302,25
1,6,0.790110130111937,0.65404812517654,25
2,6,0.668636469084901,0.522892566653213,25
3,6,0.629383234645344,0.171039496353519,25
4,6,0.528706787164711,0.485394621698468,25
5,6,0.475423870681297,-0.0399282012050688,25
1,7,0.783036121193783,0.715910278503452,25
2,7,0.661673328281659,0.602730945998105,25
3,7,0.607435376973297,0.450507113035609,25
4,7,0.518339701768562,0.551153999591012,25
5,7,0.472321516584735,0.0745631399811036,25
1,8,0.793792406790289,0.647781189316245,25
2,8,0.658144523581365,0.722646548108727,25
3,8,0.612850537697624,0.441524176557474,25
4,8,0.537508521666996,0.398366877944253,25
5,8,0.467094517513031,0.0310024869047493,25
1,9,0.793236416306371,0.675341416568565,25
2,9,0.654133716945355,0.462833781565034,25
3,9,0.624680878101648,0.424689684009181,25
4,9,0.542324671507474,0.405469286687392,25
5,9,0.478758665715287,0.047198341171595,25
1,10,0.777471573195044,0.869956433904604,25
2,10,0.640748213441319,0.465800734201331,25
3,10,0.608645257868236,0.48380893107598,25
4,10,0.550343520055757,0.105291515153486,25
5,10,0.474366917846397,0.0225175528786622,25
1,11,0.780750267430017,0.896754762097638,25
2,11,0.65246047868043,0.807070035198303,25
3,11,0.614536162188213,0.495885057838882,25
4,11,0.528632332283182,0.661992112836415,25
5,11,0.469262726632482,0.395405293514874,25
1,12,0.786413976847362,0.778120892178676,25
2,12,0.652324766737521,0.336722306443089,25
3,12,0.632238319571576,0.214170727948873,25
4,12,0.565856358667126,0.176079533107625,25
5,12,0.469537151694617,0.112305651154249,25
1,13,0.7795238168721,0.837101526532442,25
2,13,0.670600532617537,0.135757095937154,25
3,13,0.620701828151873,0.0697537680749688,25
4,13,0.550554021365868,0.45485139519917,25
5,13,0.462726935490279,0.333610066764831,25
1,14,0.775747659182768,0.882775237648073,25
2,14,0.664961145041847,0.389006501990474,25
3,14,0.650859111314588,-0.0862586586603394,25
4,14,0.546540591760298,0.199900720773129,25
5,14,0.458849836835406,0.518352507454559,25
1,15,0.786458820025335,0.741100775632336,25
2,15,0.644938673872692,0.802311252350616,25
3,15,0.597403510925757,0.720536483723394,25
4,15,0.562796300043583,0.10637601219671,25
5,15,0.479814856747202,0.018675317612542,25
1,1,0.877070890207985,0.722187037443836,26
2,1,0.741628369553155,0.619149262186789,26
3,1,0.658325509400998,0.449286419308536,26
4,1,0.599003538587732,0.65098642522079,26
5,1,0.524710089404251,-0.0345565889176703,26
1,2,0.869326162039689,0.924260281933691,26
2,2,0.746675017686102,0.706496637368071,26
3,2,0.664110757478477,0.168594256773019,26
4,2,0.6080930746607,0.525317252370408,26
5,2,0.504414397623264,0.172813474511783,26
1,3,0.869850561545459,0.882512488675733,26
2,3,0.750178955941474,0.360769962257234,26
3,3,0.648314566329515,0.603959495348456,26
4,3,0.631698990262034,0.240780459505808,26
5,3,0.505287874000731,0.334398866713363,26
1,4,0.873722149392119,0.849366925258506,26
2,4,0.746391729037005,0.571221980122207,26
3,4,0.664715267422831,0.344880743531113,26
4,4,0.627526072861279,0.617869964267116,26
5,4,0.526679427995392,-0.145477734514724,26
1,5,0.877587105856635,0.661033265879605,26
2,5,0.737812914754724,0.288240529396585,26
3,5,0.698517296633371,0.51269566432171,26
4,5,0.608662350037776,0.813057272423055,26
5,5,0.534957446488553,-0.111098727546676,26
1,6,0.871204514761265,0.880920521805578,26
2,6,0.738788275690458,0.712864326476196,26
3,6,0.657848209651484,0.482626886523837,26
4,6,0.616750510669704,0.447580044657467,26
5,6,0.535685261526277,-0.317251608754626,26
1,7,0.869335628270916,0.886881770934058,26
2,7,0.747320293936248,0.165435817188736,26
3,7,0.682972738308159,0.207207179345868,26
4,7,0.640855017639321,0.0976620426423221,26
5,7,0.509989582624141,-0.113434094439356,26
1,8,0.869213844880474,0.894887574848594,26
2,8,0.737039691053864,0.655123740403405,26
3,8,0.645696988718339,0.427821650197714,26
4,8,0.634246586476276,0.0150865170290943,26
5,8,0.5005367604455,0.588412764901242,26
1,9,0.878412091990348,0.700641475193491,26
2,9,0.699194313115715,0.761146437228684,26
3,9,0.673235473881489,0.681390134378596,26
4,9,0.630987151262088,0.325153316873455,26
5,9,0.490392696665677,0.310986033273372,26
1,10,0.872053261810274,0.837917198365327,26
2,10,0.764422090875142,0.112885798678053,26
3,10,0.662960568621124,0.349948867609882,26
4,10,0.607913879949976,0.620914280959777,26
5,10,0.493223936659659,0.301155768597085,26
1,11,0.869128887059847,0.878912748361256,26
2,11,0.73811087240241,0.690821881363374,26
3,11,0.63564492383338,0.847456573711773,26
4,11,0.630807676544293,0.31438345652937,26
5,11,0.500397440335874,0.43756418689648,26
1,12,0.872557844146228,0.837557976053632,26
2,12,0.74911146829311,0.486056968840886,26
3,12,0.655849699540759,0.439614766159778,26
4,12,0.635524117474313,0.291194802577715,26
5,12,0.512131338111471,0.0104182883693249,26
1,13,0.871794365707436,0.841722430862016,26
2,13,0.76187075242182,0.454172377464318,26
3,13,0.656462517591415,0.44137193728077,26
4,13,0.629016858764924,0.264057266728748,26
5,13,0.519034262567953,-0.157754092457117,26
1,14,0.883230908223135,0.633101065279468,26
2,14,0.746729220968546,0.568234360384924,26
3,14,0.646715650684756,0.632032126386278,26
4,14,0.625743848800783,0.405851015758646,26
5,14,0.494399287372341,0.187816421484994,26
1,15,0.868825480469847,0.895704336924587,26
2,15,0.743411002120531,0.323116352487564,26
3,15,0.631826194877463,0.733935630996724,26
4,15,0.624029478567669,0.591585067010652,26
5,15,0.501667074129941,0.048715417614571,26
1,1,0.838244390602172,0.700911674080624,27
4,1,0.625834399590081,0.779721570746129,27
2,1,0.604647440929811,0.639703938154462,27
3,1,0.502318473282498,0.589296013311144,27
5,1,0.518905005485151,0.467345336383351,27
1,2,0.825384115929766,0.896684824939159,27
4,2,0.626251785358465,0.0768065632233552,27
2,2,0.623697625165533,0.611946099554268,27
3,2,0.523508843854373,0.372790578515326,27
5,2,0.500446179707213,0.733296125275621,27
1,3,0.829023559631393,0.848856372709766,27
4,3,0.619835134019028,0.788278487132331,27
2,3,0.622645810785597,0.549371911269171,27
3,3,0.534803118253312,0.479862565245838,27
5,3,0.519128153855574,0.344255216149967,27
1,4,0.8255580163041,0.866695399721453,27
4,4,0.634759440705864,0.356557559780119,27
2,4,0.615500692884443,0.168303642190339,27
3,4,0.548661719490543,0.102583389513129,27
5,4,0.513636934702132,0.424696546035191,27
1,5,0.832500799447024,0.792038512760855,27
4,5,0.637161775209483,0.216000742510968,27
2,5,0.595552178523863,0.821212823270836,27
3,5,0.530443773108309,0.330318868384122,27
5,5,0.51281131653051,0.507411525893714,27
1,6,0.828568025327678,0.870116037006589,27
4,6,0.633731068344815,0.247815586669888,27
2,6,0.610336875807912,0.369674831005802,27
3,6,0.517960312857076,0.441743072678521,27
5,6,0.546911317000337,0.342325424662914,27
1,7,0.839242601428689,0.695684040748611,27
4,7,0.62236555924709,0.617868591859212,27
2,7,0.617134683029439,0.657745512912772,27
3,7,0.521458135512599,0.306186111477507,27
5,7,0.548090514953543,-0.0664522542045044,27
1,8,0.839328294831767,0.668751455473467,27
4,8,0.63288820634008,0.529807605021537,27
2,8,0.619357727344944,0.383459624071023,27
3,8,0.517768433129136,0.506479929060949,27
5,8,0.51940809872905,0.47893919330738,27
1,9,0.832560853965598,0.817287512380665,27
4,9,0.598069124920279,0.673668509767549,27
2,9,0.616994502539754,0.378963024870785,27
3,9,0.530588903191184,0.00712594793744266,27
5,9,0.563703614369384,-0.125467928875811,27
1,10,0.83226402991707,0.821035618274101,27
4,10,0.666198697710635,-0.415842640443522,27
2,10,0.620403582215447,0.613696540874877,27
3,10,0.512834586199055,0.288911973371224,27
5,10,0.541435402170044,-0.261314583618064,27
1,11,0.825070144643782,0.86184202884859,27
4,11,0.618762064722426,0.0922548879955406,27
2,11,0.642597576551235,0.130683626801049,27
3,11,0.490550229922899,0.841628516437083,27
5,11,0.52376252554863,0.331077908710557,27
1,12,0.824124926984336,0.932099534261688,27
4,12,0.646107314789411,0.431646660334181,27
2,12,0.592717706142891,0.836306568511834,27
3,12,0.516283077796239,0.404826886032039,27
5,12,0.504569792215363,0.49897800946291,27
1,13,0.845753664909768,0.682416646150376,27
4,13,0.64811670239949,-0.0217452457874047,27
2,13,0.621037709242554,0.122813460066162,27
3,13,0.50805749801616,0.442953616719957,27
5,13,0.552605982598608,0.145977283571656,27
1,14,0.838077121827945,0.589103639096175,27
4,14,0.613336811630242,0.581222211102484,27
2,14,0.627679782527074,0.577229937607375,27
3,14,0.517622541829962,0.292661647323099,27
5,14,0.510866082714874,0.397956278627669,27
1,15,0.825613933465719,0.898391980802427,27
4,15,0.626761457564023,0.00695396516610163,27
2,15,0.639391367535915,0.200594152768377,27
3,15,0.503864836814,0.395663490310124,27
5,15,0.540113583208125,0.451767807115073,27
1,1,0.842513966780756,0.792833794015185,28
2,1,0.739246460314172,0.697762726581533,28
4,1,0.669681628902523,0.538990996461548,28
5,1,0.59213618205337,0.175899027153155,28
3,1,0.54009010492476,0.527313278698562,28
1,2,0.84097975976006,0.802057122931347,28
2,2,0.722993034314591,0.717903793882308,28
4,2,0.67802563938965,-0.0543334164392524,28
5,2,0.567808532040205,0.324081759507903,28
3,2,0.567568217053224,0.728485118882084,28
1,3,0.837547926477333,0.82390160884778,28
2,3,0.723186127534079,0.883614000560501,28
4,3,0.652284264575158,0.608961843039158,28
5,3,0.588156493639556,-0.144390523468802,28
3,3,0.573537149037405,0.558631153900058,28
1,4,0.83674914724066,0.865806057711424,28
2,4,0.737870253358433,0.484987229114542,28
4,4,0.669474663070214,0.173437600852634,28
5,4,0.571015107387828,0.576890839404759,28
3,4,0.561573912371312,0.589649451106664,28
1,5,0.836143448991371,0.872258520028313,28
2,5,0.736905150028439,0.59815716589654,28
4,5,0.666715237749415,0.646120709601493,28
5,5,0.58441803245978,-0.154903007685234,28
3,5,0.574471199812776,0.475720749086618,28
1,6,0.838189959649391,0.844273071281469,28
2,6,0.742851286324609,0.477035430908784,28
4,6,0.665124792114475,0.552777636093894,28
5,6,0.583386098929022,-0.0455337627090226,28
3,6,0.563847036928618,0.572918341433301,28
1,7,0.833975569932088,0.871675004907159,28
2,7,0.741160376147068,0.741820606775833,28
4,7,0.650978083007081,0.733050558078198,28
5,7,0.584112526611847,-0.0983741786032763,28
3,7,0.582104751510455,0.311423376101167,28
1,8,0.83859887791306,0.831728116633469,28
2,8,0.730993888293872,0.628133376970746,28
4,8,0.653367528217827,0.651236025425828,28
5,8,0.576194991334932,0.361237313897735,28
3,8,0.545426036503603,0.726571322870691,28
1,9,0.838058845118378,0.728188999895529,28
2,9,0.749534684855427,0.235262503554822,28
4,9,0.658131346186928,0.610952337304507,28
5,9,0.575841076368661,0.367486404266492,28
3,9,0.575217719996084,0.430773252519554,28
1,10,0.841339494753647,0.774309959702809,28
2,10,0.732716572004766,0.693202591164296,28
4,10,0.680645608640598,0.375261146839715,28
5,10,0.587700237027681,0.138481823385898,28
3,10,0.578564741663514,0.413203711158189,28
1,11,0.833608446271154,0.903284671048429,28
2,11,0.737413413612525,0.502371195607098,28
4,11,0.667027553048006,0.439788187609299,28
5,11,0.567830937134786,0.669316364165892,28
3,11,0.560326883739451,0.810994030439343,28
1,12,0.848837144770841,0.387653305351925,28
2,12,0.725396500551015,0.712200304862335,28
4,12,0.66907148572275,0.251601038195506,28
5,12,0.581072379366383,0.372478527895128,28
3,12,0.574353792360411,0.512552592283534,28
1,13,0.844896043889152,0.711767959184733,28
2,13,0.733105300820774,0.438709052373438,28
4,13,0.669926984726404,0.491800439967558,28
5,13,0.568536555833628,0.436451596875507,28
3,13,0.577872235507338,0.479206223499167,28
1,14,0.836410138823546,0.829674084554332,28
2,14,0.732278017231502,0.398509253689915,28
4,14,0.654110705156061,0.626266254100581,28
5,14,0.581625381156535,0.25693728891604,28
3,14,0.593536227403249,0.37908719773396,28
1,15,0.847457719860027,0.626787925530921,28
2,15,0.721397873603945,0.812367178687567,28
4,15,0.66749214268585,0.546613120010764,28
5,15,0.58695480040674,0.237091156744283,28
3,15,0.570326418774957,0.631168615889766,28
1,1,0.843403769858282,0.766271892239963,29
3,1,0.668374414337262,0.744770809769028,29
2,1,0.619731682897641,0.713227586457825,29
4,1,0.567799766752316,0.318984769557663,29
5,1,0.538689011418025,0.117255400366844,29
1,2,0.837093323211145,0.883181605567026,29
3,2,0.675313202386109,0.205503738913432,29
2,2,0.633168827270456,0.843000517778081,29
4,2,0.561926736726123,0.386663670920671,29
5,2,0.528397086300325,0.192784650578754,29
1,3,0.83423330718415,0.850486366050975,29
3,3,0.7266259080262,0.228118767044634,29
2,3,0.61068248879345,0.515918193509238,29
4,3,0.579421347897657,-0.0137940723307132,29
5,3,0.517004772663961,0.301891830852043,29
1,4,0.843187581571292,0.773836448868516,29
3,4,0.674129095265496,0.603697275006417,29
2,4,0.637992479592592,0.655160069614251,29
4,4,0.571146330479968,0.0918962821878884,29
5,4,0.551450471124894,-0.0348798804462172,29
1,5,0.837121884364293,0.89007252253012,29
3,5,0.704046842346166,0.442258335434184,29
2,5,0.616484379577965,0.608057608241812,29
4,5,0.574813825640842,0.412792650836576,29
5,5,0.506271062652107,0.750986564742446,29
1,6,0.838255533887671,0.83880915346806,29
3,6,0.654652195320932,0.218036256879735,29
2,6,0.683382347978285,0.684249099804282,29
4,6,0.580739762729883,0.277116479364313,29
5,6,0.526464487652281,0.0896610029425929,29
1,7,0.843741366793976,0.694907650023187,29
3,7,0.680017269658527,0.422730402180231,29
2,7,0.647776995820908,0.364118542397004,29
4,7,0.562643264675816,0.288722964293799,29
5,7,0.499475375940456,0.283232472619295,29
1,8,0.849256502149614,0.674725107803101,29
3,8,0.652837272822713,0.26871801079111,29
2,8,0.666364035206712,0.531467815295846,29
4,8,0.565592786757132,0.328831758944129,29
5,8,0.530736860718538,0.20664022048343,29
1,9,0.848717121659604,0.611176476225741,29
3,9,0.702007451898293,0.678998054205021,29
2,9,0.611122518131725,0.684864335777965,29
4,9,0.549944369338698,0.548439345342135,29
5,9,0.51576237077229,0.544188962131142,29
1,10,0.839986865547831,0.83547332990171,29
3,10,0.684834027871651,0.666272633574553,29
2,10,0.631959477448993,0.480027905608013,29
4,10,0.549905442742565,0.465893003788422,29
5,10,0.525164658882996,0.325878133670343,29
1,11,0.848491088088917,0.586650401417099,29
3,11,0.641649025910198,0.675132337383118,29
2,11,0.675686086750182,0.446463689023095,29
4,11,0.547659642541134,0.772991370255273,29
5,11,0.518118004863722,0.596300552874105,29
1,12,0.841649244431487,0.738096957293958,29
3,12,0.661318009422894,0.199373065517787,29
2,12,0.685371539464757,0.759936329711926,29
4,12,0.562234776495136,0.318643242083077,29
5,12,0.505030818312455,0.242683808428856,29
1,13,0.837201080065198,0.811340897304275,29
3,13,0.71463858096679,0.313722482975616,29
2,13,0.616529955754657,0.620646158860014,29
4,13,0.559902993194023,0.391094698753413,29
5,13,0.538594696121845,-0.0531924263309386,29
1,14,0.836741994396371,0.884935039656737,29
3,14,0.662440653037581,0.597896080673283,29
2,14,0.65325503686503,0.494917972331346,29
4,14,0.564160962744288,-0.0380018581027279,29
5,14,0.531958507489255,0.285137679526234,29
1,15,0.837202217835712,0.851907028312696,29
3,15,0.67388628844498,0.259960684461379,29
2,15,0.613065680473191,0.900167013840842,29
4,15,0.556591957611652,0.564736264308358,29
5,15,0.520424927269716,0.242054812191002,29
1,1,0.830847567837652,0.928489281386718,30
3,1,0.616863483028775,0.758859297856004,30
2,1,0.643734600736624,0.658609653431007,30
5,1,0.567868917106382,0.46399185096317,30
4,1,0.54206462737411,0.0211884639445557,30
1,2,0.826900817941351,0.927357514051248,30
3,2,0.628769019503532,0.574576090349512,30
2,2,0.643003673411788,0.622642780328611,30
5,2,0.552368107050152,0.577691574010371,30
4,2,0.52737872164509,0.218839842820014,30
1,3,0.843672391686765,0.74454479555417,30
3,3,0.634590948505907,0.54368804704433,30
2,3,0.652269216571665,0.535206566211057,30
5,3,0.54174056782482,0.381883944952781,30
4,3,0.531657112454724,0.500241226500766,30
1,4,0.853154377483292,0.615128754836784,30
3,4,0.631672159668099,0.606635832504389,30
2,4,0.66639360301551,0.119479656033232,30
5,4,0.549289141177084,0.328197894318454,30
4,4,0.521563518043408,0.521946786062531,30
1,5,0.839553241068707,0.736230078514677,30
3,5,0.634349778050382,0.607373944905881,30
2,5,0.63136578933898,0.718916143348908,30
5,5,0.548445000070293,0.641504420319938,30
4,5,0.537155083254595,0.343131672077346,30
1,6,0.846534613285546,0.567587298864682,30
3,6,0.611418001101258,0.631135390121141,30
2,6,0.648783532483139,0.784404773795964,30
5,6,0.550729053394356,0.282891226911482,30
4,6,0.548202388515028,0.280742353211196,30
1,7,0.828120444332432,0.920396268993278,30
3,7,0.633707072335496,0.0812732994797798,30
2,7,0.66024244634688,0.594983620861633,30
5,7,0.567175838757474,0.493039867780464,30
4,7,0.507933572226968,0.55728188052715,30
1,8,0.832844847440106,0.874128557061838,30
3,8,0.660411909259674,0.285374728899507,30
2,8,0.628143129603497,0.644832240814652,30
5,8,0.544932736638617,0.184989935580929,30
4,8,0.523053653314566,0.0446250705811659,30
1,9,0.82388747844729,0.909172048003944,30
3,9,0.617084821674572,0.734444532275443,30
2,9,0.632735716713535,0.525754952154476,30
5,9,0.558508038274618,0.368663240987944,30
4,9,0.522043660006906,0.429504274092914,30
1,10,0.842772838105423,0.647211450338045,30
3,10,0.657893478949498,0.0940499561268717,30
2,10,0.576814680328519,0.871671563536852,30
5,10,0.556880321938816,0.525760072313,30
4,10,0.537841181384204,0.553983421944541,30
1,11,0.838560841331152,0.797102180506449,30
3,11,0.63097766622979,0.35170844160331,30
2,11,0.649720150592167,0.543108348153539,30
5,11,0.567075378922431,0.347469565614856,30
4,11,0.509521873296677,0.763503145364674,30
1,12,0.827678347129861,0.856490350124796,30
3,12,0.635429519546062,0.117287107095109,30
2,12,0.658175587473133,0.602158192159481,30
5,12,0.558367933089766,-0.267747673607207,30
4,12,0.531204567653624,0.294902485524897,30
1,13,0.83646263661781,0.75587840630912,30
3,13,0.636628451644583,0.0798993944268957,30
2,13,0.654622121187556,0.490064215571213,30
5,13,0.561076390653217,0.214063804424152,30
4,13,0.52209063653289,0.590475582249558,30
1,14,0.840436449813174,0.506970882955358,30
3,14,0.641154832984655,0.289083397675883,30
2,14,0.648318112513336,0.437236205435725,30
5,14,0.589370672268731,-0.10886831170006,30
4,14,0.526315445234859,0.494719793133808,30
1,15,0.83287482366788,0.847243327071354,30
3,15,0.618145486532042,0.641306116039506,30
2,15,0.659444921492699,0.478101899427517,30
5,15,0.52054920331678,0.835655104455329,30
4,15,0.523616405931395,0.397636535529453,30
1,1,0.858152023471143,0.849910869271132,31
2,1,0.729658152142063,0.184788248762608,31
3,1,0.630978789431091,-0.0508288705032304,31
4,1,0.573373424440767,0.313168752684015,31
5,1,0.53563329077011,-0.126913830582282,31
1,2,0.845810745985244,0.893606356568048,31
2,2,0.719383860765439,0.471535321184103,31
3,2,0.627189852806541,0.123712827254245,31
4,2,0.577360427182997,0.453767046649587,31
5,2,0.505910801871623,0.34104432496055,31
1,3,0.851256267427171,0.903521761691054,31
2,3,0.716449627875739,0.602649909340051,31
3,3,0.604964442765749,0.624554667975861,31
4,3,0.569563082455464,0.720141794804836,31
5,3,0.505163653258515,0.517107098512682,31
1,4,0.866983893823631,0.595194058365383,31
2,4,0.715909090904344,0.6703422349154,31
3,4,0.641564882548902,-0.271636795613262,31
4,4,0.635157244976468,-0.00196523439916793,31
5,4,0.521109857599502,0.291513136654234,31
1,5,0.857246857908891,0.619048709539606,31
2,5,0.711480006036935,0.684417565393775,31
3,5,0.597576234116701,0.42475347482534,31
4,5,0.585896360991194,0.141386489061697,31
5,5,0.54243822678493,-0.0123938305991827,31
1,6,0.855931792049234,0.815775394618513,31
2,6,0.720446767117863,0.699954721091717,31
3,6,0.620530206883526,0.354596405089673,31
4,6,0.599408669688192,0.150324376031333,31
5,6,0.50008475072591,0.471798797619051,31
1,7,0.847843753851567,0.880163553466413,31
2,7,0.716016248119678,0.710885325883044,31
3,7,0.615624619320688,0.529612496576355,31
4,7,0.589797181909109,0.0915265990013564,31
5,7,0.522276778107866,0.143455882142156,31
1,8,0.857292839054139,0.757034516046859,31
2,8,0.72261867649156,0.5560821249605,31
3,8,0.599750948595619,0.649753085772492,31
4,8,0.604019063652115,0.334783882548751,31
5,8,0.497220689658538,0.48975806447531,31
1,9,0.850511615559949,0.860288601769917,31
2,9,0.722502184305909,0.498998870625132,31
3,9,0.59248539163318,0.816057272433668,31
4,9,0.570458096354589,0.561792538100886,31
5,9,0.517221262604831,-0.0224052012426107,31
1,10,0.85119211356328,0.905668724747779,31
2,10,0.71721932826036,0.491177868178642,31
3,10,0.611908955749278,0.53205556812198,31
4,10,0.583456888084043,0.49044161282619,31
5,10,0.530884481557398,0.160560317595033,31
1,11,0.854471924092665,0.783875578250015,31
2,11,0.722281060928853,0.576545843895043,31
3,11,0.597660633194287,0.753939859504605,31
4,11,0.588763835993204,0.452995691533123,31
5,11,0.50722395047704,0.460273147877269,31
1,12,0.861122334098259,0.713322737772861,31
2,12,0.752189097290245,0.292012504903429,31
3,12,0.607918182329021,0.596996351232889,31
4,12,0.564793933272922,0.542664352154624,31
5,12,0.492494232802583,0.569527856217757,31
1,13,0.850864854254747,0.888587053930957,31
2,13,0.712351292685583,0.79472112569537,31
3,13,0.610261122730754,0.305456089702173,31
4,13,0.593390681359402,0.255756148593435,31
5,13,0.509290349356777,0.22831713010405,31
1,14,0.862919597457992,0.688251069651528,31
2,14,0.724688571006486,0.595646511031895,31
3,14,0.6266064759241,-0.186722474695852,31
4,14,0.582429761466246,0.460531853129436,31
5,14,0.511832852053676,0.367115592211,31
1,15,0.861727069743136,0.620851884737066,31
2,15,0.709496216671894,0.485974071975093,31
3,15,0.596341730962191,0.55889067909964,31
4,15,0.592666079999119,0.35120764923354,31
5,15,0.531086470823552,0.211486488056637,31
1,1,0.864792212411743,0.765562365039363,32
2,1,0.644361240919826,0.727666659449091,32
3,1,0.596137540210899,0.32370929770533,32
5,1,0.49728400914601,0.216913267585623,32
4,1,0.490614473736037,0.384244117736995,32
1,2,0.85969356681328,0.852307911057993,32
2,2,0.683512813074493,0.0659537215751325,32
3,2,0.582819646481183,0.52804634068819,32
5,2,0.51310027662008,0.376896636050009,32
4,2,0.486934614878369,0.38744862928815,32
1,3,0.878461357398381,0.636334330919767,32
2,3,0.652107759641195,0.559828893603785,32
3,3,0.615116409816115,0.319690108777852,32
5,3,0.504604780813894,0.30008522307385,32
4,3,0.482379945393985,0.285338787206862,32
1,4,0.861120201943023,0.860850448902019,32
2,4,0.667327134433609,0.598290996872395,32
3,4,0.616797986995396,0.270020559220595,32
5,4,0.520890778156085,0.433384324750351,32
4,4,0.493644004089209,0.351857078734876,32
1,5,0.861656723943834,0.862598648153957,32
2,5,0.664590296896915,0.100446578841809,32
3,5,0.605340792055409,0.268739862420087,32
5,5,0.529197712067306,-0.109227348628868,32
4,5,0.498620838902876,-0.122916590145393,32
1,6,0.861226064159089,0.881440997347579,32
2,6,0.666304052713133,0.4495032646247,32
3,6,0.592315980093171,0.709537942722341,32
5,6,0.488085950104622,0.421183352386032,32
4,6,0.509481712891632,0.113934116814095,32
1,7,0.854049786048845,0.958624865729909,32
2,7,0.665260712212993,0.568590137468174,32
3,7,0.610271867404813,0.41378294182121,32
5,7,0.500647578248003,0.413539167513906,32
4,7,0.501709853847448,-0.111763445182487,32
1,8,0.863344829448269,0.863734012479919,32
2,8,0.65392203318373,0.755536478361087,32
3,8,0.586489911383499,0.737290380568553,32
5,8,0.539274831125902,-0.231210129387166,32
4,8,0.483491200986632,0.473649444027455,32
1,9,0.867257409698289,0.805606509787666,32
2,9,0.674215677735716,0.509558155289881,32
3,9,0.601529799191063,0.331762142723282,32
5,9,0.524359073733596,0.176762930378026,32
4,9,0.437368100529693,0.611093496288694,32
1,10,0.860862531204586,0.849183898145403,32
2,10,0.656752611053872,0.457475509426096,32
3,10,0.600670530391965,0.561924867323939,32
5,10,0.499383798494533,0.607443421564744,32
4,10,0.491212639413001,0.458700657186209,32
1,11,0.862023805987627,0.896654806875342,32
2,11,0.667262966021937,0.518878851976451,32
3,11,0.599089655122865,0.365400833911317,32
5,11,0.513552814921199,0.25653913043228,32
4,11,0.496882387306927,0.298602444170556,32
1,12,0.862049036536574,0.869131828994084,32
2,12,0.665289019971722,0.650892461671087,32
3,12,0.601837553064364,0.527877831008792,32
5,12,0.513805861562008,0.278271279647611,32
4,12,0.490950646587395,0.261051625244522,32
1,13,0.867750793283095,0.743622888893429,32
2,13,0.654199935703671,0.70179684107274,32
3,13,0.600994274243343,0.602706363839382,32
5,13,0.51394280482617,0.33950182491268,32
4,13,0.495916650190318,0.329051439740474,32
1,14,0.860169301929069,0.876379284229219,32
2,14,0.664904494021965,0.432082595090381,32
3,14,0.605162714360066,0.321325010487472,32
5,14,0.521042598594033,0.289867818744547,32
4,14,0.482364494208025,0.635862547981028,32
1,15,0.868230941428868,0.743545452227184,32
2,15,0.661431077965343,0.474663762637596,32
3,15,0.61403046560033,0.169402744016873,32
5,15,0.519503947426735,0.0143007875505768,32
4,15,0.494159546202752,0.243005377065066,32
1,1,0.84591439897576,0.79437842761918,33
2,1,0.695944311193735,0.760841469688213,33
3,1,0.643958561321952,0.558470984275082,33
5,1,0.523618348485507,0.398617622975967,33
4,1,0.546092034918646,0.457357517534542,33
1,2,0.844149978206198,0.779525703440427,33
2,2,0.710169916490369,0.143282560425806,33
3,2,0.632193823881224,0.50999643772997,33
5,2,0.555544031515813,0.338996936736906,33
4,2,0.575579284167946,0.338983125008657,33
1,3,0.855974963032521,0.519857205093796,33
2,3,0.704274127514355,0.593936349542715,33
3,3,0.645826122911664,0.194280119534988,33
5,3,0.565593859440343,0.179453301896907,33
4,3,0.560901277599211,0.421980732878256,33
1,4,0.838215078837086,0.859854963159986,33
2,4,0.693063121572592,0.576865615099452,33
3,4,0.627094210650198,0.770814527348743,33
5,4,0.542553970744159,0.438287808480986,33
4,4,0.569755751556493,0.442071998519982,33
1,5,0.841034839989974,0.83994537660127,33
2,5,0.683813606928004,0.775473645851481,33
3,5,0.627290836966073,0.580573562169166,33
5,5,0.555102716117292,0.22133532888239,33
4,5,0.543070216899976,0.606360290351467,33
1,6,0.839684999592854,0.879396058725745,33
2,6,0.713736911322181,0.126102700238647,33
3,6,0.612941238761755,0.669868507949315,33
5,6,0.548678899110714,0.321278984540168,33
4,6,0.576706311792752,0.470656051509158,33
1,7,0.840268512863908,0.77703746916646,33
2,7,0.689922915658557,0.325051165379705,33
3,7,0.609860433823145,0.742882826388392,33
5,7,0.534983518837628,0.596438556244404,33
4,7,0.578102590784367,0.458705335080658,33
1,8,0.843082686043332,0.809257471302905,33
2,8,0.693903067783114,0.709001257020343,33
3,8,0.634817976417119,0.355158721885113,33
5,8,0.547946616190285,0.286777027402558,33
4,8,0.559782868825832,0.54788147088731,33
1,9,0.837038223767273,0.896340447429514,33
2,9,0.715213910710891,-0.121456807873884,33
3,9,0.630582843345288,0.585742982272104,33
5,9,0.574792418622713,-0.183440792162166,33
4,9,0.55844187493049,0.511336629761184,33
1,10,0.846630786198801,0.703033276774559,33
2,10,0.702821376624761,0.55133879373875,33
3,10,0.642030134344588,0.302077249252158,33
5,10,0.529391116100112,0.575042163419987,33
4,10,0.572298070299586,0.150346158828441,33
1,11,0.838076925673495,0.832969586658613,33
2,11,0.674958449418156,0.814226638021379,33
3,11,0.618232281946897,0.723562398575786,33
5,11,0.545961360889001,0.538362301660089,33
4,11,0.564765043175205,0.513971207194023,33
1,12,0.843576522537363,0.805871211601479,33
2,12,0.692277631885778,0.631160178838791,33
3,12,0.627278359783726,0.357619231072386,33
5,12,0.550253831145081,0.367025187105152,33
4,12,0.570564236423144,0.30793721113389,33
1,13,0.836188492366755,0.93923532648915,33
2,13,0.681468084064951,0.639150832185953,33
3,13,0.622885492320415,0.518099273981722,33
5,13,0.560877192148377,0.339462720751961,33
4,13,0.553075618759307,0.122494494485499,33
1,14,0.846267792575478,0.735588657198264,33
2,14,0.694201757199891,0.544230114264984,33
3,14,0.641957289527703,-0.032166834815716,33
5,14,0.55046526720946,0.452026494658544,33
4,14,0.556641949432776,0.504422679275413,33
1,15,0.843892802935294,0.791878285627724,33
2,15,0.716470640277153,0.322523903096149,33
3,15,0.655198004905091,0.248732098209817,33
5,15,0.555616097497022,0.139359123464653,33
4,15,0.575055624230819,0.221156538396162,33
1,1,0.852525986773186,0.626030784914041,34
2,1,0.645907634111723,0.417986253862059,34
4,1,0.654313509338203,0.47620790968594,34
3,1,0.571498846665682,0.775914357157157,34
5,1,0.560775678693437,-0.0336986258067875,34
1,2,0.835835600904759,0.859077106193571,34
2,2,0.628167245868768,0.629475536997476,34
4,2,0.653489182119802,0.692487761441438,34
3,2,0.567348154580231,0.540387307369791,34
5,2,0.556970334445038,0.402798557820948,34
1,3,0.834924401260256,0.887290053315203,34
2,3,0.642937485396709,0.32681399985239,34
4,3,0.653736386378154,-0.0562861273193004,34
3,3,0.545031271612991,0.763069180734481,34
5,3,0.554139231455756,0.349221044077384,34
1,4,0.840543229370472,0.616974498358999,34
2,4,0.628628337945085,0.836380812893032,34
4,4,0.639210837153608,0.693601338246431,34
3,4,0.574271932776907,0.432305501456876,34
5,4,0.563743064312528,0.0776073784109112,34
1,5,0.83814422962473,0.837919872211051,34
2,5,0.649572810249141,0.388893298741157,34
4,5,0.642912271725737,0.670687806856334,34
3,5,0.597097789074199,0.223720972134788,34
5,5,0.524415578827942,0.639285892148701,34
1,6,0.838344931905244,0.821558534361808,34
2,6,0.65236592509538,0.280562406514904,34
4,6,0.630522356447408,0.783708171204013,34
3,6,0.583816534255748,0.386944473956405,34
5,6,0.531691363009469,0.705930520641295,34
1,7,0.8422979029798,0.827591864482238,34
2,7,0.635773395785427,0.385794264639029,34
4,7,0.666407461186537,0.314866006371514,34
3,7,0.59025879097671,0.597006562357051,34
5,7,0.541964329799093,0.509988545074123,34
1,8,0.83377810722622,0.880752262718043,34
2,8,0.651662486556891,0.310433012987277,34
4,8,0.635171013574067,0.524512350695451,34
3,8,0.570808222054379,0.540827940431404,34
5,8,0.538551402946811,0.61152310674416,34
1,9,0.845417725386692,0.650507578421451,34
2,9,0.643188436395564,0.389447852642729,34
4,9,0.667130924874748,0.18552553831321,34
3,9,0.602267834886089,0.442891460293899,34
5,9,0.546913539124184,0.0430578234624778,34
1,10,0.833547855882015,0.828727663027138,34
2,10,0.641005517939483,0.562324041630072,34
4,10,0.632992107541699,0.495457887013259,34
3,10,0.578644190860473,0.476660954447264,34
5,10,0.574485572022994,-0.0456320952312544,34
1,11,0.843453038491923,0.7508810010288,34
2,11,0.658561019812168,0.446408882361463,34
4,11,0.668111439451472,-0.295887209185166,34
3,11,0.5636166199398,0.653778837383926,34
5,11,0.559829058504043,0.0739310161428636,34
1,12,0.822860806388642,0.952524577720862,34
2,12,0.652437648901837,0.367785468722106,34
4,12,0.656673046696983,0.2009973297421,34
3,12,0.573252868948922,0.517387459870474,34
5,12,0.55437758913971,0.356608117337195,34
1,13,0.844054745084866,0.583868490516731,34
2,13,0.668953230743195,0.0904129226525503,34
4,13,0.652668100180155,0.164395803313787,34
3,13,0.599250825020844,0.361417836203894,34
5,13,0.532966290703536,0.624991528932629,34
1,14,0.840751153426757,0.786680597306759,34
2,14,0.634630451671068,0.682047021654119,34
4,14,0.651616787708004,0.427878319018192,34
3,14,0.590288404221306,0.125969249708083,34
5,14,0.558504081204417,0.440589880713801,34
1,15,0.837923299189671,0.834695289083287,34
2,15,0.623850310373883,0.742635732905342,34
4,15,0.657333245976363,0.512866995967538,34
3,15,0.591387757744661,-0.0410285372070022,34
5,15,0.550594936720418,0.23478926270658,34
1,1,0.878256354857637,0.82878628838277,35
3,1,0.720927679054978,0.567982687905835,35
4,1,0.691400289131836,0.192016967034121,35
2,1,0.63612554843616,0.545985654592147,35
5,1,0.511828886383428,0.684835320463683,35
1,2,0.878409893049045,0.78660127974696,35
3,2,0.741044819392805,0.366737727588872,35
4,2,0.65768164294608,0.493596686389113,35
2,2,0.626519962579194,0.622859060471248,35
5,2,0.548392749172711,0.172865137710888,35
1,3,0.874794307344254,0.908528048046807,35
3,3,0.720380574645552,0.627617121345423,35
4,3,0.66796134345347,0.605027920586499,35
2,3,0.633047786531253,0.374409045124697,35
5,3,0.530930165471506,0.523757744873372,35
1,4,0.881935931405913,0.736342327426488,35
3,4,0.713514052865276,0.635910921792557,35
4,4,0.638661442753731,0.599155588881929,35
2,4,0.646452292116118,0.576126420557576,35
5,4,0.556486546574611,0.0304449873697502,35
1,5,0.875911608719694,0.881937273371381,35
3,5,0.74065567919977,0.301930101590922,35
4,5,0.643366388723202,0.782229582292538,35
2,5,0.645587342987656,0.316932546418689,35
5,5,0.566189527097968,0.0751040816877048,35
1,6,0.873458909092573,0.894807696727675,35
3,6,0.687360451816624,0.776230223636732,35
4,6,0.674102023259273,0.638724102155612,35
2,6,0.643905066299796,0.361166148677991,35
5,6,0.539404639110354,0.0464959880583985,35
1,7,0.881317877864162,0.745659183152361,35
3,7,0.684756380777576,0.491035663395743,35
4,7,0.666429284467652,0.711178994483237,35
2,7,0.641075570306607,0.573655974419972,35
5,7,0.562366085896841,0.256937012062473,35
1,8,0.884188165863815,0.750907285225439,35
3,8,0.726947650238826,0.269316346963392,35
4,8,0.68138764258898,0.418879219458871,35
2,8,0.626799859212416,0.311709694428547,35
5,8,0.53211633381885,0.391085862554989,35
1,9,0.873660774385394,0.901120117160594,35
3,9,0.697317533424272,0.371358107348063,35
4,9,0.696348772317812,-0.188129033237832,35
2,9,0.622094837255506,0.806023356485721,35
5,9,0.554913450038811,0.279472178532573,35
1,10,0.869454534927063,0.936767140623591,35
3,10,0.722376881280373,0.20500933922831,35
4,10,0.6589699385805,0.430571464195667,35
2,10,0.617583179810398,0.48462519026027,35
5,10,0.547318681579652,-0.014763878472642,35
1,11,0.879011870066086,0.727097468228125,35
3,11,0.721027301925779,-0.00020442439155931,35
4,11,0.678356851004396,0.486984199114158,35
2,11,0.660155528764209,0.267515311399142,35
5,11,0.547292423408509,0.186757219681564,35
1,12,0.885477374783764,0.688475886910224,35
3,12,0.700922376104349,0.456810069735409,35
4,12,0.666213535701524,0.365927482512899,35
2,12,0.660013129511506,0.701102871183203,35
5,12,0.557178687502913,0.00398680427756005,35
1,13,0.875210495728569,0.859434510709362,35
3,13,0.722122044723008,0.460735396390132,35
4,13,0.665810689450492,0.39972751838575,35
2,13,0.642999867494769,0.259266380360238,35
5,13,0.522326636715544,0.712800043974481,35
1,14,0.877889370440483,0.836755356658302,35
3,14,0.701664034190409,0.478564608616616,35
4,14,0.698806965500074,-0.0619059295508393,35
2,14,0.646993381498606,0.291633942985357,35
5,14,0.536711311093705,0.526781763655167,35
1,15,0.875411073430754,0.87008487499573,35
3,15,0.71844672194387,0.757174401775716,35
4,15,0.666255823053811,0.547240742304295,35
2,15,0.614586740669005,0.792993125957716,35
5,15,0.551642149459808,0.233300166217207,35
1,1,0.821995536587468,0.857806351139045,36
2,1,0.615710723588731,0.708829907639887,36
3,1,0.610730432208515,0.574336504305421,36
5,1,0.492149536006638,0.375224452000943,36
4,1,0.469984339806721,0.574080464837057,36
1,2,0.824848974202064,0.776161632214201,36
2,2,0.628958164875845,0.504072026261815,36
3,2,0.633737589666468,0.217824278741293,36
5,2,0.470589687426412,0.109842328909088,36
4,2,0.50516233756509,0.287390143798047,36
1,3,0.836377394171901,0.589497754485739,36
2,3,0.614049018682851,0.714813903961315,36
3,3,0.602385406240964,0.722237338984532,36
5,3,0.517944764783386,-0.113744223397881,36
4,3,0.48337055091647,0.405362001412826,36
1,4,0.832119091916566,0.703418318960567,36
2,4,0.626448354706602,0.513184746152966,36
3,4,0.622869924773409,0.123392689772611,36
5,4,0.469488571077976,0.362196957690158,36
4,4,0.485482043865137,0.476281618318235,36
1,5,0.819174126407529,0.903355327653336,36
2,5,0.603283493681914,0.458255473818942,36
3,5,0.623764063435574,0.758199882700566,36
5,5,0.494609063314182,0.0676450536321508,36
4,5,0.462676385274158,0.575156052816498,36
1,6,0.834021140885005,0.672465141340604,36
2,6,0.608178598740039,0.685764042378795,36
3,6,0.622882163807837,0.485567385031613,36
5,6,0.521067083948457,-0.188291614964142,36
4,6,0.468504236748062,0.393172837114058,36
1,7,0.835742522745071,0.716821660335959,36
2,7,0.616532465100975,0.689489537968789,36
3,7,0.618497958874886,0.552158120116883,36
5,7,0.505725135997121,-0.076198762352756,36
4,7,0.462645221899004,0.501773463414713,36
1,8,0.825836114653631,0.776721444393092,36
2,8,0.614889218707637,0.740428165484648,36
3,8,0.62358314155807,0.454195887761432,36
5,8,0.528548403260652,-0.03197801650943,36
4,8,0.450246360601734,0.403466562941282,36
1,9,0.821321063774601,0.900648273083983,36
2,9,0.622740927867261,0.314125814657485,36
3,9,0.611322737261471,0.739976591954261,36
5,9,0.490357201678427,0.119777998949172,36
4,9,0.463919459934721,0.721327668619078,36
1,10,0.826044834916063,0.877762009552463,36
2,10,0.631561852565351,0.198010445317895,36
3,10,0.637116702485061,0.453775216435185,36
5,10,0.480474164099435,-0.0690770550250673,36
4,10,0.465264760768148,0.715284121393825,36
1,11,0.834519829155423,0.779990496696283,36
2,11,0.62957413284881,0.197672779792484,36
3,11,0.610366363194192,0.682348352424462,36
5,11,0.493461684902885,0.191537657186104,36
4,11,0.457290149753938,0.460106158312021,36
1,12,0.835426565465073,0.648349888272644,36
2,12,0.616875161831719,0.623977968008986,36
3,12,0.622738614442042,0.427744973375227,36
5,12,0.504154971186399,0.231258586754029,36
4,12,0.486957044750941,0.13487139813166,36
1,13,0.829004563874254,0.812706582872368,36
2,13,0.61757467193562,0.762442226854929,36
3,13,0.626275127345843,0.302129570088748,36
5,13,0.464746013208759,0.105233220999562,36
4,13,0.476703008968501,0.569639416748339,36
1,14,0.825539800652109,0.842735209202492,36
2,14,0.63781191542526,0.361565419415927,36
3,14,0.623828047738017,0.0490398097731187,36
5,14,0.51529736040495,0.0293589579760641,36
4,14,0.46759935099436,0.32020857596762,36
1,15,0.826617300778268,0.853641686563116,36
2,15,0.605568505072258,0.716304432900416,36
3,15,0.600027559595956,0.746654666631586,36
5,15,0.502318205461746,0.271956093186537,36
4,15,0.476620085183041,0.373721260981362,36
1,1,0.873386902911993,0.836056830961396,37
4,1,0.767397996258746,0.0336695760068049,37
2,1,0.730605006843009,0.521202646473339,37
5,1,0.613046546981764,0.408075702751671,37
3,1,0.580918557838854,0.514036767523271,37
1,2,0.874504840234114,0.780450445043586,37
4,2,0.772877837799274,0.335803333457986,37
2,2,0.729215511151213,0.56961399903325,37
5,2,0.621313075901882,0.288313909101317,37
3,2,0.585334531927011,0.181083607137694,37
1,3,0.871855132321838,0.818413435299364,37
4,3,0.759085873510374,-0.0486809062615553,37
2,3,0.716377373013516,0.777981629086214,37
5,3,0.64425772518658,-0.359709663716594,37
3,3,0.573153794534064,0.395644457155822,37
1,4,0.876426877677015,0.748830767321193,37
4,4,0.773885272596827,0.0823545438681076,37
2,4,0.715225943992296,0.619282880286795,37
5,4,0.594785792384655,-0.0663352860135654,37
3,4,0.629199856511971,0.212235183971736,37
1,5,0.868813038599376,0.870442492677937,37
4,5,0.765422569653422,0.364233136793706,37
2,5,0.717310978999881,0.894649564471839,37
5,5,0.606017175361383,0.0215298237704346,37
3,5,0.579169848235636,0.455798175606372,37
1,6,0.876606685802964,0.606235235227503,37
4,6,0.747459974133564,0.581529521523457,37
2,6,0.736720010952477,0.879472977691956,37
5,6,0.644457030566794,0.152978228617854,37
3,6,0.572641423136143,0.651682959615764,37
1,7,0.86952142423079,0.845425923024174,37
4,7,0.719283928611424,0.808566034756136,37
2,7,0.735949064328203,0.726156691671274,37
5,7,0.606258824630425,0.6580989211549,37
3,7,0.575746568022438,0.535325523813086,37
1,8,0.878228198015853,0.788920415225795,37
4,8,0.76234291920885,0.428755501836369,37
2,8,0.726168525086556,0.649858248333414,37
5,8,0.616885012646898,-0.00211448784939533,37
3,8,0.602837419162395,0.482823083791848,37
1,9,0.872302291951331,0.882971169580234,37
4,9,0.750742976026354,0.635932465858496,37
2,9,0.739970477908182,0.42587027084552,37
5,9,0.609331626400449,0.569012791653638,37
3,9,0.560760616436113,0.573513549663736,37
1,10,0.874046418264824,0.813239859287541,37
4,10,0.748169340168647,0.744275111350807,37
2,10,0.738928414755857,0.562513545300489,37
5,10,0.603737008716826,0.626786486120373,37
3,10,0.566909793356691,0.522259178788599,37
1,11,0.872436138523459,0.826323140372138,37
4,11,0.752508663420992,0.492781380612193,37
2,11,0.74798730147022,0.289720207421886,37
5,11,0.635417910918641,-0.250794045652433,37
3,11,0.611682100330429,-0.166724672917846,37
1,12,0.874071893653757,0.817410123803157,37
4,12,0.760371639301257,0.21488674331454,37
2,12,0.727635927616085,0.613614855293336,37
5,12,0.6152667709486,0.359844403658796,37
3,12,0.595511618649793,0.216180796836731,37
1,13,0.875521785653821,0.833576320785064,37
4,13,0.750247023884235,0.691257652894141,37
2,13,0.733346946861106,0.563683964733741,37
5,13,0.619561392793352,0.582197102671792,37
3,13,0.56334797810666,0.748447441282755,37
1,14,0.876424480393573,0.779668600107096,37
4,14,0.758812605709062,0.220888220439071,37
2,14,0.741312905912215,0.516110577268497,37
5,14,0.61727358541562,0.648153146460783,37
3,14,0.575358437839823,0.372897743985737,37
1,15,0.866636860601835,0.87860868444917,37
4,15,0.75151151848677,0.471207616316847,37
2,15,0.71416197763765,0.771592980041709,37
5,15,0.611225286044129,0.334114303179805,37
3,15,0.585547330876064,0.624351924013109,37
1,1,0.820467721356502,0.838419707483821,38
4,1,0.593861112784445,0.167802570922412,38
2,1,0.730089646048532,0.502628098061426,38
5,1,0.511571129872956,0.238355023136035,38
3,1,0.486163807638784,0.255973537951757,38
1,2,0.823049180095006,0.832852646721811,38
4,2,0.678049296107142,0.565916337151259,38
2,2,0.599910878436501,0.480947353724077,38
5,2,0.515320970885011,0.502623295518006,38
3,2,0.470935921872675,0.579770261119251,38
1,3,0.82181784094492,0.844587626796079,38
4,3,0.607407557268612,0.568096513668911,38
2,3,0.678601445135843,0.703163945829245,38
5,3,0.487931756006624,0.551397143249175,38
3,3,0.507869474451083,0.280612774180677,38
1,4,0.814226047733517,0.945144848105781,38
4,4,0.713419311770608,0.8035634591624,38
2,4,0.548142215365763,0.778961785435658,38
5,4,0.504656743012478,0.299613585428225,38
3,4,0.480208850484397,0.0797504746454787,38
1,5,0.831280638159642,0.684495037615486,38
4,5,0.674238247949945,0.481069101490609,38
2,5,0.609890896711314,0.668808890576335,38
5,5,0.514039774984284,0.253936925670213,38
3,5,0.488968280927831,0.242206304587682,38
1,6,0.82689070492032,0.818862680792059,38
4,6,0.736489652752165,0.338649732845844,38
2,6,0.5786320085769,0.741826982913927,38
5,6,0.521448807806724,0.0262462161812427,38
3,6,0.510812419380752,-0.0434824925860182,38
1,7,0.827813474349774,0.740171187800831,38
4,7,0.589430165446349,0.32363712098686,38
2,7,0.730016244301852,0.65324250359085,38
5,7,0.520257880825311,0.157513816420335,38
3,7,0.511107675316113,-0.25948318803647,38
1,8,0.824132093513046,0.797737955510151,38
4,8,0.636190188790855,0.204026435688242,38
2,8,0.665249478097542,0.41166125770911,38
5,8,0.513922885184455,0.210010792700916,38
3,8,0.516790239186578,-0.157662380094273,38
1,9,0.830928255453293,0.662450674195978,38
4,9,0.622655999333372,-0.286609656181577,38
2,9,0.659224583972269,0.786726150740008,38
5,9,0.498273069833178,0.452448662594508,38
3,9,0.489806924495396,0.756541866667541,38
1,10,0.825287734988566,0.728390700492973,38
4,10,0.655344776230906,0.430040856357905,38
2,10,0.629938080645148,0.525777940277106,38
5,10,0.505996464041902,0.569530566432322,38
3,10,0.466548834502753,0.778810500318551,38
1,11,0.820474154112243,0.849877347027176,38
4,11,0.589983883645729,0.794876561103466,38
2,11,0.68836114602289,0.785474906437619,38
5,11,0.517890750271296,-0.00989622248561531,38
3,11,0.488917768611788,0.196742624666832,38
1,12,0.821999755761307,0.84853809622102,38
4,12,0.601684510552814,0.237166748017237,38
2,12,0.712429308605986,0.761501738796744,38
5,12,0.520802615723582,0.0263031846696814,38
3,12,0.487404393800865,0.529684255554256,38
1,13,0.838880707119667,0.559603063581516,38
4,13,0.587053734250111,-0.160450376349472,38
2,13,0.708756486163998,0.648825102024024,38
5,13,0.524126323811065,0.0171177873086472,38
3,13,0.529114935078772,0.605669815264565,38
1,14,0.836220160730322,0.667018094779426,38
4,14,0.648222725926577,0.133127948423326,38
2,14,0.643173502157211,0.808016710937417,38
5,14,0.513162089421559,0.430660210254681,38
3,14,0.477357069959145,0.535666372804601,38
1,15,0.824000601273083,0.815097660848716,38
4,15,0.585854417561086,0.174594642504694,38
2,15,0.707449520624156,0.744058902337489,38
5,15,0.513730877308252,0.291991616807872,38
3,15,0.484492409212008,0.662887215760334,38
1,1,0.82797493472431,0.718053976163732,39
2,1,0.696335652973574,0.544218019940829,39
3,1,0.666477056436957,0.627466980949793,39
4,1,0.604731864603097,0.340917285261711,39
5,1,0.530347435130216,0.257082028192744,39
1,2,0.845710652999086,0.45299551986909,39
2,2,0.717197668658622,0.714212710110569,39
3,2,0.662348356215358,0.537926833905127,39
4,2,0.599035626604765,0.0625037206250814,39
5,2,0.515745719686726,0.443970969686675,39
1,3,0.831871409845692,0.795243036353218,39
2,3,0.697933700015158,0.560275484359421,39
3,3,0.665772068554943,0.31227109365721,39
4,3,0.605401858519532,0.429776204715922,39
5,3,0.522687741992243,0.518710925743073,39
1,4,0.831034964719335,0.881360484176369,39
2,4,0.701789608754616,0.884592017771879,39
3,4,0.654381199531424,0.612319990056812,39
4,4,0.585993721721214,0.677388304684647,39
5,4,0.520493666025868,0.540445908173973,39
1,5,0.830511241841083,0.829888804616757,39
2,5,0.708995102194447,0.45737887722981,39
3,5,0.668241321712397,0.604321502069588,39
4,5,0.589313964326724,0.506369208693287,39
5,5,0.529134757194061,0.175908870207954,39
1,6,0.833350385654617,0.63684005640497,39
2,6,0.719305561503475,0.574965318763287,39
3,6,0.668196123694544,0.319278674368055,39
4,6,0.60227717345195,0.344270815473008,39
5,6,0.539608783324181,0.100887428266079,39
1,7,0.826568345150724,0.872002730905854,39
2,7,0.713687781458787,0.537776899877739,39
3,7,0.66632565349175,0.532220903652901,39
4,7,0.598899801241266,0.0339135922227135,39
5,7,0.517559204557721,0.346755203052065,39
1,8,0.840990077998965,0.676792132198057,39
2,8,0.724712262532233,0.286789296335319,39
3,8,0.667085990714437,0.379919522129377,39
4,8,0.589526264669835,0.397218408131459,39
5,8,0.529429009718965,0.573851125645945,39
1,9,0.832409960140738,0.772855107384532,39
2,9,0.698812007819143,0.532851880472048,39
3,9,0.676568606146719,0.599788062983306,39
4,9,0.60779376113277,0.206145307842096,39
5,9,0.525560824525769,0.00188571538626299,39
1,10,0.829423009937665,0.82289289071376,39
2,10,0.71896592885087,0.670930628894057,39
3,10,0.659684514340371,0.57606296096188,39
4,10,0.580485853732615,0.580238873902711,39
5,10,0.515342104756755,0.630715938278213,39
1,11,0.825527567609292,0.895616343207889,39
2,11,0.707289799067963,0.713422739006945,39
3,11,0.655868484788967,0.573253392980459,39
4,11,0.573468003315699,0.705751986730487,39
5,11,0.532209472035271,-0.0989860900294108,39
1,12,0.827416946037179,0.890335853251464,39
2,12,0.709206182574149,0.347884065612895,39
3,12,0.663961586567294,0.65107215252673,39
4,12,0.56540112565296,0.76829883655695,39
5,12,0.533760035619623,0.0357658770431723,39
1,13,0.848697782634835,0.393767724326954,39
2,13,0.712707786380573,0.617489619102041,39
3,13,0.6897317215072,0.122652833990819,39
4,13,0.609352926080976,0.138506412923587,39
5,13,0.529104498806399,0.14905315757518,39
1,14,0.824103417334266,0.917466775066796,39
2,14,0.703788381194654,0.733399320824241,39
3,14,0.661240657474931,0.462256030767405,39
4,14,0.595271820528903,0.431000049052727,39
5,14,0.530482094137403,0.370409233786365,39
1,15,0.831669080136624,0.770445800583297,39
2,15,0.723687692724241,0.348114117702805,39
3,15,0.682420948052775,0.393460620990761,39
4,15,0.596695868305233,-0.0609328334495831,39
5,15,0.54658899253833,0.277812905893358,39
1,1,0.831902115505641,0.87978081234869,40
2,1,0.725154409788711,0.703259020931384,40
4,1,0.679779224388279,0.570551852770959,40
3,1,0.657223401273042,0.327150372914249,40
5,1,0.54463146832625,-0.234550199460126,40
1,2,0.848871332386322,0.547764315202524,40
2,2,0.747748215350818,0.403156293186784,40
4,2,0.669462322256582,0.634075347500403,40
3,2,0.641484291078406,0.579904498710897,40
5,2,0.557022804702749,0.203026707806304,40
1,3,0.842378650508015,0.831653151556804,40
2,3,0.724036106886113,0.606669747951035,40
4,3,0.676143362850666,0.778083910340538,40
3,3,0.643491865295544,0.4703323124012,40
5,3,0.506899154791967,0.461166594944425,40
1,4,0.836100998005247,0.893957761766257,40
2,4,0.721018807715799,0.69719992589401,40
4,4,0.708187709676012,0.167311172361246,40
3,4,0.62804366754811,0.745313482780787,40
5,4,0.514443381160982,0.591055451956793,40
1,5,0.844927668226864,0.727165906582855,40
2,5,0.733015389324601,0.560199697416436,40
4,5,0.706497426447294,0.0846634482706846,40
3,5,0.645530488950417,0.519429510710427,40
5,5,0.548581584909514,0.19759139754923,40
1,6,0.839853468367381,0.866983495024076,40
2,6,0.733169258232251,0.335055170764889,40
4,6,0.671880284678073,0.800371778666125,40
3,6,0.654720131777968,0.434510387029587,40
5,6,0.541708856266582,0.246772692146933,40
1,7,0.846967706836838,0.665110592797794,40
2,7,0.736142902088983,0.349931644698626,40
4,7,0.668390623911614,0.769844774245412,40
3,7,0.640320334545681,0.64307123229614,40
5,7,0.533817699587588,0.24740676494702,40
1,8,0.838637277769575,0.82330014034335,40
2,8,0.736974904404374,0.551774732970339,40
4,8,0.660451952599132,0.509048611519056,40
3,8,0.650622644395878,0.509577300387367,40
5,8,0.53826696755631,0.179419398277967,40
1,9,0.841592386833237,0.841804759162667,40
2,9,0.727419803962124,0.602009481626874,40
4,9,0.671089911974715,0.708665919911785,40
3,9,0.646776821336472,0.601305401480666,40
5,9,0.533260128047445,0.182845101759705,40
1,10,0.840318036980047,0.878415665876711,40
2,10,0.72386325764407,0.822076867211871,40
4,10,0.678998363871143,0.331335975323228,40
3,10,0.635011451991797,0.685599215149185,40
5,10,0.541321728281303,0.34055067076328,40
1,11,0.846043354488074,0.658880838749163,40
2,11,0.728687970678221,0.652829847460432,40
4,11,0.672274555002071,0.590344038901362,40
3,11,0.634084356956067,0.795531863920534,40
5,11,0.52778396511065,0.373972053625443,40
1,12,0.864275485481241,0.446071485260897,40
2,12,0.735728597934584,0.623312203682947,40
4,12,0.668286067148492,0.664809898890385,40
3,12,0.646400242186934,0.463056029268638,40
5,12,0.548369705562373,-0.0195152696400294,40
1,13,0.848129249854419,0.715416822551182,40
2,13,0.722952506949781,0.549522692292532,40
4,13,0.683397429439223,0.563628606023259,40
3,13,0.656107071810314,0.561239980098087,40
5,13,0.544754928893765,0.169010494105441,40
1,14,0.841409560381411,0.782928102669642,40
2,14,0.725678807957976,0.794741103792262,40
4,14,0.689782645139424,0.0889232506766098,40
3,14,0.651051440678695,0.398638455254565,40
5,14,0.539640993082694,-0.382636806195202,40
1,15,0.833795934003993,0.950894126591693,40
2,15,0.744592611000962,0.509186201080085,40
4,15,0.671494161394113,0.412636348806963,40
3,15,0.646948717026053,0.67981099252034,40
5,15,0.528807523056243,0.465962842674311,40
1,1,0.861296814696235,0.231986912726036,41
3,1,0.685859266240141,0.280831041004092,41
2,1,0.670924203868222,0.487177439564321,41
4,1,0.537175211872184,0.145068060168046,41
5,1,0.458781211040033,0.529658881419353,41
1,2,0.840011954489742,0.915758312977184,41
3,2,0.670288019658491,0.816366323741001,41
2,2,0.66702285192818,0.18226443422588,41
4,2,0.52558017958142,0.151685801598019,41
5,2,0.474839448732538,0.19936267326186,41
1,3,0.847384755025415,0.829879845059698,41
3,3,0.682766820760467,0.634766784951831,41
2,3,0.668672463825544,0.476766124801257,41
4,3,0.508951146251333,0.593929571991062,41
5,3,0.471258933435113,0.0246143484285415,41
1,4,0.848250640037158,0.775186768393468,41
3,4,0.679040322502854,0.763299398183017,41
2,4,0.663660718198722,0.310617926033908,41
4,4,0.541938956666276,0.0150486651213093,41
5,4,0.505075273860424,-0.163691939968721,41
1,5,0.857934110718276,0.68281098791904,41
3,5,0.684190613972407,0.506966082040087,41
2,5,0.665667255672477,0.266031643804588,41
4,5,0.5073678600079,0.0485480253570865,41
5,5,0.502594471677448,0.204222562906003,41
1,6,0.849816295717717,0.797914989911174,41
3,6,0.654234129935384,0.459780008722515,41
2,6,0.646572848730455,0.765410495643671,41
4,6,0.543349547012135,-0.12727371561188,41
5,6,0.469231071744943,0.155465616719709,41
1,7,0.852615910322012,0.803568904155248,41
3,7,0.667018068918077,0.698437219812378,41
2,7,0.667476237291011,0.394082303332192,41
4,7,0.520123387961513,-0.17145230378729,41
5,7,0.470017705405736,0.220449430629442,41
1,8,0.845482639411183,0.909091072674706,41
3,8,0.698389483449105,0.233229439556844,41
2,8,0.675451137434369,0.651138109408076,41
4,8,0.533140976116391,0.30985182976314,41
5,8,0.462793040570995,0.360260928299893,41
1,9,0.843773840290346,0.909999721271587,41
3,9,0.689528080746995,0.292096148699261,41
2,9,0.649751115246084,0.478972952756481,41
4,9,0.557847889995936,-0.0813277231504589,41
5,9,0.447875490069007,0.383632972553598,41
1,10,0.84385644356742,0.900734013549111,41
3,10,0.697963258483477,0.134500326909178,41
2,10,0.664227681543151,0.618618819155783,41
4,10,0.504255818369528,0.474483169471835,41
5,10,0.483769473422074,-0.263203183541092,41
1,11,0.848761188062687,0.858660570325879,41
3,11,0.670358015684155,0.74084678222366,41
2,11,0.676892265812219,0.43998193194375,41
4,11,0.537595754867126,-0.154013612353119,41
5,11,0.460190992060359,0.170436257092263,41
1,12,0.856044810838469,0.687885952429604,41
3,12,0.705542880026588,0.205132408844546,41
2,12,0.673742267354492,0.527871224777815,41
4,12,0.522227343623657,0.0891771327626316,41
5,12,0.483262767559429,-0.121357405429937,41
1,13,0.849999843460062,0.856434829797847,41
3,13,0.688218180182013,0.390913829708388,41
2,13,0.668413406844631,0.521007550935606,41
4,13,0.496901572115632,0.807455835869862,41
5,13,0.476686263176347,0.0773544246633584,41
1,14,0.843261858550015,0.851952529779797,41
3,14,0.684395621486102,0.403993427201286,41
2,14,0.666446350319236,0.644305542274229,41
4,14,0.510214679265091,0.659658747932447,41
5,14,0.467362987314738,0.222180179003206,41
1,15,0.853516977103815,0.754169605130156,41
3,15,0.692683336578385,0.205017120185083,41
2,15,0.65843871837999,0.543055742182964,41
4,15,0.512195098298841,0.369123827571909,41
5,15,0.457945970323223,0.389407001487541,41
1,1,0.845971331853058,0.896800306220142,42
2,1,0.737748920880458,0.487872362182797,42
4,1,0.619714054174574,0.56805620035476,42
3,1,0.582455918808744,0.414508214852044,42
5,1,0.500078966783886,0.0775967668382091,42
1,2,0.856023228007868,0.682080877419637,42
2,2,0.751568159638976,0.397431655266518,42
4,2,0.616017717397905,0.449645730256307,42
3,2,0.595071868813041,0.257747627227148,42
5,2,0.509839462319942,0.256269454924403,42
1,3,0.848286393947216,0.868631980899356,42
2,3,0.722173837272974,0.756229199722701,42
4,3,0.614818301483432,0.549911320368569,42
3,3,0.604228338348374,0.503058397870081,42
5,3,0.518883406621962,0.264840468375547,42
1,4,0.849223542998568,0.82547376966514,42
2,4,0.750493162776619,0.524853078823084,42
4,4,0.646551418413503,0.199434785786059,42
3,4,0.592366252574541,0.603934884586795,42
5,4,0.500309754316454,0.455149878443082,42
1,5,0.844166565380249,0.907255399179132,42
2,5,0.74357214031548,0.673159980132543,42
4,5,0.614100573931137,0.574371096141221,42
3,5,0.612883211905082,0.200625099678371,42
5,5,0.509139277851372,0.341123113846324,42
1,6,0.858331037923437,0.801727957713612,42
2,6,0.737829575714619,0.657749096128939,42
4,6,0.614838277076134,0.378307374334821,42
3,6,0.557995446372801,0.789261962491677,42
5,6,0.500070924054062,0.519763248934488,42
1,7,0.85557928000067,0.637278200016038,42
2,7,0.750796560201281,0.518884624781286,42
4,7,0.628704695368714,0.456994457415253,42
3,7,0.589390794776792,0.592646938122182,42
5,7,0.480843147965176,0.751538491270616,42
1,8,0.851615449876095,0.853808545320782,42
2,8,0.728476122043668,0.859674185207888,42
4,8,0.613486522307394,0.376999266266604,42
3,8,0.575550161886118,0.519379911772689,42
5,8,0.546783092250851,-0.176313293815088,42
1,9,0.845751580922189,0.917748529496929,42
2,9,0.740186400481012,0.537527341250455,42
4,9,0.613283293230298,0.579780071976689,42
3,9,0.601839729756601,0.133845888243498,42
5,9,0.516454949090002,0.0814207897831612,42
1,10,0.849132421578915,0.842159800549577,42
2,10,0.742495689125772,0.634651544748287,42
4,10,0.611336289327214,0.741091411565957,42
3,10,0.590118658781655,0.516014663962225,42
5,10,0.518716329483248,-0.277781375846925,42
1,11,0.846385404885739,0.91939274743528,42
2,11,0.751338187715902,0.606856259045873,42
4,11,0.620816789474591,-0.27020134256755,42
3,11,0.577926334005125,0.487980363953161,42
5,11,0.51009006529001,0.143813953977755,42
1,12,0.860508860780695,0.702309239551374,42
2,12,0.745157924340659,0.661110177843529,42
4,12,0.620564099694186,0.447454708850723,42
3,12,0.579707511898145,0.462596399296147,42
5,12,0.490192459226837,0.735148312997294,42
1,13,0.853636068734,0.678387641774806,42
2,13,0.715905934746283,0.878957652399847,42
4,13,0.612520744732912,0.614080122208901,42
3,13,0.588240883839903,0.148248490161917,42
5,13,0.504306713950184,0.138023544971374,42
1,14,0.84971585298335,0.842229216249786,42
2,14,0.742846132072848,0.4484925395021,42
4,14,0.628293071053576,0.278852629989735,42
3,14,0.587320540405921,0.521842863461374,42
5,14,0.501631121829858,0.528153199251351,42
1,15,0.847924339897171,0.827022488634283,42
2,15,0.737065380860095,0.738336519303065,42
4,15,0.619979227706666,0.330265648126577,42
3,15,0.582838399395286,0.276824558284843,42
5,15,0.522107423126529,-0.0504197739245064,42
1,1,0.804187725579907,0.668351313471114,43
3,1,0.67163301727996,0.619519105865613,43
2,1,0.625504061119836,0.855858807803778,43
4,1,0.546649619308929,0.614791820370089,43
5,1,0.527980872579513,0.382326303574102,43
1,2,0.793565396979874,0.838496315734597,43
3,2,0.661926399055739,0.5713086520466,43
2,2,0.635439089898047,0.598565205582135,43
4,2,0.560634259511608,0.19208920082858,43
5,2,0.510903086059179,0.0109953674131829,43
1,3,0.786594273189116,0.894580636129931,43
3,3,0.653225920531323,0.624893669947514,43
2,3,0.653402728295063,0.480486803573246,43
4,3,0.556023108981968,0.285896636146274,43
5,3,0.507974554706634,0.0898982491782425,43
1,4,0.792321417122091,0.834380992977374,43
3,4,0.662275702044668,0.506669209478961,43
2,4,0.650278444613399,0.376053244215324,43
4,4,0.544554908152893,0.619193427125881,43
5,4,0.526681301518438,-0.230899292082497,43
1,5,0.792001735748565,0.863018268960363,43
3,5,0.660240652204689,0.509584453436857,43
2,5,0.645671404865268,0.632280502996807,43
4,5,0.560820480894555,0.423784091207896,43
5,5,0.518056194451422,0.00563843272260933,43
1,6,0.791890761880904,0.832240441603415,43
3,6,0.64657434216574,0.557399074598653,43
2,6,0.627786219454831,0.58994739211373,43
4,6,0.569082210427023,0.204359558790521,43
5,6,0.460264652168332,0.552272824729391,43
1,7,0.797345644010031,0.755941302761939,43
3,7,0.65479544106169,0.338544855945582,43
2,7,0.641450881315547,0.54752502454518,43
4,7,0.537964852378611,0.661063890935347,43
5,7,0.499860002360285,0.450519952216651,43
1,8,0.804166997816054,0.646999376188948,43
3,8,0.660923080068466,0.290453915183948,43
2,8,0.654875515019802,0.338817968276842,43
4,8,0.557161534417843,0.567440124262925,43
5,8,0.509952446147397,0.145660255977561,43
1,9,0.787007258929961,0.868569296600015,43
3,9,0.671930173935357,0.0270826927673094,43
2,9,0.652079852569936,0.541612764017794,43
4,9,0.572186989693942,0.147904431397484,43
5,9,0.510075348479554,-0.0020262299381012,43
1,10,0.799993444096506,0.732264690179403,43
3,10,0.664079702515047,0.668286021424809,43
2,10,0.645124859603815,0.334019160263559,43
4,10,0.560365055837383,0.38437781855512,43
5,10,0.516841523348817,0.197156168820983,43
1,11,0.802069886248044,0.670905326591055,43
3,11,0.656225928290109,0.430280115863351,43
2,11,0.652325351688165,0.294635659319803,43
4,11,0.598205326883815,0.528742421749177,43
5,11,0.541847883692135,0.053720193365872,43
1,12,0.79481979887629,0.843737437996274,43
3,12,0.663887847871132,0.397811156669978,43
2,12,0.64935090117679,0.662400633229917,43
4,12,0.554932057768597,0.604669593157297,43
5,12,0.509197517848734,0.112479375854283,43
1,13,0.807072321256437,0.596732765917691,43
3,13,0.654355159759317,0.708875206705383,43
2,13,0.638164076099564,0.494259095820293,43
4,13,0.5721556076104,0.0505846809374403,43
5,13,0.492475315587408,0.518728805830773,43
1,14,0.808668492434822,0.591616802872888,43
3,14,0.64910282000938,0.496581424386899,43
2,14,0.637436467701492,0.410505051747118,43
4,14,0.566118512584791,0.307104866637694,43
5,14,0.514961063916596,0.520195364006969,43
1,15,0.798492008536511,0.805133322873297,43
3,15,0.651598071446819,0.219856237122502,43
2,15,0.653709807622946,0.123196047529951,43
4,15,0.545164426718412,0.784195765571375,43
5,15,0.536621204601025,-0.403485488559966,43
1,1,0.855554232880632,0.86604799271574,44
2,1,0.768448400722289,0.393107265450436,44
4,1,0.656400638210254,0.673532498380894,44
3,1,0.619644685663619,0.580166930127302,44
5,1,0.588139223282391,-0.26617933135107,44
1,2,0.862022380661885,0.71110000688867,44
2,2,0.761568598096399,0.582159298012564,44
4,2,0.658870550910713,0.334940747350774,44
3,2,0.615153832471621,0.526078660813318,44
5,2,0.561924865150978,-0.029792492400051,44
1,3,0.867822753939806,0.609462436989876,44
2,3,0.761102441358003,0.684048162582535,44
4,3,0.660919764307927,0.736076615809368,44
3,3,0.613485489746491,0.446560798452632,44
5,3,0.554898059118667,0.247562596355544,44
1,4,0.858515228774205,0.838524555774128,44
2,4,0.73670685800439,0.842901446413649,44
4,4,0.68300179406122,0.472863027067138,44
3,4,0.599680959192338,0.399161635699571,44
5,4,0.588292257871455,0.233011388748272,44
1,5,0.853962860416599,0.875446476800106,44
2,5,0.764291175694761,0.284906020536678,44
4,5,0.646420606237209,0.466470883853157,44
3,5,0.667885969101498,0.320714910204709,44
5,5,0.546015753035171,0.316501045313583,44
1,6,0.859602191133902,0.790373299722193,44
2,6,0.754506065283501,0.675412402255006,44
4,6,0.668379642963738,0.405974585551639,44
3,6,0.596172136009886,0.704023893024326,44
5,6,0.568496418608603,0.428377701536256,44
1,7,0.849343642960215,0.913200092668218,44
2,7,0.754692457582968,0.790174542603265,44
4,7,0.657706990691234,0.64199257455873,44
3,7,0.617739191646501,0.561531015297763,44
5,7,0.555871892533545,0.355299514218943,44
1,8,0.854903986975694,0.880887298557346,44
2,8,0.751549572402104,0.788036602399848,44
4,8,0.66701878600192,0.565208058621524,44
3,8,0.611675723434245,0.488099588670887,44
5,8,0.555046314830316,0.269295587294708,44
1,9,0.851204482985166,0.909248201751679,44
2,9,0.770390756309436,0.172812332858684,44
4,9,0.665066444388336,0.610101406946312,44
3,9,0.609642858623612,0.642979097424997,44
5,9,0.570508883206481,0.0568209092286059,44
1,10,0.850531746897555,0.927633882558055,44
2,10,0.761248234111099,0.489928360442349,44
4,10,0.666362271275751,0.677110964559575,44
3,10,0.616749432823452,0.599755022930303,44
5,10,0.550497732186936,0.523890592424362,44
1,11,0.875431079769414,0.460623421864862,44
2,11,0.760487109407062,0.734871057537647,44
4,11,0.682420115678067,0.161682315630695,44
3,11,0.627160311978658,0.209649217033257,44
5,11,0.547960012806242,0.447612719113274,44
1,12,0.854778723300321,0.897146641526987,44
2,12,0.748082060162655,0.585680858219779,44
4,12,0.684123820535561,0.278343684635219,44
3,12,0.6270709089508,0.224475066344786,44
5,12,0.545743110796828,0.490444650786431,44
1,13,0.863450051850737,0.667690876346794,44
2,13,0.752644713816887,0.741131952557569,44
4,13,0.665181229437256,0.128004348878034,44
3,13,0.625633058044893,0.79350704262468,44
5,13,0.5639530601929,0.605295586314854,44
1,14,0.854737116933003,0.779967648295513,44
2,14,0.764670488506921,0.43176599430468,44
4,14,0.66984140800919,0.339994021573777,44
3,14,0.638461151266411,0.274533470583816,44
5,14,0.559044531063093,0.152276324928034,44
1,15,0.867307976469947,0.658626003653054,44
2,15,0.771100957734948,0.317108138554354,44
4,15,0.672787691488014,0.467180176727655,44
3,15,0.625466401624752,0.509520876248171,44
5,15,0.554756487966075,0.296594073884773,44
1,1,0.853289823242432,0.483055258180504,45
2,1,0.72094755077095,0.15878712990793,45
3,1,0.672690168066604,0.429241531233509,45
5,1,0.558163264759806,0.528732483341538,45
4,1,0.504501621646671,0.224983438652827,45
1,2,0.842396005558373,0.737261498180121,45
2,2,0.702575901989453,0.27897894461205,45
3,2,0.684151184021879,0.17662071641933,45
5,2,0.568943580434295,0.135817259394944,45
4,2,0.511317480661369,0.229927857587892,45
1,3,0.840158022767797,0.806033177337899,45
2,3,0.677049619688711,0.777526748131886,45
3,3,0.692110366722517,0.34696145833455,45
5,3,0.587862995155838,0.148521533093738,45
4,3,0.493252977581027,0.305054952578985,45
1,4,0.844085453638384,0.767878740577234,45
2,4,0.693732813181674,0.494240795531834,45
3,4,0.683728288858694,0.0957746264929018,45
5,4,0.570778732050687,-0.0481769383656814,45
4,4,0.490334419473633,0.642296416222308,45
1,5,0.831429063915408,0.908030055860148,45
2,5,0.686623652939907,0.790597434965081,45
3,5,0.656668817509974,0.668790975821559,45
5,5,0.54987924817841,-0.0880312687713536,45
4,5,0.530609145570007,-0.134959810968459,45
1,6,0.837489594214181,0.914470678768589,45
2,6,0.704096788029326,0.577343820027405,45
3,6,0.654655779600222,0.738523875401039,45
5,6,0.538064702747701,0.494838373300782,45
4,6,0.516880275244465,0.390754995646789,45
1,7,0.844496480973998,0.713811611674184,45
2,7,0.689301452451955,0.62043705247681,45
3,7,0.664458470480686,0.468041167413305,45
5,7,0.5418272347174,0.261520777844616,45
4,7,0.524726870133195,0.470366212702915,45
1,8,0.834941986777493,0.906930391062504,45
2,8,0.692708372387622,0.60035593875882,45
3,8,0.649374175603208,0.831933288466051,45
5,8,0.569715273999981,0.0720009393711693,45
4,8,0.505994380257538,0.388707933831763,45
1,9,0.843762628032072,0.815020135792196,45
2,9,0.689978281217559,0.677059906710819,45
3,9,0.645091200281463,0.717887306807277,45
5,9,0.593796671643254,-0.00752551374674645,45
4,9,0.521714239538954,0.111803065033364,45
1,10,0.836358060361143,0.849613835044571,45
2,10,0.69783109971653,0.641791996139393,45
3,10,0.659816731196878,0.666312687994172,45
5,10,0.575228464700992,-0.0168713469586666,45
4,10,0.485870536743331,0.601575851271323,45
1,11,0.84604304625453,0.724280550590358,45
2,11,0.702847618797417,0.530035737096586,45
3,11,0.674862224294746,0.24428898256161,45
5,11,0.553425761199544,0.41589784268673,45
4,11,0.505648572317306,0.427393834533351,45
1,12,0.841173728044737,0.716110172724037,45
2,12,0.69081180037201,0.773342584644102,45
3,12,0.680040664158064,-0.0958801822467231,45
5,12,0.537298145447149,0.748433951653977,45
4,12,0.516097810010806,-0.167904184155791,45
1,13,0.841887578423008,0.779819761750652,45
2,13,0.713788987612837,0.292591029233159,45
3,13,0.665801917373279,0.599987552424959,45
5,13,0.563219513714184,0.186962253136162,45
4,13,0.523794818827003,0.0430804628566536,45
1,14,0.842296219178833,0.70541338079298,45
2,14,0.692140029959664,0.662838718119331,45
3,14,0.654544141274358,0.78626781359597,45
5,14,0.560109849027248,0.223353545518468,45
4,14,0.507883085443165,0.352912533636779,45
1,15,0.841444969714438,0.762591284898445,45
2,15,0.702451838778976,0.213750611253047,45
3,15,0.667905527738329,0.654439938579557,45
5,15,0.559197109301074,0.409244877862133,45
4,15,0.521684800694765,-0.18384564670996,45
1,1,0.838516829390332,0.825118380957262,46
2,1,0.690565095585083,0.09216946679056,46
5,1,0.637938017449459,0.198191869190477,46
3,1,0.591819971124237,0.392082329331791,46
4,1,0.54287073045682,0.509309000094064,46
1,2,0.841750623683442,0.844050188519701,46
2,2,0.647040732094423,0.556101199531768,46
5,2,0.630774766843845,0.42398471071888,46
3,2,0.580453727497593,0.342699321782815,46
4,2,0.553441461221647,-0.119701947639451,46
1,3,0.8383289103666,0.910361324941001,46
2,3,0.692845162258008,0.408639131700112,46
5,3,0.659448565641227,-0.0670306317204366,46
3,3,0.592073785690314,0.50054559713451,46
4,3,0.523552926015351,0.627652126492596,46
1,4,0.840395906705567,0.885683196429549,46
2,4,0.637792780994154,0.562516914189468,46
5,4,0.608287252222671,0.276695148060764,46
3,4,0.607334452121658,0.560049614072166,46
4,4,0.572545226487678,0.162678507621985,46
1,5,0.841009249583,0.817940553869865,46
2,5,0.649581624892753,0.501870593679694,46
5,5,0.617558246633854,0.507246234754203,46
3,5,0.591166595273317,0.435005850162724,46
4,5,0.539934807824131,0.613948191870837,46
1,6,0.849719541296406,0.746832925864177,46
2,6,0.673045317705743,-0.0987745295893355,46
5,6,0.627386580461379,0.285232529927208,46
3,6,0.572937931348151,0.652862485461654,46
4,6,0.551991698236935,0.191493288429964,46
1,7,0.835579687383852,0.87984724145862,46
2,7,0.642872665853071,0.562815979680505,46
5,7,0.614672751799636,0.401591222594155,46
3,7,0.617406651000972,0.382408397646753,46
4,7,0.54671501601291,0.489874396666909,46
1,8,0.839138983090734,0.819298695629234,46
2,8,0.63891184565874,0.753881043516252,46
5,8,0.62412223417544,0.160556349257389,46
3,8,0.612724197163764,0.377645225530678,46
4,8,0.53832629900827,0.719529871944337,46
1,9,0.843782380474674,0.776371583936178,46
2,9,0.636086283441718,0.827680302768288,46
5,9,0.632510709403228,0.0522666236556729,46
3,9,0.587376636589295,0.484409765310057,46
4,9,0.546413476506434,0.303110684051216,46
1,10,0.835034401688998,0.868818159491582,46
2,10,0.633059965482208,0.678398241704764,46
5,10,0.664429935039766,0.0604572342754398,46
3,10,0.560502183595322,0.678662761797442,46
4,10,0.548287859298433,0.628488011026882,46
1,11,0.832260918627366,0.892673726344756,46
2,11,0.659465326325745,0.128387824436942,46
5,11,0.63445711144196,0.240467086220131,46
3,11,0.561458535606045,0.627809571486551,46
4,11,0.547708867794543,0.161065182847478,46
1,12,0.847551698335427,0.630474420357576,46
2,12,0.639200745344414,0.766332935829532,46
5,12,0.623617045406661,0.737653976608171,46
3,12,0.581149119963534,0.533033457771005,46
4,12,0.572675518767882,-0.306596141100295,46
1,13,0.843165585746704,0.789403504589566,46
2,13,0.646526301480627,0.666981732949967,46
5,13,0.623593109115524,0.634290121477988,46
3,13,0.564125079712487,0.627389510911535,46
4,13,0.537419670259699,0.611038571433799,46
1,14,0.842868586908847,0.764687520850671,46
2,14,0.657108003395427,0.281440098147362,46
5,14,0.607344617879945,0.341510500886313,46
3,14,0.618380929769878,0.413534110305075,46
4,14,0.549399726829658,0.228044521565202,46
1,15,0.842298936824666,0.792746811114469,46
2,15,0.648136036689769,0.374275428163307,46
5,15,0.647021573034339,-0.120045785607957,46
3,15,0.605733289736905,-0.30946488813345,46
4,15,0.568697027984388,-0.203275716353214,46
1,1,0.848270517679734,0.438721477561184,47
2,1,0.675334998618014,0.346881541119687,47
3,1,0.622930899534952,0.368652857596321,47
5,1,0.556046007966849,0.211621047901595,47
4,1,0.435459570387828,0.699791618557983,47
1,2,0.836253403238801,0.696000582594595,47
2,2,0.682909543897819,0.40969806490718,47
3,2,0.621462849999423,0.0700884359683992,47
5,2,0.525765520858341,0.459673590467515,47
4,2,0.528445233518309,0.115757017288195,47
1,3,0.818005800300715,0.921086911311566,47
2,3,0.68017234708311,0.596588794749802,47
3,3,0.601386006146977,0.657349737625488,47
5,3,0.533054784990282,-0.043194379176069,47
4,3,0.48582921127396,0.399092154802899,47
1,4,0.838398572469456,0.616423977759997,47
2,4,0.653288988154169,0.823851068408846,47
3,4,0.624831322591094,0.437615376793735,47
5,4,0.579069808578893,-0.325070615390633,47
4,4,0.500638582057153,-0.0261087900799744,47
1,5,0.82783390576045,0.859255047032909,47
2,5,0.695263514640352,0.117350554575851,47
3,5,0.610046585897304,0.437726249724128,47
5,5,0.545057597916311,0.242409492101532,47
4,5,0.504024884860494,0.18192976863978,47
1,6,0.840276847835979,0.625371785562438,47
2,6,0.679696632176265,0.444760644602823,47
3,6,0.612552416715867,0.502419780936173,47
5,6,0.517073533247454,0.660662890743869,47
4,6,0.458953230715388,0.577740028876203,47
1,7,0.82364101490695,0.856866889389338,47
2,7,0.691106038037926,0.357060629692403,47
3,7,0.607161725763522,0.598126218024759,47
5,7,0.53872222603566,-0.114790991760938,47
4,7,0.509387842588582,0.159068086073494,47
1,8,0.830310259205854,0.754568008774649,47
2,8,0.687945201213929,0.458543479662433,47
3,8,0.620037058964872,0.480575340548739,47
5,8,0.533690705342493,0.277307093998166,47
4,8,0.485031174841475,0.68656022135535,47
1,9,0.830524170485769,0.746766402658195,47
2,9,0.673451177115535,0.395979550711145,47
3,9,0.626736483443577,0.16963918866837,47
5,9,0.558211366711444,0.35854917567525,47
4,9,0.491959421426121,0.284734720176584,47
1,10,0.826765274778289,0.873445798900357,47
2,10,0.697102536665471,0.203734278927324,47
3,10,0.628195710310128,0.208140482175224,47
5,10,0.570698890324874,-0.578319510407743,47
4,10,0.472213661404196,0.607908391813909,47
1,11,0.829764763858449,0.780569653471894,47
2,11,0.651232173722877,0.76617737070201,47
3,11,0.625705575242061,-0.00474936609850534,47
5,11,0.515695701460477,0.668407224510913,47
4,11,0.495799826275636,0.417377360636323,47
1,12,0.82046312234719,0.940492664705753,47
2,12,0.691897446595627,0.023886082625094,47
3,12,0.615132076842198,0.539875918377273,47
5,12,0.56541425349666,-0.121157502632669,47
4,12,0.494004409055881,0.0438397017065701,47
1,13,0.823999278858953,0.90849786839162,47
2,13,0.68267305248177,0.29087570721727,47
3,13,0.629176121524115,0.0823292976035596,47
5,13,0.557255042988874,-0.320173760196984,47
4,13,0.500563274216701,0.206484690368107,47
1,14,0.83178082839996,0.717269207522564,47
2,14,0.637868880068905,0.905814114416657,47
3,14,0.633996220184188,0.396031598649104,47
5,14,0.54236576837925,0.330803701191476,47
4,14,0.484145173464976,0.445805772048058,47
1,15,0.830954968153026,0.713365113748731,47
2,15,0.678948517551369,0.65649964387492,47
3,15,0.612480577874923,0.637645143270813,47
5,15,0.544897381123092,0.320717841077435,47
4,15,0.497557549454218,0.0622419381141882,47
1,1,0.851298759441298,0.901464337695145,48
3,1,0.643361587295704,0.580771788270093,48
2,1,0.672781431088209,0.260020932427189,48
4,1,0.584279248857177,0.497106582970311,48
5,1,0.564998370980763,0.488919204109299,48
1,2,0.850378461229076,0.880319368301174,48
3,2,0.631368286149975,0.793085619103028,48
2,2,0.653440262812162,0.755214003845181,48
4,2,0.589587284463647,0.237025986895528,48
5,2,0.555407805436158,0.495079700384114,48
1,3,0.848584948494706,0.851825658764836,48
3,3,0.674559886947858,-0.241498604919023,48
2,3,0.672872738528362,0.408160770268901,48
4,3,0.597584134351649,0.252005535239036,48
5,3,0.569136913308786,0.558621455879771,48
1,4,0.854430495689405,0.829181706053837,48
3,4,0.651207100566207,0.607609097363683,48
2,4,0.654776653217078,0.763071587925961,48
4,4,0.595829075868737,0.0844726112811507,48
5,4,0.578446535054248,0.42682994272732,48
1,5,0.851712878609473,0.809830238443935,48
3,5,0.650783646972125,0.338187343628992,48
2,5,0.683214892307166,0.14459861908748,48
4,5,0.580144262839994,0.473846614264039,48
5,5,0.572944159379056,0.389942144651577,48
1,6,0.848288498093368,0.905941849138258,48
3,6,0.657271232017497,0.419364465084331,48
2,6,0.687897546402684,0.275845080972536,48
4,6,0.592442425841954,0.36814781261952,48
5,6,0.582513285156685,-0.0447660105286719,48
1,7,0.850435844644261,0.871048453704237,48
3,7,0.641843067387671,0.620344972417897,48
2,7,0.641626521098101,0.730484490809873,48
4,7,0.585274123974942,0.49354596452344,48
5,7,0.585864623598744,0.0141052805924579,48
1,8,0.854315613275699,0.845792411234226,48
3,8,0.646105311538197,0.386949884171448,48
2,8,0.666176373177933,0.628282442789751,48
4,8,0.556797297274922,0.256383789043925,48
5,8,0.543352830264026,0.689979993955941,48
1,9,0.866448279917055,0.363009662644744,48
3,9,0.667864111781963,0.300275591707845,48
2,9,0.646569712990329,0.591805198606835,48
4,9,0.584765853866878,0.317955155364039,48
5,9,0.524748644805869,0.482261398991971,48
1,10,0.855307644888407,0.768169089302555,48
3,10,0.654858935308027,0.462204531750809,48
2,10,0.655474487996806,0.644638520385131,48
4,10,0.584105349711402,0.524541769050878,48
5,10,0.555558623017127,0.49629578248416,48
1,11,0.859763742569396,0.678925538240578,48
3,11,0.637920422584183,0.638147789500924,48
2,11,0.649078784376435,0.831160675551233,48
4,11,0.592508544734264,0.402003427029198,48
5,11,0.566951990746193,0.494341243948998,48
1,12,0.852352683224942,0.913977436368489,48
3,12,0.659097806877603,-0.321448693310496,48
2,12,0.651995597481839,0.720929025098232,48
4,12,0.607104977129416,0.0781999673543708,48
5,12,0.575093668404987,0.145309627240606,48
1,13,0.859508476780495,0.749347610261624,48
3,13,0.649667393196642,0.527276981862559,48
2,13,0.630493188089569,0.854933531611278,48
4,13,0.591070952265196,0.445642706696341,48
5,13,0.565716601896414,0.434601891553511,48
1,14,0.856208280874608,0.885311378556469,48
3,14,0.659692669069559,0.259488832677539,48
2,14,0.66665476276046,0.470079280860905,48
4,14,0.561602970597608,0.747931908699808,48
5,14,0.55776299225049,0.484801733370572,48
1,15,0.851589941206911,0.886878776281927,48
3,15,0.658117650613039,0.446358256001887,48
2,15,0.65134387427833,0.483283894590656,48
4,15,0.597001655945749,0.315353917947943,48
5,15,0.563932908029208,-0.0820003066493752,48
1,1,0.823730577231465,0.860474419441792,49
4,1,0.672565580479687,0.452982048971988,49
2,1,0.669429265993349,0.532305502814047,49
3,1,0.615636275234947,0.652130932215422,49
5,1,0.522243513687047,-0.293107822146361,49
1,2,0.820080439377689,0.896138458812103,49
4,2,0.690712610339428,0.220628170594041,49
2,2,0.659149830394436,0.420637437855515,49
3,2,0.618132457808285,0.547213616708025,49
5,2,0.492159814858155,0.505835847523105,49
1,3,0.845506798416914,0.408647862408473,49
4,3,0.658005521478625,0.368440402115611,49
2,3,0.695217654569023,0.797722231839641,49
3,3,0.604459129988595,0.839521870953968,49
5,3,0.507357428460219,0.207600945236828,49
1,4,0.829113410144444,0.813984581811448,49
4,4,0.64880905035496,0.69690797988385,49
2,4,0.698426902061331,0.688670955724818,49
3,4,0.61517542096338,0.56648994283356,49
5,4,0.469081017280941,0.463005718087658,49
1,5,0.827655009587129,0.713047607900936,49
4,5,0.687714575484681,0.339331084739688,49
2,5,0.674145454616909,0.548246025285515,49
3,5,0.625427053110321,0.193242591487446,49
5,5,0.507249713803003,0.0278006538617315,49
1,6,0.824427770812297,0.869492516729137,49
4,6,0.676099892939079,0.113150747025081,49
2,6,0.702892133490297,0.585012885604481,49
3,6,0.62042910098388,0.549041428893276,49
5,6,0.497335559783647,0.39374705465581,49
1,7,0.829220135640524,0.800563043690033,49
4,7,0.683301030255659,0.598440282501367,49
2,7,0.656091626838812,0.653715167398562,49
3,7,0.631345561544704,0.076955794872627,49
5,7,0.490596541167281,0.288654442260509,49
1,8,0.828413921878597,0.842380522586223,49
4,8,0.694135494967329,0.437671313935736,49
2,8,0.651115785167738,0.787012639549333,49
3,8,0.627799893958746,0.128653011836745,49
5,8,0.489599743655817,0.507147262948653,49
1,9,0.828515288072237,0.727837030333124,49
4,9,0.692815465140189,0.596920901671197,49
2,9,0.666172091167388,0.185670432700963,49
3,9,0.602612390632369,0.577839449171382,49
5,9,0.485826558372092,0.183159256608193,49
1,10,0.824375772467817,0.870487031953201,49
4,10,0.66975313446827,0.262108207984716,49
2,10,0.690464707983796,0.661725097686713,49
3,10,0.604396029202739,0.719686879056294,49
5,10,0.525298075786956,-0.526242525190418,49
1,11,0.827581373743263,0.834733145701617,49
4,11,0.674920622781634,0.175282042709217,49
2,11,0.689827537819412,0.0580506849347236,49
3,11,0.63028751335015,0.24014306011871,49
5,11,0.532845922514018,-0.333874833986007,49
1,12,0.831058747683355,0.815617025724219,49
4,12,0.678351557775698,0.73163894580692,49
2,12,0.665320678073367,0.551998189293537,49
3,12,0.633855242065667,0.327903760867492,49
5,12,0.499292095385581,0.308075756181317,49
1,13,0.826659828219799,0.848557615524968,49
4,13,0.650347022571973,0.511928734280402,49
2,13,0.697749507579787,0.702472363825203,49
3,13,0.619032376493264,0.57421975421985,49
5,13,0.495905606646001,0.401896941085705,49
1,14,0.836471052569217,0.649830320131716,49
4,14,0.656361956761332,0.612214908585813,49
2,14,0.681295271068578,0.46069018078202,49
3,14,0.624499185240804,0.355870341932679,49
5,14,0.47753679362135,0.810486308749749,49
1,15,0.830883706035066,0.807728462037278,49
4,15,0.683555544825789,0.70160397946349,49
2,15,0.673818655317682,0.429515845653221,49
3,15,0.634314659641859,0.543500329441679,49
5,15,0.506651905134656,-0.0303071210063649,49
1,1,0.871194729277982,0.749149171295098,50
4,1,0.655693496613544,0.30576186735307,50
2,1,0.680239996362694,0.0746489965588742,50
5,1,0.541241179654368,0.089826715319743,50
3,1,0.508409726514217,0.616732722292311,50
1,2,0.866488565018358,0.878285900398566,50
4,2,0.681622173057422,0.487811770789353,50
2,2,0.636096305800623,0.521977679326859,50
5,2,0.538926690433411,0.0667772003532276,50
3,2,0.525970908116215,0.3773435373642,50
1,3,0.864572902836747,0.897037404751097,50
4,3,0.645364168984796,0.296325333597052,50
2,3,0.697343222852164,0.594189156723436,50
5,3,0.561424381378397,0.124709642785251,50
3,3,0.527753383208908,0.271732752071094,50
1,4,0.872838691105218,0.799373019077562,50
4,4,0.667122807652762,0.401516602937823,50
2,4,0.667133645230885,0.209033597702422,50
5,4,0.542693727170471,0.374974995881276,50
3,4,0.525901848787808,0.343520128077936,50
1,5,0.865961550134165,0.907035605188737,50
4,5,0.636503980932429,0.560603831385482,50
2,5,0.673111003792109,-0.0419013688149979,50
5,5,0.550670925003012,0.0815152642841395,50
3,5,0.510537161039471,0.479856986847194,50
1,6,0.866018699798084,0.925048640227451,50
4,6,0.638054784226125,0.771164115226578,50
2,6,0.654340231098658,0.726429854014074,50
5,6,0.541781113614534,0.0212765204904562,50
3,6,0.523714200276773,0.681814625394955,50
1,7,0.866379915957855,0.892081132079751,50
4,7,0.628819827275739,0.701502462278076,50
2,7,0.639699778858365,0.683622462628017,50
5,7,0.544891506367375,0.280198937343415,50
3,7,0.528691786483956,0.181895559792585,50
1,8,0.880011751116635,0.529348089714562,50
4,8,0.651105744291138,0.170209601676089,50
2,8,0.667784373798754,0.558379140571266,50
5,8,0.566967962330157,0.127204947159865,50
3,8,0.521872174770226,0.116148505048982,50
1,9,0.870997422021848,0.825580070010139,50
4,9,0.644512611946947,0.244874939863242,50
2,9,0.679479743221776,0.712911520963109,50
5,9,0.557820578373696,-0.0168532125670537,50
3,9,0.523319933861034,0.578757903899608,50
1,10,0.864952996857946,0.907815981425223,50
4,10,0.662243679493552,0.515554534532781,50
2,10,0.653760709088992,0.712448297827627,50
5,10,0.550875021486393,0.184482538217617,50
3,10,0.540346984204444,0.356284881594141,50
1,11,0.87298423362568,0.745582543770599,50
4,11,0.675580767605251,0.128010640770854,50
2,11,0.640647080075023,0.600180545016465,50
5,11,0.536640604002575,-0.026054015959193,50
3,11,0.506324686776723,0.764704487818393,50
1,12,0.870433673284548,0.869869210836442,50
4,12,0.663612794212941,0.594092534524867,50
2,12,0.638546686939165,0.839382430785867,50
5,12,0.529878494887038,0.350395936243939,50
3,12,0.535267252706528,0.353843836575431,50
1,13,0.87016933110755,0.793115938618268,50
4,13,0.660482429111431,0.320865586524064,50
2,13,0.654624924313451,0.728006406380159,50
5,13,0.54430519484693,0.246092109018302,50
3,13,0.530620050534646,0.353405719783883,50
1,14,0.871608946316662,0.857144949286736,50
4,14,0.628385237844514,0.411810876117787,50
2,14,0.691899127726737,0.68409138647556,50
5,14,0.542958343998116,0.436869493868614,50
3,14,0.505117078640609,0.605827779181082,50
1,15,0.86242048598842,0.945971141585143,50
4,15,0.656909525430723,0.241810400503331,50
2,15,0.664632363261164,0.59738823649162,50
5,15,0.558350842102045,-0.325644471113674,50
3,15,0.524104953297459,0.600053562588852,50
1,1,0.844814399412948,0.79303998369448,51
2,1,0.720823317305752,0.5504804971996,51
3,1,0.638081072928685,0.522642925560418,51
4,1,0.573389934489296,0.821645574181528,51
5,1,0.510922039906415,0.341848302809331,51
1,2,0.835372087818894,0.906591628511189,51
2,2,0.704683368099216,0.717497767828262,51
3,2,0.656659940568312,0.254065376051934,51
4,2,0.598992625534077,0.552296612992296,51
5,2,0.499619961678421,0.374638924303066,51
1,3,0.840797428295251,0.826863605255719,51
2,3,0.710575638078705,0.495322677855863,51
3,3,0.644044885717971,0.315138916558313,51
4,3,0.577043046001354,0.5252960219004,51
5,3,0.543164735240434,0.320213911347809,51
1,4,0.848840745835674,0.731282816476459,51
2,4,0.69492276197341,0.617209238949653,51
3,4,0.651414728227779,0.337785693144052,51
4,4,0.59387615727802,0.480710131404768,51
5,4,0.510607847204488,0.102003698807874,51
1,5,0.841555869820225,0.840811893635177,51
2,5,0.705222206112908,0.521277537714958,51
3,5,0.635373860790561,0.458944256440941,51
4,5,0.604621768185653,0.462773824048954,51
5,5,0.513124476192893,-0.0484489199651139,51
1,6,0.840631634395988,0.887792913652731,51
2,6,0.721263667857715,0.341005507652435,51
3,6,0.619228590468677,0.701652898927209,51
4,6,0.592311516250637,0.571174094377438,51
5,6,0.507009379588112,0.537147354051308,51
1,7,0.842644587466429,0.787140515903162,51
2,7,0.710336019641053,0.455636483633128,51
3,7,0.649497314281341,0.442050363046815,51
4,7,0.617855090466074,-0.0871512383675453,51
5,7,0.507744135099549,0.407908083693062,51
1,8,0.840344573369443,0.839232236252966,51
2,8,0.724547539237815,0.303906453792334,51
3,8,0.645156477773342,0.686180227060601,51
4,8,0.601652157163556,0.229493708375767,51
5,8,0.527182072215434,0.168311100193613,51
1,9,0.839660175303806,0.843569730272139,51
2,9,0.714864537829054,0.489819039035177,51
3,9,0.665782076039699,-0.0147966948947921,51
4,9,0.595520409554777,0.346814801881816,51
5,9,0.549057850236979,0.0134637763926603,51
1,10,0.842114762050223,0.874493440839719,51
2,10,0.68942794619383,0.477175355956088,51
3,10,0.66116313054979,0.436513491026122,51
4,10,0.617971759955684,0.268660716002804,51
5,10,0.505174109678421,0.362177512858121,51
1,11,0.856890207652232,0.595146858370046,51
2,11,0.702437730345576,0.569919971744954,51
3,11,0.657096043083557,0.318312887958358,51
4,11,0.618733422488791,-0.385497554120801,51
5,11,0.509241903342191,0.197947123167621,51
1,12,0.849763031685967,0.718306532345545,51
2,12,0.708303850208549,0.586598024341404,51
3,12,0.638247509378926,0.688269227607539,51
4,12,0.600693372976432,0.445242778211679,51
5,12,0.478714257004155,0.688062454671984,51
1,13,0.841441260730215,0.859568752424214,51
2,13,0.713862809592661,0.587849165305151,51
3,13,0.644110175231586,0.453322778772174,51
4,13,0.621743331237396,-0.0330377195005986,51
5,13,0.498262154906862,0.469928621937737,51
1,14,0.844951791066676,0.838213745085388,51
2,14,0.706861619483991,0.440633387203889,51
3,14,0.652675472413374,0.363979036635057,51
4,14,0.586840118774987,0.593023714856977,51
5,14,0.499803574403271,0.425937083841251,51
1,15,0.84360259123972,0.759380365812835,51
2,15,0.703902581451712,0.481107940673552,51
3,15,0.644115227288517,0.619547382079878,51
4,15,0.600459263543091,0.458741617239513,51
5,15,0.50004962524806,0.162478584377116,51
1,1,0.854318415345086,0.623239626216767,52
3,1,0.638435833686435,0.558579986955855,52
2,1,0.6810943689383,0.156332502114142,52
4,1,0.634992051709327,0.577482160893337,52
5,1,0.504963232793354,0.612403630065686,52
1,2,0.84249241927462,0.926077843651705,52
3,2,0.667873960008535,0.346169716335063,52
2,2,0.658332501673794,0.16379353492883,52
4,2,0.63974564137213,0.444377299629202,52
5,2,0.532346298334644,0.183970395056576,52
1,3,0.845913464897357,0.831860882779322,52
3,3,0.650320496466403,0.47702569077145,52
2,3,0.650605035026313,0.629598446757185,52
4,3,0.644299747937093,0.276893639095791,52
5,3,0.52027642742524,0.468316182603285,52
1,4,0.84442700402187,0.803531896993301,52
3,4,0.614419634405973,0.591410953258065,52
2,4,0.670938828527357,0.628575081766159,52
4,4,0.612702709175797,0.215908948816952,52
5,4,0.520894548684011,0.537965999230467,52
1,5,0.847304000083217,0.833401416812813,52
3,5,0.674852955611321,-0.332590928810847,52
2,5,0.655780566016451,0.6702059379936,52
4,5,0.639367479176629,0.216344757855434,52
5,5,0.539502284075398,-0.0432753864191396,52
1,6,0.839476345129545,0.768053332845817,52
3,6,0.646105361918502,0.30278682804706,52
2,6,0.664985906510386,0.38151337979608,52
4,6,0.647419646761077,0.285309267753256,52
5,6,0.520947443838585,0.224984131593357,52
1,7,0.846744543569019,0.859426057213768,52
3,7,0.660120536648008,0.52320621313988,52
2,7,0.645284430088643,0.774876468247449,52
4,7,0.624181730962131,0.733906056345914,52
5,7,0.525751167562512,0.139026394104953,52
1,8,0.850601383061419,0.692323689565715,52
3,8,0.649877574558346,0.455234110086035,52
2,8,0.638099459283989,0.542432087229187,52
4,8,0.642433745957531,0.497960165497541,52
5,8,0.535777972634714,0.434546250318412,52
1,9,0.838747548776943,0.956219053858992,52
3,9,0.656324339399721,0.453250294298325,52
2,9,0.646052665415511,0.453988120937559,52
4,9,0.641672198960258,0.35104714569872,52
5,9,0.515836023468377,0.565576968934352,52
1,10,0.848767494808465,0.782990714320159,52
3,10,0.667953826777313,0.270209354023098,52
2,10,0.654467548308049,0.372650886482542,52
4,10,0.628246827271044,-0.229014981663666,52
5,10,0.53130730811022,0.203994091005127,52
1,11,0.84563596229812,0.815246964790333,52
3,11,0.623081248407847,0.765255738248911,52
2,11,0.661497071156493,0.300719851235846,52
4,11,0.642161040459478,0.544877206721479,52
5,11,0.530539849804512,0.17710085115069,52
1,12,0.846627815518491,0.801678154701354,52
3,12,0.656220954028227,0.463038874035585,52
2,12,0.65328271564841,0.490424278603561,52
4,12,0.623037877557848,0.627201839393203,52
5,12,0.514827676437917,0.376742151790356,52
1,13,0.84446326155439,0.825803616860626,52
3,13,0.647784518083942,0.72132071464448,52
2,13,0.656780922565751,0.286446669210543,52
4,13,0.632897837832927,0.445889920323284,52
5,13,0.517563894743485,0.155004732037599,52
1,14,0.853519447786915,0.623697079948006,52
3,14,0.66853293785912,0.207733974650855,52
2,14,0.648481428981091,0.640488757388393,52
4,14,0.633055983021379,0.434900138773316,52
5,14,0.509044979806743,0.487947862088029,52
1,15,0.849463272105923,0.777196199695753,52
3,15,0.640410674155662,0.69354779677939,52
2,15,0.661422994577823,0.437872410089082,52
4,15,0.607237412467737,0.621847456127576,52
5,15,0.494559317335633,0.506315399707362,52
1,1,0.798515649750291,0.853203977180771,53
3,1,0.640997988862098,0.674136181256853,53
2,1,0.681876203929946,0.405928822686223,53
4,1,0.570192989946993,0.404600815099135,53
5,1,0.535610558250459,0.355360851931417,53
1,2,0.803422010132088,0.83451508908511,53
3,2,0.628336543791203,0.502802458642619,53
2,2,0.68232684024958,0.571195928038908,53
4,2,0.587213904670339,0.0394596461662382,53
5,2,0.543668331079541,0.0576974806180378,53
1,3,0.820042073148742,0.566187455436476,53
3,3,0.643681252580774,0.37591938615082,53
2,3,0.664668336079256,0.795923866241828,53
4,3,0.589538582421007,0.0458097738436481,53
5,3,0.531292865326936,0.527522165403299,53
1,4,0.80909690476514,0.820011021063831,53
3,4,0.653595256441715,0.143233468363923,53
2,4,0.65224073052135,0.776519058262859,53
4,4,0.543699890491045,0.392250562411876,53
5,4,0.516245224015266,0.397859336286084,53
1,5,0.807784379123275,0.761976621649011,53
3,5,0.634735961847097,0.521261164463035,53
2,5,0.649288928162034,0.900230292453646,53
4,5,0.578443813416919,0.349628019806195,53
5,5,0.535803410955926,0.199707952243253,53
1,6,0.800048419148281,0.921243077931509,53
3,6,0.632938306062726,0.485651227935502,53
2,6,0.662453098305544,0.813220283768288,53
4,6,0.572937219215593,0.384698367314787,53
5,6,0.545884391463498,0.013889798413722,53
1,7,0.80900364618472,0.626689908459923,53
3,7,0.626514566409716,0.606075286225835,53
2,7,0.686006691625719,0.389448017666287,53
4,7,0.554395474342231,0.60543150108995,53
5,7,0.524473950573501,0.542770761403128,53
1,8,0.811535946884867,0.608308180823016,53
3,8,0.626410771116557,0.656157163572162,53
2,8,0.656723957406047,0.539595939955512,53
4,8,0.57189508830799,0.422361893020118,53
5,8,0.513874213711486,0.432342076786533,53
1,9,0.812489862628548,0.709900654692184,53
3,9,0.624368124461923,0.589442302874768,53
2,9,0.650964299138731,0.7704191220765,53
4,9,0.576900179884686,0.423974535642555,53
5,9,0.537009038121173,0.591479135149388,53
1,10,0.810851577002961,0.802525520223507,53
3,10,0.612340054366892,0.829399196412096,53
2,10,0.699145784970309,0.152856893797471,53
4,10,0.578212034835209,0.40091631163854,53
5,10,0.535575641156943,0.503313357831326,53
1,11,0.810008974968627,0.764962914527289,53
3,11,0.628352812046716,0.476506427898927,53
2,11,0.686635780443491,0.567847905651626,53
4,11,0.559974747798066,0.668345093609246,53
5,11,0.542404667399107,-0.0713319592571629,53
1,12,0.805254902191185,0.80176941982211,53
3,12,0.624307361490494,0.663654475954151,53
2,12,0.658542201372622,0.532907245837193,53
4,12,0.587652967152641,0.0565468915035554,53
5,12,0.55433895963376,-0.10025468430968,53
1,13,0.807482955375959,0.776016649892606,53
3,13,0.662363982738975,0.0947217621299992,53
2,13,0.690985326091058,0.283604930571504,53
4,13,0.54277641064195,0.542215354413984,53
5,13,0.531371774753345,0.155970435147418,53
1,14,0.802441801124949,0.835732083564422,53
3,14,0.644857388551167,0.349088966948336,53
2,14,0.676159677289922,0.276430927391188,53
4,14,0.560552181558923,0.650253571201756,53
5,14,0.531408992917985,0.463976606416328,53
1,15,0.815167179952662,0.717446056820771,53
3,15,0.641532924750936,0.318920118411036,53
2,15,0.699276763941518,0.194255646462995,53
4,15,0.581131770056462,0.0824203678799462,53
5,15,0.544777973959058,-0.13171752738418,53
1,1,0.848271808323148,0.862875740176948,54
4,1,0.635645331440418,0.14351146121622,54
2,1,0.664633190361789,0.566937044267395,54
3,1,0.569271414325928,0.358770524609127,54
5,1,0.535554318308613,0.152663864210793,54
1,2,0.842951969213668,0.858441970472681,54
4,2,0.621405028132922,0.447244340716091,54
2,2,0.661695536999131,0.500149530854679,54
3,2,0.580412373988953,0.4921092503541,54
5,2,0.517596812094369,0.454689447754723,54
1,3,0.838311218401964,0.830613320666153,54
4,3,0.603767492829656,0.336002885447661,54
2,3,0.676301773541464,0.635538349624979,54
3,3,0.613608342563746,0.0560283974997404,54
5,3,0.530524359267104,0.305169159424043,54
1,4,0.842975351476986,0.825597460612114,54
4,4,0.611153587353245,0.471349284881925,54
2,4,0.661880342514781,0.664621458450375,54
3,4,0.594792368910766,0.113927886451639,54
5,4,0.528167507983118,0.255040133896715,54
1,5,0.839853795304589,0.862759442841458,54
4,5,0.590945584991343,0.566805785451134,54
2,5,0.699377745895682,0.472215218984578,54
3,5,0.573252086400187,0.365252178784076,54
5,5,0.512288636588985,0.317292792714206,54
1,6,0.847063529053004,0.763781560758639,54
4,6,0.596013151886628,0.479856188678,54
2,6,0.652728500581286,0.892113220692506,54
3,6,0.592549169926783,0.338976857166438,54
5,6,0.519912184594017,0.511399588415359,54
1,7,0.843872987258908,0.806695718114601,54
4,7,0.627486180834014,0.357053128824276,54
2,7,0.663189858634553,0.402117862444684,54
3,7,0.566171594403995,0.595654946052408,54
5,7,0.539621611624902,-0.408987950355836,54
1,8,0.846915288011787,0.782323972814131,54
4,8,0.611017157574065,0.410031340631097,54
2,8,0.644106543239594,0.731282370415231,54
3,8,0.581344109067705,0.587081261170562,54
5,8,0.514611352510603,0.481099859240381,54
1,9,0.844572763972344,0.815201376048413,54
4,9,0.595773444288654,0.376352877513822,54
2,9,0.687262537708348,0.651533616528726,54
3,9,0.596053052664766,0.20247988474228,54
5,9,0.52274568446379,0.447888483280398,54
1,10,0.83945714575549,0.880197359607986,54
4,10,0.611571317128258,0.132562223403494,54
2,10,0.703397878019759,0.579946715613782,54
3,10,0.577447318151214,0.554509966698248,54
5,10,0.539179646726125,0.112124859571288,54
1,11,0.842280540659421,0.849948682223177,54
4,11,0.622458349537862,0.402614823527322,54
2,11,0.654700637831259,0.673189220490239,54
3,11,0.546322906152228,0.794855052952648,54
5,11,0.523959929260461,0.360448313493319,54
1,12,0.842742811017062,0.838080276479792,54
4,12,0.602982327397716,0.157808028075468,54
2,12,0.681869709816707,0.613215943152826,54
3,12,0.586925275276333,0.231790749953735,54
5,12,0.505633175705699,0.609638859269594,54
1,13,0.848655011137416,0.728823735129898,54
4,13,0.57950599579899,0.707055063585192,54
2,13,0.670839876278047,0.672728422995576,54
3,13,0.537682195615954,0.467021835896768,54
5,13,0.541856502187376,0.214980653124217,54
1,14,0.84414782315832,0.877999653774138,54
4,14,0.611142262493902,0.393844121225938,54
2,14,0.674772233777875,0.388099455704891,54
3,14,0.585805371550251,0.503195100531718,54
5,14,0.521947616822613,0.0728345764773612,54
1,15,0.852821158893084,0.64889054889798,54
4,15,0.611140267980548,0.174057093587944,54
2,15,0.704540292033986,0.507577156707078,54
3,15,0.574438107433617,0.402926341321237,54
5,15,0.527351177654009,0.256290634547109,54
1,1,0.852781993489539,0.833069579801092,55
3,1,0.710502975048889,0.405457935664597,55
2,1,0.682197828876519,0.807560402436545,55
5,1,0.513752535386875,0.33468667235109,55
4,1,0.571036862220214,0.403910118054251,55
1,2,0.852830112156813,0.903489396047213,55
3,2,0.728292756355538,0.56184956755661,55
2,2,0.686277340136529,0.717621039687221,55
5,2,0.518211198019993,0.369096811757385,55
4,2,0.553833315134047,0.461301444606346,55
1,3,0.86520494741305,0.628042960410661,55
3,3,0.733563773950845,0.669509432987289,55
2,3,0.673780201369646,0.56930962626411,55
5,3,0.513062872784353,0.454357100785969,55
4,3,0.571697043507714,0.496385855054909,55
1,4,0.862157625269223,0.728053853143557,55
3,4,0.735786375352856,0.482876795970173,55
2,4,0.656659673570346,0.486116124385027,55
5,4,0.548735413427936,0.0531570457031803,55
4,4,0.570114373792018,0.364768371189185,55
1,5,0.849478358866172,0.895504678175755,55
3,5,0.699502705541513,0.675908549052876,55
2,5,0.690228754030772,0.746163302867089,55
5,5,0.517138310617356,0.275425336882185,55
4,5,0.574489774913497,0.285568963720176,55
1,6,0.861763280193639,0.726909030107439,55
3,6,0.724017489342893,0.343569621973995,55
2,6,0.667914097900236,0.751150857549215,55
5,6,0.527082052376175,-0.0391203285788319,55
4,6,0.575709694473251,0.328290545493598,55
1,7,0.848111559183897,0.919734734068889,55
3,7,0.717255718231216,0.144818164661444,55
2,7,0.689025113431222,0.380421506806729,55
5,7,0.576380074186949,0.189042275719539,55
4,7,0.523878692281671,-0.231273056672038,55
1,8,0.85111545549757,0.86086582421585,55
3,8,0.715860924040591,0.549888514370713,55
2,8,0.69202474122992,0.555820364311091,55
5,8,0.55807442501459,0.444444747509129,55
4,8,0.507378004027734,0.644998775808954,55
1,9,0.857098079333552,0.781813273619556,55
3,9,0.727005881555491,0.65149626301071,55
2,9,0.666998490701852,0.277363708664138,55
5,9,0.539806856777568,0.0591981654206089,55
4,9,0.569613733500244,0.412239442575503,55
1,10,0.852673190102461,0.867871916462058,55
3,10,0.709490169589747,0.712172086255276,55
2,10,0.692876004021874,0.288464613499717,55
5,10,0.578564984624719,0.260645379421331,55
4,10,0.506006536139788,0.450107827249379,55
1,11,0.856745215248505,0.644526528947266,55
3,11,0.726084953668483,-0.108778702785749,55
2,11,0.681605121077996,0.783743188488875,55
5,11,0.534111985152599,0.0611092988477245,55
4,11,0.560450674411506,0.496226243961115,55
1,12,0.854039157947714,0.840218877745493,55
3,12,0.715802295808652,0.550021552553674,55
2,12,0.66398356121429,0.861235818185283,55
5,12,0.524082876546721,0.307131487107644,55
4,12,0.559561968499984,0.449989755569139,55
1,13,0.852312220457481,0.899383736470747,55
3,13,0.721038944956937,0.806001887273826,55
2,13,0.656411682673782,0.485032655700355,55
5,13,0.524371563634206,0.357472488559662,55
4,13,0.552589759093413,0.719863150875246,55
1,14,0.855649723611613,0.813857178341568,55
3,14,0.730790253194293,0.393692317170431,55
2,14,0.677490691696634,0.559003424916856,55
5,14,0.542691835346372,0.438413989717862,55
4,14,0.508035846285103,0.497447925396796,55
1,15,0.85887421640256,0.903170528171466,55
3,15,0.723629046000831,0.535733348297286,55
2,15,0.669158340781639,0.415271065083336,55
5,15,0.552922578983679,0.0380071386522811,55
4,15,0.5503048944261,0.496597922071963,55
1,1,0.856754119345465,0.394104553424194,56
2,1,0.733178853249963,0.0855782137116714,56
4,1,0.627369178171763,0.714557997643585,56
3,1,0.637840638648724,0.203827306092845,56
5,1,0.5288635780038,0.413310177280768,56
1,2,0.845531571391555,0.579913428828787,56
2,2,0.719298319270877,0.62351895254999,56
4,2,0.633352624502954,0.475678928089652,56
3,2,0.650180046079718,0.542113223556147,56
5,2,0.533283925628443,0.418411375207287,56
1,3,0.831109654825915,0.835000391822121,56
2,3,0.717857979497118,0.689687557195952,56
4,3,0.609477661067831,0.76668730374278,56
3,3,0.647735524242873,0.518581847045333,56
5,3,0.531998671281327,0.536141586447093,56
1,4,0.834996939013502,0.879296644297542,56
2,4,0.722826435254323,0.637601007207813,56
4,4,0.6283504050898,0.467365647101702,56
3,4,0.637907305488992,0.482649056522559,56
5,4,0.532154528261161,0.326133901242784,56
1,5,0.841017867044702,0.776151258073624,56
2,5,0.726246835268898,0.708383048056772,56
4,5,0.637173643246049,0.228523480964185,56
3,5,0.631631094386865,0.46249179691304,56
5,5,0.518357297503967,0.487427498033794,56
1,6,0.827141242643528,0.910266407652251,56
2,6,0.716269405211376,0.425357550230535,56
4,6,0.637267527324682,0.246574985901739,56
3,6,0.641252463535219,0.489084200852416,56
5,6,0.54678033674106,0.0159389530013358,56
1,7,0.839553804707044,0.820457586589566,56
2,7,0.74269473961871,0.535983515233896,56
4,7,0.64686614569667,0.346919990968184,56
3,7,0.63887769086706,0.395264679556422,56
5,7,0.533774392523857,0.579263403670425,56
1,8,0.835962814450138,0.792376289031204,56
2,8,0.702908433784935,0.80145399860326,56
4,8,0.619240691988057,0.758061641052901,56
3,8,0.633160724230487,0.587178845807588,56
5,8,0.532451633979986,0.610013262372114,56
1,9,0.837146331346992,0.837688956766734,56
2,9,0.721106597022622,0.479339532681812,56
4,9,0.64789259241696,0.321192636280005,56
3,9,0.649421715103784,-0.129946507278255,56
5,9,0.543487627354864,0.237391652728117,56
1,10,0.833003159193455,0.915768235590763,56
2,10,0.720294297066699,0.329583309649351,56
4,10,0.635142940611498,0.497926932379625,56
3,10,0.636290202365422,0.117304893654762,56
5,10,0.54642879378268,0.0911211108640959,56
1,11,0.840942357700192,0.811946801576351,56
2,11,0.724769631908027,0.672296693526472,56
4,11,0.637494379556177,0.364981338525329,56
3,11,0.640478168408226,0.699958975867315,56
5,11,0.553811038508076,-0.139897854068362,56
1,12,0.830299695483896,0.945659247823534,56
2,12,0.73048350063565,0.561886967462549,56
4,12,0.614963512656491,0.664884646519715,56
3,12,0.648770583053486,0.52165128162079,56
5,12,0.558606380802126,0.093972964215078,56
1,13,0.838575866150703,0.775227698348772,56
2,13,0.736878039011073,-0.118282793477323,56
4,13,0.664351957343626,-0.105296968119016,56
3,13,0.639667537904945,0.375733236950336,56
5,13,0.535681930528933,0.167490533879334,56
1,14,0.83479117219794,0.821533275998962,56
2,14,0.719845923331142,0.710093995108283,56
4,14,0.631990888429871,0.211238548279171,56
3,14,0.611015980245616,0.741705831155058,56
5,14,0.536271876116255,0.273896625586485,56
1,15,0.850799395989878,0.498863075800865,56
2,15,0.717810770930275,0.563051626421901,56
4,15,0.639104296461642,0.179295716260835,56
3,15,0.594623970664721,0.762800049621889,56
5,15,0.539561063510851,0.502969816483527,56
1,1,0.846428200936926,0.843217897399273,57
2,1,0.738685849693081,0.471335240009323,57
4,1,0.59405934820299,0.707514620825003,57
5,1,0.590450078729323,0.280238111139428,57
3,1,0.547126000582286,0.690584039082437,57
1,2,0.843767184472688,0.865751830245543,57
2,2,0.727643756624828,0.602614333711687,57
4,2,0.606361818347752,0.49967747733157,57
5,2,0.580867380154062,-0.141655329162349,57
3,2,0.562431477349263,0.257590826321707,57
1,3,0.847901804128615,0.831166282610177,57
2,3,0.732451595269123,0.583802264647335,57
4,3,0.60753858753602,0.709936841854122,57
5,3,0.613448457914837,0.100526578428562,57
3,3,0.574081953159612,0.57432963886971,57
1,4,0.854610765329689,0.768323340443966,57
2,4,0.763990328587114,0.412933494298012,57
4,4,0.615923203148529,0.360522644828575,57
5,4,0.562818363943254,0.706039536530692,57
3,4,0.570986835690449,0.351512019426979,57
1,5,0.845785657001085,0.891493123752204,57
2,5,0.728962386504162,0.843285481926601,57
4,5,0.625109565547368,0.149044208517435,57
5,5,0.593665905282574,0.0316957302420896,57
3,5,0.565292122703793,0.504630196051897,57
1,6,0.85759738276577,0.570780789122129,57
2,6,0.748782015163753,0.346772851260305,57
4,6,0.617367413630503,-0.100829122424381,57
5,6,0.580147917071123,0.228788622045219,57
3,6,0.567450914379548,0.513961822277383,57
1,7,0.848403644688523,0.841761485907811,57
2,7,0.754136607784043,0.698095502639012,57
4,7,0.603322973428016,0.27927759817375,57
5,7,0.560816351436046,0.445672889810929,57
3,7,0.543157955520288,0.650926213739251,57
1,8,0.85573164209301,0.538499595113913,57
2,8,0.741039696159896,0.719156216723922,57
4,8,0.605660727399509,0.424551669587309,57
5,8,0.587251962985928,0.201254433602219,57
3,8,0.594908358324628,0.654814856068981,57
1,9,0.850021346402997,0.821294989574432,57
2,9,0.744258569462093,0.645229064490229,57
4,9,0.598298886178759,0.527066974134996,57
5,9,0.566894357615101,0.546051731416887,57
3,9,0.562830831099186,0.673115624656376,57
1,10,0.848608640672326,0.778364243203802,57
2,10,0.744259845283749,0.589706520360161,57
4,10,0.601205537353547,0.230876331783521,57
5,10,0.611182605447572,0.0809774838718501,57
3,10,0.56303435239265,0.337043224784434,57
1,11,0.847934992016761,0.905711441455081,57
2,11,0.736909520985602,0.508509010545369,57
4,11,0.595037683296473,0.654453911382945,57
5,11,0.596036736006472,0.150359626821037,57
3,11,0.576288920538035,0.180778235631078,57
1,12,0.861852328901678,0.582030918041497,57
2,12,0.725849697784072,0.889252680478109,57
4,12,0.605273515019075,-0.0142116718788259,57
5,12,0.595397580680109,-0.0576884261788344,57
3,12,0.565552942363143,0.399663480061984,57
1,13,0.843907541883693,0.915903848225098,57
2,13,0.750449575463993,0.598604658593706,57
4,13,0.586561796525478,0.573629869675514,57
5,13,0.583179405046743,0.256490727552261,57
3,13,0.577448353215701,0.119821246313233,57
1,14,0.846201601797071,0.885359478231616,57
2,14,0.737376603142773,0.871048081740919,57
4,14,0.58990531429788,0.784591883746164,57
5,14,0.601951460070535,-0.150273483315601,57
3,14,0.567369305080104,0.524424112704369,57
1,15,0.844192777677822,0.907949468528437,57
2,15,0.739227744986556,0.423620026699156,57
4,15,0.616668733974382,0.359339951682231,57
5,15,0.589966412083244,0.480497423228248,57
3,15,0.584460631346183,0.177999476507612,57
1,1,0.839611755178795,0.764599730551271,58
4,1,0.657153390707462,0.321838190127508,58
2,1,0.65417326275678,0.726533452433201,58
5,1,0.583990647151277,0.411737661709314,58
3,1,0.509690148545316,0.520301156391729,58
1,2,0.835068604421975,0.927956505162033,58
4,2,0.64132825022661,0.00090844531523934,58
2,2,0.696490351954434,0.163922971544037,58
5,2,0.576263058448909,0.279246981051005,58
3,2,0.545061239535474,0.239518836740678,58
1,3,0.844422244424747,0.746500130735545,58
4,3,0.637731243646283,0.249499980865743,58
2,3,0.679973492392567,0.610573723911926,58
5,3,0.555037528561651,0.133655955201356,58
3,3,0.532285760880503,0.410226140820419,58
1,4,0.836535360130206,0.853730314174702,58
4,4,0.665590078070484,0.202506638250289,58
2,4,0.655950709676844,0.477419335730245,58
5,4,0.5419138790873,0.0781428197828674,58
3,4,0.537182663846435,0.316991727153963,58
1,5,0.836978398601859,0.846812750828528,58
4,5,0.646362519010343,0.322314420558439,58
2,5,0.67802815769058,0.498960755873308,58
5,5,0.551824431501093,0.56012705590861,58
3,5,0.536416606121136,0.425543044016307,58
1,6,0.845448277003258,0.715623547566789,58
4,6,0.643656868760306,0.0220573222028475,58
2,6,0.678649433866398,0.533854058311021,58
5,6,0.576609981258046,0.118740587295341,58
3,6,0.548236071664095,0.438099123990125,58
1,7,0.832819860230196,0.881187968376849,58
4,7,0.642520434200833,0.534621825169354,58
2,7,0.665648136489721,0.570067508814945,58
5,7,0.595362759810748,-0.108023106447922,58
3,7,0.553732648978778,0.257062007688674,58
1,8,0.837056766383984,0.88953954674491,58
4,8,0.641902987900751,0.501646727357219,58
2,8,0.662594018678193,0.640889159554634,58
5,8,0.554554930538929,0.3305538151656,58
3,8,0.543348541272778,0.220659982873561,58
1,9,0.854911813747317,0.564162534613384,58
4,9,0.71431908691819,0.342799485263879,58
2,9,0.599590532848104,0.69355918545857,58
5,9,0.551311256275404,0.328031669106017,58
3,9,0.54013838923994,0.749025727580553,58
1,10,0.842423044074749,0.79681671481421,58
4,10,0.624355041012205,0.610239850798492,58
2,10,0.697047850863992,0.604017921664556,58
5,10,0.589572233455765,0.18787501246967,58
3,10,0.525184616831919,0.472313093660575,58
1,11,0.831868281558439,0.897562721166562,58
4,11,0.656626323363667,0.140453187911292,58
2,11,0.650161562847997,0.563794086264779,58
5,11,0.560703947588358,-0.478464089185328,58
3,11,0.578201293365979,-0.0282426568273518,58
1,12,0.846943049004819,0.585382019001972,58
4,12,0.651359071854736,0.467051726841884,58
2,12,0.647527547929204,0.575058418047773,58
5,12,0.547594553011385,0.203656009160367,58
3,12,0.55731350576733,0.636086340610098,58
1,13,0.840011369461057,0.839131766034855,58
4,13,0.622773095015277,0.635112064939517,58
2,13,0.666770569884225,0.747373036009706,58
5,13,0.531366051537356,0.288791343779875,58
3,13,0.538231968129261,0.752981928188472,58
1,14,0.835006444119096,0.897709965767265,58
4,14,0.66884892098478,-0.0980296852742059,58
2,14,0.660941815453209,0.789859389026319,58
5,14,0.585033460251671,0.228786975632127,58
3,14,0.536791381160346,0.436954103066965,58
1,15,0.833248550164945,0.89544291221989,58
4,15,0.654604331421544,0.636113890792215,58
2,15,0.638612837591469,0.570653070364401,58
5,15,0.578899955505948,0.0391610347447193,58
3,15,0.543912287242354,0.216362814720303,58
1,1,0.864464932063077,0.792616691942705,59
2,1,0.718710320842639,0.337762857188616,59
3,1,0.656872014492843,0.601885139493453,59
5,1,0.579147288788177,0.119125139896066,59
4,1,0.530165181435419,0.346698309121629,59
1,2,0.8609535732458,0.835935677218643,59
2,2,0.700499181267606,0.784649648076396,59
3,2,0.646914931189846,0.678578728726619,59
5,2,0.581462812587856,-0.338816287007944,59
4,2,0.554603766444876,-0.243196739454004,59
1,3,0.865785338051732,0.829380959317905,59
2,3,0.71623801292854,0.432946463555633,59
3,3,0.655634808833582,0.443577150900123,59
5,3,0.566178679376371,0.51791975436142,59
4,3,0.532516097177289,0.44105076588407,59
1,4,0.857333247529668,0.931436813603136,59
2,4,0.69756557139884,0.839340657784429,59
3,4,0.655103423869079,0.550286584314531,59
5,4,0.574920448768779,0.0899139523472821,59
4,4,0.53516395250616,-0.178014020898935,59
1,5,0.867343415778122,0.711655349258301,59
2,5,0.718231296713697,0.353432164034147,59
3,5,0.648193518887245,0.709950943989916,59
5,5,0.556613806045564,0.271888640262597,59
4,5,0.515950896586451,0.505546435739671,59
1,6,0.859630719287421,0.883756459372153,59
2,6,0.715557752895064,0.692339097310896,59
3,6,0.647271996783623,0.587289958077211,59
5,6,0.560145167635806,0.56937848604923,59
4,6,0.528760530196415,0.692090330685487,59
1,7,0.862683327976478,0.791744808155409,59
2,7,0.70596718921987,0.6392188745127,59
3,7,0.651759514643712,0.493247988747205,59
5,7,0.581437681135208,0.044392641302383,59
4,7,0.538531701540417,0.396210989271454,59
1,8,0.859650023968071,0.865347492561762,59
2,8,0.732352948090232,0.14894446125016,59
3,8,0.664971446035471,0.231921518377617,59
5,8,0.562341198598785,0.316722696865535,59
4,8,0.540556469843883,0.432564212427285,59
1,9,0.861848023833639,0.851371098594955,59
2,9,0.710397936589381,0.601615805818775,59
3,9,0.677426443493993,-0.136841980991478,59
5,9,0.610877274624406,-0.49604780360975,59
4,9,0.53796210374282,0.00384784011450959,59
1,10,0.86196111613569,0.935884162495656,59
2,10,0.707297560901739,0.854860299576311,59
3,10,0.632299543896869,0.629674376807992,59
5,10,0.567845493271713,0.328383622130915,59
4,10,0.511288121079501,0.543392216120989,59
1,11,0.862320393065926,0.810641028832545,59
2,11,0.716955461549195,0.354857199177,59
3,11,0.672828475779688,0.188999236310088,59
5,11,0.560067501016322,0.477451831071628,59
4,11,0.52916892555948,0.209294068195353,59
1,12,0.863998080055138,0.790443527106838,59
2,12,0.712416774168749,0.573492949950604,59
3,12,0.65097605420838,0.417869557971506,59
5,12,0.587205218031126,0.0709469213058859,59
4,12,0.524450418376607,0.472970010166836,59
1,13,0.879372609799033,0.48526804227481,59
2,13,0.717669533048712,0.291745029910917,59
3,13,0.676273498557151,0.309302081980798,59
5,13,0.579215528173501,-0.248566078376877,59
4,13,0.537299712282162,-0.176229212573457,59
1,14,0.866380617051295,0.698961469758844,59
2,14,0.707658938745067,0.622766993346694,59
3,14,0.649127175131388,0.693731608983562,59
5,14,0.571495340233915,-0.1829820239705,59
4,14,0.535845801009629,0.505448493062019,59
1,15,0.855289931579974,0.900142192282834,59
2,15,0.698117060323719,0.549673839506637,59
3,15,0.660060685453318,0.43133425495483,59
5,15,0.571341565558532,0.229802670321943,59
4,15,0.548922181523717,0.217680335759014,59
1,1,0.853784133411935,0.851107964616954,60
2,1,0.727758693475783,0.693636705141158,60
4,1,0.69368593845565,0.197973174624917,60
5,1,0.602360671340121,0.0420351108846176,60
3,1,0.564216147558125,0.430126917119281,60
1,2,0.858971670565942,0.687177945843326,60
2,2,0.738689067559292,0.423917112381089,60
4,2,0.692862300577806,0.515826238979545,60
5,2,0.580863706621406,0.529203329094084,60
3,2,0.564306173359508,0.481768898335998,60
1,3,0.857943467950078,0.764573491465614,60
2,3,0.766481064963159,0.232851039134368,60
4,3,0.685168004279001,0.276570683041012,60
5,3,0.614314177325401,-0.147822662911214,60
3,3,0.590046374217666,0.307777689299322,60
1,4,0.854313380410824,0.801045771855213,60
2,4,0.726428382125876,0.818332681871352,60
4,4,0.664911723316331,0.687611092761883,60
5,4,0.598029737348702,0.445828454667402,60
3,4,0.574799807881781,0.223478241131968,60
1,5,0.853513405266875,0.802995537651975,60
2,5,0.738226981554483,0.323644299482004,60
4,5,0.682231497443663,0.427545934596195,60
5,5,0.602299646435618,0.384640467538285,60
3,5,0.578876045525904,0.221202685123068,60
1,6,0.851382315924146,0.871973092706787,60
2,6,0.734605897753024,0.330697899014221,60
4,6,0.679392254413905,0.641252681817422,60
5,6,0.57663455207433,0.759114292821615,60
3,6,0.569355132225313,0.528758456710402,60
1,7,0.859446454673849,0.788070241442725,60
2,7,0.729713404840807,0.566334614271394,60
4,7,0.690757707056309,0.624474758840617,60
5,7,0.611374418377056,0.202640673883897,60
3,7,0.578496912458691,0.421463092119476,60
1,8,0.856729898119571,0.800729658090195,60
2,8,0.735102003620999,0.675320864507397,60
4,8,0.69699053127921,0.228814533719076,60
5,8,0.564855835019978,0.309394443881262,60
3,8,0.5573608878265,0.533330496813569,60
1,9,0.859280284011705,0.73325446355097,60
2,9,0.740850163198407,0.549064942148215,60
4,9,0.702913909199405,-0.0960160715406659,60
5,9,0.626258420051661,-0.088522749654703,60
3,9,0.594894299171489,0.0513864612573403,60
1,10,0.864328661063629,0.671523560669339,60
2,10,0.735596142109323,0.527900400647121,60
4,10,0.714647423114787,-0.0990258329584717,60
5,10,0.583551060824653,0.503368895725027,60
3,10,0.566947006195307,0.64205044346305,60
1,11,0.855488914148195,0.83702213640653,60
2,11,0.743668395332207,0.31708535821283,60
4,11,0.686447977906329,0.622148665123971,60
5,11,0.603258825183481,0.142124176886729,60
3,11,0.572725393776456,0.141018208932315,60
1,12,0.852813235823725,0.85822890931042,60
2,12,0.719364848789799,0.836642897122488,60
4,12,0.675915934935257,0.654514245334246,60
5,12,0.597401860786667,0.323911165110539,60
3,12,0.537860020608487,0.653310434569484,60
1,13,0.856979556976883,0.813068757478596,60
2,13,0.73737959159901,0.294808636515257,60
4,13,0.683957096836864,0.62737914199045,60
5,13,0.625466110376556,0.105571354156914,60
3,13,0.569588358134477,0.476385014172387,60
1,14,0.851694724033725,0.890050854069969,60
2,14,0.743017406334636,0.737427359812085,60
4,14,0.689054456472904,0.561872722260119,60
5,14,0.586658003051608,0.349346290256331,60
3,14,0.552228621467057,0.718765161118436,60
1,15,0.858403324022818,0.768931675445347,60
2,15,0.721981271459122,0.490591990612567,60
4,15,0.693548903541096,0.336774472443586,60
5,15,0.592766316428203,0.480179014489587,60
3,15,0.562237706694313,0.47864157917551,60
1,1,0.867439831085349,0.862603211614016,61
3,1,0.718691520483821,0.401827902225822,61
2,1,0.709503732815145,0.70816681371869,61
4,1,0.634992780935101,0.00332132133865312,61
5,1,0.51785766256713,0.52770798193387,61
1,2,0.876460179403222,0.780920643005199,61
3,2,0.709709984253121,0.473517811631157,61
2,2,0.710760031394494,0.271409126918692,61
4,2,0.622464429603028,0.168467348533858,61
5,2,0.525461043148581,0.0951454093805445,61
1,3,0.874206609293374,0.833608587623957,61
3,3,0.724940943515642,0.119276312594362,61
2,3,0.705789483323559,0.54993881144222,61
4,3,0.609354486607759,0.470732119372506,61
5,3,0.509244042483085,0.455950076155856,61
1,4,0.870670969088703,0.865031154948192,61
3,4,0.720508886245692,0.499715176917383,61
2,4,0.700855717459564,0.51117349668305,61
4,4,0.597069846571861,0.569709786409422,61
5,4,0.535346919252219,0.259434739664564,61
1,5,0.874039135723564,0.806572085461392,61
3,5,0.719388934024255,0.291467735092214,61
2,5,0.711552788046413,0.363849321579816,61
4,5,0.606694381720386,0.625127289843323,61
5,5,0.521897863893312,0.369829636723517,61
1,6,0.874359881104467,0.729855603501261,61
3,6,0.732583442911897,0.371091869203949,61
2,6,0.697000313743087,0.456142203998073,61
4,6,0.621364289708897,0.0937214481805669,61
5,6,0.515338807079719,0.359284056495419,61
1,7,0.865063181459747,0.931151623499772,61
3,7,0.711646324677536,0.672017446935144,61
2,7,0.71576134836529,0.323964717971089,61
4,7,0.595313233498241,0.458011373238591,61
5,7,0.562481536595031,0.250660501634903,61
1,8,0.869106693138477,0.822507836211378,61
3,8,0.714312498594441,0.655938109806145,61
2,8,0.723988143787107,0.378320823552396,61
4,8,0.617867274860597,0.305963618319427,61
5,8,0.520605249061742,0.313157549320063,61
1,9,0.873452465161645,0.752494893393727,61
3,9,0.722891737242514,0.430992985336224,61
2,9,0.713246731549089,0.354782007673307,61
4,9,0.584055922672664,0.69113916955631,61
5,9,0.552474299592078,-0.246318993839258,61
1,10,0.872514262369445,0.846504352821733,61
3,10,0.722445174525824,0.496958257009987,61
2,10,0.693678119339423,0.680784969417205,61
4,10,0.61160924744795,0.125587416193578,61
5,10,0.511186040304073,0.518044810069168,61
1,11,0.868850301466772,0.855209642969756,61
3,11,0.729512713795702,0.337530097755296,61
2,11,0.71138767286513,0.51007309563299,61
4,11,0.607747444731609,0.340280376061966,61
5,11,0.527735054475232,0.125314838683919,61
1,12,0.865885028642249,0.908855241495764,61
3,12,0.723860906827363,0.428185618486456,61
2,12,0.689994428440659,0.477714917697969,61
4,12,0.631397489808172,0.360492543684272,61
5,12,0.530936994765192,0.372988100776492,61
1,13,0.876436057893064,0.593892044887107,61
3,13,0.714511577970057,0.68671423014852,61
2,13,0.701972571504571,0.357649940959739,61
4,13,0.613536205540643,0.46940739658192,61
5,13,0.539189954724779,0.0132339069370208,61
1,14,0.86662719682624,0.858698073843892,61
3,14,0.707149917557786,0.459401284362084,61
2,14,0.706348486817478,0.422298539389264,61
4,14,0.584480283320374,0.800290430254573,61
5,14,0.508431471059087,0.471721410699057,61
1,15,0.879667515339499,0.690774442708441,61
3,15,0.714212202979672,0.537022990755071,61
2,15,0.706477057770549,0.596861531025633,61
4,15,0.629752156108243,0.0378399739853039,61
5,15,0.524623185442961,0.21766746929656,61
1,1,0.80741742924439,0.854373057276168,62
2,1,0.643077306961724,0.576398262674551,62
3,1,0.634978580637371,-0.0267044274549863,62
5,1,0.554465059418106,0.147954115998277,62
4,1,0.514109218879786,0.618060043728,62
1,2,0.820455636301341,0.69719847404607,62
2,2,0.649600944465296,0.528757320212479,62
3,2,0.619603243316249,0.583659172310266,62
5,2,0.564288763763433,-0.0211753704292299,62
4,2,0.523384528312474,0.400145003757667,62
1,3,0.815638920735748,0.828929123552582,62
2,3,0.617949265330472,0.800728914190645,62
3,3,0.612467298261808,0.426664137139869,62
5,3,0.566870422227696,0.232963195436708,62
4,3,0.50838690140631,0.232204050222493,62
1,4,0.81759348811988,0.755272956548259,62
2,4,0.639132842567394,0.698726762088255,62
3,4,0.652564570171445,0.158789045538837,62
5,4,0.542055407848535,0.485201547417141,62
4,4,0.535820916615881,0.277843308895396,62
1,5,0.826744745076684,0.718252783810818,62
2,5,0.652716421488218,0.397455543758721,62
3,5,0.620832788928244,0.476056935657985,62
5,5,0.564439745002493,0.459136806488939,62
4,5,0.51215635435268,0.677832029870457,62
1,6,0.837257714315312,0.522524772587939,62
2,6,0.648294626083095,0.472214645343346,62
3,6,0.638301233643655,0.236868223562663,62
5,6,0.558090511025386,0.441827628206382,62
4,6,0.522411586976743,0.36090751185853,62
1,7,0.814049104561904,0.947327824485119,62
2,7,0.654422337870041,0.466754437356434,62
3,7,0.634783210724091,0.315951834136239,62
5,7,0.541223551695482,0.148496966485983,62
4,7,0.549263432268304,0.349928497089391,62
1,8,0.817378883821173,0.859796760868026,62
2,8,0.647048809362244,0.237010466009052,62
3,8,0.589774367078281,0.935910488119208,62
5,8,0.556525132619845,0.523944219059461,62
4,8,0.52241241736449,0.462528709275264,62
1,9,0.813523827810637,0.885294122775565,62
2,9,0.640173477030685,0.46366062603228,62
3,9,0.629709091589436,0.353130078332531,62
5,9,0.570662464444078,0.111401930581718,62
4,9,0.522172665862838,0.297990214605715,62
1,10,0.819630066350996,0.829781008308464,62
2,10,0.630198897772645,0.834230026069227,62
3,10,0.617139884004957,0.386092756245992,62
5,10,0.555651193931914,0.519412653647119,62
4,10,0.478419031612991,0.617698983604262,62
1,11,0.815925291737059,0.763539264848317,62
2,11,0.654349268912573,-0.0515325301576987,62
3,11,0.613329653619519,0.640276844724276,62
5,11,0.566895628778176,0.0233231024908588,62
4,11,0.511225195995163,0.465999263467084,62
1,12,0.811109545364818,0.83568000890901,62
2,12,0.630686503016304,0.70801527011215,62
3,12,0.629161126267846,0.673157693517498,62
5,12,0.534166699900855,0.246325498827929,62
4,12,0.526636865443854,0.64302998015982,62
1,13,0.826718784337784,0.748133160320809,62
2,13,0.662088885045117,-0.0291898904802789,62
3,13,0.626161144948057,0.214385872514795,62
5,13,0.587468414982329,-0.11021052760223,62
4,13,0.527507207051674,0.120806273774666,62
1,14,0.822535574072106,0.730988453065367,62
2,14,0.644700026724728,0.667457286703422,62
3,14,0.590122202074638,0.714827173230142,62
5,14,0.558160543536613,0.00755371923175131,62
4,14,0.52688667712048,0.218260043630899,62
1,15,0.81691282699296,0.820925712025151,62
2,15,0.652147892757416,0.373869686333332,62
3,15,0.625099184954257,0.3997023291658,62
5,15,0.553615917925867,0.429799958689261,62
4,15,0.529494915642361,0.451895801203593,62
1,1,0.824337655398496,0.846226374616187,63
2,1,0.578078018163901,0.752361634584024,63
3,1,0.592292880914149,0.553570420181805,63
5,1,0.500942890591367,0.288034801254411,63
4,1,0.491624316068621,0.291345391998912,63
1,2,0.816734734613996,0.918219198268759,63
2,2,0.592325109998869,0.504557402144125,63
3,2,0.579198641419583,0.81816312216177,63
5,2,0.468730170628083,0.825987630369875,63
4,2,0.543198066855091,0.0193591232033813,63
1,3,0.818893039208714,0.883826953820265,63
2,3,0.579830087391569,0.71183584323121,63
3,3,0.585049979518792,0.617894918531246,63
5,3,0.480233569077772,0.158360016356132,63
4,3,0.534867658921332,0.0781904615958335,63
1,4,0.823410484574824,0.858643020549947,63
2,4,0.596233850981697,0.373966721227754,63
3,4,0.609143651382646,0.29015964817379,63
5,4,0.478078964994682,0.296631300136152,63
4,4,0.534719902625112,0.358028796999521,63
1,5,0.821949270498194,0.839180139742032,63
2,5,0.581640820568208,0.425156667160754,63
3,5,0.595373329004171,0.256309815581124,63
5,5,0.482021204243607,0.274639756756732,63
4,5,0.502787590112585,0.45646990290523,63
1,6,0.820835882954488,0.883808277226239,63
2,6,0.606415327326667,0.15509405250038,63
3,6,0.60060046350019,0.435963665723391,63
5,6,0.464838539027818,0.677050586628052,63
4,6,0.499448912092395,0.77242119500202,63
1,7,0.819832166040052,0.880194942791081,63
2,7,0.569071907164771,0.676298344802076,63
3,7,0.575820731111541,0.465535861367556,63
5,7,0.497862911905251,0.225198214201246,63
4,7,0.485390291761781,0.173544353442672,63
1,8,0.809717306150409,0.93119489875683,63
2,8,0.584489603516812,0.0668903975235161,63
3,8,0.607466399497431,0.322833401791376,63
5,8,0.488949431298347,0.280189660267255,63
4,8,0.501457543479877,0.315620663691801,63
1,9,0.82930636284153,0.681355395202903,63
2,9,0.606453823654905,0.0629194473493684,63
3,9,0.588178738662412,0.482842667157828,63
5,9,0.559695869204823,-0.654012261922716,63
4,9,0.469129039610185,0.591229370662732,63
1,10,0.850688971769756,0.286037214862433,63
2,10,0.600825743749227,0.48730030348224,63
3,10,0.57823100053548,0.546208739089809,63
5,10,0.509016315516678,-0.088868087329016,63
4,10,0.548304219102219,-0.236471803443292,63
1,11,0.825301829218939,0.777069676348117,63
2,11,0.567904317739841,0.841605038287646,63
3,11,0.562488646020804,0.548218141001433,63
5,11,0.479812605317503,-0.0115506234806722,63
4,11,0.510304270926347,0.779943586690826,63
1,12,0.827762919746809,0.786078778733688,63
2,12,0.585828218906105,0.382394913151887,63
3,12,0.608252747506888,0.444813994169052,63
5,12,0.483144396517402,0.178982374157786,63
4,12,0.535601843937415,0.10290226198934,63
1,13,0.833570928259125,0.667283654253055,63
2,13,0.604770944321037,0.144645913671958,63
3,13,0.612034243124661,-0.227665567500269,63
5,13,0.481419307001281,0.363582734995248,63
4,13,0.517035003171257,0.259787851828946,63
1,14,0.826310434511318,0.827429134193675,63
2,14,0.598917310022011,0.474329103085179,63
3,14,0.606106435805255,0.205422216493884,63
5,14,0.490069991129754,-0.125691878146477,63
4,14,0.520951711945094,0.38998015377409,63
1,15,0.826130181845744,0.783619705155027,63
2,15,0.586399092559837,0.513240035776597,63
3,15,0.602058280613568,0.502566951017381,63
5,15,0.477940289523277,0.535333312310687,63
4,15,0.495985165502541,0.504746273195661,63
1,1,0.827752004759017,0.893381591750306,64
3,1,0.696125325040021,0.372987227231893,64
2,1,0.673518123216857,0.642174070979905,64
5,1,0.588781752803921,0.314694632231751,64
4,1,0.502115472223638,0.647179643125501,64
1,2,0.82617817450323,0.911280718134038,64
3,2,0.689839997548477,0.469196975705053,64
2,2,0.663175782821035,0.629612518242948,64
5,2,0.601281399977184,0.0167757343559948,64
4,2,0.546767094967412,-0.10445974833417,64
1,3,0.828308165215558,0.825674983405924,64
3,3,0.684168000632407,0.873264273258027,64
2,3,0.66770708220384,0.548268834745965,64
5,3,0.576538545028727,0.535039385990354,64
4,3,0.531053707284671,0.318894992788331,64
1,4,0.829717979568474,0.834829899654201,64
3,4,0.701334207137075,0.197127109547331,64
2,4,0.67300205627853,0.398990236003936,64
5,4,0.578736588024137,0.391624747331557,64
4,4,0.540969486790462,0.089168353980814,64
1,5,0.827688451993403,0.867533940082461,64
3,5,0.700307989065923,-0.0281295155905761,64
2,5,0.658398926694685,0.605638791301595,64
5,5,0.598209834987896,0.012114836934176,64
4,5,0.522508380249726,0.245213330816378,64
1,6,0.833618076025252,0.717234260458291,64
3,6,0.692961013778714,0.624517832362781,64
2,6,0.673429766852438,0.124296258925565,64
5,6,0.572205208834027,0.528327194836517,64
4,6,0.533700056278259,0.0811269095435918,64
1,7,0.831425375148439,0.865907548261514,64
3,7,0.702815019081802,0.32440489220951,64
2,7,0.651851529797082,0.74617363496924,64
5,7,0.594718284242377,0.0942520797058457,64
4,7,0.509873645503116,0.539784472616817,64
1,8,0.834863894758653,0.759437963039804,64
3,8,0.674725570318555,0.765879395762279,64
2,8,0.666607285166349,0.415811799129672,64
5,8,0.572334797732689,0.474345048087758,64
4,8,0.517527420686426,0.490704069203665,64
1,9,0.834494152774062,0.715004963870267,64
3,9,0.692071956624171,0.556738591829704,64
2,9,0.66574324642902,0.359097163222141,64
5,9,0.607261386709167,-0.103772315479168,64
4,9,0.53137352307394,0.561907983447645,64
1,10,0.849541909578866,0.365029494589765,64
3,10,0.676033801048308,0.593928335499073,64
2,10,0.658638215714981,0.639130922945889,64
5,10,0.591448168125341,0.0972053013050163,64
4,10,0.551071090386148,-0.0220089018853984,64
1,11,0.830009634185425,0.788306125165445,64
3,11,0.689907738376333,0.500058393634806,64
2,11,0.67474542479715,0.399033040645844,64
5,11,0.588008109525163,0.538392143165872,64
4,11,0.531851120664658,0.409112699478241,64
1,12,0.844249176320292,0.572941541505026,64
3,12,0.70746232660893,0.203941656011897,64
2,12,0.673539531951024,0.382707786485676,64
5,12,0.599644748544179,-0.0766823586234633,64
4,12,0.558016023787784,0.10792118975793,64
1,13,0.837314050161642,0.575013847608042,64
3,13,0.688604367891001,0.491462297509866,64
2,13,0.665671205159511,0.597422952048309,64
5,13,0.594649154892955,0.257022667166639,64
4,13,0.541785041728591,0.0461535517812673,64
1,14,0.825148217109263,0.876125600156703,64
3,14,0.703628850449111,0.36783019063907,64
2,14,0.658107949337437,0.740273733897882,64
5,14,0.592523927500539,0.39231855377497,64
4,14,0.507090712337422,0.668000938646384,64
1,15,0.845057837688848,0.491276416479419,64
3,15,0.704832900547091,0.515939894331011,64
2,15,0.681735449746205,0.380036501506324,64
5,15,0.59032927425669,-0.0391033580257116,64
4,15,0.520771649317806,0.341502673825111,64
1,1,0.842017404342667,0.864200831897071,65
2,1,0.716981495174803,0.253954328387981,65
4,1,0.619613556096817,-0.101574218129003,65
3,1,0.625647285292007,0.404899257164997,65
5,1,0.477341549282479,0.557244741914058,65
1,2,0.849041364456333,0.751306799451453,65
2,2,0.674123712543757,0.470917951819331,65
4,2,0.668855143946326,-0.288818254064864,65
3,2,0.580806374330467,0.756469597024391,65
5,2,0.495615392723712,0.22464792149288,65
1,3,0.841135338179423,0.891227159892724,65
2,3,0.679856414237801,0.662466223411183,65
4,3,0.623214142255926,0.747646772863518,65
3,3,0.605651336051168,0.475015995638501,65
5,3,0.512741666580211,-0.461311450202006,65
1,4,0.844033809809047,0.816886129368326,65
2,4,0.661998165590386,0.459898923197902,65
4,4,0.648380990642796,0.476103766301746,65
3,4,0.586795454621106,0.720572635201775,65
5,4,0.485970278748477,0.29576650062788,65
1,5,0.848596867296143,0.724139507615049,65
2,5,0.659454067741142,0.32201781002088,65
4,5,0.664373964298813,0.619910468079947,65
3,5,0.632286935353862,0.382489863389433,65
5,5,0.505398970842119,0.037705567503924,65
1,6,0.849373938042756,0.724051564509704,65
2,6,0.712048054093595,0.618851157851577,65
4,6,0.604670009477631,0.504204640106676,65
3,6,0.608725343285111,0.4112237378104,65
5,6,0.475640908244204,0.587100261040839,65
1,7,0.844046275350436,0.82730423831969,65
2,7,0.648245571092253,0.319105723819755,65
4,7,0.673446914732894,0.628750620562046,65
3,7,0.613663774713467,0.24425891394416,65
5,7,0.487264291251392,0.327376270221323,65
1,8,0.844729382072477,0.802263017694426,65
2,8,0.670649549504574,0.574907100990471,65
4,8,0.656874921391016,0.190965111849594,65
3,8,0.600966516024372,0.261225977606221,65
5,8,0.488005524329319,0.146980458694545,65
1,9,0.842596538034695,0.877126020807967,65
2,9,0.687818056564862,0.708537970892404,65
4,9,0.608349192916423,0.707505119484745,65
3,9,0.596912167753095,0.586047569542778,65
5,9,0.48740049741661,0.142020310713238,65
1,10,0.8453728345481,0.799377882897378,65
2,10,0.661027661275082,0.453250126901977,65
4,10,0.636083103804025,0.687006439055509,65
3,10,0.616756367675496,0.166817567443493,65
5,10,0.464996404751621,0.412823605681621,65
1,11,0.838453984012862,0.905642853034472,65
2,11,0.678503451930936,0.665879288033663,65
4,11,0.641774650162656,0.119156148514639,65
3,11,0.605181302934033,0.565248105029605,65
5,11,0.493969715164353,-0.269689803375525,65
1,12,0.841876690452857,0.856878390732217,65
2,12,0.704656816056717,0.261890370869529,65
4,12,0.62241183283612,0.468855140653941,65
3,12,0.60169662126841,0.400688105953847,65
5,12,0.485600524998969,0.346230900079353,65
1,13,0.845942199215009,0.774324953597287,65
2,13,0.662606406023239,0.490932233485688,65
4,13,0.637871588603322,0.736281560185357,65
3,13,0.625122459085693,-0.0310556397633012,65
5,13,0.494225983313507,-0.130852387381217,65
1,14,0.855976633753534,0.649509138975751,65
2,14,0.681470653590294,0.388437747668073,65
4,14,0.646784669904121,0.339356413381787,65
3,14,0.590241646951043,0.645266409768899,65
5,14,0.470953995471723,0.438980020770933,65
1,15,0.841781135851699,0.880691911475733,65
2,15,0.642167673046212,0.509133721541438,65
4,15,0.68746665261902,0.35468464990226,65
3,15,0.6007649537351,0.785389758854929,65
5,15,0.47818509461484,0.25641128658934,65
1,1,0.887059140167713,0.770691431268588,66
2,1,0.758915119589767,0.332868204698682,66
3,1,0.671035140251197,0.654055492540173,66
4,1,0.631495090343018,0.515302729277493,66
5,1,0.535010971740088,-0.137278554281162,66
1,2,0.888599633322594,0.728110124819431,66
2,2,0.75936941835357,0.360182369160979,66
3,2,0.679691926740945,0.800584608312554,66
4,2,0.633877278553548,0.50994713542401,66
5,2,0.523780538215362,0.488029352851971,66
1,3,0.882128207164679,0.865587396535902,66
2,3,0.739864788082222,0.77064004095112,66
3,3,0.712434140179449,0.359763757412082,66
4,3,0.641194854546947,0.242667895062721,66
5,3,0.525336538517729,0.789617422280894,66
1,4,0.884994790310073,0.873624804022461,66
2,4,0.780369360696763,0.0542764030958571,66
3,4,0.698227756711896,0.294528136965737,66
4,4,0.631868434377928,0.605327186469835,66
5,4,0.536357399062786,0.362646551296057,66
1,5,0.894347739103405,0.627412009450451,66
2,5,0.75783450251844,0.503218439299743,66
3,5,0.684440254385901,0.581315427036796,66
4,5,0.615392462997378,0.611464559886566,66
5,5,0.536653034820391,0.427899130110337,66
1,6,0.890217738635349,0.689697115768859,66
2,6,0.747044034531842,0.802710811254202,66
3,6,0.680975115175865,0.61276305075735,66
4,6,0.636451554267236,0.464733969741369,66
5,6,0.522908236343371,0.456984551393636,66
1,7,0.878102871798692,0.930502194984043,66
2,7,0.741124258517566,0.786159414421261,66
3,7,0.703421036477622,0.364097739363202,66
4,7,0.623169674091,0.269048002885627,66
5,7,0.534205081675,0.30072259655553,66
1,8,0.882600738445166,0.81606081198456,66
2,8,0.740712693217039,0.70259708729051,66
3,8,0.68249433432039,0.566123837322763,66
4,8,0.624314120262367,0.362978019473658,66
5,8,0.580073143454769,-0.374713662147126,66
1,9,0.879415938126174,0.901024117761247,66
2,9,0.748953878562252,0.289943679846734,66
3,9,0.707239873927243,0.418413514151466,66
4,9,0.629023271803361,0.602517393300515,66
5,9,0.526835550824206,0.486361463151694,66
1,10,0.888187887458766,0.66016687736202,66
2,10,0.762395791170698,0.628423345944621,66
3,10,0.685321240532012,0.514644139665411,66
4,10,0.635512448203468,0.553058676290709,66
5,10,0.533840171226578,0.32525389523174,66
1,11,0.884400597377464,0.838886603491707,66
2,11,0.757170678946371,0.294349268065606,66
3,11,0.699049790667899,0.506327432378723,66
4,11,0.664604002412089,0.205659628414509,66
5,11,0.578897789628937,-0.15899864988437,66
1,12,0.887465674616069,0.814327305203024,66
2,12,0.76777488090751,0.457146997680751,66
3,12,0.697305324582888,0.182018596829331,66
4,12,0.638927964737187,0.245466600958137,66
5,12,0.528716019519109,0.429589067394699,66
1,13,0.882249374044669,0.892274763676369,66
2,13,0.756338067334675,0.536831012376359,66
3,13,0.689912931530412,0.375528401868586,66
4,13,0.645698481082424,0.113302569006902,66
5,13,0.537612466185051,0.33006992539349,66
1,14,0.879403111042689,0.917710040189491,66
2,14,0.749499372378421,0.664497374593711,66
3,14,0.685884487320133,0.626155885549455,66
4,14,0.64345761876207,0.00189022590619604,66
5,14,0.532907450537785,0.261353929150495,66
1,15,0.885466365737982,0.842354504967358,66
2,15,0.745868314314804,0.836952060197507,66
3,15,0.689952137305145,0.596097630870981,66
4,15,0.632889222593567,0.345857695974296,66
5,15,0.535641186154086,0.430823823626186,66
1,1,0.864210525988054,0.907496040019565,67
3,1,0.685941028088912,0.572713334816649,67
2,1,0.583724089485776,0.664272134514274,67
4,1,0.577388246316572,0.326644207643373,67
5,1,0.528758800256225,0.533789323972324,67
1,2,0.875565808758761,0.686853132110718,67
3,2,0.68405328632994,0.387219224714911,67
2,2,0.632460091387874,0.365008571879459,67
4,2,0.564127735082547,0.314931717769031,67
5,2,0.517961705932103,0.494370682822777,67
1,3,0.862265150284426,0.929450990898874,67
3,3,0.666029327578329,0.566574682364968,67
2,3,0.602832509249064,0.0706841760838514,67
4,3,0.564621160652916,0.5517007389644,67
5,3,0.538486935101429,0.352114409413566,67
1,4,0.862959991860338,0.844975244476443,67
3,4,0.68108428720766,-0.216118854606011,67
2,4,0.588892261054867,0.803435508004055,67
4,4,0.569087990621506,0.216176755641051,67
5,4,0.551195286952112,0.0744858097701327,67
1,5,0.864520114006945,0.797466611459521,67
3,5,0.656955277323341,0.323877740134592,67
2,5,0.6322809757293,0.241872325089147,67
4,5,0.559856388359482,0.485423920230203,67
5,5,0.520484501393648,0.469681266702678,67
1,6,0.858678230405121,0.903550817726802,67
3,6,0.634140688668765,0.404308349803606,67
2,6,0.647123224328033,0.343350451145919,67
4,6,0.581089201961931,0.225389043240138,67
5,6,0.545180607102084,0.221669495170591,67
1,7,0.871577407099099,0.705782758036759,67
3,7,0.650472343484438,0.608616065422849,67
2,7,0.609596132144419,0.492160057003803,67
4,7,0.580295908361903,-0.170950267600943,67
5,7,0.52837262417295,0.356341425117382,67
1,8,0.863688168933409,0.888006024146346,67
3,8,0.657343561127157,0.667260692047668,67
2,8,0.608042463208952,0.486191151798188,67
4,8,0.559229981385784,0.617225588032969,67
5,8,0.530781668375974,0.352275493888769,67
1,9,0.865138322697815,0.835729623077766,67
3,9,0.700108296688351,0.468431272075023,67
2,9,0.589483249831717,0.250745959350774,67
4,9,0.555461037926033,0.6373673095165,67
5,9,0.553443387222553,0.265209122849392,67
1,10,0.865806423078615,0.833023999081218,67
3,10,0.685460931979418,0.136221182314449,67
2,10,0.610048343283527,0.27726254285921,67
4,10,0.588769784285315,0.13739098066217,67
5,10,0.527704788953709,0.465613915186617,67
1,11,0.858770615936811,0.906753294766886,67
3,11,0.671642211380927,-0.101094579296141,67
2,11,0.607070096729996,0.417636960109804,67
4,11,0.575183202949361,0.312902247594581,67
5,11,0.547097579167539,0.0557144804379023,67
1,12,0.869252014119756,0.758851671542112,67
3,12,0.678593220983263,0.518650645744634,67
2,12,0.552973186322391,0.683720756628008,67
4,12,0.568130758590898,0.572379236425951,67
5,12,0.536745583702787,0.501463791393863,67
1,13,0.867934709173809,0.791624942976283,67
3,13,0.64954455567151,0.167093594372299,67
2,13,0.64614527072512,0.324142969271966,67
4,13,0.580860626623964,0.208362899988967,67
5,13,0.541862909022105,0.305280049015047,67
1,14,0.865943378139039,0.856008713191426,67
3,14,0.649126054916784,0.611361317450597,67
2,14,0.601551991993559,0.320575278018836,67
4,14,0.563747145779558,0.468781839215458,67
5,14,0.552152165290863,0.0817716397389315,67
1,15,0.866318299158361,0.778794390197828,67
3,15,0.684744504850357,0.30538424849508,67
2,15,0.602767009210832,-0.11004126774752,67
4,15,0.577054568376586,0.216758600312695,67
5,15,0.555829771419106,0.096766144532266,67
1,1,0.826594533831166,0.758120922959524,68
3,1,0.662958735501439,0.501856886775716,68
2,1,0.668247537191153,0.489317065932403,68
5,1,0.609968980957761,0.296564294893529,68
4,1,0.587712303310124,0.471397989843888,68
1,2,0.825966041371673,0.791556222128228,68
3,2,0.662851100793582,0.475159459952941,68
2,2,0.65051239250404,0.558531865598536,68
5,2,0.609906766861334,0.394347301693429,68
4,2,0.547107213541919,0.875081054258407,68
1,3,0.821156182184533,0.839160861993409,68
3,3,0.669123293141631,0.397340131994406,68
2,3,0.683134040466644,0.35088343670777,68
5,3,0.610130442214257,0.313750121009238,68
4,3,0.565169825669713,0.310744091128476,68
1,4,0.825164329019508,0.714867361918862,68
3,4,0.681801570195886,0.424655630423382,68
2,4,0.664445785174132,0.422362970130762,68
5,4,0.594173922616523,0.562283037902096,68
4,4,0.579894101985907,0.0610608422740563,68
1,5,0.827425332697802,0.696751339672976,68
3,5,0.646386833737287,0.818607365129653,68
2,5,0.655571672425118,0.632910122442646,68
5,5,0.596349247212188,0.297875774115991,68
4,5,0.574238597899616,0.469348513828312,68
1,6,0.830258705210801,0.650716480775707,68
3,6,0.665357892924819,-0.192941628590478,68
2,6,0.69099549844281,0.201688867430583,68
5,6,0.590269348375654,-0.031603012246109,68
4,6,0.572998792548821,0.272951660153219,68
1,7,0.823342585209242,0.797778819584201,68
3,7,0.674814165808961,0.450335342722589,68
2,7,0.637519268267286,0.618365356541598,68
5,7,0.583899440644201,0.794745028598482,68
4,7,0.560894551325475,0.409066427962406,68
1,8,0.818930036948832,0.915024391001266,68
3,8,0.646934216126957,0.75059046117091,68
2,8,0.655523840601924,0.352334490416801,68
5,8,0.599405402450402,0.222495246434588,68
4,8,0.551735853365829,0.548180223316725,68
1,9,0.821076992487656,0.812423804793564,68
3,9,0.669740317947335,0.538830824859299,68
2,9,0.641957388068076,0.701391217770155,68
5,9,0.587790166184884,0.47534709448245,68
4,9,0.547927527814988,0.673373610623256,68
1,10,0.837585109201837,0.58259614857618,68
3,10,0.67084675136433,0.397550343817472,68
2,10,0.648696368736874,0.706600652270027,68
5,10,0.593687790273262,0.40430069650439,68
4,10,0.576613746735856,-0.0235999827980591,68
1,11,0.831105252648704,0.725806427033947,68
3,11,0.683341337412083,0.447707340667004,68
2,11,0.654812143040757,0.471508095613539,68
5,11,0.60240560340244,0.489789615332234,68
4,11,0.571062048175994,0.379083131461756,68
1,12,0.822166325991245,0.827505092920629,68
3,12,0.661968847187797,0.397971622683002,68
2,12,0.681580436262581,0.1916428674561,68
5,12,0.579386028880146,0.442469624538227,68
4,12,0.569554604623849,0.547900769290975,68
1,13,0.822939799139202,0.849084918097958,68
3,13,0.660177737323379,0.45374879981296,68
2,13,0.663385338442564,0.436269083158455,68
5,13,0.605976604653741,0.425159346742402,68
4,13,0.576542625120619,0.187382672777398,68
1,14,0.833330003005727,0.476894368095409,68
3,14,0.685005171871668,0.480721947422802,68
2,14,0.651776929742418,0.391105167649686,68
5,14,0.614737636950693,0.417939307228084,68
4,14,0.552113678905081,0.729065428345489,68
1,15,0.827079585718721,0.768639776644745,68
3,15,0.678868881835389,0.546710314142163,68
2,15,0.652594467900853,0.378578023589798,68
5,15,0.607973690781117,0.258328852310665,68
4,15,0.56951997797646,0.564318240996967,68
1,1,0.83667787415408,0.850373633085112,69
2,1,0.766868158186887,-0.0479580857409703,69
3,1,0.609390827964668,0.309154121970188,69
4,1,0.562737806696447,0.560470608257134,69
5,1,0.532014472790364,-0.11549340555937,69
1,2,0.845344938359976,0.666036622081447,69
2,2,0.727290989494941,0.601148739288592,69
3,2,0.624661980988712,0.247161669921343,69
4,2,0.585191535990587,0.481500527435248,69
5,2,0.521472074623067,0.363287790661483,69
1,3,0.84272784552667,0.757005036956389,69
2,3,0.743616638528202,0.392685202799235,69
3,3,0.611767702807163,0.583897080672203,69
4,3,0.598238832173677,-0.247737559148877,69
5,3,0.523460198760928,0.407712324383804,69
1,4,0.840156651946363,0.779925075580436,69
2,4,0.727420048312781,0.629605334521668,69
3,4,0.604834817824746,0.575751288288931,69
4,4,0.589156530517017,-0.0372485964116822,69
5,4,0.52295378261145,0.335192145070894,69
1,5,0.841560583223975,0.7605376511868,69
2,5,0.72057744731925,0.399174156009603,69
3,5,0.606499834214338,0.499321450626327,69
4,5,0.583746015375627,0.455545720084694,69
5,5,0.522299453366814,0.214473168690779,69
1,6,0.839285787167158,0.803827058821142,69
2,6,0.736307014514159,0.344568221088239,69
3,6,0.618132153570161,0.509770784975864,69
4,6,0.561663901943424,0.648705953596487,69
5,6,0.540024557939172,0.0852508660174218,69
1,7,0.842679015230401,0.763479090517213,69
2,7,0.716981154481608,0.467345959376694,69
3,7,0.610749556753404,0.658344972698341,69
4,7,0.570837470190069,0.39571731035076,69
5,7,0.528275187260689,0.28339903596019,69
1,8,0.840584800983967,0.837231539510684,69
2,8,0.730766557629486,0.646412542851164,69
3,8,0.621489762918463,0.333976323691286,69
4,8,0.598661625172468,0.08151729837818,69
5,8,0.538151989783315,0.295309674999482,69
1,9,0.838474015007886,0.790497733538568,69
2,9,0.731207950715456,0.410012599960344,69
3,9,0.635161420442955,0.32999644095566,69
4,9,0.562841552306779,0.531486829287513,69
5,9,0.519899306386255,0.573877793356264,69
1,10,0.842679378626517,0.715236854992845,69
2,10,0.726044315926792,0.597822243226528,69
3,10,0.616845878229808,0.480212076687397,69
4,10,0.581954018933557,0.515948982645588,69
5,10,0.548413591346948,-0.0502767356390682,69
1,11,0.836413394598031,0.902144015484877,69
2,11,0.723520699787983,0.839024569170994,69
3,11,0.630320366621803,0.406520859774934,69
4,11,0.602392873962698,-0.0299432032345591,69
5,11,0.53974656184141,0.144196928843128,69
1,12,0.839370748030856,0.806329340041247,69
2,12,0.7187061142514,0.306474102470694,69
3,12,0.640050787056577,-0.318650533582684,69
4,12,0.58075133098407,0.356744826603616,69
5,12,0.518149607057586,0.154534931160943,69
1,13,0.845076846467407,0.590794798484003,69
2,13,0.716961995540157,0.836693641474897,69
3,13,0.632140298358132,0.302268502924822,69
4,13,0.568115373485946,0.763472671794514,69
5,13,0.516823824932541,0.252167285149262,69
1,14,0.840314082793207,0.811629784682603,69
2,14,0.730749317214004,0.538659473883289,69
3,14,0.614023423071522,0.739610129998273,69
4,14,0.593835481760677,-0.666553257448585,69
5,14,0.527191446765351,0.245808052159728,69
1,15,0.836105401302777,0.802556559051745,69
2,15,0.715996077228796,0.346038605704567,69
3,15,0.621822027999256,0.580567173619057,69
4,15,0.57619871480425,0.494648245285614,69
5,15,0.532694090074295,0.315681753767626,69
1,1,0.837410588473352,0.714745222475785,70
2,1,0.624848110039709,0.590730809606814,70
3,1,0.637857647469457,0.571441697481086,70
4,1,0.563511881973333,0.523287449243925,70
5,1,0.499861202972309,0.507253874218264,70
1,2,0.831531301939011,0.748463110714158,70
2,2,0.617228090017111,0.765993906058308,70
3,2,0.636442116761621,0.599458848208066,70
4,2,0.533166904466111,0.699516703616447,70
5,2,0.494609412228545,0.190853747162648,70
1,3,0.831825083844558,0.776316788656204,70
2,3,0.609398663041267,0.6632642290193,70
3,3,0.626875213923957,0.587908761525103,70
4,3,0.602864906465216,0.566147612832102,70
5,3,0.519366953879652,0.04821901584987,70
1,4,0.829638129300538,0.869402819188505,70
2,4,0.618001989673856,0.584408960773195,70
3,4,0.646355702392079,0.456552179337886,70
4,4,0.564375776905658,0.365795641860801,70
5,4,0.517147830923945,0.0643027335122039,70
1,5,0.841758323415916,0.715329091201677,70
2,5,0.617878339166615,0.459435174028083,70
3,5,0.64103773756543,0.618885832924856,70
4,5,0.589559774820407,0.565199948653816,70
5,5,0.495730325014082,0.531853013793611,70
1,6,0.835329413251452,0.747637282631452,70
2,6,0.640485702271233,0.232159092898119,70
3,6,0.596329761694632,0.68472536894079,70
4,6,0.546694447300986,0.882321674264841,70
5,6,0.533545283951619,0.349022558669951,70
1,7,0.829364706349954,0.899157625510494,70
2,7,0.641906368923412,0.415648503898007,70
3,7,0.610071193369793,0.462787298198171,70
4,7,0.539689397914604,0.741522092781877,70
5,7,0.525107503825748,-0.241545016684398,70
1,8,0.836163547140969,0.769091743115742,70
2,8,0.611234564037113,0.60565328707266,70
3,8,0.653561873491461,0.280203866006378,70
4,8,0.547322886721172,0.46270524995711,70
5,8,0.513269756811141,0.366798832637619,70
1,9,0.828128326798885,0.92117801930661,70
2,9,0.63476994809014,0.456919864364367,70
3,9,0.618192193676386,0.63233433447945,70
4,9,0.573153399224083,0.483215322017016,70
5,9,0.485849654157054,0.715423027643252,70
1,10,0.826112408263118,0.902538515156286,70
2,10,0.602485946852462,0.63041778773599,70
3,10,0.660465730685598,0.403657044646846,70
4,10,0.576573778271625,-0.0848661237764915,70
5,10,0.505030588724393,0.526443413582644,70
1,11,0.823756451092398,0.958244472876164,70
2,11,0.612251168960479,0.507751703508932,70
3,11,0.63657405066956,0.630385383640331,70
4,11,0.56871786392902,0.514873936866286,70
5,11,0.539093495374183,0.25572048301663,70
1,12,0.843852271009763,0.703023961207588,70
2,12,0.609482015125357,0.597013117313262,70
3,12,0.664829634477157,0.218565346752366,70
4,12,0.567636462028923,0.368795184676751,70
5,12,0.496199613188267,0.517533719909217,70
1,13,0.827738176451004,0.904281227947722,70
2,13,0.621066462256973,0.310299136359371,70
3,13,0.639465065139577,0.484110735872868,70
4,13,0.566739073210532,0.115483461235985,70
5,13,0.543488339609616,0.684403612210886,70
1,14,0.835391610230271,0.777468686913824,70
2,14,0.62130220799177,0.453759579518229,70
3,14,0.662484645734653,-0.09350963222006,70
4,14,0.579259474585109,0.442023153021705,70
5,14,0.517048361602082,-0.113285808238363,70
1,15,0.833217748594208,0.813911536215904,70
2,15,0.621776284162475,0.361909221991953,70
3,15,0.65577253904926,0.489616576133744,70
4,15,0.588409342654372,0.235463831336893,70
5,15,0.518174750091366,0.256048167531513,70
1,1,0.874568971330176,0.767681323353805,71
2,1,0.767233718738364,0.431669498839495,71
3,1,0.669440162522529,0.511999488404738,71
4,1,0.643636934416941,0.466506761638608,71
5,1,0.550481555875197,0.343006299853693,71
1,2,0.86484640740864,0.903197756601695,71
2,2,0.755220380318096,0.559825633331009,71
3,2,0.687536228874495,0.259118835600903,71
4,2,0.642781704244882,0.614265964782113,71
5,2,0.548898923320121,0.275101150205246,71
1,3,0.87073062302265,0.779008544904578,71
2,3,0.757206727053422,0.630753056601368,71
3,3,0.679452588117059,0.424283776179363,71
4,3,0.654003632530882,0.334220307879109,71
5,3,0.555360768146641,0.273960423308272,71
1,4,0.863779593891342,0.902999442305404,71
2,4,0.753323516349669,0.632782162379642,71
3,4,0.682662850075618,0.311867367215259,71
4,4,0.666983846367911,0.121242953605311,71
5,4,0.562374881055876,-0.151309653243188,71
1,5,0.87305132570027,0.832658115495277,71
2,5,0.76867595798851,0.483804160259502,71
3,5,0.669291168667234,0.374070924319851,71
4,5,0.649618164912706,0.545561915027851,71
5,5,0.527169627798871,0.676322969085634,71
1,6,0.86610141323968,0.911771431350977,71
2,6,0.76623251915296,0.338833507939206,71
3,6,0.66045576401404,0.738056437941564,71
4,6,0.660076492626677,0.32114278571158,71
5,6,0.562089765436651,0.375408263164947,71
1,7,0.871130167962585,0.693320866607526,71
2,7,0.726298568830898,0.833260786959747,71
3,7,0.666503546157916,0.438780303736311,71
4,7,0.624752899225704,0.809651732764867,71
5,7,0.55959215794158,0.44894484669361,71
1,8,0.870671009876956,0.809737923803889,71
2,8,0.752375572307452,0.804009642588928,71
3,8,0.670861494481782,0.214182967173283,71
4,8,0.646289597051947,0.635853147599045,71
5,8,0.565017283892951,-0.16475827707792,71
1,9,0.87064109892101,0.757946458091365,71
2,9,0.758176233128936,0.593921678847755,71
3,9,0.688157338612934,0.495841392337525,71
4,9,0.665194500116088,-0.0193983796145354,71
5,9,0.553274697404499,0.427056518743324,71
1,10,0.869546713344681,0.74516610934279,71
2,10,0.752679051569874,0.726354082167142,71
3,10,0.664179946976144,0.621903287076323,71
4,10,0.649323484598808,0.484464695402051,71
5,10,0.533539407786464,0.652531999346652,71
1,11,0.857231321120328,0.951931562629967,71
2,11,0.749746989034956,0.724855022608844,71
3,11,0.674997613274942,0.526760970723864,71
4,11,0.652598288083694,0.564906533463131,71
5,11,0.56135027535935,-0.0307780056692455,71
1,12,0.869326571159631,0.817174391269026,71
2,12,0.752983221848341,0.706649965113188,71
3,12,0.686060562234533,0.312165335309221,71
4,12,0.662218727619272,0.0392194214425435,71
5,12,0.548354152177788,0.329320957381345,71
1,13,0.870616863565934,0.741012784262812,71
2,13,0.764710894001989,0.572478827009972,71
3,13,0.657388276538015,0.615722265201466,71
4,13,0.644563489957187,0.546966277826364,71
5,13,0.54390577537023,0.423736230977058,71
1,14,0.87531952438582,0.694219201969223,71
2,14,0.762082401881422,0.621209734614529,71
3,14,0.685326190212529,0.254560018749604,71
4,14,0.641475873094132,0.676950448918195,71
5,14,0.562578082654151,0.113044245199639,71
1,15,0.87056365864836,0.830270867438969,71
2,15,0.757763881887883,0.397301405152186,71
3,15,0.674066825253175,0.289831111006918,71
4,15,0.672384133739451,0.176483103225922,71
5,15,0.571494988938738,-0.0737812375776016,71
1,1,0.83336951003028,0.512178823284733,72
4,1,0.665776660538481,-0.062880048296628,72
2,1,0.688922571603416,0.761501142574608,72
5,1,0.580091474321899,0.590138992664754,72
3,1,0.545677734986656,0.285061026035413,72
1,2,0.801715501546834,0.879349213826212,72
4,2,0.702867428436989,0.664267154791428,72
2,2,0.651227637869052,0.547348199457693,72
5,2,0.560488449571584,0.27528975929267,72
3,2,0.548997145594084,0.28597378042009,72
1,3,0.823698798053145,0.686608673332622,72
4,3,0.677993880140064,0.421746687194895,72
2,3,0.698061609126557,0.68022194213231,72
5,3,0.558447795529762,0.291414376000911,72
3,3,0.562997151019162,0.553191811154866,72
1,4,0.839030326178194,0.444035415539267,72
4,4,0.720217827012515,0.542195644907667,72
2,4,0.663073661194364,0.726099197906932,72
5,4,0.553841975775528,0.355067342753952,72
3,4,0.570252423621252,0.445820511984429,72
1,5,0.819475269862483,0.676468117895554,72
4,5,0.703718708568738,0.153121282941313,72
2,5,0.674411310470814,0.490631445263383,72
5,5,0.575082918167687,0.127370879563042,72
3,5,0.546953334742459,0.425088083089038,72
1,6,0.813960354987335,0.834349776356235,72
4,6,0.702442233142352,0.397558313559015,72
2,6,0.653257324949695,0.60816362783932,72
5,6,0.567856582341016,0.130178209497028,72
3,6,0.569032387996772,0.198721621182845,72
1,7,0.823006794693194,0.622879063388611,72
4,7,0.655224572448226,0.382529853937567,72
2,7,0.708885847036051,0.699969079837906,72
5,7,0.576894224857769,0.217253323449757,72
3,7,0.554861270283946,0.315875806615814,72
1,8,0.807193239827175,0.908361492103888,72
4,8,0.725981200052401,0.284410788953262,72
2,8,0.617979109744853,0.710330482190737,72
5,8,0.573459935351852,0.603425184208215,72
3,8,0.513021475411662,0.832951670267831,72
1,9,0.814492966715,0.937649525468351,72
4,9,0.658659677930249,0.331332182200304,72
2,9,0.687400032974725,0.816205912213416,72
5,9,0.581673280523006,0.212446222617548,72
3,9,0.544135099333258,0.0529018315942251,72
1,10,0.82156341671798,0.781815694818781,72
4,10,0.708882467470621,0.410344444037907,72
2,10,0.647743171897344,0.493765792918466,72
5,10,0.569568856405441,0.34162197742341,72
3,10,0.54845012196736,0.593153494402223,72
1,11,0.81763685955291,0.889890708343329,72
4,11,0.652329429423035,0.534635643168146,72
2,11,0.694341591557156,0.699943729690655,72
5,11,0.575001371340292,-0.0681111229676067,72
3,11,0.559247404633481,0.352367498770558,72
1,12,0.816758890792481,0.782382933751308,72
4,12,0.639486019362114,0.644411531614484,72
2,12,0.692680126060448,0.795628451033208,72
5,12,0.591583744812817,0.274748516679084,72
3,12,0.549793680676005,0.45081418890801,72
1,13,0.815534850163293,0.869587750812103,72
4,13,0.688181054653264,0.751501033956997,72
2,13,0.658132948948347,0.666134802815353,72
5,13,0.577799807623716,0.134715756739455,72
3,13,0.538338631682187,0.500646939787944,72
1,14,0.815763669115245,0.811282932717202,72
4,14,0.670302948095556,0.0291607178407316,72
2,14,0.70090269115958,0.663391372009768,72
5,14,0.580597544063078,0.345722384202943,72
3,14,0.550578033075115,0.557450883074937,72
1,15,0.821415695201984,0.602564952440059,72
4,15,0.751504199147637,-0.0290150551979225,72
2,15,0.627771006210184,0.585184023990719,72
5,15,0.561872026389949,0.570658043384812,72
3,15,0.544194247439168,0.38319651746717,72
1,1,0.872370898399587,0.891314650932994,73
2,1,0.744646244080312,0.763019103524022,73
3,1,0.700581124866453,0.00721276289913849,73
4,1,0.632954809196997,0.538331912204949,73
5,1,0.594608050702588,0.579132624623044,73
1,2,0.868049743408285,0.923680420635236,73
2,2,0.709576757245687,0.628876061620477,73
3,2,0.711512070543464,0.509640787986691,73
4,2,0.637127402211635,0.51547067324324,73
5,2,0.602423109105005,0.156860348200638,73
1,3,0.873250093656928,0.784803934393414,73
2,3,0.772222146688933,0.0331766908102579,73
3,3,0.654623249787897,0.654388636335958,73
4,3,0.632449192430977,0.45916851341023,73
5,3,0.611373499541823,0.162811739563822,73
1,4,0.877399717825646,0.768144965112658,73
2,4,0.758593425654034,0.533357390074896,73
3,4,0.654472215135516,0.699897746480165,73
4,4,0.642386198954302,0.441433785213935,73
5,4,0.592011263088881,0.312660504441052,73
1,5,0.87544786731416,0.782644539078481,73
2,5,0.755168184662551,0.610455331277643,73
3,5,0.679799564283827,0.526628504546525,73
4,5,0.630849017254712,0.584018231954485,73
5,5,0.598401328398316,0.208508236332803,73
1,6,0.874669741900235,0.781617646035568,73
2,6,0.777489713260273,0.104781157227699,73
3,6,0.670643583358457,0.52916967438489,73
4,6,0.657294679436597,0.337582993287153,73
5,6,0.618312619297058,-0.0916449253129843,73
1,7,0.872802777765227,0.883735462352447,73
2,7,0.766143497597304,0.121252986150663,73
3,7,0.675815508990992,0.439892310017134,73
4,7,0.637430086896997,0.407318126294762,73
5,7,0.597163273123432,0.527618984632654,73
1,8,0.874405534994732,0.870740978407271,73
2,8,0.745382190244981,0.653326811568376,73
3,8,0.700416741640949,0.0267573133846862,73
4,8,0.614955609048555,0.74650021814077,73
5,8,0.589590693813291,0.413145568118517,73
1,9,0.875469371026442,0.814541924567321,73
2,9,0.752072716278362,0.465929426220769,73
3,9,0.671721088007765,0.532645342592785,73
4,9,0.623942660142214,0.530275516256645,73
5,9,0.595589811085482,0.503620496832287,73
1,10,0.870854534857726,0.891276092366705,73
2,10,0.755086749925577,0.664207370827225,73
3,10,0.672714812161911,0.616834279778056,73
4,10,0.647428540222121,0.474259415596247,73
5,10,0.597904404473693,0.267762332676472,73
1,11,0.87195829588995,0.82306804358375,73
2,11,0.752606886868139,0.303675061592189,73
3,11,0.669760122862877,0.605271491402567,73
4,11,0.641917357988893,0.370458736897658,73
5,11,0.598682177937842,-0.0588615315273414,73
1,12,0.88026134225165,0.726707869166448,73
2,12,0.761630358429559,0.537557220031609,73
3,12,0.691014399368416,-0.124170583348107,73
4,12,0.637764948568679,0.463747289480454,73
5,12,0.611968522593244,-0.213406350560937,73
1,13,0.874418287369802,0.799190727853786,73
2,13,0.741238980603333,0.821251803978837,73
3,13,0.674757481316246,0.570291310463032,73
4,13,0.621724489914732,0.401952479613539,73
5,13,0.581474679997454,0.448449447604325,73
1,14,0.868715096510211,0.910370769306348,73
2,14,0.7579465359381,0.489677309349535,73
3,14,0.671485760052823,0.645280843368169,73
4,14,0.651180558973255,0.152830383764917,73
5,14,0.575224950229321,0.690559135476067,73
1,15,0.872706402680141,0.830727392278479,73
2,15,0.737199510505803,0.711714232355126,73
3,15,0.667001580829491,0.698985008485887,73
4,15,0.63913899084886,0.362139374042386,73
5,15,0.589388963370899,0.466128727721427,73
1,1,0.863806433970248,0.737547878040758,74
4,1,0.739426750327078,0.361896112308543,74
3,1,0.654920957178692,0.725178477324981,74
2,1,0.637820028800298,0.686521841086403,74
5,1,0.577589319317125,0.121003597510207,74
1,2,0.864246437095673,0.761401672842696,74
4,2,0.721460000009861,0.378191602496205,74
3,2,0.677440907097355,0.705671097047585,74
2,2,0.650720716663695,0.412141812512195,74
5,2,0.555248947082403,0.404983364498776,74
1,3,0.861208271383659,0.839448607195326,74
4,3,0.751633836948566,0.31236418972934,74
3,3,0.650917589239395,0.591094007019477,74
2,3,0.659915352404308,0.44645063615573,74
5,3,0.554290986600863,0.599331639632548,74
1,4,0.859449532946935,0.782721382686475,74
4,4,0.739118520216614,0.65143982495186,74
3,4,0.68118666838049,0.388821676398443,74
2,4,0.643926483544798,0.576854247125282,74
5,4,0.575424067417639,0.221243328045903,74
1,5,0.870944525532103,0.583754986103663,74
4,5,0.735926896738011,0.642633758307441,74
3,5,0.663101469182498,0.58551882059852,74
2,5,0.643634155619093,0.540883608540817,74
5,5,0.548217954846436,0.720863832451129,74
1,6,0.855382167681327,0.906269574590478,74
4,6,0.740311671319744,0.462913264709542,74
3,6,0.666099528208504,0.539992486012763,74
2,6,0.645223690453794,0.441852342219449,74
5,6,0.570912745602568,0.087518686073349,74
1,7,0.856587643231297,0.891291085497558,74
4,7,0.738022423710486,0.477792705279525,74
3,7,0.677402543375883,0.0591338189677498,74
2,7,0.641602940727645,0.586943466601765,74
5,7,0.562295978202574,0.275832829294179,74
1,8,0.864335800036721,0.753777300720763,74
4,8,0.755232298350376,0.30348972047523,74
3,8,0.66222638076397,0.598236811295792,74
2,8,0.632736760721779,0.708270306842541,74
5,8,0.568987755836354,0.370052292780386,74
1,9,0.857411540972403,0.94165083316602,74
4,9,0.729632340213883,0.776135853772651,74
3,9,0.665901206395199,0.567974434718725,74
2,9,0.651045448942878,0.542922631152899,74
5,9,0.554180234497397,0.721611668309328,74
1,10,0.861039348850635,0.811848217636103,74
4,10,0.751974921798263,0.268650714416815,74
3,10,0.656853810321841,0.693824285526894,74
2,10,0.662779242842653,-0.0190210020846898,74
5,10,0.551803956645908,0.644776272169908,74
1,11,0.857340551182899,0.79685089516815,74
4,11,0.750647590288703,0.409297547054149,74
3,11,0.666532025498495,0.547745653313633,74
2,11,0.648140628754452,0.451069103778249,74
5,11,0.568779529724745,0.370158041308006,74
1,12,0.862439335756601,0.731237957518978,74
4,12,0.726723731970022,0.413608223923295,74
3,12,0.690246189000989,0.267554518507968,74
2,12,0.645989329432194,0.482119318192328,74
5,12,0.586370836416863,-0.111745775283591,74
1,13,0.861066585641132,0.536900391475397,74
4,13,0.718174780962191,0.450277613375563,74
3,13,0.687918369404188,0.640551997953957,74
2,13,0.645694988054026,0.814315895738131,74
5,13,0.560748695680868,0.499020622630764,74
1,14,0.855243326334286,0.860654677983771,74
4,14,0.750102926663634,0.353449715671732,74
3,14,0.673793595203896,0.169329688673887,74
2,14,0.637454918452793,0.689019195573593,74
5,14,0.56611119798011,0.291896396896263,74
1,15,0.862331703617963,0.723087728147012,74
4,15,0.743780846122362,0.395660955716386,74
3,15,0.669636717344213,0.226878316993145,74
2,15,0.649168722296043,0.513542124953581,74
5,15,0.583400461844378,-0.260007625292059,74
1,1,0.855778845197879,0.81042190738883,75
3,1,0.643748877710077,0.451473183358474,75
2,1,0.697920358034145,0.162181320438137,75
4,1,0.575983205789864,0.0725652014524494,75
5,1,0.523190459207563,0.0517491920400274,75
1,2,0.854106157257487,0.894810564248823,75
3,2,0.623535702970487,0.62469469960863,75
2,2,0.6666998559264,0.667683010009769,75
4,2,0.560556950790571,0.558245871186187,75
5,2,0.5108123511662,0.143732005222536,75
1,3,0.861983175167476,0.8105851032976,75
3,3,0.648725216592471,0.321287191114769,75
2,3,0.661718636920245,0.806647412816556,75
4,3,0.588874238619746,0.0666872427070721,75
5,3,0.495085283311799,0.316995545832891,75
1,4,0.8630422489895,0.753184844685556,75
3,4,0.668759080230758,0.26620487890691,75
2,4,0.66690737855993,0.686524785040935,75
4,4,0.57096030297076,0.425536976517014,75
5,4,0.520239271866898,0.154640486317691,75
1,5,0.857376846866131,0.891950641445618,75
3,5,0.63141875337625,0.662349449081251,75
2,5,0.662175865421749,0.678631770052952,75
4,5,0.587895652744165,0.0584856617590962,75
5,5,0.489623151185668,0.36198828664127,75
1,6,0.856956425794006,0.817405931925736,75
3,6,0.64443711554353,0.391040680671469,75
2,6,0.668027632888759,0.502034763472296,75
4,6,0.590229907170007,0.0943627679011903,75
5,6,0.512776849502581,0.18313148373873,75
1,7,0.856431458216778,0.86673752514207,75
3,7,0.638914452922262,0.581685985595867,75
2,7,0.678099423931215,0.412001311071895,75
4,7,0.57591822666368,0.278354091026124,75
5,7,0.513777858423117,-0.0216965714422131,75
1,8,0.864286071336872,0.67425095743248,75
3,8,0.641816635802297,0.733258090059647,75
2,8,0.681453681153627,0.367684665132218,75
4,8,0.552142691409757,0.590811375757859,75
5,8,0.517389461108061,-0.119865509193301,75
1,9,0.871969180663192,0.500690654164922,75
3,9,0.640445448051585,0.641193392169665,75
2,9,0.654494454893716,0.875966260674048,75
4,9,0.561807783811028,0.395332878879537,75
5,9,0.515606143006574,0.328131793311755,75
1,10,0.856215916662529,0.899922884500101,75
3,10,0.635652703037724,0.592214914240316,75
2,10,0.648703620223511,0.826484122610273,75
4,10,0.558049065855908,0.58003263020974,75
5,10,0.516326513398341,-0.144560641629635,75
1,11,0.854218876799079,0.885149764318222,75
3,11,0.642673538895962,0.482625983312734,75
2,11,0.677083237585848,0.381803395750866,75
4,11,0.561602927701571,0.410928908775802,75
5,11,0.502924770011721,0.28617693430726,75
1,12,0.861786640150573,0.798620040285021,75
3,12,0.64772286304054,0.688801392395979,75
2,12,0.671237021873096,0.646527889538163,75
4,12,0.562519704798087,0.544569839910165,75
5,12,0.497555388884427,0.562360968418471,75
1,13,0.854366158028634,0.93411711190891,75
3,13,0.650321842583626,0.249623688509036,75
2,13,0.6750458362473,0.548392737348632,75
4,13,0.546850420795487,0.735991534122097,75
5,13,0.508919903875088,0.20814637700759,75
1,14,0.857298684255376,0.826679388520997,75
3,14,0.65368842114429,0.423564274049703,75
2,14,0.668996427303676,0.578064549554851,75
4,14,0.567100885822852,0.664180519099781,75
5,14,0.523804476040232,0.338702833014494,75
1,15,0.857485459745666,0.822408950331604,75
3,15,0.641051695469276,0.464007172323034,75
2,15,0.682613361690894,0.302845662477509,75
4,15,0.566654954901136,0.364251491883546,75
5,15,0.491825787594568,0.571125201959719,75
1,1,0.85413707838676,0.569404084199901,76
2,1,0.751077685079264,0.22338126615943,76
4,1,0.676309141400241,-0.0487875877171286,76
5,1,0.606629489919916,-0.191212193733272,76
3,1,0.563921872336572,0.407308800778554,76
1,2,0.843369764584457,0.83641536413503,76
2,2,0.724557080581055,0.802635982668955,76
4,2,0.678696125398467,0.149313471402334,76
5,2,0.565146710660395,0.568938225493823,76
3,2,0.569773413488853,0.465881116624931,76
1,3,0.841386553756654,0.861762001247603,76
2,3,0.726084840098363,0.565574201080112,76
4,3,0.660521324022727,0.232149389685515,76
5,3,0.585170031033468,0.109355244374097,76
3,3,0.562347162337352,0.23072234020373,76
1,4,0.860188449494673,0.0739544425179479,76
2,4,0.7465842620867,-0.0263793037981858,76
4,4,0.653221349668383,0.489185788632344,76
5,4,0.557605861388829,0.427819989103548,76
3,4,0.579334471042005,0.612989233371909,76
1,5,0.841572817391578,0.777262462912152,76
2,5,0.717037566716612,0.752306784220804,76
4,5,0.655291917167547,0.2861273383033,76
5,5,0.62742697539581,-0.559290409239429,76
3,5,0.563201861577016,0.702727433397573,76
1,6,0.845670970782465,0.687226171021672,76
2,6,0.738618590052731,0.549388179211182,76
4,6,0.653207761758683,0.378788150156868,76
5,6,0.56042571002166,0.477623810229501,76
3,6,0.575059504019797,0.331915157615416,76
1,7,0.842496424695784,0.801147754166844,76
2,7,0.725335517302659,0.756535780711805,76
4,7,0.675860322195306,0.0443148867688128,76
5,7,0.571782641755871,0.153734047636989,76
3,7,0.575252439565166,0.522131624038069,76
1,8,0.846872198218728,0.787175359743394,76
2,8,0.744662333955312,0.0825358729515229,76
4,8,0.655044100199339,0.488283569189481,76
5,8,0.601418522568328,-0.291247766121599,76
3,8,0.568839963201299,0.608628593114838,76
1,9,0.838722026043044,0.89484953492915,76
2,9,0.722751507600776,0.763243064944871,76
4,9,0.663823675660933,0.704233370921633,76
5,9,0.604673776564365,-0.0094813435526398,76
3,9,0.56326239826908,0.455639965750237,76
1,10,0.850373890009781,0.720269465131743,76
2,10,0.733533971744566,0.324416636766837,76
4,10,0.648167061594341,0.303505251907617,76
5,10,0.578203467049547,0.59168782406736,76
3,10,0.575909302550796,0.686194270349742,76
1,11,0.837061667629342,0.873678403685251,76
2,11,0.727830579148693,0.635506173984196,76
4,11,0.647453225807064,0.478497637006448,76
5,11,0.577115441268811,0.0455505548514509,76
3,11,0.571677695694581,0.466125135111926,76
1,12,0.846531390954535,0.796968119369799,76
2,12,0.730700485101392,0.42473581705881,76
4,12,0.635322313937713,0.626364948038463,76
5,12,0.58060340888212,0.17457283084273,76
3,12,0.580661733515512,0.524667054107583,76
1,13,0.850138267763899,0.660935230737662,76
2,13,0.714194831168204,0.592286695935928,76
4,13,0.646029312951705,0.418899948311973,76
5,13,0.629301275290648,-0.106236030391531,76
3,13,0.587839827938368,0.31224153409272,76
1,14,0.85374969039901,0.510303680393107,76
2,14,0.740642283571353,0.583420663125502,76
4,14,0.635575458864646,0.29372087814153,76
5,14,0.601007609898203,0.163291749006078,76
3,14,0.573512596725436,0.594776510923828,76
1,15,0.839064271494275,0.86907469121601,76
2,15,0.711681443337055,0.885593872883977,76
4,15,0.6553481401753,0.310585607791461,76
5,15,0.588400313341313,0.214122374076298,76
3,15,0.56050681513375,0.428811014221286,76
1,1,0.865373188307904,0.824361311410413,77
2,1,0.68551364455933,0.482130670567184,77
4,1,0.638370499226805,0.599262198175456,77
3,1,0.572920130270975,0.495653840937527,77
5,1,0.561442563220573,0.249834866494666,77
1,2,0.86042197737986,0.905643394173424,77
2,2,0.688009960892929,0.204980108281621,77
4,2,0.617451679576998,0.57726634359802,77
3,2,0.588493005055672,0.677736930776774,77
5,2,0.534542854929983,0.67112408114562,77
1,3,0.87679865635957,0.704998852330366,77
2,3,0.688109455277393,0.385926565284855,77
4,3,0.62432538507519,0.643631111825649,77
3,3,0.6034515794098,0.570323917232492,77
5,3,0.553270291806661,0.136215534795146,77
1,4,0.857200822985361,0.879757510057118,77
2,4,0.67434535372036,0.660580159139867,77
4,4,0.636146293521726,0.47677924017343,77
3,4,0.583576216593612,0.509709310144375,77
5,4,0.558176572102203,0.496502886105695,77
1,5,0.869379239881906,0.743214431315182,77
2,5,0.668287701732517,0.824779458193775,77
4,5,0.613051932463568,0.560634342550982,77
3,5,0.613219432833781,0.574475756352929,77
5,5,0.538203289039813,0.672265930714785,77
1,6,0.875200137858481,0.702101914758199,77
2,6,0.693570935870234,0.618148470852216,77
4,6,0.626772884113912,0.378134323567089,77
3,6,0.598478735467103,0.575743715547235,77
5,6,0.546977812819105,0.233032774518242,77
1,7,0.864982849345074,0.891442983688082,77
2,7,0.652610281125551,0.625120837963085,77
4,7,0.610759882056219,0.678435800497694,77
3,7,0.611991320304149,0.193943447817063,77
5,7,0.568746330325658,0.282952234729679,77
1,8,0.866249394231007,0.841090374093414,77
2,8,0.678964593067646,0.470244248970947,77
4,8,0.655991583028809,0.0748104018534467,77
3,8,0.58528065986304,0.457766447426083,77
5,8,0.536948180767913,0.398898110434456,77
1,9,0.86474339186804,0.815255782856026,77
2,9,0.671399997717536,0.552598042026919,77
4,9,0.660037896395995,0.183870105652041,77
3,9,0.583428868844417,0.435899833745398,77
5,9,0.556101320312863,0.145536410999712,77
1,10,0.865431612022742,0.772059334644839,77
2,10,0.68436353864114,0.767871511515512,77
4,10,0.652522482834978,0.517594412259023,77
3,10,0.587285376797712,0.779550775775179,77
5,10,0.53716365266384,0.679943975056328,77
1,11,0.862097531211278,0.889147233122924,77
2,11,0.683439459554405,0.124415834290019,77
4,11,0.650867443090999,0.813250769615858,77
3,11,0.556590421219325,0.783950905363327,77
5,11,0.55266037688583,0.459410338723298,77
1,12,0.867908787721857,0.703798493851952,77
2,12,0.683597752279542,0.332464875516039,77
4,12,0.642841996718947,0.614199734109774,77
3,12,0.581648327418628,0.513068220195521,77
5,12,0.555603114968454,0.236175214190801,77
1,13,0.872091649930528,0.699771194603274,77
2,13,0.688076852934633,0.258164514402142,77
4,13,0.67587527316315,0.177670947593245,77
3,13,0.626670007291687,-0.0762308845947049,77
5,13,0.550387548865112,-0.270491502515821,77
1,14,0.861994807789375,0.899780759376118,77
2,14,0.686497029975664,0.576192499165989,77
4,14,0.644275169971577,0.495068319148617,77
3,14,0.58136577443967,0.452597644446604,77
5,14,0.557063874160862,0.146808931719712,77
1,15,0.860195452551812,0.907762932667052,77
2,15,0.684766458312681,0.495981450125964,77
4,15,0.63833339463385,-0.179757928841296,77
3,15,0.627610570761655,0.289341498898017,77
5,15,0.581562454380452,-0.192222560913655,77
1,1,0.796095515710592,0.863957359682218,78
2,1,0.741678049615182,0.410553531927765,78
3,1,0.634509085210627,0.215062974791873,78
5,1,0.558381119188727,0.351394356793969,78
4,1,0.522661397940395,0.328700438096872,78
1,2,0.806197787842401,0.792555234444655,78
2,2,0.744718856954239,0.109543779203465,78
3,2,0.615228549507812,0.464621340310124,78
5,2,0.566415754021894,0.270103536013222,78
4,2,0.527207191704951,0.334843117421175,78
1,3,0.81774702132309,0.571123783505491,78
2,3,0.707168017164599,0.532115039862276,78
3,3,0.585003812429896,0.742303779653179,78
5,3,0.570657890344549,0.219653231597823,78
4,3,0.531940491410763,0.57450386617741,78
1,4,0.802779525469859,0.768968969396785,78
2,4,0.74179797263335,0.71915810198446,78
3,4,0.622684842255244,0.581721461925846,78
5,4,0.532792083378443,0.451329840530271,78
4,4,0.547367119903857,0.584527432560025,78
1,5,0.808690973529878,0.632410396117134,78
2,5,0.736330756611314,0.644342998175798,78
3,5,0.630978807144133,0.231679301660125,78
5,5,0.534363911755291,0.263651321240153,78
4,5,0.514845927261519,0.427621812816441,78
1,6,0.796941941130592,0.912074047240652,78
2,6,0.732082227377865,0.700018145936039,78
3,6,0.621547003553158,0.645265138732893,78
5,6,0.547113361401401,0.359980509944375,78
4,6,0.543312863283086,0.388875139424326,78
1,7,0.810273298306741,0.498137969773789,78
2,7,0.739567941780807,0.725651044863265,78
3,7,0.621206067512954,0.326751428764805,78
5,7,0.540221527134028,0.635077729363016,78
4,7,0.568794810859286,-0.526723463581676,78
1,8,0.794357630819918,0.888124506355135,78
2,8,0.736482122168217,0.565262575983091,78
3,8,0.611594375816468,0.593251220526442,78
5,8,0.548409183226249,0.606029281511639,78
4,8,0.539535413037067,0.628128416569491,78
1,9,0.797091236129846,0.828530756910131,78
2,9,0.741375996667736,0.545996429261931,78
3,9,0.619583931411992,0.700866851396813,78
5,9,0.539808016669454,0.692502996485037,78
4,9,0.528846452622665,0.690826776712487,78
1,10,0.797229058706982,0.842970894401967,78
2,10,0.737266451575141,0.315545002132882,78
3,10,0.620456178368452,0.117541468782181,78
5,10,0.580592038150224,-0.455454792920347,78
4,10,0.550311639590463,0.258237163298914,78
1,11,0.797971215762456,0.784818131760356,78
2,11,0.735723241865611,0.65006624221537,78
3,11,0.589292631763852,0.723100693289741,78
5,11,0.533725017670498,0.555559473082795,78
4,11,0.556089609838706,0.438400528010047,78
1,12,0.797102925909656,0.866355721428584,78
2,12,0.730614258599833,0.237959205387618,78
3,12,0.643907955713517,-0.116885293241702,78
5,12,0.548604131391799,0.302623497416188,78
4,12,0.545800198513189,0.43592799225326,78
1,13,0.794036754874307,0.869820335055085,78
2,13,0.739785632350249,0.622644905936606,78
3,13,0.624291902988495,-0.0608143834722124,78
5,13,0.539378596904706,0.350764421503966,78
4,13,0.543776335749092,0.236809733288748,78
1,14,0.802946284162074,0.830353909676704,78
2,14,0.749016960789639,0.529819491938421,78
3,14,0.62644642606726,0.283850810617072,78
5,14,0.552407721654921,0.497720729565024,78
4,14,0.542397896558847,0.334191459670424,78
1,15,0.797388058892734,0.82324311703022,78
2,15,0.737151426312231,0.486433125051727,78
3,15,0.612116804750544,0.55249830323757,78
5,15,0.573699160439942,-0.00629028914577736,78
4,15,0.519448362414105,0.7562199597043,78
1,1,0.826840039408867,0.878220475031824,79
3,1,0.658745167969839,0.195006422378282,79
2,1,0.608982232229436,0.580426478456322,79
5,1,0.594587575358938,0.369490271342984,79
4,1,0.500064259300381,0.690075095419133,79
1,2,0.834097746189669,0.823864988619997,79
3,2,0.648375718757946,0.561529668096341,79
2,2,0.620629672797707,0.236991611609701,79
5,2,0.608407678113474,0.0998698283713052,79
4,2,0.526800673161113,0.310648700346983,79
1,3,0.841057019925753,0.789976064677866,79
3,3,0.65503839524562,0.297316465497362,79
2,3,0.604550808907293,0.696050579756952,79
5,3,0.606183146872831,0.0817284611556838,79
4,3,0.520429009066402,0.382497131540691,79
1,4,0.825252158839132,0.868090582820673,79
3,4,0.649779537020429,0.632149554976322,79
2,4,0.611016735401745,0.0373797217593318,79
5,4,0.599289908920914,-0.161973802379629,79
4,4,0.51832216224439,0.453352943825118,79
1,5,0.830617028392978,0.841077986994174,79
3,5,0.647775440739652,0.548187216661374,79
2,5,0.609364638524396,0.490784383173403,79
5,5,0.558340957883843,0.754719841960202,79
4,5,0.537552391423763,0.291540269659403,79
1,6,0.846756460221719,0.619773400638335,79
3,6,0.649024344250323,0.602428012084949,79
2,6,0.609275655266429,0.677372583486268,79
5,6,0.577413559566094,0.48133837299222,79
4,6,0.514464717788964,0.467979782916958,79
1,7,0.83610521769254,0.760898630757705,79
3,7,0.642940371590103,0.509460712870724,79
2,7,0.609536332594412,0.509673882727703,79
5,7,0.581061044195323,0.497486529967916,79
4,7,0.531418562214961,-0.116976708625012,79
1,8,0.84439622818033,0.535700794995471,79
3,8,0.631752140302728,0.639061168056606,79
2,8,0.625805168614791,0.154435444732184,79
5,8,0.589413182382883,0.22820834874673,79
4,8,0.524473291404693,0.293745213212183,79
1,9,0.842083861417249,0.606380854139531,79
3,9,0.67513450476818,0.197137337608202,79
2,9,0.595385881505006,0.577095589963458,79
5,9,0.567958605003941,0.364440752413983,79
4,9,0.536025946650702,0.332341056042292,79
1,10,0.829746744021699,0.797923944881391,79
3,10,0.641594900471483,0.514686567650819,79
2,10,0.616368856748443,0.534495257628442,79
5,10,0.590606995616043,0.0111277495640924,79
4,10,0.530839493374211,0.158548715772077,79
1,11,0.834426419012113,0.82605392625215,79
3,11,0.665307875016175,0.453871400151949,79
2,11,0.595891348026207,0.579403653583841,79
5,11,0.591603228569054,0.462013227607267,79
4,11,0.496914500673862,0.718008796826044,79
1,12,0.826996052902419,0.87133730302937,79
3,12,0.661570718179495,0.191725212290474,79
2,12,0.576708164417853,0.89976034223678,79
5,12,0.579908544716635,0.481109887132739,79
4,12,0.496650588260743,0.367394816184317,79
1,13,0.828253233890454,0.8804149698269,79
3,13,0.634587434467233,0.725057042162011,79
2,13,0.5987762845365,0.64601707528055,79
5,13,0.600371384826726,0.142206313079156,79
4,13,0.518279122987565,0.240328329838418,79
1,14,0.834114637493511,0.797352810349848,79
3,14,0.648633913755296,0.0146230607828862,79
2,14,0.612755353085689,0.5763299702856,79
5,14,0.59644545094912,0.0853622501968282,79
4,14,0.524025989797161,0.0886927478276986,79
1,15,0.845134910981903,0.639081193489676,79
3,15,0.643232987004029,0.623253096352103,79
2,15,0.665363142676741,-0.222725522372773,79
5,15,0.582784457900427,0.570735781636964,79
4,15,0.52673675603291,0.353763925327344,79
1,1,0.852065964855056,0.664808307748412,80
2,1,0.708745518895716,0.596751323632066,80
5,1,0.598491570175812,0.11287383438164,80
4,1,0.538318019675692,0.752088847108377,80
3,1,0.549042833665249,0.267184724208715,80
1,2,0.842761636225855,0.888684505383963,80
2,2,0.703357131127473,0.669968164681968,80
5,2,0.579281366466826,0.363138604612928,80
4,2,0.572006192623683,0.416514963405974,80
3,2,0.535122980854107,0.428892799560471,80
1,3,0.847846201036143,0.752901843032934,80
2,3,0.722668825714282,-0.119268038901274,80
5,3,0.575499818804457,0.465225774156316,80
4,3,0.573522209786597,0.0746092594751099,80
3,3,0.54146698779796,0.370219144444646,80
1,4,0.844926042884166,0.869351521043217,80
2,4,0.713306121521214,0.503747874171968,80
5,4,0.547159869322018,-0.0947479719152032,80
4,4,0.594242845441646,0.699916386387428,80
3,4,0.522734218658521,0.526744684866796,80
1,5,0.843273237743194,0.796413866555634,80
2,5,0.706549392431167,0.731765372385124,80
5,5,0.578098491842146,0.210880990980145,80
4,5,0.566294259541025,0.620824931558753,80
3,5,0.492645669834321,0.752618964749707,80
1,6,0.846912127320374,0.869229492009042,80
2,6,0.714863137905243,0.266343614447319,80
5,6,0.585109900020652,0.0049983186990259,80
4,6,0.590166424539037,-0.0319904091932447,80
3,6,0.543523698572302,0.260826584492599,80
1,7,0.848510619612725,0.771811264205677,80
2,7,0.709084470162771,0.665596943308225,80
5,7,0.598842815500859,0.141347427169087,80
4,7,0.57737857800193,0.345698180036676,80
3,7,0.534217166846686,0.208008130387671,80
1,8,0.83951687707318,0.912076687477809,80
2,8,0.711577293646398,0.617582730005814,80
5,8,0.570214230483701,0.391393680594078,80
4,8,0.582180493627083,0.221451628538454,80
3,8,0.526113308222871,0.372446666311534,80
1,9,0.851387345730098,0.674499886193495,80
2,9,0.714617464990447,0.442770084736614,80
5,9,0.600792950861341,0.317255028613777,80
4,9,0.537214948535987,0.564397468463827,80
3,9,0.557709884405065,-0.17727047765081,80
1,10,0.854868442729607,0.622244189525952,80
2,10,0.726851243126182,0.547183301683467,80
5,10,0.570524912908383,0.415846462665785,80
4,10,0.562234315679745,0.514172975608727,80
3,10,0.515231182159001,0.41576914819795,80
1,11,0.837628749882107,0.889367977665914,80
2,11,0.717416675483989,0.517503621729536,80
5,11,0.557837776945363,0.315646949608997,80
4,11,0.587471743267641,0.237673307899478,80
3,11,0.544813885680974,0.150804237181573,80
1,12,0.841797419290474,0.858998361812306,80
2,12,0.719544698461492,0.58593374360497,80
5,12,0.578596467290378,0.372954595245714,80
4,12,0.564085437039277,0.38137233903431,80
3,12,0.525896485662788,0.515489875501612,80
1,13,0.845755125282907,0.856158099007002,80
2,13,0.708536419035795,0.659860323025157,80
5,13,0.584817149093639,0.407649541365041,80
4,13,0.569837154066896,-0.18346673392029,80
3,13,0.534246519273068,0.352965431641061,80
1,14,0.859410825547719,0.541263735441967,80
2,14,0.71618361635023,0.770207513328042,80
5,14,0.59684656832111,0.206989981466383,80
4,14,0.564135217843011,0.390459268317582,80
3,14,0.542320779758102,0.355482703252835,80
1,15,0.841424203233106,0.860541519322776,80
2,15,0.71831080955288,0.758035989720259,80
5,15,0.591908245977156,0.166703374771629,80
4,15,0.578449476142877,-0.116322210883144,80
3,15,0.53678789954667,0.164074907633396,80
1,1,0.813797483507057,0.780114720567346,81
3,1,0.620548999827404,0.221282246312843,81
2,1,0.640988395307572,0.481973517477947,81
5,1,0.572430176952645,0.454170159845656,81
4,1,0.49515825577836,0.51013792890941,81
1,2,0.802892915502037,0.828882892701928,81
3,2,0.609093094445257,0.512266038507973,81
2,2,0.647587651319683,0.686744704382194,81
5,2,0.597534048860625,-0.00859190073792538,81
4,2,0.490400113306522,0.244642124696847,81
1,3,0.820598765978864,0.64801712542142,81
3,3,0.623881869557903,0.212500036215451,81
2,3,0.653512262277485,0.57745123305973,81
5,3,0.585420526769905,0.455806130281464,81
4,3,0.492393824707097,0.0806643703431497,81
1,4,0.816070445452809,0.721017441901849,81
3,4,0.612811585766525,0.41445941249987,81
2,4,0.656572452819454,0.489240345951216,81
5,4,0.56209329216422,0.272685382013175,81
4,4,0.493545286383208,0.628203485598753,81
1,5,0.812606371036174,0.826873018404291,81
3,5,0.604826310355037,0.643460838219428,81
2,5,0.652834343697921,-0.0816832255194156,81
5,5,0.581613894259394,0.209836211771326,81
4,5,0.501218673900208,0.18237556683337,81
1,6,0.818410971491177,0.563668659182673,81
3,6,0.606812653672575,0.579469682340786,81
2,6,0.650887414773401,0.432585218006085,81
5,6,0.598727364688154,-0.028875990561732,81
4,6,0.483821198200401,0.370091245079506,81
1,7,0.80509532183152,0.864452685258355,81
3,7,0.624348091061622,0.339756471687097,81
2,7,0.630649930891079,0.676512935709489,81
5,7,0.586260406987654,0.354254452592159,81
4,7,0.530119460631558,-0.137863999343687,81
1,8,0.809048507192884,0.775039024696427,81
3,8,0.610360645262838,0.59290194078693,81
2,8,0.645749438084582,0.527404045686435,81
5,8,0.573628210113354,0.72502472037482,81
4,8,0.476470942814515,0.430747838660463,81
1,9,0.80318265306788,0.892740026442311,81
3,9,0.60679426168832,0.575885040881122,81
2,9,0.633920317526002,0.666151024566252,81
5,9,0.557352345474315,0.453108532928902,81
4,9,0.488490433961328,0.457588437793885,81
1,10,0.814408342689487,0.665202444708286,81
3,10,0.611290877351525,0.718587515007347,81
2,10,0.6418101590422,0.700087285073559,81
5,10,0.583027103213584,0.224323915509826,81
4,10,0.470438554651114,0.505278591292974,81
1,11,0.807140175349255,0.799671979678816,81
3,11,0.591044645005031,0.575886988402776,81
2,11,0.659422965287552,0.567397146864883,81
5,11,0.5811927032891,0.344929957643793,81
4,11,0.491474416906069,0.210715014043148,81
1,12,0.80704667832466,0.828944326523462,81
3,12,0.63624925716172,0.181844330104316,81
2,12,0.621287256536735,0.856323643023593,81
5,12,0.583088691181382,0.291555803475389,81
4,12,0.499124631428879,0.335365496495262,81
1,13,0.809869446716906,0.80165880823387,81
3,13,0.613950072320807,0.161779873050878,81
2,13,0.631840469402488,0.712222374237231,81
5,13,0.586689397979478,0.320461597852961,81
4,13,0.487377327526666,0.531193107710791,81
1,14,0.803889038364047,0.896180161956901,81
3,14,0.622592016100918,0.526088814925276,81
2,14,0.623365556692823,0.641393628156462,81
5,14,0.591446371213012,0.319997265280964,81
4,14,0.487628531941462,0.373135026821859,81
1,15,0.809415679209641,0.817400398571191,81
3,15,0.602780383560095,0.57332412954917,81
2,15,0.661912270985766,0.114308586285843,81
5,15,0.595402841100573,-0.0394052848807121,81
4,15,0.486734359678939,0.677717483502369,81
1,1,0.870986968547467,0.715396828122852,82
4,1,0.714056285860625,0.746820399528177,82
2,1,0.681990180397766,0.599779432412674,82
3,1,0.614956509695747,0.645214392707341,82
5,1,0.560920161386642,0.114677585308876,82
1,2,0.867546075312618,0.749387017776659,82
4,2,0.732315641080095,0.100556546049885,82
2,2,0.684223666804555,0.416981670028221,82
3,2,0.632020535788781,0.411988411467501,82
5,2,0.533356318418348,0.218104138659688,82
1,3,0.857430760759643,0.90644441999445,82
4,3,0.719052830709484,0.587852289053799,82
2,3,0.690413600131572,0.464093432451537,82
3,3,0.638001300323332,0.177253727005026,82
5,3,0.533651117228925,0.247735017970588,82
1,4,0.860422683508129,0.864310659899425,82
4,4,0.727302865982275,0.131935724972503,82
2,4,0.702726590274445,0.504527673452451,82
3,4,0.634199793049418,0.529508190648111,82
5,4,0.531958488889417,0.233415909338515,82
1,5,0.862997468816877,0.822301463425391,82
4,5,0.726680940416779,0.518614147029298,82
2,5,0.690820498517738,0.149727882569263,82
3,5,0.628592544226016,0.442918300090319,82
5,5,0.525819514009381,0.400358625530754,82
1,6,0.864636544778036,0.825059334172538,82
4,6,0.731821929473551,-0.100064640778009,82
2,6,0.681057321089096,0.574329929398273,82
3,6,0.624449332083309,0.388153672078322,82
5,6,0.510491766469849,0.545889491355974,82
1,7,0.868832758787785,0.725523412066128,82
4,7,0.725742955652649,0.485658390483141,82
2,7,0.679352056065301,0.792520808188336,82
3,7,0.627297852503491,0.42685654019586,82
5,7,0.526004548693601,0.533022054187573,82
1,8,0.869705267035005,0.670600056275184,82
4,8,0.71953591872715,0.240390203666127,82
2,8,0.697104518339,0.504078853880585,82
3,8,0.62165557120764,0.393913069255609,82
5,8,0.507644385790819,0.237223350587786,82
1,9,0.869256486921388,0.701584581702718,82
4,9,0.715572135548334,0.583140582764432,82
2,9,0.685828412501244,0.0434133588234493,82
3,9,0.632603185139148,0.532837474016399,82
5,9,0.549411487964897,0.0501041330102602,82
1,10,0.87108997228024,0.713644278621173,82
4,10,0.727449507232526,0.249351608370554,82
2,10,0.71180057747596,0.339496415267987,82
3,10,0.606333384182079,0.624015299739095,82
5,10,0.533181078569217,0.25274494760998,82
1,11,0.855071220101175,0.94229650613477,82
4,11,0.704279586438166,0.631738421247606,82
2,11,0.691498483138259,0.606306929965308,82
3,11,0.610900366328243,0.429461670558636,82
5,11,0.542283626296565,0.0987381303609809,82
1,12,0.868480045974852,0.736006757214663,82
4,12,0.740603519450551,0.262111397459987,82
2,12,0.697484144495572,0.366146409934467,82
3,12,0.598504834918159,0.692151606685067,82
5,12,0.527311361816115,0.449033506442526,82
1,13,0.861966243460938,0.852899314910639,82
4,13,0.714342303758916,0.542911734501041,82
2,13,0.700251781896477,0.30081513284972,82
3,13,0.630523892487249,0.310046430242956,82
5,13,0.543893153972005,0.197917786924488,82
1,14,0.866383718000854,0.846070230853919,82
4,14,0.734189925305818,0.139234538324221,82
2,14,0.678539135319951,0.719447362153198,82
3,14,0.62780880640021,0.124250789092649,82
5,14,0.546279672444022,0.108203114977488,82
1,15,0.860140265735607,0.874093742690792,82
4,15,0.724440817486599,0.32392417015909,82
2,15,0.682458971557464,0.590262301521591,82
3,15,0.607920901191695,0.579017240691471,82
5,15,0.532698209980699,0.247266397009592,82
1,1,0.858068161850469,0.808478257087208,83
2,1,0.679154076172847,0.630389290580954,83
4,1,0.633334790899385,0.066448837171807,83
3,1,0.595157774314508,0.609447981521527,83
5,1,0.461339344215126,-0.226360631255498,83
1,2,0.860348450379113,0.71178161774634,83
2,2,0.67981078017433,0.532665329989601,83
4,2,0.641936639630772,-0.0407730786231919,83
3,2,0.607252004023698,0.364393315690282,83
5,2,0.417326332742262,0.351181634758299,83
1,3,0.862742904500165,0.727926479407478,83
2,3,0.649042804296722,0.745975634186559,83
4,3,0.639648549262201,0.216502307810511,83
3,3,0.607241858218696,0.447555206439372,83
5,3,0.457935347277496,-0.155591826142087,83
1,4,0.864612719865535,0.67817841807424,83
2,4,0.678444681475959,0.471931508568702,83
4,4,0.607819755663743,0.564928209650146,83
3,4,0.618221034017036,0.247945133704916,83
5,4,0.425455320856068,0.273184492458639,83
1,5,0.85528920539793,0.844693636201699,83
2,5,0.700498760805828,0.46421224316076,83
4,5,0.614415386973187,-0.105881283712238,83
3,5,0.595916325407255,0.534860760751019,83
5,5,0.463027242451668,-0.0906715134784922,83
1,6,0.849097032642559,0.874605828292123,83
2,6,0.678193362680531,0.557513890288131,83
4,6,0.59857116676793,0.718559738662148,83
3,6,0.604700095068168,0.45084626790003,83
5,6,0.441828170774611,0.127542786043415,83
1,7,0.85242607051568,0.853385013018273,83
2,7,0.676190675706934,0.64682015158831,83
4,7,0.610587943159659,0.460958774228011,83
3,7,0.610934598341754,0.109569422337465,83
5,7,0.434115602323385,0.321045594334681,83
1,8,0.852667850904621,0.825828472000746,83
2,8,0.679648983101887,0.789413890269468,83
4,8,0.597900696096528,0.612170588320513,83
3,8,0.58207434796089,0.608034384933569,83
5,8,0.460838235433008,-0.415449006547668,83
1,9,0.851260022205701,0.854320312763455,83
2,9,0.687634726593645,0.144634026673805,83
4,9,0.600087428406177,0.637879643807986,83
3,9,0.596230830392993,0.418552443317278,83
5,9,0.481416299596361,-0.483943549944897,83
1,10,0.846443655011191,0.937644442608462,83
2,10,0.690764619682552,0.233486167790277,83
4,10,0.624679716442627,0.5057527442922,83
3,10,0.622005537570225,0.0883841919894704,83
5,10,0.445632632231867,0.316205898285683,83
1,11,0.863188030129938,0.657231400794523,83
2,11,0.660155817340257,0.798706342527122,83
4,11,0.616877765314162,0.504586482521369,83
3,11,0.583337149300694,0.728487099504976,83
5,11,0.432248342350084,0.371356747941533,83
1,12,0.852817968138276,0.903166899825936,83
2,12,0.675194882198261,0.438411372994783,83
4,12,0.620010163465168,0.375124541336292,83
3,12,0.620671636457628,0.0571344037677532,83
5,12,0.437779987548512,-0.000426108282725953,83
1,13,0.855172254703368,0.880309320177844,83
2,13,0.6943860918167,0.368921919151732,83
4,13,0.617507017504837,0.280424262243195,83
3,13,0.597736762144988,0.606452930859658,83
5,13,0.449902841551688,0.156901606817889,83
1,14,0.855496715748252,0.827810894579932,83
2,14,0.683099036841415,0.668464611404657,83
4,14,0.603670001603375,0.51856024685251,83
3,14,0.60079602947385,0.283990843514461,83
5,14,0.469673244656272,-0.550660854738922,83
1,15,0.851798211676226,0.858598098328983,83
2,15,0.686321221887056,0.784579280272134,83
4,15,0.600088372246836,0.509186490752215,83
3,15,0.602692605174284,0.322572654603623,83
5,15,0.427601372990835,0.243838709937813,83
1,1,0.869954552958745,0.681307903870107,84
4,1,0.702966066881194,0.108596724447826,84
2,1,0.696253960047416,0.463190346553662,84
3,1,0.57178163705216,0.217277820971484,84
5,1,0.523336685428728,0.320115702123767,84
1,2,0.871044432589663,0.827583548555216,84
4,2,0.691659806309201,0.154632761325483,84
2,2,0.652013745029834,0.689993010239929,84
3,2,0.585858217883271,0.112850283513692,84
5,2,0.509618776696439,0.46524833504291,84
1,3,0.858934642182535,0.958248031004652,84
4,3,0.684676679865254,0.282786403985482,84
2,3,0.703408306700886,0.469363948961689,84
3,3,0.580251797194293,0.177832164695775,84
5,3,0.508767097868883,0.27037121524402,84
1,4,0.868373481940263,0.779589315102109,84
4,4,0.707617376315182,0.466278787837291,84
2,4,0.671551021893589,0.470359092667486,84
3,4,0.577246372015508,0.0647402024067366,84
5,4,0.523375813954269,0.110824091642481,84
1,5,0.872879940953022,0.696973856879384,84
4,5,0.689736730589503,0.235576769072578,84
2,5,0.699778066931356,0.189642647822015,84
3,5,0.575332596925259,0.502474385536238,84
5,5,0.538239823485737,-0.249893754602182,84
1,6,0.867496444449233,0.767042224803487,84
4,6,0.693869509362036,0.353318095528471,84
2,6,0.676240204320267,0.685748283459454,84
3,6,0.577611861048786,0.210895759422561,84
5,6,0.51735516476567,0.374521711754308,84
1,7,0.866169989863867,0.824577899121862,84
4,7,0.705971413031514,0.588263542821013,84
2,7,0.656197543133589,0.700039378248455,84
3,7,0.566678456961652,0.300252994306575,84
5,7,0.52449912785316,0.150408236156147,84
1,8,0.868323921976893,0.781377398605361,84
4,8,0.725728027076964,0.251619979398152,84
2,8,0.661119039984913,0.596659035112563,84
3,8,0.548165341417731,0.626100498521334,84
5,8,0.493380688235173,0.0887465891009053,84
1,9,0.861900686057351,0.908448701558073,84
4,9,0.709533304344182,-0.0310784659053416,84
2,9,0.683950013976413,0.425909206206987,84
3,9,0.565911082491831,0.469994228510934,84
5,9,0.502162301766821,0.361155564186553,84
1,10,0.879930547870658,0.531212715945898,84
4,10,0.682203071276988,0.50460132752769,84
2,10,0.668870860710606,0.694001732509576,84
3,10,0.580755070604687,-0.0345067287574473,84
5,10,0.50973770536291,0.0487761231104459,84
1,11,0.873770001497877,0.680312569496217,84
4,11,0.70744360754192,0.407931958332525,84
2,11,0.65780708510155,0.7073156515008,84
3,11,0.568953519783883,0.309957912316588,84
5,11,0.536078136963945,-0.209537478054679,84
1,12,0.866781297949097,0.852438115143082,84
4,12,0.709445500003402,0.170813349693716,84
2,12,0.673857003262118,0.580088563671508,84
3,12,0.560412913263045,0.432060233349977,84
5,12,0.501601505933872,0.492665918415204,84
1,13,0.864579351724472,0.89296894698994,84
4,13,0.681904872468102,0.355408530475435,84
2,13,0.682827877143591,0.787212726143419,84
3,13,0.56983373827208,0.28026829052047,84
5,13,0.529979122324213,0.136881531346904,84
1,14,0.863906984113214,0.906953567230361,84
4,14,0.710220799701831,0.226539621548819,84
2,14,0.652162104654992,0.447903448189665,84
3,14,0.55612256105948,0.459961036976002,84
5,14,0.502285165350635,0.498210129155434,84
1,15,0.862866860685625,0.933366517648726,84
4,15,0.717078350546434,-0.049277852441634,84
2,15,0.657691366885061,0.699820719303851,84
3,15,0.561941907890011,0.616546351455473,84
5,15,0.498883883141909,0.50719110561217,84
1,1,0.829346339708533,0.824062568677077,85
2,1,0.732218321355534,0.639410230993105,85
3,1,0.610363330970208,0.697286150704243,85
4,1,0.622744349795146,0.611661258481546,85
5,1,0.521130275145489,0.481297167331424,85
1,2,0.843856877253038,0.487107214156297,85
2,2,0.719502710906924,0.482928225166563,85
3,2,0.654769366793719,0.505727554628726,85
4,2,0.599755172402794,0.660008542636514,85
5,2,0.511606364790249,0.529825536704185,85
1,3,0.827353567593701,0.927221218021229,85
2,3,0.65093929346133,0.896549352079577,85
3,3,0.688113297750835,0.700938605659953,85
4,3,0.612399396527445,0.270715131282908,85
5,3,0.541689301063431,0.340698428640364,85
1,4,0.833529750925576,0.854942004860369,85
2,4,0.677345229628491,0.341718902123579,85
3,4,0.717545687467598,0.0394612189184324,85
4,4,0.643275025078584,0.325541847953996,85
5,4,0.541891927759889,0.309917925255175,85
1,5,0.836690883504512,0.829244890852645,85
2,5,0.719324094805975,0.579425925729332,85
3,5,0.640971605809534,0.696258608023369,85
4,5,0.620343231479126,0.0646900115302012,85
5,5,0.504569143500893,0.602075574635847,85
1,6,0.824556454489899,0.894962087624515,85
2,6,0.695527861914095,0.733379135295356,85
3,6,0.657721473784953,0.591239776997042,85
4,6,0.623311348732442,0.194049578500403,85
5,6,0.528930096787391,0.241389387465266,85
1,7,0.843715794724401,0.715713084276049,85
2,7,0.723095341614014,0.778037695763089,85
3,7,0.632937467146563,0.660324676403002,85
4,7,0.582849434061,0.643138206784006,85
5,7,0.563030478728833,-0.141218473903015,85
1,8,0.824598845391373,0.893485568242216,85
2,8,0.713285944136668,0.877847844957323,85
3,8,0.645378524731943,0.0916635348373325,85
4,8,0.593935550389451,0.877277963828386,85
5,8,0.523415576848951,0.435795125425222,85
1,9,0.830853120744107,0.848075149461024,85
2,9,0.727874649082527,0.227505131684447,85
3,9,0.641699150595975,0.509669676178177,85
4,9,0.597489566806051,0.465038672994905,85
5,9,0.530852810240084,0.690828421224758,85
1,10,0.829488840676474,0.881312436525878,85
2,10,0.720692055544276,0.282248205711634,85
3,10,0.626668249092687,0.764549746921236,85
4,10,0.617735112292305,0.539137345650982,85
5,10,0.544357540080039,0.459565594267033,85
1,11,0.830945352271713,0.862563711871166,85
2,11,0.713631593024014,0.411471296920967,85
3,11,0.630850857153745,0.754845492204158,85
4,11,0.611799019566489,0.764253129478018,85
5,11,0.511434081386581,0.322317037523266,85
1,12,0.840176162099519,0.533086432495186,85
2,12,0.73236630047681,0.168737196902232,85
3,12,0.64291017138416,0.237402385356584,85
4,12,0.633736008607992,0.308166473307377,85
5,12,0.53035552207442,0.576283561810189,85
1,13,0.836658241463468,0.780838308909993,85
2,13,0.724571154888621,0.701077478539612,85
3,13,0.624077797009522,0.759366928122373,85
4,13,0.619100151574528,0.515848956168711,85
5,13,0.543456650474986,0.252022655216873,85
1,14,0.831429014009486,0.90244264973962,85
2,14,0.701152987794193,0.886436601373204,85
3,14,0.641030501190045,0.506963032413107,85
4,14,0.630253843152472,6.60967211659646e-05,85
5,14,0.534278483509781,0.427137485540029,85
1,15,0.844628122682451,0.430259951935643,85
2,15,0.733671573859618,0.807287091105371,85
3,15,0.624079115210131,0.436043367565042,85
4,15,0.629615262657994,0.577081430647451,85
5,15,0.534288025460973,0.312322319240082,85
1,1,0.837794341882136,0.781678512239844,86
4,1,0.608776592551899,0.777302229038095,86
2,1,0.656959246650716,0.427740415082148,86
3,1,0.528867859891854,0.432388491700761,86
5,1,0.464121869063509,0.64069527330406,86
1,2,0.836886612863416,0.662225213517161,86
4,2,0.608252902608215,0.618380121303225,86
2,2,0.643598353061947,0.645135512910697,86
3,2,0.523879094406613,0.554522249223383,86
5,2,0.486052537531573,0.485572628739527,86
1,3,0.831319928612902,0.833346146627536,86
4,3,0.627967233988919,0.220291417030552,86
2,3,0.659037822456206,0.619980842375324,86
3,3,0.53226338160764,0.287804464139913,86
5,3,0.499132302237134,0.187555201326785,86
1,4,0.830202839289491,0.885038951291866,86
4,4,0.607304882345106,0.532283235080319,86
2,4,0.656144333513702,0.558950258765677,86
3,4,0.523785392672905,0.539344281785766,86
5,4,0.489284027914432,0.160084694150026,86
1,5,0.827882167351698,0.901778501738802,86
4,5,0.619997484658455,0.31208694685959,86
2,5,0.664973628798094,0.415335778691867,86
3,5,0.522215857973248,0.687582964841042,86
5,5,0.505103331147534,0.163643558156667,86
1,6,0.842538877583964,0.620527971992868,86
4,6,0.672371320930955,-0.254985701831963,86
2,6,0.641359514694055,0.387311550363939,86
3,6,0.557454245687831,0.128973237147589,86
5,6,0.448292026211666,0.136282889638125,86
1,7,0.831372647897484,0.876447077816937,86
4,7,0.619926186100974,0.46911525960833,86
2,7,0.640641570538292,0.690202933258944,86
3,7,0.534435894774069,0.548260098305613,86
5,7,0.47992576415689,0.270843326107244,86
1,8,0.829666423079619,0.833445773150773,86
4,8,0.611728404565756,0.462331986224957,86
2,8,0.6687800779946,0.344239987061409,86
3,8,0.539303221013639,0.440968092868155,86
5,8,0.482534385210297,0.206337107548758,86
1,9,0.85190410025182,0.0102796403876796,86
4,9,0.634806214140151,0.18530095921841,86
2,9,0.642452989768382,0.650937869033864,86
3,9,0.526424724880367,0.523786821065759,86
5,9,0.492762943563671,0.679440072888985,86
1,10,0.83095771214576,0.834364876843234,86
4,10,0.607240384444318,0.66186645731945,86
2,10,0.659490834349149,0.609978218690055,86
3,10,0.511818832639216,0.638494951380913,86
5,10,0.506399812142199,0.253607280220791,86
1,11,0.833574724022328,0.809656652334149,86
4,11,0.607168825453641,0.716462239069332,86
2,11,0.644007012782117,0.807348085788879,86
3,11,0.517672498099231,0.54325789305479,86
5,11,0.492957020148526,0.198040833605202,86
1,12,0.833375284578958,0.895225445401043,86
4,12,0.622153443213468,0.363238469099531,86
2,12,0.6739264022278,0.0485300299477281,86
3,12,0.556608773926664,-0.0728832218807084,86
5,12,0.453733945805572,0.56279117480648,86
1,13,0.833277617051404,0.863819601201467,86
4,13,0.63450937785849,0.277637365993368,86
2,13,0.649316141553651,0.73012224342859,86
3,13,0.537400075745461,0.485636806318027,86
5,13,0.472071713060593,0.412116627042469,86
1,14,0.839914881201716,0.712505674284353,86
4,14,0.634295264492005,0.307310544413195,86
2,14,0.65715169929799,0.246006352500047,86
3,14,0.538802213675434,0.417332716788459,86
5,14,0.500925815108375,0.285864737845721,86
1,15,0.83092296122695,0.840459708430762,86
4,15,0.609920404767741,0.598622195030856,86
2,15,0.660377845631133,0.503519654510947,86
3,15,0.537654308367006,0.279459101781498,86
5,15,0.493332246877333,0.212909484320204,86
1,1,0.789039351473425,0.875187557485938,87
3,1,0.631398771793416,0.50271410581017,87
2,1,0.572043057906503,0.83741582992212,87
4,1,0.554929730853323,0.768722228996231,87
5,1,0.435178823340731,0.230319858212638,87
1,2,0.789025818378911,0.843656296233294,87
3,2,0.633869644594516,0.189471835275009,87
2,2,0.647649561584556,0.17010128496686,87
4,2,0.569323872539226,0.331749699378387,87
5,2,0.435967850812244,-0.501336139792239,87
1,3,0.785490277670947,0.881724700165444,87
3,3,0.630357629776618,0.373490018497081,87
2,3,0.604091741235415,0.169902165538384,87
4,3,0.550446347778322,0.541712879894703,87
5,3,0.424184394993829,0.468129209586157,87
1,4,0.794935417657776,0.719572059620839,87
3,4,0.648250795746991,-0.0964019327017237,87
2,4,0.613132380733455,0.619479057396681,87
4,4,0.55978319365245,0.477447392818687,87
5,4,0.44300822949664,-0.281071384684645,87
1,5,0.791997200272281,0.795743107854843,87
3,5,0.632865538491068,0.452595091420021,87
2,5,0.59103233643254,0.4477411550308,87
4,5,0.536836543692928,0.520872741859973,87
5,5,0.421480168232633,0.196958223265384,87
1,6,0.797817712319419,0.66508033060418,87
3,6,0.621921387198902,0.65855319839892,87
2,6,0.623856780819181,0.484787871773111,87
4,6,0.549130879040484,0.62323253425492,87
5,6,0.427605911784176,-0.161610178560338,87
1,7,0.79419982914124,0.699362019210007,87
3,7,0.620124220276656,0.606110715788921,87
2,7,0.600667577513247,0.568498361607301,87
4,7,0.561532550379325,0.448099269739929,87
5,7,0.409953764961824,0.350904423734264,87
1,8,0.797851363582785,0.615089198508404,87
3,8,0.628671548088979,0.613247375000338,87
2,8,0.579983404213201,0.416472180052281,87
4,8,0.556137161643651,0.495107200495925,87
5,8,0.432069927289951,-0.0183664868546033,87
1,9,0.790418325328371,0.823652494787941,87
3,9,0.618216699946546,0.567781463605473,87
2,9,0.63397967739134,0.589585687984782,87
4,9,0.578048942683943,0.276009571411442,87
5,9,0.440894109502376,0.300086161993056,87
1,10,0.786815222772722,0.853068226233419,87
3,10,0.626955470467098,0.468928488304861,87
2,10,0.616733513516031,0.424299084487544,87
4,10,0.548599310978491,0.695610695234683,87
5,10,0.415469379017322,0.284765735795563,87
1,11,0.791882025545177,0.791901001683554,87
3,11,0.618396445477969,0.471657876104404,87
2,11,0.595581125092498,0.71590996108818,87
4,11,0.551454085514496,0.617467603741922,87
5,11,0.40741550028585,0.64489191191289,87
1,12,0.800738482893801,0.615465852174041,87
3,12,0.632405519816586,0.607731176810433,87
2,12,0.600458527354709,0.600821560395842,87
4,12,0.554604502698755,0.107579625162651,87
5,12,0.419074771793128,0.504899335181546,87
1,13,0.794072479709654,0.824522373202677,87
3,13,0.626571705817471,0.0652156177794435,87
2,13,0.637763514040466,0.07942968463207,87
4,13,0.570666152726506,0.340580569588478,87
5,13,0.451219676050702,-0.253874262517442,87
1,14,0.808317603483486,0.20429619702104,87
3,14,0.6313014869439,0.690167710651974,87
2,14,0.587436633537474,0.604959254581325,87
4,14,0.564220336094459,0.177753407768403,87
5,14,0.423957148536277,0.313605870160496,87
1,15,0.783029920334688,0.913113376630703,87
3,15,0.626456385064547,0.704058944984839,87
2,15,0.606865585401494,0.153134462508324,87
4,15,0.558066796527747,0.403607159223055,87
5,15,0.412717551989089,0.699640536616004,87
1,1,0.841713764711957,0.872841735403374,88
4,1,0.700181302639156,0.303540171690221,88
2,1,0.640365308709622,0.667879908366986,88
3,1,0.65201867412234,0.364097290185437,88
5,1,0.554070097974499,0.0313976506493613,88
1,2,0.846544379890688,0.788300359597435,88
4,2,0.687690817492514,0.462420490283698,88
2,2,0.657513096367033,0.593954307057952,88
3,2,0.662220133392849,0.396035995533267,88
5,2,0.535230957305033,0.43773209849317,88
1,3,0.852497661277159,0.66913324764224,88
4,3,0.694566146460712,0.367803737835366,88
2,3,0.647286279346666,0.690867433325479,88
3,3,0.644096360601319,0.763738469414337,88
5,3,0.553563680598442,0.0556944079349711,88
1,4,0.852243427702716,0.776994594093222,88
4,4,0.68337221412512,0.726231702758882,88
2,4,0.6605720425784,0.451299152369127,88
3,4,0.653823853170199,0.635738746367961,88
5,4,0.544847010494575,0.402483107049587,88
1,5,0.841908732084184,0.860352479889358,88
4,5,0.68583627096208,0.594766398399295,88
2,5,0.641532928269708,0.707383152477267,88
3,5,0.658736347836433,0.497669748731462,88
5,5,0.540368697323096,0.477247144377688,88
1,6,0.865117792599567,0.366891942224914,88
4,6,0.713684181298178,0.32464029095399,88
2,6,0.648796664038408,0.20840478665672,88
3,6,0.668750395064952,0.283099701864694,88
5,6,0.54729872566398,0.333678479660351,88
1,7,0.853147259881813,0.752683913930326,88
4,7,0.699597847008056,0.560677079427686,88
2,7,0.640315181225155,0.66259459676793,88
3,7,0.658176748265622,0.630151570579397,88
5,7,0.551749168173249,0.0676221203808615,88
1,8,0.848397143866377,0.750349764478644,88
4,8,0.696548189929714,0.598500763394062,88
2,8,0.642504557481187,0.495310843869671,88
3,8,0.658951482871125,0.721682791639875,88
5,8,0.529872909754929,0.464692745655813,88
1,9,0.846628329797827,0.817304000002351,88
4,9,0.711187942410875,0.400755716329993,88
2,9,0.635547421257919,0.779054998673672,88
3,9,0.647841748857936,0.549262733423271,88
5,9,0.526104961643082,0.458566365241279,88
1,10,0.844858063164644,0.850135184468973,88
4,10,0.674611166444666,0.455257144192151,88
2,10,0.665829474598012,0.555468735260286,88
3,10,0.651352292951097,0.591232267708524,88
5,10,0.548080712075979,0.123424686303069,88
1,11,0.847367890762302,0.779463661728868,88
4,11,0.670186960282188,0.133716696648939,88
2,11,0.677208395780777,0.374035774221014,88
3,11,0.66368640800031,0.505482783345675,88
5,11,0.53871868251397,0.323312725270229,88
1,12,0.848196723992735,0.780669651411706,88
4,12,0.709147363013769,0.431843291531619,88
2,12,0.662287630894036,0.519183588017601,88
3,12,0.665999293320209,0.511683420858572,88
5,12,0.499400793698282,0.688130657668215,88
1,13,0.847980274145521,0.795939166305818,88
4,13,0.699190893983503,0.355603595653423,88
2,13,0.645638988433379,0.562516216528929,88
3,13,0.674058676060888,0.052861826541021,88
5,13,0.538777487407183,0.315005610893122,88
1,14,0.838149716578206,0.954933460702624,88
4,14,0.696825386524153,0.625765798001851,88
2,14,0.64813119369653,0.539072594251507,88
3,14,0.646760853733854,0.544386105085189,88
5,14,0.550872171358274,0.149929202208358,88
1,15,0.837551729644438,0.957038423929762,88
4,15,0.673629886014678,0.714303543117852,88
2,15,0.644876862243963,0.628430026198796,88
3,15,0.658246760062084,0.562589512518789,88
5,15,0.584106240091787,-0.12822931826569,88
1,1,0.803581303869756,0.803498787690389,89
2,1,0.618132487140413,0.348614350853011,89
3,1,0.642615754252947,0.699065001928056,89
4,1,0.557403032914649,0.299139233153593,89
5,1,0.509779642301754,0.0371067431417448,89
1,2,0.816492133336962,0.444324434965292,89
2,2,0.60819705052021,0.578629942246897,89
3,2,0.657082756189072,0.598541069445902,89
4,2,0.525144358377699,0.26470382070106,89
5,2,0.517374490469535,0.143185911628886,89
1,3,0.794051381294242,0.867387088513424,89
2,3,0.620482392457668,0.216498659568059,89
3,3,0.66396034505366,0.427198618717956,89
4,3,0.525991621202352,0.405091789798973,89
5,3,0.498028069666429,0.426523839372254,89
1,4,0.806926791037229,0.742266656323415,89
2,4,0.595256562953808,0.755080674923149,89
3,4,0.654060730036391,0.0672809839676071,89
4,4,0.523108622560064,0.351893768812526,89
5,4,0.49937604076414,0.335664704527523,89
1,5,0.797298635139752,0.952234412189397,89
2,5,0.603187752062872,0.589972600322891,89
3,5,0.664669691029492,0.512741814275489,89
4,5,0.531831311945278,0.0213234604158492,89
5,5,0.502717021734052,0.32887163480989,89
1,6,0.805214476258576,0.785745006254818,89
2,6,0.606274075419303,0.376453935537948,89
3,6,0.644942612362585,0.776744147424143,89
4,6,0.534356535505995,0.288769793003628,89
5,6,0.523644200765051,-0.027720598998097,89
1,7,0.798326278229321,0.845744401117471,89
2,7,0.59923219495692,0.793434681959582,89
3,7,0.641337402738826,0.483211353448673,89
4,7,0.526773009205544,0.481866064483965,89
5,7,0.506192626574632,-0.0499463091635927,89
1,8,0.796067375906501,0.875755284219851,89
2,8,0.639948022660899,0.259593272220411,89
3,8,0.649206262200092,0.250576760427448,89
4,8,0.519742384798754,0.5632256664573,89
5,8,0.528292786966939,0.210129172098643,89
1,9,0.806814097631156,0.755466905389752,89
2,9,0.618168481669937,0.624731691203815,89
3,9,0.646161433207442,0.521038087704526,89
4,9,0.521450897772714,0.611084902061322,89
5,9,0.503014070930453,0.326720129414512,89
1,10,0.807341436075402,0.737411261121878,89
2,10,0.60911700716221,0.49737265792694,89
3,10,0.652357691245064,0.7874820597001,89
4,10,0.518262026485058,0.408667634837107,89
5,10,0.498338701739798,0.460301546115634,89
1,11,0.799958296602033,0.86954829358229,89
2,11,0.61992761997558,0.141734959816973,89
3,11,0.658591375879798,0.268850420488226,89
4,11,0.53015303657277,0.261867368874283,89
5,11,0.508722874426265,0.132979630861546,89
1,12,0.809492369056386,0.71045387127858,89
2,12,0.607483285373768,0.663116985671057,89
3,12,0.652747607155603,0.569468678669241,89
4,12,0.539454417694164,-0.325707727063787,89
5,12,0.494376718968787,0.407577665536228,89
1,13,0.801895911134183,0.855270291245592,89
2,13,0.597971173173474,0.739278537344393,89
3,13,0.656496513353293,0.503676373833938,89
4,13,0.532753929180395,0.207750781929846,89
5,13,0.502499263591316,0.288098774316069,89
1,14,0.799346101870682,0.876596603495464,89
2,14,0.579624284510227,0.75522838579272,89
3,14,0.665052067597667,-0.207796100902147,89
4,14,0.509810616973244,0.185717356811932,89
5,14,0.490788194847803,0.553105739516545,89
1,15,0.828562373489476,0.265992370962186,89
2,15,0.630667142580666,-0.0599633177838196,89
3,15,0.663299005403085,0.270269568755301,89
4,15,0.527939954363208,0.306384147334376,89
5,15,0.489882578867934,0.497877102445311,89
1,1,0.824223574177393,0.745188741413569,90
3,1,0.674284567209908,0.407430844799555,90
2,1,0.707940917778556,0.784738015325445,90
5,1,0.597664006136776,0.197871439376389,90
4,1,0.537111527260142,0.262043301738877,90
1,2,0.819445857683888,0.840479048803592,90
3,2,0.694338428315629,0.556199200811918,90
2,2,0.685480858863007,0.885750965131458,90
5,2,0.582901260584067,0.427699663620908,90
4,2,0.530329927595942,0.767158109309108,90
1,3,0.829122673727637,0.649945422696159,90
3,3,0.703879926706063,0.176699839660735,90
2,3,0.679153361390517,0.599727588572276,90
5,3,0.596995497915771,0.289867904698988,90
4,3,0.585973456160982,0.291552417062503,90
1,4,0.8196950227744,0.835583660335817,90
3,4,0.700146867437962,0.639373302655766,90
2,4,0.664483303011984,0.727802726909745,90
5,4,0.584509440402746,0.404357466450425,90
4,4,0.566270504427242,0.203874147914173,90
1,5,0.816249212031318,0.906683599395801,90
3,5,0.677580488314188,0.660835031682345,90
2,5,0.67406561347709,0.604634778730821,90
5,5,0.592515262000328,0.636554219968268,90
4,5,0.551990973070253,0.538741573082419,90
1,6,0.819658712383776,0.878033353468876,90
3,6,0.712470390071277,0.228001863225882,90
2,6,0.672862076505264,0.544441140496562,90
5,6,0.591145714132454,0.51922859121233,90
4,6,0.551390876009883,0.336614100392001,90
1,7,0.82815402572568,0.642891450259204,90
3,7,0.69280230490819,0.173625213217974,90
2,7,0.689785870590679,0.572640485428097,90
5,7,0.589506465374305,0.302756055230505,90
4,7,0.557118788153574,0.281269663680341,90
1,8,0.823022474751385,0.742064904570756,90
3,8,0.670637493604006,0.631697409855258,90
2,8,0.697287676519426,0.614010162940684,90
5,8,0.599640346798076,0.393324937411504,90
4,8,0.529713699606306,0.65754139179493,90
1,9,0.817661790197639,0.835037206309488,90
3,9,0.685087381812568,0.569429215477999,90
2,9,0.6981585163526,-0.127200622703636,90
5,9,0.603289603596312,-0.136845974802567,90
4,9,0.553717646896631,0.458918357469515,90
1,10,0.821348746304801,0.817744740675983,90
3,10,0.706518126614686,0.813408765589581,90
2,10,0.649906044208314,0.864440260427337,90
5,10,0.588329096773845,0.681066612469914,90
4,10,0.569201743224046,0.179069026602953,90
1,11,0.820790201954771,0.801239003463007,90
3,11,0.687388714181234,0.736529984814311,90
2,11,0.67634537699943,0.445009831276972,90
5,11,0.583591499276873,0.0511772080716957,90
4,11,0.567858609713704,0.336902600124371,90
1,12,0.84195189997274,0.615264929947695,90
3,12,0.702559933079568,0.282067195802593,90
2,12,0.688587786231131,0.53160691812991,90
5,12,0.598984352096642,0.353235022560692,90
4,12,0.541016657268838,0.508474051817948,90
1,13,0.814966867748013,0.893615481775646,90
3,13,0.730983805627385,0.346461843861667,90
2,13,0.661685379240844,0.63028251596254,90
5,13,0.579136620978453,0.650687111744581,90
4,13,0.55764253264315,0.430519271348498,90
1,14,0.817110674626773,0.871696663173239,90
3,14,0.678321946334287,0.899058362144623,90
2,14,0.671393742142165,0.80540039583009,90
5,14,0.590720886313985,-0.00971584397632245,90
4,14,0.564924530301132,0.167235135816397,90
1,15,0.818301396602139,0.860192147966691,90
3,15,0.688327905017175,0.600843371502037,90
2,15,0.675454305962429,0.52409453732808,90
5,15,0.606425701976179,0.266812810381127,90
4,15,0.502740344703168,0.766158679516334,90
1,1,0.858250154467205,0.853949653391219,91
3,1,0.700907203842054,-0.169271528031451,91
2,1,0.713159966046735,0.580831826114676,91
5,1,0.624961635761126,0.00687397814162968,91
4,1,0.59588038888314,0.244410206983369,91
1,2,0.862909191852616,0.80361993580307,91
3,2,0.707677493545076,0.452054328228609,91
2,2,0.687759812479698,0.576242189982078,91
5,2,0.618063030593855,-0.19372920330245,91
4,2,0.597243414567324,0.104130045767316,91
1,3,0.860427430627373,0.833594668161666,91
3,3,0.722253424046043,0.351707942703063,91
2,3,0.689232662440692,0.622976467120203,91
5,3,0.603896249731158,0.419592662274505,91
4,3,0.581959400829327,0.500929201414474,91
1,4,0.859657785556123,0.818017798815259,91
3,4,0.709439080791168,0.654341609564754,91
2,4,0.668021843409905,0.763929058062068,91
5,4,0.616113299706024,0.454875104655966,91
4,4,0.589922038095586,0.488966379768425,91
1,5,0.850364176758597,0.936593236719517,91
3,5,0.703327387725257,0.5772612156795,91
2,5,0.693332800831834,0.730689104876746,91
5,5,0.622368470821193,0.117949731261354,91
4,5,0.599874177052774,-0.0482022117422172,91
1,6,0.871079558242016,0.428441719192586,91
3,6,0.749973571282074,0.105832379785938,91
2,6,0.679986516654977,0.639003327961369,91
5,6,0.607383223635394,0.421329293308601,91
4,6,0.575509344180285,0.824840975950118,91
1,7,0.856864001893226,0.844446686077735,91
3,7,0.682792117098438,0.793310552590988,91
2,7,0.69390476650094,0.42013584535636,91
5,7,0.609162981117231,-0.232181368054249,91
4,7,0.617168379844324,0.142447465993038,91
1,8,0.856182315389535,0.886987791680511,91
3,8,0.69665050131746,0.636115021449038,91
2,8,0.717508862988973,-0.0808782075974547,91
5,8,0.607299426231282,0.256723803386323,91
4,8,0.595652401428851,0.595970110420511,91
1,9,0.861636240704146,0.796460638470523,91
3,9,0.711621036970304,0.312723520303737,91
2,9,0.690466987600365,0.717769237053944,91
5,9,0.62810485063723,-0.385043046208913,91
4,9,0.598716739469951,0.378317596226065,91
1,10,0.874450406692393,0.557874961824134,91
3,10,0.704979058771329,0.52114343783702,91
2,10,0.696022595743976,0.637708119218714,91
5,10,0.606543581114705,0.422294364564479,91
4,10,0.590479541020036,0.566691625874189,91
1,11,0.858791980385844,0.638324204061653,91
3,11,0.703807328257803,0.319930973329409,91
2,11,0.696539506966481,0.374148961416716,91
5,11,0.602330381334658,0.281496270272728,91
4,11,0.585690889680546,0.603934529017991,91
1,12,0.855282510618522,0.893351766188411,91
3,12,0.69822278075438,0.780036830550827,91
2,12,0.700888558282569,0.441051360677725,91
5,12,0.622031690968758,-0.0604133102748643,91
4,12,0.561802162348122,0.776014447939542,91
1,13,0.857764982537943,0.743607336908737,91
3,13,0.70920143474005,0.689636776282512,91
2,13,0.696366232944908,0.517043449824503,91
5,13,0.592391827625553,0.348008790264514,91
4,13,0.590457893408092,0.521082363867318,91
1,14,0.862872128420266,0.713591674159527,91
3,14,0.704192226906579,0.543864825755707,91
2,14,0.679354498385526,0.588954867008035,91
5,14,0.585754058912,0.568162589374795,91
4,14,0.578837002445552,0.740310009470584,91
1,15,0.861744308489942,0.697826084828734,91
3,15,0.72074419008777,0.470482259034774,91
2,15,0.666124876647471,0.655381220694381,91
5,15,0.628683412955096,0.272915763931383,91
4,15,0.602500277993104,0.212956576285939,91
1,1,0.848769758392405,0.917149255268488,92
2,1,0.670051690061655,0.774722513427678,92
4,1,0.557600137168085,0.10353210725815,92
3,1,0.5901425297566,0.0952198065222811,92
5,1,0.529688834151398,-0.0988413510834907,92
1,2,0.848413751497093,0.902270669667367,92
2,2,0.672210645706617,0.52690733982724,92
4,2,0.549571847052164,0.787842811388267,92
3,2,0.551861200532497,0.708539749416437,92
5,2,0.528705923467075,-0.0749253096861357,92
1,3,0.850261970971261,0.881035188840636,92
2,3,0.68436956496231,0.659167966493326,92
4,3,0.554870026253212,0.558838750286737,92
3,3,0.556736246910967,0.541203141040713,92
5,3,0.513055383977263,0.371991579834529,92
1,4,0.853504507749607,0.811849780429809,92
2,4,0.679857459165862,0.648215191208888,92
4,4,0.554512925712506,0.50161995201811,92
3,4,0.583371603196214,0.347005961953491,92
5,4,0.51736940554689,0.282248371177475,92
1,5,0.85590958759736,0.750021857530269,92
2,5,0.681341128244908,-0.62447786031634,92
4,5,0.612027725765771,0.0255087072376677,92
3,5,0.578464866084215,0.25909120760606,92
5,5,0.526893198123886,0.130018046372684,92
1,6,0.855172478466884,0.813650054704775,92
2,6,0.687299089542056,0.736052724567043,92
4,6,0.570140241139882,0.2582658300961,92
3,6,0.57577915158573,0.412169023100435,92
5,6,0.49116293613881,0.651954803644783,92
1,7,0.853925399758194,0.843761776738523,92
2,7,0.683064042256784,0.591994509652257,92
4,7,0.547986384288708,0.607237912257365,92
3,7,0.561984908389063,0.462878253811324,92
5,7,0.532021764243566,-0.203300278601433,92
1,8,0.85427831252964,0.898632862350804,92
2,8,0.699911922175776,0.589468451028181,92
4,8,0.562490749867618,0.43786473120368,92
3,8,0.585278664720136,0.292874339201806,92
5,8,0.504984963284935,0.596600786366001,92
1,9,0.855490811652293,0.788005712399914,92
2,9,0.677201772064232,0.731559074032619,92
4,9,0.571175448344343,0.1605156568608,92
3,9,0.593054010738142,0.188853413067069,92
5,9,0.503849712998118,0.593936674454066,92
1,10,0.851218476701587,0.851290342791875,92
2,10,0.698677885080339,-0.242181552275338,92
4,10,0.56514893432356,0.457621655048362,92
3,10,0.567617636153056,0.535920311685653,92
5,10,0.533038432067774,0.201947806264226,92
1,11,0.857273627333,0.837230896993087,92
2,11,0.670324615590879,0.779822623614216,92
4,11,0.577304860998734,-0.0165907972799199,92
3,11,0.581608392321824,0.325128447231032,92
5,11,0.538969627507963,0.229697991777101,92
1,12,0.848697772200109,0.917759282130476,92
2,12,0.662664791137056,0.724273903322107,92
4,12,0.560592397496157,0.688927275884852,92
3,12,0.537483403502745,0.481939644606896,92
5,12,0.5032581027419,0.466064824383248,92
1,13,0.860442795881654,0.724358471809261,92
2,13,0.697360889608026,0.295686454111913,92
4,13,0.573721743756331,0.160971894386588,92
3,13,0.574600797592736,0.373410789566933,92
5,13,0.51984126106477,0.489892585086991,92
1,14,0.850897021795068,0.900535595452363,92
2,14,0.695713728517393,0.215586475956074,92
4,14,0.577818219209299,0.4099667767098,92
3,14,0.557640856416411,0.683846553411877,92
5,14,0.516140262567615,0.390730634055838,92
1,15,0.853430869598155,0.756540601445783,92
2,15,0.680435270983233,0.774340503588146,92
4,15,0.556090527794944,0.405865651120052,92
3,15,0.574147761988338,0.465491865319358,92
5,15,0.51447188811256,0.190412891500726,92
1,1,0.830811927405514,0.755436305963928,93
2,1,0.65339540239065,0.471264744223641,93
4,1,0.611308144157959,0.212018760439829,93
5,1,0.553631759100247,0.204113704829014,93
3,1,0.534010820154093,0.267387318643951,93
1,2,0.823666826441736,0.879923690907092,93
2,2,0.662127694711253,0.536793011939167,93
4,2,0.623903812954117,-0.143985231856205,93
5,2,0.536266790302794,0.642840879590756,93
3,2,0.519460736906885,0.464769850364325,93
1,3,0.827927409614898,0.762296322191389,93
2,3,0.677645940130213,-0.182459675568771,93
4,3,0.61509617914312,0.141480518525224,93
5,3,0.559684281567542,0.14945274291883,93
3,3,0.494967913418002,0.611394400462071,93
1,4,0.832335462588466,0.716301739450526,93
2,4,0.631923764337676,0.726817118671798,93
4,4,0.599747858099252,0.651547571208707,93
5,4,0.573545659301105,0.12874123743742,93
3,4,0.524120101901646,0.338351047759519,93
1,5,0.837916642922195,0.639966731193297,93
2,5,0.652220647737227,0.51230453074055,93
4,5,0.645154965654146,-0.60345658041886,93
5,5,0.556505592786553,0.0624200458026147,93
3,5,0.513445929555222,0.290939357508321,93
1,6,0.828718692864199,0.836469838648482,93
2,6,0.649996589858701,0.686005193941456,93
4,6,0.597776420979952,0.276540149403415,93
5,6,0.54964012290217,0.265347256801685,93
3,6,0.524747790181595,0.330787405762695,93
1,7,0.837959592517349,0.657907912355224,93
2,7,0.673708972039802,-0.00615458520932684,93
4,7,0.58781256914097,0.216870378840439,93
5,7,0.546930020546825,0.376333427743478,93
3,7,0.533156557658973,0.469790674001908,93
1,8,0.824484399668553,0.904855905043486,93
2,8,0.675140680349295,0.22556775842963,93
4,8,0.578518586126276,0.594781714157396,93
5,8,0.573206563922259,0.0655901717652373,93
3,8,0.502585427221909,0.541283458169351,93
1,9,0.827471724062662,0.875135346068837,93
2,9,0.656313358735231,0.580855247766324,93
4,9,0.605703093682054,0.208664434636587,93
5,9,0.544256541423232,0.248714566692058,93
3,9,0.528643681002843,0.315440556298151,93
1,10,0.837795478420166,0.750292982076615,93
2,10,0.661883997176224,0.160365618682785,93
4,10,0.582904604516928,0.484510641702823,93
5,10,0.540788892702718,0.244445455705291,93
3,10,0.560409795301767,0.314482824446146,93
1,11,0.832686341857877,0.79786481860782,93
2,11,0.651725444405007,0.26468540538079,93
4,11,0.600328928715155,0.472622918879161,93
5,11,0.511387205314587,0.555000091975154,93
3,11,0.507867669786447,0.686750886045038,93
1,12,0.826417728038632,0.866370338744134,93
2,12,0.662866328320751,0.285931242853441,93
4,12,0.580249004973571,0.574486427591992,93
5,12,0.556122978660002,0.403254888624513,93
3,12,0.51963539880714,0.578146680910844,93
1,13,0.823166209980566,0.878575467241959,93
2,13,0.65929077182442,0.539994287930727,93
4,13,0.578085692516957,0.748420603241651,93
5,13,0.561621235875411,0.42382767566069,93
3,13,0.519673294138194,0.220237504217953,93
1,14,0.834157640129774,0.610918771544434,93
2,14,0.647779915370243,0.313232210391129,93
4,14,0.609912245247182,0.281627906868286,93
5,14,0.529080389464031,0.740720845594794,93
3,14,0.519770512043213,0.0653201717329797,93
1,15,0.823784945252876,0.879943043797385,93
2,15,0.657269898719684,0.722888699114147,93
4,15,0.57294440494091,0.632949706812367,93
5,15,0.549890128338605,0.190197957286969,93
3,15,0.542353754662995,0.187807852846462,93
1,1,0.821350713555697,0.761691678436373,94
2,1,0.665991185802928,0.527818665574206,94
4,1,0.583471436517225,0.325093914637525,94
3,1,0.553654902741605,0.546657682547562,94
5,1,0.534133858439261,0.287198830271728,94
1,2,0.81805786417764,0.783038849801878,94
2,2,0.670853935491795,0.445344834364579,94
4,2,0.601911089820132,0.199862417294696,94
3,2,0.570760750918808,0.576781649168865,94
5,2,0.516440721059172,0.101647134467808,94
1,3,0.820402083505547,0.811833541386666,94
2,3,0.665284181938312,0.35644181874882,94
4,3,0.572390153554404,0.624794795948145,94
3,3,0.546667329849777,0.718301407414377,94
5,3,0.501381943216836,0.479947684671704,94
1,4,0.818108923369557,0.808293893687007,94
2,4,0.6455052256657,0.611388435586596,94
4,4,0.598132442764823,0.287665786137394,94
3,4,0.560655420865348,0.371035487540581,94
5,4,0.483582617918023,0.634924840437855,94
1,5,0.827581485599703,0.688890181473768,94
2,5,0.675490749674642,-0.0200396707412688,94
4,5,0.606352415934395,0.0441695041383058,94
3,5,0.542297882184443,0.594507887343904,94
5,5,0.508709199658911,0.372042176570817,94
1,6,0.825991936793871,0.76025770392735,94
2,6,0.634425735770163,0.922677988174594,94
4,6,0.562202481846973,0.677030000552221,94
3,6,0.572783635284296,0.47841161077957,94
5,6,0.507875552550848,0.215984007865649,94
1,7,0.820100159966081,0.819266418725945,94
2,7,0.659400683335999,0.393228407519154,94
4,7,0.604546516169464,0.266935404090318,94
3,7,0.582003178815842,0.298441112725516,94
5,7,0.520309559869045,-0.149180445322411,94
1,8,0.824159571723086,0.705823694173661,94
2,8,0.653676323462876,0.452426746465376,94
4,8,0.606600119476919,0.00830285935661864,94
3,8,0.588203707680806,0.0779987620272873,94
5,8,0.492458334681889,0.564072795204068,94
1,9,0.814060708391355,0.927803884231683,94
2,9,0.660639331825235,0.312321255353601,94
4,9,0.589555251708949,0.45532685619555,94
3,9,0.553717145204463,0.709667438053734,94
5,9,0.485096625568521,0.595792425190814,94
1,10,0.815474555874413,0.844084927408249,94
2,10,0.659020485556715,0.378192059640872,94
4,10,0.607237231147187,0.201514941343532,94
3,10,0.578187839774392,0.238174781671985,94
5,10,0.515305370976471,0.0326633071190271,94
1,11,0.816774928282718,0.840313079435539,94
2,11,0.658395977234609,0.629980050461365,94
4,11,0.605625983903867,-0.18226204776892,94
3,11,0.593842114273751,0.0510355666036227,94
5,11,0.503301580433989,0.238439225897081,94
1,12,0.826403009848973,0.734769722699095,94
2,12,0.665744909850921,0.0855987934808503,94
4,12,0.563474736949384,0.437504705765995,94
3,12,0.583295307704132,0.56143021056211,94
5,12,0.517256039668395,0.186589838555414,94
1,13,0.822790637798768,0.734647504954288,94
2,13,0.642284532481685,0.722198236947348,94
4,13,0.575627471662938,0.837343630814174,94
3,13,0.567484938475465,0.361193657787614,94
5,13,0.499868260644105,0.527835888302193,94
1,14,0.818052936771267,0.770095672018679,94
2,14,0.654580991066285,0.552049238804573,94
4,14,0.591122921546135,0.52175940668484,94
3,14,0.569237251577698,0.292435752933057,94
5,14,0.509892372923625,-0.0121831258520426,94
1,15,0.834701445198949,0.250029784232828,94
2,15,0.645506560634878,0.799183244741375,94
4,15,0.595046382468979,0.493695832302606,94
3,15,0.574988454260171,0.331387036920629,94
5,15,0.504501287641771,0.325211939390661,94
1,1,0.843474893328828,0.735002406044566,95
2,1,0.766907309836096,0.656196527561453,95
3,1,0.628146180969208,0.618220260332315,95
4,1,0.588367386643851,0.560268557825519,95
5,1,0.495008808171371,-0.610809068478292,95
1,2,0.85027950867088,0.555082463938321,95
2,2,0.771153802784778,0.44367454454701,95
3,2,0.635692741695219,0.156849266152893,95
4,2,0.590562924360256,0.454233031141505,95
5,2,0.50904752953837,-0.402983213709978,95
1,3,0.834390123124534,0.862863750221791,95
2,3,0.770257412673678,0.507753485828359,95
3,3,0.631853633237219,0.385411303479606,95
4,3,0.564206127618818,0.58313388570082,95
5,3,0.482942546605616,0.110749399630843,95
1,4,0.824026539131056,0.940523457937662,95
2,4,0.765480025588047,0.516353852901635,95
3,4,0.650512541974935,0.32096342425042,95
4,4,0.601185307074188,0.606767712013304,95
5,4,0.45815478118611,-0.0233477923087798,95
1,5,0.837300311727714,0.844738264199512,95
2,5,0.764891164813664,0.614099520786679,95
3,5,0.632325989908972,0.430632528616732,95
4,5,0.605352161422453,-0.0200373142029529,95
5,5,0.49638613191905,-0.281368344286827,95
1,6,0.843097027754795,0.82697685334256,95
2,6,0.773555871497848,0.554597598909483,95
3,6,0.640849462205941,0.360538911518563,95
4,6,0.603971649154346,0.349537482184478,95
5,6,0.443407681240582,0.417691796910065,95
1,7,0.838409542652524,0.822453087056556,95
2,7,0.758539499753982,0.715645189707328,95
3,7,0.645132116905956,0.176044519630975,95
4,7,0.582324442017819,0.503328451902226,95
5,7,0.448406246282405,0.398627216245051,95
1,8,0.85272762112233,0.52904576110147,95
2,8,0.766497170448694,0.782394792796682,95
3,8,0.654257631539274,0.372031913944031,95
4,8,0.580394412787613,0.626644071539371,95
5,8,0.463995607181973,-0.290808473121218,95
1,9,0.83726385120548,0.847633529613699,95
2,9,0.763305286266958,0.584982696463575,95
3,9,0.63299737683591,0.515739549100614,95
4,9,0.57286660391125,0.555315240659702,95
5,9,0.479112028655996,-0.386657317527652,95
1,10,0.834333628576701,0.889861906817626,95
2,10,0.767411683711084,0.510436643149592,95
3,10,0.613297512586109,0.764887697772948,95
4,10,0.600882127425401,0.49515065714769,95
5,10,0.482575480715939,0.304088900202379,95
1,11,0.842295875447517,0.798162816192586,95
2,11,0.755419469012637,0.677525663276262,95
3,11,0.615431250813545,0.743117127528168,95
4,11,0.613853072389659,0.0868060589682875,95
5,11,0.460865436969724,0.141432397396571,95
1,12,0.850755708281156,0.62940007824564,95
2,12,0.760658683051784,0.78720858019775,95
3,12,0.618637668322609,0.716345902878049,95
4,12,0.596612266026182,0.516959512397989,95
5,12,0.481821038202562,-0.350622008620458,95
1,13,0.845499050940025,0.682442263116323,95
2,13,0.771288573822618,0.670213730363369,95
3,13,0.62349121332773,0.408598085044423,95
4,13,0.620175654000331,0.0769429448957998,95
5,13,0.472458685588712,0.0747189785745332,95
1,14,0.842391523729246,0.746682934214631,95
2,14,0.761643748184395,0.6461144520531,95
3,14,0.634852309448118,0.39002789299017,95
4,14,0.590364943173815,0.558134027511054,95
5,14,0.478122498410418,-0.274644499366094,95
1,15,0.849302019590141,0.218056492375764,95
2,15,0.771598357953068,0.51932152096999,95
3,15,0.651855143205226,0.300037498748121,95
4,15,0.602997873555317,0.360417174903644,95
5,15,0.45437829254319,0.325969311464562,95
1,1,0.848778669693105,0.785838557332644,96
5,1,0.599499759926307,-0.0716134799310398,96
2,1,0.64259642430997,0.253006045363282,96
3,1,0.59508627201922,0.677802349514726,96
4,1,0.515378623536948,-0.466654626334672,96
1,2,0.846718264311533,0.798828709545149,96
5,2,0.607682430218351,0.098398324974684,96
2,2,0.617402358838131,0.586185337616197,96
3,2,0.603324147100264,0.50805006495752,96
4,2,0.511852116307797,-0.0300269879344006,96
1,3,0.845736687578048,0.81845301008028,96
5,3,0.57262995494445,0.5690485830233,96
2,3,0.628130654150672,0.795719066938045,96
3,3,0.581821855318443,0.663502834154997,96
4,3,0.494353458287034,0.782088993750461,96
1,4,0.838416925827231,0.893093228416904,96
5,4,0.587051438907121,0.402802501346123,96
2,4,0.630684858479729,0.724266010547932,96
3,4,0.597155599692906,0.0394257301028999,96
4,4,0.507292579837468,0.391361426412976,96
1,5,0.847986995131552,0.827285210850984,96
5,5,0.640215458425845,-0.0772051633250513,96
2,5,0.588411433677415,0.78579964438026,96
3,5,0.606643231875367,0.331536847187946,96
4,5,0.492999049320327,0.197997724083908,96
1,6,0.846304729663778,0.849782967836075,96
5,6,0.581501829745117,0.3335873790735,96
2,6,0.636890292906235,0.373752151034742,96
3,6,0.586442379305732,0.638070506660508,96
4,6,0.517700997628299,0.360783622398175,96
1,7,0.850289657479155,0.826136371072508,96
5,7,0.606421689258626,0.677855822964278,96
2,7,0.601547639677242,0.554980015597022,96
3,7,0.580447972226648,0.388370075106799,96
4,7,0.486282962854261,0.503982726111522,96
1,8,0.83846427008166,0.914971592148013,96
5,8,0.57936760309606,0.378625529607504,96
2,8,0.64282965268886,0.470040378701006,96
3,8,0.59027180615202,0.25534663280625,96
4,8,0.496721609405399,0.320453730661185,96
1,9,0.840959261190483,0.907945170741467,96
5,9,0.603084963176918,-0.268844596523114,96
2,9,0.62428974074417,0.484889360380453,96
3,9,0.592921982319384,0.257719557249761,96
4,9,0.547054411069448,0.11459118709953,96
1,10,0.849456791195083,0.757380064894565,96
5,10,0.587142861119995,0.268913024610645,96
2,10,0.624366029706796,0.912189225890129,96
3,10,0.59224487428991,0.67007059157227,96
4,10,0.504963719081348,0.399149637426827,96
1,11,0.845015539137712,0.856227750997298,96
5,11,0.617290879848031,0.277229347665637,96
2,11,0.600832300564565,0.638501816587937,96
3,11,0.593165496018905,0.167919702976208,96
4,11,0.459276081567087,0.817608266581224,96
1,12,0.844783827862945,0.850940743974222,96
5,12,0.626496113308417,0.25361293233327,96
2,12,0.595129034315889,0.529318491971701,96
3,12,0.599754807257517,0.577494738345185,96
4,12,0.491510285599264,0.402799818857994,96
1,13,0.859524998010772,0.461583295365672,96
5,13,0.576058401189248,0.470479910219717,96
2,13,0.614473221005497,0.877681987602737,96
3,13,0.601302211373172,0.404100516991639,96
4,13,0.519869274486606,0.131237578495781,96
1,14,0.83893696282578,0.965340009771225,96
5,14,0.584212900925213,0.594293270492375,96
2,14,0.603719336684813,0.647498311587371,96
3,14,0.591610446760805,0.706312521005527,96
4,14,0.501573707241329,0.401187713278854,96
1,15,0.853038470161106,0.636687620471175,96
5,15,0.66077700866916,0.363455030570366,96
2,15,0.553209098031594,0.829660178519259,96
3,15,0.586832255091956,0.326580180036045,96
4,15,0.491286970208171,0.524143810186722,96
1,1,0.846374525591509,0.953754636429791,97
3,1,0.688302118439049,0.786150421384758,97
2,1,0.704554685580644,0.329513177161917,97
4,1,0.571179428990043,0.715758157523546,97
5,1,0.470281431966677,0.116234996851262,97
1,2,0.855850157215771,0.831544346411978,97
3,2,0.710614166556905,0.35385084822768,97
2,2,0.687908597873171,0.536416205497228,97
4,2,0.595796853925949,0.434864083598047,97
5,2,0.519923240185567,-0.257644742100596,97
1,3,0.856288858212745,0.871800654093075,97
3,3,0.684167565183377,0.891461916608079,97
2,3,0.690442809038117,0.745386397161873,97
4,3,0.591994098580462,0.423825713439801,97
5,3,0.481937288763292,-0.261342184867464,97
1,4,0.858787842290493,0.823708052538991,97
3,4,0.688160090915643,0.297180094700481,97
2,4,0.731035661545693,0.0461579955144016,97
4,4,0.574619765899067,0.554082741919702,97
5,4,0.466738723418293,0.587542171243344,97
1,5,0.863831794970521,0.567213311318722,97
3,5,0.724231657732966,0.0419389466294377,97
2,5,0.66935767067373,0.776974047888942,97
4,5,0.587591484193131,0.346535417724803,97
5,5,0.464190649681492,0.464985182383925,97
1,6,0.852692494498034,0.848774069360529,97
3,6,0.688152007333257,0.626261462715941,97
2,6,0.70288505827972,0.743460707886233,97
4,6,0.571179884912534,0.597040046668668,97
5,6,0.485869866773149,0.0351710405149289,97
1,7,0.861363952435774,0.747169309736144,97
3,7,0.698290831798231,0.678873446334444,97
2,7,0.714836172575908,-0.0430329441558755,97
4,7,0.601154228180957,0.0925729292770869,97
5,7,0.45972538403706,0.295139817184521,97
1,8,0.854571833301463,0.870345909023524,97
3,8,0.72817963501183,-0.113840348844697,97
2,8,0.672014301799496,0.831431024735767,97
4,8,0.588103214994513,0.680161319816452,97
5,8,0.467636320770194,0.456934815944697,97
1,9,0.855082764570576,0.884785944162554,97
3,9,0.702005828661069,0.557903111907559,97
2,9,0.700877667007835,0.721879710983227,97
4,9,0.58682957481829,0.188161345193583,97
5,9,0.478953428411456,0.0482661637624579,97
1,10,0.852361229758892,0.867941892908613,97
3,10,0.708107843756402,0.535230667165178,97
2,10,0.688174270452767,0.661279612011071,97
4,10,0.59338227025212,0.201851377090657,97
5,10,0.458056983256673,0.375859873968019,97
1,11,0.86102699128847,0.799691160352445,97
3,11,0.689560225013549,0.425929653492186,97
2,11,0.732041263387526,0.496702077752773,97
4,11,0.614338475149549,-0.213863520918445,97
5,11,0.472968448282277,0.0988154046258345,97
1,12,0.867616999495517,0.653727509323075,97
3,12,0.716418628742907,0.282800870518184,97
2,12,0.674404130407073,0.766739356288404,97
4,12,0.589579260081214,0.367746261492518,97
5,12,0.462589971921818,-0.0207047747978534,97
1,13,0.854155028057642,0.842507592713436,97
3,13,0.726443737170254,0.297914492803443,97
2,13,0.688236545799802,0.408140890375464,97
4,13,0.57955915773087,0.549990346345696,97
5,13,0.477005947905872,0.199045030007487,97
1,14,0.849071240404915,0.927896495827351,97
3,14,0.719309747944432,0.45185952804211,97
2,14,0.647483819238329,0.91229200811886,97
4,14,0.577996870408469,0.539818696246671,97
5,14,0.466140614681337,0.242850716719586,97
1,15,0.86027790156313,0.6158364085662,97
3,15,0.69904613478888,0.666653715625252,97
2,15,0.681474698530582,0.652401858488432,97
4,15,0.576456281827019,0.544506893958051,97
5,15,0.467570379591296,0.556690019687568,97
1,1,0.85587677613077,0.8122091995046,98
2,1,0.628688071685889,0.542371719703406,98
4,1,0.609558636864312,0.781872412959334,98
5,1,0.60751810329149,-0.0298013228374812,98
3,1,0.496960830189145,0.766525910079948,98
1,2,0.863015975897554,0.727926029513769,98
2,2,0.622439992709411,0.629365814435479,98
4,2,0.612205867537182,0.390094465954838,98
5,2,0.555867102887374,-0.422041625266929,98
3,2,0.579819471411318,0.598056652466074,98
1,3,0.854059048712682,0.884433252817848,98
2,3,0.625454113197642,0.583891708727587,98
4,3,0.624340186045328,0.548816672499209,98
5,3,0.567334336351049,-0.455584341128049,98
3,3,0.53301094378322,0.417563445544234,98
1,4,0.856805472525269,0.802589638918443,98
2,4,0.631103290041499,0.466001693761164,98
4,4,0.623406250716281,0.339095931161148,98
5,4,0.579580014167201,0.378048462364064,98
3,4,0.517795597983588,0.725847098860231,98
1,5,0.853152079270278,0.859077999893431,98
2,5,0.616582754853332,0.710646886959394,98
4,5,0.631382460605963,0.605607973452938,98
5,5,0.575875297837141,0.590938690235526,98
3,5,0.499153261289494,0.452114933242743,98
1,6,0.851889703094177,0.897288829834571,98
2,6,0.623114380002174,0.576847768652955,98
4,6,0.621792687876988,0.532605834455947,98
5,6,0.537589019731394,0.18707036655617,98
3,6,0.565156862485607,0.517442109722551,98
1,7,0.85180453586714,0.935100403297692,98
2,7,0.630790831304871,0.257013164478388,98
4,7,0.612002154992324,0.504430132393779,98
5,7,0.555181710007482,0.26779974757109,98
3,7,0.5393956826453,0.492628495378784,98
1,8,0.853180296422936,0.894319146254385,98
2,8,0.614721580977494,0.578448435891547,98
4,8,0.622439544506703,0.471120075149617,98
5,8,0.553474132179048,0.232303264220228,98
3,8,0.576647229217017,0.599290471623796,98
1,9,0.852695591828073,0.875423155505923,98
2,9,0.624382280898802,0.319421028307612,98
4,9,0.615205861932565,0.580979107727605,98
5,9,0.543326917086028,0.172965545901982,98
3,9,0.543138254626564,0.724589743056138,98
1,10,0.85790435003975,0.797191454120504,98
2,10,0.63034562362278,0.527262792248597,98
4,10,0.609231394242697,0.578091358322231,98
5,10,0.553397516614527,-0.0219904877389622,98
3,10,0.606066019183276,0.466286489345179,98
1,11,0.849977736836633,0.880518530268472,98
2,11,0.63839011309099,0.446543823541562,98
4,11,0.616269623177065,0.309419050095149,98
5,11,0.584449281783689,0.123325635034179,98
3,11,0.539537547338093,0.417638450215851,98
1,12,0.86596765910908,0.678410671040508,98
2,12,0.633461016435181,0.314498274908552,98
4,12,0.632712487661059,0.0481846594086491,98
5,12,0.584611997562826,-0.0108910141437636,98
3,12,0.545517641360859,0.0714998699485028,98
1,13,0.861355380529162,0.768328605606133,98
2,13,0.62516085630709,0.634885245155524,98
4,13,0.631787978257521,0.412003045766912,98
5,13,0.539749864887673,0.144944272103547,98
3,13,0.602573229987447,0.161673427434122,98
1,14,0.855940662054487,0.824195636912456,98
2,14,0.603139939288829,0.779144396571346,98
4,14,0.624435167632157,0.585727178623785,98
5,14,0.545140111228589,-0.0122230612800877,98
3,14,0.56968237366217,0.415781958369486,98
1,15,0.858594945567252,0.800143473966247,98
2,15,0.617850554543976,0.833138542146726,98
4,15,0.612471734647233,0.490890707753526,98
5,15,0.593531844833065,0.249312484035,98
3,15,0.521999544562082,0.467283017286767,98
1,1,0.818642871968975,0.862952692960199,99
2,1,0.595057637355546,0.669459675333781,99
4,1,0.546459355092279,0.67615777593929,99
3,1,0.575120811017191,0.4588595508274,99
5,1,0.500932157741904,0.459587167198482,99
1,2,0.814561637467044,0.869560364403784,99
2,2,0.601264005236151,0.396410981624562,99
4,2,0.589465989091358,0.234813166276698,99
3,2,0.547665758014528,0.404817368266169,99
5,2,0.517313138139571,0.39428948081081,99
1,3,0.822060351707977,0.780053462405543,99
2,3,0.602327873637262,0.295170903617541,99
4,3,0.566010072058673,0.528574321358209,99
3,3,0.534021981621634,0.584505665242646,99
5,3,0.530817513970569,-0.0402665932700058,99
1,4,0.818780276338853,0.752330678244758,99
2,4,0.564359292219581,0.543657611708017,99
4,4,0.559363588343162,0.41673512434821,99
3,4,0.557349880810503,0.555844225083268,99
5,4,0.504331827939558,0.639279694301735,99
1,5,0.834580608826065,0.598592024731845,99
2,5,0.595018667901019,0.61011130070313,99
4,5,0.570824275032754,0.142922719018604,99
3,5,0.565322259508731,0.178756031420687,99
5,5,0.524715972340063,0.245780460151515,99
1,6,0.808351784453795,0.946852465669031,99
2,6,0.606116580905398,0.211681314532377,99
4,6,0.558298208227647,0.240001117864054,99
3,6,0.570744644747135,0.228300110427242,99
5,6,0.498785734789356,0.219073765339801,99
1,7,0.816759133461491,0.858872184568562,99
2,7,0.615703269547717,0.106811381480151,99
4,7,0.562938433324523,0.174620431029458,99
3,7,0.56196689120287,0.539136646212627,99
5,7,0.51691902720637,0.375921786359841,99
1,8,0.817123490127686,0.889742979577951,99
2,8,0.590090042040806,0.588325135080795,99
4,8,0.566639965493931,0.390358156468658,99
3,8,0.564860932592255,0.318636637118244,99
5,8,0.50853795307129,0.132920089848561,99
1,9,0.820843122406152,0.808920962466622,99
2,9,0.59830286905297,0.588998177487828,99
4,9,0.544482284981763,0.670312218973832,99
3,9,0.556730419320759,0.353778966498547,99
5,9,0.525140287108988,0.365327015670495,99
1,10,0.824050216137325,0.749238181814929,99
2,10,0.605645174262703,0.417735412832424,99
4,10,0.595407136215058,-0.131354709847917,99
3,10,0.563448234584249,0.312456106238277,99
5,10,0.508380074478926,0.329364552875386,99
1,11,0.822609749957779,0.812436825534437,99
2,11,0.597782760782702,0.569209910422685,99
4,11,0.587968408221563,0.5715088607562,99
3,11,0.517659186462167,0.542942810990651,99
5,11,0.523892282986961,-0.139675909616282,99
1,12,0.823872244979458,0.706210472952535,99
2,12,0.608677587709102,0.251253752298963,99
4,12,0.564493203663993,0.347750541148602,99
3,12,0.562126468356135,0.697767079047333,99
5,12,0.54729600421654,-0.0246624004362285,99
1,13,0.837203724896746,0.567855683887692,99
2,13,0.596458229176128,0.163288463103757,99
4,13,0.590835123377319,0.0822100727657323,99
3,13,0.551383856602391,0.518537065061093,99
5,13,0.513133703135602,0.182684158501612,99
1,14,0.816122745997431,0.856590985273176,99
2,14,0.597021194154984,0.253892677995527,99
4,14,0.596643803990331,-0.151922150707558,99
3,14,0.575188831904838,-0.106690054283697,99
5,14,0.50572085581141,0.305939474574005,99
1,15,0.824937879639664,0.737447608533911,99
2,15,0.587658123225547,0.585571704832652,99
4,15,0.577490972855582,-0.0646842287614181,99
3,15,0.578710279327305,0.434332263422506,99
5,15,0.517217801288202,0.186391491858124,99
1,1,0.849516929823281,0.844514968634626,100
3,1,0.662325424709912,0.345348596057738,100
2,1,0.643481631753586,0.76292415911352,100
4,1,0.561580357071985,0.523006859174687,100
5,1,0.472147765147044,0.346586130723205,100
1,2,0.856564590020697,0.642317171411782,100
3,2,0.660442831550703,0.516806469314996,100
2,2,0.684848082027485,-0.10899702573607,100
4,2,0.595376818474173,0.196408662571418,100
5,2,0.487666762181438,0.144448612930621,100
1,3,0.849735964232395,0.818382730230913,100
3,3,0.645816894181434,0.393097102959111,100
2,3,0.678682602280172,0.525855409415854,100
4,3,0.568616971488009,0.327227609307639,100
5,3,0.482417625901506,0.400340885623245,100
1,4,0.852341802419254,0.746390094026811,100
3,4,0.64950148474376,0.484869878931956,100
2,4,0.681155568918178,0.354230717127801,100
4,4,0.550553463508796,-0.174382289953482,100
5,4,0.509589621761189,-0.0117489340406696,100
1,5,0.840051326434742,0.926652897577006,100
3,5,0.649528855884964,0.612907887719599,100
2,5,0.663713343315375,0.606527784902597,100
4,5,0.571063204853381,0.30804600208285,100
5,5,0.502500601566478,-0.0347641827733987,100
1,6,0.841433988799417,0.90663984549298,100
3,6,0.681407305444084,0.688883851808649,100
2,6,0.628650583291591,0.746637159651895,100
4,6,0.567694059826178,0.00376085047583378,100
5,6,0.474469441213984,0.407795329607889,100
1,7,0.84577485548187,0.813637973016593,100
3,7,0.671311767887668,0.322030464469589,100
2,7,0.664346529890753,0.675184339579763,100
4,7,0.568357014928773,0.444720790345336,100
5,7,0.473224775248993,0.533248418511987,100
1,8,0.84546392633097,0.881561697359048,100
3,8,0.669223098941286,0.428926507333766,100
2,8,0.643621699074046,0.759081767537737,100
4,8,0.565010605151469,0.0235821127104485,100
5,8,0.50717527833417,-0.263087508581907,100
1,9,0.843956469561265,0.911105246656264,100
3,9,0.647425698981189,0.442840094840985,100
2,9,0.642665093273933,0.730369126199522,100
4,9,0.553073626251099,0.466848639039594,100
5,9,0.512792070934561,0.0544976596738907,100
1,10,0.854918171429133,0.692852662304462,100
3,10,0.655561798487038,0.279324679550187,100
2,10,0.692900787115932,0.421300028988782,100
4,10,0.563428254096128,0.557439862456996,100
5,10,0.481308753636954,0.414203853874145,100
1,11,0.849310514876071,0.804030423613487,100
3,11,0.674983888370051,0.539609974675962,100
2,11,0.643699653402756,0.650788796503028,100
4,11,0.557829834106435,0.500668357269199,100
5,11,0.493599820756405,0.146635970161472,100
1,12,0.857560284936765,0.50435340880947,100
3,12,0.64749600000177,0.474110566298466,100
2,12,0.676337416438943,0.529675807672038,100
4,12,0.575221809263933,0.317341853614518,100
5,12,0.498116685317926,-0.287727139410309,100
1,13,0.844349547912924,0.82320520350178,100
3,13,0.649527313071808,0.235901118646973,100
2,13,0.688845333186064,0.366601015248319,100
4,13,0.547356575902818,0.412653488314731,100
5,13,0.488921976640485,0.551735553740608,100
1,14,0.851015874636829,0.661145194719094,100
3,14,0.665463119730575,-0.162629260686446,100
2,14,0.688915470554142,0.277987725365796,100
4,14,0.561566144916212,0.658928889616666,100
5,14,0.502763724726017,0.0634858005745915,100
1,15,0.850600374910295,0.849337235758683,100
3,15,0.65681608968969,0.189370821445866,100
2,15,0.688379595844305,0.671330617180232,100
4,15,0.57314232725341,0.074812728730214,100
5,15,0.49215685279319,-0.237045698431154,100
