"canonical_direction","fold","train","test","seed"
1,1,0.901186720746707,0.971599790339763,0
3,1,0.830575469869067,0.488544054442009,0
2,1,0.788911022339726,0.535879863908768,0
4,1,0.790604412700125,0.255657788337882,0
5,1,0.784888097093499,0.370544823497581,0
1,2,0.908142335574301,0.890169585359778,0
3,2,0.83282933047512,0.662770368020872,0
2,2,0.785846298825355,0.340998904730617,0
4,2,0.80056661426554,0.656581270040323,0
5,2,0.78563071340842,0.371234230152724,0
1,3,0.910338098775168,0.816356509758531,0
3,3,0.830392454465748,0.763726823170488,0
2,3,0.80101442465934,0.767588521467748,0
4,3,0.791738257813846,0.735881879869256,0
5,3,0.761119275580939,0.610425533654318,0
1,4,0.908143481995994,0.904837099946737,0
3,4,0.827635151503474,0.577271658415956,0
2,4,0.79554373701418,0.490191988229679,0
4,4,0.786467718832331,0.76124769802648,0
5,4,0.785387016480738,0.539678065542284,0
1,5,0.910232515920736,0.71415301150082,0
3,5,0.851142750328451,0.440857336939862,0
2,5,0.769027302228496,0.891328526168747,0
4,5,0.798925437729369,0.650029798813265,0
5,5,0.789977455444414,0.284981082608136,0
1,6,0.921293036705498,0.522971485933325,0
3,6,0.821275940845472,0.421688013694707,0
2,6,0.810042886495194,0.735783308502164,0
4,6,0.796719234127368,0.466461727273464,0
5,6,0.784047177926584,0.327513422758195,0
1,7,0.913833901787568,0.714230500818445,0
3,7,0.833830088766868,0.227405908089318,0
2,7,0.803589989728534,0.700880979064818,0
4,7,0.804403202498692,0.512938522360786,0
5,7,0.779251415555247,0.587742354417992,0
1,8,0.911869564259221,0.824266914036909,0
3,8,0.848674436927414,0.566862219140267,0
2,8,0.789483013027044,0.545400412135874,0
4,8,0.795099696930977,0.706757119735069,0
5,8,0.782700568676487,-0.00745388831757422,0
1,9,0.911763396149054,0.71925374423825,0
3,9,0.820268628452622,0.789934664916188,0
2,9,0.801379484952025,0.668026661252799,0
4,9,0.796081189824057,0.458453039576226,0
5,9,0.767838414485495,0.637936945979596,0
1,10,0.90781904830724,0.954633806394327,0
3,10,0.862228914753521,0.4905011990138,0
2,10,0.778974405015592,0.198129879202876,0
4,10,0.791250489032512,0.804987753772605,0
5,10,0.784379915573018,0.547363746224654,0
1,11,0.906215717521227,0.935393973917835,0
3,11,0.851243623328908,0.506680322220333,0
2,11,0.77477546376238,0.799766731008593,0
4,11,0.792437533291918,0.305826937663489,0
5,11,0.788025315182614,0.0448064692646305,0
1,12,0.906648274164375,0.90489734509332,0
3,12,0.837477222406275,0.627506800741302,0
2,12,0.788707373240121,0.688181431824723,0
4,12,0.792078747054241,0.587720646702089,0
5,12,0.775305225329982,0.503472365682976,0
1,13,0.906840023902077,0.94927892759917,0
3,13,0.824664410946546,0.343055967962885,0
2,13,0.808375441284183,0.425839588857759,0
4,13,0.805725000992606,0.273794496234071,0
5,13,0.775228249388827,0.100142812082603,0
1,14,0.908150088848,0.852520119189258,0
3,14,0.851495667866693,0.695699375718306,0
2,14,0.784119460742244,0.655005393256236,0
4,14,0.797320933736683,0.505821975248501,0
5,14,0.763232184301057,0.696477240182997,0
1,15,0.908542531685204,0.859662970782169,0
3,15,0.825150065024279,0.529031726968305,0
2,15,0.80251528170298,0.51939918194883,0
4,15,0.802344685943906,0.348420107281482,0
5,15,0.781491413685827,0.677000641906031,0
1,1,0.941224699002695,0.8473215365623,1
2,1,0.904639238356921,0.747786212862872,1
4,1,0.87042077020888,0.608359860815418,1
3,1,0.822974060680988,0.528876291375965,1
5,1,0.837961676093609,0.438945338040017,1
1,2,0.940693060466805,0.906053991011836,1
2,2,0.906865820638449,0.449784941184839,1
4,2,0.873984731345616,0.111665869212991,1
3,2,0.835169724906984,0.612054740498254,1
5,2,0.849983643882238,0.435447510003523,1
1,3,0.94069240519095,0.917535510188153,1
2,3,0.906775788761964,0.801694524869546,1
4,3,0.860258049963215,0.559606937353495,1
3,3,0.845124879783118,0.188054642176853,1
5,3,0.841529467094017,0.613790815592082,1
1,4,0.938580334379452,0.949308111238404,1
2,4,0.915136512080695,0.61925519113437,1
4,4,0.870452772519892,0.506870462965126,1
3,4,0.822089544422793,0.655166574282328,1
5,4,0.838794136817051,0.38359474843608,1
1,5,0.949837253043513,0.731345732918502,1
2,5,0.913126023694779,0.388123182167073,1
4,5,0.867258799861773,0.109920710847493,1
3,5,0.847095800827548,0.138443323256986,1
5,5,0.856460975795252,0.331260842784442,1
1,6,0.94079875767712,0.859614298109452,1
2,6,0.910618068815753,0.674551311877272,1
4,6,0.850930451876351,0.438994173767159,1
3,6,0.842407430014046,0.314982788487257,1
5,6,0.846435993378915,0.421738278580146,1
1,7,0.936467753888604,0.974403007161701,1
2,7,0.91097067340114,0.692871586042227,1
4,7,0.87421366820392,0.494811106271506,1
3,7,0.827937973129212,0.522262716011833,1
5,7,0.838237662120519,0.55072643648807,1
1,8,0.937341111257735,0.949039825656001,1
2,8,0.905830503612566,0.582595491332959,1
4,8,0.866100245905645,0.811512046180117,1
3,8,0.820145111893804,0.793003094353865,1
5,8,0.853056206653496,0.152621492131654,1
1,9,0.941768770515217,0.713931002004012,1
2,9,0.906260208073904,0.619976056412084,1
4,9,0.880070713766047,0.558464642466222,1
3,9,0.826192303881048,0.635130230308609,1
5,9,0.84009830791122,0.670007587335399,1
1,10,0.939165220644921,0.902497409822865,1
2,10,0.905517912545315,0.386806656738864,1
4,10,0.875266604487244,0.387210442160531,1
3,10,0.817754742954247,0.72016154242587,1
5,10,0.842044431341598,0.461585648095668,1
1,11,0.94007613887984,0.866897380897007,1
2,11,0.908899537495203,0.629486713383056,1
4,11,0.872966728133914,-0.557436982550516,1
3,11,0.830263315735425,0.159370863975431,1
5,11,0.838418405147383,0.720445116176085,1
1,12,0.93906183197003,0.933489306234796,1
2,12,0.90371491202579,0.63829727525869,1
4,12,0.874456370816442,0.843809724675777,1
3,12,0.81834078800325,0.80081151761332,1
5,12,0.851289341534975,0.313303485110316,1
1,13,0.937066553649165,0.946188223475218,1
2,13,0.911590526811533,0.446965848039402,1
4,13,0.873583980577047,0.705757698767368,1
3,13,0.832216863402704,0.557753126547457,1
5,13,0.848196897210042,0.176601506367587,1
1,14,0.947149634824754,0.656838590361291,1
2,14,0.914024671432938,0.641069591548461,1
4,14,0.864138279123754,0.873697450856714,1
3,14,0.830269729353288,0.58628691279734,1
5,14,0.855679153684857,0.30624617122504,1
1,15,0.938965892146143,0.869429981529665,1
2,15,0.907137829208642,0.659536942752419,1
4,15,0.872222246970777,0.732129051456438,1
3,15,0.818143176112212,0.688275301738385,1
5,15,0.843569069633061,0.516887947611359,1
1,1,0.913394186961215,0.910042380423516,2
4,1,0.791660983749513,0.617881391473722,2
2,1,0.853256301196963,0.721435949405003,2
3,1,0.800614115835546,0.366227747093276,2
5,1,0.764890827023123,0.19660093717032,2
1,2,0.907262951437367,0.97427235715626,2
4,2,0.828691869103001,0.529592001137838,2
2,2,0.830575058233166,0.645178620748334,2
3,2,0.802127878886907,0.6729516171621,2
5,2,0.771371758823606,0.503765737930547,2
1,3,0.916471144922415,0.817563550570791,2
4,3,0.840028562303225,0.0987723000753752,2
2,3,0.811022195170687,0.765385403754534,2
3,3,0.790223819201404,0.716131632987747,2
5,3,0.777637443077263,0.819656444623741,2
1,4,0.922212509082736,0.727240819125245,2
4,4,0.870434612749052,0.193159861682559,2
2,4,0.785551308627538,0.653194687155314,2
3,4,0.795986594822187,0.722597326071815,2
5,4,0.769718094752542,0.747124256326668,2
1,5,0.90745372650194,0.973530142865675,2
4,5,0.867352017826925,0.415556397878493,2
2,5,0.77898469533252,0.684843972150378,2
3,5,0.783576403732158,0.755189459074757,2
5,5,0.778895884107062,0.206346196878789,2
1,6,0.917018200192313,0.804869415144464,2
4,6,0.795343704323306,0.578981698486489,2
2,6,0.871274920133721,0.749040997360183,2
3,6,0.79449717165669,0.659074203978951,2
5,6,0.760756725977449,0.438189984623035,2
1,7,0.917756189397849,0.800351655260787,2
4,7,0.847102311537787,0.436817048454579,2
2,7,0.806540536492239,0.526611862736238,2
3,7,0.800383715024198,0.604425483640966,2
5,7,0.770497807836384,0.250897721637573,2
1,8,0.911932565445892,0.874528559567167,2
4,8,0.865304898227184,0.573605291401254,2
2,8,0.790563839369174,0.544180786688031,2
3,8,0.806046037704747,0.207112687916885,2
5,8,0.768052085810469,0.291880181708936,2
1,9,0.915329423247845,0.863647678260027,2
4,9,0.841928778397791,0.22026918354112,2
2,9,0.811342240569919,0.582590189404161,2
3,9,0.791295866270265,0.731402104384421,2
5,9,0.778310096332259,0.329002919072236,2
1,10,0.912513181237358,0.910216644604412,2
4,10,0.861882685213326,0.81168853344117,2
2,10,0.779339409605504,0.648178057438669,2
3,10,0.809527270386723,0.640462233166587,2
5,10,0.768959111031551,0.00216647402371608,2
1,11,0.909341972897003,0.946639972421494,2
4,11,0.78139706236932,0.212096036635347,2
2,11,0.863405417134324,0.599946658163833,2
3,11,0.791828399949612,0.25923361580008,2
5,11,0.76588081518718,0.709565780022061,2
1,12,0.912520852298556,0.849895743874492,2
4,12,0.868519286930586,0.550388739962427,2
2,12,0.781398414903603,0.625995771077957,2
3,12,0.789314657655384,0.213570473223708,2
5,12,0.787059474795246,0.693192686804021,2
1,13,0.913719963049062,0.882863817718604,2
4,13,0.795412236534083,0.132173276559637,2
2,13,0.856949137548789,0.86034181951667,2
3,13,0.797207981218249,0.241596393592476,2
5,13,0.786664891504779,-0.212997153725548,2
1,14,0.916641801187268,0.863609884982781,2
4,14,0.862568814789337,0.53678711946472,2
2,14,0.772743800358187,0.794973327431141,2
3,14,0.807239591734933,0.572879005802242,2
5,14,0.773831593740055,0.325094582492664,2
1,15,0.919658588608622,0.841093821476644,2
4,15,0.797068208152161,0.490966033405358,2
2,15,0.852143905672351,0.737900509947009,2
3,15,0.792054943684978,0.462136065280281,2
5,15,0.760000210811578,0.455917015847197,2
1,1,0.900202442609667,0.910585384979898,3
3,1,0.828678748303578,0.731002228433575,3
2,1,0.837953421900115,0.772154969441877,3
4,1,0.757662198468826,0.307357657872537,3
5,1,0.737741249880156,0.418572805925114,3
1,2,0.90600115928272,0.7468786768584,3
3,2,0.842667494594066,0.705701390126546,3
2,2,0.821621227985664,0.875119666269229,3
4,2,0.754529322776253,0.648108503506401,3
5,2,0.730890306246788,0.334187402003625,3
1,3,0.901943945045486,0.863777143356068,3
3,3,0.838474768828937,0.585421982007607,3
2,3,0.835117427475604,0.58502151523087,3
4,3,0.764013242572872,0.528572236358479,3
5,3,0.725603665761383,0.566288327266909,3
1,4,0.902954254407106,0.845689525900381,3
3,4,0.838265145243435,0.639413825649102,3
2,4,0.826991506349236,0.757412728564925,3
4,4,0.758041064177898,0.454089797624259,3
5,4,0.741953939779039,0.0732739916190904,3
1,5,0.902878882017668,0.924039299209466,3
3,5,0.859660274960321,0.566242709594218,3
2,5,0.823150146952289,0.722816016276244,3
4,5,0.763474769818438,0.635985038705555,3
5,5,0.738306158909735,0.473494936203818,3
1,6,0.901425801145344,0.835510144138308,3
3,6,0.868832960855739,0.5005395002076,3
2,6,0.801946590777185,0.684690993979091,3
4,6,0.746949907115381,0.882049114441497,3
5,6,0.745515539682981,0.276574763779889,3
1,7,0.913620214456792,0.527973283834916,3
3,7,0.804585657722584,0.284963605493641,3
2,7,0.86980734989057,0.681669917315235,3
4,7,0.766311475962508,0.589982668430386,3
5,7,0.743400001156173,0.592253254290366,3
1,8,0.900524994539401,0.870830744994995,3
3,8,0.861602976563653,0.500203801077259,3
2,8,0.795796477560413,0.588857995251384,3
4,8,0.770690857701018,0.252910763970625,3
5,8,0.738572100161407,0.290191189365889,3
1,9,0.904179282303821,0.852877738314995,3
3,9,0.83173641983413,0.492718205173557,3
2,9,0.842376531135565,0.638540836389836,3
4,9,0.756907125337945,0.571233615462755,3
5,9,0.744330118600088,0.377563176682979,3
1,10,0.899614060272015,0.919109803824747,3
3,10,0.871818602439184,0.781096204742127,3
2,10,0.797636903435019,0.785661422945844,3
4,10,0.742173432744727,0.307336091955142,3
5,10,0.737685375926865,0.286256305982182,3
1,11,0.904625523299577,0.805999217613488,3
3,11,0.872857356884522,0.613802852392653,3
2,11,0.804502393459434,0.355526996191952,3
4,11,0.753030347709516,0.66299444797708,3
5,11,0.73413008814099,0.324103642418405,3
1,12,0.901853092350309,0.873000332967479,3
3,12,0.880916419632226,0.521541726642915,3
2,12,0.789763094213852,0.817600221060327,3
4,12,0.762726124382228,0.473463026298104,3
5,12,0.738717214430352,0.537440653733649,3
1,13,0.902329608028611,0.867308064849353,3
3,13,0.835543986906925,0.124044529801933,3
2,13,0.838165441084618,0.526421826718277,3
4,13,0.776278007375035,0.119147828099333,3
5,13,0.744645257059347,0.640464888057547,3
1,14,0.903493273245501,0.815720178637287,3
3,14,0.841323183172543,0.0841124317817736,3
2,14,0.824157416755379,0.466888066341375,3
4,14,0.759799276446181,0.143277933220465,3
5,14,0.750825944218865,0.191728371351585,3
1,15,0.90521894275573,0.802103912429799,3
3,15,0.868916051748576,0.478919801435473,3
2,15,0.782275948926614,0.735244845028603,3
4,15,0.763772275864249,0.400321111186093,3
5,15,0.732444449520602,0.38911707631393,3
1,1,0.88702485116031,0.813228711934802,4
4,1,0.748371061002062,0.535535818113257,4
2,1,0.813328529888087,0.268594874746421,4
3,1,0.745703820409306,0.168801307310436,4
5,1,0.722578929492414,0.165829393513786,4
1,2,0.895834109560071,0.683415756494723,4
4,2,0.746324572892738,0.279865208993762,4
2,2,0.837619277186209,0.849735247421418,4
3,2,0.738098922190139,0.568261861053974,4
5,2,0.730633124967822,0.451747076591386,4
1,3,0.889667397774479,0.839799027043412,4
4,3,0.764535035671465,0.506625673496184,4
2,3,0.773951752317402,0.794729151318044,4
3,3,0.750813973285305,0.537909848400481,4
5,3,0.723501372325733,0.564416585178244,4
1,4,0.880977210801345,0.94233657745924,4
4,4,0.746618174611837,0.368504711184286,4
2,4,0.815400683011267,0.709250105218045,4
3,4,0.736765789041164,0.749069259604431,4
5,4,0.730141244893005,0.435700547864585,4
1,5,0.881037846881289,0.95625218195446,4
4,5,0.749952718009615,0.748259475303354,4
2,5,0.817367355522986,0.131896442375588,4
3,5,0.73595031568014,0.61294614146035,4
5,5,0.723518139709758,0.641747590191515,4
1,6,0.887102837764246,0.889947367361467,4
4,6,0.789204018479891,0.0511245138892105,4
2,6,0.781529410001976,0.501387068709005,4
3,6,0.755497423539495,0.495113116262704,4
5,6,0.734761044432797,0.315949512126246,4
1,7,0.88917542485513,0.847050722751111,4
4,7,0.790902258018086,0.353744526145826,4
2,7,0.764850279720417,0.579556241427784,4
3,7,0.75597254714971,0.599596045012796,4
5,7,0.719299967392033,0.531469114439634,4
1,8,0.889935483031792,0.826209342024053,4
4,8,0.778826585347148,0.7423644141691,4
2,8,0.764737936701177,0.77489018522706,4
3,8,0.735821167282958,0.607770126650712,4
5,8,0.725446858615381,0.210630036111951,4
1,9,0.880644459948177,0.961075147649138,4
4,9,0.73858147151615,0.685239628325944,4
2,9,0.809270813367584,0.431404516355504,4
3,9,0.736904337259772,0.752176459346506,4
5,9,0.721822119309038,0.428623574228083,4
1,10,0.889576743253301,0.862285890441666,4
4,10,0.779834703830364,0.647656106486941,4
2,10,0.774579870911794,0.654298878435764,4
3,10,0.749277707165905,-0.0994023988076265,4
5,10,0.727014864940963,0.419672717361008,4
1,11,0.895355064340228,0.75310350029179,4
4,11,0.752132048088165,0.22362802971102,4
2,11,0.829056653464364,0.155783266664423,4
3,11,0.775852742694921,0.18348671795429,4
5,11,0.726803063298439,0.501275921125248,4
1,12,0.896768405392881,0.764621692323502,4
4,12,0.779488602176934,0.737106272957795,4
2,12,0.765372921440317,0.800521921053216,4
3,12,0.744867998598498,0.671371828308454,4
5,12,0.732743205516431,-0.0588658134910393,4
1,13,0.888323971060017,0.878464128579906,4
4,13,0.768382505264451,0.47198844374292,4
2,13,0.787854805225321,0.708637604185754,4
3,13,0.743189365763631,0.771194459000742,4
5,13,0.726255248786647,0.422401639586328,4
1,14,0.890291713211151,0.823119212932664,4
4,14,0.738564517132603,0.777931075657161,4
2,14,0.834041732319324,0.843551578421283,4
3,14,0.738520215752718,0.567955539193995,4
5,14,0.720823847807113,0.497452623522072,4
1,15,0.889207417439608,0.855619960779499,4
4,15,0.804398565066485,-0.0087339150467935,4
2,15,0.745600093216237,0.757612147198253,4
3,15,0.747642714097843,0.278691686686001,4
5,15,0.736009489384131,0.730078083367518,4
1,1,0.940534603348279,0.858332200156421,5
4,1,0.907138946315988,0.265310667059227,5
2,1,0.870269636057169,0.636679201368221,5
3,1,0.862761947990507,0.604839719802469,5
5,1,0.84424548760648,0.522012005312182,5
1,2,0.938710958683741,0.895500676103692,5
4,2,0.901360509753045,0.742219069976172,5
2,2,0.867764041389885,0.625382951014887,5
3,2,0.871594297183985,0.480297897483048,5
5,2,0.849060603324643,0.24030612114261,5
1,3,0.939661258916199,0.829655639522056,5
4,3,0.904910071919721,0.689720229388619,5
2,3,0.862802616023614,0.636117178574739,5
3,3,0.859575714185564,0.248540967491707,5
5,3,0.841959259473625,0.232887136984439,5
1,4,0.940391393882857,0.864969930242837,5
4,4,0.90330156637031,0.418644782253975,5
2,4,0.875570261683505,0.494421324544682,5
3,4,0.853117985665011,0.558153891752591,5
5,4,0.842352278284325,0.209927501973655,5
1,5,0.940007650562506,0.836009648289929,5
4,5,0.90529682991049,0.218902149304812,5
2,5,0.87689415165281,0.284150743668946,5
3,5,0.858769908467502,0.548498733457591,5
5,5,0.847971412918298,0.482915627111489,5
1,6,0.938006267260568,0.870272505729525,5
4,6,0.904232320870458,0.366946302900663,5
2,6,0.875044714488627,0.437596243544178,5
3,6,0.863304211702663,0.378974594944417,5
5,6,0.836544469539058,0.287078349229382,5
1,7,0.938061883518949,0.861962297418139,5
4,7,0.883947360847788,0.791759804061597,5
2,7,0.885587410184434,0.824845097402786,5
3,7,0.849622441194984,0.768633596122234,5
5,7,0.832850274849614,0.459278443113286,5
1,8,0.940144500792536,0.844831879889519,5
4,8,0.898444240027367,0.74844610526268,5
2,8,0.872025185927306,0.666281253972804,5
3,8,0.858108050290592,0.746069439098415,5
5,8,0.84041311391044,0.368346381151768,5
1,9,0.940526039056565,0.855042961933525,5
4,9,0.910027600090437,0.0586506850481085,5
2,9,0.872422947738235,0.631516398112572,5
3,9,0.855539245684146,0.880798501387294,5
5,9,0.839525389568861,0.386391186346719,5
1,10,0.936582094455456,0.917346435986909,5
4,10,0.905391618544391,0.755220628914594,5
2,10,0.866629321344358,0.814799156806053,5
3,10,0.86432070620534,0.428808212944352,5
5,10,0.830060610404119,0.647884112408151,5
1,11,0.940525905985899,0.877976434226257,5
4,11,0.904692287048551,0.860090477587961,5
2,11,0.870885711562541,0.558376738606521,5
3,11,0.860683943085948,0.537410072109054,5
5,11,0.843837755596553,0.0431308349918356,5
1,12,0.936248954867554,0.898951380045963,5
4,12,0.904818478909666,0.561726661794855,5
2,12,0.865292117592002,0.824062363757746,5
3,12,0.860843105999618,0.536504767261847,5
5,12,0.833363761917957,0.233698629826255,5
1,13,0.937195400824889,0.880192283203186,5
4,13,0.907182988790434,0.341171503750712,5
2,13,0.860567383160964,0.7638185392025,5
3,13,0.859145865271973,0.318189390980329,5
5,13,0.851188346876761,0.129080767789389,5
1,14,0.940920626135741,0.339736875485556,5
4,14,0.907915002466873,0.579375168920917,5
2,14,0.873508955976225,0.784313861323589,5
3,14,0.858886522904576,0.691038733411861,5
5,14,0.833078194775085,0.571592966722167,5
1,15,0.937001516177066,0.932719127847616,5
4,15,0.885971436852645,0.36950599744127,5
2,15,0.892232015158488,0.6744780631274,5
3,15,0.863921362055805,0.609597229848434,5
5,15,0.83314164245364,0.395509557875696,5
1,1,0.902922510066081,0.864890358633498,6
4,1,0.76666217656478,0.547629421166138,6
2,1,0.833077076804059,0.616117037818941,6
3,1,0.797024820377828,0.206223957699199,6
5,1,0.779369944283352,0.101563746404481,6
1,2,0.906023193443841,0.75976570314557,6
4,2,0.826186708031121,0.370496657765719,6
2,2,0.784066858264416,0.666967590402604,6
3,2,0.772709906414411,0.756688179078139,6
5,2,0.781371878925009,0.626701163443528,6
1,3,0.898945265053175,0.82506355692925,6
4,3,0.82778553564917,0.582089871537836,6
2,3,0.792844347414988,0.63708315002753,6
3,3,0.777158132816686,0.661972291526011,6
5,3,0.802409470550297,0.293083529013004,6
1,4,0.913396019263319,0.488039835083683,6
4,4,0.824174087085685,0.462925460634982,6
2,4,0.777665922289744,0.749780186362612,6
3,4,0.789151405272247,0.353353590522638,6
5,4,0.782767552984661,0.061297295419932,6
1,5,0.899786097332591,0.851239368852201,6
4,5,0.810143494767619,0.715089843930527,6
2,5,0.792921018520958,0.475274884668779,6
3,5,0.794034726274758,0.644433769622203,6
5,5,0.778024011001958,0.649205487488152,6
1,6,0.902282878206533,0.860533816563747,6
4,6,0.797446243914277,0.31225570039408,6
2,6,0.822860680044122,0.51490933301894,6
3,6,0.787188893157738,0.353372138095501,6
5,6,0.783474200984076,0.607892482699357,6
1,7,0.900008987267172,0.829498234912467,6
4,7,0.80124528761003,0.470059207139199,6
2,7,0.810084529356375,0.67382859174037,6
3,7,0.775723521838771,0.784388802388204,6
5,7,0.782536539878507,0.381893724286087,6
1,8,0.897359503182196,0.886830005641561,6
4,8,0.798670395735207,0.755396722245551,6
2,8,0.796107657423478,0.455850905637089,6
3,8,0.791513987924596,0.425075407009614,6
5,8,0.792781699214842,0.543960842361991,6
1,9,0.899359637223875,0.903464470916613,6
4,9,0.805996360729507,0.189717668634574,6
2,9,0.808695792739951,0.558241605116543,6
3,9,0.803143837374964,0.321983397483519,6
5,9,0.786814304707103,0.661632769444904,6
1,10,0.899428348153403,0.884703109214564,6
4,10,0.826855901990056,0.503366750197966,6
2,10,0.772611843077752,0.654477780891018,6
3,10,0.782547389251582,0.687772372201179,6
5,10,0.786204621137413,0.404950637698989,6
1,11,0.904263255591692,0.772080762698221,6
4,11,0.815697664514694,0.701551355262581,6
2,11,0.79672067147493,0.58398193829245,6
3,11,0.776691927785925,0.784800504667829,6
5,11,0.788235439576194,0.683911352157457,6
1,12,0.893900972251549,0.957854062980295,6
4,12,0.824213348343445,0.252239479261449,6
2,12,0.775263674472189,0.772897756387623,6
3,12,0.781957130005357,0.432886573902332,6
5,12,0.77709265015068,0.504298025265781,6
1,13,0.898529246438731,0.880850592399079,6
4,13,0.804517314296126,0.66011750458746,6
2,13,0.803629899072893,0.191384098512493,6
3,13,0.776109499889289,0.829725661107249,6
5,13,0.794333445689068,0.173907712815481,6
1,14,0.893495576924575,0.944248238313654,6
4,14,0.81607439205854,0.356698004969341,6
2,14,0.768629815500346,0.693891508330642,6
3,14,0.78510606419842,0.577418508802955,6
5,14,0.782855136078876,0.276687296518749,6
1,15,0.901573283825468,0.924690298309444,6
4,15,0.808716207077589,0.518687829182263,6
2,15,0.79674699035731,0.599597576155709,6
3,15,0.780865635617893,0.634209553244837,6
5,15,0.781746730193044,0.618606462071219,6
1,1,0.942273567681262,0.805288469059059,7
2,1,0.92657682774295,0.315396984578125,7
4,1,0.863171885458072,0.385972956949284,7
3,1,0.861491611316599,0.414291539005858,7
5,1,0.852986256825389,0.259319651597111,7
1,2,0.941092524826429,0.876827009294813,7
2,2,0.920391697291944,0.638827556255769,7
4,2,0.856141017947128,0.521902425350527,7
3,2,0.856965926724867,0.35530597503765,7
5,2,0.852940185763733,0.439370013120992,7
1,3,0.939341168285026,0.898294528357697,7
2,3,0.92150632479637,0.837882019456365,7
4,3,0.86169158612164,0.585743644739298,7
3,3,0.857685071403443,0.34417756043373,7
5,3,0.839747044544506,0.530598493343762,7
1,4,0.938794189341171,0.901579444941214,7
2,4,0.925559332514103,0.472925193857499,7
4,4,0.840798477796177,0.804677185247542,7
3,4,0.85592235369961,0.320441839099199,7
5,4,0.843909667821834,0.235579467938663,7
1,5,0.940571097732651,0.883780502684512,7
2,5,0.918062302892406,0.659809954758675,7
4,5,0.865406191546847,0.433471823061601,7
3,5,0.848550809907494,0.633562126708244,7
5,5,0.847849550915889,0.295441632326633,7
1,6,0.941186898728293,0.830695290366351,7
2,6,0.925061932530095,0.539623923874302,7
4,6,0.858142680181434,0.681019239779634,7
3,6,0.84875501811206,0.412192230095137,7
5,6,0.849665547064208,0.399025355055114,7
1,7,0.939795210424486,0.953797481462466,7
2,7,0.926937897551659,0.838896617438109,7
4,7,0.867002243404207,0.33605682088075,7
3,7,0.846459161174878,0.660746746202634,7
5,7,0.844264137737592,0.535472452233216,7
1,8,0.940029197922594,0.918069885554055,7
2,8,0.921400193754738,0.916730802464659,7
4,8,0.857374602881023,0.779372838619158,7
3,8,0.852918890988268,0.730908665010036,7
5,8,0.839706591224837,0.610442601808174,7
1,9,0.941282192959021,0.778440816582869,7
2,9,0.91918423870356,0.839385435601834,7
4,9,0.863602228714895,0.647121621974702,7
3,9,0.855551478998076,0.545532748703869,7
5,9,0.845252261415443,0.431139037563071,7
1,10,0.936123431164033,0.955908223680082,7
2,10,0.926782273897287,0.172979102107276,7
4,10,0.865843447082002,0.73521142113148,7
3,10,0.851958181603831,0.679422917743847,7
5,10,0.843572212012962,0.439010752772349,7
1,11,0.940882169871378,0.897103305143121,7
2,11,0.921283633315005,0.920370808242708,7
4,11,0.853161933173169,0.701807162165089,7
3,11,0.85668661225319,0.581130303367264,7
5,11,0.852209023974064,0.413819975406413,7
1,12,0.942292625007029,0.732275142045104,7
2,12,0.925305680292806,0.727889369150703,7
4,12,0.860025170109757,0.586975543954897,7
3,12,0.841155632327614,0.895025026983991,7
5,12,0.850700625355538,0.418283710988815,7
1,13,0.939023192605974,0.919470326173411,7
2,13,0.927814560444913,0.350082864219774,7
4,13,0.866613960722672,0.683409474277769,7
3,13,0.843968531740625,0.792338660682277,7
5,13,0.839540815470621,0.491168955746458,7
1,14,0.941969723289757,0.892186873288698,7
2,14,0.926032129992658,0.70253776473827,7
4,14,0.881135952723558,0.140249226712989,7
3,14,0.850309303185256,0.726468127521791,7
5,14,0.846004797519577,0.507937410582611,7
1,15,0.945746241684277,0.812876662263464,7
2,15,0.919441271618842,0.783548952791051,7
4,15,0.861380941847312,0.0839162435079409,7
3,15,0.862308955548899,0.341440116289754,7
5,15,0.852952812207636,-0.348564068752704,7
1,1,0.943246163389207,0.928979556396676,8
2,1,0.909454540001878,0.380313486623374,8
4,1,0.859582378378935,0.473490285069345,8
3,1,0.848179127179214,0.451270787730472,8
5,1,0.861624691443105,0.504180766974134,8
1,2,0.941779322684583,0.913951074885545,8
2,2,0.905189454207789,0.657430695357243,8
4,2,0.852473483158253,0.602530250940633,8
3,2,0.866485138246704,0.638517248904728,8
5,2,0.854572651820917,0.366418404287354,8
1,3,0.944686536706579,0.901230637997064,8
2,3,0.905862186271684,0.521263850234159,8
4,3,0.861947028663306,0.320365959151558,8
3,3,0.854465593634481,0.839123209123172,8
5,3,0.868867635894278,0.186072428805398,8
1,4,0.94374121291056,0.857219427853041,8
2,4,0.912920382272834,0.401308346093748,8
4,4,0.850255505798897,0.553406738150901,8
3,4,0.860461919284275,0.556623997161628,8
5,4,0.87016358511747,0.482611428411009,8
1,5,0.946870363013515,0.681132128168719,8
2,5,0.905956247163824,0.67316284455493,8
4,5,0.854428767977003,0.56170934003823,8
3,5,0.864152502870076,0.271400132444565,8
5,5,0.860201895688891,0.565692368989905,8
1,6,0.945710710723552,0.835886992893415,8
2,6,0.906285020866915,0.546334211220615,8
4,6,0.851826216970423,0.196955440167268,8
3,6,0.862793258717501,0.370091036112139,8
5,6,0.880831122462527,-0.0245455594020781,8
1,7,0.943355635240773,0.84452287807345,8
2,7,0.906165972869535,0.846347877868822,8
4,7,0.850042721439196,0.629431264991598,8
3,7,0.860486927308493,0.659409845698424,8
5,7,0.86938563674392,0.572523416793655,8
1,8,0.941804412546125,0.895805850023317,8
2,8,0.90766118478666,0.524716170957959,8
4,8,0.849796190961572,0.64960244777737,8
3,8,0.866108258242807,0.652078027605034,8
5,8,0.863493514488646,0.61923178969538,8
1,9,0.943566320560779,0.832959723892905,8
2,9,0.911971109819787,0.609955901122625,8
4,9,0.853841768071026,0.64465101570444,8
3,9,0.855498898742863,0.435410928637147,8
5,9,0.865552572280484,0.652343918527677,8
1,10,0.944942805126756,0.720366763907839,8
2,10,0.895041174429615,0.727335550847632,8
4,10,0.85873932332507,0.30173479620508,8
3,10,0.857512699607973,0.632655323260043,8
5,10,0.867357912928926,0.211423663467372,8
1,11,0.943441295867963,0.871717679784066,8
2,11,0.907486405255721,0.591318146297061,8
4,11,0.861415516157267,0.337593895013383,8
3,11,0.862046934029577,0.212437054067292,8
5,11,0.861029931404813,0.725599194040368,8
1,12,0.941112360360617,0.962864430832439,8
2,12,0.902306158802957,0.675378086252994,8
4,12,0.845489042876195,0.35529674385185,8
3,12,0.857748147128478,0.486647839985535,8
5,12,0.86966799662763,0.632472111505975,8
1,13,0.93962621835927,0.976955931534902,8
2,13,0.902724390001217,0.787884649496551,8
4,13,0.842562201870389,0.827997470068984,8
3,13,0.854082892836595,0.712883846448333,8
5,13,0.858451868782741,0.84645784079895,8
1,14,0.942647238295258,0.853113792340786,8
2,14,0.908837744141086,0.621925657787518,8
4,14,0.854219394173348,0.715891420210953,8
3,14,0.847209043335224,0.823138426303621,8
5,14,0.862761881388135,0.526580344101185,8
1,15,0.945514122659034,0.779439170744008,8
2,15,0.907941946082063,0.552865773615269,8
4,15,0.855914737737245,0.474480982982837,8
3,15,0.860161312969463,0.677434050884304,8
5,15,0.86560049736596,0.611262131471776,8
1,1,0.936464617721382,0.911188378334253,9
2,1,0.926228633357473,0.834171973349642,9
4,1,0.871141579160332,0.490073865876979,9
5,1,0.85939483709263,0.418581567959431,9
3,1,0.856659128943446,0.353703711378094,9
1,2,0.936900246754996,0.863161977088202,9
2,2,0.923272393243278,0.861449931823381,9
4,2,0.867486818418946,0.479806806509739,9
5,2,0.863638933106113,0.508710114519515,9
3,2,0.847763568663299,0.786673035053312,9
1,3,0.937313644788696,0.900394634911106,9
2,3,0.930479058623926,0.782733503487655,9
4,3,0.866882755371896,0.613044039975746,9
5,3,0.86925007815192,0.646284326967525,9
3,3,0.841326262348945,0.82797871522726,9
1,4,0.939906941507795,0.774248213266149,9
2,4,0.926531215503216,0.267119432933953,9
4,4,0.870803913987461,0.214258522232996,9
5,4,0.867356627542053,0.431362505063907,9
3,4,0.850434250313574,0.747615069050652,9
1,5,0.93940517427127,0.8284337556626,9
2,5,0.933360015669833,0.558837386910263,9
4,5,0.86894886426831,0.50768900795728,9
5,5,0.860242954104104,0.340834843376728,9
3,5,0.870168097556624,0.64480689842881,9
1,6,0.937475073433401,0.893965494503475,9
2,6,0.922279619395185,0.657105083265537,9
4,6,0.873424107628647,0.708610365130494,9
5,6,0.866468156587611,0.201407380083191,9
3,6,0.867742446053028,0.098441651769913,9
1,7,0.934015032294274,0.948191741268006,9
2,7,0.925417128816715,0.693289554855314,9
4,7,0.866673915489128,0.740819657964224,9
5,7,0.872699132050081,0.399073127236111,9
3,7,0.837138240249128,0.823673612479408,9
1,8,0.938290548836677,0.832139945517704,9
2,8,0.925099973494316,0.822050421313595,9
4,8,0.866995220216479,0.690787213107343,9
5,8,0.870896982768134,0.0710925789682413,9
3,8,0.852825086833096,0.177030985840158,9
1,9,0.935746351875034,0.888916410795167,9
2,9,0.926959699384015,0.686390803914378,9
4,9,0.869073110282178,0.722212472272153,9
5,9,0.864899141632312,0.261851751507645,9
3,9,0.846497612016771,0.646221710219572,9
1,10,0.948320561046549,0.647383500080335,9
2,10,0.926911013241681,0.842307653809689,9
4,10,0.857448721089237,0.636805232549388,9
5,10,0.847411516796397,0.0191802116943244,9
3,10,0.859356531907807,0.807795766932926,9
1,11,0.937358114727294,0.80874743887276,9
2,11,0.926169436614816,0.797416503062481,9
4,11,0.871766128476518,0.523242208864925,9
5,11,0.874940348117363,0.463112449248626,9
3,11,0.834547746706794,0.66614077022533,9
1,12,0.936980045465248,0.905008959929763,9
2,12,0.930036298627248,0.779041434588961,9
4,12,0.86177744518518,0.765720932759568,9
5,12,0.860051099923314,0.488102285657962,9
3,12,0.85582178802553,0.753848166606326,9
1,13,0.934814184357179,0.916340449578241,9
2,13,0.926288967024028,0.68264764821785,9
4,13,0.87356975051023,0.570763554860235,9
5,13,0.863872550911876,0.189224104843377,9
3,13,0.843828481860453,0.585087022305396,9
1,14,0.937302214644681,0.809759366341358,9
2,14,0.926923555759744,0.790306044936818,9
4,14,0.865350300586192,0.652576140185616,9
5,14,0.870360298990735,0.0758572964093464,9
3,14,0.8512330277154,0.380457151207075,9
1,15,0.933913548003135,0.938133944526752,9
2,15,0.930489931478938,0.70842514200512,9
4,15,0.868009155306718,0.472791916847104,9
5,15,0.866891443539744,0.367283028618018,9
3,15,0.842129347273184,0.77345895540823,9
1,1,0.90578194127245,0.915272550778695,10
5,1,0.811787697813704,0.22519916614672,10
2,1,0.862860213492534,0.622863367567679,10
3,1,0.819107464996681,0.547619123302307,10
4,1,0.762548920122334,0.322499742810423,10
1,2,0.912485541145744,0.774329445811336,10
5,2,0.841911285333422,0.594652940414247,10
2,2,0.827053778235711,0.824418536430289,10
3,2,0.824522541890813,0.483202390580157,10
4,2,0.740073006417824,0.636919498653187,10
1,3,0.91999536789594,0.52764138016702,10
5,3,0.840790119263583,0.577518250007828,10
2,3,0.819236973109716,0.564641302622788,10
3,3,0.825900124517395,0.347434274119884,10
4,3,0.757199905945859,0.546017017317417,10
1,4,0.907292770091637,0.927370124564106,10
5,4,0.827498842349789,0.0117150642404615,10
2,4,0.851739428440407,0.640768621656732,10
3,4,0.818676357987315,0.459019209928941,10
4,4,0.755055860091033,0.614815764936887,10
1,5,0.907331281013152,0.891954149353489,10
5,5,0.851178448240114,0.888922858403047,10
2,5,0.820551189757438,0.757999733583287,10
3,5,0.830035264946973,0.752131472582249,10
4,5,0.72673372847712,0.797376972378503,10
1,6,0.912303068726956,0.847105444667342,10
5,6,0.817648820749351,0.537893273353021,10
2,6,0.860465809146246,0.690385356051866,10
3,6,0.820805685020264,0.848262293784847,10
4,6,0.73572453034944,0.556549523915649,10
1,7,0.906164762894053,0.927924312670337,10
5,7,0.833644577587629,0.636015351204729,10
2,7,0.838332335810294,0.623686753589316,10
3,7,0.807842021640304,0.694957022563767,10
4,7,0.742152707908882,0.367812588886018,10
1,8,0.911192479126746,0.821749699961044,10
5,8,0.860578524683867,0.627594108519683,10
2,8,0.802845815514956,0.79782284672707,10
3,8,0.836213720639889,0.490803007950482,10
4,8,0.741694904263604,0.462207843264823,10
1,9,0.907613060933418,0.928727810568543,10
5,9,0.811842557395795,0.0479038206384909,10
2,9,0.855804717442909,0.735145472396646,10
3,9,0.822382492696861,0.606512728971693,10
4,9,0.744118341535229,0.579483622399372,10
1,10,0.908546726802049,0.874887141894944,10
5,10,0.837069045143996,0.323605480143033,10
2,10,0.823896898335236,0.329830605556272,10
3,10,0.829638513287734,0.38324107656619,10
4,10,0.732643041520687,0.115477413572797,10
1,11,0.910760608731812,0.87086700964096,10
5,11,0.833350670000523,0.843347837500277,10
2,11,0.839696318963602,0.802674962575747,10
3,11,0.827257330001349,0.547767899218023,10
4,11,0.737345849364728,0.436219030321792,10
1,12,0.906007114106032,0.927168891943593,10
5,12,0.844766956778661,0.419836490453281,10
2,12,0.832433632009278,0.73611962788048,10
3,12,0.828410104654137,0.405855186280861,10
4,12,0.739683906599808,0.501769725891769,10
1,13,0.910561855820187,0.867886985462992,10
5,13,0.836715813871609,0.362642164477207,10
2,13,0.836165006541758,0.61877969186381,10
3,13,0.820602454005235,0.782363215356162,10
4,13,0.735292675352079,0.510214083841047,10
1,14,0.908415817864548,0.891872297993893,10
5,14,0.828793158402225,0.0217986543620526,10
2,14,0.852865259458053,0.747667463732267,10
3,14,0.817195573800074,0.731015859315293,10
4,14,0.758089112493334,0.406657978486777,10
1,15,0.911706377807639,0.827199110127417,10
5,15,0.815337185570986,0.410805703386935,10
2,15,0.848798279450935,0.916519866326324,10
3,15,0.821160591096633,0.0600077831067778,10
4,15,0.750120371352274,0.170786894633759,10
1,1,0.907531488778469,0.881247821732704,11
2,1,0.854805146779995,0.599676968347159,11
4,1,0.802926393940254,0.719120912817728,11
5,1,0.769560200231165,0.494861403604845,11
3,1,0.797001379188612,0.701148366584685,11
1,2,0.91006851447566,0.886004276723757,11
2,2,0.856749180247734,0.594315480138063,11
4,2,0.808410108165482,0.640344298551501,11
5,2,0.76845710805048,0.685196842093596,11
3,2,0.797593930678968,0.641455588653191,11
1,3,0.911741751786113,0.884218608245441,11
2,3,0.860094681748534,0.848484209394839,11
4,3,0.802238100764761,0.295580243885005,11
5,3,0.770613097468283,0.381430289745362,11
3,3,0.799499221445765,0.770035628033429,11
1,4,0.906863863008485,0.89023578853362,11
2,4,0.862305742552885,0.115573836684253,11
4,4,0.806288793736324,0.335881458511774,11
5,4,0.805682420706444,0.0745377262609184,11
3,4,0.781486121098397,0.73571034611804,11
1,5,0.914388924869023,0.6932076001713,11
2,5,0.861308720883258,0.441234205134054,11
4,5,0.802423433295939,0.838427745550153,11
5,5,0.768357911080802,0.540931428479689,11
3,5,0.796216727904444,0.710521087163354,11
1,6,0.909195124832399,0.895886426368227,11
2,6,0.8602227863973,0.379954213510638,11
4,6,0.790669007607512,0.602175068363627,11
5,6,0.803719044966897,0.715006728489787,11
3,6,0.766247668338044,0.73703537445831,11
1,7,0.912715592938691,0.852621416961029,11
2,7,0.846245329017232,0.742709789560943,11
4,7,0.795481120658587,0.794739641702232,11
5,7,0.815917212357935,-0.0934114263065823,11
3,7,0.773117168498895,0.584723501577843,11
1,8,0.912993382030827,0.842251540252031,11
2,8,0.854706475589353,0.510522147614461,11
4,8,0.811795916944122,0.633463872427714,11
5,8,0.790179902333831,0.014277218396629,11
3,8,0.788232040084226,0.407904628646619,11
1,9,0.91187174373858,0.849567428114955,11
2,9,0.858944829632403,0.790517214116422,11
4,9,0.80092720371277,0.78121795337357,11
5,9,0.772648839843713,0.610467405296807,11
3,9,0.791379534694059,0.651960657327623,11
1,10,0.910355728630796,0.801888770079576,11
2,10,0.85448782756983,0.629757402359491,11
4,10,0.820029025662952,0.397616159278649,11
5,10,0.7833626288391,0.368760986160573,11
3,10,0.801239386823391,0.419351292477289,11
1,11,0.908697680242812,0.930968807777781,11
2,11,0.85879388845356,0.848108033451212,11
4,11,0.793852910142613,0.630897597918893,11
5,11,0.772093324958936,0.526968357583864,11
3,11,0.812582817660973,0.57037702897614,11
1,12,0.911481131318055,0.891367105535041,11
2,12,0.865358898883205,0.697212210031899,11
4,12,0.805862607544568,0.168831956472548,11
5,12,0.774510126419644,0.299632189219994,11
3,12,0.790954775453707,0.503200246979943,11
1,13,0.915356222325398,0.754791842206134,11
2,13,0.858617662596037,0.631437837006089,11
4,13,0.805590310987741,0.57691532453786,11
5,13,0.789530998154144,0.499094668704257,11
3,13,0.768141954587814,0.51921836117389,11
1,14,0.914280342100944,0.740311080057698,11
2,14,0.843936818443921,0.693404577283739,11
4,14,0.807504047229302,0.754439440505025,11
5,14,0.772570529999787,0.578138225254017,11
3,14,0.804978619938779,0.480659283694252,11
1,15,0.908230303278277,0.925422224768054,11
2,15,0.858176689590833,0.815933101338243,11
4,15,0.791790258726862,0.635626077066752,11
5,15,0.765274087295364,0.742360396693352,11
3,15,0.791434660363962,0.612574903382694,11
1,1,0.878516615519744,0.886939422069033,12
4,1,0.706698742148509,0.510149593333999,12
2,1,0.748421845504849,0.603869257133459,12
3,1,0.710771878140143,0.673995119713077,12
5,1,0.729024953360308,0.341905988512906,12
1,2,0.878573248729796,0.864252413545304,12
4,2,0.711107856113191,0.357683088307091,12
2,2,0.759898353650561,0.690588002386947,12
3,2,0.700029549109571,0.296153388605409,12
5,2,0.721637505993356,0.433950090248608,12
1,3,0.878476689203521,0.875775593360997,12
4,3,0.679205445829409,0.533410016548352,12
2,3,0.785236761677028,0.778987865879031,12
3,3,0.710736647080524,0.191591492988273,12
5,3,0.721195017540286,0.401306465172682,12
1,4,0.879006468957011,0.820893043444681,12
4,4,0.685588090825252,0.34193080231418,12
2,4,0.796973209366837,0.537451355925273,12
3,4,0.712133745575983,0.560480179906146,12
5,4,0.718463439654493,0.369691551913106,12
1,5,0.870263559412756,0.960118236411094,12
4,5,0.679345870941221,0.543132698866259,12
2,5,0.794668024219979,0.674439015246604,12
3,5,0.696268875910882,0.197152905656434,12
5,5,0.718080631691207,0.29851825705959,12
1,6,0.882693932691723,0.792844763084763,12
4,6,0.677183979904586,0.427674233170932,12
2,6,0.799909852504738,0.631575264025627,12
3,6,0.710366307028661,0.5045090637107,12
5,6,0.705828397468543,0.672763284446264,12
1,7,0.886933577822488,0.818905983413463,12
4,7,0.680176131228789,0.396928237244648,12
2,7,0.790548039226054,0.622213409241302,12
3,7,0.694849861846073,0.664144910832246,12
5,7,0.719993450043506,0.604671380467498,12
1,8,0.884618180633697,0.777826725013899,12
4,8,0.69372271241097,0.304783985604878,12
2,8,0.773513953007585,0.602409068889394,12
3,8,0.710365029020549,0.137419644258229,12
5,8,0.713656323944543,0.549170507493059,12
1,9,0.888630854983017,0.557596615785482,12
4,9,0.778744620308276,0.747243362247603,12
2,9,0.668053158896358,0.860236295779778,12
3,9,0.708276884676357,0.500166756619246,12
5,9,0.70626548558763,0.167940176128193,12
1,10,0.875984465567325,0.948590931708122,12
4,10,0.694643917714943,-0.170969838685082,12
2,10,0.773009344196162,0.686055111315659,12
3,10,0.73611801721329,0.172079967264823,12
5,10,0.696646436508888,0.504387265326731,12
1,11,0.873729020373199,0.946722006538154,12
4,11,0.699829410097657,0.552418001291878,12
2,11,0.761992960803609,0.628495000559915,12
3,11,0.706941118473268,0.840225256060331,12
5,11,0.692304201465241,0.632528410085241,12
1,12,0.882293338145456,0.806989901860656,12
4,12,0.691267064729833,0.25693323383823,12
2,12,0.796372337226399,0.489203764434653,12
3,12,0.710674571639581,0.745143478854643,12
5,12,0.7120678194373,0.362957755410341,12
1,13,0.879613294660311,0.835714262450378,12
4,13,0.697120210874724,0.620920536038984,12
2,13,0.766610089000235,0.826916857861829,12
3,13,0.702165050997398,0.382558682327818,12
5,13,0.722726595439535,0.470208690438691,12
1,14,0.882145634044856,0.546172497946168,12
4,14,0.675821089644253,0.622955691529263,12
2,14,0.791282514480291,0.676011950441242,12
3,14,0.716138544582608,0.780995361303486,12
5,14,0.69177667595263,0.247465969535873,12
1,15,0.877335187677384,0.915354036771104,12
4,15,0.67993612778616,0.684315362604212,12
2,15,0.777529114088394,0.767700935401035,12
3,15,0.708632315167304,0.231431679238935,12
5,15,0.706674707330276,0.382068294171387,12
1,1,0.906885249003341,0.784428629486353,13
2,1,0.850706026523814,0.689173096535966,13
3,1,0.76754590600627,0.781370462620683,13
5,1,0.788561401569809,0.549034903442316,13
4,1,0.755827196285277,0.566182441639488,13
1,2,0.898727096907018,0.940657008363509,13
2,2,0.856284920059097,0.617682366545621,13
3,2,0.770708458233871,0.646922965280811,13
5,2,0.79189191902503,0.378213660292359,13
4,2,0.762287582305814,0.577669472986774,13
1,3,0.902868919750081,0.875029026789207,13
2,3,0.850670903067046,0.306967788647413,13
3,3,0.770356752439524,0.80077315642059,13
5,3,0.78318016001961,0.880458430673693,13
4,3,0.756569614615108,0.495773892186366,13
1,4,0.906293411608484,0.77542068212079,13
2,4,0.847053491727323,0.448970819917053,13
3,4,0.807936702917895,0.196195703338956,13
5,4,0.802833014107862,0.205941877058235,13
4,4,0.757700330677808,0.29612426460737,13
1,5,0.912115777098304,0.688943437689966,13
2,5,0.838684256185869,0.331358722478553,13
3,5,0.806300397235823,0.356528934265462,13
5,5,0.780578520774398,0.304821927914961,13
4,5,0.761814894158562,0.794058835595178,13
1,6,0.90264419754976,0.853477334029348,13
2,6,0.875639025277271,0.666513210814214,13
3,6,0.777830056666152,0.793960023068341,13
5,6,0.768232044627277,0.631111202147348,13
4,6,0.742972532088974,0.756493614233095,13
1,7,0.902254416809155,0.876738473983117,13
2,7,0.865758633492714,0.742041671673536,13
3,7,0.772682142029087,0.709304711652685,13
5,7,0.794731317468805,0.318638421039511,13
4,7,0.759419563335736,0.273263294480065,13
1,8,0.899718160562768,0.959262060825893,13
2,8,0.848809399697545,0.593196042958862,13
3,8,0.793012191232905,0.770515357433553,13
5,8,0.781678103262742,0.398009744076973,13
4,8,0.761151468595412,0.461593998442265,13
1,9,0.901799286491411,0.921462606869322,13
2,9,0.851075734807575,0.77201362543912,13
3,9,0.782555267998728,0.633251104653177,13
5,9,0.804189324807524,0.475905352087747,13
4,9,0.755858198000953,0.681258736788954,13
1,10,0.90676221324792,0.747669867340484,13
2,10,0.851472666558568,0.799460830966032,13
3,10,0.792857201786976,0.504952704857955,13
5,10,0.793858002293788,0.38119150781464,13
4,10,0.753521152818952,0.402406949122194,13
1,11,0.905129250914398,0.828518920206427,13
2,11,0.856980949056238,0.516351232502996,13
3,11,0.782362165326488,0.405476061234546,13
5,11,0.796972444056552,0.365975126245774,13
4,11,0.755252950513816,0.576425621839549,13
1,12,0.906396988390393,0.78329653297267,13
2,12,0.85971477156984,0.828575874059631,13
3,12,0.771594724503773,0.200628347842181,13
5,12,0.795286219679827,0.10471660676028,13
4,12,0.757748134736965,0.178435663637877,13
1,13,0.903846725063959,0.906596790487846,13
2,13,0.846844351899172,0.249631455672598,13
3,13,0.793199369434507,0.408582327346023,13
5,13,0.785468326142166,0.616233338637863,13
4,13,0.751117784071998,0.547912590426396,13
1,14,0.903023890967468,0.853762581968825,13
2,14,0.854382685221195,0.557125052993072,13
3,14,0.786952704095668,0.47281899281533,13
5,14,0.804652578595655,0.233031616289514,13
4,14,0.748950828930952,0.611183003536038,13
1,15,0.900942887648186,0.940138176290924,13
2,15,0.845017901186077,0.405590595368569,13
3,15,0.793373635168166,0.488256378752561,13
5,15,0.78278823207015,0.565900847669694,13
4,15,0.756636776934513,0.590692335717305,13
1,1,0.902461668962458,0.804914807366678,14
2,1,0.884399855626612,0.685751673373136,14
4,1,0.788359151339821,-0.0163760041721614,14
5,1,0.754776511286088,0.347971265512841,14
3,1,0.807951001713319,0.301608166761325,14
1,2,0.903792276866072,0.880795444649511,14
2,2,0.893163377088108,0.920993744988478,14
4,2,0.784474320927277,0.51014667684363,14
5,2,0.760919855513261,0.404742252023862,14
3,2,0.797059209249327,0.542882111263409,14
1,3,0.901646592232621,0.86471918159716,14
2,3,0.884477249739321,0.709154529100521,14
4,3,0.786919840198307,0.748980369985417,14
5,3,0.75298005397552,0.587871611372036,14
3,3,0.784728217638331,0.818117084405211,14
1,4,0.903133254637753,0.855885958197532,14
2,4,0.88713099302152,0.923000936650223,14
4,4,0.779308895292106,0.75857935158234,14
5,4,0.758593511005796,0.440701116091745,14
3,4,0.793305686860771,0.61541132117663,14
1,5,0.913955923233002,0.606496505481777,14
2,5,0.883675369204659,0.632561314205826,14
4,5,0.791782656052878,0.36059425754921,14
5,5,0.772734248195038,0.595705375122945,14
3,5,0.784175454363321,0.273135480531084,14
1,6,0.899104654129331,0.935847064641336,14
2,6,0.888252824361804,0.480538024332517,14
4,6,0.770602955352499,0.487643675207867,14
5,6,0.771989953142663,0.253004577041924,14
3,6,0.781961919118694,0.570575952892484,14
1,7,0.904368348889928,0.826127149510498,14
2,7,0.893042979561736,0.599642024015506,14
4,7,0.775749160872096,0.650951237335244,14
5,7,0.791649471688087,0.618999991844268,14
3,7,0.773984213042006,0.637205514017792,14
1,8,0.90328658709889,0.870958128295709,14
2,8,0.886663340184589,0.698183821868391,14
4,8,0.774195488140493,0.513169133847592,14
5,8,0.75952927317296,0.368686206914543,14
3,8,0.78800796795384,0.171816873951922,14
1,9,0.903675095079519,0.840441293334784,14
2,9,0.893982867210567,0.686412162231041,14
4,9,0.777577450353452,0.678440696248615,14
5,9,0.79501853596659,0.386392778101057,14
3,9,0.760347071784406,0.697315787843945,14
1,10,0.906887573497385,0.784627999300405,14
2,10,0.895226644655779,0.324447815325752,14
4,10,0.783952114925621,-0.0230208981771269,14
5,10,0.769786532020536,-0.0328315515951506,14
3,10,0.794713902561002,0.181353005398054,14
1,11,0.904782186685921,0.89018411011064,14
2,11,0.889094425620093,0.742947676252279,14
4,11,0.795252743093853,0.590093874346695,14
5,11,0.764914973412683,0.31249918778844,14
3,11,0.780547662930131,0.517243414846847,14
1,12,0.904954699449109,0.846903454055919,14
2,12,0.886204566440624,0.722897532381775,14
4,12,0.778914553133671,0.391255016190351,14
5,12,0.755000117390851,0.57902810534794,14
3,12,0.785140080396734,0.867063708374982,14
1,13,0.902128442416318,0.880117076640584,14
2,13,0.887035213253893,0.689462678234535,14
4,13,0.789262219524022,0.475558625183756,14
5,13,0.76248586695987,-0.127448615515727,14
3,13,0.795685580908929,0.305787158917171,14
1,14,0.908417015754447,0.743900649080592,14
2,14,0.874656554622588,0.808321565190709,14
4,14,0.786393101520131,0.787755480090786,14
5,14,0.754653318138791,0.72246186158261,14
3,14,0.78725445902602,0.770400983662068,14
1,15,0.905655451364238,0.70772854686549,14
2,15,0.895507392434553,0.583022381101091,14
4,15,0.792266880724828,0.590759191865324,14
5,15,0.758425404284388,-0.105903112606551,14
3,15,0.790607067437674,0.550783673660961,14
1,1,0.909720649397278,0.865123992004474,15
2,1,0.866121198855545,0.674317501257863,15
4,1,0.773962154654616,0.699271767668602,15
3,1,0.784031488353166,0.470332527287976,15
5,1,0.795737233411761,0.280753744763041,15
1,2,0.907329216738836,0.949602195175786,15
2,2,0.871240316596116,0.744122071742305,15
4,2,0.759531659668196,0.665067375984963,15
3,2,0.783453272908728,0.532306582628938,15
5,2,0.803250692905742,0.586911613860103,15
1,3,0.915489451627692,0.793031522688859,15
2,3,0.853280353120111,0.140336328617442,15
4,3,0.796081003971983,-0.0321324385948445,15
3,3,0.786589466974102,0.580682169165796,15
5,3,0.806882460173005,0.508558880029643,15
1,4,0.912689706427099,0.786285447265451,15
2,4,0.874959382602088,0.798913114616936,15
4,4,0.764155234056878,0.795705094145687,15
3,4,0.781676472624049,0.6573412392846,15
5,4,0.803090288817024,0.665901471574289,15
1,5,0.908767261500084,0.886117171699805,15
2,5,0.875319273240347,0.480681168399781,15
4,5,0.765349014939207,0.572864296393445,15
3,5,0.780058311081188,0.742868020985912,15
5,5,0.796868108081088,0.644601890476927,15
1,6,0.91218593955978,0.827331688084508,15
2,6,0.849975787242311,0.762406576606151,15
4,6,0.795526171580758,0.639836774378821,15
3,6,0.783457840996533,0.537361013863008,15
5,6,0.803696530099894,0.695743249447583,15
1,7,0.909563051310627,0.892560145021435,15
2,7,0.871846354370825,0.437965102778814,15
4,7,0.765734282869388,0.764427116068518,15
3,7,0.778952148521742,0.735004528164749,15
5,7,0.806445231000164,0.657570570269811,15
1,8,0.907324499799467,0.894190266541777,15
2,8,0.848686575105243,0.653814857090271,15
4,8,0.787065583390385,0.413449836332577,15
3,8,0.769337557993652,0.716967740596751,15
5,8,0.811955014013397,0.434113029337523,15
1,9,0.913422003909174,0.808412085233463,15
2,9,0.858306695002497,0.365843150253262,15
4,9,0.797091477318157,-0.0130623315347482,15
3,9,0.799622828887872,0.420353319818873,15
5,9,0.81508685807664,0.404965387630762,15
1,10,0.911335030845616,0.843751947234964,15
2,10,0.839072597695643,0.658103271456363,15
4,10,0.790745475918105,0.711815031369903,15
3,10,0.768454199296735,0.498422657245918,15
5,10,0.806695970463112,-0.0849446716872592,15
1,11,0.913550056528683,0.584896517410611,15
2,11,0.879534958761248,0.551481366274146,15
4,11,0.784053086337517,0.530907852279508,15
3,11,0.781163861714433,0.364945544524441,15
5,11,0.794219511014941,0.706034743868498,15
1,12,0.909130816753386,0.843350994148122,15
2,12,0.856530981706313,0.675214768847106,15
4,12,0.779110904066033,0.588346986940806,15
3,12,0.779362440316825,0.497148010786739,15
5,12,0.812589889169369,0.400995338488811,15
1,13,0.906821552272877,0.941313558373351,15
2,13,0.852976481890764,0.633299171202137,15
4,13,0.783362201882868,0.536480548249715,15
3,13,0.781954191298832,0.396240606296033,15
5,13,0.79824260735815,0.71258936967925,15
1,14,0.911519219573277,0.840970526223434,15
2,14,0.850164739509555,0.737769167446916,15
4,14,0.785542130631669,0.548708300171511,15
3,14,0.790852188619124,0.483858318995739,15
5,14,0.812566759708526,0.686756400931137,15
1,15,0.907151127179389,0.920942843172311,15
2,15,0.88048915395697,0.562599806045892,15
4,15,0.763664338134506,0.451023100343443,15
3,15,0.786752332124341,0.434393178572584,15
5,15,0.802923370169675,0.423394872042388,15
1,1,0.914763919510212,0.884203830322037,16
3,1,0.844092118958647,0.7598667291438,16
2,1,0.772746655987065,0.523054635927201,16
4,1,0.798324389195281,0.506646037991095,16
5,1,0.769873247559138,0.675219756875194,16
1,2,0.911678863804547,0.926432225010348,16
3,2,0.838690282646822,0.745609717886038,16
2,2,0.762499079639627,0.707454880820103,16
4,2,0.782466207568392,0.707289363917093,16
5,2,0.770077963113895,0.260212716806644,16
1,3,0.914091018304202,0.873648678042443,16
3,3,0.84727059661148,0.695527708314504,16
2,3,0.768265360744944,0.787100833083424,16
4,3,0.775273844583936,0.767737126049174,16
5,3,0.76877805367478,0.502112822997359,16
1,4,0.919725488701798,0.754128019734804,16
3,4,0.849435384842833,0.88164748573268,16
2,4,0.775251934692444,0.578765799792921,16
4,4,0.804515969187912,0.479385197475593,16
5,4,0.786017103741475,-0.177130522854077,16
1,5,0.91515227464438,0.830737009447114,16
3,5,0.826469632159569,0.68614040067765,16
2,5,0.782786434895324,0.730523869674396,16
4,5,0.786861453883807,0.582346222522908,16
5,5,0.74738671006007,0.474360408295406,16
1,6,0.913053228645755,0.915489602341657,16
3,6,0.840310343698665,0.75049355663942,16
2,6,0.775698821986248,0.429335889531499,16
4,6,0.789936794268918,0.455555614565069,16
5,6,0.777293142546882,0.0940172266357029,16
1,7,0.911882293653561,0.900551540428025,16
3,7,0.841819379575552,0.246353363958623,16
2,7,0.77955734213397,0.548904144250168,16
4,7,0.777604723151181,0.756958909926715,16
5,7,0.77397047228215,0.435411414235544,16
1,8,0.920661905294105,0.811362335554887,16
3,8,0.845179855324393,0.727072544474988,16
2,8,0.773471172526053,0.753853818726358,16
4,8,0.79679367109484,0.580114254814318,16
5,8,0.761812470136479,0.408990073038374,16
1,9,0.912686112164171,0.8796768231982,16
3,9,0.851028913336142,0.0589450107271207,16
2,9,0.78423678594187,0.0433104339253148,16
4,9,0.779452724585797,0.782749330232577,16
5,9,0.764658672487016,0.531980463023702,16
1,10,0.91549736792699,0.886381478910187,16
3,10,0.838035998577102,0.775024838877267,16
2,10,0.764171871747783,0.75654077892095,16
4,10,0.79789339634802,0.095393278396758,16
5,10,0.762925306808596,0.578233631145074,16
1,11,0.914026726686008,0.855177973102188,16
3,11,0.859199847197608,0.0584422728506794,16
2,11,0.772189731697222,0.664571225079257,16
4,11,0.784419873433118,0.792421270977601,16
5,11,0.773658407729798,0.656217273738877,16
1,12,0.909759573694572,0.942796825118271,16
3,12,0.849330533406538,0.63862232692539,16
2,12,0.764158728849641,0.689064955834098,16
4,12,0.784709620692652,0.747809546854848,16
5,12,0.770841749395111,0.517107661567063,16
1,13,0.918630490236583,0.800578678489022,16
3,13,0.83498735720945,0.749196071612329,16
2,13,0.790269165481061,0.205619733915677,16
4,13,0.797665291311957,0.395067631597555,16
5,13,0.752316944343117,0.106287775694168,16
1,14,0.912818806148558,0.916095486747983,16
3,14,0.858778503582847,0.090995731443346,16
2,14,0.772045807195179,0.474573972027519,16
4,14,0.808432565407078,0.276753655256423,16
5,14,0.762701499420326,0.488431558796626,16
1,15,0.912917771329649,0.886552910399958,16
3,15,0.852022267709128,0.654375174262257,16
2,15,0.768495520030713,0.684982046765167,16
4,15,0.792459897646673,0.533894576034975,16
5,15,0.768887094356196,0.209532913339217,16
1,1,0.93731705591702,0.840257446418564,17
2,1,0.91407730831915,0.521163736446563,17
4,1,0.843476502096978,0.544597330506291,17
5,1,0.837254959493755,0.27335972666427,17
3,1,0.85373293371091,0.475193493503521,17
1,2,0.941446507944596,0.674290370705076,17
2,2,0.909010249645127,0.779303594181327,17
4,2,0.835886772453442,0.388675024024546,17
5,2,0.856743167386012,-0.00665031816049679,17
3,2,0.827778998106259,0.787341751434772,17
1,3,0.934110083226498,0.928324348246013,17
2,3,0.914929867034722,-0.00674422987963357,17
4,3,0.838216002643096,0.686821213524743,17
5,3,0.837178831337389,0.757692969787083,17
3,3,0.845713967734197,0.66425569167864,17
1,4,0.933116944699727,0.928574709794733,17
2,4,0.907176271404079,0.863620988929424,17
4,4,0.852258756783821,0.220072495692099,17
5,4,0.834591208276356,0.695748306567484,17
3,4,0.849081057176847,0.472752838410239,17
1,5,0.932923312453261,0.912815209648528,17
2,5,0.913061284617009,0.633141931882254,17
4,5,0.842935305987766,0.326649306344596,17
5,5,0.831572349643435,0.610977013111906,17
3,5,0.83979807859201,0.731308609650833,17
1,6,0.940114771524509,0.600246437119283,17
2,6,0.91093754717545,0.836426721255621,17
4,6,0.835456883595127,0.35145486173314,17
5,6,0.842461421795879,0.508452661636846,17
3,6,0.846295529098318,0.703124655478035,17
1,7,0.9344084048652,0.907340912950754,17
2,7,0.919612137247429,0.642351111176748,17
4,7,0.836705472533661,0.396872335549672,17
5,7,0.844892818377638,0.574409105869675,17
3,7,0.855406596952525,0.720351386465763,17
1,8,0.937221955441555,0.827354337134714,17
2,8,0.916623988076061,0.570315335691353,17
4,8,0.833795615823744,0.720417541293923,17
5,8,0.838077045154337,0.713001153137235,17
3,8,0.844892637750482,0.583247145228686,17
1,9,0.933771976279614,0.952964333504385,17
2,9,0.912875916819552,0.639380410620699,17
4,9,0.833172590651139,0.739428870865566,17
5,9,0.833572829467688,0.0837874979253727,17
3,9,0.848928008415883,0.701281357643641,17
1,10,0.936199112871655,0.856225994967757,17
2,10,0.918018408661367,0.555215874332416,17
4,10,0.84282550097019,0.656391510189521,17
5,10,0.837974623200556,0.613508662624541,17
3,10,0.845398813241408,0.473479585256573,17
1,11,0.933115231072816,0.939157246715481,17
2,11,0.910597863360393,0.74262202019042,17
4,11,0.851007817992304,0.536204974212998,17
5,11,0.840749604084525,0.539620120214616,17
3,11,0.846970227127812,0.692894157040383,17
1,12,0.936830230030284,0.876277218518274,17
2,12,0.903597228189541,0.75906349908648,17
4,12,0.844539170375534,0.309899363843256,17
5,12,0.830431625808109,0.564153896906712,17
3,12,0.843974200518243,0.405330234509687,17
1,13,0.936664739335306,0.88214222999751,17
2,13,0.904944314856853,0.866025633877953,17
4,13,0.838577948446441,0.685819108301638,17
5,13,0.828955765527734,0.703637725286538,17
3,13,0.843997397029223,0.728348571431449,17
1,14,0.938009801943002,0.848624215080738,17
2,14,0.917730092273518,0.39348253436721,17
4,14,0.836756883327871,0.449036928191967,17
5,14,0.847674768141357,0.208289846044885,17
3,14,0.855388484473791,0.281486476474393,17
1,15,0.940973729157086,0.702605261302785,17
2,15,0.913726404598602,0.726628741936888,17
4,15,0.838737237386449,0.472571000446075,17
5,15,0.853578902803299,0.232503356953657,17
3,15,0.851166874913455,0.0431952302318806,17
1,1,0.888537446368244,0.870703467831066,18
5,1,0.773234664418889,0.0763173110070951,18
2,1,0.804470736757407,0.517280476096011,18
3,1,0.7520025360852,0.293590694416091,18
4,1,0.751999134913385,0.506531423329385,18
1,2,0.887462356056706,0.865906671266498,18
5,2,0.757039851124077,0.632473661868322,18
2,2,0.812583589412193,0.705937546886267,18
3,2,0.763349903547591,0.576436988919093,18
4,2,0.732858006718265,0.697170436533365,18
1,3,0.887770374835239,0.86716773980033,18
5,3,0.777176869560471,0.303205942269468,18
2,3,0.802371639708469,0.274087519582914,18
3,3,0.75063427216135,0.697536484183983,18
4,3,0.736251058497939,0.37581446205136,18
1,4,0.889314614770209,0.940884216224603,18
5,4,0.792051338285673,0.375549121721828,18
2,4,0.765036022474025,0.792048232126311,18
3,4,0.754555409399719,0.366791231597186,18
4,4,0.759245468303556,-0.184681307565793,18
1,5,0.885072859018124,0.864032235834788,18
5,5,0.771603657290532,0.544187140499045,18
2,5,0.806325124366502,0.407463185271557,18
3,5,0.769750691882398,0.456673231678195,18
4,5,0.730566863486859,0.576940002923003,18
1,6,0.88502939131849,0.907603220128479,18
5,6,0.777851060068557,0.572338768451078,18
2,6,0.788676989455994,0.714467142934229,18
3,6,0.75950037208517,0.605637902818994,18
4,6,0.731947338435453,0.569774570794463,18
1,7,0.890167346901531,0.813725681886768,18
5,7,0.791653076526512,0.603847996743728,18
2,7,0.794497339922789,0.643987490941876,18
3,7,0.754079765265821,0.572728291281661,18
4,7,0.723290931356719,0.72218900190412,18
1,8,0.902075426901322,0.585796040138002,18
5,8,0.80646041660682,0.603873365978264,18
2,8,0.759117372481438,0.87622804734525,18
3,8,0.763871290597373,0.266116366992628,18
4,8,0.73199967505264,0.444523908746159,18
1,9,0.887863879394778,0.906313327305181,18
5,9,0.810831968938148,0.489731530560005,18
2,9,0.751659852273584,0.668885104475543,18
3,9,0.769343942613505,0.342166499294103,18
4,9,0.727292802650246,0.554386819912893,18
1,10,0.888018855111073,0.90516007694543,18
5,10,0.761959213308538,0.697750292843323,18
2,10,0.809207505816861,0.531898346751064,18
3,10,0.751203974046364,0.669463098375318,18
4,10,0.741418580232722,0.152144508694548,18
1,11,0.887853198905535,0.929609555332458,18
5,11,0.800295717327753,0.350119394078843,18
2,11,0.771689991006269,0.262755843815162,18
3,11,0.759256265361716,0.743120064943942,18
4,11,0.725904614899142,0.736466421428529,18
1,12,0.891642374579033,0.732689816601147,18
5,12,0.740278730063057,0.0638359149384848,18
2,12,0.831059764325624,0.735936226645046,18
3,12,0.751092345572132,0.449979712829635,18
4,12,0.746944062622475,-0.0170262046152845,18
1,13,0.889137324691889,0.834284585015736,18
5,13,0.763261281388413,0.188509967894474,18
2,13,0.8041569505898,0.732221278116914,18
3,13,0.750703181921197,0.683152975809145,18
4,13,0.732939722608678,0.677966965981055,18
1,14,0.890535738613895,0.832634091692707,18
5,14,0.784055790901343,0.136031670004349,18
2,14,0.798031316066565,0.51885247113516,18
3,14,0.775289668111247,0.300474422946241,18
4,14,0.725676912099322,0.462921806887135,18
1,15,0.894634675545338,0.804703450564083,18
5,15,0.832726650328522,0.67010367619115,18
2,15,0.724991809768833,0.769892946568747,18
3,15,0.766862243537701,0.512709693590188,18
4,15,0.730581405428368,0.610876032360077,18
1,1,0.892194161579703,0.829875163696676,19
4,1,0.739693629664248,0.49769670780917,19
2,1,0.803131618989708,0.72944023942296,19
3,1,0.754228024404914,0.704780216099654,19
5,1,0.728599102583006,0.681076937013681,19
1,2,0.897445957916892,0.796146934851,19
4,2,0.729013789020825,0.40529535061821,19
2,2,0.814241728052974,0.608355859876123,19
3,2,0.762516033163651,0.719177258628897,19
5,2,0.729993906035348,0.567202665441845,19
1,3,0.892200045997039,0.941105911121196,19
4,3,0.747992683750512,0.490520009489537,19
2,3,0.785762843980159,0.677769521061554,19
3,3,0.753765512817903,0.541320681196701,19
5,3,0.729044155380608,0.692541599785589,19
1,4,0.89404669926267,0.882543959278029,19
4,4,0.730735034664659,0.25896355847147,19
2,4,0.821441123013258,0.71617665926196,19
3,4,0.761178764651383,0.483832024296925,19
5,4,0.743614804878744,0.58113510511086,19
1,5,0.890552704882013,0.937738838843257,19
4,5,0.757001144072301,0.21720118189403,19
2,5,0.782788006369301,0.640960308234405,19
3,5,0.762293473934015,0.394195260797441,19
5,5,0.740325931412727,0.514166664938916,19
1,6,0.900782352401418,0.75456067565969,19
4,6,0.727421466181828,0.679814166904308,19
2,6,0.812970625546351,0.529924865293474,19
3,6,0.765540867317472,0.548323126527294,19
5,6,0.756086296895777,-0.000892330558909381,19
1,7,0.89678377417256,0.774905559500965,19
4,7,0.72880462491689,0.598203545753895,19
2,7,0.819290239224885,0.12944307410466,19
3,7,0.761938916177052,0.439401390013802,19
5,7,0.720090642031215,0.657952603766229,19
1,8,0.893481387904095,0.878490495503505,19
4,8,0.742595866010608,0.602849724548652,19
2,8,0.785789009179016,0.869056049362033,19
3,8,0.759247998652336,0.785766596970822,19
5,8,0.725970717156136,0.367397537746531,19
1,9,0.893465235839894,0.866013292998196,19
4,9,0.728568077504991,0.762951970697925,19
2,9,0.807896732227825,0.695329776493069,19
3,9,0.762660264737239,0.517783985706693,19
5,9,0.735712862145076,0.28375970224631,19
1,10,0.901607509671227,0.661121085422996,19
4,10,0.744277292318681,0.283542163236119,19
2,10,0.816230921457911,0.778944370777328,19
3,10,0.763626987320301,0.327522553243834,19
5,10,0.727064286863042,0.622752830363336,19
1,11,0.893376716338415,0.885053409085904,19
4,11,0.728852028021964,0.572079165064593,19
2,11,0.816835076631305,0.623369369597463,19
3,11,0.745812006955001,0.416454834974586,19
5,11,0.736600758610434,0.0233978656546333,19
1,12,0.888702160127569,0.927363483328239,19
4,12,0.741350935921537,0.468135818900153,19
2,12,0.812382287260392,0.34489282667674,19
3,12,0.763193501203312,0.547466392047937,19
5,12,0.733176536705712,0.170480353945285,19
1,13,0.891464519811401,0.898832566191392,19
4,13,0.730786328800835,0.539273550329366,19
2,13,0.823179008441429,0.799806291116171,19
3,13,0.753060574303286,0.720480218704192,19
5,13,0.749868559550771,0.0256629662795728,19
1,14,0.890896279572617,0.892800975017104,19
4,14,0.754121357842469,0.402039132656218,19
2,14,0.772939008662042,0.754917153925625,19
3,14,0.752163394129504,0.556588671465454,19
5,14,0.729006747348046,0.12465017242865,19
1,15,0.892718843266412,0.857624912990633,19
4,15,0.727133546805541,0.474773030273824,19
2,15,0.81918382378175,0.646975271687458,19
3,15,0.774801993978401,0.164418850781918,19
5,15,0.718972405306359,0.398204102953143,19
1,1,0.909164088366704,0.703785936765957,20
2,1,0.838039113790949,0.686050925470927,20
4,1,0.787996716093746,0.610081642067726,20
3,1,0.75447455831004,0.531530744583666,20
5,1,0.771298731856364,0.708050207948167,20
1,2,0.901899421252973,0.855049216932086,20
2,2,0.858796659678575,0.658241054888297,20
4,2,0.760400205349988,0.681696185943755,20
3,2,0.780644162908691,0.258163493517572,20
5,2,0.776010094142894,0.404594640984903,20
1,3,0.898524429519823,0.801171310701522,20
2,3,0.84236274757377,0.847679769233693,20
4,3,0.766778839993097,0.315647322724425,20
3,3,0.770345193104913,0.404804975957057,20
5,3,0.752709731578837,0.491733516461417,20
1,4,0.900326525885179,0.697988346402136,20
2,4,0.846618737484941,0.483486308769058,20
4,4,0.794769052993285,0.492409349031901,20
3,4,0.754788931799722,0.397889336448312,20
5,4,0.761045412675737,0.541032028045516,20
1,5,0.905652334728755,0.792498590511544,20
2,5,0.849352329222159,0.628987430369702,20
4,5,0.77870691698108,0.594761458848933,20
3,5,0.751964164507412,0.729319895809346,20
5,5,0.775321708741628,-0.0354596866290297,20
1,6,0.897837602935292,0.879878236701345,20
2,6,0.8413832832274,0.660438360454899,20
4,6,0.764294951272264,0.561611506062939,20
3,6,0.775147220637657,0.611494549028228,20
5,6,0.776291234966893,0.245643234956874,20
1,7,0.901243279857624,0.877208900504678,20
2,7,0.835327751742144,0.729455291833984,20
4,7,0.789016608314709,0.297396618156237,20
3,7,0.78912780557023,0.521569802134278,20
5,7,0.757765889132866,0.657829883321096,20
1,8,0.894806534823747,0.969545710728955,20
2,8,0.833783791957015,0.589111326270137,20
4,8,0.780524086099052,0.515970584662304,20
3,8,0.763349751002896,0.0742626003810634,20
5,8,0.773561127559239,0.191953226071109,20
1,9,0.900720156003188,0.86088464203888,20
2,9,0.839077294268667,0.426088586817981,20
4,9,0.782804205905786,0.364098789303133,20
3,9,0.778621324609571,0.109229221964424,20
5,9,0.756223914696877,0.079734640531745,20
1,10,0.89594431524235,0.915656188845269,20
2,10,0.850671507870235,0.223564159555574,20
4,10,0.764618928159752,0.548108521853376,20
3,10,0.760437903854885,0.83763172642175,20
5,10,0.763372148445995,-0.0343415376894481,20
1,11,0.895692315017383,0.912356052554542,20
2,11,0.834653970039455,0.610696676830855,20
4,11,0.781314409071074,0.241085039637726,20
3,11,0.78087555337235,0.637738825306985,20
5,11,0.768332897370753,0.204249488509839,20
1,12,0.902200117211817,0.804242843519013,20
2,12,0.846849225361548,0.530538655591088,20
4,12,0.77600356537476,0.566689394368543,20
3,12,0.764835350429487,0.709562031766069,20
5,12,0.768748568518207,0.60180855806175,20
1,13,0.903331444676393,0.769372259317193,20
2,13,0.842676399551691,0.733909894603462,20
4,13,0.774567318411834,0.405953994459918,20
3,13,0.771238228554067,0.720342028374093,20
5,13,0.772113883293403,0.30204723448018,20
1,14,0.897736206396165,0.914006280567147,20
2,14,0.837723906864924,0.566112243184306,20
4,14,0.792460579054815,0.401992117388832,20
3,14,0.772287422514808,0.558439563881318,20
5,14,0.765569204271848,0.45671288382759,20
1,15,0.899327876798266,0.870286833030445,20
2,15,0.843427961147799,0.72842029470926,20
4,15,0.771961275197673,0.262627780053061,20
3,15,0.760237780837629,0.398623657803196,20
5,15,0.756992802984708,0.445133788030265,20
1,1,0.87604543093076,0.831370008239603,21
4,1,0.717982639570392,0.584664734684809,21
2,1,0.790170290803805,0.75328298767874,21
3,1,0.727886615257294,0.730918928307843,21
5,1,0.718819191079059,0.565002287471587,21
1,2,0.880052359389644,0.74107665594758,21
4,2,0.777765663526034,0.386329328201843,21
2,2,0.746420165766332,0.797879490419896,21
3,2,0.719629827477135,0.805604756188216,21
5,2,0.728062359055917,0.327177444241065,21
1,3,0.874904994086424,0.865867225103411,21
4,3,0.739582104943413,0.79488007694324,21
2,3,0.765662886645354,0.817083209079797,21
3,3,0.721424844640781,0.769331237230358,21
5,3,0.722086739252298,0.363437046467355,21
1,4,0.883510804326541,0.67441474417385,21
4,4,0.747860907600911,0.481603895766089,21
2,4,0.764453214425351,0.747137447152459,21
3,4,0.72833957034129,0.687003206866421,21
5,4,0.705382035855487,0.573154326866304,21
1,5,0.873275226901093,0.934962364943413,21
4,5,0.736956855745754,0.079636690808151,21
2,5,0.790064133822982,0.692328341376728,21
3,5,0.747715433963516,-0.0676256710031954,21
5,5,0.725768975615936,0.137061938506811,21
1,6,0.87621347834389,0.830728531468087,21
4,6,0.717285316343966,0.60883922893957,21
2,6,0.776743647925,0.785842332860117,21
3,6,0.749565330974849,0.490559620718323,21
5,6,0.70902742403527,0.343721412832194,21
1,7,0.875706789745715,0.88003727701582,21
4,7,0.757523116522715,0.436111786346429,21
2,7,0.746189517264443,0.551492643606938,21
3,7,0.736822270440547,0.864922419945187,21
5,7,0.712604329556623,0.473879612928749,21
1,8,0.878049714206838,0.824012481665284,21
4,8,0.705720229958784,0.531128041303927,21
2,8,0.804702213429718,0.703616578333402,21
3,8,0.749253241752532,0.242321049701443,21
5,8,0.71659042596166,0.331906831243792,21
1,9,0.880167490391056,0.743215424840872,21
4,9,0.778043765258171,0.726531178831837,21
2,9,0.739272807407065,0.63023207224562,21
3,9,0.7223844486046,0.748272081428096,21
5,9,0.723275367003516,0.678109239539635,21
1,10,0.876250274829778,0.861158628340986,21
4,10,0.699141818267067,0.560679850603795,21
2,10,0.816667336562298,0.681655113088685,21
3,10,0.745505247388365,0.611437033947616,21
5,10,0.714870873667385,0.370366174793654,21
1,11,0.875271490122283,0.853942092232868,21
4,11,0.719171079733537,0.596440915659491,21
2,11,0.801231946650781,0.278786173027443,21
3,11,0.741055714145881,0.370744609486216,21
5,11,0.720706117843483,-0.0101080900710211,21
1,12,0.872718978050865,0.9486387063287,21
4,12,0.731231470763608,0.508224375536527,21
2,12,0.778938712841313,0.675260330472905,21
3,12,0.748202647593933,0.384586325123384,21
5,12,0.751443906588892,0.424197937245607,21
1,13,0.876390102841752,0.825952145294312,21
4,13,0.741112226328374,0.483704005634563,21
2,13,0.759218548391733,0.567676191022495,21
3,13,0.750067015827995,0.639393111425382,21
5,13,0.721395683054839,0.484134080883923,21
1,14,0.874824884167083,0.884583474453265,21
4,14,0.694157236601461,0.440651926692859,21
2,14,0.824635954382475,0.685853657557073,21
3,14,0.742812571703001,0.348778575660729,21
5,14,0.739501688993071,-0.0420099637853019,21
1,15,0.872856323409696,0.932624341433083,21
4,15,0.711134271197629,0.0707483245301611,21
2,15,0.799049212104339,0.39931404041344,21
3,15,0.7425681508841,0.807589889395944,21
5,15,0.715558965353537,0.253347876641093,21
1,1,0.908846599035613,0.877239834892889,22
3,1,0.874503280912017,0.891323067592238,22
2,1,0.770205822733904,0.285653367775925,22
5,1,0.775808477545142,0.258034141924666,22
4,1,0.764139838334866,0.616588834246249,22
1,2,0.91477507600788,0.599279338156837,22
3,2,0.865403002327254,0.603694567183324,22
2,2,0.796915184397261,0.299182809307612,22
5,2,0.756255993428747,0.618686408153737,22
4,2,0.779320954074082,0.454126973125075,22
1,3,0.908049138366646,0.900969464718458,22
3,3,0.872931785897164,0.57100898375581,22
2,3,0.754839721222872,0.862977209828616,22
5,3,0.761689347012247,0.484648919700727,22
4,3,0.761900099418941,0.385375577219247,22
1,4,0.910157719936677,0.825410975195269,22
3,4,0.882937096856086,0.785279083779264,22
2,4,0.77427663911832,0.414188048864887,22
5,4,0.789697418765682,0.0787604116804883,22
4,4,0.776616202028268,0.640340920483723,22
1,5,0.904737126424536,0.912831935330078,22
3,5,0.89115456672597,0.358419887142633,22
2,5,0.762400302676999,0.642927462433642,22
5,5,0.793776842667659,-0.141950702311031,22
4,5,0.75509939120904,0.419541737299111,22
1,6,0.915808530485992,0.730152333589712,22
3,6,0.879587535492247,0.668758222944317,22
2,6,0.759189246384406,0.534638474826091,22
5,6,0.778759367223364,0.651577320554677,22
4,6,0.764440299635683,0.634127040717639,22
1,7,0.906416651590348,0.933266890794106,22
3,7,0.847993072682692,0.628657367299853,22
2,7,0.795872424561579,0.562424176055318,22
5,7,0.775426493235138,0.567973481749463,22
4,7,0.770982382154645,0.303877169397662,22
1,8,0.908493680353273,0.902278850851576,22
3,8,0.869519473630205,0.521263985798824,22
2,8,0.781606767134832,0.618067541714936,22
5,8,0.768589059448715,0.462194959572783,22
4,8,0.770089565181556,0.41418377842162,22
1,9,0.912691322004268,0.824506268040696,22
3,9,0.879027489320405,0.545740566390344,22
2,9,0.76246568483542,0.688397836491575,22
5,9,0.777057162832308,0.41211906706282,22
4,9,0.75918370830475,0.772488105405672,22
1,10,0.910857587574214,0.845024212493659,22
3,10,0.788507950199364,0.156272837502736,22
2,10,0.864861837327947,0.851338374223641,22
5,10,0.77446430437976,0.621773137814189,22
4,10,0.777882678537507,0.236286438809514,22
1,11,0.90984851404041,0.785040667695188,22
3,11,0.88254387203949,0.875822107177477,22
2,11,0.758570319741896,0.668767017005185,22
5,11,0.775367603555885,0.53742826851774,22
4,11,0.75740621846152,0.737631519253827,22
1,12,0.912164088792735,0.89234966904174,22
3,12,0.884537383766395,0.527135953162929,22
2,12,0.754216863791883,0.84545313308604,22
5,12,0.768166959560657,0.168097021709959,22
4,12,0.776275165765137,0.696915423125161,22
1,13,0.909067153902874,0.850137109997752,22
3,13,0.873371639004594,0.620577820283032,22
2,13,0.769854467857796,0.695293486543084,22
5,13,0.779633976168498,0.472579600169705,22
4,13,0.76647778034696,0.230752779912913,22
1,14,0.91269187846308,0.736293839380411,22
3,14,0.871937142379428,0.00982981346617004,22
2,14,0.773816707510915,0.695833475250341,22
5,14,0.796414599660515,0.249938107935523,22
4,14,0.758007984676796,0.642064430458393,22
1,15,0.904426360903438,0.941068392608553,22
3,15,0.850854129251771,0.623427230906306,22
2,15,0.783660572721233,0.766016849480015,22
5,15,0.770310735980985,0.750628022671616,22
4,15,0.775231775296595,0.181345493623988,22
1,1,0.910522258892721,0.812878078664963,23
4,1,0.859492304568118,0.810624623730335,23
3,1,0.774266378964185,0.85049284894076,23
5,1,0.800428799602744,0.582539762692944,23
2,1,0.783820554905481,0.658774035095349,23
1,2,0.902580890981747,0.953922180016956,23
4,2,0.872113701833079,0.316588817658502,23
3,2,0.762959275281298,0.678846671065037,23
5,2,0.784476204758805,0.449354219027381,23
2,2,0.814667888068799,0.613820749111007,23
1,3,0.90760116540359,0.923290320297531,23
4,3,0.869116531569448,0.484568131236801,23
3,3,0.770539629239801,0.537425346264041,23
5,3,0.820429029315266,0.0590691113781967,23
2,3,0.760789054475665,0.94180811046765,23
1,4,0.906063526362052,0.912226280088902,23
4,4,0.862313077158559,0.834045885530364,23
3,4,0.77464622913867,0.16938174696366,23
5,4,0.785643519876926,0.201428581449654,23
2,4,0.811954213615513,0.304229296036213,23
1,5,0.918883400265459,0.655322686529067,23
4,5,0.866669519033213,0.511305910682666,23
3,5,0.778916757326423,0.617915739301929,23
5,5,0.805034266152186,0.411397790977071,23
2,5,0.794510833637365,0.666914702090822,23
1,6,0.909975477901195,0.849734822325932,23
4,6,0.867656444247701,0.232096668809219,23
3,6,0.762204299875785,0.673486228658847,23
5,6,0.789789348252765,-0.0952965595069666,23
2,6,0.800176455498696,0.539594512641653,23
1,7,0.908894766097563,0.895066614699756,23
4,7,0.867081634341249,0.541370881296008,23
3,7,0.7722968576133,0.605428324656883,23
5,7,0.787350081917844,0.481584822722375,23
2,7,0.786277736312417,0.813542292087591,23
1,8,0.912753944660863,0.812624181168567,23
4,8,0.854676574463149,0.801266421856029,23
3,8,0.787440531755478,0.501870554182911,23
5,8,0.779434267537747,0.244602375666256,23
2,8,0.8017546699994,0.832063825417639,23
1,9,0.913961746657447,0.65986889461384,23
4,9,0.859377721252066,0.765166441943954,23
3,9,0.779766123939528,0.624855445143455,23
5,9,0.773393488554707,0.598318478724218,23
2,9,0.817546515722336,0.570158718165286,23
1,10,0.908695015177489,0.89733633436377,23
4,10,0.864295247168071,0.58936811510686,23
3,10,0.775367460719863,0.413526059894066,23
5,10,0.782864983079378,0.476617552216022,23
2,10,0.786390698807318,0.825472892626219,23
1,11,0.90771814320608,0.89955769100046,23
4,11,0.86803566859412,0.510019709162212,23
3,11,0.771694746175349,0.588498069604782,23
5,11,0.801358354675419,0.513014567295343,23
2,11,0.781523068492414,0.610059251705798,23
1,12,0.904859412732664,0.932921290007546,23
4,12,0.866390438529114,0.750156139016154,23
3,12,0.76771372357617,0.735055366439973,23
5,12,0.793266458088477,0.627226806480112,23
2,12,0.778727197365992,0.707282237156854,23
1,13,0.910849949030115,0.818122088355109,23
4,13,0.870552491420411,0.641777771270978,23
3,13,0.772353029074639,0.656218486065111,23
5,13,0.83657814094609,-0.239222825199344,23
2,13,0.785527707217073,0.360473518577295,23
1,14,0.909708463221445,0.87152530964185,23
4,14,0.871119674775183,0.304033916994219,23
3,14,0.7688025923874,0.608870125877294,23
5,14,0.804144267661044,0.127364668937149,23
2,14,0.777636279497808,0.702246012425584,23
1,15,0.912898068564285,0.727838856772111,23
4,15,0.858226354726406,0.546810620856159,23
3,15,0.787674903495038,0.495108441680043,23
5,15,0.791525929648694,0.105262890294395,23
2,15,0.809844570147799,0.759744012512764,23
1,1,0.918399823256002,0.730499831046735,24
4,1,0.822214043018362,0.502455721713347,24
2,1,0.804481977862319,0.609440508832431,24
3,1,0.794343115794926,0.765658693195394,24
5,1,0.751771474176233,0.401785695883966,24
1,2,0.910684382596152,0.941038470386508,24
4,2,0.791449118575307,0.634458099047757,24
2,2,0.832181830626334,0.497643464054628,24
3,2,0.799630016048101,0.671396822698734,24
5,2,0.747827246538326,0.82423915272303,24
1,3,0.916214181554425,0.768996676728199,24
4,3,0.80900053087228,0.611856636354315,24
2,3,0.802159382318628,0.882088842210123,24
3,3,0.793839313149651,0.794627688257494,24
5,3,0.754945650308038,0.398976178332202,24
1,4,0.914497287866395,0.883378444760459,24
4,4,0.787200586289085,0.637514817102318,24
2,4,0.832221098654194,0.578544748831836,24
3,4,0.812475139842816,0.509585125750424,24
5,4,0.748114317596707,0.35387029671174,24
1,5,0.919093322855075,0.778482199496099,24
4,5,0.80333125793287,0.153880355769187,24
2,5,0.843808119986487,0.607681007717734,24
3,5,0.811781018406237,0.807390994640743,24
5,5,0.740099170842131,0.665740108577263,24
1,6,0.9102654307379,0.93137522032137,24
4,6,0.810997331925882,0.671348744321447,24
2,6,0.800702704856677,0.808261063961467,24
3,6,0.799863929960252,0.802282506975806,24
5,6,0.741301887473855,0.660905643196954,24
1,7,0.913767692018404,0.886264603441913,24
4,7,0.790566566809302,0.368407962911189,24
2,7,0.839579908372092,0.790826297920288,24
3,7,0.81653290612171,0.146969867011567,24
5,7,0.759221716447881,0.0195711738175688,24
1,8,0.909778017321289,0.921132287150308,24
4,8,0.816418511544567,0.543868482092494,24
2,8,0.810088066457642,0.160574121366516,24
3,8,0.802220238885877,0.513607719776499,24
5,8,0.747444915771545,-0.0446410591336889,24
1,9,0.913815210820759,0.886786282540078,24
4,9,0.815964440662757,0.214004778483391,24
2,9,0.801899738367026,0.638429768564964,24
3,9,0.801000683599235,0.519763059349243,24
5,9,0.741914419095265,0.349331670646582,24
1,10,0.914111090226261,0.845376450979346,24
4,10,0.795359082063683,0.573162954424177,24
2,10,0.833260207490942,0.246884607584739,24
3,10,0.809529413651628,0.442237426810549,24
5,10,0.729933053908118,0.66668354382479,24
1,11,0.912400014777165,0.910662935484449,24
4,11,0.800939293395455,0.641598592068401,24
2,11,0.822356490390916,0.571032508040084,24
3,11,0.807594344501398,-0.166385253480823,24
5,11,0.743761532137691,0.361558603277336,24
1,12,0.911836176134201,0.93325971083548,24
4,12,0.830724358084566,0.483607033411034,24
2,12,0.794349353082978,0.810504801742163,24
3,12,0.79708620915891,0.413544250929565,24
5,12,0.749750324728116,0.411577604146603,24
1,13,0.918133294777844,0.786191150908193,24
4,13,0.813099790610831,0.549297833659157,24
2,13,0.807184619642187,0.441378085388578,24
3,13,0.804515506237436,0.45622688437345,24
5,13,0.747992864722138,0.424904231243942,24
1,14,0.915351572346973,0.821443679236339,24
4,14,0.840655782955382,0.55833994566871,24
2,14,0.768205509053928,0.904271739365962,24
3,14,0.792834613441355,0.74302117367271,24
5,14,0.760479361117104,-0.113575629113135,24
1,15,0.913422913202452,0.887650174520941,24
4,15,0.810603224378027,0.318306109723723,24
2,15,0.809075425103572,0.402180547454648,24
3,15,0.796158317344303,0.803851228127467,24
5,15,0.739548241214761,0.246368846306652,24
1,1,0.922703495714116,0.751395913628957,25
3,1,0.841715861071599,0.673403412052564,25
2,1,0.803170556021665,0.479823299125396,25
5,1,0.769569184393536,0.475178283713672,25
4,1,0.806033523351265,0.551743350194993,25
1,2,0.917926072743902,0.839380383552592,25
3,2,0.842464967977039,0.550652234400731,25
2,2,0.813352207114516,0.599929873421157,25
5,2,0.779984386423198,0.341181408738691,25
4,2,0.792482008853655,0.523732149502715,25
1,3,0.915353945065727,0.922508047680919,25
3,3,0.84903841726588,0.744560501709315,25
2,3,0.796547846991593,0.732229840646837,25
5,3,0.788882660569478,0.248973479367449,25
4,3,0.760989620653505,0.549043636165991,25
1,4,0.926518652367057,0.639101177911963,25
3,4,0.828826814801476,0.285074134568574,25
2,4,0.813767348211351,0.752627597652446,25
5,4,0.780143999649556,0.32472178006372,25
4,4,0.77616028948491,0.731278742105923,25
1,5,0.916152739882525,0.940809639708489,25
3,5,0.838376778157447,0.708998333430338,25
2,5,0.800766913749165,0.748523114223992,25
5,5,0.759629724470193,0.783259154408259,25
4,5,0.754771395237446,0.808093963547332,25
1,6,0.917638255210181,0.826956182556151,25
3,6,0.821894512756009,0.420389713090174,25
2,6,0.826016480821672,0.742249450490281,25
5,6,0.801670348998016,0.120725767982838,25
4,6,0.774606966763515,0.411405208005432,25
1,7,0.920020036704736,0.784199937046759,25
3,7,0.818293913736386,0.556966230904659,25
2,7,0.830463780614687,0.55475337619347,25
5,7,0.770633165964924,0.611947006779733,25
4,7,0.776896505478918,0.622731284030389,25
1,8,0.914944584452253,0.877113646738849,25
3,8,0.827695517543639,0.680222393243512,25
2,8,0.816639437727856,0.783580510959182,25
5,8,0.767312246109224,0.637470997551099,25
4,8,0.78479817608228,0.317652019710248,25
1,9,0.919788827817488,0.819882493096187,25
3,9,0.818326331208489,0.609722932554788,25
2,9,0.824835136266636,0.486225879539161,25
5,9,0.780113338250212,0.417784612624044,25
4,9,0.792558368752798,0.485894399763991,25
1,10,0.916533753781763,0.902596694283296,25
3,10,0.824253951809421,0.873098594683087,25
2,10,0.795962439229643,0.447114810051757,25
5,10,0.767662659954232,0.77983737842877,25
4,10,0.799775765355227,0.441437259119383,25
1,11,0.915297786502947,0.939935190581314,25
3,11,0.814334533548756,0.703545623731243,25
2,11,0.828141773228548,0.747712536446589,25
5,11,0.770458236531502,0.650793033808492,25
4,11,0.780604777087122,0.768051345786765,25
1,12,0.917147977366523,0.868371528350638,25
3,12,0.821540976564653,0.333283900106596,25
2,12,0.818152238356729,0.517489741835868,25
5,12,0.76495767846511,0.508521655642487,25
4,12,0.787565853717114,0.0490051891980903,25
1,13,0.912375178551546,0.955793814499099,25
3,13,0.820326141398908,0.194846341659767,25
2,13,0.826708962023234,0.410950734880907,25
5,13,0.780255030537784,0.504550377465513,25
4,13,0.773375475309,0.6735109511984,25
1,14,0.913810148037018,0.951601778815622,25
3,14,0.83385029985108,0.693018492181712,25
2,14,0.809023932966212,0.800396623334772,25
5,14,0.765440048735148,0.173175950942131,25
4,14,0.779962375318562,0.778948165976533,25
1,15,0.914126359187644,0.947025474307513,25
3,15,0.847583255610024,0.609627950281947,25
2,15,0.791318891462122,0.692356841930677,25
5,15,0.779412182908147,0.194041965046901,25
4,15,0.785928191902619,0.033773865353749,25
1,1,0.913714410301021,0.75375674740473,26
2,1,0.8658533692452,0.707903369193533,26
4,1,0.783628513952685,0.515557072654519,26
3,1,0.778368907146225,0.585553174222349,26
5,1,0.770119359679057,0.294979279436382,26
1,2,0.90740999559588,0.914481023526865,26
2,2,0.86236313782929,0.669299812185451,26
4,2,0.772715941049424,0.611580551656995,26
3,2,0.770130985997284,0.659023078634201,26
5,2,0.755048640506972,0.587035476307278,26
1,3,0.906979719072456,0.918995562952266,26
2,3,0.865343889818821,0.550298475185897,26
4,3,0.792805993286281,0.283299116557333,26
3,3,0.76259381474571,0.688638323824654,26
5,3,0.778300983176838,0.484781564267516,26
1,4,0.909288241447093,0.903594676598485,26
2,4,0.848420754194201,0.454410338249021,26
4,4,0.794826831196751,0.469518862839706,26
3,4,0.772249375662509,0.618918247622792,26
5,4,0.783198468371886,0.102716978976001,26
1,5,0.916678113002826,0.673066516084404,26
2,5,0.852951715514294,0.891299879847787,26
4,5,0.797598152651104,0.216323135440654,26
3,5,0.796594868226017,0.44013619509048,26
5,5,0.768882612807997,0.441187987946345,26
1,6,0.906063929467569,0.935107052355349,26
2,6,0.863781944674035,0.558010580333187,26
4,6,0.78162332495578,0.511069938157541,26
3,6,0.766765208551312,0.553636575500322,26
5,6,0.769905622725088,0.277568454580902,26
1,7,0.910401775186941,0.890472096787708,26
2,7,0.836341105170317,0.575832271220593,26
4,7,0.809705269787168,0.443399420564427,26
3,7,0.7782031504985,0.550524070856574,26
5,7,0.779897297660098,0.0769374695757677,26
1,8,0.908020547889296,0.883727715446979,26
2,8,0.840208817495128,0.828681239208864,26
4,8,0.779701121965919,0.564158222109581,26
3,8,0.767776320982915,0.658298241461369,26
5,8,0.774886223018702,0.494219575863481,26
1,9,0.914712778930204,0.705116687667458,26
2,9,0.838440500607373,0.833863178988294,26
4,9,0.786693796373266,0.736725455826484,26
3,9,0.774321231868776,0.478252755063944,26
5,9,0.766855601630887,0.477805751341501,26
1,10,0.910504419528264,0.823557831599147,26
2,10,0.844470454592561,0.683446147356655,26
4,10,0.792080650799733,0.465331527061147,26
3,10,0.771560744825384,0.572119214709532,26
5,10,0.773912698106359,0.605760057099289,26
1,11,0.905722346187737,0.940316594247786,26
2,11,0.854607979242535,0.826243133749779,26
4,11,0.787836720527342,0.775275763275905,26
3,11,0.782939118261917,0.527597669354883,26
5,11,0.763511614614102,0.559565433582696,26
1,12,0.907808418088861,0.912174348587398,26
2,12,0.866790521288166,0.550493815816465,26
4,12,0.781365613870138,0.452255321484428,26
3,12,0.773045500547473,0.63296285721594,26
5,12,0.767525530771839,0.418577522422009,26
1,13,0.912818364192682,0.781307419008018,26
2,13,0.857261864559901,0.46682331554003,26
4,13,0.792773234479242,0.46627921980247,26
3,13,0.787684380224844,0.466489277888105,26
5,13,0.770885565453064,0.312859072774532,26
1,14,0.91260406857501,0.838937681850988,26
2,14,0.858814469874159,0.745877088826387,26
4,14,0.772263344696334,0.757635567890651,26
3,14,0.780305909926032,0.459703688934218,26
5,14,0.773993933631532,0.302126136844487,26
1,15,0.908405181438947,0.866941005801681,26
2,15,0.865523796823697,0.585395881416274,26
4,15,0.773233958906732,0.814730306386926,26
3,15,0.776964322065734,0.709994523130879,26
5,15,0.766317775512372,0.368132885092297,26
1,1,0.886182409697494,0.807297736373605,27
4,1,0.672157936989317,0.748361912953053,27
2,1,0.768713968762841,0.749740134241599,27
5,1,0.716769585746063,0.732225035610269,27
3,1,0.653884346511558,0.50452934081209,27
1,2,0.880807322592629,0.885692140889135,27
4,2,0.668083963656168,0.715266861699617,27
2,2,0.778231322850301,0.50990493768138,27
5,2,0.677591839013123,0.51244123848869,27
3,2,0.736064330292799,0.605946909491645,27
1,3,0.878501343404668,0.899190538760139,27
4,3,0.670969044385186,0.641348808819721,27
2,3,0.787250980063927,0.55469461084308,27
5,3,0.706862127534026,0.488288538369683,27
3,3,0.662553398505685,0.539969817838258,27
1,4,0.878811178462287,0.906717947488279,27
4,4,0.674703710757297,0.522189612820033,27
2,4,0.778464741238992,0.802044607334253,27
5,4,0.70589022201649,0.394879819012179,27
3,4,0.700634819320784,0.489464085356997,27
1,5,0.88288211478053,0.826676203558575,27
4,5,0.678366527431506,0.169011248539146,27
2,5,0.769276028660492,0.830056009857289,27
5,5,0.69617162314299,0.278611588844006,27
3,5,0.698816141267875,0.668895938325135,27
1,6,0.879149448250741,0.90043129680061,27
4,6,0.68373969217709,-0.12143474084575,27
2,6,0.759705027457496,0.62220488180005,27
5,6,0.727042082375394,0.196509747900867,27
3,6,0.664103777172205,0.388839655582087,27
1,7,0.889006026231057,0.754456428913936,27
4,7,0.675823516234739,0.425205445951281,27
2,7,0.779681434212499,0.794084230991324,27
5,7,0.698888302686656,0.574529071200624,27
3,7,0.6896917369794,0.482095033555977,27
1,8,0.883969862164512,0.833264853823182,27
4,8,0.667006404373745,0.661359546754891,27
2,8,0.783918448150005,0.294435343651904,27
5,8,0.712244004643491,0.361050948331514,27
3,8,0.677162332353566,0.557106315377184,27
1,9,0.884131665501525,0.812078939279686,27
4,9,0.658695395813816,0.517324484621837,27
2,9,0.770479243725927,0.406376397599845,27
5,9,0.71751216381007,0.0973287060264546,27
3,9,0.677366334632179,0.178876973202707,27
1,10,0.880275519868674,0.911221419036614,27
4,10,0.680258840105739,0.0412418941696235,27
2,10,0.784287714645863,0.737398884855271,27
5,10,0.719422194316526,0.026363659440534,27
3,10,0.672181453434547,0.178803778469981,27
1,11,0.877500857481336,0.921722335199012,27
4,11,0.669658430158425,0.062272057046903,27
2,11,0.782954249883123,0.235060091391656,27
5,11,0.718209652713537,0.266490478456656,27
3,11,0.674614016054219,0.761266404391398,27
1,12,0.880088680925867,0.933845230455704,27
4,12,0.673436489540074,0.69708580503919,27
2,12,0.781216361888386,0.873336477144638,27
5,12,0.69157311358167,0.666928534723816,27
3,12,0.697870593846688,0.728424738997868,27
1,13,0.893083000479547,0.759147012760647,27
4,13,0.679030000473805,0.0594596045088784,27
2,13,0.778375826055014,0.83884992050979,27
5,13,0.679288717488767,0.21174798474435,27
3,13,0.692577157432958,0.503929728019869,27
1,14,0.883454180610842,0.795088406771347,27
4,14,0.656839380269176,0.726276247394285,27
2,14,0.777045563745448,0.597288971710261,27
5,14,0.711196710202657,0.506323153610048,27
3,14,0.667203770494898,0.668939489015259,27
1,15,0.877163434415698,0.947973872548519,27
4,15,0.664300759128964,0.369066371821806,27
2,15,0.778987691192964,0.0665073139759041,27
5,15,0.737399351228679,0.609341311607009,27
3,15,0.66838249592806,0.550298319228738,27
1,1,0.910637709705787,0.883954780307141,28
2,1,0.848775414011656,0.623696729784434,28
3,1,0.788968379776992,0.594174354522693,28
4,1,0.793559377233443,0.436321707343268,28
5,1,0.758312377196874,0.185958432966711,28
1,2,0.915995095074226,0.753976694567999,28
2,2,0.834496707108023,0.635695022028835,28
3,2,0.775057731982655,0.640985649755967,28
4,2,0.793818431288261,0.408146391693109,28
5,2,0.768518069206248,0.656064905969813,28
1,3,0.912123265846001,0.884638529885208,28
2,3,0.845485753802932,0.724545200953806,28
3,3,0.754534622689461,0.692432147061152,28
4,3,0.776826197468897,0.492498036314955,28
5,3,0.784623451486074,0.594502753814182,28
1,4,0.913581608125708,0.835838389443482,28
2,4,0.838262148802982,0.708439774642244,28
3,4,0.780821416824535,0.568667924220883,28
4,4,0.781927516111059,0.509256637863007,28
5,4,0.757685004988561,0.437865329217975,28
1,5,0.911320960945366,0.886405275813025,28
2,5,0.8495070861405,0.81198035989386,28
3,5,0.762913229066746,0.759800433147443,28
4,5,0.786808619719864,0.355759781772416,28
5,5,0.777578523650855,-0.126453680003693,28
1,6,0.911392175264494,0.906645322995149,28
2,6,0.848049639643657,0.605685716210191,28
3,6,0.765635109459987,0.751293983635185,28
4,6,0.772425095556806,0.827499002423173,28
5,6,0.777451203817125,0.0979873775166632,28
1,7,0.910740996973184,0.940188171706657,28
2,7,0.855002132424429,0.720393428830756,28
3,7,0.764912193499852,0.7211048437852,28
4,7,0.777169570397756,0.31379609900156,28
5,7,0.77934146901755,0.383331501924223,28
1,8,0.910683773490628,0.918417956770802,28
2,8,0.853630003535715,0.710020118620577,28
3,8,0.765085897409978,0.652394159793183,28
4,8,0.785096268690203,0.139831610472225,28
5,8,0.762219693686702,0.727975965376055,28
1,9,0.911083637775555,0.858727264637935,28
2,9,0.858257025618452,0.201052003846983,28
3,9,0.770398869747109,0.574060965472907,28
4,9,0.787551128282042,0.476897735514979,28
5,9,0.766762956491578,0.573742960047716,28
1,10,0.911848324996742,0.855006428932656,28
2,10,0.848207657719992,0.617756961610387,28
3,10,0.785324211909153,0.585420234853856,28
4,10,0.782343508468555,0.221111463550219,28
5,10,0.762726237617555,0.427260534865538,28
1,11,0.908041244211852,0.952956045945671,28
2,11,0.849988620901385,0.487871142354713,28
3,11,0.767152728197051,0.642965914914457,28
4,11,0.777813400672782,0.544802391010843,28
5,11,0.769239302710157,0.614345490995457,28
1,12,0.918465586880568,0.518806685758474,28
2,12,0.843721502882398,0.739358865331652,28
3,12,0.774521067929549,0.560430384817544,28
4,12,0.767467116087804,0.503405749962762,28
5,12,0.789793694945877,0.295588731368856,28
1,13,0.91207291422369,0.890989351070654,28
2,13,0.8445446407963,0.639758083124216,28
3,13,0.763708679241983,0.677904583008312,28
4,13,0.7740960151168,0.531671715383164,28
5,13,0.769838407430058,0.406934770304768,28
1,14,0.912663623451221,0.896200171113963,28
2,14,0.851878690682379,0.699545941072316,28
3,14,0.773726520569896,0.0768466551243178,28
4,14,0.776146840172222,0.115939478408984,28
5,14,0.788953299981777,0.452184606258064,28
1,15,0.914595094305202,0.829087150901073,28
2,15,0.832971576945739,0.705202707512291,28
3,15,0.774678982009184,0.685875523419094,28
4,15,0.775489748017144,0.667613108686566,28
5,15,0.777517204364861,0.373407473480535,28
1,1,0.922417274761744,0.563772497608307,29
2,1,0.862292636253508,0.821683298646135,29
3,1,0.768232504435568,0.82005234115815,29
5,1,0.784780113492681,0.426549043588999,29
4,1,0.77458414010583,0.406788247808378,29
1,2,0.917395955753454,0.868252136130439,29
2,2,0.863851502902735,0.598587710323936,29
3,2,0.788565418607223,0.707491546297168,29
5,2,0.789851008788472,0.445827332222468,29
4,2,0.767839747536493,0.65420178078281,29
1,3,0.913994583057538,0.921132271638132,29
2,3,0.882030743513081,0.420863120495078,29
3,3,0.764120129229429,0.603869228407915,29
5,3,0.793751806949465,0.184083850799321,29
4,3,0.765243445349705,0.38602293604195,29
1,4,0.919814551412334,0.846370511898445,29
2,4,0.869409382751536,0.72523951799052,29
3,4,0.776813171834214,0.729726088932521,29
5,4,0.781579033210779,0.449468918977346,29
4,4,0.782390505010928,0.213495169194605,29
1,5,0.915495115166333,0.872448936723514,29
2,5,0.878575111542907,0.711381035025984,29
3,5,0.767312792448243,0.523712776534013,29
5,5,0.781380527783948,0.693766485027885,29
4,5,0.779568524878411,0.652476672752055,29
1,6,0.917838449698307,0.806359837029058,29
2,6,0.855086780223926,0.350958558382531,29
3,6,0.817341347540368,0.666603041617525,29
5,6,0.788377685840686,0.167859147922682,29
4,6,0.788204610073581,0.257906273505164,29
1,7,0.9163213709803,0.818881228227687,29
2,7,0.869335945993249,0.800549242631122,29
3,7,0.770873821140292,0.709274278225527,29
5,7,0.777964000169556,0.115074783394831,29
4,7,0.771575830511151,0.5403952759943,29
1,8,0.922527935030201,0.637785905561197,29
2,8,0.865463479577248,0.602056395348567,29
3,8,0.778009733928208,0.312777459356035,29
5,8,0.808014652303412,0.344720145982431,29
4,8,0.775818436890471,0.329765342157387,29
1,9,0.918491786659556,0.766954743227801,29
2,9,0.878538776119968,0.640885215606863,29
3,9,0.767782367276486,0.788745555401062,29
5,9,0.769526088822366,0.692571348798756,29
4,9,0.791115765521127,0.688168623741281,29
1,10,0.913709910038588,0.953788021492455,29
2,10,0.878865793171462,0.644017560922281,29
3,10,0.764411699000743,0.585586417049573,29
5,10,0.788945048182902,0.541418151274126,29
4,10,0.770893283190566,0.404922898579336,29
1,11,0.919608273626876,0.789729148614074,29
2,11,0.874540763157486,0.805191283981629,29
3,11,0.764533415569716,0.586264721758506,29
5,11,0.766531523117683,0.555201732910506,29
4,11,0.795455965887372,0.802177023987528,29
1,12,0.917752266839054,0.903096103157444,29
2,12,0.88154361304824,0.739908942790358,29
3,12,0.775731696412214,0.165664522610481,29
5,12,0.795263019602877,0.042044040468279,29
4,12,0.778998366568666,0.10120851970609,29
1,13,0.915824472526017,0.907996633949874,29
2,13,0.883965160020291,0.438552934505661,29
3,13,0.77865723750875,0.414302852876505,29
5,13,0.787469828776916,0.479517354767862,29
4,13,0.778659376011852,0.190559354924463,29
1,14,0.912337156958705,0.917076307507,29
2,14,0.878521740315129,0.551130861568535,29
3,14,0.76060799475441,0.590599814012925,29
5,14,0.787898794662399,0.247537542261177,29
4,14,0.786083637680468,0.395739052399677,29
1,15,0.914095164746138,0.897805412207513,29
2,15,0.878012763375779,0.710866098782851,29
3,15,0.771262482918952,0.836587713798755,29
5,15,0.798590779004102,0.449092213729396,29
4,15,0.763032748758096,0.678482151836345,29
1,1,0.880616055668704,0.947332772421141,30
4,1,0.723861014655165,0.705231185143728,30
2,1,0.744513819769528,0.817472946299997,30
3,1,0.755379173611202,0.669721238025827,30
5,1,0.726703367732442,0.500577140129286,30
1,2,0.878689734403045,0.934274823803853,30
4,2,0.722711507377081,0.801352386610135,30
2,2,0.754588310402684,0.134507562054337,30
3,2,0.743164297218867,0.425036771648939,30
5,2,0.710192782974266,0.419580412086048,30
1,3,0.886606587607704,0.820949371650739,30
4,3,0.729480794827199,0.547280780213976,30
2,3,0.770874565990316,0.408071630541196,30
3,3,0.742834304805485,0.602773501371384,30
5,3,0.708601450051953,0.502317052614141,30
1,4,0.883846180429542,0.816719510523608,30
4,4,0.713137980900844,0.713364617543018,30
2,4,0.771299131774493,0.754861983528629,30
3,4,0.727114007733805,0.471361274492194,30
5,4,0.723991591254316,0.628188514104133,30
1,5,0.890549454925093,0.675090760812693,30
4,5,0.73536427910383,0.545312292357992,30
2,5,0.74603519596645,0.668490366747101,30
3,5,0.730434927673791,0.835630449580859,30
5,5,0.716512086753787,0.563590455855071,30
1,6,0.891521729747045,0.679912367244774,30
4,6,0.701516915769017,0.622790823474898,30
2,6,0.778744395806273,0.840570750470587,30
3,6,0.736175360644818,0.493369468520849,30
5,6,0.709970823765999,0.532722260392061,30
1,7,0.877073485287124,0.973994030502395,30
4,7,0.759127296012301,-0.153480362609485,30
2,7,0.733846339151927,0.649736058744404,30
3,7,0.745069516182307,0.547635878163703,30
5,7,0.724535891344731,0.488496270775702,30
1,8,0.879516758897039,0.902831639048364,30
4,8,0.736051321406184,0.379743979147381,30
2,8,0.747336075274028,0.743301764977614,30
3,8,0.734136678034903,0.512473151458887,30
5,8,0.696060944224833,0.182282306274102,30
1,9,0.87253268636559,0.972853656025755,30
4,9,0.745938878268105,0.428987643069602,30
2,9,0.717667090887574,0.611695533785322,30
3,9,0.729118432281579,0.595535840195371,30
5,9,0.736493167017901,0.163214648459271,30
1,10,0.885462766963543,0.735908702555416,30
4,10,0.7221607875541,0.156477647241848,30
2,10,0.733580420790114,0.875928863528148,30
3,10,0.745340491571613,0.466061855474055,30
5,10,0.719285267671216,0.370549856264555,30
1,11,0.887695319272552,0.822064548281865,30
4,11,0.721676939830698,0.372928642454721,30
2,11,0.781443085646224,0.404283618910127,30
3,11,0.739809092811754,0.503373202686518,30
5,11,0.71446269253573,0.731306828027197,30
1,12,0.880868224218064,0.890793846562225,30
4,12,0.707487707482038,0.272469816865071,30
2,12,0.779013420141055,0.771275039612666,30
3,12,0.728202403458307,0.579681954960692,30
5,12,0.717255012390199,-0.0357113301076411,30
1,13,0.879276884023255,0.885228961358088,30
4,13,0.708346263839331,0.276541109649059,30
2,13,0.783289297816597,0.427819717713335,30
3,13,0.740159552671795,0.491705593206644,30
5,13,0.722256246449046,0.226912763581054,30
1,14,0.889819435671921,0.532274613369016,30
4,14,0.739159174759008,0.294135464872698,30
2,14,0.753050960419877,0.642539398562069,30
3,14,0.753736618126315,0.542248923520755,30
5,14,0.727667829116463,0.0494020714380962,30
1,15,0.882065466560039,0.896526886675136,30
4,15,0.711471920155665,0.685427894083229,30
2,15,0.755026594007532,0.670583106686045,30
3,15,0.734216613689924,0.712389507402953,30
5,15,0.69131861003545,0.653552435560422,30
1,1,0.910228963531075,0.93771704288132,31
4,1,0.856115822395838,0.560214577353504,31
2,1,0.775495595691249,0.426493734048703,31
3,1,0.805386336367529,0.422184708656519,31
5,1,0.758141397281102,0.372361535214835,31
1,2,0.906497848693559,0.893571392998562,31
4,2,0.851378622996884,0.386088698752774,31
2,2,0.769122421822956,0.390353829888363,31
3,2,0.79064135843459,0.867393212912588,31
5,2,0.771276352697131,0.172795084583684,31
1,3,0.905328751235371,0.944226821584423,31
4,3,0.85228241997474,0.563659198800497,31
2,3,0.772987332104594,0.712971213335916,31
3,3,0.780519964682911,0.72692396522587,31
5,3,0.775583156754036,0.726142701376242,31
1,4,0.915496308707246,0.692320944139036,31
4,4,0.801403778236748,-0.0563366529219335,31
2,4,0.848398410118922,0.843687634998082,31
3,4,0.815722639570488,0.0954685996983505,31
5,4,0.802040126845758,0.153247631319284,31
1,5,0.908874156000923,0.799387967516813,31
4,5,0.818100880813303,0.639538245753757,31
2,5,0.799745961898354,0.519378718971654,31
3,5,0.787104057668256,0.732845604497016,31
5,5,0.779341217708726,-0.17351786448153,31
1,6,0.907601193914064,0.866251388530867,31
4,6,0.852456669195133,0.544799550846039,31
2,6,0.780921759206291,0.614727745460178,31
3,6,0.792245947670107,0.474232126973477,31
5,6,0.777145127731676,0.67407706456422,31
1,7,0.905769179363889,0.930648352538168,31
4,7,0.846188816723108,0.803195585068902,31
2,7,0.7738840063706,0.755644831176781,31
3,7,0.781678347678731,0.666858306234428,31
5,7,0.776694114946745,0.135704262873451,31
1,8,0.909451809508555,0.833929225775331,31
4,8,0.848894614702121,0.591736238113734,31
2,8,0.781840252513295,0.67619043720824,31
3,8,0.796308968235147,0.305673485064369,31
5,8,0.773320212333026,0.330648913827098,31
1,9,0.907150339047044,0.882116311454632,31
4,9,0.857588230949852,0.521189583482523,31
2,9,0.771113266213287,0.673371390282509,31
3,9,0.787959479471491,0.752534485555902,31
5,9,0.779387095984576,0.289472341396989,31
1,10,0.906039220858137,0.919974629883354,31
4,10,0.846067934948446,0.508108250680807,31
2,10,0.774732593441626,0.740846541712649,31
3,10,0.796608176436173,0.822888208179198,31
5,10,0.774101759170963,0.123471112256723,31
1,11,0.906727012288162,0.9185985683918,31
4,11,0.861759416183338,0.581147307577581,31
2,11,0.765621076298721,0.847960211570638,31
3,11,0.803105080368184,0.158112705316165,31
5,11,0.772187196179838,0.435698971000495,31
1,12,0.906510224043086,0.915462014393787,31
4,12,0.862549233410427,0.636793117166271,31
2,12,0.769325100764465,0.709499289900499,31
3,12,0.78921460989998,0.870596825116341,31
5,12,0.75905079878245,0.538137635459732,31
1,13,0.908341884711415,0.865498621517525,31
4,13,0.847387074431565,0.8895914597964,31
2,13,0.765073934204135,0.663385284674361,31
3,13,0.804084451033361,0.587401184115209,31
5,13,0.783518778108881,0.223097560564984,31
1,14,0.917176511345011,0.603413648420007,31
4,14,0.835562998665036,0.46745246872125,31
2,14,0.792124462367745,0.768254672160465,31
3,14,0.791809836482099,0.305068754241535,31
5,14,0.781938005836353,0.662357688561013,31
1,15,0.910536636205862,0.767856201269591,31
4,15,0.846469725632269,0.349280142364972,31
2,15,0.783707131851399,0.778434786589497,31
3,15,0.77993239220626,0.757252270551295,31
5,15,0.787314753839975,0.24333548954709,31
1,1,0.916050986983458,0.733469510289339,32
2,1,0.861841344275556,0.615969812247595,32
3,1,0.7794255069671,0.733767544860175,32
4,1,0.805945351904789,0.164658076313154,32
5,1,0.751004928500039,0.550667450640852,32
1,2,0.908696714052063,0.877571905948364,32
2,2,0.851078510702711,0.240025321501728,32
3,2,0.786319962274882,0.510046318279615,32
4,2,0.788810812386321,0.522611483396232,32
5,2,0.773319016477252,0.571687646489971,32
1,3,0.92329522831214,0.614863451368203,32
2,3,0.858069470364124,0.663442967028437,32
3,3,0.781287162300394,0.46883497288092,32
4,3,0.790919472325154,0.636306619416542,32
5,3,0.754026464342496,0.385923359089106,32
1,4,0.915771899855331,0.794074358035436,32
2,4,0.864190059334138,0.625873106575979,32
3,4,0.792641566270432,0.525306034316127,32
4,4,0.808448604828061,0.307045094533663,32
5,4,0.779038694605218,0.397375222044669,32
1,5,0.911828455847403,0.866430182602213,32
2,5,0.857990772773131,0.608873695677138,32
3,5,0.791739126423786,0.19478616937024,32
4,5,0.792776725045471,0.160546303113488,32
5,5,0.775945062202202,-0.321921995277114,32
1,6,0.910446171443725,0.894141694281393,32
2,6,0.864495370649583,0.415003114857831,32
3,6,0.785046434775597,0.793675229544489,32
4,6,0.781991842983576,0.62997517036597,32
5,6,0.784434464568262,0.427201175250191,32
1,7,0.911349230299177,0.91518030880707,32
2,7,0.856803834360448,0.514271893315546,32
3,7,0.792553197778918,0.765213952472162,32
4,7,0.800228706392373,0.605714487739592,32
5,7,0.767693397159945,0.666458976929271,32
1,8,0.909210734142839,0.91686009707133,32
2,8,0.848278604494399,0.771910094978597,32
3,8,0.805467065559159,0.695570316528148,32
4,8,0.797505705727468,0.553596266076783,32
5,8,0.748606091006795,0.486962178127171,32
1,9,0.911747218030475,0.874304373784472,32
2,9,0.859476733958141,0.701966757119119,32
3,9,0.790639348919719,0.546623849522705,32
4,9,0.784917709534542,0.757082028837318,32
5,9,0.754930288337132,0.452365287883715,32
1,10,0.908776561263082,0.943603170510203,32
2,10,0.857685944483851,0.552348031730206,32
3,10,0.790877684102284,0.537957764478675,32
4,10,0.797646814591335,0.589349023264443,32
5,10,0.757191868712292,0.784909687774728,32
1,11,0.909663929379185,0.905826996717984,32
2,11,0.844017766238164,0.85780697341185,32
3,11,0.787501612710669,0.595701558085239,32
4,11,0.802494306900876,0.297748727553855,32
5,11,0.774330708247826,0.113722631479791,32
1,12,0.909139044838563,0.926422410608517,32
2,12,0.863211107774752,0.598952493221305,32
3,12,0.789468645989965,0.487802053939873,32
4,12,0.778811337511922,0.494456882128795,32
5,12,0.754785755089837,0.861827270038104,32
1,13,0.913699927830619,0.809760545530688,32
2,13,0.853100744880053,0.794400185563271,32
3,13,0.792485557841387,0.694398670684146,32
4,13,0.779446721399426,0.900053916566226,32
5,13,0.774375876943874,0.180482637231844,32
1,14,0.909588378513267,0.908556522309465,32
2,14,0.855612702697934,0.762303853298615,32
3,14,0.792123172850875,0.463534765725913,32
4,14,0.784194013179549,0.651782680970806,32
5,14,0.773133415837996,0.11020888673521,32
1,15,0.911866743693863,0.852423484412976,32
2,15,0.860760460287873,0.417507117469382,32
3,15,0.785146602435152,0.646115557460219,32
4,15,0.797654382828698,0.403566937786446,32
5,15,0.764910755111083,0.236605489849121,32
1,1,0.915901656525492,0.802089926755359,33
4,1,0.867182383099484,0.587561096697512,33
2,1,0.766619316769077,0.787896296490981,33
5,1,0.763038621097984,0.62647313912354,33
3,1,0.794504177277118,0.423921498595409,33
1,2,0.907134718604736,0.893567528962052,33
4,2,0.840989890352264,0.228156438488592,33
2,2,0.800454473049881,0.607407707172277,33
5,2,0.810745756121524,0.392766924390373,33
3,2,0.784528309579484,0.647823464868003,33
1,3,0.923097698140574,0.519991538985383,33
4,3,0.781964070514987,0.433341513132312,33
2,3,0.867417290515955,0.782498845208939,33
5,3,0.791881843431545,0.354663516671819,33
3,3,0.788349269072091,0.526765486267587,33
1,4,0.906575312183541,0.944777794185373,33
4,4,0.835921501848922,0.430369061650776,33
2,4,0.803282056401277,0.823137193315123,33
5,4,0.770497644533887,0.464386120660194,33
3,4,0.7958198276464,0.832820272102118,33
1,5,0.908203207451572,0.904353349188048,33
4,5,0.785526383399016,0.423468936344272,33
2,5,0.832822986275752,0.885023720334131,33
5,5,0.793288660445208,-0.0655857531209393,33
3,5,0.798044520274197,0.788640962724654,33
1,6,0.911621361436463,0.860996257732414,33
4,6,0.814325680001523,0.344927782988902,33
2,6,0.830078494552409,0.71459493070471,33
5,6,0.797829854214262,0.618988071123708,33
3,6,0.793159616986738,0.751419241846329,33
1,7,0.910971452474751,0.792675072778066,33
4,7,0.828473584880119,0.261481042973745,33
2,7,0.811243250811257,0.761595458658289,33
5,7,0.815346733764662,-0.317936019680971,33
3,7,0.767349603926935,0.597211144215411,33
1,8,0.911542307894109,0.812021491913956,33
4,8,0.864584947131331,0.575373688210732,33
2,8,0.782085131929748,0.666602920835693,33
5,8,0.790075226855901,0.560077584555818,33
3,8,0.798005584718033,0.37627416401402,33
1,9,0.907396397643483,0.933138430905128,33
4,9,0.856696234692683,0.118708064955975,33
2,9,0.774897488074377,0.827724426495095,33
5,9,0.816141681704253,0.00637356378629081,33
3,9,0.764832206600889,0.751968937290498,33
1,10,0.909750540767472,0.916864478068461,33
4,10,0.869660790583285,0.441701062013347,33
2,10,0.778207181415916,0.831528766822154,33
5,10,0.803852796767641,0.118765876354569,33
3,10,0.787492781035855,0.647478056894356,33
1,11,0.910963973603227,0.84455585841631,33
4,11,0.792049183532826,0.666242719222552,33
2,11,0.844306576875816,0.893674726108918,33
5,11,0.771547305648549,0.588032871807291,33
3,11,0.802114484123537,0.610178615446791,33
1,12,0.909339338951834,0.898815902068296,33
4,12,0.826495824190532,0.433086408329055,33
2,12,0.812759823261303,0.780775817628848,33
5,12,0.778428323549468,0.319452775862848,33
3,12,0.808450076302638,0.524528533843839,33
1,13,0.910001940413102,0.855126889393032,33
4,13,0.799050266051734,0.666577617332606,33
2,13,0.835777639245846,0.845112620068095,33
5,13,0.775970955559209,0.48283689420099,33
3,13,0.791706176059337,0.491129756952582,33
1,14,0.911320427990674,0.875837666627755,33
4,14,0.816141769545722,-0.319518529158444,33
2,14,0.835084723345336,0.702397630008232,33
5,14,0.800334091932554,0.298021188248649,33
3,14,0.808792847790368,0.619781169280322,33
1,15,0.910173297080968,0.861984494456991,33
4,15,0.830859512015955,0.270218531624961,33
2,15,0.811536855655617,0.718885885901998,33
5,15,0.783648870375754,0.520097557875521,33
3,15,0.799871512134196,0.576681579986359,33
1,1,0.897655658522413,0.717302429068775,34
4,1,0.744045026819493,0.534762086319581,34
3,1,0.810295723397776,0.711606148165093,34
2,1,0.777222879830381,0.622901822964732,34
5,1,0.768578368071544,0.209685545551415,34
1,2,0.88920064403487,0.929861186824611,34
4,2,0.729355104296288,0.855057091997741,34
3,2,0.788612060946258,0.746648103490894,34
2,2,0.784553972848453,0.668808425006702,34
5,2,0.760988261995881,0.581320434430862,34
1,3,0.886458658062934,0.900908870481484,34
4,3,0.739292873791715,0.699835624648456,34
3,3,0.789340769314148,0.749393739041213,34
2,3,0.7701271602595,0.869870957018099,34
5,3,0.745692191017126,0.371567550950909,34
1,4,0.890649380328527,0.798206401174977,34
4,4,0.745145991811187,0.831645991817188,34
3,4,0.785720507875417,0.6247653344494,34
2,4,0.777608787786715,0.644215195782643,34
5,4,0.74452057478973,0.33222508151114,34
1,5,0.891534372080896,0.848115562744042,34
4,5,0.753451363180942,0.583277546757003,34
3,5,0.786609869823031,0.655644481398851,34
2,5,0.777239655334431,0.715436331726205,34
5,5,0.751988966738919,0.64905552125155,34
1,6,0.88722861632355,0.904811712377093,34
4,6,0.767401607497134,0.0384853675670778,34
3,6,0.762148944522461,0.665888451199926,34
2,6,0.766038177404497,0.815339725154531,34
5,6,0.776130278982913,0.456960449304361,34
1,7,0.88984160605897,0.905918949442192,34
4,7,0.739186631796875,0.453838358055115,34
3,7,0.802120971337499,0.446716983698082,34
2,7,0.772174462628858,0.802956745508328,34
5,7,0.753300561520707,0.494815251485106,34
1,8,0.885626742882074,0.938787113676187,34
4,8,0.75538232496176,0.536427392734547,34
3,8,0.775825612674222,0.815754364804629,34
2,8,0.783485535512222,0.212073686500943,34
5,8,0.752107850492461,0.706579560681641,34
1,9,0.901939789339417,0.63997314263383,34
4,9,0.748748954201509,0.463468798395648,34
3,9,0.807887787415755,0.220926916454043,34
2,9,0.788217791732302,0.485125039694051,34
5,9,0.757021571695409,0.164271793800349,34
1,10,0.889409477795146,0.878035852076357,34
4,10,0.744100088398287,0.415981586275693,34
3,10,0.789960285682826,0.529163727035194,34
2,10,0.776167866691058,0.596648242730561,34
5,10,0.752268231165444,0.407752716433567,34
1,11,0.888543600788718,0.894126381630623,34
4,11,0.744132117130384,0.540351816471218,34
3,11,0.805897417160238,0.103226367023831,34
2,11,0.770045114389093,0.69205529080945,34
5,11,0.749607262341007,-0.0630785192993452,34
1,12,0.883890402157349,0.958419257775587,34
4,12,0.755038434989974,-0.0311519738533748,34
3,12,0.779288262994714,0.731156635809907,34
2,12,0.7800647804228,0.564180612084443,34
5,12,0.75601443479593,0.467467913356266,34
1,13,0.894923874917556,0.680846161489715,34
4,13,0.763078570646874,0.339721133019895,34
3,13,0.783779296676104,0.467710277832368,34
2,13,0.775448954186034,0.668905189551024,34
5,13,0.735172690713902,0.699204620605561,34
1,14,0.893498945078919,0.820480853139148,34
4,14,0.746436737642431,0.782367452439729,34
3,14,0.784921594080428,0.672177161957863,34
2,14,0.791467318203319,0.32045527440827,34
5,14,0.751552335120326,0.578842012827024,34
1,15,0.886016510293673,0.915651130305971,34
4,15,0.723378014828104,0.84379360100083,34
3,15,0.804595126092246,0.709245308952581,34
2,15,0.76892830899225,0.3031690752223,34
5,15,0.739238966573018,-0.0711766711238755,34
1,1,0.909395126333298,0.860628360054404,35
2,1,0.845499083395371,0.575385917816192,35
3,1,0.801223649916661,0.521191439865359,35
4,1,0.786890409159183,0.659863249082123,35
5,1,0.735759200307277,0.843929031121761,35
1,2,0.906441010187963,0.881374110367556,35
2,2,0.839078424431106,0.62619327308577,35
3,2,0.796496323872454,0.783435279380988,35
4,2,0.796359846594534,0.586192839269211,35
5,2,0.735501316369356,0.674836156553558,35
1,3,0.911339550789793,0.853083599688859,35
2,3,0.839406474767854,0.81251097298681,35
3,3,0.799742723777727,0.553580443766279,35
4,3,0.795460765853028,0.6626694075716,35
5,3,0.750850858065347,0.497958550263296,35
1,4,0.911283146747973,0.811339249627902,35
2,4,0.862459865999705,0.707456875316831,35
3,4,0.77812820869985,0.712794695423442,35
4,4,0.806832813193982,0.329610685872612,35
5,4,0.732271229285213,0.446378910386177,35
1,5,0.90719964220173,0.921259347418218,35
2,5,0.853979453403806,0.629311050758551,35
3,5,0.785923828556528,0.728390875353553,35
4,5,0.800625012106966,0.753822176430574,35
5,5,0.748995320739263,0.273753943093524,35
1,6,0.903737198316379,0.968887500675557,35
2,6,0.823412140073524,0.839277152832403,35
3,6,0.787889288360507,0.673449680320177,35
4,6,0.803371652817044,0.31844815199922,35
5,6,0.733190873327157,0.449310637470826,35
1,7,0.910362291749313,0.818462795872487,35
2,7,0.82140395326961,0.573631128314261,35
3,7,0.800460182401205,0.692058390998335,35
4,7,0.792824354276543,0.645346655330876,35
5,7,0.75466045421602,0.604194990409089,35
1,8,0.917544683286783,0.694325836669681,35
2,8,0.834252213091698,0.64480586648989,35
3,8,0.795288952101771,0.449280515310399,35
4,8,0.798893011282511,-0.304043033631536,35
5,8,0.74846963810384,-0.15066272828765,35
1,9,0.907978878980967,0.91215914889654,35
2,9,0.840843334715437,0.698938907848427,35
3,9,0.786652803411906,0.451528079326943,35
4,9,0.808779451635125,0.609856053291202,35
5,9,0.740401004131397,0.417500386537295,35
1,10,0.904554916961351,0.940840326577792,35
2,10,0.830150425815667,0.321232312442019,35
3,10,0.800223068341819,0.588637822593729,35
4,10,0.80009459777076,0.633900517128626,35
5,10,0.742037498429565,0.129427747664072,35
1,11,0.908850706783592,0.888530204388721,35
2,11,0.827132884217459,0.298739454860774,35
3,11,0.812879732451263,0.7813029549105,35
4,11,0.808618736115048,0.1478647088571,35
5,11,0.756552513886274,0.0718541305594657,35
1,12,0.914675797595257,0.718615971643749,35
2,12,0.820796076945209,0.365046662354662,35
3,12,0.826797999924152,0.483206397934523,35
4,12,0.805251965684525,0.613127862064403,35
5,12,0.766441261723426,0.460950651064069,35
1,13,0.909608747845035,0.861445014978295,35
2,13,0.830025074331852,0.685487780830894,35
3,13,0.797500149939247,0.567384284328626,35
4,13,0.793400868710677,0.259500016729362,35
5,13,0.742483031315002,0.555143860062949,35
1,14,0.908662978317426,0.904886088686592,35
2,14,0.82085250795941,0.384015487849949,35
3,14,0.817197648126734,0.342846307087713,35
4,14,0.795246746516836,0.698757208428074,35
5,14,0.753361148625519,0.301846780376907,35
1,15,0.906054680251204,0.906811259026212,35
2,15,0.843550561188219,0.84599002591288,35
3,15,0.800757203856318,0.536274481764833,35
4,15,0.805342913514294,0.595330938124679,35
5,15,0.745392964146525,0.319682317285024,35
1,1,0.904279051656541,0.897526305891524,36
2,1,0.862794261802626,0.562918928273058,36
3,1,0.752555423094823,0.675048275803319,36
4,1,0.792238244778126,0.370186675189022,36
5,1,0.771496049683838,0.637034238113926,36
1,2,0.906936354981629,0.829306674958941,36
2,2,0.863807470918449,0.770353239657906,36
3,2,0.759610563783455,0.240976052926731,36
4,2,0.799585893647234,0.35971664958017,36
5,2,0.798474694958325,0.117731101347499,36
1,3,0.908514980623221,0.749748748558124,36
2,3,0.858401739750752,0.697620510266265,36
3,3,0.755976813744846,0.560152801632967,36
4,3,0.771301274154131,0.548563283186527,36
5,3,0.775992396135097,0.374333280973265,36
1,4,0.910346111118608,0.77372297216885,36
2,4,0.861014388512531,0.67193666956442,36
3,4,0.757360980555767,0.54489295235782,36
4,4,0.791247128925651,0.704467532727269,36
5,4,0.784962711724322,0.652422075270733,36
1,5,0.901624866147973,0.918372518161264,36
2,5,0.857656885161673,0.843619141188449,36
3,5,0.752539583727591,0.261933825527308,36
4,5,0.792517997067195,0.627310586335352,36
5,5,0.775920663880296,0.573687365757933,36
1,6,0.909101017748876,0.728613955867781,36
2,6,0.861603820678939,0.676481383926755,36
3,6,0.7691413045926,0.387155472608483,36
4,6,0.791879355156466,0.358064345268804,36
5,6,0.77054831797541,0.657095655714438,36
1,7,0.906260608162668,0.818083212944775,36
2,7,0.866307224295796,0.717515762086663,36
3,7,0.759845676920396,0.705592360976769,36
4,7,0.777122632639282,0.46763307106962,36
5,7,0.800590365601316,0.39372981727697,36
1,8,0.902975066661222,0.861948720281107,36
2,8,0.865297917728344,0.67812803415087,36
3,8,0.771551441005901,0.473461022274842,36
4,8,0.781183540736026,0.210654105829208,36
5,8,0.77489406949202,0.499228943744892,36
1,9,0.902087396258599,0.911996220857806,36
2,9,0.862982287417239,0.685676678043741,36
3,9,0.759024865101192,0.521455015970516,36
4,9,0.780921081618524,0.722921655639746,36
5,9,0.786040272132222,0.456955204168576,36
1,10,0.907025302655268,0.871211630545217,36
2,10,0.864935263161675,0.537395257808024,36
3,10,0.752673248516183,0.387706201461487,36
4,10,0.782929388392218,0.503876483578621,36
5,10,0.79417325399479,0.303187402593044,36
1,11,0.91064758793966,0.753368955272759,36
2,11,0.846033246886532,0.74256475397044,36
3,11,0.754543718751934,0.723332849986113,36
4,11,0.794057817123617,0.375462410691291,36
5,11,0.796228857005187,0.56043994859373,36
1,12,0.908529150852414,0.78045251395632,36
2,12,0.864038276151699,0.561365520086086,36
3,12,0.748286981748235,0.684376475885227,36
4,12,0.793879152937021,0.586416726675235,36
5,12,0.787371138514144,0.281668339244588,36
1,13,0.902604480724603,0.969905782468905,36
2,13,0.864390054686066,0.539548082010914,36
3,13,0.756991974969847,0.643595051826955,36
4,13,0.77981527462475,0.594057767493701,36
5,13,0.774643695196933,0.567310206029189,36
1,14,0.904214196450444,0.878044073560562,36
2,14,0.864753606327809,0.279558953041288,36
3,14,0.759019926970032,0.475825584799591,36
4,14,0.779002841339817,0.424460263658603,36
5,14,0.796520981917158,0.417863813399288,36
1,15,0.908118539633483,0.768417965965911,36
2,15,0.864701708773616,0.799121648268737,36
3,15,0.755412115054538,0.660428185081969,36
4,15,0.784090758088584,0.592481800422513,36
5,15,0.777704033053078,0.762829381596986,36
1,1,0.90812186788478,0.893766149928788,37
3,1,0.841765223130468,0.251514795420705,37
2,1,0.796751469797645,0.477206236650964,37
4,1,0.761253078101685,0.624201531723231,37
5,1,0.777080558683144,0.65167655867396,37
1,2,0.910147717773828,0.867487749472964,37
3,2,0.858052571254119,0.68228850968854,37
2,2,0.774704574503328,0.569395200768357,37
4,2,0.76991120756628,0.59355764003954,37
5,2,0.789071138566586,0.4088016841593,37
1,3,0.90988485085124,0.846317862687664,37
3,3,0.846904699353783,0.373045008212498,37
2,3,0.793568191148718,0.611015065819041,37
4,3,0.775590408621758,0.0796040669374396,37
5,3,0.776771626385854,0.136510367289288,37
1,4,0.911701409866671,0.804632874946089,37
3,4,0.857349978016015,0.501010519609311,37
2,4,0.768018197235253,0.640430321555772,37
4,4,0.771273216902141,0.401636544453647,37
5,4,0.766312494372436,-0.0517802347077434,37
1,5,0.906996418155213,0.902246067481246,37
3,5,0.847468984100498,0.62938327041917,37
2,5,0.784666842336877,0.929119005858479,37
4,5,0.761655599958049,0.674352891560004,37
5,5,0.781166317612795,0.548643827722701,37
1,6,0.913420873612638,0.691661589336849,37
3,6,0.834258456645376,0.79311364428831,37
2,6,0.802049362968959,0.769735524528661,37
4,6,0.78230018018463,0.136124001268974,37
5,6,0.78289988793462,0.466143447915441,37
1,7,0.908500764669551,0.913603990165178,37
3,7,0.821327231549766,0.810780477961675,37
2,7,0.795927874425919,0.785824838007831,37
4,7,0.766590385612571,0.578624758840775,37
5,7,0.778936040859836,0.427781914277068,37
1,8,0.917026209841728,0.71748918412837,37
3,8,0.855939873427185,0.726053593546607,37
2,8,0.784026982086964,0.597100448438143,37
4,8,0.771818845090834,0.467645504175435,37
5,8,0.778055421843837,0.437954650464552,37
1,9,0.908241482673229,0.916216232153296,37
3,9,0.836949557011625,0.658761188005291,37
2,9,0.800367653731559,0.391010019878084,37
4,9,0.765955258719639,0.648960625793091,37
5,9,0.781818298719734,0.409602942847938,37
1,10,0.912838413550865,0.832177412579638,37
3,10,0.849954287954559,0.60771071010752,37
2,10,0.789529997044021,0.621547905069999,37
4,10,0.762943325035648,0.728019649667346,37
5,10,0.763873060718175,0.551327933921253,37
1,11,0.911078094336324,0.868896360193965,37
3,11,0.845917751376062,0.469237970541047,37
2,11,0.80329955556502,0.141887810579127,37
4,11,0.780904000569094,-0.145267644014149,37
5,11,0.771578089580955,0.597717717395927,37
1,12,0.915197389949989,0.768925351773206,37
3,12,0.865577489898755,0.614246031719702,37
2,12,0.776319361707105,0.486276515889416,37
4,12,0.773766097535549,0.302963559925567,37
5,12,0.786059477217712,0.292282992250362,37
1,13,0.90929465459356,0.892294653579276,37
3,13,0.8572818534769,0.734724068821739,37
2,13,0.778079832972134,0.502147932054126,37
4,13,0.7645263878052,0.783354204742846,37
5,13,0.774761424846893,0.671881266842398,37
1,14,0.912048347792853,0.831353934230104,37
3,14,0.840787355238694,0.258086345368466,37
2,14,0.814256476272118,0.628226997247821,37
4,14,0.772587407485978,0.681977406339949,37
5,14,0.780231603510419,0.352217999512186,37
1,15,0.904184809440802,0.962791538435709,37
3,15,0.85272707586708,0.402619771690934,37
2,15,0.772626043651646,0.746254149504366,37
4,15,0.771189804702613,0.421082700989214,37
5,15,0.776365289401993,0.803400920417665,37
1,1,0.905819249746922,0.860189547392575,38
2,1,0.868018054672444,0.800221107542929,38
3,1,0.804810346112345,0.448204059715434,38
4,1,0.771003782093169,0.620774931797652,38
5,1,0.783432749213109,0.120783011650643,38
1,2,0.906907941164471,0.870132165503051,38
2,2,0.868704439591153,0.673561975032803,38
3,2,0.789316009406213,0.750656164163231,38
4,2,0.776112684476864,0.574245237826279,38
5,2,0.777040866337832,0.329485856172177,38
1,3,0.905113060324408,0.922794541649396,38
2,3,0.867672199989545,0.656673078593784,38
3,3,0.821082988730592,0.540429406251162,38
4,3,0.770755917395285,0.728246585183893,38
5,3,0.775750669082311,0.551232767064746,38
1,4,0.903335680401129,0.942140516425319,38
2,4,0.865042770909938,0.876936444967179,38
3,4,0.799946876941861,0.728352787201573,38
4,4,0.77518317444034,0.445151565805474,38
5,4,0.782078653437384,0.0629809279694941,38
1,5,0.908164131417622,0.834126724720178,38
2,5,0.86743474439163,0.741819697576101,38
3,5,0.804802008454492,0.62070126363119,38
4,5,0.779679919400645,0.50177256047597,38
5,5,0.771376487587473,0.490525084937213,38
1,6,0.906285960157236,0.887391802254004,38
2,6,0.876763808305602,0.452829397159654,38
3,6,0.803529456045268,0.4769016540004,38
4,6,0.777995680431039,0.556286795126575,38
5,6,0.763947603561773,0.536118000033005,38
1,7,0.910035825510601,0.794910863947613,38
2,7,0.871370902220341,0.765371948793903,38
3,7,0.805352720368269,0.40976904205995,38
4,7,0.776655317312701,0.395693621986367,38
5,7,0.782014561588435,0.112230886251499,38
1,8,0.906583435727508,0.824683147879193,38
2,8,0.869014625129725,0.367796262264366,38
3,8,0.786804516571025,0.799787794495145,38
4,8,0.761081716157335,0.590927568382543,38
5,8,0.788749663602899,0.13551906647545,38
1,9,0.913313650540541,0.716224682251606,38
2,9,0.870634149705253,0.781037330059241,38
3,9,0.799299902402347,0.311455898592516,38
4,9,0.786641263815225,0.463533630363977,38
5,9,0.776097485130653,0.724809064737653,38
1,10,0.905809331231371,0.847253327935111,38
2,10,0.876014020762886,0.602002037088252,38
3,10,0.795267433162683,0.774108708887804,38
4,10,0.779499720274856,0.702741744649139,38
5,10,0.778550997104885,0.715936779094181,38
1,11,0.907981234613862,0.821564008380998,38
2,11,0.861698549811984,0.802049088248645,38
3,11,0.805654178983855,0.696107815067433,38
4,11,0.786462400823232,0.0193488192696714,38
5,11,0.776781914381263,0.179067144993593,38
1,12,0.905886225333595,0.903999186807782,38
2,12,0.871762930143633,0.630988863186521,38
3,12,0.806660196281435,0.251438253784493,38
4,12,0.794206755997559,0.156185213549305,38
5,12,0.776280092649116,0.575174039932631,38
1,13,0.919346297844344,0.569544656629662,38
2,13,0.873680675841962,0.46133224086441,38
3,13,0.79358147861932,0.187052551766887,38
4,13,0.792092618373038,0.120994245393614,38
5,13,0.776274697238016,0.613421321225491,38
1,14,0.905600201076075,0.896445696069542,38
2,14,0.861709104477152,0.745147412161686,38
3,14,0.810246705643788,0.724033153630592,38
4,14,0.764853627630524,0.742587260697194,38
5,14,0.781538053575539,-0.0218867637265834,38
1,15,0.903731546769406,0.924473787472273,38
2,15,0.862734999423674,0.778485516359916,38
3,15,0.808447809739804,0.319080241034356,38
4,15,0.777259766009523,0.474586533011882,38
5,15,0.789602899890177,0.358301386271417,38
1,1,0.899997808774405,0.87871647888365,39
4,1,0.809774120124892,0.520526987197142,39
2,1,0.833060344663729,0.712741319122674,39
3,1,0.786731585948067,0.745749392692745,39
5,1,0.764577381824484,0.598678673498798,39
1,2,0.905371464995034,0.754046532919719,39
4,2,0.837326160132053,0.575318794058228,39
2,2,0.803240911434798,0.746379567838085,39
3,2,0.772777707912831,0.642548064775065,39
5,2,0.759292771551093,0.531579745789119,39
1,3,0.900253045299043,0.90024924109657,39
4,3,0.81010853823833,0.537686264931715,39
2,3,0.832702348280177,0.75090133998957,39
3,3,0.779348527017188,0.420276429928271,39
5,3,0.76059900115806,0.421144216195442,39
1,4,0.900671493053024,0.93022889929011,39
4,4,0.826584049968688,0.386012429163886,39
2,4,0.811277546763119,0.8529785107443,39
3,4,0.775024454900735,0.81756976333562,39
5,4,0.762044939371237,0.597700959743429,39
1,5,0.898001635914521,0.944967401443295,39
4,5,0.823529084212766,0.626107155593758,39
2,5,0.820616072495712,0.654028852614334,39
3,5,0.779236843665177,0.400166709859251,39
5,5,0.772873644571465,0.423760143536034,39
1,6,0.901337561300733,0.836924344265195,39
4,6,0.837198103707858,0.561116705825804,39
2,6,0.805467093680675,0.730300667010269,39
3,6,0.774025135260457,0.686695399166227,39
5,6,0.766154949907729,0.630999442044844,39
1,7,0.902726033678748,0.919136572007347,39
4,7,0.813819402394157,0.567629976327312,39
2,7,0.829131447437593,0.783876324693662,39
3,7,0.779517093540904,0.6101677525516,39
5,7,0.767179375312949,0.191832719512611,39
1,8,0.90380017535756,0.765570496381614,39
4,8,0.830270517913545,0.121788504189215,39
2,8,0.827580972225493,0.457262193041666,39
3,8,0.774597960204542,0.380723166198554,39
5,8,0.77447240517778,0.629308597793829,39
1,9,0.901281259084744,0.865101006249352,39
4,9,0.795808725147056,0.471518022623556,39
2,9,0.844869532279736,0.590460463674163,39
3,9,0.793751001659762,0.441016231663977,39
5,9,0.76968595402519,0.198261099422014,39
1,10,0.907638380841724,0.768180260624091,39
4,10,0.826100669608684,0.67323755670649,39
2,10,0.79948804930052,0.770355963715975,39
3,10,0.801079310263029,0.502480366981525,39
5,10,0.772059600605276,0.573502062469041,39
1,11,0.899988756725508,0.905719126185769,39
4,11,0.815896014391148,0.558059652184922,39
2,11,0.826791939507392,0.544840322396636,39
3,11,0.77502589872493,0.630279325481823,39
5,11,0.768233215066584,0.209127183037803,39
1,12,0.899090781607804,0.933272911312053,39
4,12,0.822259526337001,0.251779253933279,39
2,12,0.813809432621112,0.698241624457027,39
3,12,0.782623937763245,0.806865882235874,39
5,12,0.758038783112077,0.50525343761597,39
1,13,0.913595303018425,0.461973420570668,39
4,13,0.838557962554166,0.400088197580992,39
2,13,0.812144613780633,0.751714393438947,39
3,13,0.78213886085468,0.368334414728375,39
5,13,0.7642679021603,0.303587645634207,39
1,14,0.90222640495083,0.879350726325609,39
4,14,0.83093789852451,0.559090196600916,39
2,14,0.810707644593211,0.500574515274703,39
3,14,0.790800138982491,0.639477363735122,39
5,14,0.767541037449433,0.519548197638953,39
1,15,0.900914350355686,0.873092082228699,39
4,15,0.833462161820549,0.119099089335722,39
2,15,0.821511258271643,0.802555985363919,39
3,15,0.77747667023858,0.260382867279004,39
5,15,0.767284384675352,0.456333434584631,39
1,1,0.93700942140098,0.912517933184071,40
2,1,0.901771948143736,0.760661448631933,40
4,1,0.861668095729708,0.355927159233257,40
5,1,0.848572977332376,0.263885825478687,40
3,1,0.830605477433121,0.379582489588929,40
1,2,0.9410918290622,0.78341881955292,40
2,2,0.911809569999157,0.639838099853139,40
4,2,0.861278845595756,0.543648110860945,40
5,2,0.8352699746674,0.532253770392739,40
3,2,0.837826684752554,0.56737926079531,40
1,3,0.938013637874352,0.893776058432338,40
2,3,0.904920780147501,0.831518786513817,40
4,3,0.859693167238789,0.583041659405692,40
5,3,0.832907316118223,0.699302182195052,40
3,3,0.828920207314318,0.69078220810635,40
1,4,0.938786602273255,0.868771582671412,40
2,4,0.904744017881592,0.680467409053719,40
4,4,0.84990676547441,0.537237983459761,40
5,4,0.84603482376702,0.444433514097136,40
3,4,0.833958955095858,0.795638203163498,40
1,5,0.937475788109189,0.874288613955504,40
2,5,0.909327343529116,0.47778235416286,40
4,5,0.843542279839502,0.467258168426439,40
5,5,0.853061482429208,0.266232978266917,40
3,5,0.848488780295281,0.846920001461227,40
1,6,0.938765756211337,0.909497967401829,40
2,6,0.908072945199656,0.781213220172829,40
4,6,0.856200493510388,0.75953175231672,40
5,6,0.840348952901072,0.522585327378735,40
3,6,0.847422305066514,0.278010090720537,40
1,7,0.937971628191488,0.86550103913283,40
2,7,0.906840360637518,0.783631711293492,40
4,7,0.853085928254135,0.442074006039901,40
5,7,0.84370192034762,0.386177670483195,40
3,7,0.828149374311289,0.780219085415778,40
1,8,0.935807110227708,0.879263618144498,40
2,8,0.907887279344901,0.693321882332494,40
4,8,0.848272097578497,0.400148638336626,40
5,8,0.839981834836812,0.159299762138112,40
3,8,0.85024332049136,0.510219569422088,40
1,9,0.938437991278366,0.898812944649389,40
2,9,0.904997439702162,0.84303936503302,40
4,9,0.853560782708419,0.582228858169512,40
5,9,0.845556777625375,0.454351269533545,40
3,9,0.833349542561024,0.732000405102966,40
1,10,0.935794977266324,0.931707290410629,40
2,10,0.910394830149639,0.334392103758448,40
4,10,0.859112363647704,0.543243950389271,40
5,10,0.837145486137129,0.634071781096165,40
3,10,0.840584628623678,0.486328861590146,40
1,11,0.938592893387115,0.854500960760889,40
2,11,0.912283751521759,0.73554084475715,40
4,11,0.855825653745515,0.28965821903789,40
5,11,0.837133668865221,0.715943896941701,40
3,11,0.833570808748599,0.653751756562894,40
1,12,0.948064847544605,0.566505138954668,40
2,12,0.914198221209117,0.231541789642971,40
4,12,0.860272734086714,0.666387978163049,40
5,12,0.835439237848997,0.501332752150501,40
3,12,0.836730217930321,0.368429549961571,40
1,13,0.939796440318767,0.813474762963563,40
2,13,0.914906809440416,0.738356499826887,40
4,13,0.859417680410974,0.577493413129956,40
5,13,0.833856735252286,0.60966427108488,40
3,13,0.841347597899772,0.568652096836585,40
1,14,0.935876230013744,0.86966096402909,40
2,14,0.907062490870072,0.636058247052421,40
4,14,0.837470745773262,0.820637962419812,40
5,14,0.827982873381057,0.613564878204918,40
3,14,0.856308882598809,0.480395248627077,40
1,15,0.93822596412302,0.816197389688199,40
2,15,0.916893419869722,0.500470804606675,40
4,15,0.854869815200633,0.529874145727507,40
5,15,0.841453228113539,0.300987082423495,40
3,15,0.840611027903903,0.628736360315457,40
1,1,0.907961500158585,0.407754895689373,41
4,1,0.798940330364766,0.57113852147054,41
2,1,0.850105147468535,0.784826473733524,41
3,1,0.798980520579947,0.182843516075515,41
5,1,0.799730142796882,0.523261551393101,41
1,2,0.896231748825124,0.950047183451799,41
4,2,0.79075192736285,0.655944441329767,41
2,2,0.853283656275033,0.75682093086217,41
3,2,0.778882406284295,0.820792173752442,41
5,2,0.793111133753895,0.485209330431512,41
1,3,0.899044028982713,0.863306615066252,41
4,3,0.823749735661079,0.280602913778439,41
2,3,0.813566288988136,0.69496114500068,41
3,3,0.797726969844431,0.52681961896644,41
5,3,0.794236650174215,0.514387761714302,41
1,4,0.900518122719912,0.865711871256009,41
4,4,0.817251265432103,0.753982076873282,41
2,4,0.821687290959346,0.664966525620265,41
3,4,0.795482354875086,0.635682239558285,41
5,4,0.791822037787844,0.286417633437875,41
1,5,0.908235827086389,0.77439368423361,41
4,5,0.798769355537017,0.255066816248073,41
2,5,0.851954225290322,0.606440629398267,41
3,5,0.800456337830192,0.167627475181138,41
5,5,0.806224754834117,0.662577069461458,41
1,6,0.902619614934928,0.75137134405824,41
4,6,0.837955323488062,0.442906861039947,41
2,6,0.802506414186334,0.666522817447079,41
3,6,0.804425880394201,0.483370774275487,41
5,6,0.812503403001226,0.200456983153154,41
1,7,0.900975698781111,0.843570451565095,41
4,7,0.81415724781613,0.764078622959924,41
2,7,0.839573171685456,0.735180885452147,41
3,7,0.790895882503621,0.67700159984781,41
5,7,0.798375667153735,0.0737784871633964,41
1,8,0.901468624564805,0.9165376868516,41
4,8,0.81650264043942,0.593174829383361,41
2,8,0.845356639404808,0.610747769122922,41
3,8,0.796905566939123,0.383926329008538,41
5,8,0.796068164239305,0.497514708218749,41
1,9,0.90111814893814,0.840370606297575,41
4,9,0.803940872987183,0.667610604503591,41
2,9,0.832770226726199,0.530439207812574,41
3,9,0.792258854309577,0.755217462787615,41
5,9,0.796503722561411,0.165379843331231,41
1,10,0.902740226638464,0.838565749437836,41
4,10,0.826351727037324,0.168525426377054,41
2,10,0.829799336626499,0.859981808120922,41
3,10,0.781963197149753,0.602112520286133,41
5,10,0.804438735489177,0.282441759508775,41
1,11,0.908242150987366,0.765587237689129,41
4,11,0.801584522263632,0.502564640697074,41
2,11,0.845811872834456,0.738103816879296,41
3,11,0.786671653417034,0.546532816296287,41
5,11,0.79326491389696,0.540972588052084,41
1,12,0.90629394914748,0.712061709537712,41
4,12,0.812453165989949,0.362544837134468,41
2,12,0.829090460637653,0.609008306686287,41
3,12,0.81933767362047,0.609838801347016,41
5,12,0.797654975626981,0.618227473822983,41
1,13,0.901771433883807,0.88555204209004,41
4,13,0.831863215850982,0.730338324602639,41
2,13,0.806261833004204,0.616561859336754,41
3,13,0.790300462546137,0.643371443436824,41
5,13,0.797921734712521,0.659744050428806,41
1,14,0.899559248422192,0.910948008966106,41
4,14,0.821419493065893,0.46292330339265,41
2,14,0.819011193149282,0.64144533481036,41
3,14,0.798059956152248,0.433665428673773,41
5,14,0.805323796426594,0.586761308152462,41
1,15,0.904855921369131,0.770125474997089,41
4,15,0.802198690188234,-0.187670077264996,41
2,15,0.850636614746369,0.584014422482461,41
3,15,0.794391349302726,0.683083402158535,41
5,15,0.802910864818298,0.674550887377041,41
1,1,0.914829583200299,0.89974807039067,42
2,1,0.862275018001593,0.706851098756088,42
4,1,0.783023422758843,0.392339928320486,42
3,1,0.801380551730385,0.0860846044185801,42
5,1,0.767002657404131,0.207980588058744,42
1,2,0.917063906010775,0.890429961459351,42
2,2,0.8575610043254,0.519751187153672,42
4,2,0.771131575967763,0.713444963825198,42
3,2,0.798886197264096,0.588708201725678,42
5,2,0.779691382986674,0.0994053087617344,42
1,3,0.91741168532188,0.849729614781689,42
2,3,0.840217177357763,0.874087338750283,42
4,3,0.794032198683924,0.526985205222675,42
3,3,0.78729346712557,0.775792650340989,42
5,3,0.780384533585116,0.721013176062227,42
1,4,0.915994816659508,0.859845168072539,42
2,4,0.864270392482971,0.625677811080582,42
4,4,0.799706522122878,0.231488074880454,42
3,4,0.809985323783458,0.450694380282755,42
5,4,0.782632065945816,0.606778235258724,42
1,5,0.916724077245467,0.879125727206457,42
2,5,0.872650395614325,0.358983050725636,42
4,5,0.78292791545766,0.326234191357264,42
3,5,0.802147019124952,0.433709872032199,42
5,5,0.766830292357374,0.55029347896424,42
1,6,0.919755681563142,0.857306454315401,42
2,6,0.85679408357083,0.706120246317623,42
4,6,0.770736683425383,0.559614480009449,42
3,6,0.780742212490389,0.850714737992913,42
5,6,0.769512012535871,0.755088062756526,42
1,7,0.919309073025731,0.811080355794964,42
2,7,0.864635020035103,0.538213758078285,42
4,7,0.777498885384473,0.631429014696252,42
3,7,0.816643315774436,0.595386050238146,42
5,7,0.774130706912268,0.53416789765981,42
1,8,0.913844359170024,0.96027460174271,42
2,8,0.858119692050343,0.581137552287543,42
4,8,0.768726602483458,0.70810910431944,42
3,8,0.78323088453277,0.903211097184734,42
5,8,0.767225375205436,-0.451534928379709,42
1,9,0.913867529728698,0.921859515231929,42
2,9,0.863574189991457,0.548219513230486,42
4,9,0.775995804153098,0.51364746012056,42
3,9,0.782315539279614,0.710115868770554,42
5,9,0.767354723813992,0.130523407945198,42
1,10,0.916574026083715,0.821615681669813,42
2,10,0.859594284789593,0.900107087252647,42
4,10,0.787992236267885,0.617738485531678,42
3,10,0.791894236361655,0.610060459055967,42
5,10,0.76637464197267,-0.0255136493822965,42
1,11,0.915895651392649,0.901364821561385,42
2,11,0.874489117159862,0.644906325380875,42
4,11,0.782337824374352,0.384356839360045,42
3,11,0.791279040732572,0.359151340970707,42
5,11,0.762108503854374,-0.177135297391037,42
1,12,0.918293719155853,0.74951731493729,42
2,12,0.857560504331893,0.64224840088507,42
4,12,0.768751498098999,0.602688988047894,42
3,12,0.802143209422697,0.461498833702329,42
5,12,0.768340992687376,0.641477215313143,42
1,13,0.918511049970917,0.833384005576636,42
2,13,0.847205318850678,0.728090407635672,42
4,13,0.785732471109756,0.659447236435596,42
3,13,0.800983969619565,0.434052630369165,42
5,13,0.778675769263745,-0.0360445593341553,42
1,14,0.915850561232844,0.906240677042646,42
2,14,0.866487773843677,0.275903688335247,42
4,14,0.771561190899146,0.582950328426729,42
3,14,0.803330083789939,0.724917158841867,42
5,14,0.778151414616701,0.276290079444624,42
1,15,0.919871709458969,0.827131288779742,42
2,15,0.867167640725512,0.461285997126078,42
4,15,0.788060475142211,0.266006557699561,42
3,15,0.803349415963578,0.480798003160042,42
5,15,0.785081483302349,-0.225894901784638,42
1,1,0.902674808031133,0.773738536780772,43
4,1,0.748854366664716,0.636041667359903,43
2,1,0.800202632138821,0.865850844094996,43
3,1,0.738453332595015,0.605993061161607,43
5,1,0.742006265133354,0.468872158006059,43
1,2,0.895808424977741,0.899741705070439,43
4,2,0.737680829315821,0.656086835730842,43
2,2,0.782445419029306,0.66783904293852,43
3,2,0.744362924532834,0.596050448170158,43
5,2,0.754580744249689,-0.492375632887641,43
1,3,0.890338655488226,0.959644344545092,43
4,3,0.73635530589193,0.573035736451431,43
2,3,0.79551044024381,0.524692675578414,43
3,3,0.742132274760878,0.457174525224003,43
5,3,0.726207807517314,0.416736041455902,43
1,4,0.894345562837809,0.921231261729221,43
4,4,0.735161356768132,0.441621648901626,43
2,4,0.798523527697691,0.324554616548242,43
3,4,0.744973157486625,0.651809799773843,43
5,4,0.736247598646054,0.28621126150304,43
1,5,0.898910914416306,0.856271773421925,43
4,5,0.741832544900886,0.375551313911553,43
2,5,0.791722417203362,0.696956767420985,43
3,5,0.754798606316244,0.331583211808347,43
5,5,0.742054116679833,0.0794756512268195,43
1,6,0.894018490869295,0.91427905687772,43
4,6,0.72024956455834,0.766798017131982,43
2,6,0.7869064101,0.787301062289061,43
3,6,0.752564905244811,0.304744879097108,43
5,6,0.718768303067581,0.442813830795098,43
1,7,0.900313735843264,0.794597132197688,43
4,7,0.742464665660239,0.195728722808675,43
2,7,0.789696290298761,0.592318095908765,43
3,7,0.735592430689132,0.774365938809748,43
5,7,0.728841400174201,0.536762106799891,43
1,8,0.894227384591523,0.926635385538558,43
4,8,0.724532889317179,0.491827398638402,43
2,8,0.812220408145817,0.422760531335816,43
3,8,0.736634993915818,0.658302729462661,43
5,8,0.728363625901458,0.591161183571736,43
1,9,0.894594439549673,0.916026811952512,43
4,9,0.741737948966356,0.100007652586989,43
2,9,0.797292270182591,0.542422599633929,43
3,9,0.748528161131139,0.560151390953949,43
5,9,0.720070094589317,0.478260134900312,43
1,10,0.898108699449312,0.835682909709622,43
4,10,0.741508913459962,0.505941959868462,43
2,10,0.783714813061804,0.581267826677172,43
3,10,0.747868243686383,0.620078325097282,43
5,10,0.727037360661172,-0.0697529311463745,43
1,11,0.905992244617014,0.714000652145395,43
4,11,0.728554664058195,0.590841611647432,43
2,11,0.805932084597067,0.704200012519341,43
3,11,0.755925015997743,0.656915125814076,43
5,11,0.738264536672124,0.642928138735845,43
1,12,0.892941376592791,0.937043607452802,43
4,12,0.735617081391892,0.466768706047255,43
2,12,0.799409564528833,0.887273451248883,43
3,12,0.746486687886501,0.73935144036425,43
5,12,0.736601196412406,0.460204960177841,43
1,13,0.9028900877243,0.766302906039449,43
4,13,0.729790895212899,0.780418101845795,43
2,13,0.788085969499791,0.281195442655536,43
3,13,0.750002298423394,0.192020084437962,43
5,13,0.721929568631175,0.49326413971938,43
1,14,0.910691115361191,0.716106917176019,43
4,14,0.749034231593806,0.295617640064538,43
2,14,0.776012939624235,0.481752514857487,43
3,14,0.725904748114247,0.785179869875376,43
5,14,0.722895878273411,0.720234922344631,43
1,15,0.893527327836006,0.911657514962626,43
4,15,0.72399454470132,0.508537090330126,43
2,15,0.802729360611013,0.532211351186835,43
3,15,0.74101006332695,0.8174777756604,43
5,15,0.729408723129466,-0.086915791127734,43
1,1,0.908745143102034,0.908983481625654,44
5,1,0.836706578245354,0.312697110860728,44
2,1,0.811620630639926,0.48269652512751,44
3,1,0.790877725803818,0.583519770095071,44
4,1,0.783989089570186,0.451165251901573,44
1,2,0.911825532794681,0.778865918224324,44
5,2,0.81696917946888,0.425165332983823,44
2,2,0.817935568354876,0.774436591188358,44
3,2,0.792474381087386,0.546890382231784,44
4,2,0.775934128609629,0.442986723985319,44
1,3,0.910797543789325,0.842156094352755,44
5,3,0.827467177872514,0.66974493799311,44
2,3,0.808493102943724,0.793718970521005,44
3,3,0.797229566148188,0.185269593327584,44
4,3,0.769466790601298,0.657788057596117,44
1,4,0.906991957237833,0.911300127544383,44
5,4,0.830781377632377,0.471041667266481,44
2,4,0.805184206973072,0.526861613247363,44
3,4,0.800270556390818,0.402147613850204,44
4,4,0.770564005730066,0.381975231464631,44
1,5,0.912246444605016,0.792921244209568,44
5,5,0.824436546978127,0.374272653026689,44
2,5,0.823809790767393,0.449239538773486,44
3,5,0.797938027803084,0.301858821464172,44
4,5,0.788857773412469,0.654759998879068,44
1,6,0.908412285366329,0.897233056521338,44
5,6,0.818403724864623,0.545270199918078,44
2,6,0.835391480335259,0.490469749678126,44
3,6,0.795722877693201,0.666981925310791,44
4,6,0.778611158330756,0.250343299655957,44
1,7,0.908339878281451,0.885000019774414,44
5,7,0.836234723987146,0.562984978948911,44
2,7,0.80495842959259,0.518089242539915,44
3,7,0.793600567866273,0.744706225563961,44
4,7,0.773161389104179,0.520391274618144,44
1,8,0.910268464612287,0.87777495796854,44
5,8,0.819199164376545,0.481744707633353,44
2,8,0.817138624118738,0.858331073977603,44
3,8,0.800727315784865,0.312909988154952,44
4,8,0.774307203166095,0.727128671064043,44
1,9,0.906908512342289,0.871136202079451,44
5,9,0.829853282462422,0.28236666876143,44
2,9,0.810989436612789,0.650028975519784,44
3,9,0.788917079979653,0.712704891290707,44
4,9,0.784001725625183,0.111136617621013,44
1,10,0.905058758282419,0.928469482197053,44
5,10,0.822782589420009,0.441033897643095,44
2,10,0.818503129077856,0.76725936340471,44
3,10,0.789762081253686,0.560944029676637,44
4,10,0.780066237847706,0.634128355146238,44
1,11,0.920355181552853,0.582247232119377,44
5,11,0.819252356402365,0.365574346740103,44
2,11,0.821499853316306,0.739159353468581,44
3,11,0.792270253775459,0.512074676341009,44
4,11,0.781895607092502,0.505273038028383,44
1,12,0.907586542783318,0.939989319213755,44
5,12,0.800135147585854,0.609553779417559,44
2,12,0.825697587724238,0.732247251438464,44
3,12,0.788890237489572,0.704733904174708,44
4,12,0.771042073832095,0.392452503009324,44
1,13,0.909796328164334,0.82580062643846,44
5,13,0.812890602132497,0.405288013313818,44
2,13,0.821614862571131,0.775922843589722,44
3,13,0.789400928690358,0.547627349811015,44
4,13,0.789583787220126,0.457989452784337,44
1,14,0.910484982286873,0.764960387980811,44
5,14,0.825540889255083,0.3879892770745,44
2,14,0.806238487912608,0.657313308185959,44
3,14,0.797471355098344,0.374613765751561,44
4,14,0.801951340692984,0.136119180696102,44
1,15,0.910092191364634,0.812715031551033,44
5,15,0.819981287761148,0.510643165866358,44
2,15,0.803697036023377,0.690930940763167,44
3,15,0.789582728911179,0.642577028591746,44
4,15,0.780116914157616,0.781474620186581,44
1,1,0.911925563286842,0.593077925022535,45
4,1,0.837378018204269,0.325742922324967,45
2,1,0.874064716175907,0.430872312337709,45
3,1,0.782932070732038,0.636250103248546,45
5,1,0.80476607033349,0.58594675250495,45
1,2,0.915122814693288,0.591908818314019,45
4,2,0.840530098745996,0.249543895603637,45
2,2,0.864262772388855,0.754963269455632,45
3,2,0.804861657355956,0.00453864099261385,45
5,2,0.801357162576099,0.3506808120463,45
1,3,0.907733252879655,0.923832164639808,45
4,3,0.825552190987971,0.749075991393959,45
2,3,0.86729061566813,0.515308307649822,45
3,3,0.798572658445921,0.354199376557575,45
5,3,0.774399194859897,0.744823447861507,45
1,4,0.908809590676799,0.911827324108228,45
4,4,0.845968215681111,-0.117513030538508,45
2,4,0.856521055373385,0.751425945608636,45
3,4,0.798225333890209,0.580263927027238,45
5,4,0.792257366396696,0.541890458038601,45
1,5,0.905088795163106,0.923293367967239,45
4,5,0.867692619179766,0.405516625844273,45
2,5,0.825410984929667,0.829179933914693,45
3,5,0.803470118069119,0.433135877454733,45
5,5,0.783811586076713,0.0294425670078798,45
1,6,0.910178391076935,0.896688538779864,45
4,6,0.831575198993992,0.657420522550294,45
2,6,0.858234123074222,0.744061003640347,45
3,6,0.789713337874463,0.70534163822142,45
5,6,0.778290565106341,0.589963051896102,45
1,7,0.911194301564773,0.810468685927589,45
4,7,0.85918216824314,0.577187851188521,45
2,7,0.831929640795231,0.745714265267369,45
3,7,0.79346037054279,0.781510943622429,45
5,7,0.786450945977648,0.0838384633271844,45
1,8,0.907944688909482,0.916514698694326,45
4,8,0.835735621546835,0.62034882977024,45
2,8,0.866884464442384,0.654008637137064,45
3,8,0.802825315066904,0.314607681523424,45
5,8,0.779222096195298,0.543676559561939,45
1,9,0.90852702761373,0.895001451976833,45
4,9,0.837380000895041,0.63584156867005,45
2,9,0.853118478710738,0.847974751079497,45
3,9,0.801151301144117,0.559545372579539,45
5,9,0.782733440489788,0.509284728958937,45
1,10,0.907506725776134,0.888328755230455,45
4,10,0.843090230969214,0.6619499792729,45
2,10,0.851008892433322,0.807654559487702,45
3,10,0.805360428937158,0.225897505500553,45
5,10,0.788237592019545,0.66889399374539,45
1,11,0.912717710165082,0.759240966188441,45
4,11,0.839586461367598,0.367292165343857,45
2,11,0.85693292372428,0.701443695804248,45
3,11,0.79646794245713,0.752186430944506,45
5,11,0.791570524959448,0.154238621429053,45
1,12,0.908335444575838,0.805714103980391,45
4,12,0.836843231791556,0.635050848965068,45
2,12,0.861799889601205,0.779212056282341,45
3,12,0.787223112132856,0.627593427936684,45
5,12,0.787483358927251,0.634975890726625,45
1,13,0.909574361992604,0.875517022920267,45
4,13,0.841950554591986,0.644074660554496,45
2,13,0.846028313709544,0.807545150164047,45
3,13,0.802050316881455,0.378412443184202,45
5,13,0.799070220311434,0.352192954247907,45
1,14,0.910424862879665,0.872673725898305,45
4,14,0.833690374560991,0.651592193358241,45
2,14,0.863475150027202,0.767818524230223,45
3,14,0.804160950097726,0.624024196327475,45
5,14,0.782794988534077,0.393001810413591,45
1,15,0.909424454965607,0.855212988680202,45
4,15,0.835808110313262,0.483944218482714,45
2,15,0.86685662886859,0.836443837384223,45
3,15,0.795217685339348,0.673774400507145,45
5,15,0.799534570823075,0.00172782713780471,45
1,1,0.870721442052219,0.883219759833981,46
5,1,0.722566691462378,0.3490803832497,46
2,1,0.782174942657416,0.41542772084457,46
4,1,0.713379123862109,0.731442915690595,46
3,1,0.680708923697975,0.277376400214642,46
1,2,0.876798461379538,0.838314239692636,46
5,2,0.758659022298748,0.632582568772467,46
2,2,0.711698332731317,0.774393360727886,46
4,2,0.730772374036434,0.281720057744255,46
3,2,0.663897218909342,0.422223761044656,46
1,3,0.869191567852384,0.94217311399918,46
5,3,0.742317537604569,0.554805807108154,46
2,3,0.752479160818892,0.683443536699567,46
4,3,0.667004019004704,0.158047515816564,46
3,3,0.729054065845443,0.425360307949365,46
1,4,0.866761857850713,0.941874847858808,46
5,4,0.735821382467681,-0.0632734629486588,46
2,4,0.757259302146738,0.574078185709023,46
4,4,0.705400074748672,0.474166884554049,46
3,4,0.670694679912093,0.504664573440253,46
1,5,0.875943731112654,0.841791321387667,46
5,5,0.710762990262572,0.649194404898514,46
2,5,0.782356004205345,0.776652874263014,46
4,5,0.715369739832121,0.587812013149731,46
3,5,0.647935517045845,0.48952640124195,46
1,6,0.883092823502638,0.751932255190744,46
5,6,0.718336682294823,-0.539146558279035,46
2,6,0.787513987042466,0.513138107761872,46
4,6,0.74467718340465,0.408031811679778,46
3,6,0.660643801614824,0.589364641415458,46
1,7,0.872452455386262,0.893526617582427,46
5,7,0.689006065189275,0.716712796244649,46
2,7,0.797966022636636,0.860649803262897,46
4,7,0.7118972945877,0.359877444996058,46
3,7,0.677046778159407,0.601695764384873,46
1,8,0.880496310781143,0.693185695953909,46
5,8,0.752077218894568,0.342376109235475,46
2,8,0.725049610724574,0.750774798538837,46
4,8,0.677708144863911,0.795239736773223,46
3,8,0.707652177371479,0.559523726711814,46
1,9,0.871824419086435,0.89782429125713,46
5,9,0.756169647230351,0.501296248840892,46
2,9,0.731934408144713,0.837055910634615,46
4,9,0.707725588171432,0.467440124152058,46
3,9,0.667025313250259,0.725916129951579,46
1,10,0.872134566289193,0.878834918419587,46
5,10,0.728031781730046,0.458889940658274,46
2,10,0.751281847210155,0.862201143244983,46
4,10,0.732652203291833,0.474920344209192,46
3,10,0.642041394584242,0.404518876071892,46
1,11,0.873588357517577,0.887775758831992,46
5,11,0.796938430025325,-0.223976418420852,46
2,11,0.687780293997693,0.541592233576551,46
4,11,0.727354553688716,0.300808611301735,46
3,11,0.669853338186671,0.760845323951492,46
1,12,0.878234144910497,0.720772369921842,46
5,12,0.762209902328094,0.326597312895051,46
2,12,0.739843205748531,0.858009926665111,46
4,12,0.737339118373754,0.599437712488796,46
3,12,0.663478663253445,0.583509643129413,46
1,13,0.869049815501426,0.879696670793052,46
5,13,0.709955645256983,0.602689383720637,46
2,13,0.781580018739391,0.842442721790425,46
4,13,0.725969582699225,0.491208989746423,46
3,13,0.657864860493234,0.425551799468598,46
1,14,0.87279074771382,0.839040971724433,46
5,14,0.716987266139768,0.115833791791623,46
2,14,0.774954206862347,0.796309670378663,46
4,14,0.709094332040027,0.446259421888559,46
3,14,0.694836415217646,0.191234350188147,46
1,15,0.872215796237561,0.908154076923399,46
5,15,0.728306528624503,-0.111405611507666,46
2,15,0.763579540320216,0.417104652565951,46
4,15,0.724923680212758,-0.0145243750690758,46
3,15,0.68609960168162,0.0934883443953703,46
1,1,0.920127807144358,0.48763568064137,47
2,1,0.890561539976439,0.657359646207545,47
3,1,0.787141975357225,0.0866031441264613,47
5,1,0.787881572233029,0.722454792525666,47
4,1,0.790802700884475,0.545533255612712,47
1,2,0.906068538421367,0.907418574965495,47
2,2,0.887149306826616,0.831466047284385,47
3,2,0.784991446241535,0.27004268200029,47
5,2,0.770821108342376,0.755949157314557,47
4,2,0.796248064657108,0.67608777040681,47
1,3,0.907245303366953,0.936706542594711,47
2,3,0.88395314461956,0.549757346844776,47
3,3,0.780640402631613,0.592954475825514,47
5,3,0.801580643766818,0.713577194317145,47
4,3,0.798116495222579,0.655726679719893,47
1,4,0.913119603564808,0.800880121804025,47
2,4,0.87815506856771,0.93872497303503,47
3,4,0.798422270961649,0.37455338067284,47
5,4,0.816056288773248,-0.214348845495953,47
4,4,0.798307111468524,0.225866862364528,47
1,5,0.908693518593713,0.902182045251578,47
2,5,0.888870954641004,0.719895529545307,47
3,5,0.78061825664302,0.771454520923871,47
5,5,0.789706652076376,0.419486620518361,47
4,5,0.779494466702531,0.568098874816855,47
1,6,0.913590349943467,0.799566052421778,47
2,6,0.882770789888415,0.452615696151595,47
3,6,0.782921459075029,0.620975533460967,47
5,6,0.810315544504607,0.564098473850905,47
4,6,0.783484553168293,0.534723678561213,47
1,7,0.905998413954683,0.956729848639335,47
2,7,0.881637275620412,0.725187831638421,47
3,7,0.777397803802993,0.845743591190979,47
5,7,0.80366632769758,0.0828892373830973,47
4,7,0.78745044639095,0.241092377483332,47
1,8,0.909370756053004,0.880201174816194,47
2,8,0.885202823621715,0.589406915133686,47
3,8,0.798999742018935,0.548162575922687,47
5,8,0.795902834613176,0.36883244363325,47
4,8,0.784463833360386,0.766114885552738,47
1,9,0.912540291030016,0.844028089746564,47
2,9,0.881853904939315,0.90622249389948,47
3,9,0.792777019924449,0.101623594275473,47
5,9,0.803864064143568,0.534110672183745,47
4,9,0.796373873842582,0.55190947651112,47
1,10,0.911295758694383,0.818505481978554,47
2,10,0.878007656348074,0.667198484652787,47
3,10,0.78587982635811,0.580087745193941,47
5,10,0.803099798830575,0.578792837755825,47
4,10,0.784629193325788,0.63169722859452,47
1,11,0.913062908729758,0.77471951443582,47
2,11,0.878743640868857,0.833684103759551,47
3,11,0.787063270229778,0.0870762501942169,47
5,11,0.79776009327083,0.520870717086786,47
4,11,0.789805365118663,0.693684654514212,47
1,12,0.908452593100606,0.91873391973603,47
2,12,0.88590373798447,0.584317555768819,47
3,12,0.802068805917386,0.559950721532425,47
5,12,0.798887470369807,0.537007878333939,47
4,12,0.788673352691603,0.0307856912401418,47
1,13,0.907446313180152,0.934939124847482,47
2,13,0.880449639320756,0.47286186993746,47
3,13,0.803138281174315,0.625834891983596,47
5,13,0.80175016140489,0.372906246801901,47
4,13,0.788357348330927,0.153821458976217,47
1,14,0.915140106866241,0.794787287571398,47
2,14,0.878763524670584,0.905543222730171,47
3,14,0.791513569153485,0.792237458123048,47
5,14,0.802077682598185,0.129762931631452,47
4,14,0.784635878683759,0.46206500337772,47
1,15,0.912937930822369,0.683963993731304,47
2,15,0.885200601420462,0.553989931875364,47
3,15,0.794475352268435,0.555766934279614,47
5,15,0.804821064632857,0.64550412729555,47
4,15,0.788195742000646,0.47842181447728,47
1,1,0.942092066355475,0.901751917812754,48
4,1,0.903649179737279,0.216334244633247,48
2,1,0.865427873780108,0.675135927463976,48
5,1,0.839025579139246,0.371805971831928,48
3,1,0.856302205953797,0.662489546822759,48
1,2,0.941378842128491,0.883974187487335,48
4,2,0.901646408257492,0.844639462135347,48
2,2,0.863215555728447,0.610347616689844,48
5,2,0.844060026162586,0.256378908903078,48
3,2,0.834931284328566,0.802094954524671,48
1,3,0.941310484147796,0.892145071693742,48
4,3,0.903908130103277,-0.10795828297371,48
2,3,0.866263012969813,0.55568265548511,48
5,3,0.850286749618827,0.349824293492477,48
3,3,0.854370134338323,0.610970712052285,48
1,4,0.943643467844292,0.820401629556735,48
4,4,0.904666665422938,0.615154652558751,48
2,4,0.862063881088076,0.599970196175334,48
5,4,0.844745972245606,0.643821386639858,48
3,4,0.860643883117784,0.657572764099792,48
1,5,0.939693110027304,0.915430169925,48
4,5,0.89856414032201,0.209755070209671,48
2,5,0.852327905003619,0.659283078671592,48
5,5,0.864813497821038,0.448448938741572,48
3,5,0.842195887831078,0.438622143353276,48
1,6,0.938575241007047,0.964059077825624,48
4,6,0.894238056129031,0.392818182266323,48
2,6,0.871948423914901,0.679110035580857,48
5,6,0.870174482349111,0.14591657492114,48
3,6,0.840663668532318,0.437922862630189,48
1,7,0.94219197221051,0.839457762842027,48
4,7,0.898677212734002,0.463954542592497,48
2,7,0.859716278987589,0.598737301480212,48
5,7,0.866962306998262,0.467386469721692,48
3,7,0.833750562721262,0.488444365082604,48
1,8,0.942476765470927,0.871578870794334,48
4,8,0.877224287384349,0.440368450943271,48
2,8,0.883050220997163,0.712861285806086,48
5,8,0.839245246003573,0.620390899872883,48
3,8,0.86557564017153,0.541402797916734,48
1,9,0.945470230359178,0.577031278968706,48
4,9,0.907853052842161,0.450976010863471,48
2,9,0.856397621841384,0.775940890075845,48
5,9,0.843771570115127,0.677039964085388,48
3,9,0.845600466698357,0.566715856210247,48
1,10,0.941516912297574,0.836118470288375,48
4,10,0.907592085530153,0.65664913422171,48
2,10,0.865924166649692,0.2817262755853,48
5,10,0.858012419770659,0.288489856246976,48
3,10,0.831889714803694,0.638431690101727,48
1,11,0.945492306761309,0.818048732911839,48
4,11,0.901430077236872,0.63828380855728,48
2,11,0.868592507021721,0.626314309637107,48
5,11,0.852650181564683,0.32253789330707,48
3,11,0.844511209757633,0.743540446807612,48
1,12,0.94003203691702,0.939325066592447,48
4,12,0.898580190052757,0.391094384572718,48
2,12,0.85880549297792,0.299734767299768,48
5,12,0.850008534500757,0.198767645313185,48
3,12,0.840484269643139,0.308375121826164,48
1,13,0.945050857910907,0.796960007112513,48
4,13,0.900108522277205,0.605597734020158,48
2,13,0.858982724139083,0.860410162659961,48
5,13,0.841357741415759,0.30281686801315,48
3,13,0.861319943095194,0.798734254942424,48
1,14,0.940389855328971,0.918007111932726,48
4,14,0.896806743310554,0.344407922404,48
2,14,0.864331900168613,0.809158642043287,48
5,14,0.842084860478305,0.486456452712632,48
3,14,0.848702796870883,0.673797991921324,48
1,15,0.937684577321988,0.938247941520123,48
4,15,0.897769735729746,0.751190091394086,48
2,15,0.859107548709693,0.508217382940168,48
5,15,0.859501211712265,0.633669643419088,48
3,15,0.836286058126233,0.576840000692928,48
1,1,0.918755964621744,0.91881431527477,49
2,1,0.854254342918614,0.644048910600791,49
4,1,0.774517416461617,0.708129933112866,49
3,1,0.802962497812468,0.782436430349507,49
5,1,0.776339250600738,-0.0738151670361968,49
1,2,0.91511127768636,0.945731038401633,49
2,2,0.849985739585183,0.533794336740443,49
4,2,0.786620607987499,0.634318275741097,49
3,2,0.807363599465462,0.768403964070187,49
5,2,0.767973515492936,0.622038519827152,49
1,3,0.929062177356997,0.465503473702235,49
2,3,0.827123288168078,0.700199055244369,49
4,3,0.821198118470544,0.357107166465197,49
3,3,0.804243862164608,0.822039647559752,49
5,3,0.775425732659168,0.317413209902327,49
1,4,0.917555662172336,0.897846042295648,49
2,4,0.85450974073695,0.88233224584306,49
4,4,0.782183849857459,0.552483213910311,49
3,4,0.816426212558818,0.622581156807995,49
5,4,0.765183704874605,0.117134640956148,49
1,5,0.923497297486573,0.662198466956188,49
2,5,0.838723728108339,0.607150910762428,49
4,5,0.797933847868857,0.521110619902859,49
3,5,0.810028065865084,0.253845082946771,49
5,5,0.775309921312051,0.0968558809087618,49
1,6,0.920815234685597,0.882924622570424,49
2,6,0.816578858177205,0.472661371177235,49
4,6,0.816743966791026,0.646274000002654,49
3,6,0.807705043599223,0.554865181871371,49
5,6,0.774171188083113,0.674438352372453,49
1,7,0.919057541362093,0.896825753737184,49
2,7,0.841890371722278,0.550444628857672,49
4,7,0.785965279246971,0.817906780177331,49
3,7,0.816951383271779,0.216621593039318,49
5,7,0.781777965578678,0.316528977833925,49
1,8,0.919888637969366,0.892284842610515,49
2,8,0.84327445973547,0.430997184897748,49
4,8,0.793832486995463,0.799213589721247,49
3,8,0.811016072702526,0.327209967762197,49
5,8,0.777737449281122,0.62279164144992,49
1,9,0.92132859788034,0.834271730072005,49
2,9,0.855110887082662,0.424329454434047,49
4,9,0.791917715192999,0.447012084748667,49
3,9,0.796457507927446,0.75519214357059,49
5,9,0.765756133993808,0.0348954733563414,49
1,10,0.915050059546497,0.963405594914751,49
2,10,0.833161625953602,0.617179478574446,49
4,10,0.80025564993988,0.541909505173873,49
3,10,0.802798658295406,0.81117172207821,49
5,10,0.753225994451844,0.44964654284181,49
1,11,0.915413867924394,0.949221962249017,49
2,11,0.838756990358743,-0.0816172001005472,49
4,11,0.79869000751595,0.373148188286814,49
3,11,0.814752268841848,0.2832517282168,49
5,11,0.767300060098096,-0.146003633551156,49
1,12,0.920561670610811,0.891332705674563,49
2,12,0.8444529944924,0.844157101426291,49
4,12,0.791498426832378,0.596332398356334,49
3,12,0.805574887148868,0.737516633775206,49
5,12,0.773118900337571,0.463666398548101,49
1,13,0.92031784956045,0.868106481572908,49
2,13,0.841174221358968,0.678044037689671,49
4,13,0.782629177914706,0.444827656050427,49
3,13,0.81659161276427,0.48896186876607,49
5,13,0.760570077183122,0.490339957485413,49
1,14,0.920360687786458,0.832806665230572,49
2,14,0.839264041876284,0.718026390053353,49
4,14,0.787933124592299,0.574646850186545,49
3,14,0.803151207044784,0.591504174420281,49
5,14,0.772848290071351,0.589439187045919,49
1,15,0.922383563069251,0.909748047171776,49
2,15,0.8473419421053,0.698441548125389,49
4,15,0.782359107266721,0.52657226988707,49
3,15,0.820374469733556,0.685640901749727,49
5,15,0.784342895424644,0.0508588585877676,49
1,1,0.942493841699278,0.828699729204364,50
2,1,0.908985082591251,0.6483915818615,50
3,1,0.84337616685193,0.322823829341834,50
5,1,0.858314956832674,0.560302948273687,50
4,1,0.826125290179567,0.415684671268483,50
1,2,0.939325712523134,0.918146760892399,50
2,2,0.912908646674977,0.459652038942152,50
3,2,0.821271953852246,0.701979082197584,50
5,2,0.86052153237286,0.321491427322053,50
4,2,0.827787337324709,-0.0624413206023494,50
1,3,0.936869815991544,0.925616966104343,50
2,3,0.907966814692758,0.659813382851701,50
3,3,0.854748632289029,-0.0544447952658503,50
5,3,0.864001962658211,0.499318349644039,50
4,3,0.812928917720439,0.497125564456126,50
1,4,0.942837828605421,0.866974610720822,50
2,4,0.913188199548043,0.619329961303481,50
3,4,0.840895238836365,0.495265504985277,50
5,4,0.874388429900733,0.268022381440211,50
4,4,0.814103410804806,0.853312465966024,50
1,5,0.939704879406146,0.929882777191922,50
2,5,0.908160860472883,0.614921667875372,50
3,5,0.835042855979742,0.519675719092775,50
5,5,0.864421514289274,0.433825913523912,50
4,5,0.816933815758558,0.709575087852648,50
1,6,0.94352797178523,0.898668013135353,50
2,6,0.906720834824026,0.775903375773666,50
3,6,0.832321555459139,0.791604405802266,50
5,6,0.863580452298568,0.287925624892646,50
4,6,0.82203269215975,0.695443020569946,50
1,7,0.941788479530119,0.866084483835518,50
2,7,0.898118775114418,0.833544582417133,50
3,7,0.835989369256396,0.649980029773184,50
5,7,0.856338311293753,0.582695934917583,50
4,7,0.819730982870797,0.412248675037447,50
1,8,0.947311940237409,0.610617283521773,50
2,8,0.908210275691175,0.673060251210013,50
3,8,0.856680680695022,0.346232718157886,50
5,8,0.870425205818671,0.547123098253684,50
4,8,0.807778707720149,0.700574548859402,50
1,9,0.946482149009597,0.73449886590175,50
2,9,0.90746178422461,0.837815948025407,50
3,9,0.839532390406165,0.541896891476701,50
5,9,0.854340598083654,-0.153503550840513,50
4,9,0.838868844387233,0.462882559030238,50
1,10,0.940879847335682,0.908486151045938,50
2,10,0.910388994589667,0.550446119100678,50
3,10,0.833608545411374,0.753618167939495,50
5,10,0.852368190861066,0.509460560451215,50
4,10,0.838252698336291,0.348076770461974,50
1,11,0.939073309656409,0.903455739362554,50
2,11,0.907242557693224,0.416997451627608,50
3,11,0.831932939119855,0.70346697265341,50
5,11,0.854244542140857,0.458376066176574,50
4,11,0.817105715690481,0.56117478744434,50
1,12,0.94174761365183,0.898476989548397,50
2,12,0.910704974024884,0.717415623801681,50
3,12,0.834422711697093,0.79613312461264,50
5,12,0.86245715339267,0.346377332781477,50
4,12,0.824921137633838,0.708099518327665,50
1,13,0.940108988493332,0.860002709420943,50
2,13,0.903956563515121,0.868491669372077,50
3,13,0.8438647848586,0.556275997258047,50
5,13,0.857617467130283,0.653381656143328,50
4,13,0.823140843330095,0.399249226593217,50
1,14,0.943972557064018,0.899111695861751,50
2,14,0.91552404243624,0.564709402571065,50
3,14,0.835579929247417,0.515771614835235,50
5,14,0.864452115557239,0.421353804585175,50
4,14,0.802955008383066,0.762008013122492,50
1,15,0.937246041530443,0.968854917053474,50
2,15,0.909120376415495,0.515850640965978,50
3,15,0.84175112006739,0.512905647373229,50
5,15,0.862683760810375,-0.0378640909528158,50
4,15,0.815224249061468,0.563147848235612,50
1,1,0.910037955989416,0.842481289894436,51
5,1,0.843979245495601,0.320512161211485,51
2,1,0.776489492636036,0.821982250072594,51
3,1,0.791465193717553,0.756194140038192,51
4,1,0.803330976230833,0.724463350351544,51
1,2,0.906373698234382,0.905329524558074,51
5,2,0.845358733803808,0.687504467022588,51
2,2,0.787479605870794,0.42972407410288,51
3,2,0.813225794095597,0.366647172396734,51
4,2,0.788271283878775,0.733109944443566,51
1,3,0.908655738061773,0.869004974329142,51
5,3,0.845635897058065,0.35888969995418,51
2,3,0.793539591828045,0.125261154371132,51
3,3,0.813949216221812,0.455219725380644,51
4,3,0.807222290594842,0.723344291412769,51
1,4,0.910286216675252,0.822832133294,51
5,4,0.84265095811808,0.612753137045797,51
2,4,0.787210593889611,0.428886385931962,51
3,4,0.792247787127425,0.464949712739787,51
4,4,0.818865334632922,0.328558149714787,51
1,5,0.903415292275917,0.94391046446745,51
5,5,0.837134929841758,0.376755118792548,51
2,5,0.771293342612393,0.469738751955087,51
3,5,0.779020758404244,0.315185138902999,51
4,5,0.825019117473355,0.438269489827077,51
1,6,0.906406749329705,0.926911767263833,51
5,6,0.835720500095963,0.615126996429343,51
2,6,0.773949000310922,0.780082847595647,51
3,6,0.818264105542777,0.651862161700619,51
4,6,0.7935411071502,0.728620068724675,51
1,7,0.907583667926134,0.916605085839771,51
5,7,0.836462032966432,0.674891607071851,51
2,7,0.777860369005349,0.723691214777395,51
3,7,0.800486837711282,0.580279659760006,51
4,7,0.806887150577197,0.116387399938574,51
1,8,0.907802997893806,0.880296866792462,51
5,8,0.828079214405218,0.487801582101832,51
2,8,0.790646083490772,0.803158969778872,51
3,8,0.801711508284464,0.634249805708402,51
4,8,0.798233089336664,0.705888843016723,51
1,9,0.907777359677009,0.866384129117287,51
5,9,0.835537057064872,0.262547950649479,51
2,9,0.802683553705449,0.57968881546106,51
3,9,0.799904237037895,0.469322756204518,51
4,9,0.801979992968666,0.298101172649644,51
1,10,0.907281112707524,0.927731138722361,51
5,10,0.828719912047959,0.566123990185595,51
2,10,0.785494925544203,0.678545954848719,51
3,10,0.792585747274573,0.706428107457173,51
4,10,0.79964179109939,0.806927863454007,51
1,11,0.920883192325883,0.655815106304208,51
5,11,0.835322222239699,0.613681214841092,51
2,11,0.785363709744177,0.50926158061478,51
3,11,0.802268271600545,0.155202035871816,51
4,11,0.805981124876956,-0.106881868836381,51
1,12,0.91128934732974,0.826641660390842,51
5,12,0.833432149336491,0.818034836828798,51
2,12,0.793287818646193,0.456742458639719,51
3,12,0.81376578750025,0.715641830645519,51
4,12,0.773908456213145,0.701032319916694,51
1,13,0.907874696809381,0.902899141703878,51
5,13,0.836602311767377,0.61858521302024,51
2,13,0.785187579122391,0.521264500592028,51
3,13,0.785302589036033,0.849558267415074,51
4,13,0.810682394221048,0.467849602119593,51
1,14,0.90705192633704,0.909494264892932,51
5,14,0.829240300506003,0.545979994010245,51
2,14,0.784952429044441,0.39721106102967,51
3,14,0.790313272321797,0.883902195799434,51
4,14,0.801471038457199,0.765699966132282,51
1,15,0.911906871124997,0.806357973263812,51
5,15,0.840497162242342,0.229394975190264,51
2,15,0.785515394221623,0.705153497718931,51
3,15,0.790916934182402,0.388399411799043,51
4,15,0.801069414031636,0.526443844010932,51
1,1,0.91727710520944,0.795229206721597,52
3,1,0.853791644777933,0.5860673452109,52
2,1,0.768119653967309,0.622667358701298,52
4,1,0.799980394493694,0.238195128809071,52
5,1,0.78784935547872,0.655131977780156,52
1,2,0.914193457655515,0.938099763339994,52
3,2,0.866777864750361,0.551470282868856,52
2,2,0.765039922843662,0.57648548189185,52
4,2,0.7930233900223,0.572666809749744,52
5,2,0.785624117702009,0.0943463322301038,52
1,3,0.918191816445132,0.875466477172714,52
3,3,0.862737304932999,0.45222845361535,52
2,3,0.766935413494565,0.702487179654595,52
4,3,0.796924929547772,0.329692995911801,52
5,3,0.78437258180408,0.551774598911333,52
1,4,0.914440184639465,0.875886771675525,52
3,4,0.870753474562339,0.430577935032685,52
2,4,0.750672379104702,0.827825188998393,52
4,4,0.792805595967891,0.580608599524785,52
5,4,0.794185651882596,0.479009939080162,52
1,5,0.922283266089091,0.856080512834115,52
3,5,0.815816618199841,0.427630407496319,52
2,5,0.823219278632702,0.613712979766015,52
4,5,0.799260735057697,0.190636767599504,52
5,5,0.783668872031302,-0.107867868740577,52
1,6,0.913494848798256,0.903935137942876,52
3,6,0.863584872956347,0.56785460430762,52
2,6,0.764064280639516,0.480970751977225,52
4,6,0.792050783679336,0.629864948233803,52
5,6,0.780645528932722,-0.0971771650384003,52
1,7,0.916545292185859,0.904390773020663,52
3,7,0.855968433842489,0.626724070418172,52
2,7,0.770506181058895,0.574987124312141,52
4,7,0.797907968100764,0.441091423537383,52
5,7,0.783139095305698,0.457592845814698,52
1,8,0.92285107967703,0.720909610826375,52
3,8,0.831234868684748,0.701091553504265,52
2,8,0.790214199573495,0.665858054936742,52
4,8,0.795098758362736,0.773998366833132,52
5,8,0.783577715878207,0.48456851531903,52
1,9,0.91459050371275,0.947137509525471,52
3,9,0.866640886253947,0.611419132967326,52
2,9,0.760858620855459,0.462905910607113,52
4,9,0.789833014066391,0.724375986448432,52
5,9,0.784139788893231,0.384064238601561,52
1,10,0.917226087061358,0.896594089084018,52
3,10,0.859473307694859,0.590217656985854,52
2,10,0.776552244227579,0.347225220245304,52
4,10,0.793704054513429,0.579522773956099,52
5,10,0.776650144673821,-0.25433321995918,52
1,11,0.919607089249572,0.853515212400467,52
3,11,0.872778767510093,0.265874733691349,52
2,11,0.754911040365977,0.741783690024496,52
4,11,0.793553910624026,0.662341333881189,52
5,11,0.792138414680795,0.345393817600575,52
1,12,0.916510383321218,0.872438907805661,52
3,12,0.853740363976152,0.845527508979778,52
2,12,0.765192614692846,0.747924593075023,52
4,12,0.783416782979804,0.549659931844038,52
5,12,0.786630854259413,0.101510021377161,52
1,13,0.915735096073368,0.888506021568127,52
3,13,0.864905923035919,0.391055744759621,52
2,13,0.763541138511629,0.665855327663098,52
4,13,0.796261093007159,0.52877691435928,52
5,13,0.782028258434592,0.287766507496537,52
1,14,0.923443445498218,0.626651032046095,52
3,14,0.867801001803873,0.245933924134926,52
2,14,0.773563757450776,0.526849921409625,52
4,14,0.795311810183485,0.548262763020644,52
5,14,0.782818100069099,0.564992338455704,52
1,15,0.916084494986115,0.92342127624522,52
3,15,0.865197721416652,0.849837903682963,52
2,15,0.761351181491174,0.485692996631879,52
4,15,0.7926839702389,0.607162354720122,52
5,15,0.783888098201638,0.321013277891548,52
1,1,0.893981463296531,0.935746528969656,53
3,1,0.788324158506563,0.688360192421899,53
2,1,0.822999030229107,0.40320421528253,53
5,1,0.730875168645308,0.524449801709719,53
4,1,0.721933982299878,0.611452808643561,53
1,2,0.890133775003194,0.916768536287804,53
3,2,0.771300658253997,0.713193726025666,53
2,2,0.838677039218584,0.670458985210714,53
5,2,0.750147750424084,0.126726904577594,53
4,2,0.72645744352776,0.340815040359707,53
1,3,0.905587840690034,0.711782526939724,53
3,3,0.764805316640615,0.666870969368261,53
2,3,0.837014714825793,0.758314241529027,53
5,3,0.750893701334191,0.278397456698096,53
4,3,0.722313859847565,0.532510737877917,53
1,4,0.89846364621444,0.87829018876226,53
3,4,0.800048567372893,0.213908724747869,53
2,4,0.796484333957506,0.814088174771674,53
5,4,0.752461440655598,0.512478940180915,53
4,4,0.707553314005353,0.491720554545721,53
1,5,0.894080324770418,0.922085759220512,53
3,5,0.791075042183238,0.372461281361359,53
2,5,0.79943328485187,0.784111846010906,53
5,5,0.747515639464473,0.309332309588474,53
4,5,0.705788969293032,0.481172497452674,53
1,6,0.896607082134609,0.918260744249111,53
3,6,0.780513030967225,0.493619286896622,53
2,6,0.830674522143244,0.755096404964167,53
5,6,0.747706720628822,0.533232566023929,53
4,6,0.718750461607348,0.425504830768475,53
1,7,0.900471438235958,0.748822253119303,53
3,7,0.782481115504893,0.598152845386306,53
2,7,0.829397053077776,0.654279791685595,53
5,7,0.739880568353534,0.701263501387136,53
4,7,0.703530870863405,0.373457230482712,53
1,8,0.899297694150416,0.736076228282982,53
3,8,0.798458946271456,0.763511813950134,53
2,8,0.80117364691788,0.794036607894801,53
5,8,0.750642507885656,0.527180431941075,53
4,8,0.698756657981741,0.416138353929257,53
1,9,0.895080608502631,0.920425994554595,53
3,9,0.782836108641683,0.73302784006597,53
2,9,0.811692931462838,0.848500889008048,53
5,9,0.735331505569441,0.281190323315937,53
4,9,0.71467238592992,0.766697477496947,53
1,10,0.895839032580535,0.89622370087601,53
3,10,0.784361529357638,0.902425610085508,53
2,10,0.807016951221997,0.367730670629821,53
5,10,0.759084915868379,0.538240567666364,53
4,10,0.70857432824878,0.354774418043037,53
1,11,0.895260019675255,0.917754307650898,53
3,11,0.769766241147003,0.719828122243235,53
2,11,0.839926269871936,0.594656147835374,53
5,11,0.752768383077437,0.74825266033444,53
4,11,0.704946072981529,0.4217613794729,53
1,12,0.897557444089281,0.884261708165729,53
3,12,0.779483324000822,0.620527841166852,53
2,12,0.804679240703926,0.764966251417011,53
5,12,0.753272372158162,0.199124084901557,53
4,12,0.718950076177556,-0.201598962898031,53
1,13,0.89894356515916,0.85584610302977,53
3,13,0.776027331372732,0.525180627211154,53
2,13,0.839929108526142,0.352025681519592,53
5,13,0.745136792762654,0.633960336493263,53
4,13,0.697303144307267,0.430990862874657,53
1,14,0.90295970564392,0.798505449202769,53
3,14,0.777654547402695,0.517346885765982,53
2,14,0.822049692126675,0.691587723227188,53
5,14,0.757031053764486,0.25957165352825,53
4,14,0.691154614369652,0.666373638802243,53
1,15,0.902061747149777,0.813167320834182,53
3,15,0.779614365424826,0.487580457184434,53
2,15,0.846114044506718,0.352341920868412,53
5,15,0.755625660782381,-0.0427053566982276,53
4,15,0.703750122412241,0.244358689925616,53
1,1,0.89159510059568,0.94657596980923,54
4,1,0.836163596474141,0.15206363061846,54
3,1,0.735310053352136,0.545599643715863,54
2,1,0.756850075295675,0.549564546246052,54
5,1,0.741338991946454,0.383148516799798,54
1,2,0.89333685203481,0.914272010062354,54
4,2,0.83259113631264,0.54932170917602,54
3,2,0.742149627695135,0.637614961389626,54
2,2,0.770170344484579,0.483374091220655,54
5,2,0.731007323878694,0.456760577769976,54
1,3,0.891251053281102,0.850493801884422,54
4,3,0.840300067932481,0.728637164684682,54
3,3,0.738065117838816,0.445383058734893,54
2,3,0.765680089989663,0.4825860529679,54
5,3,0.722783967306677,0.606416255120231,54
1,4,0.891401482810875,0.903954440938724,54
4,4,0.804042026227934,0.404538736233191,54
3,4,0.76123803975802,0.580284142976087,54
2,4,0.759641974115136,0.637859710820823,54
5,4,0.754907609637817,-0.165918304928795,54
1,5,0.891317914908186,0.922040487981522,54
4,5,0.816903072295923,0.597207341409313,54
3,5,0.744178725278773,0.732820751446652,54
2,5,0.762984219996418,0.68801154890827,54
5,5,0.716585211275229,0.265316893667115,54
1,6,0.896402822432108,0.806147776123963,54
4,6,0.830443669482388,0.438087630150234,54
3,6,0.743312036074933,0.645665381973568,54
2,6,0.75153273399172,0.748475365353723,54
5,6,0.729482215701414,0.51465587054717,54
1,7,0.892958000857519,0.852750855975363,54
4,7,0.821665383576775,0.376599570305052,54
3,7,0.75169999156902,0.36873052930754,54
2,7,0.772974496231376,0.368480249061887,54
5,7,0.721122393226466,0.193610904984666,54
1,8,0.895952561939304,0.817927198160695,54
4,8,0.779924287241313,0.634281564992331,54
3,8,0.776792291518815,0.884660199626192,54
2,8,0.754210564155629,0.607301123768548,54
5,8,0.738802882308248,0.404370619601524,54
1,9,0.897061295460755,0.76695889055523,54
4,9,0.830905560474794,0.650746775806044,54
3,9,0.728826822899969,0.568469310742242,54
2,9,0.773589810764232,0.106985157942461,54
5,9,0.735321882933295,0.37571200370184,54
1,10,0.891841441336207,0.886047837923778,54
4,10,0.842238425674465,0.65776208519122,54
3,10,0.740059367961455,0.434647298256281,54
2,10,0.754635907467267,0.775950713804775,54
5,10,0.715802223993569,0.171327286221525,54
1,11,0.894603269305044,0.866887294231217,54
4,11,0.817067976102315,0.440706797953912,54
3,11,0.740771631177481,0.740648805980158,54
2,11,0.755114472356483,0.958066840011491,54
5,11,0.735418190305444,0.868872262028514,54
1,12,0.890116949714975,0.913082133425709,54
4,12,0.829911691399326,0.704509577798265,54
3,12,0.737876891055826,0.283293517939154,54
2,12,0.744088710354482,0.843427315488253,54
5,12,0.725845480467314,0.0546847352885521,54
1,13,0.902932367449256,0.673065039400206,54
4,13,0.816075717753353,0.706298879105844,54
3,13,0.726827405210639,0.73904088765911,54
2,13,0.760397897095917,0.61700489803223,54
5,13,0.732421139415131,0.517142017428233,54
1,14,0.89090062342311,0.90268330982288,54
4,14,0.825558243973057,0.591950918497881,54
3,14,0.731637279540257,0.771781640942773,54
2,14,0.76176125844366,0.467534618780911,54
5,14,0.729722393607379,0.451303375923499,54
1,15,0.901423370399974,0.687072145986294,54
4,15,0.830318417646971,0.845293202109315,54
3,15,0.746655979109041,0.303429622479812,54
2,15,0.756005362550659,0.676782553167319,54
5,15,0.737979963203804,0.304955056004046,54
1,1,0.886028113031388,0.830300688798333,55
5,1,0.79744039858622,0.561139638169671,55
2,1,0.71196695845113,0.786176582753225,55
3,1,0.684608342867185,0.430136276018447,55
4,1,0.745533300114489,0.257381680880228,55
1,2,0.881810392274341,0.888766813926611,55
5,2,0.735348385669964,0.678447738628486,55
2,2,0.783539557431978,0.691985684139194,55
3,2,0.697043031983483,0.718412991459409,55
4,2,0.710088045237673,0.68646883213516,55
1,3,0.891072418097078,0.727805454956338,55
5,3,0.728723083833106,0.607183260746322,55
2,3,0.788493057936612,0.794578675548382,55
3,3,0.681291552354323,0.510756797544423,55
4,3,0.728118633839486,0.533394794855107,55
1,4,0.886847523186351,0.841972812803995,55
5,4,0.728379678322606,0.39455908254751,55
2,4,0.790023260053485,0.666647577174668,55
3,4,0.692463388262638,0.285848739274007,55
4,4,0.724538276710585,0.466394032430349,55
1,5,0.883760581573423,0.892909017448043,55
5,5,0.711672660552199,0.759254736592911,55
2,5,0.797245373281409,0.744197859826005,55
3,5,0.716988358447153,0.402157508806439,55
4,5,0.699462027504459,0.32401621392559,55
1,6,0.88945678820003,0.804900892795721,55
5,6,0.751656710735974,0.196964078783881,55
2,6,0.757525657066899,0.579647771604197,55
3,6,0.680954659014266,0.212220368522108,55
4,6,0.750984510903675,0.339644198106594,55
1,7,0.881650204395337,0.923705914046245,55
5,7,0.718744605210784,0.250689947691353,55
2,7,0.803934609671508,0.679687146793636,55
3,7,0.675794108278764,-0.0730403398586409,55
4,7,0.733553541976767,0.398239454829304,55
1,8,0.883496961617229,0.895485039416371,55
5,8,0.703835072661262,0.540482393075664,55
2,8,0.81362365274122,0.669870703678472,55
3,8,0.693247513807673,0.52304123293502,55
4,8,0.70907676964533,0.443398577743035,55
1,9,0.892180150070923,0.705304297356432,55
5,9,0.747863695068613,-0.111045680540785,55
2,9,0.770770826078192,0.633161174065353,55
3,9,0.698856050841501,0.264467356949662,55
4,9,0.746116724545192,0.378887517896289,55
1,10,0.883832176443757,0.907436681519813,55
5,10,0.711399857570789,0.394703998443924,55
2,10,0.826052744896381,0.533418376502934,55
3,10,0.699412521922651,0.587571607663462,55
4,10,0.70919944206403,0.3606429147214,55
1,11,0.882693461127649,0.843108796073864,55
5,11,0.75223845608502,0.18754416119301,55
2,11,0.756532395083928,0.900629972068098,55
3,11,0.712780435071359,0.32905077463552,55
4,11,0.74094532963251,0.174791159779928,55
1,12,0.881869357221155,0.955289791292664,55
5,12,0.727090577631456,0.394823220961216,55
2,12,0.769055364331064,0.790766207100653,55
3,12,0.694220361436556,0.591427444616504,55
4,12,0.714972067170125,0.176237963895467,55
1,13,0.882469923445166,0.916464685436627,55
5,13,0.717285234461386,0.352767877385013,55
2,13,0.799947203741061,0.934782735399997,55
3,13,0.711010140153587,0.459844316456705,55
4,13,0.72576298798453,0.65408658499686,55
1,14,0.886349894604532,0.840066574048656,55
5,14,0.780085450033004,0.555451824647797,55
2,14,0.733494613489463,0.754890174572535,55
3,14,0.702797502358869,0.618327978929832,55
4,14,0.697155063944267,0.590725025450345,55
1,15,0.88561655353062,0.89393185672471,55
5,15,0.707082487264628,0.0863545760234418,55
2,15,0.806914170536643,0.846688301610186,55
3,15,0.697418958149991,0.598279924057592,55
4,15,0.709232303182575,0.22146779862957,55
1,1,0.922903937077997,0.550708392085366,56
3,1,0.862556987996092,0.397951869754415,56
4,1,0.799109606243497,0.690983432414562,56
2,1,0.776375157341536,0.681379476538561,56
5,1,0.754704072071629,0.0942165967999772,56
1,2,0.912879104872135,0.861158197375113,56
3,2,0.86140975163544,0.336986269498415,56
4,2,0.7934550142591,0.473684433467614,56
2,2,0.809696357227275,0.729554241701816,56
5,2,0.748805787533618,0.470447713138864,56
1,3,0.913459254266208,0.881478810752294,56
3,3,0.86449134184275,0.724674440687778,56
4,3,0.78851560905219,0.835879595780071,56
2,3,0.779404026454946,0.941895490688317,56
5,3,0.751025549980381,0.557980620977073,56
1,4,0.913529797972913,0.928547744455281,56
3,4,0.860189128513948,0.700663432717746,56
4,4,0.779384244535666,0.678207017716798,56
2,4,0.815742244946907,0.581722106553544,56
5,4,0.75899094821526,0.244576042518112,56
1,5,0.916232397272916,0.875299348087898,56
3,5,0.86743472450084,0.554811269535546,56
4,5,0.785864995697701,0.6348290388004,56
2,5,0.818387309473563,0.0959263297905,56
5,5,0.745559891932048,0.343913647227239,56
1,6,0.909332185563823,0.940856686117749,56
3,6,0.860603117968932,0.434637190429066,56
4,6,0.782971687397615,0.463202090115707,56
2,6,0.810117652969091,0.737839253403598,56
5,6,0.757426195038966,-0.108179075710768,56
1,7,0.916020850459642,0.861108408746611,56
3,7,0.857982924903037,0.81497347507523,56
4,7,0.789546994755599,0.16069324298495,56
2,7,0.813731183238413,0.659464579102701,56
5,7,0.761505929217285,0.536182220904687,56
1,8,0.910946958351481,0.931526247368695,56
3,8,0.85353077523195,0.830435452677549,56
4,8,0.782258544598189,0.788933645283481,56
2,8,0.797572063003339,0.432091120666711,56
5,8,0.757922834195325,0.627036872873468,56
1,9,0.909745417474213,0.948561471639922,56
3,9,0.855165693402569,0.688276155543529,56
4,9,0.795192651842065,0.666073397908202,56
2,9,0.799080479908628,0.609725155887993,56
5,9,0.763019359552642,0.408367127711035,56
1,10,0.915271106752935,0.867415977538894,56
3,10,0.857748579795322,0.454982263065053,56
4,10,0.783355124495635,0.587975739423804,56
2,10,0.81426329586664,0.360604909310705,56
5,10,0.766665381326472,-0.146569015896032,56
1,11,0.917352048067509,0.824341126150304,56
3,11,0.866350977943043,0.507122331212793,56
4,11,0.792154744914039,0.252813479000261,56
2,11,0.812059239711483,0.407136689158105,56
5,11,0.761241308028058,-0.0586096717937286,56
1,12,0.913278650548209,0.916749985655287,56
3,12,0.867113839943795,0.733480675752262,56
4,12,0.793167297694139,0.403074368859388,56
2,12,0.792618992424801,0.732512182220241,56
5,12,0.75736900496868,0.310392507958012,56
1,13,0.914599021105914,0.809115236351905,56
3,13,0.861837741182688,0.0754715936509975,56
4,13,0.797622850976931,-0.408075807997652,56
2,13,0.824366483130116,0.649364359072475,56
5,13,0.74515540899646,0.432603674064246,56
1,14,0.91101894737451,0.935487163689643,56
3,14,0.857594961158469,0.713622745018437,56
4,14,0.794382930688435,0.116532145838951,56
2,14,0.802138831973771,0.623966915318479,56
5,14,0.756486001519595,0.667911806923788,56
1,15,0.917646910137435,0.718572447194008,56
3,15,0.848561694023813,0.679639306242006,56
4,15,0.776459267192745,0.540865935171713,56
2,15,0.8279219067251,0.59940777728648,56
5,15,0.746236120448045,0.458694045025785,56
1,1,0.905493619326386,0.885622224235811,57
2,1,0.866163682176828,0.484168075175452,57
4,1,0.775320766630319,0.397079009060969,57
3,1,0.781957626252593,0.775289994421295,57
5,1,0.812910995626122,0.234692477057918,57
1,2,0.903679537607071,0.913574524112126,57
2,2,0.867935394703464,0.652977850826127,57
4,2,0.768938660490944,0.51111003939035,57
3,2,0.805109554504225,0.018608739217747,57
5,2,0.807646239923881,-0.220956199695232,57
1,3,0.90607348245882,0.854556146492468,57
2,3,0.863697890431832,0.836138038057685,57
4,3,0.789083067847131,0.405683300304436,57
3,3,0.782644950454494,0.83397064067162,57
5,3,0.798499313298392,0.434329109706606,57
1,4,0.910966800105122,0.800553166249538,57
2,4,0.872343605440167,0.561102256872879,57
4,4,0.762221437502941,0.740434058883411,57
3,4,0.798123709373954,0.540190519251535,57
5,4,0.803954986168313,0.572951725301176,57
1,5,0.906824630485395,0.865025058857756,57
2,5,0.863898807014912,0.796484646637827,57
4,5,0.777182972673475,0.474858293859797,57
3,5,0.79359251228174,0.676197436430313,57
5,5,0.790706070852247,0.309464039038493,57
1,6,0.903572210646926,0.892430207367465,57
2,6,0.877141860366291,0.667070621268162,57
4,6,0.769420496810627,0.362581505015327,57
3,6,0.792876950333942,0.762240663734196,57
5,6,0.81106175424658,0.641155958462251,57
1,7,0.904196074637947,0.926730831563291,57
2,7,0.870352076182558,0.68930741732066,57
4,7,0.764220376024489,0.639715601830921,57
3,7,0.795197265310083,0.337192417054463,57
5,7,0.797377851961954,0.773995427140459,57
1,8,0.913594877787104,0.484611561930705,57
2,8,0.862549795298732,0.748761581158183,57
4,8,0.771707402381069,0.500763782971292,57
3,8,0.803856674989521,0.478648066626317,57
5,8,0.81979589113326,0.491046372957922,57
1,9,0.90753943904947,0.8418963707887,57
2,9,0.871444737459059,0.641837092929457,57
4,9,0.775517126479441,0.546524180111195,57
3,9,0.789274427750579,0.835423074398125,57
5,9,0.793871969420088,0.385064956535076,57
1,10,0.906861474132432,0.797634450089214,57
2,10,0.856319283947527,0.700096246100395,57
4,10,0.770870045265279,0.391414591426742,57
3,10,0.787323035746179,0.501948955677549,57
5,10,0.807241815290997,0.621323363510834,57
1,11,0.905643810905194,0.906530903835066,57
2,11,0.865753274352376,0.640638526282761,57
4,11,0.763432261997735,0.70482970693817,57
3,11,0.792838407382121,0.620229051452443,57
5,11,0.801863628175479,-0.157667548286501,57
1,12,0.918864568095661,0.682738952842084,57
2,12,0.862174479747463,0.717190462710475,57
4,12,0.775304651893782,-0.280031614099367,57
3,12,0.796102821363163,0.58478312226901,57
5,12,0.798818908262146,0.297489846629486,57
1,13,0.902269288381954,0.929087439476476,57
2,13,0.863785977563509,0.809793781919532,57
4,13,0.762356540316407,0.688048128345819,57
3,13,0.798048089583944,0.151506288657233,57
5,13,0.796731517734387,0.38629001854615,57
1,14,0.905603391014968,0.892524712525432,57
2,14,0.869266197361874,0.84707681168374,57
4,14,0.769310420324739,0.792999671201336,57
3,14,0.813763561319789,0.412975826102003,57
5,14,0.783045555196159,0.532729546049155,57
1,15,0.90494989411003,0.918561679898557,57
2,15,0.866915259496699,0.49650938722379,57
4,15,0.790121303699491,0.28699887050998,57
3,15,0.804185422309843,0.486720252283633,57
5,15,0.803844402624613,0.452600307152864,57
1,1,0.915161928930582,0.869140261506623,58
4,1,0.788651157912853,0.495880982016589,58
2,1,0.853531279753695,0.584019273989381,58
3,1,0.801594001752325,0.591410316574136,58
5,1,0.766439148559948,0.774450632814575,58
1,2,0.910487641345407,0.936575507433393,58
4,2,0.790816890804944,0.144851741518976,58
2,2,0.844234225393203,0.40017537488735,58
3,2,0.790623073719109,0.548122687322679,58
5,2,0.791910075883409,0.309593608155655,58
1,3,0.91994810328783,0.804500934485489,58
4,3,0.78756860745933,0.447189701815734,58
2,3,0.854445053802229,0.838937281719975,58
3,3,0.788295083581789,0.591382538100051,58
5,3,0.773741569878177,0.53445935670919,58
1,4,0.915204103223249,0.857063466340469,58
4,4,0.806799205343604,0.674225012303143,58
2,4,0.824878090237066,0.631076934130751,58
3,4,0.801487405773998,0.454197002464547,58
5,4,0.767377766018443,0.377525046771817,58
1,5,0.913569133891473,0.95192261093189,58
4,5,0.79640117985481,0.482072801485647,58
2,5,0.847245835608561,0.502491291530798,58
3,5,0.794431358000502,0.655515169018391,58
5,5,0.774900280441168,0.56765503210338,58
1,6,0.916723523485664,0.833636760879836,58
4,6,0.794511381259238,0.479337401388484,58
2,6,0.845553878914853,0.454138903045457,58
3,6,0.805607247883661,0.464846984989095,58
5,6,0.787540896983292,0.208332565225514,58
1,7,0.911838412466923,0.884752189777012,58
4,7,0.800075575412644,0.360135939496848,58
2,7,0.854507718399384,0.56523454295092,58
3,7,0.80157995623968,0.445250721110179,58
5,7,0.778234954298357,0.498616458117386,58
1,8,0.912073861954251,0.939196735952758,58
4,8,0.783431574468853,0.666733107384268,58
2,8,0.850903201066606,0.311325457620095,58
3,8,0.794839394664737,0.603349640526973,58
5,8,0.77858723777368,0.398346873290013,58
1,9,0.922268968272029,0.656160408431349,58
4,9,0.834600516645399,0.308383351063991,58
2,9,0.799178672968947,0.812077719287927,58
3,9,0.797469012412176,0.729138738888341,58
5,9,0.768132434589334,0.552149972720677,58
1,10,0.913095211153524,0.912925528172576,58
4,10,0.791497154629991,0.473172268114002,58
2,10,0.854457675875843,0.503256602891147,58
3,10,0.809169920606948,0.0269704813731529,58
5,10,0.780720796602843,0.559439230838184,58
1,11,0.911706239333526,0.905495227106964,58
4,11,0.788368336242469,0.510425008148346,58
2,11,0.847220277273583,0.521041325716066,58
3,11,0.799554929861641,0.302582601794381,58
5,11,0.775861124045006,-0.453307425249899,58
1,12,0.917437201209059,0.746720930772921,58
4,12,0.801339272718283,0.50016007911,58
2,12,0.840421044132589,0.653689133608956,58
3,12,0.783379723890732,0.679383083461999,58
5,12,0.779627326138915,0.3212129794755,58
1,13,0.912004150697834,0.955478519029958,58
4,13,0.799336439930598,0.417356379651554,58
2,13,0.814917599615666,0.821851198888651,58
3,13,0.794110496302125,0.85041400452825,58
5,13,0.771164072783217,0.473068827771866,58
1,14,0.912207283958588,0.920487129782688,58
4,14,0.808873891402891,-0.0165002022489599,58
2,14,0.843953728223915,0.718779389396204,58
3,14,0.794208673789325,0.641804663276863,58
5,14,0.752387680150194,0.398146448070971,58
1,15,0.91231715308288,0.904061064733819,58
4,15,0.784085351792247,0.625119656462075,58
2,15,0.851396330610908,0.57345853511257,58
3,15,0.794206879415361,0.682271456044101,58
5,15,0.788387544544993,0.359122068990064,58
1,1,0.935809868322486,0.946279853178092,59
2,1,0.895902048464332,0.649294415896453,59
3,1,0.857983323726357,0.647961296391162,59
4,1,0.832944865850514,0.611189709235958,59
5,1,0.836270054515125,-0.0805553362936772,59
1,2,0.936113747822378,0.854037145474388,59
2,2,0.907817540462175,0.635148253758683,59
3,2,0.85562231464452,0.476853760648731,59
4,2,0.848719277107335,0.30984142172263,59
5,2,0.821600248008298,0.45613546701672,59
1,3,0.935210214342468,0.943003814016828,59
2,3,0.905180565976435,0.589266365708808,59
3,3,0.864308085042301,0.55320809695187,59
4,3,0.84752489606885,0.384796145550627,59
5,3,0.828940821863891,0.505181819580356,59
1,4,0.935008527982907,0.918267194072184,59
2,4,0.906922118993657,0.752298083364545,59
3,4,0.848313965754559,0.634166448513476,59
4,4,0.846454339418831,-0.0100559754665157,59
5,4,0.834309635452657,0.0768771268657285,59
1,5,0.936350300701925,0.813511917583352,59
2,5,0.908667171278324,0.460182320760031,59
3,5,0.853734976265057,0.668557102740094,59
4,5,0.847435886694946,0.496208695881787,59
5,5,0.816246024700063,0.58887729141791,59
1,6,0.933716032143804,0.977469341076589,59
2,6,0.908577360642802,0.579579893642054,59
3,6,0.851934264289589,0.762815907978113,59
4,6,0.837482917315702,0.706001017616629,59
5,6,0.834771195197003,0.495438359438309,59
1,7,0.935951847305875,0.864944508335722,59
2,7,0.901433561151501,0.768313706184753,59
3,7,0.859922683223308,0.374161727466638,59
4,7,0.848810541741696,0.587790057526683,59
5,7,0.826230935589017,0.414559141108367,59
1,8,0.937029946437646,0.868147141771112,59
2,8,0.906084702696527,0.526869965196032,59
3,8,0.852964388699387,0.623369360268335,59
4,8,0.850694335477484,0.0780191032948828,59
5,8,0.837257316228829,0.42339171475166,59
1,9,0.937347590998123,0.846710107726077,59
2,9,0.907482604175133,0.47789768947025,59
3,9,0.855616890578593,0.431928755808293,59
4,9,0.842081863581761,0.17221064743549,59
5,9,0.82324856179345,-0.0961839466408717,59
1,10,0.934930779362035,0.926259347548926,59
2,10,0.905013450139263,0.633939869578249,59
3,10,0.850229591895621,0.756613464374131,59
4,10,0.835951704647701,0.677048253957476,59
5,10,0.819517577117297,0.782459710169789,59
1,11,0.93692635931185,0.857811840809471,59
2,11,0.897581621045472,0.654432351295899,59
3,11,0.866673182205192,0.616510346041311,59
4,11,0.849494771888813,0.193036719849111,59
5,11,0.828142484335352,0.288575043053294,59
1,12,0.939726281472056,0.731591766438188,59
2,12,0.90596822908316,0.682837534080797,59
3,12,0.843162755123133,0.649634318925161,59
4,12,0.836807253460467,0.757096455879464,59
5,12,0.830008326160101,0.456691345213989,59
1,13,0.949931686281051,0.567249017642307,59
2,13,0.899152118958673,0.767808706166511,59
3,13,0.861992052736499,0.221110786813115,59
4,13,0.838511617324626,0.393437077193066,59
5,13,0.83483539687868,0.450611224054542,59
1,14,0.936947537456781,0.826486564276594,59
2,14,0.904927194975536,0.547693647820036,59
3,14,0.855304376619618,0.634546981159641,59
4,14,0.825309467680934,0.880057451978681,59
5,14,0.835882906220049,0.720173252302251,59
1,15,0.931532395917644,0.955660439934798,59
2,15,0.905134184387566,0.788090466527208,59
3,15,0.855827481768093,0.487503976914696,59
4,15,0.84232048391954,0.628732025503381,59
5,15,0.82879266407226,0.434494759352745,59
1,1,0.944948477857879,0.884588219415823,60
2,1,0.909388543132085,0.700695627758059,60
4,1,0.857695666591704,0.359561266579904,60
3,1,0.839822059006361,0.694256178369579,60
5,1,0.817140536285318,0.475943287933021,60
1,2,0.945129482340354,0.791954046327262,60
2,2,0.916878530498784,0.287387918376075,60
4,2,0.853016799249833,0.707974016023358,60
3,2,0.829268683505337,0.7821459595635,60
5,2,0.814560195543939,0.591003713080264,60
1,3,0.941951173339871,0.864090077975819,60
2,3,0.910748826694004,0.682108958567678,60
4,3,0.86237733628875,0.305014954770198,60
3,3,0.844796512267245,0.362761999739955,60
5,3,0.828838109311346,-0.128888649189733,60
1,4,0.943051965193438,0.844862699042549,60
2,4,0.909760640634313,0.810353421704281,60
4,4,0.845756458253305,0.784513911624751,60
3,4,0.835141123568074,0.473837924179997,60
5,4,0.836912353107723,0.497467895898029,60
1,5,0.942623238280089,0.885399776455072,60
2,5,0.915786874127449,0.408718344630791,60
4,5,0.845049408238726,0.729515039373701,60
3,5,0.834175477352388,0.71792634959586,60
5,5,0.80397549972638,0.662117196767892,60
1,6,0.939739857322348,0.937447109596546,60
2,6,0.916197251024543,0.278012434306007,60
4,6,0.843410782443771,0.837352445767783,60
3,6,0.845426033409835,0.738671123243359,60
5,6,0.824561218714199,0.313141091074323,60
1,7,0.944578907300522,0.885986160157097,60
2,7,0.90827697817681,0.813523982267482,60
4,7,0.859846666750917,0.519097635716376,60
3,7,0.847349705646671,0.449014300956316,60
5,7,0.828554687615992,0.112334825240668,60
1,8,0.942075473190547,0.850980005156451,60
2,8,0.904482516376534,0.878819122012927,60
4,8,0.853635811621966,0.733725487996157,60
3,8,0.827534492047806,0.709209368752475,60
5,8,0.823043592792529,0.279028858683826,60
1,9,0.945837642773911,0.829989364109406,60
2,9,0.91173940720003,0.804536386304136,60
4,9,0.859927579874065,0.131524673904819,60
3,9,0.864921661686109,0.0674764921860035,60
5,9,0.825570868931066,0.191867067299201,60
1,10,0.941020766273851,0.897478775707037,60
2,10,0.909807898065466,0.569828723321664,60
4,10,0.857566717460106,0.59413330789822,60
3,10,0.834316787061177,0.604960414134958,60
5,10,0.807805402836712,0.363720154903048,60
1,11,0.942975521485015,0.915439957919815,60
2,11,0.919156858362062,0.0102870619718523,60
4,11,0.861978301783612,0.383753760817439,60
3,11,0.835520697084562,0.776539061622694,60
5,11,0.822974327196713,0.264101606193624,60
1,12,0.942371374052186,0.926662159324972,60
2,12,0.909096333932115,0.648717081746394,60
4,12,0.845389545828726,0.681590522631265,60
3,12,0.831968303347641,0.834926218982373,60
5,12,0.81735158361646,0.348932606782101,60
1,13,0.943641648889973,0.812875730122637,60
2,13,0.910631183989616,0.569053986712029,60
4,13,0.848827215961001,0.707232968246053,60
3,13,0.840026512938331,0.263040772522907,60
5,13,0.823322414481159,0.287755138856035,60
1,14,0.939743865596726,0.965518534655049,60
2,14,0.908973460645936,0.801722323294796,60
4,14,0.857408870923786,0.632804796510159,60
3,14,0.83374019743412,0.72451248795382,60
5,14,0.809553170185953,0.644138372179053,60
1,15,0.943270582627813,0.847573242562562,60
2,15,0.904268328427424,0.599064731492994,60
4,15,0.862093062093207,0.54756765442153,60
3,15,0.839676923417388,0.569323567132833,60
5,15,0.819798702972033,0.373092359074491,60
1,1,0.895833744357963,0.929547822032429,61
3,1,0.792456983271486,0.187884010491936,61
2,1,0.820343121928557,0.764621702755532,61
4,1,0.713379329360537,0.712569624099165,61
5,1,0.703736825282285,0.267855672174117,61
1,2,0.898159117912215,0.851534247768461,61
3,2,0.766930728289296,0.61732801293644,61
2,2,0.830207593502536,0.503046440503351,61
4,2,0.717109530263806,0.244352196029263,61
5,2,0.697646609212327,0.333663745375183,61
1,3,0.899712654382491,0.879329881165007,61
3,3,0.754652489850675,0.234048647834664,61
2,3,0.849333485796494,0.662547884358538,61
4,3,0.730576545603055,0.625086005408859,61
5,3,0.690832392594604,0.289180926184439,61
1,4,0.900101080316724,0.870098978371217,61
3,4,0.788203771244721,0.593099093860001,61
2,4,0.808557791518443,0.754046192209372,61
4,4,0.722773893928818,0.237250041902032,61
5,4,0.689558072283602,0.228201155434015,61
1,5,0.899335946866491,0.845296934139974,61
3,5,0.780717992403018,0.238338809408463,61
2,5,0.825020655635991,0.420426140008525,61
4,5,0.731544643679658,0.444224226318031,61
5,5,0.720431638833326,0.0214483626865776,61
1,6,0.905852197711664,0.744965943866561,61
3,6,0.784990090115827,0.442633634516644,61
2,6,0.84308355265827,0.638279789431695,61
4,6,0.715727431608797,0.706427746568543,61
5,6,0.704683157993816,-0.142295015547096,61
1,7,0.893918422394223,0.939195266176058,61
3,7,0.767351126319249,0.436838121420776,61
2,7,0.828173558095396,0.605865896334055,61
4,7,0.721704574007789,0.427693272900505,61
5,7,0.678748707099212,0.730793866831852,61
1,8,0.897771293628939,0.884305883781606,61
3,8,0.786110342994699,0.413154528095944,61
2,8,0.807630470076224,0.893843206875147,61
4,8,0.712236245971657,0.421608225516531,61
5,8,0.709657216323234,0.213064769365382,61
1,9,0.900283570026693,0.805369107916134,61
3,9,0.785921062975412,0.521562824495383,61
2,9,0.803284669841507,0.740137916535057,61
4,9,0.728574013467658,0.402802665763568,61
5,9,0.692592300207634,0.276216581404909,61
1,10,0.900203092938731,0.869899668222318,61
3,10,0.799076203025436,0.606384521924884,61
2,10,0.786994133639497,0.830142107024544,61
4,10,0.720318090507003,0.351848450389624,61
5,10,0.682284505517103,0.620227052492247,61
1,11,0.895554156694135,0.926112272610729,61
3,11,0.775066214238442,0.546832449891115,61
2,11,0.83257676452413,0.545220568401826,61
4,11,0.736330397946442,0.0892181383311647,61
5,11,0.711825360506579,0.174333164135929,61
1,12,0.895881774958612,0.917760834786728,61
3,12,0.785203544199849,0.233465768679177,61
2,12,0.811807334764895,0.826993141860203,61
4,12,0.739430997865598,0.452033011863301,61
5,12,0.686491105402136,0.531856310793877,61
1,13,0.901727961034957,0.841552137037806,61
3,13,0.768893462422541,0.669250665015329,61
2,13,0.800272580543932,0.66724591334295,61
4,13,0.737712994005762,0.553007939503751,61
5,13,0.691157511279412,0.426150517208458,61
1,14,0.895550350124735,0.919758011816083,61
3,14,0.77100150766202,0.679906032665058,61
2,14,0.81128657907753,0.893842759688589,61
4,14,0.715195118451266,0.605387091846535,61
5,14,0.69485421410728,0.168206602567963,61
1,15,0.905609601031563,0.730009497199636,61
3,15,0.782793306191153,0.392737373452104,61
2,15,0.806396644898129,0.592735904847581,61
4,15,0.749599529294851,0.175408158234215,61
5,15,0.691574217454832,0.0634856129534807,61
1,1,0.9020192772154,0.919632972768473,62
4,1,0.849436653370635,0.701893175213268,62
3,1,0.811823427737456,0.118773559826617,62
2,1,0.826945131465992,0.587527087524267,62
5,1,0.784118389362807,0.802653179775808,62
1,2,0.910642777344631,0.712502228927891,62
4,2,0.848986322147811,0.721850017664245,62
3,2,0.807004285775437,0.605827293576258,62
2,2,0.824254351834293,0.536903655029934,62
5,2,0.787950600800609,0.677453373247763,62
1,3,0.905909913531444,0.883813349986942,62
4,3,0.873499144221202,0.633697712518112,62
3,3,0.783063062257524,0.812992852021649,62
2,3,0.822504399531351,0.558616608190476,62
5,3,0.788337759011106,0.461337586673488,62
1,4,0.90619015047245,0.874665061730238,62
4,4,0.844343922511259,0.731686206356348,62
3,4,0.811586128579847,0.428740516123285,62
2,4,0.823296159786406,0.4824797530355,62
5,4,0.78774501061438,0.215399837284043,62
1,5,0.911982681752699,0.72592689950166,62
4,5,0.853708752814982,0.481258422738645,62
3,5,0.802554882525776,0.650095713968564,62
2,5,0.817040585588255,0.771279100085347,62
5,5,0.788258962098931,0.614029031808519,62
1,6,0.913953575759738,0.703745031589532,62
4,6,0.858255792768116,0.47775702015322,62
3,6,0.810100613697751,0.206448444584595,62
2,6,0.824621155622094,0.646892986521645,62
5,6,0.787094758187949,0.444786573996349,62
1,7,0.905878803871866,0.914790150913985,62
4,7,0.84140228092977,0.752105965809386,62
3,7,0.820925985755223,0.518890952361918,62
2,7,0.823808118792248,0.685933916879622,62
5,7,0.799809384479757,0.320265117485973,62
1,8,0.904142013172135,0.937371440516534,62
4,8,0.851797270371978,-0.139143497531787,62
3,8,0.791107791473115,0.899575166220423,62
2,8,0.826206339559566,0.816402460979405,62
5,8,0.796320769773776,0.614440615090176,62
1,9,0.904563548458747,0.937945835656577,62
4,9,0.823952097370254,0.746957762951903,62
3,9,0.820864761053021,0.525490402937202,62
2,9,0.822877401639226,0.621179092302108,62
5,9,0.786824697482272,0.321792315698509,62
1,10,0.905516383315438,0.910022222152803,62
4,10,0.862657132946864,0.866613886045743,62
3,10,0.778731200024216,0.824652528073077,62
2,10,0.807990594703277,0.903539490956427,62
5,10,0.784402083544637,0.297300486219176,62
1,11,0.904298327131064,0.8306713353429,62
4,11,0.852557820907232,0.225811903155933,62
3,11,0.795276955600283,0.68215658079678,62
2,11,0.822002227341197,0.737947030519171,62
5,11,0.78849732553052,0.289247429877845,62
1,12,0.901946332768976,0.938186388577904,62
4,12,0.836510619387037,0.669235341633092,62
3,12,0.82026617440145,0.329829663529164,62
2,12,0.819529664353362,0.780081527407542,62
5,12,0.798521725489213,0.65125158486401,62
1,13,0.911589811919933,0.804539646170258,62
4,13,0.852717904449176,0.0680660951684983,62
3,13,0.806381909151014,0.50953851994912,62
2,13,0.830652549215956,0.181029346216972,62
5,13,0.795873447307222,0.4319457508896,62
1,14,0.913693024990977,0.689388939788235,62
4,14,0.84918171681287,0.632042865607164,62
3,14,0.809452773234004,0.868016403199196,62
2,14,0.821999828127699,0.61793084222033,62
5,14,0.797281408441812,-0.112872103807024,62
1,15,0.904820886056167,0.908877909656558,62
4,15,0.857982371138869,0.429509201793307,62
3,15,0.802642732197453,0.24176132536278,62
2,15,0.826609529861085,0.431371344987331,62
5,15,0.786264637433823,0.608951620971523,62
1,1,0.88153916947282,0.842260155768819,63
3,1,0.691486397742117,0.641227614123293,63
2,1,0.784897505315347,0.744344153065114,63
4,1,0.746397922163092,0.26369102603492,63
5,1,0.675765049856029,0.370000748548595,63
1,2,0.874055621238134,0.951561069772948,63
3,2,0.699772040000978,0.45048148647493,63
2,2,0.77813998930055,0.827368400840322,63
4,2,0.733067267164842,0.682196078961289,63
5,2,0.698825425505215,0.573296762277452,63
1,3,0.876798154762853,0.895433680240726,63
3,3,0.695616827613099,0.721328372711905,63
2,3,0.773931312091104,0.818843622302722,63
4,3,0.735152653122293,0.491998172797277,63
5,3,0.693253948723499,0.309517180496671,63
1,4,0.881029354609155,0.893308522172088,63
3,4,0.702039085002684,0.3375031286792,63
2,4,0.787500481781442,0.715457973371497,63
4,4,0.734748555936611,0.465196100493465,63
5,4,0.696712154917817,-0.21746888226099,63
1,5,0.880993195555426,0.91755149947814,63
3,5,0.696696887762315,0.47967531472217,63
2,5,0.782784920079026,0.545555088055229,63
4,5,0.722015923374274,0.533316033389014,63
5,5,0.68741432943555,0.426530030696714,63
1,6,0.883726118497745,0.804322524828811,63
3,6,0.707736640722734,0.50240322601055,63
2,6,0.778100058653558,0.733648656542776,63
4,6,0.719538411012416,0.645525958766185,63
5,6,0.69434740302861,0.457720109020793,63
1,7,0.871960662246631,0.965903342070739,63
3,7,0.688527396765793,0.734155716273787,63
2,7,0.780836449009752,0.476562477909299,63
4,7,0.739608091105882,0.60515267097373,63
5,7,0.668123965575811,0.146414674050223,63
1,8,0.872917591122161,0.944117648389276,63
3,8,0.693583156624449,0.204419922239974,63
2,8,0.784535391630002,0.270403777260718,63
4,8,0.730595434899556,0.634479529711144,63
5,8,0.697791955340452,0.298479898587626,63
1,9,0.878941625232731,0.843668476846153,63
3,9,0.705088372544012,0.126250985208949,63
2,9,0.789553058866119,0.342317575056667,63
4,9,0.734463348403898,0.449212973891477,63
5,9,0.690674327964944,0.258498734263441,63
1,10,0.903299341269984,0.284697196502654,63
3,10,0.714074567443695,0.476532537419955,63
2,10,0.784777398381394,0.739754249979399,63
4,10,0.74408462773486,0.0770519339406322,63
5,10,0.705558292647359,0.32666580218951,63
1,11,0.882274298432909,0.846165501538609,63
3,11,0.68614870692332,0.814518995381117,63
2,11,0.769540594940589,0.75267069260017,63
4,11,0.729117481640578,0.668157109929598,63
5,11,0.699325512031009,0.391889641592171,63
1,12,0.883125474044261,0.891903734744528,63
3,12,0.691668230597653,0.564648951278106,63
2,12,0.78213919079798,0.591187379145466,63
4,12,0.718085711113791,0.692841497925162,63
5,12,0.714218772234437,0.419520707746846,63
1,13,0.8860799520814,0.803930932530443,63
3,13,0.69887434850824,0.432732153769904,63
2,13,0.782527108053923,0.432125862414931,63
4,13,0.731568296970635,0.427384815085044,63
5,13,0.710770804646817,0.0970219362843894,63
1,14,0.884570422620025,0.877410125001909,63
3,14,0.718707517648716,0.469558232452969,63
2,14,0.788898867892895,0.420955655334429,63
4,14,0.740845726785011,0.250210521478024,63
5,14,0.704081825226415,0.353548478705486,63
1,15,0.886834721189883,0.814278679821464,63
3,15,0.699813525413961,0.712977046841489,63
2,15,0.762848768332804,0.860547163881178,63
4,15,0.734634211287599,0.636515351489331,63
5,15,0.700375781279914,0.524564335068353,63
1,1,0.879513317168254,0.889878134161577,64
4,1,0.727214893550088,0.675929467308829,64
2,1,0.764319171847261,0.811276229220755,64
3,1,0.71225408085714,0.495939673909306,64
5,1,0.679940953457117,0.245343079972389,64
1,2,0.875265621511038,0.932373930274455,64
4,2,0.729372802986538,0.517060607980173,64
2,2,0.783967168791968,0.347576436170016,64
3,2,0.723851450521752,0.692277821143841,64
5,2,0.675392375519992,0.369426240015955,64
1,3,0.877172912690594,0.907402933353651,64
4,3,0.739623217097694,0.253396174028964,64
2,3,0.773549084348564,0.71070146536258,64
3,3,0.676165556261421,0.876334963815147,64
5,3,0.686611600217256,0.543239657735236,64
1,4,0.881125165231519,0.87257687650048,64
4,4,0.728963095215765,0.345400432584274,64
2,4,0.770034274957397,0.245328362189548,64
3,4,0.709395647360751,0.459889324431776,64
5,4,0.659533990601144,0.21382705415712,64
1,5,0.876803439556714,0.880429212943677,64
4,5,0.724417658383187,0.562860829295737,64
2,5,0.78258729939824,0.694687998156975,64
3,5,0.697176045688557,0.579664493457544,64
5,5,0.675655565193526,0.656630940323272,64
1,6,0.882281097838991,0.787600128378805,64
4,6,0.732627597837503,0.50365133883431,64
2,6,0.774355178932249,0.607558043052621,64
3,6,0.711121551826266,0.651086293119191,64
5,6,0.660829688378372,0.116750538561191,64
1,7,0.876450549579486,0.878670440764159,64
4,7,0.724243143508948,0.467574526195748,64
2,7,0.764641220061594,0.696068102051936,64
3,7,0.726157031054583,0.473436039039848,64
5,7,0.666502288114949,0.38801929313326,64
1,8,0.881054313109621,0.818487767553635,64
4,8,0.713723282621322,0.598605807338189,64
2,8,0.770460457129793,0.773081025535805,64
3,8,0.726071750635587,0.681601672322435,64
5,8,0.657953377536789,0.773746235821033,64
1,9,0.883979646230364,0.745983086298289,64
4,9,0.740940380374761,-0.0269159592782231,64
2,9,0.778702557506693,0.418119173083491,64
3,9,0.688662842207439,0.59652974474311,64
5,9,0.707869407681528,0.656616147743218,64
1,10,0.877928063485944,0.830249921526334,64
4,10,0.722401981047345,0.52152545520813,64
2,10,0.764512197584489,0.781735870847082,64
3,10,0.695527483539291,0.463597030958249,64
5,10,0.694204952386676,-0.0909693579328346,64
1,11,0.873431292630766,0.935522475896332,64
4,11,0.730414418214933,0.561302543466438,64
2,11,0.785404946653026,0.649338766139708,64
3,11,0.714820804874847,0.681809942493206,64
5,11,0.694279899682959,0.347833410274643,64
1,12,0.881408630454655,0.841989078707556,64
4,12,0.724913523155728,0.486558337072862,64
2,12,0.786879345641586,0.563294188619823,64
3,12,0.712760819997512,0.197593342099517,64
5,12,0.676322964329484,-0.0193751712690054,64
1,13,0.894536050685944,0.511240979279155,64
4,13,0.729993722543657,0.48871610982586,64
2,13,0.769011399112983,0.671319904567416,64
3,13,0.711352853462335,-0.00701010907386455,64
5,13,0.679152930922419,0.656475924000289,64
1,14,0.88100930649454,0.87035975223356,64
4,14,0.739121307966227,0.55713842752625,64
2,14,0.764233298435055,0.805285380419342,64
3,14,0.688667157340707,0.606646517421813,64
5,14,0.688145797479451,0.76994074425409,64
1,15,0.882698228457102,0.834351173363067,64
4,15,0.723150294485515,0.75104587150816,64
2,15,0.773395587838506,0.760719022429001,64
3,15,0.718876456758246,0.394214019140688,64
5,15,0.682968958016479,0.221686290064909,64
1,1,0.901565542947914,0.952962275591805,65
4,1,0.857845905188192,0.473549769074129,65
2,1,0.781771024083762,0.279875017769181,65
3,1,0.773376124152509,0.815672453958755,65
5,1,0.795781698924124,0.573375096724195,65
1,2,0.910767371634062,0.788427575728558,65
4,2,0.803056020860337,0.399983890198296,65
2,2,0.844162735021776,-0.0152344687452607,65
3,2,0.796479706396231,0.72107483585569,65
5,2,0.7901805422722,0.27199021074271,65
1,3,0.905844915044071,0.925392284863693,65
4,3,0.828673123452325,0.627238068991996,65
2,3,0.802073840439426,0.784561024829629,65
3,3,0.789791661694649,0.41725234325665,65
5,3,0.794667752557294,0.44178896652495,65
1,4,0.907734577011506,0.853153227282448,65
4,4,0.869419194620738,0.483431146328059,65
2,4,0.769262775701234,0.683043999350101,65
3,4,0.79754903981958,0.66184489465695,65
5,4,0.802599645303781,0.467326650012536,65
1,5,0.914011039807849,0.637662737511355,65
4,5,0.797433896788155,0.322843683977758,65
2,5,0.83728368762078,0.800373731175341,65
3,5,0.798781431040116,0.23729307280562,65
5,5,0.795047155579192,0.196168411290399,65
1,6,0.906085019768331,0.887590335697028,65
4,6,0.840425354287486,0.73901483654747,65
2,6,0.791435582347557,0.675112622739195,65
3,6,0.7774727601566,0.657480803933764,65
5,6,0.804475435365767,0.606044843246829,65
1,7,0.90757930908022,0.827615827326437,65
4,7,0.798892982413413,0.531845135043515,65
2,7,0.827572582227366,0.706446322055611,65
3,7,0.803779536659284,0.418620445845525,65
5,7,0.78736546227888,0.454691956070689,65
1,8,0.906616548074964,0.85394096067395,65
4,8,0.821482298845072,0.716892037836743,65
2,8,0.804941890558743,0.542025871794011,65
3,8,0.793909276068001,0.488122836929637,65
5,8,0.792446842780392,-0.028849426636671,65
1,9,0.904530097669844,0.932320568807415,65
4,9,0.836016619238732,0.696981115629125,65
2,9,0.790784370706959,0.799700939244759,65
3,9,0.785398909712977,0.667538945300591,65
5,9,0.798634162449807,0.354709184233534,65
1,10,0.906625365390114,0.866706499601198,65
4,10,0.803244552480218,0.714414704936618,65
2,10,0.837153025565083,0.738994779257324,65
3,10,0.784699571218617,0.471873577250942,65
5,10,0.795118257732317,0.614632820092214,65
1,11,0.902282473079648,0.937445241219448,65
4,11,0.829975281343568,0.514655880521848,65
2,11,0.795852255513368,0.634014736119626,65
3,11,0.780730239307983,0.416529656775032,65
5,11,0.791389149096696,-0.241054237762005,65
1,12,0.902774621652121,0.95042459741053,65
4,12,0.842416676200146,0.653502129636504,65
2,12,0.783506346691958,0.539395356941763,65
3,12,0.795822729758792,0.567398161598499,65
5,12,0.788445109345691,0.265212371524378,65
1,13,0.906195967859819,0.909395416579381,65
4,13,0.828718983510775,0.607046743770277,65
2,13,0.806502768142147,0.729094319225438,65
3,13,0.79521758876929,0.373011968126941,65
5,13,0.795829343479096,0.0248721583793704,65
1,14,0.914071892419681,0.719010648552843,65
4,14,0.826730012498371,0.112866405825696,65
2,14,0.80513289044556,0.510442314246322,65
3,14,0.783543184251175,0.644810712471507,65
5,14,0.79517297821921,0.386872810154943,65
1,15,0.906637050368989,0.873305645147425,65
4,15,0.839790526924011,0.423620090976339,65
2,15,0.79019158212341,0.670699634178369,65
3,15,0.782435861553096,0.707818438035849,65
5,15,0.798392394241632,0.351062247885813,65
1,1,0.95322050033284,0.750068331424193,66
2,1,0.905814851447835,0.686082484723308,66
3,1,0.875275899561181,0.734037757086094,66
4,1,0.837966309181142,0.0739609377258469,66
5,1,0.8212252285297,0.358514002366519,66
1,2,0.947541972636177,0.859150600128204,66
2,2,0.906137074931196,0.425205535760628,66
3,2,0.872359951929273,0.770270222040454,66
4,2,0.823779470306786,0.791565314304734,66
5,2,0.813592988605436,0.431087621032982,66
1,3,0.947608398189725,0.914226833069942,66
2,3,0.910050223786845,0.724730384841041,66
3,3,0.870855253258549,0.706787529402864,66
4,3,0.837103808530148,0.576001619000108,66
5,3,0.811710345084353,0.554798560486298,66
1,4,0.948381152504994,0.86982421364608,66
2,4,0.90490361789864,0.293245732900112,66
3,4,0.87751968253877,0.497991555920991,66
4,4,0.850709081130937,0.0596071139755878,66
5,4,0.820640014953009,0.181202885261726,66
1,5,0.95097916417826,0.66126029659456,66
2,5,0.898633657448919,0.656053121809562,66
3,5,0.873676672443638,0.451057791327091,66
4,5,0.826700616770027,0.691802321603594,66
5,5,0.813020540792358,0.279190936242546,66
1,6,0.947086148805136,0.871219076473596,66
2,6,0.903487993190523,0.765578402519563,66
3,6,0.87474319406596,0.388695465152399,66
4,6,0.835647570775737,0.421029270352807,66
5,6,0.805685633954764,0.526182622971611,66
1,7,0.944834661890724,0.963886362415414,66
2,7,0.894620762057697,0.80941353775057,66
3,7,0.883188474731291,0.566884996210191,66
4,7,0.838018460330533,0.476064382444804,66
5,7,0.817990866295235,0.398585914076757,66
1,8,0.946430149040908,0.933152718909255,66
2,8,0.908608130743303,0.81315596567374,66
3,8,0.860686544261421,0.739364490712135,66
4,8,0.832201638782866,0.737707679104008,66
5,8,0.822934165042831,0.50238812622151,66
1,9,0.948658319065353,0.863612015310148,66
2,9,0.904287521830643,0.189529087519488,66
3,9,0.883850089260484,0.552057050841143,66
4,9,0.829316533290247,0.805006931695722,66
5,9,0.822946603429824,0.321832389704932,66
1,10,0.947727576756891,0.819042341340473,66
2,10,0.910760830338321,0.643646673527412,66
3,10,0.869480986480685,0.452976968882829,66
4,10,0.83409641303108,0.664269720231383,66
5,10,0.816779480944442,0.118192291147433,66
1,11,0.949520451471249,0.882572187707655,66
2,11,0.907843366531093,0.475334749487306,66
3,11,0.878130442854875,0.648717330900096,66
4,11,0.85264128158699,0.26091436121812,66
5,11,0.819468811032308,-0.135241450766947,66
1,12,0.947805712993467,0.882695111366614,66
2,12,0.902053227812697,0.814332610687552,66
3,12,0.865973029062979,0.563121209269396,66
4,12,0.841202825136674,0.399941923957593,66
5,12,0.819345644085101,0.257779174420242,66
1,13,0.947503374830297,0.91733481853051,66
2,13,0.914054105470762,0.436887197554966,66
3,13,0.856034938409689,0.776706428595619,66
4,13,0.844079786890014,0.431287765891767,66
5,13,0.823557978737582,0.359088498490966,66
1,14,0.947743365399149,0.913832654367077,66
2,14,0.906209282254566,0.814344329804077,66
3,14,0.871903727459589,0.553172926987949,66
4,14,0.84176304809261,0.43311496342776,66
5,14,0.808892059702744,0.0458225591581603,66
1,15,0.949121313610559,0.856182062376544,66
2,15,0.905694743209989,0.840270107581834,66
3,15,0.86750839285479,0.613877893015866,66
4,15,0.838666734409933,0.542188338219314,66
5,15,0.816793663186467,0.209090361662786,66
1,1,0.908932691990611,0.933486865180195,67
4,1,0.806980669481844,0.635566140223649,67
2,1,0.868211020664947,0.75266612457755,67
3,1,0.797335935706755,0.59057235274131,67
5,1,0.787767962593431,0.549356000650361,67
1,2,0.920875148194473,0.687477377618227,67
4,2,0.807622610086858,0.577207323632761,67
2,2,0.872935447676094,0.651542352983123,67
3,2,0.787724878939483,0.502275150179582,67
5,2,0.792406996231749,0.728163226125364,67
1,3,0.907241311196057,0.953196837668984,67
4,3,0.805836223607667,0.814109684250887,67
2,3,0.85873933036303,0.333320418549009,67
3,3,0.802992810508429,0.546427291846879,67
5,3,0.783271051132897,0.391599281009185,67
1,4,0.911297232120425,0.825630120010855,67
4,4,0.832855792995634,0.0665274739890217,67
2,4,0.846145917670617,0.828728463878512,67
3,4,0.791443011704096,0.603100719074484,67
5,4,0.795292967096472,0.0704342832305235,67
1,5,0.909041601748514,0.893123486758765,67
4,5,0.820463641545507,-0.259220241396351,67
2,5,0.865719679186571,0.890893369278513,67
3,5,0.787996614176321,0.739357185759035,67
5,5,0.770744011012366,0.497872108281537,67
1,6,0.902940951172322,0.955096517169992,67
4,6,0.808864162671684,0.650795230753976,67
2,6,0.86032030843737,0.599120469467112,67
3,6,0.794958753924997,0.379114689986376,67
5,6,0.779107122975853,0.120001219612726,67
1,7,0.915125391724032,0.782194075697111,67
4,7,0.805628625907864,0.626776531352158,67
2,7,0.870259609781169,0.656560437209841,67
3,7,0.80549511030793,0.269163060266266,67
5,7,0.784844968754768,0.435694172232125,67
1,8,0.91009339513089,0.923569454247071,67
4,8,0.819535637471724,0.582818954884133,67
2,8,0.852640216591888,0.907317941959885,67
3,8,0.791254373956742,0.509279412146297,67
5,8,0.778887002671367,0.445139091831168,67
1,9,0.908709105496619,0.895158706064986,67
4,9,0.808387992800057,0.693641726940417,67
2,9,0.862521221736472,0.676437296458087,67
3,9,0.78330742893694,0.790415171500315,67
5,9,0.779174966074919,0.740636323997828,67
1,10,0.912349300716531,0.790450689918698,67
4,10,0.802004396080017,0.510453478493378,67
2,10,0.87248575459375,0.63824262066151,67
3,10,0.786668079266537,0.699486977435433,67
5,10,0.801060540236425,-0.313149836101807,67
1,11,0.9053310116521,0.947495103837264,67
4,11,0.816215163765042,0.371655138892702,67
2,11,0.862364999731869,0.355204381797536,67
3,11,0.802004424513067,0.439512697587629,67
5,11,0.785759520772547,0.611996492482125,67
1,12,0.914736722174811,0.76323833060625,67
4,12,0.851613163595311,0.354107779960591,67
2,12,0.821551997848795,0.852402167166021,67
3,12,0.796258772389048,0.551698452699472,67
5,12,0.786664221858903,0.714326091708709,67
1,13,0.913592620368817,0.840185738956031,67
4,13,0.809635202500326,0.268328778956389,67
2,13,0.869479237715927,0.81546145513637,67
3,13,0.797037395580374,0.538961678097759,67
5,13,0.790555650646372,0.323784146246312,67
1,14,0.912122445094157,0.868528977595886,67
4,14,0.804633148233079,0.66116704427859,67
2,14,0.865721971276902,0.729206558056505,67
3,14,0.795264854541244,0.588081798648556,67
5,14,0.782737084489302,0.158452723304665,67
1,15,0.912528057500083,0.834238069803847,67
4,15,0.810645803563965,0.548728817334759,67
2,15,0.866194273599604,0.642336143228199,67
3,15,0.800610189710047,0.522532665966466,67
5,15,0.783227746934529,0.647633818040006,67
1,1,0.92041588114611,0.742172414434177,68
4,1,0.826322157214521,0.29360034513371,68
2,1,0.859208728985354,0.38201550534468,68
3,1,0.815099118818716,0.210303371990259,68
5,1,0.803131851970435,0.466500640839365,68
1,2,0.913849456550532,0.917300842114112,68
4,2,0.829633733956072,0.627874386039038,68
2,2,0.828032904628902,0.828519041867345,68
3,2,0.782235490095225,0.869986778507924,68
5,2,0.788748518629127,0.447075354700791,68
1,3,0.913228473303801,0.913848093481991,68
4,3,0.855137476600405,0.700663124524411,68
2,3,0.803487483185555,0.50090307866167,68
3,3,0.802982563130685,0.122069156612676,68
5,3,0.781809705510221,0.584189845331804,68
1,4,0.913540022644689,0.941718216481383,68
4,4,0.854336380347537,0.575022739381838,68
2,4,0.817507387690963,0.610978907838219,68
3,4,0.78358541029425,0.46205068296728,68
5,4,0.795953459134401,0.0773402208062766,68
1,5,0.915976478444145,0.848407007558894,68
4,5,0.822301180481204,0.731330342158524,68
2,5,0.83804096311782,0.857508512877554,68
3,5,0.78539373456955,0.259260092719762,68
5,5,0.798977534574148,0.315725328730106,68
1,6,0.918482444451981,0.801291001771042,68
4,6,0.835430693358218,0.329474232780465,68
2,6,0.831066612615838,0.621668192559073,68
3,6,0.78826494839867,0.351137286978944,68
5,6,0.777079672435459,0.51432627568101,68
1,7,0.914196502764959,0.887482819356138,68
4,7,0.860687437056743,0.35593496401071,68
2,7,0.8074589240265,0.852193880442133,68
3,7,0.77319701091339,0.755745300948064,68
5,7,0.793431995946968,0.331224206537239,68
1,8,0.913160321144961,0.913305814177121,68
4,8,0.817821111808756,0.738198437496316,68
2,8,0.83729969624512,0.632093560969604,68
3,8,0.788018801800932,0.567833398726783,68
5,8,0.775895547338292,0.385536140765729,68
1,9,0.913591226870677,0.92202089470185,68
4,9,0.849370693945495,0.0372691680569863,68
2,9,0.820508311567676,0.727788895509719,68
3,9,0.779001336312456,0.83920305649418,68
5,9,0.787150537066297,0.273585318671163,68
1,10,0.926371476532379,0.64404183133969,68
4,10,0.839153900606748,0.714030585197704,68
2,10,0.822613380633954,0.789338255626612,68
3,10,0.784669406806075,0.359031174038312,68
5,10,0.772558501068487,0.759603241364092,68
1,11,0.916566666700644,0.848618779823597,68
4,11,0.856646580389683,0.418905415880284,68
2,11,0.810169244229532,0.678670872922871,68
3,11,0.783782859436673,0.745477040308269,68
5,11,0.797369067905673,0.187090369047932,68
1,12,0.914597565034679,0.855454199784132,68
4,12,0.852536012701429,0.804513419906059,68
2,12,0.821703992620369,0.307719730428197,68
3,12,0.782574283915339,0.668879322199485,68
5,12,0.786346287985561,0.41524423683381,68
1,13,0.912401844515664,0.890478202573159,68
4,13,0.851806328002399,0.585447620225555,68
2,13,0.814592349539129,0.494947480524054,68
3,13,0.797138167544412,0.517016632683357,68
5,13,0.777690354237672,0.53746201459489,68
1,14,0.919300625895543,0.780904410000668,68
4,14,0.85917231469332,0.333192355718039,68
2,14,0.812619673979446,0.791431351805887,68
3,14,0.781457175491723,0.874347477225995,68
5,14,0.793062614430266,0.629576117776478,68
1,15,0.915372964314223,0.917906911432173,68
4,15,0.85176676632674,0.407627995774259,68
2,15,0.835010554341589,0.589363451120021,68
3,15,0.784641687218719,0.604167321701356,68
5,15,0.788946758181286,0.633627642355001,68
1,1,0.904453905635301,0.857526684852187,69
2,1,0.87135030143685,0.188739639689271,69
4,1,0.787933694993658,0.613057647688305,69
3,1,0.799228860922027,0.697108363186457,69
5,1,0.781498370510582,0.164340235244552,69
1,2,0.904876308186387,0.839558114922383,69
2,2,0.860339472377262,0.736778635419317,69
4,2,0.78951915026441,0.321920448342011,69
3,2,0.814366988880718,0.594917113378464,69
5,2,0.781388373843119,0.452537307643136,69
1,3,0.909447073214983,0.77569657449024,69
2,3,0.869619196877799,0.431340693177956,69
4,3,0.791556904685835,0.418642752746101,69
3,3,0.804341202171371,0.440551396420449,69
5,3,0.792019493560624,0.582248254044802,69
1,4,0.901167093825254,0.89758851825733,69
2,4,0.859277376422377,0.845736623597458,69
4,4,0.787782690080035,0.584054143601899,69
3,4,0.806353936027827,0.318744455340867,69
5,4,0.783908808655651,-0.071183217893938,69
1,5,0.908836608458016,0.769305549006566,69
2,5,0.872531243852068,0.521442756180792,69
4,5,0.79042035916743,0.634138291535957,69
3,5,0.799010880842686,0.772829048639933,69
5,5,0.778901028811224,0.62478753590975,69
1,6,0.900593346479686,0.859331783582392,69
2,6,0.875931824608682,0.271152523611093,69
4,6,0.786563902937074,0.72895047824507,69
3,6,0.784213668352342,0.835169836080096,69
5,6,0.785739277998369,0.116413468251908,69
1,7,0.90675101293732,0.807377868328999,69
2,7,0.858160784559565,0.799202647672652,69
4,7,0.785780144682622,0.644256539431702,69
3,7,0.805212548523651,0.531093277715514,69
5,7,0.791932395508798,0.509925983774081,69
1,8,0.905034902813035,0.888607634493521,69
2,8,0.859885134557603,0.476760159643392,69
4,8,0.790322881485919,0.799540280204385,69
3,8,0.801885242077811,0.421796883411391,69
5,8,0.795515412575283,0.323288948524759,69
1,9,0.901654447451701,0.887767626408981,69
2,9,0.862132488764659,0.32114356738736,69
4,9,0.799319010431968,0.484468625198924,69
3,9,0.795582563751214,0.579580911681054,69
5,9,0.776571079875374,0.713657798835691,69
1,10,0.9038763775226,0.846399472789187,69
2,10,0.865951471266475,0.871460841366644,69
4,10,0.786080772046914,0.321452859275874,69
3,10,0.795336376495067,0.810365839251898,69
5,10,0.796101782519603,-0.108148073188908,69
1,11,0.899389544971717,0.969078210503548,69
2,11,0.867973924345662,0.844987143296721,69
4,11,0.780529937227701,0.698961891586813,69
3,11,0.802397149458321,0.512554025140942,69
5,11,0.777842586265471,0.32053348270903,69
1,12,0.903638239217044,0.866618736002634,69
2,12,0.865911575642528,0.602495100442801,69
4,12,0.803661474437092,-0.373768038146098,69
3,12,0.805329422933543,0.738505796607836,69
5,12,0.783557782697788,0.331035311425806,69
1,13,0.906634151952022,0.73878150809887,69
2,13,0.854676650078754,0.639920051385369,69
4,13,0.806332847280405,0.593658017297854,69
3,13,0.804426979063428,0.711227533344153,69
5,13,0.783327116175406,0.502489216277369,69
1,14,0.902368800100271,0.83671596857587,69
2,14,0.873633740048399,0.78341647516499,69
4,14,0.779038667421601,0.818338961414559,69
3,14,0.818252813473263,-0.0584479254326509,69
5,14,0.789420589851739,-0.0424612607377168,69
1,15,0.899909992479753,0.871561503312536,69
2,15,0.871412545020915,0.485687200815862,69
4,15,0.784622048178726,0.368059185192071,69
3,15,0.804965659233556,0.609670524699928,69
5,15,0.790452573747367,0.46725470225554,69
1,1,0.896798591718458,0.745801989258004,70
4,1,0.71492836690611,0.538409393961859,70
2,1,0.748018219629733,0.691586627325985,70
3,1,0.737060168575289,0.659024264213477,70
5,1,0.722153293992303,0.278746914350223,70
1,2,0.89001259428842,0.937091188643757,70
4,2,0.69290814794769,0.674944660458775,70
2,2,0.757965272960811,0.681952608779079,70
3,2,0.736995971917033,0.726448321664432,70
5,2,0.716707728411822,0.65575674714254,70
1,3,0.891395626386197,0.936338027463553,70
4,3,0.681769295304951,0.720984370595699,70
2,3,0.792762115760226,0.710338529904166,70
3,3,0.738562044243659,0.444674585589565,70
5,3,0.715926503240607,0.379768232796798,70
1,4,0.893585907011901,0.851373110027361,70
4,4,0.711325856524306,0.589364702086586,70
2,4,0.760948332582742,0.410469377144307,70
3,4,0.735201990193325,0.282758241294134,70
5,4,0.717013817974726,0.392770112258883,70
1,5,0.891158066365653,0.90191380998391,70
4,5,0.698977843870721,0.512801812857794,70
2,5,0.779207018614352,0.795022541777789,70
3,5,0.730654276740579,0.519718933976966,70
5,5,0.695595981663748,0.348709338034101,70
1,6,0.891752611315837,0.909654375751828,70
4,6,0.724455295886391,0.186075932309123,70
2,6,0.747166237650191,0.905464644843164,70
3,6,0.725309527819541,0.683794863789404,70
5,6,0.709721975312837,0.44035424888422,70
1,7,0.891781358559965,0.906118757310947,70
4,7,0.714886507853405,0.565530287977374,70
2,7,0.747763781596607,0.534814245540183,70
3,7,0.728127435273896,0.627797126896676,70
5,7,0.712833064505708,0.644660371721737,70
1,8,0.89713111677064,0.80382372202209,70
4,8,0.699070112237543,0.623745344720743,70
2,8,0.768003852320092,0.418532214203512,70
3,8,0.736800315256973,0.677598031215563,70
5,8,0.70586838154983,0.696998492527564,70
1,9,0.891724630072465,0.883500110061043,70
4,9,0.722771886363736,0.402790422509334,70
2,9,0.747518888143653,0.752259795960659,70
3,9,0.728537331029683,0.579195959809561,70
5,9,0.710223910959806,0.591073440347691,70
1,10,0.895247270585917,0.840928049677867,70
4,10,0.704965557903955,0.790016068078588,70
2,10,0.746276792417199,0.598293437638177,70
3,10,0.751429435227133,0.0406464930315217,70
5,10,0.70939415743544,0.378374943806443,70
1,11,0.885796920303948,0.97773142780595,70
4,11,0.697469158654751,0.566900377609916,70
2,11,0.760596735344534,0.817608875233893,70
3,11,0.750047922688768,0.557318585441246,70
5,11,0.7094373356922,0.431183700164873,70
1,12,0.90118841538924,0.765414225928923,70
4,12,0.684587603964445,0.670556994759636,70
2,12,0.782163127601318,0.205362803587706,70
3,12,0.74109247667263,0.548902134213833,70
5,12,0.72228785313504,0.386478479649068,70
1,13,0.890646215265629,0.938754228765033,70
4,13,0.705319828328463,0.127945731745107,70
2,13,0.756132700617804,0.668712791303535,70
3,13,0.742861755922423,0.730476357925387,70
5,13,0.719325327300152,0.364391609859262,70
1,14,0.895285622480429,0.833216373672939,70
4,14,0.697981809772808,0.265643140226302,70
2,14,0.775406434000549,0.380401304999439,70
3,14,0.737623369825017,0.297764584874661,70
5,14,0.713993359960478,0.133346325725606,70
1,15,0.896484660617338,0.845544281643088,70
4,15,0.70885562053844,0.152818492488965,70
2,15,0.776232595436634,0.560992800145662,70
3,15,0.733981553763391,0.691049987164212,70
5,15,0.726892948202966,0.281682045070561,70
1,1,0.909996405018331,0.876902176052833,71
2,1,0.846879607676656,0.479064681809393,71
3,1,0.811700311578851,0.585074049403818,71
4,1,0.820135188587254,0.534082715525275,71
5,1,0.771470118882666,0.51579061427362,71
1,2,0.907068269987771,0.945617774251257,71
2,2,0.844995536568615,0.657106807011126,71
3,2,0.808207506467104,0.686468668470892,71
4,2,0.811696345856913,0.623604854404803,71
5,2,0.766349202927606,0.655934563403864,71
1,3,0.913030121013519,0.774400198108751,71
2,3,0.844431382343915,0.703741727313979,71
3,3,0.807780341756789,0.768328627738354,71
4,3,0.813682639133855,0.628220648544216,71
5,3,0.781604502860186,0.0637802667355305,71
1,4,0.909407099035013,0.915733209469993,71
2,4,0.85359625939582,0.798919776141841,71
3,4,0.793241731522946,0.662836611821808,71
4,4,0.825264439184355,0.397135179201927,71
5,4,0.745134751458478,-0.102757758555774,71
1,5,0.915022846103876,0.823503855464124,71
2,5,0.849740219595651,0.377172292125268,71
3,5,0.811132487133015,0.477708362309801,71
4,5,0.822172639012365,0.765949793680034,71
5,5,0.773289562995747,0.676814411879358,71
1,6,0.908931232108615,0.950974004976914,71
2,6,0.8539845131328,0.626055950695538,71
3,6,0.800524258220901,0.691561101707011,71
4,6,0.829845016698231,0.410894298789459,71
5,6,0.765839743285502,0.505548052821636,71
1,7,0.908946357943138,0.851228897262492,71
2,7,0.82811299472758,0.64127616179595,71
3,7,0.817456252723005,0.557936552518153,71
4,7,0.804165211612242,0.618854018904706,71
5,7,0.783821991676599,0.573480865732771,71
1,8,0.90913570150793,0.8838021291158,71
2,8,0.845900251558666,0.630020104333087,71
3,8,0.793699414321189,0.750733239340251,71
4,8,0.816569725366059,0.64371935324473,71
5,8,0.774652052467447,0.15389063762538,71
1,9,0.914475265965164,0.750780697205876,71
2,9,0.840601918372195,0.818683180697601,71
3,9,0.814995683027492,0.362727212450467,71
4,9,0.838281217031783,-0.266363959267041,71
5,9,0.764514244715434,0.557166106682258,71
1,10,0.913703697255456,0.759730039713762,71
2,10,0.84430827701643,0.727089420470899,71
3,10,0.809201332320671,0.707418861758357,71
4,10,0.79204144562234,0.679050766369672,71
5,10,0.801581498432604,0.517237504967855,71
1,11,0.905504968068705,0.93578641231312,71
2,11,0.833924570981959,0.868108147327566,71
3,11,0.804539397165273,0.617099603817518,71
4,11,0.814277790663222,0.751450754565559,71
5,11,0.775457216968251,0.202484076900062,71
1,12,0.910142520253994,0.883521160314372,71
2,12,0.827547434184131,0.670514424095529,71
3,12,0.824424080795867,0.571391224410799,71
4,12,0.808208683339818,0.454283710972503,71
5,12,0.789916668927286,0.383940797101151,71
1,13,0.91324728219292,0.742779532191598,71
2,13,0.848324661379698,0.628023635980028,71
3,13,0.810060228967728,0.741640505937242,71
4,13,0.82152563348807,0.588371369123648,71
5,13,0.763361767267245,0.502116573495722,71
1,14,0.913517890525851,0.780549021759947,71
2,14,0.845253395316964,0.761750039801339,71
3,14,0.8123608441938,0.54005086955947,71
4,14,0.834583219069872,0.146213810825375,71
5,14,0.768797375799729,0.369014654420541,71
1,15,0.911147747223546,0.879593644184247,71
2,15,0.847047690079834,0.503253278043024,71
3,15,0.806955044842101,0.502741211408036,71
4,15,0.81728446807737,0.600661071967677,71
5,15,0.786611398460412,0.193482999871744,71
1,1,0.913009376367381,0.658505089323952,72
2,1,0.857219836414107,0.700838357804757,72
3,1,0.819703953379945,0.733084503046726,72
4,1,0.794363915061958,0.762564664382257,72
5,1,0.804566612092241,0.549825250275528,72
1,2,0.898368516567564,0.925961923938804,72
2,2,0.861325788392446,0.801882711109203,72
3,2,0.801739708192927,0.554532918217841,72
4,2,0.801436399926579,0.669848769000224,72
5,2,0.794262849455294,0.666631438994599,72
1,3,0.904905199574387,0.77908940649127,72
2,3,0.870449750770807,0.580978171409703,72
3,3,0.813493509088553,0.718570963714598,72
4,3,0.815614306867357,0.439107266554399,72
5,3,0.80320940343769,0.695851329161595,72
1,4,0.907969560362331,0.78775778494723,72
2,4,0.869633431396095,0.805315034351362,72
3,4,0.816172582041509,0.750819898966234,72
4,4,0.799666833740651,0.425723191874331,72
5,4,0.804214417239501,0.349126356204776,72
1,5,0.906943681153033,0.743537565085668,72
2,5,0.874180104652016,0.628735579907302,72
3,5,0.809738056938065,0.415992081448038,72
4,5,0.806788711309031,0.526941763909308,72
5,5,0.816175308773593,0.486123816053697,72
1,6,0.89937027044623,0.906994735816181,72
2,6,0.864284246918815,0.532225794107624,72
3,6,0.821280940432406,0.518581224766186,72
4,6,0.799712800993206,0.72208487941832,72
5,6,0.801370333444827,0.198836996315241,72
1,7,0.904341157620666,0.810698396267638,72
2,7,0.86200205847206,0.587038332049497,72
3,7,0.820024582860907,0.231252328137078,72
4,7,0.81377731916065,0.641595837252679,72
5,7,0.812580984261711,0.194856491847893,72
1,8,0.902003634866786,0.918165834532081,72
2,8,0.865868052111256,0.621000749939522,72
3,8,0.796875920070999,0.797418263349354,72
4,8,0.809466855205976,0.579592044757015,72
5,8,0.806578466929475,0.604134510606363,72
1,9,0.899808821271518,0.919589253719188,72
2,9,0.858404244658246,0.583144480848923,72
3,9,0.814585720110048,0.786078440295619,72
4,9,0.791878886034109,0.819425927115099,72
5,9,0.811496041521861,0.192173330376408,72
1,10,0.899569956157512,0.926316482376602,72
2,10,0.864726627580027,0.767974003006402,72
3,10,0.809700473280188,0.630632326593298,72
4,10,0.803292442792745,0.800836104868957,72
5,10,0.804610101797437,0.850453286223913,72
1,11,0.898431972055433,0.938532550220893,72
2,11,0.868766207824645,0.657793607673207,72
3,11,0.807885948395757,0.558090857345993,72
4,11,0.814072511130755,0.0451384325832151,72
5,11,0.799590762491198,0.619408984730032,72
1,12,0.903247399527499,0.829723867586653,72
2,12,0.863821579054282,0.658252346163227,72
3,12,0.808761871440539,0.666479427760904,72
4,12,0.81250189094555,0.608707033812862,72
5,12,0.80326738077573,0.265064542246946,72
1,13,0.897903615044554,0.921846373320868,72
2,13,0.867169129320408,0.652193284057464,72
3,13,0.815952152199053,0.661583757216804,72
4,13,0.802985430875591,0.638164251970802,72
5,13,0.802949033643266,0.316796230105439,72
1,14,0.903557614020015,0.828989228681712,72
2,14,0.863824611212268,0.85718549542121,72
3,14,0.818944621717009,0.20451844694565,72
4,14,0.822480227864021,0.521247784866679,72
5,14,0.803382890490272,0.473383562435774,72
1,15,0.899995493480861,0.845632922950849,72
2,15,0.875109509220422,-0.0135155975876089,72
3,15,0.804590781600677,0.829771733952456,72
4,15,0.808237781695746,0.560667442468563,72
5,15,0.793191489051518,0.213970468879471,72
1,1,0.912102151860175,0.916463973462987,73
2,1,0.854093418239573,0.821905626894275,73
4,1,0.829076974844161,0.0648022998939168,73
3,1,0.796034247360228,0.760848858208943,73
5,1,0.777872168012502,0.351892980581642,73
1,2,0.910721922508227,0.891723371981947,73
2,2,0.865222319839453,0.746849407285832,73
4,2,0.803229634250397,0.59649522492041,73
3,2,0.789874243423618,0.554446471881994,73
5,2,0.780481679327009,0.125063235848656,73
1,3,0.912137153565125,0.86765230429136,73
2,3,0.85337345936611,0.471572695110664,73
4,3,0.807879835713492,0.760504235171107,73
3,3,0.792555420159732,0.351689999592691,73
5,3,0.785973573306337,0.44221417458259,73
1,4,0.913119566635402,0.842591619431722,73
2,4,0.849513177534202,0.671021359335229,73
4,4,0.819058701414437,0.533056860008568,73
3,4,0.79451614486166,0.598621630087985,73
5,4,0.770732031355018,0.109081745948874,73
1,5,0.915176923431731,0.786341102574017,73
2,5,0.851661548232611,0.626380275819595,73
4,5,0.819354573368739,0.794160878957411,73
3,5,0.800150935766158,0.360994568113183,73
5,5,0.791944662603887,0.194018730036651,73
1,6,0.911606092802485,0.879669371088451,73
2,6,0.853161723593136,0.345845748352286,73
4,6,0.828684408252288,0.480954721016908,73
3,6,0.80324239428731,0.60953084886581,73
5,6,0.77021982335769,0.304464456356133,73
1,7,0.914620070946467,0.868950019646016,73
2,7,0.852212904471022,0.428084289579385,73
4,7,0.81422651463475,0.766876271737285,73
3,7,0.796302477150102,0.572853101123041,73
5,7,0.76343660684146,0.572767180789809,73
1,8,0.913284103583895,0.907220558006106,73
2,8,0.849324717825907,0.887285316942962,73
4,8,0.816130650603174,0.37460446872063,73
3,8,0.7765317283532,0.810349807668474,73
5,8,0.76496011159663,-0.0343666427974583,73
1,9,0.912832123133405,0.860873240174804,73
2,9,0.848537225426586,0.432522994633188,73
4,9,0.826202001892615,0.663138126707152,73
3,9,0.791631553658097,0.647851651325207,73
5,9,0.757527736363191,0.613396568235159,73
1,10,0.908880436941545,0.946432715447357,73
2,10,0.857126287701757,0.695900887843811,73
4,10,0.81584383823954,0.623850206017251,73
3,10,0.80150985407512,0.613673588063709,73
5,10,0.767119385583554,0.221013058442965,73
1,11,0.910882653488999,0.894001590948409,73
2,11,0.839264157761009,0.321527277989991,73
4,11,0.847067485584057,0.470227732585114,73
3,11,0.797142419839882,0.41884755513214,73
5,11,0.756659346310233,-0.466027858132411,73
1,12,0.918748550034946,0.740789705902168,73
2,12,0.86460973271812,0.47377268291057,73
4,12,0.815749754654177,-0.0709321741270071,73
3,12,0.794225857745411,0.482942272788813,73
5,12,0.761086504656411,0.324203986090087,73
1,13,0.911991806249182,0.864647927256827,73
2,13,0.827537032834972,0.853621114493908,73
4,13,0.828582247563806,0.694303701673395,73
3,13,0.794123427598378,0.599943863824146,73
5,13,0.767552683313153,0.749600688655492,73
1,14,0.913010867961337,0.883729786282079,73
2,14,0.858169267191406,0.523719837095348,73
4,14,0.806640982716192,0.795611884538733,73
3,14,0.792632716084159,0.556095127854782,73
5,14,0.766137818378791,0.757927645116064,73
1,15,0.912922818038299,0.874614794389609,73
2,15,0.835879332635401,0.828385897003287,73
4,15,0.838161015985257,0.728025941546791,73
3,15,0.794225632055213,0.545370642456269,73
5,15,0.759098820598344,0.132109663563658,73
1,1,0.933309290734595,0.918898946605435,74
3,1,0.903276694875001,0.45602930360443,74
4,1,0.848075678144715,0.294855407004945,74
2,1,0.830236152094774,0.633077676635227,74
5,1,0.825324764120541,0.343094599235754,74
1,2,0.937690739538662,0.853209472252255,74
3,2,0.894426686494839,0.799770883567051,74
4,2,0.852490798771727,0.475577164261847,74
2,2,0.825187736253772,0.673004768752634,74
5,2,0.82739164117256,0.06151047238596,74
1,3,0.940156823116555,0.703488717202058,74
3,3,0.904143124886065,0.41981644343995,74
4,3,0.845620160568456,0.484569353401933,74
2,3,0.84374029162359,0.621825015860069,74
5,3,0.84322873781846,0.315462705695421,74
1,4,0.937803291252511,0.800063687174788,74
3,4,0.899102801027109,0.747245844056327,74
4,4,0.859466830001861,0.316940485085848,74
2,4,0.836739832806635,0.750109579382904,74
5,4,0.838879098646383,0.341777676214924,74
1,5,0.94001583546708,0.682787687295836,74
3,5,0.903831726696799,0.578180271043455,74
4,5,0.857335425037699,0.271764240557662,74
2,5,0.841985862148236,0.42400325816291,74
5,5,0.845989488115716,-0.0863499768108193,74
1,6,0.933804528507564,0.934280295246023,74
3,6,0.898809358966459,0.833110902261783,74
4,6,0.842847292262314,0.535593187597766,74
2,6,0.822406468969307,0.831764652338568,74
5,6,0.829610223269039,0.352251844844638,74
1,7,0.934903061793954,0.896481120656091,74
3,7,0.90295786600088,0.564365955846445,74
4,7,0.843364308341608,0.535946650823939,74
2,7,0.829881528447578,0.826584580212421,74
5,7,0.836994899557458,0.5049156432597,74
1,8,0.936923624276967,0.820324192259605,74
3,8,0.910910576607199,0.273360148917311,74
4,8,0.842944264998032,0.707787189402944,74
2,8,0.822159820590519,0.725596812830102,74
5,8,0.832461540127818,0.685178870950598,74
1,9,0.933910171787037,0.923191244790678,74
3,9,0.900582092471498,0.529764895669495,74
4,9,0.844488537800303,0.780529153748002,74
2,9,0.836468624312034,0.506160239241684,74
5,9,0.828773601352514,0.822273489371618,74
1,10,0.935156818257439,0.876497789707253,74
3,10,0.904503604327251,0.463778131244311,74
4,10,0.850148601679133,0.45596180120896,74
2,10,0.844285616359128,0.18128379494762,74
5,10,0.842889417724054,0.288641976399049,74
1,11,0.93420399312924,0.895869171242086,74
3,11,0.901528091827736,0.576300543456368,74
4,11,0.855761500072755,0.239090002116777,74
2,11,0.843712818618154,0.333048288933073,74
5,11,0.82941343092994,0.510904486425136,74
1,12,0.935528450055734,0.874602939307132,74
3,12,0.897389789284491,0.730180531853498,74
4,12,0.843045914484682,0.116355575804418,74
2,12,0.829160919902724,0.520487413999077,74
5,12,0.827989269241717,0.398242622477932,74
1,13,0.932988445863633,0.840417357757199,74
3,13,0.889998760513813,0.79110470962653,74
4,13,0.843428213131068,0.166435087342756,74
2,13,0.829544193438922,0.764984506368139,74
5,13,0.836604965290087,0.495875926351394,74
1,14,0.933992452337155,0.856004488863684,74
3,14,0.900990238585488,0.715907465219856,74
4,14,0.847017580631374,0.717609488215491,74
2,14,0.830842535149224,0.596372411375107,74
5,14,0.830289503594887,0.428458614848758,74
1,15,0.936825652840975,0.782818480048081,74
3,15,0.901438516644744,0.383725385355414,74
4,15,0.852910679449715,-0.0174501794961847,74
2,15,0.839818990395561,0.667045740518837,74
5,15,0.827279120541964,0.147141800506164,74
1,1,0.91525667031863,0.865353549538707,75
4,1,0.825922164909809,0.0443772194753921,75
2,1,0.803608601659273,0.566402611428438,75
3,1,0.79261863726636,0.624213288501897,75
5,1,0.775358177106455,0.47462791792654,75
1,2,0.913310441847358,0.927386872404776,75
4,2,0.776418299348604,0.55646613823014,75
2,2,0.840796202108592,0.807937227879258,75
3,2,0.790222010403786,0.712658242607951,75
5,2,0.757469782502457,0.66406016999348,75
1,3,0.919416933215443,0.762895271962622,75
4,3,0.775695917302247,0.412918994181927,75
2,3,0.845621333595954,0.791493581910404,75
3,3,0.797100811835992,0.0569889122416184,75
5,3,0.780461368934089,0.373473308213053,75
1,4,0.920813434243582,0.743262378096327,75
4,4,0.789747753126157,0.0510565554751191,75
2,4,0.851670973521896,0.850501797527178,75
3,4,0.802844186088465,0.40445515193055,75
5,4,0.756745608181028,0.470950880096402,75
1,5,0.914321884090941,0.939168176325296,75
4,5,0.818166618598736,0.519721225584724,75
2,5,0.803851393209433,0.71697128290385,75
3,5,0.79811837482063,0.399925413928486,75
5,5,0.767459366860793,0.26262685389765,75
1,6,0.917080814606517,0.799137467962384,75
4,6,0.835085422016712,0.390255899635122,75
2,6,0.776330346326244,0.593470953320738,75
3,6,0.807755186619206,0.568051093794975,75
5,6,0.782063862376544,-0.204266399310114,75
1,7,0.913351534653892,0.921917709652942,75
4,7,0.808669447538434,0.535127714011,75
2,7,0.817884824524762,0.663040526372257,75
3,7,0.797602386802727,0.614676879894146,75
5,7,0.75900962619601,0.302381342956945,75
1,8,0.917707569981137,0.80404940454576,75
4,8,0.846971371455203,0.632614881499933,75
2,8,0.77557248918506,0.787739389554003,75
3,8,0.812605845628748,0.557902969724806,75
5,8,0.760864077791173,-0.0137131488740973,75
1,9,0.928110431173555,0.381202279423423,75
4,9,0.848653455106012,0.671370987448511,75
2,9,0.775073409932473,0.63806309615709,75
3,9,0.796411826295908,0.674256997367633,75
5,9,0.783368930532788,0.352637503014778,75
1,10,0.912205484447162,0.960366988137226,75
4,10,0.782731282069035,0.599979462476961,75
2,10,0.830700900139795,0.890917596590759,75
3,10,0.79313516518047,0.699089238988769,75
5,10,0.767735240104114,0.669163541720701,75
1,11,0.916164575696866,0.869285510495304,75
4,11,0.852331488670924,0.411951351059237,75
2,11,0.787513690152521,0.409502774418259,75
3,11,0.789652228329911,0.749196260622978,75
5,11,0.770053971061973,0.102952974666135,75
1,12,0.916166369678154,0.897106482695436,75
4,12,0.783476656739643,0.547555942416341,75
2,12,0.851645163072159,0.715155689711026,75
3,12,0.794656325072158,0.813539374652184,75
5,12,0.765686084862923,0.763063561294817,75
1,13,0.914972381543628,0.924471003328199,75
4,13,0.797232146921475,0.31891836547108,75
2,13,0.81518785949839,0.731674790391807,75
3,13,0.794010484726514,0.824217368536776,75
5,13,0.778128862039515,0.415502053823199,75
1,14,0.920409809972921,0.780467251135691,75
4,14,0.841007919296255,0.0756231414199611,75
2,14,0.787149842928811,0.534554433466634,75
3,14,0.815943721153559,0.204461774144103,75
5,14,0.774798978965712,0.437854681174167,75
1,15,0.91537487124472,0.879503870932412,75
4,15,0.853432477709455,0.584472218275494,75
2,15,0.776997828752469,0.210082859167943,75
3,15,0.801466286229908,0.702136031744976,75
5,15,0.765824560113653,0.492542004960006,75
1,1,0.936290118730158,0.870194171223961,76
4,1,0.885014677436672,0.363314885852151,76
2,1,0.874891649689936,0.467837024582019,76
5,1,0.842999669814308,0.215744218618734,76
3,1,0.838398842631336,0.39741552983101,76
1,2,0.938122571319769,0.847273557876198,76
4,2,0.887133150880117,0.531206606670391,76
2,2,0.869000266861888,0.665295449484245,76
5,2,0.839960840449433,0.532451538111061,76
3,2,0.834207199904251,0.633781902810151,76
1,3,0.938128962820435,0.83135338213189,76
4,3,0.882018374077813,0.726992491320118,76
2,3,0.876556096166575,0.547277541970281,76
5,3,0.8435573188132,0.171242570297578,76
3,3,0.829159941055965,0.495381763015662,76
1,4,0.941051260513825,0.559978488170401,76
4,4,0.891508066498016,0.361236603317193,76
2,4,0.879322747297471,0.600191793635344,76
5,4,0.842569291373777,0.211657318794556,76
3,4,0.834650986618998,0.72034383645642,76
1,5,0.933504415643422,0.906658674489246,76
4,5,0.878366608816238,0.668760712170893,76
2,5,0.880983230384285,0.71702414707528,76
5,5,0.838600988227455,0.549169972225436,76
3,5,0.836992732889573,0.581038307926597,76
1,6,0.935826277803949,0.859710822037555,76
4,6,0.88015422579626,0.538222739426355,76
2,6,0.879658907506474,0.518905191571045,76
5,6,0.836530137407656,0.548793866049994,76
3,6,0.839515080977342,0.643291549168433,76
1,7,0.936755931809338,0.912139518786215,76
4,7,0.870256259000547,0.736913286738891,76
2,7,0.881488010134791,0.495998455964528,76
5,7,0.835107310699844,0.411802820661681,76
3,7,0.836202266229329,0.369380812442461,76
1,8,0.937055422294918,0.897007594511989,76
4,8,0.883574758818992,-0.00117998774550691,76
2,8,0.87494454548497,0.666544470083086,76
5,8,0.854229606598197,-0.161691039288111,76
3,8,0.838129399462808,0.560081418671684,76
1,9,0.935904597807418,0.933272886220453,76
4,9,0.89101013676965,0.552838377316268,76
2,9,0.86523217218646,0.74251125602275,76
5,9,0.847098645645751,0.294609577419655,76
3,9,0.846438862386828,0.336015032983719,76
1,10,0.940375281133229,0.706574140672033,76
4,10,0.864707398984231,0.672636436458691,76
2,10,0.882876615569293,0.747063538422768,76
5,10,0.845042632412474,-0.176068400994629,76
3,10,0.842749734319813,0.650480996670715,76
1,11,0.932418039150518,0.917120204962169,76
4,11,0.877056352210484,0.480655425379719,76
2,11,0.871273673411094,0.708351670793954,76
5,11,0.839141283165972,0.335595405055972,76
3,11,0.829660221961335,0.895656178143763,76
1,12,0.936548244084602,0.899020044257083,76
4,12,0.882204966011218,0.698229332643964,76
2,12,0.871278652469232,0.596263112263409,76
5,12,0.84079269783082,0.407170566165808,76
3,12,0.830098395420481,0.592955684556998,76
1,13,0.940256045607721,0.719253423386415,76
4,13,0.863970185392953,0.560638709454417,76
2,13,0.886081123005457,0.758339663146931,76
5,13,0.864593343331113,0.316632975387421,76
3,13,0.85097687158008,0.252980416935896,76
1,14,0.93504549429301,0.770625957946601,76
4,14,0.893578993810546,0.555295053411355,76
2,14,0.875266497729742,0.510167597255103,76
5,14,0.836078571791913,0.271877536821905,76
3,14,0.837226241817219,0.501389299243923,76
1,15,0.9338883985937,0.955559150391422,76
4,15,0.880478108073817,0.740072499925746,76
2,15,0.871321077743188,0.672192676694281,76
5,15,0.835488085141912,0.617268685522155,76
3,15,0.835945045540326,0.706085390176418,76
1,1,0.917499028357165,0.844432271390867,77
2,1,0.855919444867158,0.77666062890692,77
3,1,0.777403189557576,0.671224851013807,77
4,1,0.775069412806749,0.585499847987427,77
5,1,0.775269540599581,0.51757934110144,77
1,2,0.91521944563119,0.880879769850562,77
2,2,0.856618055520677,0.614325107699576,77
3,2,0.777412636982521,0.652295246632169,77
4,2,0.772845356804866,0.670581105025769,77
5,2,0.760948001748361,0.623240676549392,77
1,3,0.920971856806927,0.753763616033044,77
2,3,0.830751069555524,0.573029193995085,77
3,3,0.792846170983813,0.738435373465584,77
4,3,0.786267558009111,0.491549974682179,77
5,3,0.751895875553907,0.633448323800867,77
1,4,0.909278340891618,0.951850095348156,77
2,4,0.843191794477704,0.57607900655303,77
3,4,0.780259228834756,0.769431254263693,77
4,4,0.772338659075916,0.589587145344165,77
5,4,0.756996010569531,0.616377274645978,77
1,5,0.917230520744885,0.774274167130748,77
2,5,0.842735602148106,0.802158311639214,77
3,5,0.783993962838485,0.386075760766423,77
4,5,0.783196421730938,0.750888905720565,77
5,5,0.754144308485993,0.724273521048611,77
1,6,0.919027664087631,0.772463056601911,77
2,6,0.837723163181395,0.52270694594535,77
3,6,0.798389903487859,0.515366749073588,77
4,6,0.78895447559951,0.346332243581363,77
5,6,0.755762587269474,0.460540266563018,77
1,7,0.912382590763124,0.928881530674883,77
2,7,0.812055276390399,0.632528130247077,77
3,7,0.815311728321513,0.698285894121175,77
4,7,0.77657009290441,0.577939367588067,77
5,7,0.763838826077067,0.523675089519577,77
1,8,0.914466499045109,0.889627116353716,77
2,8,0.846453195931799,0.708960233499439,77
3,8,0.774763643978385,0.630166409738651,77
4,8,0.773606160769947,0.671924961677205,77
5,8,0.746165112477534,0.755184119421694,77
1,9,0.915078325540054,0.834147200036289,77
2,9,0.853580201267569,0.768492497558607,77
3,9,0.780377228632822,0.490683116752908,77
4,9,0.784126340073445,0.297389540869263,77
5,9,0.758483366957307,0.354822168425183,77
1,10,0.914537513097214,0.859984006534846,77
2,10,0.85336265346422,0.703106673568507,77
3,10,0.785071669392107,0.808298248078816,77
4,10,0.779567163507139,0.455535351106841,77
5,10,0.760141677065263,0.570963305889107,77
1,11,0.910860947185616,0.931793065420588,77
2,11,0.836593904857656,0.156198989978917,77
3,11,0.784379685437884,0.859835370894069,77
4,11,0.778951164423934,0.445848287780518,77
5,11,0.754753820406648,0.115578321502483,77
1,12,0.91629618132966,0.760527081895553,77
2,12,0.838208262864962,0.479592284165286,77
3,12,0.79502588387695,0.508505784356641,77
4,12,0.785069856632706,0.42724029677148,77
5,12,0.757832440164397,0.608420378048606,77
1,13,0.914119655660177,0.847766073476879,77
2,13,0.843063005368926,0.32875162512861,77
3,13,0.815520691742044,0.231918187775049,77
4,13,0.780196293547197,0.273313481291776,77
5,13,0.771594967997153,-0.277939371063473,77
1,14,0.913214702864068,0.910539203802671,77
2,14,0.851467144683863,0.700321479438382,77
3,14,0.784346314234975,0.614442620381372,77
4,14,0.791564608381305,0.269497291933706,77
5,14,0.75685125387243,0.321785171888766,77
1,15,0.911312462182043,0.931403493377058,77
2,15,0.857399225071759,0.416837298728868,77
3,15,0.790319315410702,0.0807064293754714,77
4,15,0.786761712147318,0.518183160596816,77
5,15,0.756173498006554,0.358418433079271,77
1,1,0.903114639572769,0.948888847974745,78
3,1,0.859936673703606,0.483745136218599,78
2,1,0.782473591431219,0.740003544101809,78
4,1,0.775363932894905,0.549640637938245,78
5,1,0.778138984028786,0.695196207032294,78
1,2,0.904697786241618,0.938793832419889,78
3,2,0.857182726273722,0.428206017059966,78
2,2,0.780790060444452,0.736451039945125,78
4,2,0.76755646509002,0.545321136611631,78
5,2,0.797198515719473,0.330686972649158,78
1,3,0.912662746973696,0.727342355725174,78
3,3,0.843649083640304,0.58253109277622,78
2,3,0.793338522193608,0.681731721505221,78
4,3,0.784568009241388,0.405436779069363,78
5,3,0.792415731310973,0.635981721463872,78
1,4,0.907159130819039,0.876708864469701,78
3,4,0.801856334038158,0.475622740935534,78
2,4,0.832808650243082,0.895366200154995,78
4,4,0.767168387807147,0.589833522115441,78
5,4,0.789279794840612,0.584268986976113,78
1,5,0.911040352188775,0.766997893085077,78
3,5,0.843521639732325,0.343277385403438,78
2,5,0.807784573838104,0.525820962950904,78
4,5,0.775237452525312,0.259421549288826,78
5,5,0.77701618867083,0.542661952336236,78
1,6,0.907646480469613,0.897758772439824,78
3,6,0.853822022700013,0.796525818086893,78
2,6,0.790930937346497,0.689444672896317,78
4,6,0.763263705234619,0.667374898066023,78
5,6,0.792834848482589,0.430183409987149,78
1,7,0.918491786567686,0.495698356181895,78
3,7,0.857744704208378,0.638177626413918,78
2,7,0.796069631228516,0.295299533856486,78
4,7,0.760958781205652,0.782759629534383,78
5,7,0.78165411079033,0.309613389241669,78
1,8,0.904995739059254,0.919425952578473,78
3,8,0.855686123097033,0.509323428271424,78
2,8,0.785562586413186,0.72229225226514,78
4,8,0.781306872514782,0.227525083261219,78
5,8,0.800980168521299,0.391191514043386,78
1,9,0.905120066929364,0.900746743421377,78
3,9,0.85590432159601,0.401727099028936,78
2,9,0.783448750618075,0.719562265554359,78
4,9,0.774851541300306,0.652153336312583,78
5,9,0.800093363379176,0.649968709177167,78
1,10,0.904407496084971,0.93864788616685,78
3,10,0.860878481237443,0.570196447565416,78
2,10,0.778893887853277,0.685995336395045,78
4,10,0.77718027275075,0.409829914174586,78
5,10,0.783803578437777,0.423441448211866,78
1,11,0.906438761992625,0.889525635823275,78
3,11,0.827268254292171,0.439653327891875,78
2,11,0.805134532344798,0.799033089656316,78
4,11,0.775881079007104,0.63578908901105,78
5,11,0.803260624109114,0.202485790046985,78
1,12,0.906286902087983,0.90126049536642,78
3,12,0.825759361486869,0.679539981855678,78
2,12,0.801811646348224,0.421042050587335,78
4,12,0.779770194924582,0.111637724652584,78
5,12,0.79821412570339,0.322712803884264,78
1,13,0.903659373597767,0.943061529112682,78
3,13,0.849490226735937,0.732511337055443,78
2,13,0.777710793492719,0.797455139630662,78
4,13,0.78018718380538,0.434252851018667,78
5,13,0.79484960777388,0.260383552731969,78
1,14,0.913598272389803,0.789030922635714,78
3,14,0.830298336786971,0.430974750605326,78
2,14,0.818737250809653,0.458691136642432,78
4,14,0.788853486684632,0.655038254901738,78
5,14,0.784802750345739,0.552487162700786,78
1,15,0.90719710442766,0.848663324565241,78
3,15,0.841496072224462,0.62936737599134,78
2,15,0.789764108365045,0.589582053284239,78
4,15,0.789520149614195,0.534907440728623,78
5,15,0.798473842519794,0.726798346320891,78
1,1,0.877086533450642,0.883018047581396,79
4,1,0.692155955509004,0.267756351273724,79
2,1,0.798441377468184,0.77987245084489,79
3,1,0.747732606927784,0.675880112369861,79
5,1,0.723860636126543,0.620297047508878,79
1,2,0.877803114087025,0.894773302933323,79
4,2,0.678942117260335,0.645013710349657,79
2,2,0.801043364321975,0.666865346792855,79
3,2,0.764659997072639,0.404854532699789,79
5,2,0.725178804209924,0.25560280984497,79
1,3,0.886639109664578,0.813292556483927,79
4,3,0.703163007797273,0.643866705661621,79
2,3,0.776193367671439,0.720702877476963,79
3,3,0.764846246100142,0.771470088643064,79
5,3,0.721228143018108,0.0235189863795963,79
1,4,0.877386108281224,0.911316897445362,79
4,4,0.727971296334629,0.371020749721244,79
2,4,0.725998001213644,0.435626086733614,79
3,4,0.76329159650983,0.490881366638372,79
5,4,0.715031241018751,0.467586509281825,79
1,5,0.881755445875239,0.882507275328003,79
4,5,0.689447951607051,0.562521349860773,79
2,5,0.780905125918481,0.717853941554684,79
3,5,0.773020264042845,0.338646914413354,79
5,5,0.725765165078715,0.45819336715883,79
1,6,0.879416105086256,0.864362414260916,79
4,6,0.688960335304097,0.517499383821659,79
2,6,0.799138030505278,0.525112779685333,79
3,6,0.752126396783,0.680375698251256,79
5,6,0.724513999778373,0.483834694989466,79
1,7,0.879121464783608,0.917057640314753,79
4,7,0.677711960314306,0.502336279757483,79
2,7,0.789534308766727,0.610490219171241,79
3,7,0.764513610472194,0.82046729677106,79
5,7,0.746556696525981,0.225873407375612,79
1,8,0.885248800750936,0.630797104280929,79
4,8,0.710217564854636,0.582173074086606,79
2,8,0.747223620759274,0.774657473743858,79
3,8,0.761468985607572,0.623149498368264,79
5,8,0.724207106858788,0.247386840224834,79
1,9,0.884465840571079,0.784060373618795,79
4,9,0.696399017716418,0.46829286895421,79
2,9,0.764972549262586,0.850843340698536,79
3,9,0.755241874304328,0.63332468803791,79
5,9,0.73150415463918,-0.200497906572696,79
1,10,0.873498077907672,0.919922151980311,79
4,10,0.68554431834194,0.399739281702032,79
2,10,0.790707458594923,0.680728220887399,79
3,10,0.759171460689867,0.745789322860984,79
5,10,0.727791092712609,0.286012810236111,79
1,11,0.879555763423139,0.886885482144904,79
4,11,0.725154812376976,0.694915790573496,79
2,11,0.723823827367951,0.679263135928358,79
3,11,0.755048420157835,0.8035214173394,79
5,11,0.72831292827134,0.522609145085798,79
1,12,0.875067021147969,0.925543920057909,79
4,12,0.703424554626086,0.387480336272266,79
2,12,0.769719135269026,0.626415764855422,79
3,12,0.754241636260541,0.773548464847807,79
5,12,0.732142678339981,0.52220839078808,79
1,13,0.875594050072113,0.917336561426027,79
4,13,0.67303475972584,0.67465508201303,79
2,13,0.801969686013393,0.505415971388115,79
3,13,0.751956487465655,0.689182985682359,79
5,13,0.710383013298883,0.432762955305972,79
1,14,0.879057440630061,0.843532979415572,79
4,14,0.695052821234273,0.0749576047814725,79
2,14,0.779324672283232,0.370757031331119,79
3,14,0.771620202686549,0.603612392262867,79
5,14,0.723485916351176,0.405500964173948,79
1,15,0.895991154432621,0.550910622595795,79
4,15,0.688599712931117,0.488461164306806,79
2,15,0.794147737780391,0.612173179900675,79
3,15,0.771032006184665,-0.0619369787708365,79
5,15,0.709346166645435,0.633393626147982,79
1,1,0.908311249823654,0.82700898895642,80
3,1,0.842836730005813,0.522142220655563,80
4,1,0.769157053300204,0.398637498287749,80
5,1,0.80324966907873,0.104976766144812,80
2,1,0.774179356263526,0.822416821832088,80
1,2,0.902138093920444,0.949596131708715,80
3,2,0.833029905748922,0.736438501481664,80
4,2,0.795995252818542,0.478746726462606,80
5,2,0.792888222103919,0.355040449514727,80
2,2,0.766411253898455,0.452069884455494,80
1,3,0.910771156663823,0.813223844732545,80
3,3,0.845908319005624,0.130325000458187,80
4,3,0.775776515849938,0.690151604986622,80
5,3,0.791176878458892,-0.0135692887401148,80
2,3,0.780976323935421,0.790000867447667,80
1,4,0.90699932190352,0.874148166164781,80
3,4,0.843481966783123,0.426636883358946,80
4,4,0.79544466387328,0.612319916017952,80
5,4,0.791479299071601,-0.0685878740909856,80
2,4,0.750461653342595,0.708420807665147,80
1,5,0.908435757629934,0.817795079524593,80
3,5,0.847731595699427,0.604622933146447,80
4,5,0.783134627057697,0.810217733434856,80
5,5,0.7728133068279,0.642781477172535,80
2,5,0.780535964903754,0.706554051274386,80
1,6,0.907253767756593,0.870544054096809,80
3,6,0.843486067566686,0.155788007655947,80
4,6,0.788304734247601,0.393807833119386,80
5,6,0.787946212358454,0.190744306518956,80
2,6,0.782525916773077,0.586326905274517,80
1,7,0.909283374681567,0.794464448304878,80
3,7,0.830309973962626,0.763061460539532,80
4,7,0.796521844650529,0.411603888936456,80
5,7,0.796739708164261,0.0531783820726546,80
2,7,0.765749036707736,0.364884024646204,80
1,8,0.903287219040735,0.950277268003121,80
3,8,0.836447283558014,0.63508381027573,80
4,8,0.767990423669025,0.576428689982411,80
5,8,0.796438083592262,0.572176685806373,80
2,8,0.787463376017936,0.486240123556865,80
1,9,0.909004575018794,0.785652660503033,80
3,9,0.841320187633015,0.529140359255546,80
4,9,0.793263053068099,0.372745488241219,80
5,9,0.766902017982872,0.241734986745965,80
2,9,0.779800371376001,0.788289086900318,80
1,10,0.915776486008498,0.590347213419773,80
3,10,0.846028950310539,0.541916500274719,80
4,10,0.794552620356497,0.298019470343952,80
5,10,0.782341684335739,0.609422628201989,80
2,10,0.763096084470002,0.610348284363465,80
1,11,0.90364961391391,0.9287584847581,80
3,11,0.849397451377884,0.523885219130241,80
4,11,0.794643227859307,0.271081030592448,80
5,11,0.796301410667239,0.443917282642138,80
2,11,0.760681337763576,0.595323600717099,80
1,12,0.903108466104753,0.929384195178144,80
3,12,0.83965849527526,0.702664867101789,80
4,12,0.804050549008223,0.378467770770915,80
5,12,0.760134344293952,0.40295910180917,80
2,12,0.767640148779286,0.871528563027196,80
1,13,0.908759522062459,0.833742466280459,80
3,13,0.84059194716542,0.457322611045403,80
4,13,0.793062420909926,0.629292846440363,80
5,13,0.783084935678272,0.0554915124760507,80
2,13,0.777766996195546,0.631290270422944,80
1,14,0.910441222080967,0.760375314529528,80
3,14,0.84292211087247,0.773427470060535,80
4,14,0.793409936849795,0.662976610713008,80
5,14,0.765042366320343,0.399550916167649,80
2,14,0.792213245449409,0.566285303257007,80
1,15,0.904100923060554,0.941425391317555,80
3,15,0.8429881256479,0.523260162236365,80
4,15,0.783515433563602,0.796919507012336,80
5,15,0.779859149214864,0.414351655680181,80
2,15,0.778199498448394,0.806432327036192,80
1,1,0.913855450215586,0.89795835708631,81
2,1,0.838973520236998,0.53295866475159,81
4,1,0.829282386806423,0.260881180955251,81
3,1,0.81858105309005,0.772327301422009,81
5,1,0.805837482746207,0.686123615467085,81
1,2,0.914455026734642,0.897101168171481,81
2,2,0.84520206253377,0.596991761445706,81
4,2,0.830160647020775,0.598645149874626,81
3,2,0.831540708737346,0.172160316074702,81
5,2,0.801226060225198,0.63240327057231,81
1,3,0.914792815822242,0.885499930331766,81
2,3,0.847429094734293,0.565455150541022,81
4,3,0.842027138986621,0.414401448581687,81
3,3,0.814283044450871,0.6167283693545,81
5,3,0.791334581372804,0.257773641722771,81
1,4,0.918494824210607,0.748598626167698,81
2,4,0.854801078798762,0.377391514843224,81
4,4,0.81793180525827,0.562002426205729,81
3,4,0.810417190954607,0.686652298272911,81
5,4,0.797321904657931,0.534845828957801,81
1,5,0.912907949853574,0.91973526293772,81
2,5,0.850691032723767,0.146018294742058,81
4,5,0.823679466725382,0.560240947236588,81
3,5,0.808484547775584,0.692958290329321,81
5,5,0.806298781657306,0.516329583896116,81
1,6,0.921323336901097,0.683840906296527,81
2,6,0.831548078786525,0.825458432980565,81
4,6,0.827240889338391,0.78949072057959,81
3,6,0.820849697916694,0.489570691825312,81
5,6,0.804445800127009,0.198651486279943,81
1,7,0.915378866315784,0.869059891020149,81
2,7,0.832503977593488,0.809037757725541,81
4,7,0.837001673157988,0.528860969952583,81
3,7,0.820147498431232,0.600349922098132,81
5,7,0.802690234151355,0.246642304813965,81
1,8,0.914699991078138,0.792005214932447,81
2,8,0.835321277205509,0.722884559561241,81
4,8,0.840967622759847,0.558745490010471,81
3,8,0.81234150863443,0.797049668618841,81
5,8,0.802124520999067,0.663335735218998,81
1,9,0.911803447897026,0.938354957445762,81
2,9,0.804294175264526,0.811335993054561,81
4,9,0.846040412093495,0.833524792728452,81
3,9,0.814611577423982,0.791807653424031,81
5,9,0.80041549905587,0.611753255445639,81
1,10,0.922547716886952,0.642399846853057,81
2,10,0.851989927197186,0.517515204994515,81
4,10,0.821643166312734,0.731847710761888,81
3,10,0.818549380745069,0.550693451577878,81
5,10,0.79964277343401,0.543702740810178,81
1,11,0.912045271520192,0.902064691225345,81
2,11,0.844449009844751,0.565569831801108,81
4,11,0.808909321611633,0.746612342152782,81
3,11,0.814599711559197,0.772019018952579,81
5,11,0.799905623902231,0.300952377475704,81
1,12,0.91528495750952,0.88590499561877,81
2,12,0.841484950369791,0.674297036414866,81
4,12,0.833945694498183,0.301563362597708,81
3,12,0.824203994246789,0.441352835495654,81
5,12,0.804444625861822,0.629021833832775,81
1,13,0.914594665387393,0.886712370878021,81
2,13,0.841425733191384,0.703935963374386,81
4,13,0.820480418215515,0.503741601002226,81
3,13,0.818216384902688,0.814498299183937,81
5,13,0.805072701912493,0.658337660054679,81
1,14,0.909062641123972,0.971752794664563,81
2,14,0.843489642136414,0.769550956010599,81
4,14,0.82187770702793,0.584479156507838,81
3,14,0.820413389787187,0.336172712383067,81
5,14,0.807679137888332,0.727517675497198,81
1,15,0.913296099321009,0.90495999129524,81
2,15,0.84959749810394,0.459290118560395,81
4,15,0.822887195242884,0.559421319915168,81
3,15,0.813837042849013,0.390222799975558,81
5,15,0.811230198845511,0.323878903436237,81
1,1,0.911439965818059,0.857867359621143,82
3,1,0.841580103502822,0.599943822379631,82
2,1,0.819715911137365,0.660224625709248,82
5,1,0.772750019289727,0.510984701236912,82
4,1,0.795330547280414,0.188597870366857,82
1,2,0.915966551147795,0.834691565988415,82
3,2,0.860814306942736,0.496171108319186,82
2,2,0.793447186943523,0.391462430690299,82
5,2,0.799745134734079,0.182202348192641,82
4,2,0.765391396077589,0.599576854035763,82
1,3,0.908112452296352,0.908112260556683,82
3,3,0.83196883617718,0.682449684600525,82
2,3,0.822559511412805,0.804753323236115,82
5,3,0.765098268123031,0.358451280800473,82
4,3,0.778156595678799,0.762064153651948,82
1,4,0.910527312839585,0.912650166920624,82
3,4,0.815874684020999,0.226294898559134,82
2,4,0.866634525584694,0.810367776425063,82
5,4,0.779445497611255,0.500649952628084,82
4,4,0.75335645233261,0.575484393228097,82
1,5,0.912117999271947,0.86564428693136,82
3,5,0.858662913701754,0.830002275672471,82
2,5,0.800609033107181,0.532895851943267,82
5,5,0.780065868983034,0.459414463148397,82
4,5,0.758777833945721,0.599320534202802,82
1,6,0.911623461216458,0.854599221476643,82
3,6,0.856765023756461,0.330430588491334,82
2,6,0.805204007375053,0.688745668688072,82
5,6,0.777870886051436,0.338735674272213,82
4,6,0.770730592190822,0.384639718650922,82
1,7,0.915587803938238,0.820252365398822,82
3,7,0.858612578651825,0.701181329219698,82
2,7,0.805294441906816,0.591232460513833,82
5,7,0.772320846562855,0.458872160721864,82
4,7,0.774197553844045,0.659564021958783,82
1,8,0.916161769799457,0.766945068646685,82
3,8,0.869000262312549,0.473148842339927,82
2,8,0.795565595228061,0.606192316715367,82
5,8,0.775014541039361,0.581337331365277,82
4,8,0.76575849906056,0.673363561073535,82
1,9,0.918190305353269,0.713926152641854,82
3,9,0.86336594302367,0.622099253485786,82
2,9,0.780749167445689,0.691368564510006,82
5,9,0.777856697747615,0.123969758465822,82
4,9,0.776401694178491,0.347340196908938,82
1,10,0.913500693590795,0.89857951302702,82
3,10,0.854573304346538,0.717618292507729,82
2,10,0.80661738594054,0.769849771534439,82
5,10,0.77742280179569,0.67327539029884,82
4,10,0.761162125441695,0.351701965186538,82
1,11,0.908735155437437,0.941545498877512,82
3,11,0.843207595367445,0.600659451417243,82
2,11,0.807855756505718,0.808693671275296,82
5,11,0.762989921161887,0.271964770277711,82
4,11,0.765768723721769,0.350545992014214,82
1,12,0.917353062081584,0.78938361561716,82
3,12,0.85732061100124,0.619623843649128,82
2,12,0.79736047987128,0.583839505171105,82
5,12,0.747932915885617,0.410090020347873,82
4,12,0.795939806333791,-0.0521507311311014,82
1,13,0.909451925146389,0.911898755850922,82
3,13,0.857260975510797,0.527162116626486,82
2,13,0.802455922587635,0.714051802857347,82
5,13,0.758969860359421,0.435276136433449,82
4,13,0.773928506417011,0.594110388239627,82
1,14,0.912349660805735,0.908288057822018,82
3,14,0.873438960014835,0.19061704825421,82
2,14,0.785218113577298,0.711982702751492,82
5,14,0.770747508591578,0.479687230584146,82
4,14,0.774093936938738,0.253146048625009,82
1,15,0.911517973095212,0.845790878296883,82
3,15,0.852565979653163,0.509972414082035,82
2,15,0.805169644667113,0.672281289688734,82
5,15,0.77056150317093,0.720336044061692,82
4,15,0.772623576242606,0.286115180521694,82
1,1,0.884475989324748,0.834244579011701,83
3,1,0.802711297644052,0.488597185594032,83
2,1,0.766007540835055,0.533893443064646,83
4,1,0.73977242865306,0.20335331700839,83
5,1,0.770305395899367,0.153534667902072,83
1,2,0.892261690290854,0.639167601331948,83
3,2,0.767481174741585,0.341759610458896,83
2,2,0.827655234669745,0.434720443998999,83
4,2,0.754936376985914,0.26536270519185,83
5,2,0.778201607819297,0.28197013560975,83
1,3,0.890709488438605,0.725453322884765,83
3,3,0.756304074287199,0.764744341675406,83
2,3,0.792353746662755,0.825043535002618,83
4,3,0.744496154536534,0.33641701426008,83
5,3,0.769418089909896,0.635435198961035,83
1,4,0.891109728848826,0.760262361430413,83
3,4,0.779357781582176,0.676642504118544,83
2,4,0.776365786306511,0.336660057038251,83
4,4,0.750774828422972,0.286597911744571,83
5,4,0.762496482726561,0.319168839791331,83
1,5,0.884298364759008,0.855015603627925,83
3,5,0.824280082488943,0.544684843523163,83
2,5,0.757858328455577,0.248941442801196,83
4,5,0.742106764930234,0.561236860454666,83
5,5,0.781270649986008,0.316812381974746,83
1,6,0.881690486259625,0.872231210884725,83
3,6,0.78995184128658,0.613852073048421,83
2,6,0.767604921128802,0.817845728579405,83
4,6,0.739132453523534,0.361667468827953,83
5,6,0.756942710628028,0.645157427839867,83
1,7,0.876901596198879,0.947027324463401,83
3,7,0.781255011226233,0.693785952643506,83
2,7,0.768878966412596,0.414799836540079,83
4,7,0.737806626921291,0.236410790647247,83
5,7,0.766223121847877,0.524091489641314,83
1,8,0.880299374430675,0.900780022552397,83
3,8,0.784159679702346,0.78621177408591,83
2,8,0.769756071229589,0.691761484450642,83
4,8,0.747799854204629,0.649692446363001,83
5,8,0.759285576705558,-0.0270281027197009,83
1,9,0.882160251313232,0.908435848345536,83
3,9,0.80522418562134,0.501408745605637,83
2,9,0.749907922313716,0.8042560895776,83
4,9,0.732983585365976,0.435238587347461,83
5,9,0.770240209400919,-0.0467537853915749,83
1,10,0.875214334172477,0.949729528492561,83
3,10,0.798132658986447,0.155192877096935,83
2,10,0.767707671497854,0.62790749511803,83
4,10,0.726385417227689,0.807192587525346,83
5,10,0.774316817699689,0.547089293290684,83
1,11,0.887345059250034,0.714083199400345,83
3,11,0.770880187257661,0.654947948110598,83
2,11,0.779077212212161,0.729850569395787,83
4,11,0.708853391624865,0.801651286562071,83
5,11,0.775376045525175,0.303004091148778,83
1,12,0.883514273619063,0.890054004848164,83
3,12,0.778659479032497,0.505832002720722,83
2,12,0.779036439308607,0.551378730219265,83
4,12,0.744678311045565,0.40580928119849,83
5,12,0.774588414495771,0.176598833562804,83
1,13,0.885921428508545,0.875021450387677,83
3,13,0.789935051921532,0.521948724757033,83
2,13,0.774117366045094,0.482320299663449,83
4,13,0.731114994342358,0.759868563858989,83
5,13,0.78034641635804,0.412350153723727,83
1,14,0.885935925942494,0.85161979669363,83
3,14,0.793516562491688,0.557512117801438,83
2,14,0.767493935670751,0.588312673349187,83
4,14,0.737617430163581,0.490573680662388,83
5,14,0.772710767835299,0.390637048295129,83
1,15,0.883055652804851,0.897300256555801,83
3,15,0.807260540730435,0.915078235917289,83
2,15,0.745857492144119,0.694113445415307,83
4,15,0.725385468415113,0.428144811331209,83
5,15,0.75339369701252,0.659530232990017,83
1,1,0.939758332236984,0.780295740072184,84
2,1,0.907583503549028,0.577385682556668,84
3,1,0.85614532601081,0.061977254989817,84
4,1,0.845422621104208,0.646629611655081,84
5,1,0.833851037453847,0.458744981055386,84
1,2,0.940774179605028,0.863237867598171,84
2,2,0.902048772232451,0.833809976134642,84
3,2,0.839744355822098,0.752925069668878,84
4,2,0.85269303239608,0.0318204525054046,84
5,2,0.830580145062084,0.59554818088641,84
1,3,0.940156660430243,0.899695253909955,84
2,3,0.905857832755652,0.765730924400287,84
3,3,0.845410194787149,0.576824745947865,84
4,3,0.851077753323072,0.53415401643974,84
5,3,0.83492458006232,0.144353373884767,84
1,4,0.940976515129693,0.838505836205632,84
2,4,0.91170987647663,0.52229842732894,84
3,4,0.852016814485331,0.597653752160197,84
4,4,0.849255752703962,0.536321428179205,84
5,4,0.831673119470257,0.523530231107878,84
1,5,0.938115593880244,0.843142934542697,84
2,5,0.911117862755534,0.479457423495888,84
3,5,0.842039953886455,0.359238477074858,84
4,5,0.852599849075808,0.614451284078127,84
5,5,0.839341348879421,-0.109098731390858,84
1,6,0.940689658333675,0.757364453690044,84
2,6,0.908021717329356,0.644644152064639,84
3,6,0.847254707556904,0.591864412307346,84
4,6,0.848711548684066,0.631233824147593,84
5,6,0.847333744696409,0.361666417130321,84
1,7,0.938701244287285,0.872943443402321,84
2,7,0.914318853173848,0.433720992728167,84
3,7,0.850620579878964,0.612228607206009,84
4,7,0.851349464314648,0.264883123028821,84
5,7,0.827411146181178,0.562627956429111,84
1,8,0.940468347186086,0.795953437343447,84
2,8,0.914285750006341,0.58633041280904,84
3,8,0.835859292329262,0.795716654753154,84
4,8,0.852161068489719,0.547619023969689,84
5,8,0.830855593679404,0.512341658447939,84
1,9,0.936523740209631,0.922598329704969,84
2,9,0.903519544874327,0.597533352118397,84
3,9,0.845111543628683,0.318700266455788,84
4,9,0.851462235079308,0.412930655047865,84
5,9,0.823832910039828,0.144782923913266,84
1,10,0.944529431206606,0.553807851675271,84
2,10,0.900563643420461,0.849331765887366,84
3,10,0.846931602316245,0.481152055327303,84
4,10,0.842107948586366,0.758677836682594,84
5,10,0.83221674497426,-0.228946723005689,84
1,11,0.941807254590618,0.739684396600988,84
2,11,0.904032863498642,0.60610493346021,84
3,11,0.853518085007549,0.435014974831602,84
4,11,0.853354652475633,0.494347299100518,84
5,11,0.844712844149116,0.48402053485182,84
1,12,0.937204707233213,0.887248555477095,84
2,12,0.908845487954499,0.483110588970729,84
3,12,0.842740246256662,0.586792641016979,84
4,12,0.842405969020207,0.394386286002978,84
5,12,0.833908953188438,0.411376695080785,84
1,13,0.937030795404295,0.94681549137424,84
2,13,0.90721084313559,0.844122649822153,84
3,13,0.84556440481099,0.336982617565661,84
4,13,0.852739147354794,0.0702116043897382,84
5,13,0.834977190737923,0.2006795581785,84
1,14,0.939049638355444,0.909025504626735,84
2,14,0.908060517345689,0.556074223365176,84
3,14,0.85511743527682,0.469227268411754,84
4,14,0.852489809047015,0.537932809671168,84
5,14,0.821185232857259,0.662701634538808,84
1,15,0.935274946051167,0.98375558761939,84
2,15,0.911269630682891,-0.0583999107409709,84
3,15,0.844482063807924,0.787493597441672,84
4,15,0.848434035031408,0.734108616500189,84
5,15,0.839097221566278,0.226387816605419,84
1,1,0.881460411567398,0.942729680926713,85
4,1,0.780212525587569,0.745998779882547,85
2,1,0.688221045886718,0.779774998444512,85
3,1,0.725419206558363,0.689702397985786,85
5,1,0.717831907086397,0.22645464089418,85
1,2,0.900315250877329,0.483767633907828,85
4,2,0.755789751245648,0.555238067361906,85
2,2,0.722594215614037,0.561048097291316,85
3,2,0.720115913455687,0.568283207207309,85
5,2,0.6951781146184,0.421105733343374,85
1,3,0.882356282199232,0.924157903251496,85
4,3,0.698834552373725,0.366506738119299,85
2,3,0.782025345792087,0.789367788729327,85
3,3,0.719810351622585,0.350124471636384,85
5,3,0.70149935464154,0.536043902508896,85
1,4,0.89017343929437,0.806074972508506,85
4,4,0.754476864438208,-0.00848276926821482,85
2,4,0.754857222648856,0.641829457107465,85
3,4,0.739258765478214,0.28950482221648,85
5,4,0.697928251547706,0.43489498067144,85
1,5,0.888688836020739,0.865138381790489,85
4,5,0.734879487700475,0.673804941919059,85
2,5,0.7462482747347,0.823390425594036,85
3,5,0.721857346839734,0.51434402125532,85
5,5,0.685395461447295,0.539419582640045,85
1,6,0.880673987105487,0.936998906028869,85
4,6,0.709635040436062,0.543096270474088,85
2,6,0.767267651449369,0.804760460937256,85
3,6,0.721804151604446,0.521648928050511,85
5,6,0.697993168501702,0.495644880574475,85
1,7,0.896304504059597,0.804508044593821,85
4,7,0.771576495718825,0.657082262380698,85
2,7,0.706014058805117,0.595217419256868,85
3,7,0.713588007401204,0.210874390176488,85
5,7,0.721795926001729,0.253194622968056,85
1,8,0.884018358844718,0.909764198606589,85
4,8,0.705014620224196,0.67095347623613,85
2,8,0.7883158742399,0.530104673698716,85
3,8,0.727551673472928,0.764319110097796,85
5,8,0.70715373971174,0.356276666256372,85
1,9,0.885839688629806,0.915587694757031,85
4,9,0.741861925067232,0.300648606789307,85
2,9,0.740155805992784,0.6219869744142,85
3,9,0.723544206955851,0.634502722770017,85
5,9,0.721139288192661,0.441044442682497,85
1,10,0.88782338679589,0.897816967912853,85
4,10,0.73149248979406,0.438817163766684,85
2,10,0.75401383810416,0.768443586057293,85
3,10,0.723920939375202,0.644330434520658,85
5,10,0.698669500764298,0.612418259565725,85
1,11,0.887190722349745,0.901189188574028,85
4,11,0.768359809497569,0.194962715330375,85
2,11,0.711541712528216,0.782462498638695,85
3,11,0.727809492202411,0.757836351154188,85
5,11,0.710594887004552,0.613330356688503,85
1,12,0.885047211669786,0.845578778705826,85
4,12,0.751066134193666,0.303281373761086,85
2,12,0.745193045669734,0.104961164545917,85
3,12,0.729462019590378,0.556484317563531,85
5,12,0.717809620141249,0.381143484601198,85
1,13,0.892065123053924,0.850333564581924,85
4,13,0.788006697156545,0.428153721931495,85
2,13,0.701523766418129,0.775664202199183,85
3,13,0.737245138731809,0.546827094544203,85
5,13,0.691071130452402,0.489175966053542,85
1,14,0.889219452829908,0.876696995582362,85
4,14,0.786714712257455,0.67729960302332,85
2,14,0.690951866200487,0.675576160139636,85
3,14,0.72686918319536,0.279304181574213,85
5,14,0.702753177953547,0.537543965741933,85
1,15,0.894842141460999,0.575428547738267,85
4,15,0.751073841486133,0.770853188214547,85
2,15,0.711667794970301,0.704933127827463,85
3,15,0.731853570282731,0.476442901007202,85
5,15,0.715525113567356,0.305963141019155,85
1,1,0.930819894953888,0.907195945879434,86
2,1,0.905859080380179,0.578939379559217,86
4,1,0.843436244890667,0.720517098492249,86
3,1,0.856027606633992,0.71015536016265,86
5,1,0.851289319786144,0.229421248548558,86
1,2,0.934927319483861,0.600001910104768,86
2,2,0.900669190528359,0.716751868383845,86
4,2,0.845898464593952,0.667122063071529,86
3,2,0.861243633637699,0.719489955560029,86
5,2,0.847826039023734,0.449956603004353,86
1,3,0.931090813326275,0.871446980099129,86
2,3,0.904779110921743,0.755658613247044,86
4,3,0.852279590382166,0.358893872525482,86
3,3,0.859319110779423,0.643183034321354,86
5,3,0.840748479549814,0.150667725079634,86
1,4,0.932553280278933,0.855065875151648,86
2,4,0.902256959038095,0.680128799011438,86
4,4,0.846904354410953,0.63198824022107,86
3,4,0.861972585028549,0.427620540281276,86
5,4,0.845383013188809,0.501085203620175,86
1,5,0.932467879437643,0.919500013487395,86
2,5,0.903570444564599,0.560299558611715,86
4,5,0.8430748436094,0.461955344393288,86
3,5,0.861456117083766,0.665347425313803,86
5,5,0.844176047465675,0.620344345896882,86
1,6,0.935719354591948,0.779969661929078,86
2,6,0.902049998189843,0.550316308203778,86
4,6,0.835314357631716,0.313249047907612,86
3,6,0.864343454031937,0.266120818481578,86
5,6,0.830586419954249,0.732688546949422,86
1,7,0.93217784937621,0.90633907836852,86
2,7,0.904553354920162,0.617242890139943,86
4,7,0.840675478026554,0.70766388949261,86
3,7,0.864831810862452,0.496719262736082,86
5,7,0.840790303485733,0.272998846449887,86
1,8,0.930980010169575,0.893865108297878,86
2,8,0.901968460481749,0.702448923217719,86
4,8,0.84343915416386,0.567419527480804,86
3,8,0.862107614268469,0.318079463085328,86
5,8,0.847314618646111,0.580126890289331,86
1,9,0.938831812302635,0.404397471730426,86
2,9,0.913097983170632,0.7515285621482,86
4,9,0.865557646889108,0.0396306971291542,86
3,9,0.853370738459926,0.654653606584965,86
5,9,0.847769125621554,0.448814837668941,86
1,10,0.933761366585075,0.867500579028544,86
2,10,0.902456120109552,0.289910382245655,86
4,10,0.837634303480528,0.717476626521474,86
3,10,0.871257782706536,0.617819013848987,86
5,10,0.84160721382573,0.559700817890018,86
1,11,0.934440049986967,0.847479630029253,86
2,11,0.911294087116279,0.570171687256288,86
4,11,0.847358043945075,0.589218422149055,86
3,11,0.85719445612268,0.84769754597391,86
5,11,0.846615634757085,0.188682389572851,86
1,12,0.932811468156186,0.88746936879061,86
2,12,0.90224499356626,0.306548795110159,86
4,12,0.84350679617836,0.263533996121323,86
3,12,0.87909755961987,0.183166889747422,86
5,12,0.849039944729864,0.284152142170967,86
1,13,0.932537463251478,0.897795793466143,86
2,13,0.897389997815872,0.851052536632381,86
4,13,0.859562141321066,0.472298222854424,86
3,13,0.856842405445767,0.562833991692674,86
5,13,0.837762960260587,0.681894326833496,86
1,14,0.936628063538205,0.762776035494184,86
2,14,0.917374437669749,0.285087776421567,86
4,14,0.84440885094607,0.559300197509884,86
3,14,0.860362155274139,0.588812068214338,86
5,14,0.840598703603606,0.162829371509206,86
1,15,0.934665838287561,0.826719038794036,86
2,15,0.912400615660323,0.547614887999195,86
4,15,0.852081326670561,0.542910375869864,86
3,15,0.840296262324939,0.892685033193872,86
5,15,0.859907100572231,0.202274311532115,86
1,1,0.916590830097764,0.906611417843735,87
3,1,0.832884379240348,0.826650177563854,87
2,1,0.792661428623902,0.842544237386023,87
5,1,0.782215749700648,0.455167308535993,87
4,1,0.801480809218678,0.486375737085442,87
1,2,0.915515786651583,0.908340306873992,87
3,2,0.863121260500674,0.267553342965239,87
2,2,0.781209967677436,0.485144555250356,87
5,2,0.773665856020038,0.567077138625857,87
4,2,0.818657775026965,-0.13755579503649,87
1,3,0.91691167361329,0.91149321601413,87
3,3,0.86927640099608,0.280786986031628,87
2,3,0.778597885300793,0.418366653790161,87
5,3,0.756485186639739,0.614571048638964,87
4,3,0.822166257356875,0.773990593665527,87
1,4,0.918247163758096,0.875100666181689,87
3,4,0.824622768832947,0.154336538129767,87
2,4,0.81769863099244,0.705769878495152,87
5,4,0.76802961803611,0.381211153590637,87
4,4,0.818497720091419,0.528469753789397,87
1,5,0.917145971262399,0.917866176002654,87
3,5,0.844809977217965,0.754649680332192,87
2,5,0.771611988398312,0.725916939108146,87
5,5,0.793202467799738,0.489216094174185,87
4,5,0.787452965714289,0.597594865226938,87
1,6,0.924122514221837,0.789925976593984,87
3,6,0.821277849960441,0.632264336302926,87
2,6,0.809035058384386,0.678619414579404,87
5,6,0.776742741209574,0.0638366439987386,87
4,6,0.801499160099514,0.515024760673139,87
1,7,0.922329094696945,0.697246210319242,87
3,7,0.858515245842279,0.848872890994809,87
2,7,0.764844682984963,0.687286949697364,87
5,7,0.783946655452075,0.263144645916275,87
4,7,0.794490361551233,0.783713584260207,87
1,8,0.921348271652593,0.73602459735663,87
3,8,0.866807557909397,0.898383534072154,87
2,8,0.762564086182625,0.617738555098588,87
5,8,0.806565271488102,0.035555365759101,87
4,8,0.788065997199337,0.549430880941706,87
1,9,0.915457641521468,0.929245331188302,87
3,9,0.845466844371588,0.776944736289943,87
2,9,0.769852581041744,0.694900193717513,87
5,9,0.77102622653471,0.396261054702923,87
4,9,0.815416948777071,0.562202091775921,87
1,10,0.914849991937621,0.922687401697764,87
3,10,0.832500974243307,0.385208754178449,87
2,10,0.80945886691155,0.575580323304663,87
5,10,0.761180264889936,0.169650887685732,87
4,10,0.80144568066351,0.528147200008078,87
1,11,0.917040717163542,0.889822048823205,87
3,11,0.835205942850141,0.711829210622706,87
2,11,0.789274454327711,0.630134790042005,87
5,11,0.772161878225069,0.702559828335805,87
4,11,0.811428423241015,0.648711654934877,87
1,12,0.91811497174869,0.861149716395082,87
3,12,0.863045830003424,0.32160828388988,87
2,12,0.77488634457206,0.810604885009626,87
5,12,0.760006120104226,0.426399427395577,87
4,12,0.815741479095066,0.314570527890408,87
1,13,0.916006058837728,0.951142308748434,87
3,13,0.864992581763157,0.516608362462435,87
2,13,0.773687163842895,0.122807715488781,87
5,13,0.780156745446629,0.0821992952470289,87
4,13,0.812411506887347,0.371020143578084,87
1,14,0.924772928146819,0.364829577355606,87
3,14,0.852475583490917,0.518985487690544,87
2,14,0.803879117124057,0.508427494206019,87
5,14,0.780701695014898,0.332331085322801,87
4,14,0.829898426252979,0.425991531743329,87
1,15,0.919339235197947,0.884599775811158,87
3,15,0.862023605749339,0.420710221756394,87
2,15,0.766140224388761,0.828768059318744,87
5,15,0.772864178664019,0.521592221063716,87
4,15,0.813914925245729,0.65624827400724,87
1,1,0.88818213181497,0.875538013539955,88
4,1,0.701167422100572,0.503289428351572,88
2,1,0.749045704670354,0.826835460171776,88
3,1,0.750324954474864,0.402992452258723,88
5,1,0.708807842739817,0.370450268991599,88
1,2,0.891167040389314,0.789530092339051,88
4,2,0.696875288789666,0.371088691484997,88
2,2,0.774478158739661,0.673890387209318,88
3,2,0.748071410611002,0.180270336453076,88
5,2,0.725931677126381,0.327626583348291,88
1,3,0.891894864243655,0.799133129106327,88
4,3,0.701973815587138,0.592201458929005,88
2,3,0.766612378829822,0.794944503430891,88
3,3,0.722907668008541,0.848913573576884,88
5,3,0.710114836079928,0.523001799762916,88
1,4,0.893886983376192,0.784073379257175,88
4,4,0.694239237161303,0.520003568531731,88
2,4,0.773955446988064,0.696386616418119,88
3,4,0.745617678322141,0.650055083466206,88
5,4,0.68857609976156,0.48826004791648,88
1,5,0.885796041819562,0.893930801668205,88
4,5,0.697891239319301,0.398569533653715,88
2,5,0.777871050610744,0.732167189648391,88
3,5,0.741050734748628,0.369649857257948,88
5,5,0.714053080167179,0.107808708589795,88
1,6,0.902004888461881,0.630269403914173,88
4,6,0.69558150604461,0.215394295459079,88
2,6,0.777871549610109,0.333566451997613,88
3,6,0.751674527062273,0.236520284254327,88
5,6,0.710581548775438,0.124080601673654,88
1,7,0.893231525804834,0.837939728254013,88
4,7,0.693536526319086,0.515047939497817,88
2,7,0.788637151502349,-0.0609055053510889,88
3,7,0.745024571710063,0.641108673792879,88
5,7,0.711162018795019,0.0785160101527875,88
1,8,0.886529388685321,0.922631304100457,88
4,8,0.686909024402103,0.698079571541121,88
2,8,0.781270269889079,0.433714797840496,88
3,8,0.734703708753861,0.726089454057969,88
5,8,0.711174784125842,0.266417034516245,88
1,9,0.885403968680638,0.954533096934922,88
4,9,0.699151866096564,0.704070073326513,88
2,9,0.756170670082104,0.828322494787378,88
3,9,0.756861119737734,0.83349005153104,88
5,9,0.711382383240981,0.738158714787768,88
1,10,0.886231706580416,0.892622621261843,88
4,10,0.696222995213598,0.0738067393178641,88
2,10,0.776580304347367,0.824461902558888,88
3,10,0.731086046601153,0.640345898086509,88
5,10,0.719507382753232,0.178271705763504,88
1,11,0.888493950891296,0.876491811435231,88
4,11,0.694856859387123,-0.00184734064989445,88
2,11,0.780163288897227,0.793083459432104,88
3,11,0.747803393064114,0.238001083907229,88
5,11,0.723478765053327,0.413101206028809,88
1,12,0.888506456133968,0.886015806554536,88
4,12,0.708699432890159,0.643289954391356,88
2,12,0.770478976630205,0.630678134820568,88
3,12,0.747735156271928,0.569129139081183,88
5,12,0.711055624306205,0.29993151909032,88
1,13,0.889881517949902,0.862324180799254,88
4,13,0.70992497419636,0.290268608208192,88
2,13,0.775343424861929,0.675855317971541,88
3,13,0.76083751365035,0.0163713354036729,88
5,13,0.696321299796693,0.200021849091237,88
1,14,0.884104886510949,0.939527378408714,88
4,14,0.693009351654575,0.666268559913493,88
2,14,0.779617830693556,0.264187001154029,88
3,14,0.756176279858724,0.406255996300409,88
5,14,0.71404144123512,0.247411329488215,88
1,15,0.881971943285363,0.945604773304954,88
4,15,0.68415532447459,0.67779666595224,88
2,15,0.765691023056967,0.791765342982084,88
3,15,0.744247756977817,0.640502902437801,88
5,15,0.712262679236603,0.148918290252664,88
1,1,0.886871485477259,0.792022298903189,89
3,1,0.694931208683462,0.433833675091134,89
2,1,0.778851756350325,0.634196101286117,89
5,1,0.729850278298665,0.425412053329261,89
4,1,0.749203162354726,0.144293832724921,89
1,2,0.887616863417391,0.796905808365447,89
3,2,0.683065359084274,0.753867947786089,89
2,2,0.791107990576283,0.400292077519291,89
5,2,0.716992211604757,0.457614105408358,89
4,2,0.716490199753407,0.492266187358615,89
1,3,0.877625935485447,0.968645427540585,89
3,3,0.683684312182542,0.519675887344402,89
2,3,0.791078680404392,0.657210299588014,89
5,3,0.746888552099183,0.207011835854603,89
4,3,0.703166440644502,0.769860740832945,89
1,4,0.887124053282414,0.824414358411575,89
3,4,0.685752451087886,0.710317234527177,89
2,4,0.780004705745138,0.252469072107537,89
5,4,0.728165491972607,0.403199650838193,89
4,4,0.733885578292609,0.393479714616238,89
1,5,0.880741066701707,0.938028002308318,89
3,5,0.691383066181084,0.486482895327611,89
2,5,0.780752417284324,0.613465950817812,89
5,5,0.720251732835886,0.390007689279336,89
4,5,0.724349881024992,-0.165280169251856,89
1,6,0.882855419412022,0.891838759600948,89
3,6,0.686540342898622,0.494885047610168,89
2,6,0.781897455683256,0.899844310037321,89
5,6,0.746787420515574,-0.0010362652096665,89
4,6,0.713422523195083,0.310786352139145,89
1,7,0.883173849600467,0.860630605666895,89
3,7,0.706315944547519,0.332021684869623,89
2,7,0.743456171978516,0.760521604189512,89
5,7,0.722909173160929,0.411661464591144,89
4,7,0.717771981168582,0.666273353429692,89
1,8,0.883383731126839,0.895397463316543,89
3,8,0.70801968808267,0.297444033796803,89
2,8,0.770827645765501,0.56323804095087,89
5,8,0.734978332404613,0.467315143994917,89
4,8,0.736932546598112,0.533502570084394,89
1,9,0.890031711539056,0.805074569669575,89
3,9,0.685205170939005,0.69983871857761,89
2,9,0.785857453280657,0.632788136402901,89
5,9,0.721280159517247,0.768451062103533,89
4,9,0.716861063164272,0.536432808363979,89
1,10,0.889273327204906,0.85643935850745,89
3,10,0.687305926357243,0.519938120870042,89
2,10,0.785056876538138,0.736712851086657,89
5,10,0.736976557540536,0.54446918066632,89
4,10,0.70381708616608,0.687483065584336,89
1,11,0.880788569646672,0.909417507637166,89
3,11,0.695482553986148,0.157292555230111,89
2,11,0.784165210235707,0.562878144223024,89
5,11,0.721002662564889,0.387891124247618,89
4,11,0.704814470777887,0.217441770680642,89
1,12,0.889299548988542,0.83420222992605,89
3,12,0.690294905039922,0.537541131606381,89
2,12,0.782035556657762,0.582703992957003,89
5,12,0.72519803876858,-0.077421865220818,89
4,12,0.735946112534056,0.470534324689554,89
1,13,0.885374541716493,0.883616460138404,89
3,13,0.684197740880942,0.74456911431616,89
2,13,0.778295895777799,0.737368012278482,89
5,13,0.727592287767107,0.435068055676264,89
4,13,0.696366842154515,0.649832738550217,89
1,14,0.881078024991128,0.948123951953776,89
3,14,0.676586318577677,0.756111076337161,89
2,14,0.774835814764374,0.345402783219997,89
5,14,0.712333385554504,0.516494637170338,89
4,14,0.702936826137052,0.562012100350134,89
1,15,0.900873583564239,0.413203875330498,89
3,15,0.70599749239911,0.0544425645455284,89
2,15,0.769535423965015,0.61809131375877,89
5,15,0.724333249096753,0.627808072240893,89
4,15,0.724482162680254,0.752535132170583,89
1,1,0.943810786678247,0.814384630684905,90
2,1,0.921610030852336,0.796535171212118,90
3,1,0.870514500294152,0.434386695433534,90
4,1,0.837520834577805,0.704942669985038,90
5,1,0.857883346406922,0.207178250827254,90
1,2,0.937585302982421,0.838070426875298,90
2,2,0.922402587768369,0.687348071541122,90
3,2,0.87282780983056,0.69229444628775,90
4,2,0.838909904754427,0.673738596022366,90
5,2,0.845923222795614,0.486689037948575,90
1,3,0.943491299142632,0.726473300407907,90
2,3,0.919837355434872,0.467491339132438,90
3,3,0.86162606808958,0.50010224995731,90
4,3,0.857537578469715,0.365892965486669,90
5,3,0.866072978788614,0.146985202902394,90
1,4,0.940568725518844,0.848711580246723,90
2,4,0.917128144420787,0.49989372084548,90
3,4,0.864654340757641,0.794457008470807,90
4,4,0.841213345144579,0.73306589265639,90
5,4,0.857469630821734,0.00340971343885201,90
1,5,0.939776670768668,0.919282443971108,90
2,5,0.919414563040391,0.747412187313655,90
3,5,0.866063187209064,0.639262006035481,90
4,5,0.844820437137959,0.633343975587734,90
5,5,0.848741210553025,0.751250287664371,90
1,6,0.93997211767965,0.89648044540585,90
2,6,0.916286585817391,0.603298467739263,90
3,6,0.868145203586704,0.64315694429825,90
4,6,0.844191718409886,0.568865762629498,90
5,6,0.850004519777398,0.441862642703167,90
1,7,0.944415427184844,0.746385067025427,90
2,7,0.920245216639621,0.687640684033745,90
3,7,0.873814573902787,0.356965851196005,90
4,7,0.844240824750715,0.345409797434565,90
5,7,0.85779125817865,0.637288621826255,90
1,8,0.940282724294228,0.850531718858025,90
2,8,0.913351853510103,0.868773542597645,90
3,8,0.874504022633474,0.244043019337999,90
4,8,0.843819460987006,0.650977523212298,90
5,8,0.843012853009614,0.537936761675926,90
1,9,0.93966051461733,0.892098107162782,90
2,9,0.917313012201854,0.397874547991878,90
3,9,0.869426167512843,0.231735938104262,90
4,9,0.849562398453334,0.354931704199793,90
5,9,0.854404828996783,0.377787967963547,90
1,10,0.940876013860895,0.820111245601109,90
2,10,0.918635951401813,0.609432859316562,90
3,10,0.856776539953156,0.906646610178037,90
4,10,0.839463190859523,0.830277600651385,90
5,10,0.859048841897687,0.472621454527016,90
1,11,0.939078696326332,0.92206447787871,90
2,11,0.917694457262595,0.643422125239776,90
3,11,0.869280776275096,0.517713724989509,90
4,11,0.842276845937201,0.0843155190650301,90
5,11,0.862678318157699,0.224101675951989,90
1,12,0.943781176463556,0.735676045503821,90
2,12,0.917038917518152,0.735522791123518,90
3,12,0.86636407928086,0.313735660302218,90
4,12,0.841298980213826,0.492778488890093,90
5,12,0.857509157834258,0.413415063435305,90
1,13,0.934291544730503,0.988373707340275,90
2,13,0.916053577697397,0.656445812641464,90
3,13,0.873112346122829,0.679794572064779,90
4,13,0.837308300820898,0.575609659744197,90
5,13,0.851627556972348,0.464953717172225,90
1,14,0.939210997612982,0.901428669396698,90
2,14,0.912392397069047,0.899363092486365,90
3,14,0.867510695441041,0.714211194403566,90
4,14,0.833836231904696,0.338464796905611,90
5,14,0.852781251485409,0.47194984567914,90
1,15,0.938019358659002,0.908537405072687,90
2,15,0.915227441223514,0.783163767982715,90
3,15,0.862886842783163,0.427478290875007,90
4,15,0.847539276722495,0.393419358979515,90
5,15,0.845416268465204,0.628021182324091,90
1,1,0.911266987029792,0.860775714382763,91
3,1,0.852042755855327,-0.308564219424308,91
2,1,0.823065710364633,0.614278896870343,91
4,1,0.812479393123047,0.491203912606906,91
5,1,0.781893776701944,0.059210524407564,91
1,2,0.912293746072486,0.896840517003376,91
3,2,0.857845967264058,0.427152117410189,91
2,2,0.809123500967593,0.670999343663764,91
4,2,0.81106346015133,0.452661485520615,91
5,2,0.784868529286259,-0.16741229543669,91
1,3,0.9130386821334,0.794113182751437,91
3,3,0.858191857484707,0.546667186861818,91
2,3,0.816429388087584,0.690213444259986,91
4,3,0.797311032107564,0.850132167923648,91
5,3,0.762608178117408,0.590969765617112,91
1,4,0.911574039667213,0.909227048170588,91
3,4,0.866551343754486,0.719073254444862,91
2,4,0.800642606921087,0.630521963167605,91
4,4,0.804416380864492,0.78787983379867,91
5,4,0.785526829292276,0.512711337106025,91
1,5,0.910185511050439,0.920253198490994,91
3,5,0.858501263610166,0.677647501218617,91
2,5,0.812345499863209,0.585427723226107,91
4,5,0.818393730168135,0.252881340710221,91
5,5,0.786974186408554,0.255029810949996,91
1,6,0.915161169246702,0.767305119603709,91
3,6,0.860081730569571,0.514348200248358,91
2,6,0.803616567103441,0.693343620493553,91
4,6,0.787462948489057,0.883767873358488,91
5,6,0.778867811296141,0.393890047382322,91
1,7,0.913801743246038,0.825768492323493,91
3,7,0.860898459949195,0.864711040035334,91
2,7,0.79412138447882,0.45124102618229,91
4,7,0.802436821787365,0.332829059360627,91
5,7,0.778620851882621,0.170067520645465,91
1,8,0.909788853096048,0.891305967911012,91
3,8,0.867657946907056,0.604753665635879,91
2,8,0.800244534547445,0.355532773906325,91
4,8,0.796126272651631,0.730482185848842,91
5,8,0.782382051307893,0.508074651728348,91
1,9,0.909822227362069,0.853599428776691,91
3,9,0.831676911339388,0.53666814645803,91
2,9,0.841986052419246,0.641100024860523,91
4,9,0.808591881740413,0.390298720686797,91
5,9,0.787911664479699,0.408571734222805,91
1,10,0.924268529903367,0.523480023103871,91
3,10,0.848179127633422,0.660103439512886,91
2,10,0.813741260603611,0.614862278742056,91
4,10,0.810487669715629,0.448471049025126,91
5,10,0.771348882792025,0.351827736714124,91
1,11,0.912943035096694,0.715373279920053,91
3,11,0.848617419063136,0.501715154729672,91
2,11,0.812794060765716,0.31133663389584,91
4,11,0.811459269555533,0.424418272541478,91
5,11,0.786951549196229,0.215084861269407,91
1,12,0.910581990922983,0.918110235630352,91
3,12,0.858547587999727,0.772771201235306,91
2,12,0.79740904305094,0.814826330176049,91
4,12,0.790817212280106,0.689437130178058,91
5,12,0.779606780663421,-0.0276705901479271,91
1,13,0.910282618432132,0.909056113323716,91
3,13,0.863322657647706,0.736885721922327,91
2,13,0.80255998172061,0.777467905298249,91
4,13,0.800761207719656,0.543409663516522,91
5,13,0.775047447846935,0.552360633733561,91
1,14,0.911213286552191,0.853521656757227,91
3,14,0.841185863412783,0.703517785354583,91
2,14,0.8038171382803,0.658571332267069,91
4,14,0.801271647744206,0.750035185835031,91
5,14,0.773217928296661,0.420352964619532,91
1,15,0.914280357575526,0.786024018975245,91
3,15,0.855014984856507,0.720530205396384,91
2,15,0.805903645113671,0.646450676243455,91
4,15,0.810134611959588,0.338829295835719,91
5,15,0.780498381585398,0.143086159188326,91
1,1,0.888286620967189,0.957179976449911,92
3,1,0.77333400168789,0.13996918794486,92
4,1,0.801099528736852,0.621753517852117,92
2,1,0.733850993860634,0.57102206081922,92
5,1,0.710114155652233,0.38364585575657,92
1,2,0.888270733496302,0.956388344418474,92
3,2,0.762324247665323,0.720432569704984,92
4,2,0.788178279681161,0.549595293739336,92
2,2,0.747156163945223,0.710145024270671,92
5,2,0.694981125151247,0.603661535092918,92
1,3,0.893017837582291,0.852281191277866,92
3,3,0.758743922476031,0.774181044340641,92
4,3,0.785592814798343,0.755203534616939,92
2,3,0.733892140743664,0.827773003342903,92
5,3,0.709759316656737,0.167325939279855,92
1,4,0.893993553890511,0.800688383867879,92
3,4,0.779759064165077,0.399061432519549,92
4,4,0.798409538511623,0.515570539935647,92
2,4,0.734106884100531,0.666836022598461,92
5,4,0.711541798215496,0.315125651975663,92
1,5,0.894457481612026,0.822296317312343,92
3,5,0.764888869936343,-0.141545491627828,92
4,5,0.770812744228186,0.0517146263614154,92
2,5,0.782287128038575,0.402562736050278,92
5,5,0.715229177649089,0.347236085868457,92
1,6,0.895183314297943,0.800321495952129,92
3,6,0.784821755612767,0.673190601179912,92
4,6,0.760131106625778,0.460796987973407,92
2,6,0.746323260963929,0.568264460986265,92
5,6,0.716345021286677,0.615257736574899,92
1,7,0.891632448020072,0.913489383946808,92
3,7,0.76987571726248,0.589098171557285,92
4,7,0.794758849154756,0.340156783305754,92
2,7,0.733562797893109,0.710435683855801,92
5,7,0.711483169281786,0.0266664988007843,92
1,8,0.894487331815291,0.793380334451688,92
3,8,0.760428088687565,0.633706731154034,92
4,8,0.775290964147248,0.737467747694458,92
2,8,0.742545643222113,0.856641976612539,92
5,8,0.713190722111151,0.730951462803291,92
1,9,0.895782781168969,0.808212348705558,92
3,9,0.794856528574358,0.632123021743137,92
4,9,0.733198752286166,0.58675994724819,92
2,9,0.785331248428682,0.737063180633662,92
5,9,0.706017369070888,0.272751987069255,92
1,10,0.888299486055779,0.939826475836894,92
3,10,0.770019147156508,0.335643286728256,92
4,10,0.753190171354895,0.567507136797572,92
2,10,0.769190485677459,0.5271252540186,92
5,10,0.717391547321215,0.510078728783518,92
1,11,0.898089336699998,0.799005607385535,92
3,11,0.759630624802921,0.644610664104129,92
4,11,0.779107161199222,0.302549709921182,92
2,11,0.765775290898016,0.71796207428413,92
5,11,0.712571231973233,0.402317881681262,92
1,12,0.889665944598204,0.928929406182189,92
3,12,0.777520812167085,0.702244175527387,92
4,12,0.735762853761589,0.650691236256939,92
2,12,0.782451118347976,0.733366653622621,92
5,12,0.71843077438531,0.789968812581775,92
1,13,0.894179104286643,0.797126256236401,92
3,13,0.783927637248137,0.271198099605298,92
4,13,0.758996098280558,0.47086985667692,92
2,13,0.761719120621157,0.158482075527212,92
5,13,0.707818036896113,0.458721096920877,92
1,14,0.892638766258174,0.878543842521306,92
3,14,0.763788433097073,0.262026563283405,92
4,14,0.786202858238436,0.0844043279366335,92
2,14,0.786072850178097,0.652729083731407,92
5,14,0.717386459878278,0.223915293586872,92
1,15,0.89629790590694,0.731187867452481,92
3,15,0.766656178388648,0.7940341174998,92
4,15,0.790584194346645,0.508857164186195,92
2,15,0.742783366986793,0.550154615838007,92
5,15,0.708883643514423,0.462524868435573,92
1,1,0.910539913327363,0.82916890517825,93
3,1,0.78927878038874,0.623532709462928,93
2,1,0.87161824115515,0.830734769719069,93
4,1,0.816891091383142,0.455365004439809,93
5,1,0.778147190592179,0.436792755041385,93
1,2,0.905567243008075,0.93025691321926,93
3,2,0.801228596385302,0.580889197694499,93
2,2,0.882226641174661,0.115040576777077,93
4,2,0.807009301320881,0.504044818198032,93
5,2,0.786752680749633,0.249998844114547,93
1,3,0.907415028236879,0.882527928228799,93
3,3,0.806332911240095,0.420193070680512,93
2,3,0.867785121217267,0.564650853723513,93
4,3,0.805335633670512,0.60864225921746,93
5,3,0.785843721494367,0.463490486822038,93
1,4,0.910864189278673,0.854392256035052,93
3,4,0.79150559958803,0.601954644840412,93
2,4,0.864314613669301,0.764693796706515,93
4,4,0.804485133284962,0.701859381075218,93
5,4,0.77410166221813,0.660455484159513,93
1,5,0.912903653152543,0.787260310443177,93
3,5,0.800429545240789,0.294888829361527,93
2,5,0.875513310544012,0.72272180971909,93
4,5,0.782258997749594,0.511966747740129,93
5,5,0.797499205048143,0.447793792210515,93
1,6,0.907843541937651,0.928142857723091,93
3,6,0.794209782941983,0.644698722109174,93
2,6,0.871315674977358,0.604808674198219,93
4,6,0.814333483052953,0.276347648727176,93
5,6,0.7898989060898,0.521005465027651,93
1,7,0.912528009643744,0.816025126250867,93
3,7,0.792127558446106,0.409206366997344,93
2,7,0.867058714743007,0.641865996640164,93
4,7,0.807318612240237,0.491935435288423,93
5,7,0.781437745480649,0.461552924825181,93
1,8,0.908343415197575,0.908160391916967,93
3,8,0.818035579840283,0.516599004160977,93
2,8,0.827427925156554,0.841863103602546,93
4,8,0.803908006969714,0.686219931688364,93
5,8,0.790216358827405,0.203701877791558,93
1,9,0.909028334555839,0.926176425022831,93
3,9,0.789751670334838,0.791650232202998,93
2,9,0.86511375934094,0.653059309580825,93
4,9,0.81593840936313,0.114963021167263,93
5,9,0.778279136156754,0.357816620033321,93
1,10,0.918589243237363,0.797313390925775,93
3,10,0.787990496803589,0.27721881115599,93
2,10,0.883822718846302,0.767703186364248,93
4,10,0.799291592804211,0.639508344470924,93
5,10,0.783364821423489,0.479052535462512,93
1,11,0.912475018597784,0.849337351134352,93
3,11,0.805521199390335,0.238965157272926,93
2,11,0.862198566383929,0.771029986488265,93
4,11,0.802525726750483,0.217554063701474,93
5,11,0.782527827655301,0.577734361831196,93
1,12,0.907329230101198,0.941083502531845,93
3,12,0.793918522032073,0.75436041714175,93
2,12,0.86611584082161,0.879529369802173,93
4,12,0.790969434796137,0.714887539727186,93
5,12,0.782849402986619,0.631623039748538,93
1,13,0.909337122174618,0.894322711917684,93
3,13,0.789953795232601,0.749294636783593,93
2,13,0.877618064816001,0.715674953402571,93
4,13,0.807267422302157,0.668984809207127,93
5,13,0.789856873713022,0.400462734179477,93
1,14,0.912556433322433,0.813893466987427,93
3,14,0.791781906070128,0.537034387178746,93
2,14,0.876168048511795,0.663218102676792,93
4,14,0.800999411697739,0.624443836402401,93
5,14,0.77756374743629,-0.162283553875182,93
1,15,0.907748498902728,0.921763212762028,93
3,15,0.828325124768935,0.542255908982769,93
2,15,0.816605589765733,0.75713846662778,93
4,15,0.806293995473525,0.404100177259981,93
5,15,0.783360697742914,0.66040223459595,93
1,1,0.904964471640098,0.791028530693057,94
2,1,0.875836316942526,0.637483695513025,94
3,1,0.773224373637553,0.525943264254488,94
5,1,0.786410699678767,0.62719689701502,94
4,1,0.751984086676605,0.53522410865364,94
1,2,0.905375479949687,0.791311576665057,94
2,2,0.826948309266197,0.643827651073265,94
3,2,0.833164296539047,0.451045800459328,94
5,2,0.790099993221955,0.428678920836843,94
4,2,0.767588965528281,0.563825441245222,94
1,3,0.904459159007122,0.890232352570134,94
2,3,0.846159435399541,0.254004038834553,94
3,3,0.788781675912084,0.786925191339885,94
5,3,0.776004989517036,0.663460022325945,94
4,3,0.74363449266997,0.745351130426316,94
1,4,0.902440212657522,0.844662652031873,94
2,4,0.849997391277007,0.736006222019792,94
3,4,0.779764295394146,0.550617090389716,94
5,4,0.764664224815817,0.679974302555979,94
4,4,0.750842980216038,0.565266108556549,94
1,5,0.912266314787258,0.780022015950418,94
2,5,0.82917604308845,0.282357178934084,94
3,5,0.816136837938257,0.588034807863452,94
5,5,0.780540489717665,0.20107744369817,94
4,5,0.750289958062906,0.409874562088628,94
1,6,0.902952605383094,0.912396729588829,94
2,6,0.845130695884222,0.841266680117907,94
3,6,0.782647713192599,0.59231064957675,94
5,6,0.78016594942075,0.713176118444512,94
4,6,0.742219475978066,0.506759985830866,94
1,7,0.905846122716503,0.832959160679955,94
2,7,0.838985948293841,0.610282419326091,94
3,7,0.802847198060093,0.644829815367398,94
5,7,0.76869965600877,0.609040956994757,94
4,7,0.760969424463566,0.420274116741877,94
1,8,0.909204240586339,0.721243371740639,94
2,8,0.845134938031078,0.675911589222868,94
3,8,0.800770442827276,0.183392514114889,94
5,8,0.770340395097904,0.430581771137284,94
4,8,0.755951271989847,0.6293075610613,94
1,9,0.900294811164187,0.930829561389182,94
2,9,0.835654665837776,0.372776046820577,94
3,9,0.803926908102118,0.61906686380692,94
5,9,0.771346537855075,0.653668986278661,94
4,9,0.747751567629908,0.647094356812388,94
1,10,0.898150101544359,0.932824512645767,94
2,10,0.847656948694821,0.531547193172765,94
3,10,0.788615247686808,0.519349776653614,94
5,10,0.773724315279004,0.455982464625256,94
4,10,0.753345540223029,0.364795485388013,94
1,11,0.902398569682263,0.877085822502768,94
2,11,0.834256220638417,0.607412634095577,94
3,11,0.799745998857124,0.497766133294582,94
5,11,0.771900975180741,0.333015717438379,94
4,11,0.753001072893951,0.0957058640506866,94
1,12,0.909266186870177,0.746923063855146,94
2,12,0.838490424797626,0.445555942454703,94
3,12,0.793753465157138,0.711375874948732,94
5,12,0.783745238388904,0.554958413865867,94
4,12,0.746989775002197,0.826095442091829,94
1,13,0.905802342766961,0.82064217067939,94
2,13,0.839498244235731,0.80360235116642,94
3,13,0.791541671300415,0.351638795055675,94
5,13,0.780996586145416,0.566713249651307,94
4,13,0.757234415276583,0.444171005433151,94
1,14,0.901993809208745,0.900247558704409,94
2,14,0.841702190636223,0.849591484415211,94
3,14,0.814553313216655,0.246443559178699,94
5,14,0.77413039601836,0.227719353626956,94
4,14,0.752688579192477,0.373430006718154,94
1,15,0.909368648371823,0.43367075278928,94
2,15,0.838364624861719,0.912122470272032,94
3,15,0.782901670366987,0.792226779972923,94
5,15,0.789317947356523,0.279535099235643,94
4,15,0.75249103515968,0.4954365230798,94
1,1,0.940644853209925,0.80732622531387,95
2,1,0.912497811153135,0.871061669895175,95
3,1,0.835742713044481,0.638351413827837,95
4,1,0.86590407179454,0.452025775070611,95
5,1,0.876865789222834,0.625314721535264,95
1,2,0.947412852894145,0.636338692483843,95
2,2,0.913303232903605,0.660549675819853,95
3,2,0.835994178783841,0.465822931133766,95
4,2,0.865206547632254,0.411122915477238,95
5,2,0.883442202787333,0.113348800208741,95
1,3,0.93588068115874,0.940063910245986,95
2,3,0.91487467814201,0.617590975952937,95
3,3,0.838931413918316,0.561247535235698,95
4,3,0.857664085403315,0.744107950467074,95
5,3,0.872109620442318,0.624213087899151,95
1,4,0.938066075463307,0.92683658339578,95
2,4,0.918231691752781,0.638110593107875,95
3,4,0.845459320287276,0.335584645208646,95
4,4,0.861784385670005,0.689921164657365,95
5,4,0.881779582061287,0.360457471545447,95
1,5,0.937926430396103,0.894506563973679,95
2,5,0.911135899786566,0.777007714026151,95
3,5,0.849080116509708,0.488885999234971,95
4,5,0.846931849153764,0.766367577544864,95
5,5,0.882348907646761,0.513195855828826,95
1,6,0.940524716538929,0.90995947883768,95
2,6,0.914136667326102,0.781220218845318,95
3,6,0.840128761845471,0.609001096914109,95
4,6,0.863457514825963,0.558586419385102,95
5,6,0.877366913576691,0.638020317482566,95
1,7,0.941376262663199,0.852990468158147,95
2,7,0.916203599271005,0.740529672354092,95
3,7,0.838143085460536,0.428941626795208,95
4,7,0.864256718607822,0.448807248903679,95
5,7,0.8751011172282,0.500859810844293,95
1,8,0.94229509746711,0.750181160452669,95
2,8,0.912956353570615,0.777772762815442,95
3,8,0.859352709934106,0.699429758639408,95
4,8,0.861350651627313,0.579775831344189,95
5,8,0.873097238600828,0.509601732848499,95
1,9,0.938404861755754,0.919078124451314,95
2,9,0.914161259362665,0.648456712109546,95
3,9,0.834972698568291,0.49630863193199,95
4,9,0.855358489039952,0.732009536030863,95
5,9,0.873260232515659,0.337580566050882,95
1,10,0.936130615309421,0.964077189933982,95
2,10,0.918362097305661,0.57735549113285,95
3,10,0.838626133014928,0.737892277599564,95
4,10,0.860474071000196,0.754299968432914,95
5,10,0.874020882756541,0.0538900861878074,95
1,11,0.940746646086774,0.881472681135481,95
2,11,0.913756020243487,0.854557790732903,95
3,11,0.840311234717875,0.661423124044085,95
4,11,0.860656357747033,0.663510825666257,95
5,11,0.869262642152039,0.741693965154213,95
1,12,0.940917232884634,0.83463166380546,95
2,12,0.913538352220929,0.763610303725926,95
3,12,0.839675554445083,0.611609087929851,95
4,12,0.854180543224526,0.448429315210521,95
5,12,0.882558988749849,0.532095462214596,95
1,13,0.940032509763059,0.841767204401354,95
2,13,0.914016540822421,0.866897952895038,95
3,13,0.840725497356203,0.680983636971407,95
4,13,0.861047651938012,0.28965890369931,95
5,13,0.873578686798942,0.651314097940373,95
1,14,0.939216470453305,0.888145009488603,95
2,14,0.923830580848363,0.617601030972942,95
3,14,0.840839770745447,0.620223247424109,95
4,14,0.854694623716102,0.746031984462238,95
5,14,0.880612730070172,0.659404120012769,95
1,15,0.944682085843007,0.573676773549228,95
2,15,0.91909082536887,0.647370952534244,95
3,15,0.842145757361447,0.451479062649265,95
4,15,0.864182247609655,0.124536777896372,95
5,15,0.876602514115775,0.571102974636818,95
1,1,0.917370043229288,0.713263329989061,96
3,1,0.814119561220621,0.0934694234419816,96
2,1,0.835588570097135,0.456076156570064,96
4,1,0.793733592952898,0.415987617784118,96
5,1,0.805801889169849,-0.156947563088475,96
1,2,0.915414390533689,0.761155998711274,96
3,2,0.811694846086594,0.576885489472223,96
2,2,0.837819590456202,0.251796737250733,96
4,2,0.79992183288254,0.216305186090672,96
5,2,0.805986304213891,0.415719824279311,96
1,3,0.90951577742685,0.834908710163322,96
3,3,0.811234785670373,0.667996761864624,96
2,3,0.831938314202733,0.730134936163416,96
4,3,0.783061308921284,0.834949086196325,96
5,3,0.80109365068726,0.69321666980763,96
1,4,0.9060646481365,0.909539923157715,96
3,4,0.808094520275944,0.568978851770786,96
2,4,0.844429211678245,0.481707026984936,96
4,4,0.785819520478279,0.474792129983438,96
5,4,0.7996955497633,0.276452629535325,96
1,5,0.910749822376497,0.881781779305979,96
3,5,0.822523810011057,0.43004095508438,96
2,5,0.826692757528052,0.732070120327092,96
4,5,0.785935198678395,0.175461770251648,96
5,5,0.80102378693834,0.542617636114488,96
1,6,0.906453314245923,0.917031003421833,96
3,6,0.82184221734797,0.302935931007917,96
2,6,0.824504704415659,0.565725260579561,96
4,6,0.777232265946171,0.716775219827272,96
5,6,0.809373945053231,0.609437504071649,96
1,7,0.911954940871228,0.836411217752326,96
3,7,0.793557244217884,0.716137292708816,96
2,7,0.846092989539197,0.788668084306485,96
4,7,0.778697904718563,0.60627879083933,96
5,7,0.800451458249009,0.572970687710129,96
1,8,0.90559490005735,0.944416338527295,96
3,8,0.821394373207524,0.489498372161277,96
2,8,0.826202493123607,0.498682501645779,96
4,8,0.775610825120714,0.713169147311819,96
5,8,0.792576643048854,0.412407956190645,96
1,9,0.909240013820599,0.920362885298482,96
3,9,0.849335939035202,0.64392093749343,96
2,9,0.797147596041468,0.522702570882036,96
4,9,0.78586549334944,0.418480409029215,96
5,9,0.797165845328335,0.180712145563633,96
1,10,0.911981201085724,0.804513260023628,96
3,10,0.810174942869181,0.392553912346015,96
2,10,0.838882804855188,0.844229444080947,96
4,10,0.790518083188409,0.654303277713938,96
5,10,0.810253533559278,0.46357876495558,96
1,11,0.911066516055589,0.864214404514539,96
3,11,0.800313734525867,0.655071125235875,96
2,11,0.841215705786324,0.785913817512155,96
4,11,0.795312755285114,0.425770283453567,96
5,11,0.802435341447142,0.503919899208151,96
1,12,0.910205010820005,0.871998536876919,96
3,12,0.811083528759523,0.442909827228956,96
2,12,0.83476765442804,0.727887445984486,96
4,12,0.781572941859667,0.551011334291473,96
5,12,0.80333683346494,0.593831700045928,96
1,13,0.913525449037823,0.663094718922361,96
3,13,0.81372666949093,0.577150955899774,96
2,13,0.838637320069091,0.75943925090467,96
4,13,0.793071215175823,0.507478088599281,96
5,13,0.785899794266822,0.615497937998076,96
1,14,0.902401153628839,0.994609201319266,96
3,14,0.823626917904085,0.621534363171082,96
2,14,0.812134638487551,0.712646652907635,96
4,14,0.780638014592127,0.773682303289173,96
5,14,0.80596628273051,0.687372235836263,96
1,15,0.911733602012544,0.846206566777743,96
3,15,0.8229784369721,0.678853595810355,96
2,15,0.826285601408037,0.6778369884052,96
4,15,0.782638127966886,0.147376394498196,96
5,15,0.800262209163585,0.468445557516838,96
1,1,0.910586435416336,0.968632695542443,97
4,1,0.811303450125292,0.498385204157473,97
2,1,0.836718466301462,0.495616112315865,97
5,1,0.770809788965914,0.385442788751759,97
3,1,0.782453451335257,0.844155127462005,97
1,2,0.911871339483058,0.950647195080714,97
4,2,0.83556206610987,0.62477075025428,97
2,2,0.789181276527345,0.628905341922321,97
5,2,0.782977184410669,0.385119816999552,97
3,2,0.794713282124626,0.457741692404802,97
1,3,0.915136221064727,0.925010309882236,97
4,3,0.822265768883599,0.594871040255602,97
2,3,0.806574033651033,0.804530254248946,97
5,3,0.786642270703705,0.330839238528645,97
3,3,0.796281643176033,0.519122377102812,97
1,4,0.919984546037235,0.817771760140129,97
4,4,0.808492332300813,0.0776314484450466,97
2,4,0.845774902254494,0.46557378963,97
5,4,0.80225922800275,-0.0146106724509737,97
3,4,0.768885066384988,0.729293088857387,97
1,5,0.918395257640679,0.746058546172424,97
4,5,0.862345407435036,0.440301460379453,97
2,5,0.771473362476611,0.813909317887616,97
5,5,0.790675182415555,0.356642222536104,97
3,5,0.779870755981726,0.62212639662117,97
1,6,0.916500982938063,0.830492578266941,97
4,6,0.81491494212957,0.591182178862544,97
2,6,0.80965638884507,0.855650521844541,97
5,6,0.783365792978026,0.302436660522653,97
3,6,0.792026493845596,0.611176814618289,97
1,7,0.916166562036739,0.857246850749535,97
4,7,0.824650133427326,0.441219584563252,97
2,7,0.814234804149011,0.543929922529371,97
5,7,0.774795471369935,0.501348310247693,97
3,7,0.780975087930213,0.710193149175471,97
1,8,0.914004883103232,0.925327392297802,97
4,8,0.846844368697902,0.364358131496761,97
2,8,0.780601643602741,0.873037442299264,97
5,8,0.781305012795269,0.463580717200513,97
3,8,0.805163557192142,0.591187294151658,97
1,9,0.916705293601475,0.884138908472106,97
4,9,0.832146291638521,0.664659353091723,97
2,9,0.800456047190262,0.77484319076017,97
5,9,0.777034929438501,0.668777322793825,97
3,9,0.783631896729543,0.360818809416471,97
1,10,0.913866277844093,0.929088997170872,97
4,10,0.847059438653592,0.608162973656442,97
2,10,0.792862003497043,0.593787094201435,97
5,10,0.783341474055131,0.407735837186202,97
3,10,0.767907475206267,0.249150331672339,97
1,11,0.914643416699752,0.892383538301503,97
4,11,0.81295851585766,0.257397582256178,97
2,11,0.820346499823414,0.807638878436702,97
5,11,0.801645211724413,0.0628579190805078,97
3,11,0.794254471984637,0.270364095045299,97
1,12,0.922094504698399,0.737712125627353,97
4,12,0.86446336749153,0.159804122775059,97
2,12,0.773083359858203,0.782964573899837,97
5,12,0.775592814513626,0.691454201178412,97
3,12,0.783693053175973,0.497378657906648,97
1,13,0.911725729933426,0.878392667316702,97
4,13,0.852674356698083,0.374824222509843,97
2,13,0.779570837142071,0.463601077280476,97
5,13,0.791829780171077,0.584640394444742,97
3,13,0.764586290353539,0.7637581194979,97
1,14,0.91643497971537,0.864116056286839,97
4,14,0.813598467187041,0.64150538339697,97
2,14,0.824211345763349,0.781233176915647,97
5,14,0.777034716442843,0.439251445517137,97
3,14,0.780180947674877,0.76886816390326,97
1,15,0.915004404603674,0.842012173938868,97
4,15,0.84257239993924,0.680031065587126,97
2,15,0.785398576773981,0.864846108850173,97
5,15,0.774614146426752,0.518977669764731,97
3,15,0.813119884976678,0.570116861533696,97
1,1,0.908499444910508,0.836216730735697,98
2,1,0.834060688167936,0.525207322023739,98
4,1,0.775421876005819,0.65081197023836,98
3,1,0.82607432351331,0.567158473988134,98
5,1,0.779415937993027,0.176860944267822,98
1,2,0.912312170571637,0.760089311352382,98
2,2,0.818644324746259,0.618806895690424,98
4,2,0.782192687802114,0.547090522118907,98
3,2,0.815133652927293,0.652968407770103,98
5,2,0.804079396589762,0.436595251338843,98
1,3,0.906992651841989,0.886843706659311,98
2,3,0.854706447369761,0.402725044008896,98
4,3,0.754364632890347,0.807388640635631,98
3,3,0.826633011359045,0.351969908906699,98
5,3,0.789304287564969,0.228048802435591,98
1,4,0.908136152567557,0.830899908347467,98
2,4,0.852132015205194,0.393807853475858,98
4,4,0.760964695338267,0.5699317553662,98
3,4,0.803265673681689,0.608346127897343,98
5,4,0.809732334198786,0.604408011940005,98
1,5,0.906450164945669,0.852612995721841,98
2,5,0.846955476656386,0.822531564876985,98
4,5,0.756176233853223,0.553637173610927,98
3,5,0.805234604400201,0.591052586333844,98
5,5,0.794462705743834,0.261954094182794,98
1,6,0.907966340116519,0.866425033528027,98
2,6,0.837966260857286,0.638226356103314,98
4,6,0.784427569516749,0.573099103528354,98
3,6,0.816857567715595,0.378922867986815,98
5,6,0.803441300760444,0.501425195261142,98
1,7,0.903818982203681,0.943203406794367,98
2,7,0.829797601598936,0.26862488175804,98
4,7,0.778758195364342,0.506593825166139,98
3,7,0.820425711738124,0.647871575734628,98
5,7,0.804405575238185,0.382070961831173,98
1,8,0.905415842920878,0.890665059446913,98
2,8,0.821743923349435,0.689860817861844,98
4,8,0.790545311827324,0.367318077480663,98
3,8,0.821806770714082,0.513020027881091,98
5,8,0.798287354161323,0.602696612153939,98
1,9,0.903307188271641,0.922567822655909,98
2,9,0.843882985585864,0.678159014125483,98
4,9,0.768849011151771,-0.00512726605942898,98
3,9,0.812032612974342,0.393761357735364,98
5,9,0.803062123155695,0.42199813516694,98
1,10,0.907430990932651,0.903693492624868,98
2,10,0.830794803514117,0.756940995340264,98
4,10,0.783611760544022,0.562435326366689,98
3,10,0.824945180617776,0.468631021520183,98
5,10,0.787795258828187,0.785611804102282,98
1,11,0.907590579982106,0.840210197285268,98
2,11,0.832408851820885,0.660395495305305,98
4,11,0.76742461738284,0.563888821946004,98
3,11,0.817072673568882,0.589886334656117,98
5,11,0.785132830967871,0.525584705643922,98
1,12,0.909353545830652,0.790460128476946,98
2,12,0.845088220012079,0.29792713611988,98
4,12,0.780484723661481,0.105301472172965,98
3,12,0.824402775374122,0.368976539170855,98
5,12,0.814212584476621,0.0900797304655042,98
1,13,0.908234331839748,0.81973758246398,98
2,13,0.837010240785583,0.443866062022819,98
4,13,0.776824930568142,0.549105684662764,98
3,13,0.827541340803073,0.451258441170349,98
5,13,0.798578084991399,0.506494299456758,98
1,14,0.908033045842548,0.848570259660664,98
2,14,0.841080842351197,0.868633368289329,98
4,14,0.746855414058065,0.585426631811792,98
3,14,0.822574941997355,0.595591275094032,98
5,14,0.788042537496069,0.608293698711523,98
1,15,0.906740992890688,0.874997518089047,98
2,15,0.834665414776293,0.83814696792739,98
4,15,0.774557055015622,0.689323315418073,98
3,15,0.820663821438355,0.648469060376215,98
5,15,0.780421500852663,0.366264090107226,98
1,1,0.890796576798178,0.923931539367377,99
4,1,0.747002528358368,0.559295450110542,99
2,1,0.777386433675655,0.83600735527794,99
3,1,0.779921589715538,0.680202066614064,99
5,1,0.73722388397982,0.613196884823056,99
1,2,0.892710178842557,0.892427688904525,99
4,2,0.732138754363349,0.620226442053112,99
2,2,0.799529436878149,0.155563027655253,99
3,2,0.791730653700761,0.438537904584318,99
5,2,0.724236741514368,0.769865079979845,99
1,3,0.89237543513573,0.849988689824745,99
4,3,0.740971508395548,0.616624816229971,99
2,3,0.796881138471272,0.671759337241108,99
3,3,0.79483952872401,0.605476274669687,99
5,3,0.732384733343505,-0.179565035069996,99
1,4,0.89077379822222,0.86607220531193,99
4,4,0.747377525465372,0.546879712827617,99
2,4,0.776947359427271,0.605795182623638,99
3,4,0.779060521567813,0.668612559643487,99
5,4,0.730161972707408,0.483591012855884,99
1,5,0.897233881844527,0.786108661882544,99
4,5,0.743617137087919,0.401395319747999,99
2,5,0.786196354539517,0.707733878405068,99
3,5,0.79823624139617,0.397755802242605,99
5,5,0.715929675210587,0.256776598524934,99
1,6,0.883440806911942,0.958623333462546,99
4,6,0.733140401572527,0.439272404538289,99
2,6,0.797761207414456,0.281011377946078,99
3,6,0.776991687194505,0.820746724653302,99
5,6,0.72652294737651,0.35583382953439,99
1,7,0.891239230695582,0.872899178064636,99
4,7,0.727529989945004,0.523389477659017,99
2,7,0.798249146121023,0.414742927779798,99
3,7,0.790101235626513,0.455726314938324,99
5,7,0.744220974400803,0.259935411807567,99
1,8,0.891620183604938,0.862210420209203,99
4,8,0.738804221444717,0.658697677212422,99
2,8,0.792517190245066,0.530619588991851,99
3,8,0.784375821039536,0.800132091460944,99
5,8,0.728325568680706,0.223385537888121,99
1,9,0.893646316341438,0.861134262138901,99
4,9,0.741410652721794,0.418535394590731,99
2,9,0.792051249991629,0.471327023637434,99
3,9,0.791582945382344,0.621476786396585,99
5,9,0.741584260269068,0.636254027453339,99
1,10,0.891090611940622,0.8888960200019,99
4,10,0.740202877570291,0.487749440993691,99
2,10,0.779000050217997,0.562881307081522,99
3,10,0.782958272920885,0.746156071605554,99
5,10,0.724956510955875,0.448261270186895,99
1,11,0.890754905281579,0.886128894536377,99
4,11,0.747757114326084,0.5142803258616,99
2,11,0.786067466759917,0.711358596440371,99
3,11,0.774317462661445,0.890774633410683,99
5,11,0.725197487987682,-0.0254080875213135,99
1,12,0.895735756151832,0.750256390265445,99
4,12,0.734705956798099,0.533929116339432,99
2,12,0.777583840084281,0.719922613195685,99
3,12,0.793196179346946,0.442040135597493,99
5,12,0.741686048658837,0.402589027840627,99
1,13,0.905429325408672,0.593686943731264,99
4,13,0.73600354277568,0.0309207367952567,99
2,13,0.783620448219338,0.760463553276749,99
3,13,0.788670081621097,0.68936378654082,99
5,13,0.725913835324827,0.400933281032528,99
1,14,0.891876702337638,0.883280480332996,99
4,14,0.74416470121757,0.409205682816817,99
2,14,0.770473600520358,0.541800065671272,99
3,14,0.804957637341263,-0.115759355234812,99
5,14,0.716653661864863,0.468072624427174,99
1,15,0.891693550382316,0.862181885588736,99
4,15,0.759157922014695,0.597354441752713,99
2,15,0.749648156913572,0.742904107705461,99
3,15,0.792954087013181,0.334091838934364,99
5,15,0.738730074758809,0.218367943699429,99
1,1,0.903775323435979,0.844348801477151,100
2,1,0.820632824115172,0.404592326292391,100
3,1,0.814998430525984,0.865391833727049,100
4,1,0.800764995345768,0.500522413073772,100
5,1,0.750112119075097,0.544363465000642,100
1,2,0.904225280561601,0.784109529639931,100
2,2,0.804296587831224,0.510502834363191,100
3,2,0.842954398282582,0.669302762880373,100
4,2,0.802333246163105,0.453512554417084,100
5,2,0.743828000670178,0.429196952333129,100
1,3,0.901704222809317,0.868582554540781,100
2,3,0.80641392702695,0.590906446790941,100
3,3,0.831527368857529,0.794106624083533,100
4,3,0.801409020113184,0.58101530842175,100
5,3,0.738854843426684,0.313581864047276,100
1,4,0.908951580514651,0.700496806650452,100
2,4,0.824525199602888,0.385550617563612,100
3,4,0.821531284078388,0.289132555538289,100
4,4,0.820186401475599,0.420519510907979,100
5,4,0.733208950138031,0.669037759435125,100
1,5,0.898122645328153,0.923054162462759,100
2,5,0.817208918342316,0.637938702136437,100
3,5,0.815723036868041,0.71845173631355,100
4,5,0.809899318652605,0.615392782552762,100
5,5,0.741100914723662,0.228993030404289,100
1,6,0.899947711830302,0.903289126207681,100
2,6,0.818180456592768,0.758519509839193,100
3,6,0.829509137027876,0.723049612302946,100
4,6,0.797315612726679,0.204239715488453,100
5,6,0.749748127934606,0.3150908474723,100
1,7,0.899392534094498,0.925580697858566,100
2,7,0.829192582707146,0.713807663034832,100
3,7,0.797599683436434,0.38138966617442,100
4,7,0.804732788204943,0.697770088311815,100
5,7,0.737223823363444,0.581645774474466,100
1,8,0.899445513622953,0.926870134423169,100
2,8,0.824337237666616,0.865131768414766,100
3,8,0.796421213604347,0.734552963109324,100
4,8,0.808677281283477,0.735275402988215,100
5,8,0.742163207755,0.146238337045349,100
1,9,0.901932617661391,0.846804322532486,100
2,9,0.776493553363182,0.760870281569772,100
3,9,0.851342736463179,0.781347481995175,100
4,9,0.820361668462583,0.656324111470157,100
5,9,0.719975483540894,0.641938929500292,100
1,10,0.901878349614215,0.844465642679653,100
2,10,0.809768555968983,0.516280251969458,100
3,10,0.830044524222302,0.600088446368248,100
4,10,0.806926218271482,0.157652079980225,100
5,10,0.740645588204168,0.4191040247114,100
1,11,0.902484030063731,0.850513383901381,100
2,11,0.833180338223197,0.666220815668751,100
3,11,0.800498901381012,0.721270380693499,100
4,11,0.810815972237576,0.425180954568349,100
5,11,0.733977252436068,0.502677846583977,100
1,12,0.91357022710466,0.536694082623595,100
2,12,0.82422138039824,0.603078221289951,100
3,12,0.814969939685693,0.597253349793401,100
4,12,0.803249855399719,0.449809541364411,100
5,12,0.746625520409852,-0.0938835117642516,100
1,13,0.898139996304975,0.90335439659806,100
2,13,0.813007815594833,0.498590264867659,100
3,13,0.825462519935811,-0.11824906774457,100
4,13,0.798005052116859,0.856037770940136,100
5,13,0.74750451249136,-0.222195694035529,100
1,14,0.903064887710387,0.665570152003091,100
2,14,0.810574320710453,0.258945618399725,100
3,14,0.853924085339046,0.0551486396567439,100
4,14,0.810991894173078,0.18038069237233,100
5,14,0.753944180097322,0.127651341936489,100
1,15,0.905397197022899,0.835270510119602,100
2,15,0.802854289872055,0.215929251001255,100
3,15,0.85690773935246,0.530244905790928,100
4,15,0.802324661307257,0.353585384318459,100
5,15,0.760594869541883,-0.137209246705785,100
