"canonical_direction","fold","train","test","seed"
1,1,0.955009259948462,0.981615410615585,0
3,1,0.950249246403347,0.399322897104787,0
2,1,0.917679846844189,0.583651076355494,0
4,1,0.922502389110002,0.61840028162039,0
5,1,0.908154361366301,-0.0139801678922942,0
1,2,0.959541467876517,0.847991124938692,0
3,2,0.949785902968294,0.48698266337541,0
2,2,0.920095068274664,0.518879844778678,0
4,2,0.919319273467479,0.750762192392736,0
5,2,0.912822669334138,0.354952953725775,0
1,3,0.960400568682467,0.856916535742054,0
3,3,0.954235584738173,0.796826549326545,0
2,3,0.922384667239323,0.779239824915503,0
4,3,0.929075623190875,0.421428280738415,0
5,3,0.908119671277481,0.697557241492861,0
1,4,0.958809283157599,0.920177323487894,0
3,4,0.948700136877257,0.671964981995383,0
2,4,0.921668751899528,0.522257155814189,0
4,4,0.925945108104627,0.783175617570838,0
5,4,0.906702260016191,0.676715793203166,0
1,5,0.959057818589619,0.794388638509248,0
3,5,0.952721554966841,0.235305743457438,0
2,5,0.919829865837176,0.88198857368947,0
4,5,0.927655956029882,0.641826052707341,0
5,5,0.905932016833465,0.308935838018671,0
1,6,0.963646504108343,0.510404987096924,0
3,6,0.942667220904582,0.71412678713235,0
2,6,0.927049255215604,0.588360026273698,0
4,6,0.929543826563981,0.472834805225065,0
5,6,0.917480381297406,0.308469279048777,0
1,7,0.96065174419005,0.753691212023918,0
3,7,0.94752400718441,0.461810043563605,0
2,7,0.923009782244912,0.715618211968615,0
4,7,0.922995648534479,0.593277419020237,0
5,7,0.920411148067346,0.548025324159907,0
1,8,0.959694505837182,0.822051758507802,0
3,8,0.954400186416919,0.497116536653189,0
2,8,0.914157746526461,0.676317395551837,0
4,8,0.927653996050769,0.514274079451752,0
5,8,0.910924445226662,0.0783453993967413,0
1,9,0.958139501896526,0.826622382267675,0
3,9,0.947350659841867,0.9010974443224,0
2,9,0.920965297814888,0.711454477995522,0
4,9,0.920355738472288,0.489161895700766,0
5,9,0.909435787638363,0.583493389024107,0
1,10,0.956887224816348,0.968259146771414,0
3,10,0.950813660795731,0.343958929712289,0
2,10,0.921808928788714,0.497976884452747,0
4,10,0.920598925362905,0.889062713895679,0
5,10,0.907189306861618,0.634275175377588,0
1,11,0.957375002362737,0.918773320156796,0
3,11,0.951238564969504,0.508007489060923,0
2,11,0.924215479551941,0.809226964096148,0
4,11,0.928460242774389,0.420588547288212,0
5,11,0.899154252825665,0.442432492455408,0
1,12,0.956864614088015,0.928909829794589,0
3,12,0.947502296834534,0.82237108892415,0
2,12,0.921154908578021,0.785123834810092,0
4,12,0.927399651983847,0.54040982477606,0
5,12,0.905543571923817,0.597394304852626,0
1,13,0.958941136061279,0.934395279500047,0
3,13,0.950670089870101,0.686096642570618,0
2,13,0.921022663531289,0.275409602112406,0
4,13,0.925404753426053,0.279356749631067,0
5,13,0.923616751067582,0.324159956217129,0
1,14,0.956903575352332,0.898336454447644,0
3,14,0.95436417425338,0.717799911433125,0
2,14,0.918559497890752,0.725209025939698,0
4,14,0.931307631825455,0.525618697656068,0
5,14,0.894307875096561,0.777408360022379,0
1,15,0.958907789219458,0.868844766425295,0
3,15,0.952427958739247,0.716898208227615,0
2,15,0.921363255608083,0.391324414001586,0
4,15,0.924377610004642,0.708886179733098,0
5,15,0.911167890171061,0.408658595592771,0
1,1,0.958340203086128,0.866008494520402,1
2,1,0.943152681660145,0.741376733414409,1
3,1,0.922838609598116,0.782350086623924,1
4,1,0.905181566810883,0.586835835679678,1
5,1,0.902666735672793,0.454715553696109,1
1,2,0.957481066459574,0.923188741442053,1
2,2,0.951438979530063,0.278065732820796,1
3,2,0.914998060385858,0.40205746681699,1
4,2,0.920147475830773,0.547166686613148,1
5,2,0.896502704609963,0.710090043561165,1
1,3,0.958042284366796,0.956281804737529,1
2,3,0.949831068654743,0.812535962796867,1
3,3,0.917540474740623,0.359150347265653,1
4,3,0.910380474123571,0.485132480255174,1
5,3,0.911197124525239,0.302215039684884,1
1,4,0.956742751398504,0.958913291222565,1
2,4,0.953868705134968,0.627986994777352,1
3,4,0.919782377349231,0.71528642216242,1
4,4,0.91664633780295,0.515200349268186,1
5,4,0.901089535034061,0.534163820441782,1
1,5,0.9653810633882,0.687460869224661,1
2,5,0.950713711754319,0.305827385351633,1
3,5,0.919169228189244,0.347892065169332,1
4,5,0.91275872394393,0.0926866986768338,1
5,5,0.917112566907652,0.0936351382859972,1
1,6,0.95971627355496,0.836455420103812,1
2,6,0.947326156881456,0.766949394622296,1
3,6,0.914077533238794,0.693325722442869,1
4,6,0.916796561333072,0.491502032912797,1
5,6,0.916421111948417,0.0812527131767726,1
1,7,0.956541884672939,0.964183963086466,1
2,7,0.94593913364364,0.794326390415114,1
3,7,0.923324909176423,0.479108372648227,1
4,7,0.918094232767491,0.578589580904851,1
5,7,0.895357578283026,0.5496403058757,1
1,8,0.955931122687035,0.955088546055378,1
2,8,0.950658916431437,0.490254577128449,1
3,8,0.915056286983504,0.779548344318562,1
4,8,0.912751119581482,0.887239623811074,1
5,8,0.900362440805021,0.187625353803074,1
1,9,0.959599687907497,0.782954975026349,1
2,9,0.954009779576694,0.855826819533696,1
3,9,0.91829316949985,0.54867645697606,1
4,9,0.909549296173319,0.675208035968283,1
5,9,0.904221674286045,0.681806762269133,1
1,10,0.958078813702513,0.906602911932834,1
2,10,0.953255834426915,0.792150735946649,1
3,10,0.920887070750268,0.32100151592156,1
4,10,0.906080015577197,0.66950034016681,1
5,10,0.90234041997476,0.36929085084067,1
1,11,0.957871824613639,0.854858613197661,1
2,11,0.9493201905281,0.809154885102236,1
3,11,0.917263798834719,0.0783526920761131,1
4,11,0.906778431357214,0.618295381362171,1
5,11,0.90465460878651,0.637222244154761,1
1,12,0.957331919011312,0.957657006589844,1
2,12,0.952314700978088,0.745187558807665,1
3,12,0.91269859126873,0.830048004121231,1
4,12,0.910578089239096,0.841476240367007,1
5,12,0.903545767836055,0.322048249824876,1
1,13,0.956708594664677,0.950753382706777,1
2,13,0.950899764469112,0.572429413719363,1
3,13,0.917702192266593,0.741483575184803,1
4,13,0.921002879740554,0.427167332353728,1
5,13,0.89685403250368,0.355922089024006,1
1,14,0.960933139558678,0.715379480441639,1
2,14,0.955058223967208,0.655871235492842,1
3,14,0.911403916205703,0.751397146901443,1
4,14,0.919528224535431,0.493266346221325,1
5,14,0.914224364649284,0.312672875328542,1
1,15,0.956849357721601,0.883357574048842,1
2,15,0.953906991879701,0.710611577204271,1
3,15,0.913519217596003,0.758968922221049,1
4,15,0.910850168670814,0.645754336819385,1
5,15,0.904277128694545,0.610948644633307,1
1,1,0.927500687405582,0.895180658612269,2
5,1,0.852179577284621,0.593501747815852,2
2,1,0.900405050242204,0.757118742300683,2
3,1,0.857304648023289,0.748248084414228,2
4,1,0.869742362151293,0.0333164715754538,2
1,2,0.922479031558425,0.963293750343756,2
5,2,0.844161232645102,0.651345063729441,2
2,2,0.908809954904352,0.786311259926036,2
3,2,0.868504726692468,0.759454993849487,2
4,2,0.869964253561666,0.482339079514153,2
1,3,0.927591124002608,0.859353578002094,2
5,3,0.861483253047828,0.29262709499517,2
2,3,0.889187167723301,0.79730598247029,2
3,3,0.853933867424471,0.795691334468958,2
4,3,0.875382270768723,0.838697780819238,2
1,4,0.934409632367482,0.670849259150642,2
5,4,0.895463825738848,0.407772454112097,2
2,4,0.847198826787564,0.80261881335711,2
3,4,0.866463084737227,0.734204839698587,2
4,4,0.872208807324787,0.6798970604791,2
1,5,0.922218527916541,0.969453170631419,2
5,5,0.906004392951074,0.370249512046516,2
2,5,0.84094393512208,0.74394718555083,2
3,5,0.862580089974048,0.509049070140373,2
4,5,0.873682726301237,0.336105187534938,2
1,6,0.926957121731738,0.865109161157251,2
5,6,0.919004219405687,0.516027227060606,2
2,6,0.849779742638045,0.696770183980968,2
3,6,0.861210836061948,0.742918416107133,2
4,6,0.870494205630549,0.314833698381152,2
1,7,0.928279399623454,0.857467281904071,2
5,7,0.853484293351695,0.482471355412718,2
2,7,0.895320956139457,0.650165259193994,2
3,7,0.863959829918736,0.570673487357727,2
4,7,0.8641062511599,0.277523062473144,2
1,8,0.924645830571553,0.906580640120598,2
5,8,0.898941805093119,0.561729386261091,2
2,8,0.846235894279942,0.676664786375193,2
3,8,0.868692062997443,0.216012343273975,2
4,8,0.871863736460235,0.416454401563381,2
1,9,0.92820840712259,0.882825024016379,2
5,9,0.862263833752987,0.0612434145950259,2
2,9,0.896486451091097,0.620883737343387,2
3,9,0.867000918194092,0.571348991126765,2
4,9,0.871732679004079,0.520490691016677,2
1,10,0.926418059947387,0.883925927378685,2
5,10,0.876051606051937,0.441450204191549,2
2,10,0.876301281306771,0.783960125167522,2
3,10,0.862827260002158,0.733754953058947,2
4,10,0.877680220173414,0.49475958100421,2
1,11,0.923953265482417,0.934707622757402,2
5,11,0.849840023364306,0.250407746989523,2
2,11,0.901308752505136,0.594060156848867,2
3,11,0.853829156993359,0.428296537263799,2
4,11,0.870056067667864,0.446943088706655,2
1,12,0.927538858157093,0.830790855945049,2
5,12,0.899184393075127,0.554452051106586,2
2,12,0.844465528419336,0.726861599795049,2
3,12,0.857214812220445,0.358036554064414,2
4,12,0.875363756902032,0.770397348519571,2
1,13,0.92718702294204,0.85237088339122,2
5,13,0.853049570766582,0.42658523912559,2
2,13,0.892545224561119,0.848613588722294,2
3,13,0.86661231015893,0.115041084378912,2
4,13,0.871744098858589,0.180007531861383,2
1,14,0.928328767886746,0.880323924551778,2
5,14,0.904892616182274,0.650215873419073,2
2,14,0.838604449212516,0.790109576999912,2
3,14,0.858578655610086,0.563403525783486,2
4,14,0.875948377008271,0.496144661393347,2
1,15,0.932136959275445,0.809756089738969,2
5,15,0.843768811831638,0.404694977928824,2
2,15,0.907657460125706,0.88478184441229,2
3,15,0.856278514966357,0.792975549291477,2
4,15,0.873107807183586,0.617622480459428,2
1,1,0.928372773026829,0.867362889008819,3
4,1,0.877535635495132,0.798753268444321,3
2,1,0.871886666571658,0.808900416818465,3
3,1,0.844546139226553,0.632909417666159,3
5,1,0.849151004301821,0.57067214877267,3
1,2,0.929576221721685,0.81349146264848,3
4,2,0.886700228904398,0.74065628556182,3
2,2,0.866558382745111,0.906736858862594,3
3,2,0.855380989107718,0.662586977140705,3
5,2,0.838745421737113,0.436573714925877,3
1,3,0.927161746298309,0.894661878183196,3
4,3,0.879483667325111,0.535545003789338,3
2,3,0.880683244748292,0.617200300833885,3
3,3,0.856430986920944,0.619167802064363,3
5,3,0.850029863554573,0.616257839774087,3
1,4,0.928654052891292,0.891518394474826,3
4,4,0.892419641650988,0.63990808436625,3
2,4,0.868028455347011,0.655577244000632,3
3,4,0.876156225492683,0.336211265751607,3
5,4,0.833241492533145,0.502996252709719,3
1,5,0.92727004891534,0.929539189770459,3
4,5,0.896737516629849,0.499534331717136,3
2,5,0.87679513022282,0.73202066732137,3
3,5,0.847807166486081,0.870598283191315,3
5,5,0.855148885344345,0.535604893882228,3
1,6,0.927716535176143,0.85141320428145,3
4,6,0.912196553417827,0.51349910873663,3
2,6,0.84772746074088,0.72655253345731,3
3,6,0.845714775290394,0.69383584716591,3
5,6,0.863029926789399,0.250035565045121,3
1,7,0.934428708746119,0.617121541406332,3
4,7,0.875334093290863,0.354797240065912,3
2,7,0.881221426884459,0.76122929912149,3
3,7,0.839727803041138,0.755730150641833,3
5,7,0.857073089278998,0.791543728119048,3
1,8,0.928400971287164,0.870600432504174,3
4,8,0.920416214216075,0.562912371152368,3
2,8,0.842392661742748,0.529324534824569,3
3,8,0.85503757305274,0.598008697977954,3
5,8,0.844732695910988,0.304245564750322,3
1,9,0.929242355921142,0.866225045681715,3
4,9,0.863912764236989,0.108979247750339,3
2,9,0.90627812403469,0.723005433377519,3
3,9,0.857382504652352,0.685529985667623,3
5,9,0.845006547577804,0.579218552483978,3
1,10,0.925284382864685,0.935725345679642,3
4,10,0.91104391068354,0.806920197069899,3
2,10,0.844684187519176,0.741204787954959,3
3,10,0.829850148720592,0.496314209194599,3
5,10,0.869686429693096,0.162847183557896,3
1,11,0.929237911946351,0.855424821333443,3
4,11,0.912714671671703,0.732278889271799,3
2,11,0.84383086125662,0.462041329052196,3
3,11,0.852623353952924,0.682381703766177,3
5,11,0.846264362909136,0.506656597378299,3
1,12,0.928938998806133,0.856696078051484,3
4,12,0.917584149137285,0.4135417875247,3
2,12,0.838927834839233,0.880948432477553,3
3,12,0.860019121390392,0.429086399614299,3
5,12,0.855262792612723,0.518104957136218,3
1,13,0.926918120772113,0.913751273463226,3
4,13,0.879166190937674,0.142656933767035,3
2,13,0.878709060250065,0.575991130119428,3
3,13,0.854806402561164,0.0510225568366023,3
5,13,0.871676368297504,0.67639502240985,3
1,14,0.928932795998259,0.874820811969212,3
4,14,0.890471928712625,-0.00201550495547547,3
2,14,0.868124275100013,0.505969242287551,3
3,14,0.849813954711752,0.344380198732886,3
5,14,0.870058412086283,0.125382538085604,3
1,15,0.929019176958709,0.83986030179143,3
4,15,0.914400757813473,0.595063364373099,3
2,15,0.836608076802977,0.514188164632325,3
3,15,0.853738555555076,0.582326243815041,3
5,15,0.853509828495978,-0.131619323743451,3
1,1,0.926035119794845,0.837717193379032,4
5,1,0.862158466640373,0.269666599510217,4
2,1,0.903950674860711,0.848035276842147,4
3,1,0.843302890805958,0.152034485784235,4
4,1,0.87440767781563,0.202608169508683,4
1,2,0.932649987539868,0.68492529711729,4
5,2,0.864115861310019,0.362593066876502,4
2,2,0.911019970167039,0.80141707941845,4
3,2,0.851429343990753,0.654722073142216,4
4,2,0.869311051002786,0.549112650017057,4
1,3,0.927268094285364,0.863279273589835,4
5,3,0.859388981678061,0.822516860943035,4
2,3,0.888020663167809,0.69365752782658,4
3,3,0.842190986233081,0.611968671166883,4
4,3,0.873873958657379,0.666711505616595,4
1,4,0.923304677263456,0.951699470557327,4
5,4,0.855022322751615,0.25648323907067,4
2,4,0.908876514982728,0.830937261091479,4
3,4,0.854989485897329,0.865545854184681,4
4,4,0.865840451395182,0.531192351228004,4
1,5,0.923950260372771,0.942035735638941,4
5,5,0.859419131162063,-0.188681058812725,4
2,5,0.903476567193162,0.823619727351006,4
3,5,0.84907236849423,0.713371435216455,4
4,5,0.872641575645407,0.651479692306029,4
1,6,0.927715856697659,0.865127228999555,4
5,6,0.863610470637277,0.411694234769732,4
2,6,0.904099455873165,0.342771340314838,4
3,6,0.854261408857978,0.403273916042255,4
4,6,0.874917155745733,0.362868547942875,4
1,7,0.92656687559027,0.892362785423617,4
5,7,0.871964150940536,0.729396450993307,4
2,7,0.882316648807566,0.527045283791477,4
3,7,0.853009393079322,0.416711078167058,4
4,7,0.879463802115325,0.535243003791042,4
1,8,0.928227004822867,0.816681988388493,4
5,8,0.860611061020439,0.723772111374318,4
2,8,0.898690345735525,0.623726482920122,4
3,8,0.837886020017345,0.606834789238689,4
4,8,0.866010887200668,0.41070835944203,4
1,9,0.923179268973158,0.964210583101135,4
5,9,0.853273959718616,0.495263187584204,4
2,9,0.909174167055087,0.815869471604051,4
3,9,0.846125718254488,0.747333167527371,4
4,9,0.866967615698733,0.354869862900801,4
1,10,0.928713037726671,0.87008381726649,4
5,10,0.857999955433139,0.730772452762626,4
2,10,0.907982441142531,0.729648853183478,4
3,10,0.858246113975293,-0.00881244762265534,4
4,10,0.856507185165952,0.565854764156369,4
1,11,0.931216852752856,0.79217052684742,4
5,11,0.861538141366497,-0.0281041449655824,4
2,11,0.911458559192674,0.334406131512003,4
3,11,0.873216234423845,0.188182073292725,4
4,11,0.869744690017961,0.537989114458933,4
1,12,0.930960845772316,0.778019953133954,4
5,12,0.876199528395923,0.823095664580255,4
2,12,0.87708389978657,0.850752023314269,4
3,12,0.852135244608405,0.569962155068371,4
4,12,0.868780586363089,-0.192013588356035,4
1,13,0.927104874063942,0.891308177421993,4
5,13,0.857195729052671,0.464158147646716,4
2,13,0.908970413151163,0.725379299024568,4
3,13,0.849633498023447,0.87088679812947,4
4,13,0.865976445495212,0.617022203476298,4
1,14,0.9278759069474,0.869610156594386,4
5,14,0.856380762600953,0.681967791789103,4
2,14,0.907922549361294,0.840111310174219,4
3,14,0.842840640726837,0.753798007706327,4
4,14,0.872567742944495,0.534836844040787,4
1,15,0.925822823921315,0.915434034051886,4
5,15,0.900230004942905,-0.186447532601636,4
2,15,0.856582877218612,0.862266740975259,4
3,15,0.841858698580078,0.457952450492009,4
4,15,0.869158522681545,0.70597472476529,4
1,1,0.960346821208085,0.838613039579692,5
4,1,0.952119142838456,0.229390219814674,5
3,1,0.922450830529511,0.707730685761377,5
5,1,0.928748907889773,0.508297510737846,5
2,1,0.917593208237643,0.397738538253172,5
1,2,0.95842147375041,0.856205252508563,5
4,2,0.954159865925579,0.71369704202971,5
3,2,0.920530210868681,0.574186855327582,5
5,2,0.916826941646011,0.322995309821343,5
2,2,0.928669566773437,0.56311652501149,5
1,3,0.958899572485623,0.8226681795555,5
4,3,0.95419483690368,0.677695354148319,5
3,3,0.91790598978403,0.415648113702352,5
5,3,0.928584666790847,0.42911438714804,5
2,3,0.908433153436245,0.427317028139812,5
1,4,0.956312738150293,0.89974538021633,5
4,4,0.953630209398919,0.52836519591393,5
3,4,0.922954696558255,0.466467876555205,5
5,4,0.929307361619488,0.572620906841528,5
2,4,0.900281686687294,0.66575480433579,5
1,5,0.958716217427648,0.880964208790705,5
4,5,0.948891786750778,0.0691262315107347,5
3,5,0.923255322338717,0.231409800937102,5
5,5,0.914839653760393,0.313247714254625,5
2,5,0.927641367281017,0.80526785908686,5
1,6,0.958198478665272,0.876285236867401,5
4,6,0.953808178453017,0.44410711279332,5
3,6,0.920062102513365,0.590915565141839,5
5,6,0.933792120498431,0.530679764456648,5
2,6,0.900445697133025,0.71756370672328,5
1,7,0.958029754944356,0.792202388252283,5
4,7,0.948226734965139,0.854265392732633,5
3,7,0.922128309072852,0.763702595458844,5
5,7,0.902226534736662,0.322329574710618,5
2,7,0.927792828847477,0.770808175920711,5
1,8,0.958920743829391,0.855989123385366,5
4,8,0.952076174223532,0.665858223325915,5
3,8,0.920480246870634,0.606661109940436,5
5,8,0.933355429361656,0.395567194916613,5
2,8,0.903751795106428,0.8665638253236,5
1,9,0.957227896165935,0.926840098638478,5
4,9,0.948124348608473,0.0462544422691028,5
3,9,0.928442624651649,0.73987009790779,5
5,9,0.936853868640988,0.467855396133053,5
2,9,0.899068097936915,0.697501073176739,5
1,10,0.957078466178778,0.920478301715832,5
4,10,0.949765250493644,0.797842775520728,5
3,10,0.926739443059979,0.690418072464133,5
5,10,0.929150592333993,0.500515706166006,5
2,10,0.896880551865679,0.779333968564636,5
1,11,0.958890559679462,0.848424530697988,5
4,11,0.949890050550531,0.786857438404157,5
3,11,0.922073145041239,0.641610125883885,5
5,11,0.933374659787087,0.428690733697571,5
2,11,0.911986180555045,0.277106094280793,5
1,12,0.956041933292409,0.926790853434882,5
4,12,0.949963621420196,0.621145138463823,5
3,12,0.922177838125851,0.804350128931883,5
5,12,0.930632125912947,0.442526801663614,5
2,12,0.904912758208143,0.573079008916289,5
1,13,0.955027087411589,0.903779281313824,5
4,13,0.952718197240669,0.254408984590289,5
3,13,0.921607829461089,0.849579898290068,5
5,13,0.93576708200325,0.219154613430605,5
2,13,0.899888476349423,0.625176869514092,5
1,14,0.961108351546171,0.395737396628118,5
4,14,0.95449778049072,0.754974064909243,5
3,14,0.921822069236062,0.693899150553395,5
5,14,0.927915590851255,0.6405136201976,5
2,14,0.903946816737692,0.733514367197461,5
1,15,0.956804628836571,0.906189918882848,5
4,15,0.949117245601581,0.771568283935887,5
3,15,0.92754126342585,0.0905410676003955,5
5,15,0.932650267205123,0.424788217160551,5
2,15,0.89661537177503,0.757573942874006,5
1,1,0.926867570677654,0.882642763145212,6
5,1,0.851946466957741,0.336962137505869,6
2,1,0.900749502310683,0.689511431339493,6
3,1,0.850044728230824,0.2126592912224,6
4,1,0.871903031006268,0.217572300271767,6
1,2,0.927315403953096,0.815720580720918,6
5,2,0.847304175901612,0.536606666337259,6
2,2,0.898644306637042,0.443969616571031,6
3,2,0.841417536975493,0.813929410717998,6
4,2,0.873857537766893,0.729036843704309,6
1,3,0.920576848899551,0.897595099112826,6
5,3,0.849523730027376,0.768478944961657,6
2,3,0.906497605598655,0.507315965401137,6
3,3,0.842262333360797,0.645168931196801,6
4,3,0.881252736348097,0.328953810897387,6
1,4,0.934161030552692,0.458896853285101,6
5,4,0.851974416642264,0.682018339331284,6
2,4,0.902850945056538,0.730604150574602,6
3,4,0.841691218663518,0.292058093266147,6
4,4,0.870610706797804,-0.0640599013026705,6
1,5,0.92360569058035,0.871305537594422,6
5,5,0.856376445443849,0.518994527393995,6
2,5,0.907449329762182,0.690981225427598,6
3,5,0.847888826125936,0.599718679266461,6
4,5,0.866905064491954,0.800574383074779,6
1,6,0.927016650964653,0.881679604820717,6
5,6,0.85431590020805,-0.106250045370496,6
2,6,0.907259307741809,0.697236098179174,6
3,6,0.85434175491507,0.301842185543054,6
4,6,0.875235615357444,0.613433301415861,6
1,7,0.923227391667855,0.842766110671976,6
5,7,0.852771520868727,0.630904706372734,6
2,7,0.902915928697411,0.70023140642048,6
3,7,0.841726254201596,0.833608556301467,6
4,7,0.874249709176797,0.588938428653391,6
1,8,0.923215350321998,0.863042163341734,6
5,8,0.847600504608115,0.653085244752071,6
2,8,0.90250360401395,0.577839782018629,6
3,8,0.844554008483823,0.546149738748219,6
4,8,0.874497361850042,0.634965609955913,6
1,9,0.926254317166167,0.852895099095986,6
5,9,0.85520662733126,0.268077472280176,6
2,9,0.907004824743128,0.687081474591682,6
3,9,0.866144642534303,0.257124670902867,6
4,9,0.871009474558199,0.714354817239969,6
1,10,0.923827589398898,0.857409044278763,6
5,10,0.903526788897721,0.475476887389398,6
2,10,0.842574095556636,0.797167339220516,6
3,10,0.852722071812012,0.405034856983468,6
4,10,0.89053913566565,0.401279453444075,6
1,11,0.926271076935828,0.813662558434012,6
5,11,0.85366010209057,0.566641347864941,6
2,11,0.90751349979194,0.836875436716497,6
3,11,0.848755419489871,0.641655011631174,6
4,11,0.8705952898449,0.774963883547817,6
1,12,0.919789177121725,0.962175702265973,6
5,12,0.876425945293376,0.427878334468882,6
2,12,0.86361344017665,0.732456829530452,6
3,12,0.842306520558151,0.75266541751472,6
4,12,0.87408514115405,0.593581135505607,6
1,13,0.920686877893548,0.934397317693298,6
5,13,0.851534227901247,0.28568085120444,6
2,13,0.900478948429638,0.597715585476526,6
3,13,0.851664592868546,0.872547585916851,6
4,13,0.865402106634773,0.279531829117145,6
1,14,0.92045242294525,0.933008522177281,6
5,14,0.849259932859708,0.267881254513331,6
2,14,0.897740133447104,0.749098545410477,6
3,14,0.84569934780856,0.539458496514148,6
4,14,0.878575168499426,0.309899602912265,6
1,15,0.925484175790692,0.940497068581566,6
5,15,0.871116816566125,0.700423850502244,6
2,15,0.880322321106794,0.771220042919936,6
3,15,0.840957615431648,0.676696759213925,6
4,15,0.876962151485522,0.28869590197248,6
1,1,0.933305712172856,0.769881401404772,7
4,1,0.903212941670311,0.203921569679771,7
2,1,0.852251561584106,0.525961771771691,7
3,1,0.857158728011352,0.563163707103288,7
5,1,0.879437757560413,0.380018446446354,7
1,2,0.928399046364167,0.892298355582052,7
4,2,0.902937567134743,0.535505938996538,7
2,2,0.846813347235762,0.512860009260437,7
3,2,0.872096858392345,0.369380047844727,7
5,2,0.868848562244205,0.570308459900956,7
1,3,0.926724654375716,0.903452200750195,7
4,3,0.894592197187146,0.672615669905063,7
2,3,0.855353203695486,0.496955829432466,7
3,3,0.850426629308909,0.564894365965351,7
5,3,0.870469177753153,0.468011525083304,7
1,4,0.926963139226205,0.907663693054684,7
4,4,0.905874745868995,0.40631489898661,7
2,4,0.834437532996661,0.859375492090148,7
3,4,0.859354177826429,0.324851563936899,7
5,4,0.878634780248522,0.235798620650269,7
1,5,0.928666122311197,0.898377208137299,7
4,5,0.902019572771872,0.604568515631967,7
2,5,0.850507209196506,0.424167846266745,7
3,5,0.857304045976144,0.637651301299848,7
5,5,0.861830638488746,0.340776604107995,7
1,6,0.927162898120954,0.86347365892195,7
4,6,0.912474566434977,0.519022987799995,7
2,6,0.843272126958504,0.772011773993726,7
3,6,0.850359947444756,0.350045159965898,7
5,6,0.879980102933229,0.570109652857637,7
1,7,0.9260896338095,0.927463007296629,7
4,7,0.848584680399008,0.492127677929271,7
2,7,0.910589559101354,0.869508101521234,7
3,7,0.847501180757401,0.537765405812233,7
5,7,0.872526261553461,0.500819312937501,7
1,8,0.928732098454475,0.881928583497713,7
4,8,0.853031894810467,0.795913529247813,7
2,8,0.888475473395559,0.89518057244406,7
3,8,0.850220773938838,0.628671257146975,7
5,8,0.868209030148405,0.580159912527089,7
1,9,0.928136602665777,0.846310686222462,7
4,9,0.882919799951397,0.617565354470516,7
2,9,0.866772150101661,0.755976227306761,7
3,9,0.842937704851728,0.491317682320735,7
5,9,0.879237333041161,0.407590166299715,7
1,10,0.925080774300912,0.954802772383185,7
4,10,0.888247680478344,-0.0278434461165135,7
2,10,0.869697970419309,0.791094624876548,7
3,10,0.849377109600995,0.795235541894857,7
5,10,0.870804009847846,0.672527552739265,7
1,11,0.928673566828741,0.929817303953575,7
4,11,0.87049753422583,0.667861275257035,7
2,11,0.875063449192818,0.853556241873895,7
3,11,0.847822648655526,0.57910290049871,7
5,11,0.88309120545502,0.633585841180404,7
1,12,0.930387529211925,0.75964014433247,7
4,12,0.865424327066556,0.517552093048387,7
2,12,0.882966149144189,0.829556055443401,7
3,12,0.85868736021097,0.814795697989813,7
5,12,0.860433307806108,0.614607119550625,7
1,13,0.924800815507278,0.943492339140359,7
4,13,0.879507067481845,0.37907609936988,7
2,13,0.871821704007718,0.79483354791717,7
3,13,0.846824825169822,0.69161305015731,7
5,13,0.869102645930976,0.271563391640744,7
1,14,0.92893570868648,0.890903370923879,7
4,14,0.860938892363813,0.434741669318445,7
2,14,0.897126168657124,0.658671254788219,7
3,14,0.851744627018328,0.735108191615597,7
5,14,0.858468410143173,0.670214683879758,7
1,15,0.937404511085188,0.760927042215661,7
4,15,0.868896439461339,0.241942613266141,7
2,15,0.879952063978775,0.519632749972424,7
3,15,0.854374422892479,0.515326040363359,7
5,15,0.877869715243788,-0.427890433923813,7
1,1,0.959192117686207,0.958955270021555,8
2,1,0.95294400468095,0.488599387360399,8
3,1,0.923930547258033,0.626739103595109,8
5,1,0.939077939854903,0.487304641362836,8
4,1,0.918235810436905,0.674997144244223,8
1,2,0.959022606133431,0.911525757409313,8
2,2,0.952130153884726,0.728229397686254,8
3,2,0.924353097539715,0.825902712112505,8
5,2,0.937219955090354,0.566292587781993,8
4,2,0.916878692596671,0.378173031420291,8
1,3,0.959575291268163,0.91012956401085,8
2,3,0.954656238198343,0.460357662968774,8
3,3,0.925011590004805,0.618072223668858,8
5,3,0.937046279466551,0.248281443341722,8
4,3,0.926764458837506,0.678627174116699,8
1,4,0.959049781890053,0.883984147402488,8
2,4,0.952609074836763,0.718955263137637,8
3,4,0.919465496786156,0.732823332880175,8
5,4,0.939849656771768,0.540800446733595,8
4,4,0.921397515226775,0.442558282832605,8
1,5,0.962333741644503,0.727349945026786,8
2,5,0.950989828122416,0.830203501419106,8
3,5,0.924606094492519,0.548248614293491,8
5,5,0.938029625996726,0.700954604705483,8
4,5,0.919111332270293,0.707710295027856,8
1,6,0.959857500003526,0.891092711058236,8
2,6,0.952569471511013,0.507352523354693,8
3,6,0.920005451519622,0.629159872582426,8
5,6,0.939949300747573,0.498570244941306,8
4,6,0.923270351217552,0.0821602709015491,8
1,7,0.960291505522194,0.793807060893107,8
2,7,0.954390179004918,0.759365229820537,8
3,7,0.926316231761423,0.621632218108486,8
5,7,0.940808876683947,0.579423374313398,8
4,7,0.919766294898298,0.743921729184042,8
1,8,0.959494865055591,0.908318449144971,8
2,8,0.953441848624145,0.780072007223069,8
3,8,0.920017143818181,0.631215455813131,8
5,8,0.940527519028221,0.421517990438294,8
4,8,0.923558732268735,0.601020506735006,8
1,9,0.960085426671566,0.813395384827188,8
2,9,0.951305197626165,0.828078669983709,8
3,9,0.925364246503011,0.645688616935188,8
5,9,0.936419442204535,0.118342820276759,8
4,9,0.924047658131519,0.678392513726625,8
1,10,0.960889145056051,0.741286306098191,8
2,10,0.95022626036355,0.768349970793432,8
3,10,0.929385746380218,0.378556979344406,8
5,10,0.940154567432874,0.50076384438041,8
4,10,0.917280779902321,0.647827329759321,8
1,11,0.96033608603905,0.878466705158983,8
2,11,0.95551130023835,0.695852160236523,8
3,11,0.925093782218796,0.438011546296975,8
5,11,0.939874246697775,0.594317825935863,8
4,11,0.919971578725442,0.539528129432081,8
1,12,0.958379500035527,0.955485937026406,8
2,12,0.953552219547148,0.438550938758242,8
3,12,0.923480855364102,0.711383320523607,8
5,12,0.942095028361718,0.674374122630356,8
4,12,0.914922361357638,0.544398537761921,8
1,13,0.95736298083981,0.970122954402776,8
2,13,0.952082643795245,0.837520111244411,8
3,13,0.921334094950097,0.607505131401328,8
5,13,0.941251124830037,0.78246688805664,8
4,13,0.919306208274187,0.76290678932625,8
1,14,0.958689759944982,0.890517828389338,8
2,14,0.953531604305652,0.799767457739102,8
3,14,0.920950622728446,0.683488796973697,8
5,14,0.941092691049276,0.313670498667769,8
4,14,0.913860915215281,0.833761830009815,8
1,15,0.961970541085179,0.743070434096512,8
2,15,0.951337675435803,0.65992166809184,8
3,15,0.92408111902877,0.57239552297322,8
5,15,0.943562392551609,0.629203712902428,8
4,15,0.919944249238086,0.780426379922728,8
1,1,0.929578933198575,0.910428605551221,9
3,1,0.907539691940351,0.544353396951241,9
2,1,0.856843017819274,0.472420095520722,9
4,1,0.857179916934934,0.657172188743786,9
5,1,0.865373871160582,0.555470148192924,9
1,2,0.931098918220827,0.861630324634854,9
3,2,0.895298656786333,0.567166638478328,9
2,2,0.856028175979954,0.709736379104915,9
4,2,0.861559064123709,0.831279499485349,9
5,2,0.859577380568049,0.766436332567249,9
1,3,0.932252103859758,0.878145464360537,9
3,3,0.896403097145349,0.566263419214634,9
2,3,0.858068680651719,0.698793849497573,9
4,3,0.879525561644156,0.785069833130933,9
5,3,0.85688788531874,0.756574739501051,9
1,4,0.934291166873943,0.801656436286461,9
3,4,0.918892055654232,0.295630139785293,9
2,4,0.843483781070765,0.174811060253228,9
4,4,0.849529358714104,0.765524900445442,9
5,4,0.885459168441867,0.566778152393912,9
1,5,0.931939532936883,0.813356687462359,9
3,5,0.918919474253992,0.598630587026157,9
2,5,0.847760300447647,0.490985444233186,9
4,5,0.870582350412153,0.308137013474807,9
5,5,0.879384863364346,0.496920074112289,9
1,6,0.931429541619973,0.871312073742178,9
3,6,0.906223236906618,0.401450918901513,9
2,6,0.851541525599153,0.891505099091514,9
4,6,0.873698633302285,0.284459729771554,9
5,6,0.871600968826762,0.330636345647563,9
1,7,0.927053649430648,0.967986815299634,9
3,7,0.903758736743811,0.548317682764093,9
2,7,0.854246703824864,0.698823411989494,9
4,7,0.883755237434054,0.752579157693055,9
5,7,0.852917915558909,0.726149216069271,9
1,8,0.929689755104957,0.917170828009805,9
3,8,0.899873120900289,0.731042645930884,9
2,8,0.854733316749211,0.829948162413669,9
4,8,0.862279879389366,0.376278770034549,9
5,8,0.875273936806813,0.129886606006968,9
1,9,0.929769317970689,0.884958655814072,9
3,9,0.915783949202253,0.792146491988686,9
2,9,0.841795947644423,0.790396300887054,9
4,9,0.85081634780521,0.643557212230366,9
5,9,0.867591391252474,0.392730558021245,9
1,10,0.938925839417067,0.694415403990956,9
3,10,0.893915083388665,0.606961933069814,9
2,10,0.852723551910251,0.601669850695481,9
4,10,0.865907739490227,0.0076925707283936,9
5,10,0.866627358523362,0.638574618585582,9
1,11,0.930751077922756,0.852070123565689,9
3,11,0.911421332550709,0.835075212921373,9
2,11,0.84513021840536,0.613605524185396,9
4,11,0.86039240579762,0.896085959622381,9
5,11,0.869606323917661,0.638955303685587,9
1,12,0.931145926404849,0.871071485912072,9
3,12,0.911342445023954,0.738444817324829,9
2,12,0.84254767571726,0.835115174405575,9
4,12,0.854082994677018,0.675823860746215,9
5,12,0.870375596415002,0.601433875305232,9
1,13,0.927006381255542,0.92904359600192,9
3,13,0.910395593812246,0.538937837991105,9
2,13,0.842859521839973,0.446023178125159,9
4,13,0.861023661522157,0.535683979856697,9
5,13,0.868768057628314,0.274217837492916,9
1,14,0.931570360443345,0.836201410196204,9
3,14,0.895055542734916,0.606665962151252,9
2,14,0.863375221603064,0.684525664288214,9
4,14,0.865972931190772,0.261318757792425,9
5,14,0.870920102142255,0.149446543811803,9
1,15,0.930049146156295,0.921828572489176,9
3,15,0.906657763449198,0.620183364517747,9
2,15,0.855350638632857,0.39228415082068,9
4,15,0.868553483903589,0.752152172432777,9
5,15,0.854708232524755,0.5280435548121,9
1,1,0.958735259641611,0.905410218194086,10
4,1,0.931769787509342,0.577053592819148,10
2,1,0.937969405057432,0.594004536546776,10
5,1,0.915263945626263,0.634214181960523,10
3,1,0.908993046866896,0.422820268784784,10
1,2,0.960403085787986,0.829972495332522,10
4,2,0.938761561422516,0.683328062605059,10
2,2,0.932784945375977,0.823090101471497,10
5,2,0.929663415734025,0.442091832048323,10
3,2,0.894312355293229,0.75672446516057,10
1,3,0.963490504311726,0.561741806501629,10
4,3,0.942244068847726,0.606668846873301,10
2,3,0.923285709493693,0.650472443395121,10
5,3,0.929143294128716,0.502889901783896,10
3,3,0.895481019999428,0.791133557424952,10
1,4,0.95816203343977,0.92680124722644,10
4,4,0.929225569473758,0.0542719497763071,10
2,4,0.942471490503379,0.80415304878126,10
5,4,0.929958549995024,0.311675270807394,10
3,4,0.892820828601855,0.751419061481465,10
1,5,0.959093041281913,0.902160191677609,10
4,5,0.949645728206835,0.888658270376382,10
2,5,0.925877300464161,0.800047275217743,10
5,5,0.932411823104222,0.817290276935506,10
3,5,0.891675593136819,0.825813827768517,10
1,6,0.962820752662693,0.82431239361257,10
4,6,0.937509613614335,0.615146528550242,10
2,6,0.937849545226466,0.427324807600541,10
5,6,0.932632301830888,0.768341599578671,10
3,6,0.891494559080725,0.637162667043456,10
1,7,0.958090008671935,0.934850764725413,10
4,7,0.943979765191256,0.530466925522488,10
2,7,0.921949671467835,0.60120192932924,10
5,7,0.913422987689198,0.698513540048699,10
3,7,0.907125249151743,0.736691293300765,10
1,8,0.960528403612199,0.845419237219657,10
4,8,0.947819708525459,0.544801791445416,10
2,8,0.921996887394791,0.831067820372342,10
5,8,0.929699204741299,0.652884047082378,10
3,8,0.891349904383639,0.516786469352505,10
1,9,0.959160335764727,0.897762834951495,10
4,9,0.937647471917446,0.324164848567589,10
2,9,0.930338647183643,0.691183867294676,10
5,9,0.93006589352246,0.752099011777028,10
3,9,0.895032282962702,0.711377048445788,10
1,10,0.958597008075724,0.902704243839983,10
4,10,0.941323914179446,0.364881424466098,10
2,10,0.924473216221916,-0.083891532441312,10
5,10,0.933752193692694,0.154242300965581,10
3,10,0.884902785064915,0.566316752436104,10
1,11,0.959224758184893,0.906108234115983,10
4,11,0.947248133453512,0.714798905123268,10
2,11,0.924224245464511,0.825634918172522,10
5,11,0.93443207514206,0.441719413854803,10
3,11,0.885515003546419,0.595530983723493,10
1,12,0.958222428983082,0.925208515163567,10
4,12,0.937513354685667,0.631145053171357,10
2,12,0.934303911858424,0.733063855216085,10
5,12,0.929665044711092,0.447046977058761,10
3,12,0.896144547473701,0.509713637066765,10
1,13,0.958509995649152,0.899332086469389,10
4,13,0.938080014169127,0.467588237317414,10
2,13,0.929884078061248,0.739823672252784,10
5,13,0.931067928414162,0.768105437630393,10
3,13,0.890901080086278,0.422912798431015,10
1,14,0.959558603590416,0.893063047675662,10
4,14,0.938269685358522,0.685408271701543,10
2,14,0.92813426794693,0.0879692928026357,10
5,14,0.910126210849206,0.564176705631834,10
3,14,0.926820759650859,0.494367301572854,10
1,15,0.961000727211583,0.827490406432294,10
4,15,0.930507392182918,0.692469779607427,10
2,15,0.934648186584989,0.897958997606096,10
5,15,0.92223064812191,0.214476701133929,10
3,15,0.906599797920041,0.261717342555701,10
1,1,0.959489584265563,0.869844261285728,11
4,1,0.941328958198112,0.629606068885605,11
2,1,0.932538215977931,0.715270503685513,11
5,1,0.905984893783722,0.585810954013744,11
3,1,0.930193647405076,0.403038542485942,11
1,2,0.959172336202954,0.867542298375612,11
4,2,0.935928697240548,0.483488699522305,11
2,2,0.932991072764091,0.782308081358999,11
5,2,0.918804990996752,0.692198823539763,11
3,2,0.910267147330554,0.774410217815492,11
1,3,0.95912978171629,0.910214738884309,11
4,3,0.936077704600417,0.856381343413817,11
2,3,0.934478374301099,0.705961130418523,11
5,3,0.90769006321074,0.529584190427189,11
3,3,0.925316182362437,0.892913579082252,11
1,4,0.957710023746958,0.926783156136822,11
4,4,0.936533901683944,0.441273362896284,11
2,4,0.936437065255652,0.247067250622643,11
5,4,0.911174470255039,0.206739308719232,11
3,4,0.923234661113339,0.681535567662291,11
1,5,0.959921214429447,0.790515991418558,11
4,5,0.946004669559994,0.452642416433834,11
2,5,0.927298561935883,0.79100790055139,11
5,5,0.902836481594535,0.797017995980515,11
3,5,0.931727229143231,0.570336571982773,11
1,6,0.957208928250027,0.957926382289925,11
4,6,0.946687839320389,0.335439603737714,11
2,6,0.922531936525314,0.633794703280422,11
5,6,0.927679467724295,0.656158673318542,11
3,6,0.905411300863353,0.73648202460955,11
1,7,0.959902918213349,0.858460337885919,11
4,7,0.941968810795978,0.751844560587474,11
2,7,0.927772267618865,0.923200340856881,11
5,7,0.930033500269217,0.142619742715864,11
3,7,0.903891762161982,0.641316485261656,11
1,8,0.960402199479659,0.849471841401151,11
4,8,0.936199744981942,0.347217612573372,11
2,8,0.938470715610935,0.60056550816699,11
5,8,0.913143688449959,0.160115613464955,11
3,8,0.92859239620328,0.247300790144971,11
1,9,0.961233759443089,0.826794105168176,11
4,9,0.948286082475776,0.711227811011259,11
2,9,0.926894434495878,0.727103154995229,11
5,9,0.914216566783055,0.636283232299127,11
3,9,0.922737857233711,0.777273393971346,11
1,10,0.958426856930237,0.854534438249699,11
4,10,0.935909062694291,0.547444915392829,11
2,10,0.936869297801684,0.743232075718027,11
5,10,0.91118253021429,0.404758387640254,11
3,10,0.932387185931958,0.433067854926814,11
1,11,0.959683160877765,0.912346927970623,11
4,11,0.932777395042933,0.826547600790985,11
2,11,0.938531927492362,0.700745588912209,11
5,11,0.914620285974872,0.48228924369664,11
3,11,0.920526923316074,0.48235429362769,11
1,12,0.959655691044574,0.894741141977421,11
4,12,0.92579073029603,0.0641889481619986,11
2,12,0.944955100641372,0.895571924425746,11
5,12,0.906639936357425,0.39938309315235,11
3,12,0.92596147820188,0.498429498867043,11
1,13,0.959988498512026,0.793376891575516,11
4,13,0.936016330634078,0.369882210490556,11
2,13,0.936618697595672,0.737186362058233,11
5,13,0.928909986744748,0.284283181063582,11
3,13,0.902062273400002,0.670399115802706,11
1,14,0.960722123458838,0.773341856748435,11
4,14,0.939305086632221,0.756619410696375,11
2,14,0.931365544224983,0.648065111244617,11
5,14,0.912110654664274,0.500849568599773,11
3,14,0.927435552817512,0.381156633010442,11
1,15,0.957959052726963,0.958614716242613,11
4,15,0.947036305866209,0.730850675639184,11
2,15,0.919556050276237,0.778323263943596,11
5,15,0.904109467481616,0.818580883194703,11
3,15,0.926929539997665,0.699923037585879,11
1,1,0.924459423234219,0.856772168478576,12
3,1,0.902320135354079,0.695408973461387,12
2,1,0.842315009911554,0.741495341508032,12
4,1,0.854098691997664,0.69736757103766,12
5,1,0.870409904743006,0.473180170080984,12
1,2,0.924637017383312,0.843193194260255,12
3,2,0.909383708680443,0.644374936401068,12
2,2,0.838543650158698,0.784326404973667,12
4,2,0.85183385927246,0.268061606500819,12
5,2,0.888106718394462,0.52008955988203,12
1,3,0.923751229681564,0.840357263672374,12
3,3,0.907443170853252,0.728436687087522,12
2,3,0.84185255381987,0.565690256227036,12
4,3,0.848532428483913,0.326035516219859,12
5,3,0.876073932407247,0.392234725822976,12
1,4,0.923485098779056,0.828906025753327,12
3,4,0.89470145947121,0.388258426687118,12
2,4,0.855886330372209,0.595106129069631,12
4,4,0.849597367933429,0.524366595734722,12
5,4,0.881300718388379,0.475064164435267,12
1,5,0.917362673185459,0.959913630318187,12
3,5,0.89189543847929,0.748818979589906,12
2,5,0.869289532171202,0.291004169578865,12
4,5,0.841318881013508,0.642660005486735,12
5,5,0.875370656016384,0.351970335094808,12
1,6,0.923170032307636,0.86631681901697,12
3,6,0.904651446789012,0.69544560745305,12
2,6,0.848461097926598,0.603825038405799,12
4,6,0.85858478556112,0.618197891672209,12
5,6,0.867374028697288,0.672000069390863,12
1,7,0.930590733915974,0.81944201463456,12
3,7,0.905112239438597,0.678398010524694,12
2,7,0.844627179881071,0.41914166800588,12
4,7,0.841310550956197,0.698439626199596,12
5,7,0.872816754432972,0.684712682943192,12
1,8,0.925665274400941,0.77254813584371,12
3,8,0.895971863176143,0.236763169886766,12
2,8,0.858798853042598,0.651216134312901,12
4,8,0.851032345284312,0.403750722132491,12
5,8,0.877980834513139,0.668011179937908,12
1,9,0.929549277574703,0.595206193363159,12
3,9,0.903136619584203,0.685671340871255,12
2,9,0.853691596585033,0.849806051216096,12
4,9,0.854262847334475,0.53437117637319,12
5,9,0.862664616123426,0.366740667171098,12
1,10,0.921330321661487,0.950630347038282,12
3,10,0.88835401482218,0.222372261976129,12
2,10,0.866992176924315,0.788110006664724,12
4,10,0.863202048548567,0.258952977253157,12
5,10,0.865946856034357,0.454069253400908,12
1,11,0.921413494554832,0.941118692977203,12
3,11,0.912081779851273,0.395453354042464,12
2,11,0.838743749478516,0.620510287725051,12
4,11,0.852047392561258,0.86550471116725,12
5,11,0.876599232868373,0.591266838654378,12
1,12,0.925328991221286,0.821504088834831,12
3,12,0.898503382202893,0.651571703031379,12
2,12,0.857704569881446,0.409995190537957,12
4,12,0.857511985328047,0.734041144275517,12
5,12,0.872047204045824,0.470100449523458,12
1,13,0.923822267904581,0.858578144649043,12
3,13,0.901694713382509,0.495252847891913,12
2,13,0.86239329548914,0.761397383727963,12
4,13,0.840260268745855,0.598875475239237,12
5,13,0.880530674524321,0.374067606573813,12
1,14,0.922807608789922,0.670864872913409,12
3,14,0.891015225197207,0.688211122711787,12
2,14,0.862909990721412,0.715239038355645,12
4,14,0.85173210861425,0.706894027954153,12
5,14,0.86306556725096,0.584081949973827,12
1,15,0.920892857674224,0.931796083503235,12
3,15,0.89259456434985,0.833109010931256,12
2,15,0.852937151099976,0.669996683761893,12
4,15,0.848054232176088,0.304748434177479,12
5,15,0.874421271292853,0.482366040345429,12
1,1,0.962287339072207,0.769056766879442,13
2,1,0.949937413570996,0.734987605958789,13
3,1,0.91933583098389,0.897220657460352,13
4,1,0.914645179266152,0.42430562143454,13
5,1,0.922380667816093,0.397999500244564,13
1,2,0.959650997189576,0.925048672528628,13
2,2,0.951255200622026,0.689592177261947,13
3,2,0.921284371366062,0.73743182394935,13
4,2,0.922364806813499,0.633762508362334,13
5,2,0.913452370462575,0.669587240547346,13
1,3,0.959122798891899,0.905949769812921,13
2,3,0.951406586282996,0.466919322558571,13
3,3,0.921821454750264,0.775822903820686,13
4,3,0.911790050530847,0.843319774846689,13
5,3,0.921171650803372,0.434419664790055,13
1,4,0.962776460865793,0.775609260267277,13
2,4,0.952348087076129,0.674007886878605,13
3,4,0.924479902473217,0.295401012852511,13
4,4,0.918799893137292,0.517938175498592,13
5,4,0.920568574516297,0.245776695513706,13
1,5,0.961704345264699,0.70250666203198,13
2,5,0.950004488186658,0.549963543899264,13
3,5,0.923807882365333,0.424538420914296,13
4,5,0.909736544060306,0.514010698859935,13
5,5,0.92268391855953,0.59567220060543,13
1,6,0.957825245653878,0.899845523508399,13
2,6,0.952658102336537,0.63488325803891,13
3,6,0.921074485490799,0.826715309859933,13
4,6,0.91370082751515,0.767454818761904,13
5,6,0.91194793547439,0.624091489842748,13
1,7,0.959281729667145,0.920870559497456,13
2,7,0.954966086041914,0.74537386455624,13
3,7,0.923609596492387,0.584614564125885,13
4,7,0.916743831951051,0.511487792744502,13
5,7,0.91550114907278,0.419796538016672,13
1,8,0.958719009933942,0.94864788491807,13
2,8,0.952216103199102,0.809573539312636,13
3,8,0.924885646591299,0.547368803499048,13
4,8,0.912696265096091,0.617776573953539,13
5,8,0.914957085060019,0.398102798148981,13
1,9,0.959239742895606,0.943667635027742,13
2,9,0.952401963142715,0.78711857897202,13
3,9,0.924379306872842,0.820397919154833,13
4,9,0.926315957812908,0.472371824783667,13
5,9,0.915927432571482,0.716617294497968,13
1,10,0.961115733746503,0.820879627079462,13
2,10,0.951005228381687,0.83995601358225,13
3,10,0.933302677395417,0.460167431866434,13
4,10,0.92413427887505,0.557088555762537,13
5,10,0.907486756772112,0.468068881962091,13
1,11,0.959676108064877,0.889750063861438,13
2,11,0.951583305532638,0.771805085731665,13
3,11,0.92279298066063,0.464799765547668,13
4,11,0.918341640905618,0.283563476367712,13
5,11,0.919270459606113,0.613314003343058,13
1,12,0.961718666920122,0.786594081575844,13
2,12,0.949274455248431,0.765014500253426,13
3,12,0.919953284318173,0.382624731770595,13
4,12,0.913765645548214,0.227208474269532,13
5,12,0.92363816209275,0.317717262299982,13
1,13,0.959388808150161,0.934987269363664,13
2,13,0.950933225554925,0.44593018299937,13
3,13,0.92122157648436,0.515854891563146,13
4,13,0.914365935042788,0.57305726135984,13
5,13,0.920155108759556,0.629897973058195,13
1,14,0.960521636661557,0.846280228419296,13
2,14,0.951410375389659,0.743741285720228,13
3,14,0.921876882668325,0.520763836772187,13
4,14,0.926440972886391,0.307605814598931,13
5,14,0.913697362461696,0.44455491561638,13
1,15,0.959266237310636,0.905328274390107,13
2,15,0.952128288374928,0.564594069238978,13
3,15,0.922524961305114,0.607469396155823,13
4,15,0.920674196807726,0.774686566184656,13
5,15,0.907286731542262,0.446480223213001,13
1,1,0.95722205127301,0.837828661535871,14
2,1,0.949024210008231,0.70330978465668,14
3,1,0.929489814785604,0.130195367001712,14
4,1,0.932347685575423,0.439902487569928,14
5,1,0.892433928860572,0.428581427199909,14
1,2,0.958080776287062,0.90445790938923,14
2,2,0.952516880168902,0.820437824402221,14
3,2,0.929154049280547,0.682328307122667,14
4,2,0.920272304984398,0.549520105830173,14
5,2,0.905134407882467,0.587897243805958,14
1,3,0.95826311009427,0.906163631806091,14
2,3,0.951024742085052,0.600767944105644,14
3,3,0.934671201413671,0.792390304078734,14
4,3,0.912108123709692,0.695939478157715,14
5,3,0.912382687646554,0.720504562737944,14
1,4,0.956734094898287,0.922639914890668,14
2,4,0.951128521578154,0.828395954522672,14
3,4,0.934198237143434,0.590238560619308,14
4,4,0.918189876035665,0.678213356617943,14
5,4,0.903197881481131,0.6376524819138,14
1,5,0.962219713674742,0.60830039513925,14
2,5,0.950356411395622,0.211919498551965,14
3,5,0.927936229421821,0.630280901368649,14
4,5,0.908522519125903,0.555711611629213,14
5,5,0.928745193596781,0.304967732453461,14
1,6,0.956343282123003,0.941130408713869,14
2,6,0.949570030601526,0.254574901768335,14
3,6,0.924256851626597,0.688818051175422,14
4,6,0.90324083613536,0.336847962344791,14
5,6,0.927597060131513,0.431441749270818,14
1,7,0.958897381479781,0.860759655792314,14
2,7,0.953525477379473,0.624490508536987,14
3,7,0.929950965453715,0.770571905118453,14
4,7,0.913441220262508,0.674931963273906,14
5,7,0.918787215529801,0.655362927816313,14
1,8,0.95794444311219,0.905576541966019,14
2,8,0.952431849257478,0.767066730498385,14
3,8,0.922378378631166,0.641953542015652,14
4,8,0.91505872368321,0.509719917395987,14
5,8,0.914644516420199,0.440797578078758,14
1,9,0.958234072092364,0.900152035918637,14
2,9,0.952705559464149,0.734735970357797,14
3,9,0.929643422576539,0.596744534331543,14
4,9,0.921469677201911,0.62669978514995,14
5,9,0.905726916752909,0.661525456077717,14
1,10,0.958733721655713,0.865482895928744,14
2,10,0.953114167819191,0.545264987954201,14
3,10,0.924290606180636,0.156858399330102,14
4,10,0.91345474131095,0.0733340455569986,14
5,10,0.932983508142776,0.44248457274565,14
1,11,0.958284654876001,0.864120827503764,14
2,11,0.953602959970515,0.599382640878074,14
3,11,0.928593202116315,0.676721782008265,14
4,11,0.931596513051626,0.499685399629743,14
5,11,0.894943494684776,0.758777685896028,14
1,12,0.957677863128709,0.867783583744673,14
2,12,0.952815767247943,0.759576542069657,14
3,12,0.924825568013404,0.550140774076835,14
4,12,0.90708517037442,0.790134297498406,14
5,12,0.91070481731773,0.704594978231351,14
1,13,0.95782792390791,0.880548625536855,14
2,13,0.951794901975608,0.839424483270539,14
3,13,0.9314202201274,0.0903931654704018,14
4,13,0.89379880147433,0.422130948434466,14
5,13,0.92450063237298,0.163995590955419,14
1,14,0.960082598722896,0.80266129261835,14
2,14,0.952742574970577,0.878330962897885,14
3,14,0.925539254856803,0.770855658540663,14
4,14,0.919630949795261,0.711155756594007,14
5,14,0.907517033809758,0.609835299783574,14
1,15,0.957353656761956,0.785019460958259,14
2,15,0.954071159544486,0.643159884401653,14
3,15,0.935891667229034,0.54663535094883,14
4,15,0.901469601697103,0.577051286436633,14
5,15,0.920579086891781,0.584713723664057,14
1,1,0.960735484281066,0.821411340171961,15
2,1,0.957742939715792,0.732113356088744,15
4,1,0.92548009268372,0.77793334349549,15
5,1,0.919237205823415,0.49981271078719,15
3,1,0.929128685310264,0.345724106553695,15
1,2,0.959147255346667,0.942118758494551,15
2,2,0.956363160365413,0.728347095852746,15
4,2,0.921157055498206,0.757127286158412,15
5,2,0.924456818913159,0.500702092300629,15
3,2,0.923994692677717,0.584228101115978,15
1,3,0.962409489383786,0.770380047492157,15
2,3,0.956462489171652,0.502190868010953,15
4,3,0.922008985767478,0.234015315567647,15
5,3,0.925451106295196,0.608675982922687,15
3,3,0.92955800854596,0.668432924900768,15
1,4,0.960454523002586,0.873564082610279,15
2,4,0.958844547892113,0.760489489407616,15
4,4,0.922948446991854,0.84190073179874,15
5,4,0.921412415966342,0.618052488951539,15
3,4,0.930226316137411,0.665024896219832,15
1,5,0.960840116470435,0.880532125197394,15
2,5,0.955661444980946,0.385373662220498,15
4,5,0.92365727510674,0.648954656955368,15
5,5,0.931849489549422,0.454137049412722,15
3,5,0.921895644315303,0.595292453368118,15
1,6,0.961174897403624,0.856028871906968,15
2,6,0.955485953242105,0.735326077303117,15
4,6,0.928323193637497,0.56227390362541,15
5,6,0.925229621899914,0.578075857771693,15
3,6,0.926086024631358,0.730784418894441,15
1,7,0.958597815490152,0.932906410927082,15
2,7,0.956347695089719,0.302795885053918,15
4,7,0.922806187497686,0.705007912316795,15
5,7,0.92119317405452,0.874690292971893,15
3,7,0.924245681488517,0.712883652601989,15
1,8,0.958392404710905,0.892352657633649,15
2,8,0.956316795549948,0.889284013560359,15
4,8,0.920144455770628,0.469702949076426,15
5,8,0.921908430114007,0.530026045441804,15
3,8,0.929536088340038,0.568424639951029,15
1,9,0.961308319467652,0.831922271932742,15
2,9,0.957821901442025,0.214668657358852,15
4,9,0.923369699385771,0.382855280840582,15
5,9,0.923502198611167,0.510613545253538,15
3,9,0.934434313631943,0.307594876703225,15
1,10,0.9591845778319,0.894077766503213,15
2,10,0.952410601138461,0.68927136892087,15
4,10,0.925285040571354,0.529660734703998,15
5,10,0.917881618849203,0.274076927800266,15
3,10,0.932820395677628,0.36356876673153,15
1,11,0.961296286805783,0.630852617746101,15
2,11,0.956922064519459,0.647559748768434,15
4,11,0.928286352987462,0.533156392362218,15
5,11,0.921602340088245,0.686774130951457,15
3,11,0.922564331389449,0.700216560011952,15
1,12,0.95997842705509,0.836513671509778,15
2,12,0.955108850428548,0.791980907185606,15
4,12,0.921664326704988,0.687355594901805,15
5,12,0.922220506222423,0.465223103981046,15
3,12,0.92474768794069,0.55543955405082,15
1,13,0.958882153670217,0.94949079292228,15
2,13,0.955149559894129,0.719201855477923,15
4,13,0.925022064518495,0.438070077324209,15
5,13,0.914802577265419,0.642720757082835,15
3,13,0.92711280767601,0.722653790640674,15
1,14,0.960569049967605,0.868672163329579,15
2,14,0.954955101860748,0.766718007767626,15
4,14,0.920904206365171,0.616062419261485,15
5,14,0.921170544468885,0.712251879102898,15
3,14,0.929674859018385,0.716565129343664,15
1,15,0.959554555677483,0.914137158653494,15
2,15,0.959405816142052,0.553609234012169,15
4,15,0.919383078814903,0.581267767735623,15
5,15,0.928813396309126,0.375284770932192,15
3,15,0.929236859937809,0.543263663363721,15
1,1,0.925614232516073,0.900104395462504,16
4,1,0.861529309290796,0.679549648276326,16
2,1,0.882803951602131,0.618421399754891,16
3,1,0.852830459866435,0.519148172910573,16
5,1,0.87580458854551,0.600748820256525,16
1,2,0.924597383815352,0.921203317796408,16
4,2,0.873236153890529,0.849866838848008,16
2,2,0.860374677809563,0.732777163877821,16
3,2,0.845550855721274,0.63655519873928,16
5,2,0.88146105305105,0.391800055996597,16
1,3,0.927032673312146,0.854398023074334,16
4,3,0.88850783985724,0.730032635277206,16
2,3,0.864116219833144,0.71842147837408,16
3,3,0.844584070404173,0.720253048803279,16
5,3,0.875117270463316,0.580625391134359,16
1,4,0.928330412040087,0.787066952989859,16
4,4,0.850081209520061,0.648659409454184,16
2,4,0.902465168458296,0.880484522003957,16
3,4,0.852528079530763,0.444198107720005,16
5,4,0.871283648708561,0.746751011026826,16
1,5,0.925841084349302,0.847994480983752,16
4,5,0.869566150450728,0.637474673679409,16
2,5,0.878340637290426,0.694551041646704,16
3,5,0.845733613681596,0.68806762033161,16
5,5,0.867409885639965,0.527921760527612,16
1,6,0.926567415309123,0.883628583659398,16
4,6,0.85987552799587,0.532415526135176,16
2,6,0.885516972462218,0.567205884708352,16
3,6,0.858985893624157,0.340272426209843,16
5,6,0.880384098342557,0.195137039982501,16
1,7,0.926201838191244,0.876379053621176,16
4,7,0.866772717232342,0.234662523533383,16
2,7,0.877929490699893,0.706151758011328,16
3,7,0.842638135881797,0.796867455043502,16
5,7,0.873563291526198,0.322707957595125,16
1,8,0.931165023909817,0.765862616941587,16
4,8,0.882282859333146,0.295013532047237,16
2,8,0.866478383132922,0.877455990739563,16
3,8,0.853963866279919,0.646502419502731,16
5,8,0.867026590372522,0.494153746192923,16
1,9,0.928130544412843,0.812107241818534,16
4,9,0.888208009692305,0.235368529797062,16
2,9,0.864908973080424,0.146419872303996,16
3,9,0.846943427767563,0.824198381811901,16
5,9,0.873084903573154,0.457070286415351,16
1,10,0.927089791519811,0.880364425289405,16
4,10,0.859515799007657,0.793088540238619,16
2,10,0.877665830220638,0.82597441321751,16
3,10,0.849973127906205,0.293133125756383,16
5,10,0.874110827514255,0.588385594418624,16
1,11,0.925034406613454,0.837695496072512,16
4,11,0.900061166781612,-0.109031567363439,16
2,11,0.849478116384257,0.755796942709475,16
3,11,0.847058206616113,0.806086025822951,16
5,11,0.87433458910062,0.646907033015311,16
1,12,0.92374945284567,0.929947126402326,16
4,12,0.899264819766708,0.645017476930012,16
2,12,0.847513948047214,0.724678101332952,16
3,12,0.846117475744602,0.716391513036086,16
5,12,0.879716711566652,0.457581115768445,16
1,13,0.928597375481021,0.785258911719099,16
4,13,0.858544222297946,0.21173761913978,16
2,13,0.892540204181568,0.823426558328354,16
3,13,0.850758696404483,0.341661973282139,16
5,13,0.870953251707725,-0.119241487995125,16
1,14,0.923663201643704,0.916797772605375,16
4,14,0.852225879927893,0.252177456580005,16
2,14,0.906029379246201,0.268796339014074,16
3,14,0.854222458317056,0.405180336623992,16
5,14,0.876394670445283,0.496010040304156,16
1,15,0.924254118953081,0.924480437763779,16
4,15,0.878518438598799,0.728686329800548,16
2,15,0.871053700868893,0.673149779786632,16
3,15,0.847071415249686,0.575977305564949,16
5,15,0.871482492694718,0.3384660783119,16
1,1,0.959708955612979,0.85538284377459,17
2,1,0.95423304913561,0.570298979467745,17
3,1,0.919991618766817,0.480181107761432,17
5,1,0.917640944435578,0.187146586267367,17
4,1,0.921026851615622,0.328606007627271,17
1,2,0.95929083145316,0.7679731352788,17
2,2,0.950039179555745,0.739150915366245,17
3,2,0.923280832172513,0.407661594949885,17
5,2,0.93373807242061,0.358822168328427,17
4,2,0.897260192507682,0.622244150397541,17
1,3,0.956590685115399,0.947981178632371,17
2,3,0.954699898008243,0.0369662900577636,17
3,3,0.916691694290448,0.613105289471393,17
5,3,0.925779012461797,0.617953629278077,17
4,3,0.910238452668664,0.541203733776667,17
1,4,0.954912573419954,0.946826028259561,17
2,4,0.952576573041685,0.838950331650275,17
3,4,0.917156089114985,0.64480312153804,17
5,4,0.915632066467051,0.757771032155991,17
4,4,0.918113482595573,0.809006475898418,17
1,5,0.956925660483344,0.922827556064908,17
2,5,0.954609966673074,0.658367635562679,17
3,5,0.917698476776599,0.407002949378323,17
5,5,0.906541740685477,0.78043846738597,17
4,5,0.922626444109147,0.628908921467062,17
1,6,0.962256425013587,0.553746854212025,17
2,6,0.952287624096636,0.856056017068654,17
3,6,0.9191750484306,0.431001224225451,17
5,6,0.903134474484678,0.577738937183822,17
4,6,0.927942673879888,0.595363955279992,17
1,7,0.956026960998069,0.943949381669871,17
2,7,0.957386902786009,0.707947228035198,17
3,7,0.913468879986115,0.574983534159723,17
5,7,0.915474955107999,0.484483003947601,17
4,7,0.926902121945993,0.828057707845694,17
1,8,0.959924481560454,0.808875843407032,17
2,8,0.956804584077288,0.623685086384983,17
3,8,0.914186969988145,0.863150528645541,17
5,8,0.930085089766349,0.711378394432802,17
4,8,0.905351288404809,0.763477852313918,17
1,9,0.956945953175264,0.933304127877228,17
2,9,0.953821579774704,0.740525707466447,17
3,9,0.915000650227776,0.852314388587339,17
5,9,0.907912689884285,0.417614295074862,17
4,9,0.917881441110505,0.738198190938914,17
1,10,0.957719564178658,0.895574988829795,17
2,10,0.952860156883185,0.523844234268378,17
3,10,0.915898943019579,0.676525353878099,17
5,10,0.911268199618661,0.81090858620284,17
4,10,0.926319984158985,0.390620260087467,17
1,11,0.957307871733376,0.904065254449597,17
2,11,0.952946503343636,0.734100382950292,17
3,11,0.925024767374965,0.699386065220714,17
5,11,0.912814880237848,0.673393810304487,17
4,11,0.917352163458346,0.538795545983811,17
1,12,0.958397400647343,0.880389718128894,17
2,12,0.949158662572066,0.744870726222478,17
3,12,0.91856898151613,0.42701758206404,17
5,12,0.914045194230034,0.365241056206845,17
4,12,0.918049105273576,0.563150530896446,17
1,13,0.958813604141281,0.862023256033076,17
2,13,0.947127586278794,0.826640968418389,17
3,13,0.918918916406681,0.698539816294329,17
5,13,0.922020065744848,0.81460378335154,17
4,13,0.90676134509384,0.839262270501647,17
1,14,0.958137424341794,0.901669334496187,17
2,14,0.956187546347182,0.591105406160739,17
3,14,0.920885462200908,0.453770745287797,17
5,14,0.921318188187816,0.487470104892997,17
4,14,0.91730548554096,0.41748716539179,17
1,15,0.960553738393059,0.766156398825338,17
2,15,0.9536347851451,0.874504003283659,17
3,15,0.91652365925351,0.560410573053892,17
5,15,0.919766066607858,0.148976472196135,17
4,15,0.922239913841916,0.166140666265039,17
1,1,0.96193885630818,0.853595213553556,18
3,1,0.948333456489034,0.871495812974467,18
4,1,0.919410551007328,0.19978764438245,18
5,1,0.918612590595243,0.431652219082518,18
2,1,0.94126995328618,0.732752404800561,18
1,2,0.961863639820043,0.848117715875924,18
3,2,0.947295852081187,0.726889894381036,18
4,2,0.924673977659625,0.622098553526196,18
5,2,0.915181506429506,-0.0548375705550718,18
2,2,0.931571071014083,0.858460722665343,18
1,3,0.958337161103355,0.934356484103789,18
3,3,0.950500766418381,0.345250042306117,18
4,3,0.918284871825676,0.490635075107456,18
5,3,0.928995305019608,0.435307927913428,18
2,3,0.917756729652225,0.79595356255812,18
1,4,0.960689201087667,0.955862711325319,18
3,4,0.948521447617956,0.742669671707987,18
4,4,0.921315814569383,0.663005214132043,18
5,4,0.927006656250002,0.0514368570856703,18
2,4,0.916976300761318,0.636156626463988,18
1,5,0.960196580725963,0.89151062889246,18
3,5,0.948257537758804,0.721875740526314,18
4,5,0.924553898332964,0.548776848570948,18
5,5,0.924311886272885,0.31471068808348,18
2,5,0.927432737418691,0.663679472377012,18
1,6,0.961565311421716,0.895773377893406,18
3,6,0.94789430343927,0.824007223643541,18
4,6,0.919407913947678,0.694036743301072,18
5,6,0.915251713113023,0.33593550824058,18
2,6,0.933345235767061,0.684881093118995,18
1,7,0.961756587211377,0.841339272517503,18
3,7,0.947622272972605,0.790024723060709,18
4,7,0.926879098160533,0.625196849803442,18
5,7,0.928533193796699,0.688776020676046,18
2,7,0.914752079509766,0.870094376070329,18
1,8,0.964121493635285,0.649923332232708,18
3,8,0.951305437924493,0.524576565538903,18
4,8,0.919573628183958,0.780421283444791,18
5,8,0.910755115335905,0.369444988712077,18
2,8,0.935951130601291,0.411068460543919,18
1,9,0.960137647879633,0.916615178247728,18
3,9,0.946646299980703,0.596018259555976,18
4,9,0.920608362830749,0.788079919466589,18
5,9,0.913781442467555,0.343305335686783,18
2,9,0.928223729294714,0.675439813132345,18
1,10,0.959558502350147,0.944567620956263,18
3,10,0.950193721068575,0.644447012977375,18
4,10,0.920626449910001,0.781652983190843,18
5,10,0.913314525223865,0.49396815010398,18
2,10,0.933844073942676,0.262922764739345,18
1,11,0.960155192660164,0.949182658573998,18
3,11,0.947958743428819,0.306449443961405,18
4,11,0.921750711569515,0.688700052664922,18
5,11,0.913805328988071,0.570803857782769,18
2,11,0.938681357034624,0.688627868511846,18
1,12,0.961356427671723,0.863183637711699,18
3,12,0.945587044953989,0.692890116171507,18
4,12,0.925518348860961,0.632569266870545,18
5,12,0.942023938760422,-0.244752961309561,18
2,12,0.91187923849527,0.699538991311943,18
1,13,0.960913570802965,0.798857683636605,18
3,13,0.947953218489769,0.641354492580297,18
4,13,0.921640243883094,0.275388938348291,18
5,13,0.918697676878198,0.281826215131211,18
2,13,0.923043273129241,0.891164175412792,18
1,14,0.961902551377454,0.839807059067948,18
3,14,0.949662492024287,0.676000391850661,18
4,14,0.921343629891286,0.246033028093669,18
5,14,0.91717610577084,0.143044935371816,18
2,14,0.935447537962719,0.567976082759757,18
1,15,0.961508118078085,0.83993793451522,18
3,15,0.949454810438181,0.610980295498441,18
4,15,0.923185935172673,0.810466784131043,18
5,15,0.910362330367915,0.669370005612788,18
2,15,0.935157020382054,0.629769697416988,18
1,1,0.907644445464972,0.838680132333129,19
5,1,0.780195623594723,0.61712129690628,19
2,1,0.874291786373723,0.775447486061918,19
4,1,0.789192796541917,0.603398631439995,19
3,1,0.835465012902061,0.750825856806382,19
1,2,0.907534349905214,0.827209631030194,19
5,2,0.796352303278995,0.301716277765587,19
2,2,0.858960616070789,0.804275042431568,19
4,2,0.801845811619336,0.702805904061442,19
3,2,0.840610039385705,0.670978680283712,19
1,3,0.907728181849962,0.887320538194272,19
5,3,0.782174654933005,0.652935203642104,19
2,3,0.867335758768922,0.785500433934399,19
4,3,0.800835930758202,0.568132354766431,19
3,3,0.843719601069725,0.605890163648022,19
1,4,0.906698188473979,0.899390999269918,19
5,4,0.800353362385732,0.257425017397327,19
2,4,0.854456488940304,0.781332621249665,19
4,4,0.808416036655394,0.55733332675899,19
3,4,0.843782579564216,0.679734275237082,19
1,5,0.905647758748504,0.921378391100259,19
5,5,0.792917895020272,0.316843800046435,19
2,5,0.870109199307887,0.66148260047017,19
4,5,0.794614482053201,0.61246868902653,19
3,5,0.841029774325349,0.492305044876578,19
1,6,0.915645718472756,0.724281461376579,19
5,6,0.821954683723261,0.544486309848173,19
2,6,0.832672803379844,0.692389321101365,19
4,6,0.795593383942371,0.621549244002327,19
3,6,0.850532470363467,0.265921262443733,19
1,7,0.9109496790041,0.793989802669556,19
5,7,0.791260974997307,0.531003783851709,19
2,7,0.857355343635195,0.34233908840789,19
4,7,0.791942608257984,0.526068371531431,19
3,7,0.846299501571269,0.564459387334366,19
1,8,0.906797028514953,0.896350854321639,19
5,8,0.778435750480239,0.728900775054171,19
2,8,0.874416304238364,0.877569818042168,19
4,8,0.803772812151238,0.553234758622526,19
3,8,0.841362289988023,0.5151027782346,19
1,9,0.907164673773555,0.852480705213101,19
5,9,0.803758759834352,0.779572491687604,19
2,9,0.845755656391487,0.574009112179005,19
4,9,0.797225359375866,0.339894266135828,19
3,9,0.846555233140325,0.406399026272556,19
1,10,0.911741972500095,0.731518148651019,19
5,10,0.79005727484091,0.481131984727753,19
2,10,0.878958512420681,0.805809883993987,19
4,10,0.816185531151337,0.322676416068134,19
3,10,0.835808248532879,0.633147390461236,19
1,11,0.908148234190082,0.8579772592283,19
5,11,0.790197543052473,0.568535969590411,19
2,11,0.876458540047221,0.651451629955559,19
4,11,0.806627997216707,0.318990836393451,19
3,11,0.836705062529168,0.735541878319835,19
1,12,0.903855342864584,0.937725157586056,19
5,12,0.788293758563515,0.636000051015393,19
2,12,0.876647321572808,0.631076538436109,19
4,12,0.800788413575356,0.274096408673389,19
3,12,0.841801351355837,0.40455356620833,19
1,13,0.904799052125891,0.929345446483204,19
5,13,0.803772089508801,0.369151367572218,19
2,13,0.868808041207174,0.809582838488536,19
4,13,0.79628674557304,0.164875253480644,19
3,13,0.842627394769016,0.26729667893776,19
1,14,0.907376435719978,0.89207232107297,19
5,14,0.788037790996995,0.409237296784175,19
2,14,0.862178947610849,0.682023527418883,19
4,14,0.799510488696325,0.653317872560864,19
3,14,0.830172757322685,0.38823016418949,19
1,15,0.903962907565849,0.839626921119265,19
5,15,0.806611785399198,0.405271833391997,19
2,15,0.85447066826128,0.789619140993203,19
4,15,0.799878485273401,0.788195863684135,19
3,15,0.834963025100059,0.399494629459447,19
1,1,0.932986599806573,0.680106095789244,20
4,1,0.876463017784689,0.592327254524815,20
2,1,0.854285016866013,0.795768192663703,20
3,1,0.844977524388956,0.742373881199214,20
5,1,0.852063082784381,0.217027274567073,20
1,2,0.926786112265436,0.887523728802585,20
4,2,0.876573754329418,0.81473289593938,20
2,2,0.853755249907841,0.705541250103975,20
3,2,0.844374408584451,0.358251465877595,20
5,2,0.852122521824239,0.429711909844772,20
1,3,0.923706825459836,0.867891185539123,20
4,3,0.839911608578335,0.399149633768375,20
2,3,0.887044384439559,0.900060522478496,20
3,3,0.852486204306509,0.520909927013163,20
5,3,0.857999979135587,0.424577723720002,20
1,4,0.927738264369038,0.668052893541212,20
4,4,0.864739157481036,0.579680632469715,20
2,4,0.868810807046736,0.567842605251944,20
3,4,0.852216215564863,0.381297229825729,20
5,4,0.842601023539912,0.597357733047735,20
1,5,0.929393582323033,0.80819852481069,20
4,5,0.858121669577317,0.719679410964382,20
2,5,0.869223298261963,0.667036657923438,20
3,5,0.854400959255718,0.734480069215322,20
5,5,0.836277517170646,0.449046139060087,20
1,6,0.924724404020254,0.894461099957315,20
4,6,0.864529309007345,0.719769343361947,20
2,6,0.852102197122927,0.705225335393645,20
3,6,0.862255680444412,0.608271908499589,20
5,6,0.844342688897871,0.59025903729903,20
1,7,0.926577802932617,0.884548486835922,20
4,7,0.843756977667615,0.329920139074452,20
2,7,0.894500862308922,0.77296715294215,20
3,7,0.866419799864496,0.521203094128434,20
5,7,0.853526179811927,0.527442069594302,20
1,8,0.92346120277077,0.962901769801273,20
4,8,0.854341811170801,0.658753651651431,20
2,8,0.874815013445278,0.554156795276107,20
3,8,0.85521708498229,0.297660117221302,20
5,8,0.842705726360075,0.12388854093264,20
1,9,0.927823860530859,0.908398964411203,20
4,9,0.859307080339573,0.239006158521402,20
2,9,0.874029460162583,0.540134653327966,20
3,9,0.854204194196699,0.311335678734917,20
5,9,0.844019781671874,0.276365881481034,20
1,10,0.923442229197211,0.926658984974427,20
4,10,0.881263733063949,0.0955053014220671,20
2,10,0.844231170226119,0.421342801102011,20
3,10,0.859992757291913,0.812146161159855,20
5,10,0.841374433565548,0.269546547646002,20
1,11,0.923426247080594,0.903795683887791,20
4,11,0.863435563941621,0.370717983045614,20
2,11,0.866174899910403,0.568031626410469,20
3,11,0.863261048060421,0.548617217885032,20
5,11,0.849878793613424,0.252019331604513,20
1,12,0.924950541786051,0.852820506977366,20
4,12,0.853373180530281,0.633018461989643,20
2,12,0.874359845359647,0.668746147532722,20
3,12,0.84509995401709,0.760377222209288,20
5,12,0.856301748757142,0.527949677889086,20
1,13,0.927931147346321,0.814263284149045,20
4,13,0.866295519351382,0.656180881635737,20
2,13,0.857023159530293,0.654231902347847,20
3,13,0.852993288560653,0.63687144410466,20
5,13,0.858402258808206,0.2983684977229,20
1,14,0.92374538141487,0.948340796733598,20
4,14,0.854752560601763,0.401799506072434,20
2,14,0.882075148810352,0.660797112035693,20
3,14,0.873171000107708,0.508882900420273,20
5,14,0.837519150819409,0.682816501128894,20
1,15,0.925151530760301,0.896865152157049,20
4,15,0.855457181698677,0.626942190006554,20
2,15,0.866667691307418,0.862343625960463,20
3,15,0.840422392189255,0.554537688215372,20
5,15,0.852394854786294,0.406557388944528,20
1,1,0.927643201717807,0.850625457707567,21
2,1,0.904915894701798,0.771757698701367,21
3,1,0.856245663044969,0.409087330077337,21
4,1,0.836705175098355,0.777320805184492,21
5,1,0.871477770430086,0.615781727640774,21
1,2,0.929567308730524,0.801528215176397,21
2,2,0.908640347263201,0.294873435480877,21
3,2,0.853142472721397,0.833357212453883,21
4,2,0.831044666157515,0.835599372413671,21
5,2,0.865474767660407,0.308263290325274,21
1,3,0.925718510958196,0.909098891640175,21
2,3,0.912233439802153,0.87421235781055,21
3,3,0.849859426613364,0.8149083887105,21
4,3,0.831102248065666,0.631455628475103,21
5,3,0.880258717141475,0.275795599173293,21
1,4,0.931406049053016,0.694290343943554,21
2,4,0.906870203051851,0.684465310561635,21
3,4,0.853155309890961,0.741507954771593,21
4,4,0.835047436308514,0.645003399382016,21
5,4,0.869924786202883,0.498977597957234,21
1,5,0.927978748757389,0.892120411003129,21
2,5,0.886165531321796,0.325617352347799,21
3,5,0.878354909042723,0.543797220309403,21
4,5,0.844772420157424,0.175922367331865,21
5,5,0.857390481556717,0.208769579577762,21
1,6,0.92581871935628,0.865919796375234,21
2,6,0.888675413156891,0.688700915957924,21
3,6,0.867366908151919,0.794762146508865,21
4,6,0.840202482456862,0.599634827406635,21
5,6,0.863662202683054,0.634510452686826,21
1,7,0.927523115097086,0.896035930124467,21
2,7,0.906045660194213,0.371217550363078,21
3,7,0.853869110933996,0.577762470980301,21
4,7,0.851537180334299,0.811142291326299,21
5,7,0.861118033251046,0.601346485279649,21
1,8,0.929809256692105,0.838757814839427,21
2,8,0.895012944616541,0.657664836059332,21
3,8,0.862352654353135,0.654274683507254,21
4,8,0.839106279801516,0.332993431931313,21
5,8,0.870921751315315,0.442292113713487,21
1,9,0.929554770817966,0.723550142888886,21
2,9,0.907199883755792,0.705197173780566,21
3,9,0.855900392528778,0.67313026268376,21
4,9,0.834989883140828,0.761610199845045,21
5,9,0.871721393438265,0.676831712640134,21
1,10,0.926362911675439,0.912545947506591,21
2,10,0.916068234616084,0.751467608038856,21
3,10,0.842041380113375,0.494050457950301,21
4,10,0.843754523703151,0.728601186049606,21
5,10,0.867259332451808,0.414506720303458,21
1,11,0.92611994700385,0.915239193598853,21
2,11,0.915938568345735,0.830525751404448,21
3,11,0.843541534655964,0.360117541653735,21
4,11,0.846496370106553,0.447329638463659,21
5,11,0.860010230368879,0.0722137753351086,21
1,12,0.925066505562288,0.9402628842404,21
2,12,0.900757811708088,0.63362873530176,21
3,12,0.857274674678298,0.609665998122923,21
4,12,0.850815097817173,0.260296324005927,21
5,12,0.878523936472411,0.392807271879163,21
1,13,0.926215106528191,0.901497216564707,21
2,13,0.903378906978246,0.635745283910757,21
3,13,0.853678119409442,0.497848275709458,21
4,13,0.842478278562108,0.655964535231284,21
5,13,0.871823691740389,0.57788533630857,21
1,14,0.929449992422779,0.849425731134603,21
2,14,0.90393003719036,0.616437854968851,21
3,14,0.853628733384023,0.652690553998092,21
4,14,0.850986036541674,0.333364626342706,21
5,14,0.874542414086494,0.0572518145166303,21
1,15,0.92691229159644,0.870270412975786,21
2,15,0.883109492385034,0.247775466969849,21
3,15,0.876262113341295,0.362613653766507,21
4,15,0.837485094578059,0.648494333094195,21
5,15,0.861618834226457,0.406104303538163,21
1,1,0.958121683244256,0.904209677456231,22
2,1,0.951759016526413,0.820942614673962,22
5,1,0.908476400317363,0.400095397547747,22
3,1,0.923586752469152,0.59787030294904,22
4,1,0.924436096649842,0.613145261957794,22
1,2,0.961308285768934,0.671694584585473,22
2,2,0.953670056822877,0.71139971031225,22
5,2,0.913957766934585,0.433687806580619,22
3,2,0.921651952289882,0.628256441023833,22
4,2,0.919744623783469,0.427571754147788,22
1,3,0.957651002529375,0.921378713725579,22
2,3,0.949448318320097,0.709992963621811,22
5,3,0.909702206218287,0.820028791347972,22
3,3,0.923604564459626,0.675894389520752,22
4,3,0.910817873584208,0.550362897969653,22
1,4,0.96053772139698,0.83750209539306,22
2,4,0.952208660495954,0.661214851153032,22
5,4,0.91269040233197,0.373681461993006,22
3,4,0.932799013424127,0.310925168652369,22
4,4,0.933119560817559,0.437766845125341,22
1,5,0.95714993945534,0.932151449321206,22
2,5,0.951964355127343,0.436948671075311,22
5,5,0.916975211743565,0.153048399155294,22
3,5,0.933012616232469,0.744569949886083,22
4,5,0.905739408743297,0.560140409348543,22
1,6,0.960041044776076,0.782405799796398,22
2,6,0.95057227791028,0.715948246367748,22
5,6,0.909567359596958,0.59133919014545,22
3,6,0.928852269565895,0.823582908083703,22
4,6,0.92109562127232,0.634788093356961,22
1,7,0.95777853642941,0.924223804173372,22
2,7,0.949454854498879,0.806573370427137,22
5,7,0.905509082383601,0.503070313955897,22
3,7,0.924066689154391,0.826700054735587,22
4,7,0.919513227104591,0.214088550418267,22
1,8,0.958515755036959,0.90432287187763,22
2,8,0.950783546411601,0.802398843394408,22
5,8,0.910721127111975,0.583448238302644,22
3,8,0.925204927773669,0.597858720612497,22
4,8,0.914847423858517,0.733188974443894,22
1,9,0.959822219255059,0.834487232241359,22
2,9,0.954705807261856,0.471035192494384,22
5,9,0.904496424125347,0.713959452357003,22
3,9,0.927880185737787,0.547513531696253,22
4,9,0.917926959045428,0.652289886372957,22
1,10,0.960669265281682,0.816709486390971,22
2,10,0.948416490191409,0.829878431697588,22
5,10,0.908729811805136,0.107925025100837,22
3,10,0.927833379401673,0.435381375792468,22
4,10,0.92983264074555,0.321194076034807,22
1,11,0.958326150172425,0.839863005177734,22
2,11,0.954381364822371,0.822940321223995,22
5,11,0.909403891371947,0.472061761187956,22
3,11,0.922034434552727,0.650361583635457,22
4,11,0.914697635822589,0.727040655824593,22
1,12,0.960969585723087,0.868893923875307,22
2,12,0.953235534336092,0.514597825501798,22
5,12,0.910196565994785,0.801096057260346,22
3,12,0.926640424814863,0.113924174251125,22
4,12,0.925116693235759,0.723851105193428,22
1,13,0.958970257233222,0.855709047008295,22
2,13,0.952802572509595,0.762583397506362,22
5,13,0.912157603965747,0.774971980596075,22
3,13,0.924395724806066,0.795676365213281,22
4,13,0.91564283126594,0.401187836356111,22
1,14,0.96046121561299,0.789562719965757,22
2,14,0.951357943635977,0.359769849264978,22
5,14,0.914745892354639,0.124040808139719,22
3,14,0.927068569328942,0.423199595993993,22
4,14,0.917155156022402,0.673977458157445,22
1,15,0.957957269456864,0.937569468367857,22
2,15,0.952399436395772,0.482926561424598,22
5,15,0.908216865453045,0.639619769293519,22
3,15,0.922907502720433,0.820848655553126,22
4,15,0.922198413702917,0.589823753436924,22
1,1,0.928342559419011,0.871823406132423,23
5,1,0.875263757248517,0.611424599009034,23
2,1,0.886694400408522,0.868520142918004,23
3,1,0.847482921986232,0.657706718988296,23
4,1,0.882738338879823,0.769730779708408,23
1,2,0.925802983557865,0.93234650231568,23
5,2,0.8983038867569,0.282910210107721,23
2,2,0.86126630522363,0.867225846388709,23
3,2,0.854685570406588,0.569427800980759,23
4,2,0.899798386051205,0.527857809392681,23
1,3,0.926236011714243,0.926817071655446,23
5,3,0.904564431291926,0.656342063157615,23
2,3,0.862059042272136,0.518377738087016,23
3,3,0.856578639285436,0.700659295064829,23
4,3,0.872213395500958,0.708186574418518,23
1,4,0.92541426867822,0.926518671139893,23
5,4,0.872276274518347,0.587631234422773,23
2,4,0.894082516279175,0.52407708536794,23
3,4,0.84418765303459,0.535892617794573,23
4,4,0.88920178056697,0.115096986282978,23
1,5,0.938052656549108,0.619201394198818,23
5,5,0.889726972553785,0.264187211780374,23
2,5,0.87892716446655,0.721906158312999,23
3,5,0.861413378056018,0.466721157058876,23
4,5,0.881055335639595,0.649505825598556,23
1,6,0.927927825259914,0.883103551761612,23
5,6,0.902170624078075,0.0467345028500616,23
2,6,0.858050845193277,0.782799270641285,23
3,6,0.843905457158738,0.579656027980519,23
4,6,0.889460870977981,0.280906392048303,23
1,7,0.928634144242202,0.886159635593122,23
5,7,0.88757072820053,0.377505742185,23
2,7,0.885198663640559,0.708420535023745,23
3,7,0.843079701575116,0.726816070507706,23
4,7,0.885966031055781,0.772004971368744,23
1,8,0.93066472335921,0.818227943677777,23
5,8,0.863218450091087,0.452930713749752,23
2,8,0.903222026380864,0.891693256443406,23
3,8,0.84373308196801,0.49820579904508,23
4,8,0.882454860479151,0.790500090835254,23
1,9,0.931231272136095,0.706507318788456,23
5,9,0.874976767561568,0.555283645942639,23
2,9,0.893206786708849,0.835797280463407,23
3,9,0.850336937497566,0.293961981035779,23
4,9,0.882567138852261,0.575014515547247,23
1,10,0.927340546897673,0.879609980241394,23
5,10,0.890801126889288,0.649501057708725,23
2,10,0.87367722390477,0.671305640924637,23
3,10,0.840366793555082,0.535231002088125,23
4,10,0.874680533313759,0.603010608344667,23
1,11,0.926655966090379,0.914264227978579,23
5,11,0.893215782266998,0.530728275183322,23
2,11,0.871511583182491,0.695400995786933,23
3,11,0.841403665947759,0.661724399796662,23
4,11,0.882927788530586,0.819333366018383,23
1,12,0.925084731546384,0.955700991109518,23
5,12,0.882360874003591,0.842044060652014,23
2,12,0.876311605609388,0.793673129120276,23
3,12,0.849288862306688,0.774669301296624,23
4,12,0.875645814972372,0.746993330227066,23
1,13,0.928109305388564,0.846054468313076,23
5,13,0.903509616951229,0.562095205350831,23
2,13,0.865653463984195,0.804775067068524,23
3,13,0.843362956642147,0.429571862559174,23
4,13,0.888854257725603,-0.0603706261037637,23
1,14,0.927575504197438,0.882228457019452,23
5,14,0.900705018169389,0.302771223966042,23
2,14,0.859669416738332,0.633449794573877,23
3,14,0.843443154400326,0.707018392554171,23
4,14,0.883950408633867,0.630334182259721,23
1,15,0.931110835199334,0.744736290266982,23
5,15,0.882847913238145,0.199037911236249,23
2,15,0.882665795194885,0.679936367457721,23
3,15,0.86530189962242,0.407944225861415,23
4,15,0.891351022686884,0.114194887819045,23
1,1,0.959633645151577,0.787858235456703,24
3,1,0.947139312061507,0.832624064636787,24
2,1,0.927635847577874,0.487078772454055,24
4,1,0.91306369509833,0.849954056764969,24
5,1,0.922646932744536,0.258337425189969,24
1,2,0.957287205294115,0.943693738386855,24
3,2,0.950074865844554,0.477378309451555,24
2,2,0.925776410228962,0.698905581101474,24
4,2,0.923097326873908,0.705007185433193,24
5,2,0.925848470144948,0.84222631242195,24
1,3,0.960001373478385,0.766744127133723,24
3,3,0.945872032228396,0.88512844027227,24
2,3,0.929003676826359,0.57598338429092,24
4,3,0.915540673680159,0.672578659194393,24
5,3,0.927619157858006,0.536976079873785,24
1,4,0.958315423398856,0.90003939750053,24
3,4,0.946395388690785,0.690380375763136,24
2,4,0.928770370707227,0.799702841711941,24
4,4,0.91679775854661,0.417553467601676,24
5,4,0.923704381574533,0.560110685349594,24
1,5,0.961153509609004,0.798941777796529,24
3,5,0.946835334276131,0.117943826493802,24
2,5,0.928419154721979,0.683901788082735,24
4,5,0.924822560031918,0.68120727596672,24
5,5,0.930268462170983,0.654234294703266,24
1,6,0.957272038464529,0.917491960846902,24
3,6,0.94934131832012,0.765027470993746,24
2,6,0.92483250725955,0.721177672356537,24
4,6,0.92622621675832,0.710127510532009,24
5,6,0.916387826624053,0.738711156151648,24
1,7,0.958578619916116,0.87122612410368,24
3,7,0.942941519182289,0.661585578621016,24
2,7,0.930340529682506,0.644407199887643,24
4,7,0.915909992940096,0.492402820445967,24
5,7,0.925431463236586,-0.119623210712757,24
1,8,0.956885896596014,0.923710468152166,24
3,8,0.945683585323268,0.414985303627966,24
2,8,0.926500152831384,0.638933905645008,24
4,8,0.914772290008487,0.564686948777911,24
5,8,0.919677546137608,-0.0147254775564199,24
1,9,0.957830853248359,0.889878839210109,24
3,9,0.948177028123858,0.600783445371699,24
2,9,0.927748917107029,0.457387069344672,24
4,9,0.920968033986058,0.483453434749021,24
5,9,0.915257766933878,0.467056881395284,24
1,10,0.957152688430991,0.840095285888615,24
3,10,0.94617028561641,0.547433548252001,24
2,10,0.928734683369225,0.733388623533663,24
4,10,0.917234036642353,0.579324033976469,24
5,10,0.925422058946239,0.742903089690707,24
1,11,0.957796273699781,0.900397404936254,24
3,11,0.950714730616274,0.674024429443148,24
2,11,0.92318627137509,0.570094255121096,24
4,11,0.918452021944557,0.165731819042337,24
5,11,0.925776636379603,0.282105725942743,24
1,12,0.956545197622107,0.95054674790395,24
3,12,0.951112909100546,0.595320610790531,24
2,12,0.924186021931083,0.755328627213497,24
4,12,0.911666665453947,0.408879996561922,24
5,12,0.925376021960733,0.490320165997133,24
1,13,0.95925272000508,0.799459507404821,24
3,13,0.949158587490131,0.449507532272177,24
2,13,0.924974711281045,0.762498305013303,24
4,13,0.917927907233006,0.448964290086794,24
5,13,0.924603764366882,0.388006627447299,24
1,14,0.957636946355741,0.845591824324818,24
3,14,0.950343359176355,0.68660393272775,24
2,14,0.920870150674873,0.909915622706017,24
4,14,0.918264006240861,0.720503038353535,24
5,14,0.919274917223294,0.210463599198503,24
1,15,0.958648068592184,0.854769522567175,24
3,15,0.947320050227915,0.440689144496059,24
2,15,0.923690301428709,0.683674824611248,24
4,15,0.921654534517886,0.697983422289018,24
5,15,0.921243929919553,0.370241185652078,24
1,1,0.934350311803669,0.772515732258186,25
4,1,0.918883424026218,0.358837856610185,25
2,1,0.847593040951902,0.644330567224836,25
3,1,0.846427533247362,0.355410559624018,25
5,1,0.899821739558358,0.697578058627801,25
1,2,0.933461719126762,0.801611131491576,25
4,2,0.870607064507076,0.557877075714038,25
2,2,0.887597299949717,0.804629420413293,25
3,2,0.860675662310245,0.50081131170704,25
5,2,0.888171373577,0.655762207276285,25
1,3,0.92840274003935,0.936723062671248,25
4,3,0.919062061175969,0.552272351153748,25
2,3,0.84952562087292,0.761323133948186,25
3,3,0.836234900241161,0.628475937335072,25
5,3,0.89743957212862,0.304985700434099,25
1,4,0.935907460446099,0.690621449610301,25
4,4,0.876546076267279,0.284280222847373,25
2,4,0.891974512667148,0.701629609977938,25
3,4,0.852440101045127,0.576252791057537,25
5,4,0.872969078976966,0.487501708816504,25
1,5,0.929836514852223,0.951758490139683,25
4,5,0.878346104017584,0.819054956809952,25
2,5,0.872311649989263,0.79585578211309,25
3,5,0.858699082209452,0.763179270459567,25
5,5,0.867642037975835,0.796729437762991,25
1,6,0.930440031378484,0.863791528459345,25
4,6,0.855128216596945,-0.0650727153133085,25
2,6,0.909332373875596,0.83746879695031,25
3,6,0.835383177986962,0.466476958239637,25
5,6,0.898538630117425,0.380378680083053,25
1,7,0.935311448903736,0.768549166576505,25
4,7,0.857411822177322,0.703789938685962,25
2,7,0.905787366959121,0.74057274613498,25
3,7,0.857756314899413,0.401528486342129,25
5,7,0.864980611449196,0.657669039600002,25
1,8,0.930874765335525,0.862691638253107,25
4,8,0.872362126093324,0.651843263992017,25
2,8,0.886423539252755,0.830137775970802,25
3,8,0.852768322987954,0.693498776010206,25
5,8,0.872312565701058,0.412624998315975,25
1,9,0.932269978888033,0.860019635997055,25
4,9,0.850035812957826,0.455986025729166,25
2,9,0.912878363911303,0.758406904490258,25
3,9,0.855337357301982,0.358348201613435,25
5,9,0.879306225394083,0.485857270959273,25
1,10,0.930904464451044,0.870400139735709,25
4,10,0.894989113976788,0.55635147177982,25
2,10,0.858052873331806,0.82017377526955,25
3,10,0.847440478713251,0.623545136766439,25
5,10,0.888484688475184,0.573788361221855,25
1,11,0.93003237634946,0.927913427027786,25
4,11,0.84928829961546,0.663404584385086,25
2,11,0.908209618764828,0.81312989613349,25
3,11,0.855529981217976,0.76494562658271,25
5,11,0.876390732839477,0.735799081799467,25
1,12,0.930052547582567,0.891928234524091,25
4,12,0.848512196241747,0.395771045957921,25
2,12,0.90858372211599,0.664484084818715,25
3,12,0.847749306028827,0.368914550404811,25
5,12,0.886489359713948,0.131872733398242,25
1,13,0.926937285887566,0.951646190203984,25
4,13,0.859496454316804,0.148792079091621,25
2,13,0.895616778562115,0.688781999419172,25
3,13,0.839437178221875,0.792993297044948,25
5,13,0.891144211479527,0.495096747479683,25
1,14,0.930977781884128,0.901951409215804,25
4,14,0.877360405885192,0.437842213336373,25
2,14,0.879675181946741,0.756868635417619,25
3,14,0.851505290232843,-0.0447942479718092,25
5,14,0.866008150993441,0.540778130693257,25
1,15,0.92819362840197,0.956605080600998,25
4,15,0.893836497341551,0.756935923252963,25
2,15,0.855960503780581,0.689723573923823,25
3,15,0.850825563736208,0.527204902920272,25
5,15,0.8860643278665,-0.121719833859127,25
1,1,0.961077507090875,0.780804281920706,26
2,1,0.954442090427708,0.662081721949152,26
4,1,0.920773112131389,0.610754857016554,26
5,1,0.909936570054608,0.62384679149238,26
3,1,0.92770772744277,0.571411578987596,26
1,2,0.958222968740847,0.920993677050791,26
2,2,0.954280011075973,0.660900484581435,26
4,2,0.915070465192233,0.679189250220289,26
5,2,0.910550224431728,0.468592932208681,26
3,2,0.927141300544824,0.773164869625528,26
1,3,0.958254235514634,0.909842170439259,26
2,3,0.954361720491934,0.221432421413779,26
4,3,0.92804578219794,0.405431605637222,26
5,3,0.902566039622513,0.57488108540803,26
3,3,0.931475710730083,0.66589528018788,26
1,4,0.959111448611634,0.899355152229712,26
2,4,0.953046474186887,0.528375445818928,26
4,4,0.918363787848696,0.505621227462868,26
5,4,0.920153724550077,0.621028459246656,26
3,4,0.918011005244015,0.208451054809864,26
1,5,0.961307632161062,0.703950606181983,26
2,5,0.953487025011573,0.854054605698176,26
4,5,0.920376264064056,0.496846526738286,26
5,5,0.912268821963414,0.199157620963842,26
3,5,0.929739610123114,0.651326574758443,26
1,6,0.957340767839059,0.949220112915937,26
2,6,0.954813845439959,0.598946350243807,26
4,6,0.921106081885385,0.359966392060121,26
5,6,0.929254751060353,0.261316260556578,26
3,6,0.903071881426295,0.611055065820002,26
1,7,0.959786582679289,0.88599763447673,26
2,7,0.955765478098551,0.771226220793152,26
4,7,0.918966335956436,0.262143506558938,26
5,7,0.913510163956057,0.317576226624636,26
3,7,0.930621956110364,0.501464580195356,26
1,8,0.958248323945422,0.910783645121921,26
2,8,0.952268588879643,0.744541478264225,26
4,8,0.918327430878276,0.581382059082023,26
5,8,0.904472303453176,0.833302098581437,26
3,8,0.923295270072102,0.699344020904562,26
1,9,0.962152243139315,0.684365360785064,26
2,9,0.952449636698837,0.856029091345031,26
4,9,0.916346833287163,0.585169821433823,26
5,9,0.906746758940279,0.527833294108565,26
3,9,0.93083354420385,0.679204471264619,26
1,10,0.959241471743135,0.822745946687073,26
2,10,0.951376653707911,0.736212494039385,26
4,10,0.921467199399192,0.17166879885822,26
5,10,0.908399828600166,0.625642844255284,26
3,10,0.926072308661485,0.707943746779643,26
1,11,0.958791351527571,0.907234435305252,26
2,11,0.954687949187005,0.838581518228214,26
4,11,0.922987820532188,0.718538381355913,26
5,11,0.927196419628595,0.31957638377633,26
3,11,0.916628817099893,0.802699044987017,26
1,12,0.958555518451349,0.90981254143261,26
2,12,0.954062148669635,0.490612539405376,26
4,12,0.915657471849342,0.429348643969559,26
5,12,0.92330006130461,0.608978192705322,26
3,12,0.914563978560785,0.593837323565111,26
1,13,0.95898023623061,0.835473726176652,26
2,13,0.952228760348632,0.558130305999127,26
4,13,0.922187229805927,0.392794237806177,26
5,13,0.913107060317987,0.430844016333671,26
3,13,0.931421282159052,0.351827605530831,26
1,14,0.958470954894935,0.915522422804654,26
2,14,0.952915907649305,0.677233954677824,26
4,14,0.917841795655917,0.891424939421441,26
5,14,0.904239653032355,0.732049636074645,26
3,14,0.931835846865327,0.655046960758454,26
1,15,0.956860105203064,0.90888507846765,26
2,15,0.955710152832319,0.724317720726882,26
4,15,0.920033255398889,0.737144709158886,26
5,15,0.910015370764813,0.609857502318849,26
3,15,0.925344961377497,0.493008440267505,26
1,1,0.901598617925561,0.763832685324762,27
5,1,0.76189616983899,0.837088294750473,27
2,1,0.829253784755561,0.823927116326754,27
4,1,0.781613120737681,0.766172186029002,27
3,1,0.809768081953709,0.386207709122806,27
1,2,0.894663305113373,0.896707201764063,27
5,2,0.753222998163986,0.852221247814022,27
2,2,0.852042845435372,0.38804179481413,27
4,2,0.775803224165766,0.523140542001243,27
3,2,0.829901023861569,0.834544998553345,27
1,3,0.8942128006652,0.93736956310932,27
5,3,0.752578687369704,0.755265562304696,27
2,3,0.849760196495506,0.627698994979775,27
4,3,0.803879843368882,0.47231654592764,27
3,3,0.808180369727378,0.602227644494529,27
1,4,0.896067398722585,0.912841689734403,27
5,4,0.762146703043874,0.542387406052744,27
2,4,0.844927826127239,0.839521640253628,27
4,4,0.802070093766653,0.437340027877713,27
3,4,0.813323961763197,0.655291019633141,27
1,5,0.898823635494538,0.834929351149281,27
5,5,0.764456886700661,0.209807605395929,27
2,5,0.844294180160567,0.85763639658345,27
4,5,0.788941951252954,0.313518153903714,27
3,5,0.82160581288018,0.753681551105569,27
1,6,0.896797646145733,0.888073441213085,27
5,6,0.759550468476907,0.290946334487484,27
2,6,0.843566154506227,0.418404013296166,27
4,6,0.787039224595344,0.27939138255097,27
3,6,0.81556242614135,0.274998889110241,27
1,7,0.902277020797254,0.789480220729148,27
5,7,0.766498750274558,0.445235509368416,27
2,7,0.859657469082239,0.716540443246598,27
4,7,0.77504041879017,0.75675880028755,27
3,7,0.81693145578138,0.420665642308636,27
1,8,0.900221083828241,0.825577166571325,27
5,8,0.767006731490191,0.641880039468606,27
2,8,0.833312847380081,0.610320657538216,27
4,8,0.790329025857806,0.446255331668465,27
3,8,0.811493451499863,0.622705562576201,27
1,9,0.901394915888802,0.837027754665718,27
5,9,0.776278643401774,0.538075220785847,27
2,9,0.816027146599585,0.449835129389181,27
4,9,0.79914416212645,0.295695165279308,27
3,9,0.815383015860581,0.202200796388944,27
1,10,0.898983979328347,0.895472447885219,27
5,10,0.766256079062799,0.228822947545707,27
2,10,0.843932991631176,0.68916555730456,27
4,10,0.789921729274796,0.502854642923308,27
3,10,0.805268168751592,0.0504143723924993,27
1,11,0.894840468164534,0.900293323195737,27
5,11,0.762755671500088,0.00456887483440006,27
2,11,0.841345003719372,0.473763715139155,27
4,11,0.811960153540099,0.569895631148958,27
3,11,0.791697195150348,0.809384542008659,27
1,12,0.89380891885984,0.963324513272627,27
5,12,0.762883074599802,0.659541136125025,27
2,12,0.847693641246825,0.90124599978688,27
4,12,0.781079559202253,0.631806176059692,27
3,12,0.817870125714794,0.763061428549078,27
1,13,0.907223106032228,0.71551490303085,27
5,13,0.771973917868929,-0.107567651861773,27
2,13,0.840646768763221,0.869510964588398,27
4,13,0.776607967277218,0.384310377491143,27
3,13,0.823961496339902,0.446317714013679,27
1,14,0.900069927441483,0.809603299684581,27
5,14,0.763457210095981,0.768402121634593,27
2,14,0.843682293134737,0.564706683250598,27
4,14,0.789868518328419,0.696756256372815,27
3,14,0.79473259714662,0.705572798114403,27
1,15,0.892695135168746,0.946799399873422,27
5,15,0.763157639907742,0.388110762323629,27
2,15,0.830291182782504,0.422357272105613,27
4,15,0.788472862644435,0.806470125178749,27
3,15,0.812096216277756,0.589916666509279,27
1,1,0.931867756104683,0.82882957484016,28
3,1,0.907813383453925,0.595186410994832,28
2,1,0.853821394686291,0.667920139102309,28
5,1,0.859550333333386,0.375858757576369,28
4,1,0.875291970400189,0.369830690929936,28
1,2,0.929523641405643,0.828348429853295,28
3,2,0.868941209876693,0.502970098812517,28
2,2,0.871870229832513,0.756013987951277,28
5,2,0.856235552998322,0.577543959517346,28
4,2,0.874730125382584,0.43119750738577,28
1,3,0.928526419903383,0.895867292396529,28
3,3,0.906335739708917,0.664392237912992,28
2,3,0.844526853325362,0.667010556417111,28
5,3,0.877165807455301,0.614623637590623,28
4,3,0.847961861093571,0.726924732973204,28
1,4,0.927545217330963,0.864378505556431,28
3,4,0.895539940475181,0.711226551280616,28
2,4,0.861109705411809,0.611118696309707,28
5,4,0.847218593162681,0.658629294826044,28
4,4,0.87132781107745,0.535928922476824,28
1,5,0.928242667464717,0.87565597288572,28
3,5,0.900666364563073,0.729195066006231,28
2,5,0.854934925665683,0.65736772581701,28
5,5,0.881958130297958,0.304711936555477,28
4,5,0.846448930738353,0.679357734747432,28
1,6,0.928415078409699,0.892032026253283,28
3,6,0.897989373463136,0.583788228088646,28
2,6,0.855357719216576,0.711463643735499,28
5,6,0.874378719422899,0.453305048284872,28
4,6,0.846798606248991,0.649410914784598,28
1,7,0.925085780854671,0.963717651858764,28
3,7,0.906926997472107,0.671167564373959,28
2,7,0.845245408906751,0.801965826239349,28
5,7,0.874695776998292,0.442953947712412,28
4,7,0.854591497605222,0.376853089725897,28
1,8,0.926638394330237,0.939329055481657,28
3,8,0.900201598904081,0.731630820915177,28
2,8,0.852663540943699,0.653251801368108,28
5,8,0.857943571879724,0.282804892494605,28
4,8,0.874947504242278,0.759002187149343,28
1,9,0.926226123251242,0.878240552672846,28
3,9,0.901164084693973,0.141623488691761,28
2,9,0.850950070957258,0.650829257343926,28
5,9,0.858661325156329,0.653170743096847,28
4,9,0.866763281908154,0.621989489155554,28
1,10,0.926388260760812,0.894740783707042,28
3,10,0.90406129466798,0.60871803775158,28
2,10,0.861316448853824,0.514590261609608,28
5,10,0.856141511064893,0.559534985241096,28
4,10,0.857522737047897,0.607118197666018,28
1,11,0.925340093859712,0.952065828559085,28
3,11,0.90446639194353,0.303165348053356,28
2,11,0.85868923169014,0.598798636602314,28
5,11,0.848771131382358,0.561084465191614,28
4,11,0.884733950547852,0.588212351974976,28
1,12,0.933738121851238,0.563413813481082,28
3,12,0.904446408208925,0.658876390031445,28
2,12,0.852360068050701,0.615542289596277,28
5,12,0.857113060488564,0.473422976470109,28
4,12,0.873760361914898,0.777698817978943,28
1,13,0.928650151559146,0.893049730333493,28
3,13,0.90178520830093,0.516099455945233,28
2,13,0.846090209461427,0.651514715914996,28
5,13,0.847401172213962,0.681525106464969,28
4,13,0.874803798178135,0.577855944881069,28
1,14,0.928945699251815,0.889261722957441,28
3,14,0.895527415061114,0.671880687195343,28
2,14,0.858445276398385,0.587213866532333,28
5,14,0.852542144072686,-0.0275603510243247,28
4,14,0.879848105852072,0.350812699791064,28
1,15,0.927509286734415,0.891825830488397,28
3,15,0.874352018270735,0.621903017277724,28
2,15,0.87267278943983,0.860145027738475,28
5,15,0.850688026861725,0.763287942028762,28
4,15,0.874474572292937,0.469104892169923,28
1,1,0.933332180691285,0.591285317918153,29
4,1,0.907987706188374,0.818573904263365,29
2,1,0.848344932960572,0.810315895701818,29
3,1,0.845842704743879,0.721695945998613,29
5,1,0.871599693876742,0.547693278302548,29
1,2,0.929177622582478,0.865544962636196,29
4,2,0.900655963625579,0.630380063688166,29
2,2,0.861719731948085,0.510826177366118,29
3,2,0.860425743854651,0.643178098524356,29
5,2,0.877868374427714,0.532856149882341,29
1,3,0.926761901297554,0.915642257631518,29
4,3,0.899925841766417,0.174593075744902,29
2,3,0.852923737527649,0.782471162425673,29
3,3,0.856354427045239,0.670692219215729,29
5,3,0.871598734331371,0.355844000979152,29
1,4,0.929110313706085,0.867684888132238,29
4,4,0.904587102828238,0.641177495671275,29
2,4,0.851915388533845,0.722925172701918,29
3,4,0.86122754734946,0.250303374732206,29
5,4,0.875162470229419,0.465291644237326,29
1,5,0.927113544827688,0.887292457374639,29
4,5,0.908056730646885,0.711657384732248,29
2,5,0.852112344384316,0.560384242272997,29
3,5,0.858086259709057,0.693844372193673,29
5,5,0.88191857472378,0.702865021591091,29
1,6,0.929671791395445,0.814197099805042,29
4,6,0.869297479749128,0.00551838052237491,29
2,6,0.890978663812303,0.803681743978288,29
3,6,0.874270868471913,0.463443610558411,29
5,6,0.875935594086034,0.672527174613955,29
1,7,0.928296998279782,0.847866024635344,29
4,7,0.912117379849662,0.572189059716622,29
2,7,0.848602704318623,0.701204412598818,29
3,7,0.851843711863807,0.622749993792303,29
5,7,0.867415701026012,0.567452259377395,29
1,8,0.935573373598758,0.631787517400648,29
4,8,0.901982190963778,0.618485792747504,29
2,8,0.853016086703599,0.470366968907327,29
3,8,0.862143517875351,0.517907875288683,29
5,8,0.874143145782201,0.304596601580607,29
1,9,0.929891913541844,0.771000695300323,29
4,9,0.916812033399832,0.828424569445296,29
2,9,0.844083524951835,0.786767679294637,29
3,9,0.851147519009699,0.873384102435352,29
5,9,0.883496944894942,0.735509802985218,29
1,10,0.924808564829114,0.963616754035032,29
4,10,0.909143519133043,0.652323186971467,29
2,10,0.846154438731407,0.585899721507731,29
3,10,0.857290319720524,0.806233649394777,29
5,10,0.879791126178013,0.425040306546618,29
1,11,0.931382699628059,0.737661744474717,29
4,11,0.893906811411552,0.72513223728515,29
2,11,0.855144915123692,0.745745370039103,29
3,11,0.853977343166329,0.490256183605823,29
5,11,0.887184473265193,0.792418325618656,29
1,12,0.92785932760194,0.924485386236077,29
4,12,0.891832617376523,0.478122391504116,29
2,12,0.863133306730729,0.555863569843383,29
3,12,0.865792317583723,-0.0501902642691648,29
5,12,0.889338478601428,0.355299786076511,29
1,13,0.927146926957655,0.921283023953901,29
4,13,0.907380760015307,0.206683792026914,29
2,13,0.850735918128274,0.767690485474453,29
3,13,0.857684865965554,0.661167763642004,29
5,13,0.877580136521377,0.377687731551923,29
1,14,0.924051895417677,0.921562444410748,29
4,14,0.914293726653843,0.625925174578081,29
2,14,0.846983103566995,0.597045512682287,29
3,14,0.848363003261312,0.819990378928409,29
5,14,0.874034722081651,0.665529536253019,29
1,15,0.926457803979124,0.886773693500077,29
4,15,0.893779012779964,0.547823726711219,29
2,15,0.864170780568411,0.888169944050612,29
3,15,0.845624919206228,0.860164642979856,29
5,15,0.887241163896216,0.647709127207189,29
1,1,0.930228588169682,0.945281556144295,30
5,1,0.892465558745999,0.643576456559098,30
2,1,0.852335935042447,0.787816663222314,30
3,1,0.844362288534771,0.55042753536538,30
4,1,0.897302608662144,0.377926225125205,30
1,2,0.928178000450966,0.934018336285982,30
5,2,0.899393248184585,0.179498253748743,30
2,2,0.844587986337298,0.731426184790676,30
3,2,0.835400659742984,0.60892233347298,30
4,2,0.886501579307685,0.57289629383215,30
1,3,0.930271671438442,0.88815400662109,30
5,3,0.905827958078746,0.402573884135943,30
2,3,0.845114115727617,0.663370076628147,30
3,3,0.838101634262056,0.604003964007403,30
4,3,0.900538058128955,0.522004875567125,30
1,4,0.931132867807529,0.854026564300578,30
5,4,0.864606238378562,0.548611711208198,30
2,4,0.88688809974455,0.861387616658705,30
3,4,0.828006419337659,0.537816244181174,30
4,4,0.896668274437457,0.827209820756079,30
1,5,0.935117032070538,0.668650676305917,30
5,5,0.895714307016657,0.580537069521617,30
2,5,0.857075109248791,0.525297588153128,30
3,5,0.83842836654882,0.68419610037437,30
4,5,0.903979716448624,0.384840999063116,30
1,6,0.933614793437208,0.763975713620156,30
5,6,0.875730952708903,0.622091760952003,30
2,6,0.860096695156804,0.835667521334096,30
3,6,0.836609235345409,0.490691200028638,30
4,6,0.899140963744738,0.708296775755527,30
1,7,0.927540427748807,0.961233018743628,30
5,7,0.883353967417447,0.047763086407784,30
2,7,0.865164054981155,0.6971873468156,30
3,7,0.841688960386165,0.581015339107977,30
4,7,0.89619084743923,0.676833393193071,30
1,8,0.930612719290495,0.83651605101099,30
5,8,0.858005058934812,0.423004204554239,30
2,8,0.88252354590116,0.72666842755758,30
3,8,0.835589564518255,0.64438041214532,30
4,8,0.890836087722801,0.204453693662659,30
1,9,0.924069884287491,0.979641561110293,30
5,9,0.888291218379532,0.211163359480538,30
2,9,0.849325303798125,0.624574022031342,30
3,9,0.834977365392073,0.705149798742338,30
4,9,0.898144883402092,0.397704138086803,30
1,10,0.93345045492436,0.730557047600882,30
5,10,0.847162861412029,0.398462715011968,30
2,10,0.884926909902734,0.902141471319142,30
3,10,0.848986702145287,0.315719958993584,30
4,10,0.892461734878161,0.484275782918225,30
1,11,0.932473635020259,0.88735725033205,30
5,11,0.881276694423902,0.338190229714473,30
2,11,0.864046248661604,0.508147723119296,30
3,11,0.84576946639791,0.401333413299262,30
4,11,0.894808261416491,0.644843178467258,30
1,12,0.928758150570309,0.914782438641294,30
5,12,0.848919930124217,0.142637666193489,30
2,12,0.893915796952833,0.630635483478023,30
3,12,0.837596221400133,0.29084897289135,30
4,12,0.88883008243198,0.740905513111737,30
1,13,0.928377544791296,0.932663329721626,30
5,13,0.859544825750914,0.313693678615125,30
2,13,0.888280980976191,0.619508553875179,30
3,13,0.848955525758043,0.471337350113055,30
4,13,0.892784743918818,0.384395828976235,30
1,14,0.933065539533424,0.606992090607836,30
5,14,0.862070663687427,0.429877762521116,30
2,14,0.878127031300985,0.69789104592602,30
3,14,0.852436814993503,0.567845747840466,30
4,14,0.894593164006254,0.27057154930007,30
1,15,0.931279304976149,0.852729613083858,30
5,15,0.850053794731169,0.700629971446226,30
2,15,0.885381684925653,0.795627208949027,30
3,15,0.841799956718176,0.820442021894229,30
4,15,0.894959292849134,0.659221190175671,30
1,1,0.958457780489713,0.938682539118081,31
2,1,0.958636020829037,0.687381699286125,31
3,1,0.918349486963089,0.52901558099662,31
4,1,0.915216164088858,0.428236167357388,31
5,1,0.937956822500106,0.644357095920025,31
1,2,0.958428363167455,0.911182213908371,31
2,2,0.957827506220075,0.570601382359961,31
3,2,0.919763504024366,0.578393599597083,31
4,2,0.909506879658056,0.851541425989887,31
5,2,0.932780030408807,0.312024485052717,31
1,3,0.956480203414168,0.947678504454233,31
2,3,0.95876096868269,0.734974394876122,31
3,3,0.91824615300518,0.786682804471301,31
4,3,0.908572035523524,0.651206595285078,31
5,3,0.929092583483735,0.586960735950177,31
1,4,0.963100055703987,0.686057660367881,31
2,4,0.951492060997012,0.570591236035084,31
3,4,0.930756842651582,0.254532415866249,31
4,4,0.925808806464477,0.0156403189233597,31
5,4,0.934077137897181,0.448451002511365,31
1,5,0.959526611952509,0.755927513592865,31
2,5,0.958747930628494,0.762568908075341,31
3,5,0.918360192872425,0.474316084282759,31
4,5,0.905155266379455,0.710199738022556,31
5,5,0.93402421061471,0.256997176944612,31
1,6,0.958807498841275,0.849953036290571,31
2,6,0.95544476535297,0.734192298602595,31
3,6,0.920221270276797,0.578089428846239,31
4,6,0.908984123845134,0.556887981096872,31
5,6,0.925773173240103,0.832440645773016,31
1,7,0.957571721726054,0.941233625782987,31
2,7,0.961059286908037,0.855206575081423,31
3,7,0.913888246296836,0.845735475598084,31
4,7,0.90781299921202,0.794779939346825,31
5,7,0.933330749031075,0.358576163768425,31
1,8,0.958051955252973,0.84465375106003,31
2,8,0.95777263660094,0.828457400596035,31
3,8,0.920503708358873,0.628031030287723,31
4,8,0.912916162245642,0.254465703217819,31
5,8,0.926033517520072,0.605669367595116,31
1,9,0.957730240416225,0.877115605034478,31
2,9,0.961579995767093,0.654169463986115,31
3,9,0.915367026686427,0.777630331060751,31
4,9,0.904630374684541,0.79952328729297,31
5,9,0.932810808081683,0.437366810121897,31
1,10,0.957600276154081,0.903930916899226,31
2,10,0.958501943704745,0.533422461592989,31
3,10,0.921538907659254,0.856385148885809,31
4,10,0.914870277522687,0.731467982533448,31
5,10,0.924113142308565,0.536375793557206,31
1,11,0.956964457151105,0.951012884809197,31
2,11,0.959537863669685,0.611962193359094,31
3,11,0.919287084729566,0.840931136875372,31
4,11,0.90719688838589,0.538691003296218,31
5,11,0.930300576714377,0.448553302232499,31
1,12,0.957574302549133,0.924767984098773,31
2,12,0.961712190618729,0.756471408741147,31
3,12,0.92027740622058,0.750903921615187,31
4,12,0.918953973048324,0.610976735530257,31
5,12,0.91944303797682,0.663161224366167,31
1,13,0.958329436443885,0.893749474635574,31
2,13,0.958842476899493,0.862771699822776,31
3,13,0.917689978348501,0.641689740084413,31
4,13,0.913372215264385,0.397649502053055,31
5,13,0.930660200402871,0.22134837550227,31
1,14,0.959048501515555,0.669361143450033,31
2,14,0.956938079851666,0.678218820019877,31
3,14,0.918859951730303,0.814989696244166,31
4,14,0.905923451803426,0.30844346016535,31
5,14,0.935661430547775,0.63496943956269,31
1,15,0.957520349093389,0.827206020884403,31
2,15,0.960261190599266,0.40208896009464,31
3,15,0.926346796224949,0.588769564848589,31
4,15,0.911258492248558,0.691531158959146,31
5,15,0.925925519014574,0.529274170406075,31
1,1,0.961653151269882,0.72078381029899,32
3,1,0.956212438231512,0.721433141045528,32
2,1,0.923431362824117,0.79915307308812,32
4,1,0.922393489979322,0.556828983511917,32
5,1,0.931618699447047,0.650557273130957,32
1,2,0.957675821832282,0.887593516242965,32
3,2,0.952153375878925,0.286991502232251,32
2,2,0.927245180096688,0.79743050103388,32
4,2,0.916965355697073,0.571915211046214,32
5,2,0.93367941600296,0.594856667276065,32
1,3,0.965161372015523,0.625686893736985,32
3,3,0.951054293113235,0.531162806021543,32
2,3,0.92698758044862,0.399630484999166,32
4,3,0.921859915645442,0.808115391355281,32
5,3,0.925482416329512,0.408083840574433,32
1,4,0.962356464498702,0.784994708281767,32
3,4,0.953489236062651,0.6589723617733,32
2,4,0.92720390421814,0.54480026414602,32
4,4,0.93269907125884,0.363993287141449,32
5,4,0.935538219815372,0.664712300775537,32
1,5,0.958917596462633,0.889160870364337,32
3,5,0.953705803121733,0.576978677845844,32
2,5,0.928450100117367,0.259925699113749,32
4,5,0.922452770389626,0.186090562205929,32
5,5,0.93610714978159,0.18312963536728,32
1,6,0.957227688424081,0.923607752234645,32
3,6,0.955343400188512,0.681525632331897,32
2,6,0.926300345016693,0.803819146508619,32
4,6,0.91412421160961,0.584261470764934,32
5,6,0.934367913167959,0.445591499112903,32
1,7,0.957569829977996,0.949960035921708,32
3,7,0.953266356662536,0.503714207026074,32
2,7,0.926511538746689,0.789907794763831,32
4,7,0.931055511052843,0.537879806166306,32
5,7,0.922855290684629,0.668333494220751,32
1,8,0.957411382315926,0.941662351118815,32
3,8,0.95032649824362,0.725254223752325,32
2,8,0.93740323878665,0.752626748942923,32
4,8,0.924995059389189,0.629726524160254,32
5,8,0.920478531370087,0.729867300837285,32
1,9,0.959214574904946,0.900901744611876,32
3,9,0.956081993127372,0.75089161776048,32
2,9,0.927350695018009,0.548439752603821,32
4,9,0.910145828940499,0.82018524545539,32
5,9,0.936723487465692,0.698447495391389,32
1,10,0.957683209869438,0.932218675148811,32
3,10,0.956721228847943,0.605110734608145,32
2,10,0.924716282563102,0.692306597525426,32
4,10,0.922687945015228,0.504330718492631,32
5,10,0.93486932306836,0.624972923821964,32
1,11,0.958230597223871,0.93794863274381,32
3,11,0.953319158358653,0.887216199489231,32
2,11,0.924906665815142,0.704185009175421,32
4,11,0.919849662121279,0.268169952410323,32
5,11,0.936534873184802,0.328013094950715,32
1,12,0.958153809028735,0.912283740567789,32
3,12,0.951797570983137,0.635326014274205,32
2,12,0.928921292582721,0.498400570422992,32
4,12,0.913255250188586,0.697585681095257,32
5,12,0.928395203211214,0.792347483030986,32
1,13,0.959779687818441,0.82221878244542,32
3,13,0.95410985848176,0.76893355053634,32
2,13,0.926353017098678,0.736567873580367,32
4,13,0.924515098176338,0.826954420366054,32
5,13,0.926813213859459,0.245225524222876,32
1,14,0.959263864529904,0.903553804571353,32
3,14,0.956614459306093,0.657852382888421,32
2,14,0.927523333126975,0.64520283346741,32
4,14,0.918215614977061,0.766441969179237,32
5,14,0.928968477114858,0.592902708749982,32
1,15,0.957973815236953,0.88717424442957,32
3,15,0.95653719062527,0.525176025134764,32
2,15,0.926932303475534,0.670355930068216,32
4,15,0.925903845058852,0.377572271650603,32
5,15,0.922121095257331,0.550668438439293,32
1,1,0.96064216255633,0.893696578342667,33
4,1,0.950820327389368,0.588056009887934,33
3,1,0.914976863351706,0.82191755712996,33
5,1,0.918816695983369,0.665488306316245,33
2,1,0.929673999093567,0.783372708501533,33
1,2,0.958828556608579,0.904497851466271,33
4,2,0.949869849626976,0.24299898220865,33
3,2,0.918470359796144,0.603892695102793,33
5,2,0.915106889909809,0.756945483718633,33
2,2,0.939572318279196,0.459203868080461,33
1,3,0.964389889288411,0.530868227707925,33
4,3,0.950249746038031,0.84800497776264,33
3,3,0.916013986725779,0.47248886051095,33
5,3,0.919159897151609,0.484495860132421,33
2,3,0.938438393487958,0.743281793509267,33
1,4,0.957558825518771,0.938482945784681,33
4,4,0.951389771080157,0.733878675297032,33
3,4,0.918871605782628,0.738606018079952,33
5,4,0.922195641546041,0.616017193138611,33
2,4,0.929768063450321,0.781019669693195,33
1,5,0.958693677392992,0.904526524175731,33
4,5,0.949068074306533,0.737556987765651,33
3,5,0.914061591296725,0.575180008514409,33
5,5,0.923458285889835,-0.0730428836543158,33
2,5,0.933720218602468,0.738410085488205,33
1,6,0.958649466949747,0.90832324441636,33
4,6,0.951194922193589,0.709042469587841,33
3,6,0.924246438052912,0.55380570272398,33
5,6,0.922547441331646,0.579638134179616,33
2,6,0.936043042887923,0.831853180133629,33
1,7,0.960640843823696,0.76500158630073,33
4,7,0.950884130935159,0.542279568719029,33
3,7,0.917807416928874,0.678505361129496,33
5,7,0.930142891731537,0.532648941744465,33
2,7,0.92049046999958,0.80010863800681,33
1,8,0.959489296367881,0.851751651689991,33
4,8,0.950720475334808,0.576273454250116,33
3,8,0.9212782604732,0.656003977256542,33
5,8,0.924265495199705,0.288094750966958,33
2,8,0.934026340870048,0.519556859100298,33
1,9,0.958720214520515,0.92558047947739,33
4,9,0.949351135689372,0.298097657196716,33
3,9,0.915192241274086,0.767701790488372,33
5,9,0.931189147663667,0.210097723176403,33
2,9,0.92158542878038,0.670589757782879,33
1,10,0.959061105089807,0.915652432812289,33
4,10,0.952602283886877,0.45775876129939,33
3,10,0.919426597729355,0.746548191364371,33
5,10,0.924745116169108,0.36356042123565,33
2,10,0.931841141481052,0.548414319092485,33
1,11,0.959262101156771,0.833541222990688,33
4,11,0.950494093333533,0.830592632442296,33
3,11,0.919038291261002,0.668593295128653,33
5,11,0.918184751148505,0.635900959237806,33
2,11,0.933423239896333,0.587094566930242,33
1,12,0.958438416460384,0.906306718409654,33
4,12,0.950587538460674,0.621489905098831,33
3,12,0.919981444628796,0.805671641060562,33
5,12,0.914981876236412,0.477654004589321,33
2,12,0.932855033659267,0.62958460010574,33
1,13,0.958854928820149,0.886327192369328,33
4,13,0.949758462475515,0.839728865536572,33
3,13,0.913367160850268,0.808166368753234,33
5,13,0.919455207328134,0.720327187435832,33
2,13,0.936532534703023,0.584247615384581,33
1,14,0.961036146354328,0.809705234560509,33
4,14,0.951853527026328,0.332636147979865,33
3,14,0.92239694670496,0.369039910495018,33
5,14,0.92943937522564,0.291300757468766,33
2,14,0.939267514476327,0.710195193464044,33
1,15,0.958618329577662,0.901467319442872,33
4,15,0.947753370696057,0.552846283811303,33
3,15,0.921650549825213,0.709349469340075,33
5,15,0.915568367698807,0.616387972144758,33
2,15,0.936527725038469,0.662831962014758,33
1,1,0.934362400069342,0.760072968821539,34
5,1,0.848350180690206,0.585750755670015,34
2,1,0.904564837702537,0.784297920297198,34
4,1,0.845851648742157,0.728585122371654,34
3,1,0.8795795853828,0.340818369702982,34
1,2,0.928295273795286,0.939114275075562,34
5,2,0.874896969372087,0.834078794783386,34
2,2,0.864786134682155,0.594208645354616,34
4,2,0.854635303003406,0.657587536825886,34
3,2,0.872735755076995,0.5524021165756,34
1,3,0.928638501588886,0.890432406741808,34
5,3,0.849323732921077,0.697951177610105,34
2,3,0.895399436129734,0.886101664790014,34
4,3,0.863242990649061,0.830452435216388,34
3,3,0.853972143109292,0.638569760179046,34
1,4,0.930977013806436,0.811180831819236,34
5,4,0.903622751541125,0.708322897401806,34
2,4,0.850401571330526,0.787346750283092,34
4,4,0.854316138599263,0.596094828705194,34
3,4,0.863996005001747,0.473802970851067,34
1,5,0.930110807010574,0.891847828742728,34
5,5,0.879952281796078,0.62712249073889,34
2,5,0.864576100486529,0.704039047230604,34
4,5,0.862104031761192,0.559799080007006,34
3,5,0.87032131219259,0.77004440007327,34
1,6,0.9283300736823,0.904856927198099,34
5,6,0.881443197044366,0.105579357077682,34
2,6,0.865664152926527,0.795093371908679,34
4,6,0.852005136393556,0.461718045684198,34
3,6,0.869735268682141,0.752544184007655,34
1,7,0.92998672642768,0.920796431831483,34
5,7,0.855118314153659,0.205324555047023,34
2,7,0.888245510977818,0.738524990759203,34
4,7,0.854091411551382,0.522204087306081,34
3,7,0.872512930226918,0.649510106257779,34
1,8,0.928134664384062,0.918148376265964,34
5,8,0.872193476509974,0.458025683787704,34
2,8,0.883938593485993,0.832276844286172,34
4,8,0.850304899169074,0.442585282724983,34
3,8,0.864458003869604,0.596086184098385,34
1,9,0.936462604343752,0.70909904337116,34
5,9,0.848948314268021,0.224619755680603,34
2,9,0.90943212111026,0.76378796814649,34
4,9,0.856709525993929,0.205652883735417,34
3,9,0.875906870642646,0.317912924895024,34
1,10,0.929039301367079,0.904829536184759,34
5,10,0.897426039301012,0.713824781970874,34
2,10,0.842335494762544,0.641759640464501,34
4,10,0.846420730675262,0.872661632354436,34
3,10,0.873436263336253,0.475529326970454,34
1,11,0.927511369266736,0.910418881926445,34
5,11,0.877695100990489,0.126703204108782,34
2,11,0.87461353993958,0.662507955078437,34
4,11,0.847761218305425,0.18896816126991,34
3,11,0.872044799333704,0.626628424740874,34
1,12,0.92616490907399,0.967953262716834,34
5,12,0.888332324949595,-0.0670965746815493,34
2,12,0.862857741049119,0.714233268344938,34
4,12,0.85281923472533,0.571770890763611,34
3,12,0.870576027458578,0.434111440348066,34
1,13,0.935272148722493,0.643018611770576,34
5,13,0.898111877210869,0.299905541444565,34
2,13,0.854320193125383,0.624471465082484,34
4,13,0.857263459081347,0.542726749606094,34
3,13,0.863105870641964,0.741489707507661,34
1,14,0.932406875256394,0.8104498240969,34
5,14,0.844145681048985,0.548520409196209,34
2,14,0.912715970693733,0.829506892644291,34
4,14,0.852972410965393,0.372403615063278,34
3,14,0.866294721386965,0.680348388650544,34
1,15,0.926802230390284,0.954271542578736,34
5,15,0.908389747357769,0.830729514275219,34
2,15,0.826732113973339,0.70165409195971,34
4,15,0.851072600904693,0.266766912139981,34
3,15,0.870771294798715,0.319235254630672,34
1,1,0.928198512735359,0.877767220887575,35
4,1,0.864056425797352,0.647457829644189,35
2,1,0.901357180335205,0.714375448740485,35
3,1,0.846350495471647,0.785516842287473,35
5,1,0.866689667338288,0.851730686496067,35
1,2,0.927001971528255,0.882614633241735,35
4,2,0.87205132350159,0.701124033493388,35
2,2,0.88391668282948,0.843170171317625,35
3,2,0.858739519942978,0.582127010771795,35
5,2,0.85938892307562,0.539947005078255,35
1,3,0.929187097487754,0.874894030804781,35
4,3,0.863330411888239,0.513753924219266,35
2,3,0.899321506155154,0.796639597794425,35
3,3,0.855680869444826,0.7623202143471,35
5,3,0.872557383348622,0.577131330880758,35
1,4,0.930632908916851,0.83214212793303,35
4,4,0.861901203214017,0.517041450549821,35
2,4,0.904314436646182,0.806531862021743,35
3,4,0.860733219456198,0.445095114194583,35
5,4,0.859604619936509,0.513169587027088,35
1,5,0.927956805446042,0.906472411157293,35
4,5,0.896011384239014,0.635056701195738,35
2,5,0.863163763323516,0.752774103376795,35
3,5,0.856629147165278,0.722575099078819,35
5,5,0.877045313247206,0.499726219708725,35
1,6,0.924319900228858,0.977365937477475,35
4,6,0.853048644540041,0.728005066158533,35
2,6,0.893414309632734,0.889816060949295,35
3,6,0.856714450086403,0.544577051754331,35
5,6,0.872702546690249,0.620379930412467,35
1,7,0.929414558274557,0.811504008247053,35
4,7,0.86723464779201,0.572475998406444,35
2,7,0.879415643146275,0.774204546406614,35
3,7,0.844983862589532,0.677385566389759,35
5,7,0.8777324261443,0.806614048832919,35
1,8,0.931827121767882,0.748536773843214,35
4,8,0.862117680430987,0.604521910893658,35
2,8,0.888378189534411,0.523144513110513,35
3,8,0.851287415702098,0.293229263981875,35
5,8,0.868488751626807,0.177935367043088,35
1,9,0.928986264756481,0.894619399305975,35
4,9,0.853523447757758,0.692500701689244,35
2,9,0.907105848630006,0.534525186972827,35
3,9,0.849268256471629,0.524976891705393,35
5,9,0.876134531544986,0.614423374341205,35
1,10,0.923703648508997,0.971336619011441,35
4,10,0.864614551717318,0.488151562614477,35
2,10,0.887841665721127,0.54488762087357,35
3,10,0.860122583804621,0.590627693760817,35
5,10,0.865975061128367,0.242125144921701,35
1,11,0.929099165465194,0.835768454047693,35
4,11,0.870148676417697,0.341520777502824,35
2,11,0.891816439665657,0.869784863024586,35
3,11,0.858230599867544,0.369115023137037,35
5,11,0.870253428028064,0.178183309722481,35
1,12,0.93330103626491,0.728184167026102,35
4,12,0.878223213366509,0.501597810300168,35
2,12,0.879965316982627,0.656707886302607,35
3,12,0.859638803782206,0.631972908333273,35
5,12,0.876843213415603,0.50378807761538,35
1,13,0.93061038897937,0.842783759245416,35
4,13,0.859325446790528,0.62632822537326,35
2,13,0.896857748911871,0.573922897813615,35
3,13,0.855769246020685,0.403025984871257,35
5,13,0.865571523513678,0.5315452717675,35
1,14,0.92937905598631,0.881590101864705,35
4,14,0.858311469754576,-0.00520265566952914,35
2,14,0.899918231252812,0.489707155480908,35
3,14,0.871531150274121,0.546965648566232,35
5,14,0.872699085059592,0.143443049753887,35
1,15,0.925305678651597,0.923355685815784,35
4,15,0.873104812495313,0.670174207770545,35
2,15,0.885409679583875,0.693391796903047,35
3,15,0.860309376132773,0.723890857688216,35
5,15,0.864652874796163,0.452752362918888,35
1,1,0.927820588475274,0.908457541796681,36
2,1,0.909419793863497,0.641470443403067,36
3,1,0.844915514187994,0.706464701953814,36
5,1,0.863141359912134,0.652179737574199,36
4,1,0.877277875957204,0.615348160528777,36
1,2,0.928491516627632,0.875602932095384,36
2,2,0.914189046522438,0.808304218661356,36
3,2,0.848517858675157,0.214747031906141,36
5,2,0.86953511111157,0.297865429261297,36
4,2,0.887945774795158,0.463509798089694,36
1,3,0.930354942371607,0.796121075627433,36
2,3,0.905144257708679,0.700532152622673,36
3,3,0.852180531380753,0.605491701606743,36
5,3,0.839553199485035,0.210356322375895,36
4,3,0.880292384992751,0.646932072346229,36
1,4,0.931486542620427,0.841828164121695,36
2,4,0.910283908499313,0.833142428427038,36
3,4,0.843099178418209,0.524025169640833,36
5,4,0.858046576262383,0.360057101821001,36
4,4,0.887754999859663,0.793285651953016,36
1,5,0.927294589926522,0.929660734210986,36
2,5,0.909806867369514,0.803897377337148,36
3,5,0.834651191688821,0.338401950434571,36
5,5,0.848870702090376,0.834582810707738,36
4,5,0.889319239623069,0.497300275452308,36
1,6,0.931012830057215,0.799316447248021,36
2,6,0.911002960745386,0.700224115502944,36
3,6,0.851472298892773,0.542966012023233,36
5,6,0.849015489825534,0.569749095356348,36
4,6,0.884483776494328,0.384462826157397,36
1,7,0.927904354434494,0.88050895862461,36
2,7,0.911676775946691,0.735624224676454,36
3,7,0.851797123243911,0.693198895757971,36
5,7,0.846479441449002,0.524617092099676,36
4,7,0.891493753702638,0.590441601333933,36
1,8,0.927291016830181,0.856553622111713,36
2,8,0.913422691607078,0.722978633035804,36
3,8,0.84856555695859,0.373439282322194,36
5,8,0.847939392521074,0.519581518582387,36
4,8,0.885258677973959,0.542512694238696,36
1,9,0.927964725928202,0.90444201531983,36
2,9,0.906186396937339,0.702269814902759,36
3,9,0.849520936292327,0.551860780869776,36
5,9,0.847806827216248,0.923223104055015,36
4,9,0.886020484267845,0.509362890054088,36
1,10,0.92948578540415,0.904240933722406,36
2,10,0.912148650243162,0.568623127120262,36
3,10,0.853124013143704,0.384932905127807,36
5,10,0.847982260172511,0.579873837236581,36
4,10,0.883875842443591,0.325964385911911,36
1,11,0.93441982324333,0.707506434565098,36
2,11,0.901042743991767,0.699813258943408,36
3,11,0.85395098278676,0.77723884495412,36
5,11,0.856566923848059,0.280116673763169,36
4,11,0.893088170177113,0.594327725856639,36
1,12,0.932081598863066,0.720395218680214,36
2,12,0.909636880743899,0.692027572697419,36
3,12,0.841015534143038,0.700583836218388,36
5,12,0.85534545705608,0.436069857302789,36
4,12,0.883623783726128,0.724644724628639,36
1,13,0.925779549342645,0.950480720047099,36
2,13,0.910199623416622,0.690201184548029,36
3,13,0.847424519534213,0.644854045632177,36
5,13,0.847971937056442,0.509041896298246,36
4,13,0.884519891636788,0.30508257777645,36
1,14,0.928786053579325,0.860700127093318,36
2,14,0.910372329718953,0.24095049916044,36
3,14,0.838877509538014,0.765844467339478,36
5,14,0.847925402315568,0.293393542540568,36
4,14,0.887939135160439,0.613236163980936,36
1,15,0.931202539379312,0.777838536351717,36
2,15,0.904076573427804,0.835306426396333,36
3,15,0.854909913909724,0.628862526770626,36
5,15,0.840931753428727,0.828412921585975,36
4,15,0.881618851546763,0.825737354473019,36
1,1,0.923667449380818,0.90763691609926,37
4,1,0.872861936454378,0.280361131055121,37
2,1,0.879231301188208,0.622286262971828,37
5,1,0.838156886984386,0.503526281296208,37
3,1,0.871177147481759,0.622654876349556,37
1,2,0.924976418420538,0.833248080742227,37
4,2,0.86634282815299,0.587201585972074,37
2,2,0.885589524910549,0.421029311017239,37
5,2,0.830508408344396,0.576533973149043,37
3,2,0.860166573119716,0.707637226893572,37
1,3,0.926786214920038,0.815960214890363,37
4,3,0.881558656584807,0.358404843587185,37
2,3,0.88019663841788,0.69163775070269,37
5,3,0.829754604526406,-0.00384383418401343,37
3,3,0.866418799476458,0.420226131728744,37
1,4,0.926388896105547,0.830415603111209,37
4,4,0.909405824579796,0.489533627644468,37
2,4,0.837875081678174,0.690355881325244,37
5,4,0.853607365824439,0.291880756119616,37
3,4,0.864711578540285,0.0344274691175426,37
1,5,0.926253133196214,0.887042121810442,37
4,5,0.882931120643701,0.779160540361936,37
2,5,0.872706797552265,0.933668569062657,37
5,5,0.82520008579071,0.74870596682055,37
3,5,0.868628904072369,0.623351847789687,37
1,6,0.927451431907198,0.746664316219005,37
4,6,0.847451566821791,0.560130845939742,37
2,6,0.91879794200124,0.84173243389039,37
5,6,0.848329481822753,0.187155500662612,37
3,6,0.854134843153217,0.663642567665945,37
1,7,0.924081426064473,0.891015920402469,37
4,7,0.864092295586322,0.710495816373087,37
2,7,0.887933392296114,0.832336970592564,37
5,7,0.829380238985791,0.704132220365898,37
3,7,0.865724058816986,0.695455647969439,37
1,8,0.931340870905349,0.726370054793019,37
4,8,0.855642764688368,0.595549927709793,37
2,8,0.906688078586049,0.701565375589936,37
5,8,0.840771551153131,0.443290607058578,37
3,8,0.865547885896133,0.549375659135165,37
1,9,0.923638762987496,0.915140149764077,37
4,9,0.84974437084884,0.490380644591542,37
2,9,0.899834188344344,0.810079226169092,37
5,9,0.834886915159838,0.573408030411259,37
3,9,0.872781045025033,0.378859899350401,37
1,10,0.928484971058956,0.84190079324953,37
4,10,0.869048942400975,0.5983989121223,37
2,10,0.891132786699495,0.614425434013529,37
5,10,0.837110936954207,0.710365804777328,37
3,10,0.853602088301797,0.6031292604897,37
1,11,0.92463328030548,0.897783159682344,37
4,11,0.851899601097784,0.363904397726854,37
2,11,0.909678929937117,0.485272442535476,37
5,11,0.834892848973521,-0.276594558059065,37
3,11,0.865564965337387,0.367496611224235,37
1,12,0.928516508980628,0.806326746902587,37
4,12,0.849023920528059,0.246438519542234,37
2,12,0.898717628701511,0.76996125892407,37
5,12,0.833070982664943,0.39256528469625,37
3,12,0.870535326956099,0.1276423884536,37
1,13,0.921790053542092,0.936370393377821,37
4,13,0.869524874517142,0.457925389144526,37
2,13,0.880466190476539,0.845643770574649,37
5,13,0.831541080006623,0.627451930860535,37
3,13,0.870119138238269,0.686951057982709,37
1,14,0.927797329839867,0.796375368863557,37
4,14,0.868292672716839,0.411448028773131,37
2,14,0.888053667499613,0.770506274809372,37
5,14,0.844579631220996,0.792920396263096,37
3,14,0.8531667428928,0.40046053121972,37
1,15,0.921343285460599,0.973188192000326,37
4,15,0.867960192913179,0.577788703672206,37
2,15,0.876581856182978,0.635342680255764,37
5,15,0.835774055282828,0.670187638413416,37
3,15,0.863197278361104,0.790433028130736,37
1,1,0.928470607616321,0.841075921811043,38
3,1,0.89320281650992,0.706567425045204,38
2,1,0.872298522651176,0.393067106127488,38
4,1,0.844971967156578,0.728957238221023,38
5,1,0.871425363400022,0.33223916681024,38
1,2,0.929695849806292,0.86137969894836,38
3,2,0.915383041464411,0.564938792554259,38
2,2,0.8343263788789,0.753900357966021,38
4,2,0.848592366172592,0.688441043718901,38
5,2,0.872159616561504,0.611531115985144,38
1,3,0.926589521634688,0.918183323344815,38
3,3,0.903385443969155,0.45652110989552,38
2,3,0.870535334637975,0.790003663500128,38
4,3,0.836979457300477,0.8458186204344,38
5,3,0.879437043195013,0.676570833236129,38
1,4,0.92571347470618,0.952714811784057,38
3,4,0.910513796830263,0.87077471983531,38
2,4,0.849533444127592,0.683466614611376,38
4,4,0.855377486592449,0.667331943565655,38
5,4,0.860857070602184,-0.0332984874160973,38
1,5,0.929889628416138,0.841985743920414,38
3,5,0.903401846250598,0.724748448214006,38
2,5,0.864775537310681,0.686352166003266,38
4,5,0.845901585232807,0.359301154313907,38
5,5,0.872597712745443,0.512305954926542,38
1,6,0.926538880779872,0.922471211436868,38
3,6,0.916715733856484,0.394742629845228,38
2,6,0.848721936687738,0.628389423269919,38
4,6,0.851383839039234,0.330056567050091,38
5,6,0.866899216757857,0.601901334700117,38
1,7,0.929617762969749,0.870190243413819,38
3,7,0.898071761526575,0.629643088127224,38
2,7,0.868038615501318,0.591154360435031,38
4,7,0.860941305935106,0.238024337034138,38
5,7,0.877514601321084,0.47060767488578,38
1,8,0.928843857638739,0.830618321354881,38
3,8,0.915389913824644,0.57559814067042,38
2,8,0.828145085686413,0.809488520132559,38
4,8,0.846833099364289,0.649701974118538,38
5,8,0.881425953140434,0.436727891242325,38
1,9,0.93075096248343,0.805921833091269,38
3,9,0.92081911777978,0.842702930639116,38
2,9,0.846340399054003,0.356716926857026,38
4,9,0.846893351346697,0.536208351148199,38
5,9,0.869946347493564,0.809214572344898,38
1,10,0.927989940662435,0.845756225379579,38
3,10,0.917945291698738,0.64886553580861,38
2,10,0.844175411926117,0.740943602421821,38
4,10,0.846820460572481,0.780790649755395,38
5,10,0.879133729974747,0.584442784421476,38
1,11,0.929990955059974,0.787812577668928,38
3,11,0.893851138106031,0.799613202898866,38
2,11,0.859175773682894,0.916588626467643,38
4,11,0.854719539519935,0.371925060828006,38
5,11,0.869633594469587,0.195607618068939,38
1,12,0.927514972312069,0.905412711196075,38
3,12,0.902247542451127,0.385556631246122,38
2,12,0.866387997867136,0.491680926971052,38
4,12,0.8644909475842,0.461745047770217,38
5,12,0.861392467248688,0.620438295585439,38
1,13,0.937983772441545,0.55154610409183,38
3,13,0.916498178829129,0.131176872250903,38
2,13,0.851936906917053,0.234182341239178,38
4,13,0.852175968526792,0.133352641408073,38
5,13,0.878428903340226,0.703901595256829,38
1,14,0.927378349646544,0.892507400625875,38
3,14,0.89240639355879,0.61693304769062,38
2,14,0.870976843125148,0.803338197483439,38
4,14,0.84306262030372,0.734533148626816,38
5,14,0.88049173743141,0.33340000800411,38
1,15,0.927069746224714,0.919104705563181,38
3,15,0.896197490079905,0.546711834821589,38
2,15,0.860920364813714,0.442041652781037,38
4,15,0.857145288326453,0.680552076103997,38
5,15,0.876545835115917,0.390514006577263,38
1,1,0.959474241738716,0.86166102983643,39
2,1,0.95114910549193,0.805699789313118,39
3,1,0.923995498545398,0.515979264120031,39
5,1,0.926582679196242,0.40023209952452,39
4,1,0.89937396293739,0.866807178703273,39
1,2,0.961081303213789,0.829349141531758,39
2,2,0.954219377539848,0.762412876299559,39
3,2,0.919604723919106,0.749431515483312,39
5,2,0.921341326140629,0.62140007533509,39
4,2,0.903559136759781,0.479204121774457,39
1,3,0.958214106422452,0.906943799244076,39
2,3,0.953385562751084,0.687864411452392,39
3,3,0.916553430047773,0.592876045119217,39
5,3,0.925783189244289,0.578361629890143,39
4,3,0.893823071898244,0.48221999384536,39
1,4,0.958099306513168,0.938097452178491,39
2,4,0.953105375130327,0.767966720338059,39
3,4,0.91493805642505,0.782894431103502,39
5,4,0.921372980497703,0.781637131803197,39
4,4,0.901214864304563,0.618438757645699,39
1,5,0.958076180385547,0.947842671544859,39
2,5,0.953329875035016,0.550036062869866,39
3,5,0.92212609470947,0.69361348798623,39
5,5,0.926795953075435,0.318456773780528,39
4,5,0.896634058467313,0.429574962479613,39
1,6,0.958362387896932,0.856539361498547,39
2,6,0.95488033700618,0.589114649648332,39
3,6,0.91697851360772,0.782739919873104,39
5,6,0.92791042064962,0.720435557981166,39
4,6,0.896842141073098,0.514306611566526,39
1,7,0.958461862786041,0.934631122304211,39
2,7,0.951680227575417,0.919929952963462,39
3,7,0.917943453999418,0.500759855354806,39
5,7,0.929018442360802,0.147947297102375,39
4,7,0.89501864410284,0.586697784562368,39
1,8,0.959477764657465,0.873243216262859,39
2,8,0.955187975426889,0.330743604715477,39
3,8,0.915925105960158,0.571864429425189,39
5,8,0.910579458960412,0.672865324836716,39
4,8,0.912014174742328,0.130184807389814,39
1,9,0.959783506391749,0.869805151367418,39
2,9,0.955933819257094,0.539071202266217,39
3,9,0.915002756243051,0.67290811717651,39
5,9,0.907054819236631,0.463902294902304,39
4,9,0.925193319988029,0.395368059717102,39
1,10,0.960835207159074,0.825159416315551,39
2,10,0.951218321966111,0.841567039520501,39
3,10,0.914969996271064,0.686820943588473,39
5,10,0.92190343143961,0.635016793710991,39
4,10,0.908553456920738,0.612877502233612,39
1,11,0.958228454201808,0.889060322682189,39
2,11,0.953183361269818,0.665779697378933,39
3,11,0.918533779059903,0.686706481711957,39
5,11,0.928034611596881,0.566625858652045,39
4,11,0.89135642386241,0.602729924338651,39
1,12,0.957715937955621,0.94919582683605,39
2,12,0.948617770667733,0.711737298626561,39
3,12,0.923115553812147,0.609403997383097,39
5,12,0.925148071852025,0.785204014150854,39
4,12,0.893478828906796,0.884469328987634,39
1,13,0.963324800764916,0.548974820641566,39
2,13,0.957759529723021,0.42218198351079,39
3,13,0.920684311798694,0.644492861470727,39
5,13,0.923959230894877,0.425289296349216,39
4,13,0.894668394637916,0.415301907316372,39
1,14,0.959326541411579,0.889527645285504,39
2,14,0.952877964014127,0.740161191487891,39
3,14,0.9161563057754,0.588088704431963,39
5,14,0.930142370278196,0.563395451093149,39
4,14,0.904850850368688,0.577077292111746,39
1,15,0.957493188141203,0.907696233382086,39
2,15,0.951504737605883,0.657174938863886,39
3,15,0.923082451581954,0.115771724994268,39
5,15,0.895241820528924,0.331432208127178,39
4,15,0.92269055428902,0.620831569941531,39
1,1,0.928738296079841,0.908680202171566,40
4,1,0.85429932733181,0.281070997435377,40
2,1,0.897110909469978,0.827342701264819,40
3,1,0.867150078277423,0.728545741443575,40
5,1,0.864298578913888,0.0462859472418236,40
1,2,0.933267803487041,0.816896266541331,40
4,2,0.862622776360049,0.697398596106453,40
2,2,0.892332643728497,0.530606273024273,40
3,2,0.871035184656845,0.522724457490099,40
5,2,0.857372653069258,0.587608859331129,40
1,3,0.92874625476098,0.902400044882307,40
4,3,0.854489649542225,0.725985681272884,40
2,3,0.887097623490412,0.801010972465004,40
3,3,0.871971625232314,0.772834590986927,40
5,3,0.854564567355115,0.525577805312752,40
1,4,0.928929070239274,0.923938482400724,40
4,4,0.855682544764388,0.334524762782076,40
2,4,0.888989925948154,0.7984734133992,40
3,4,0.86865505211303,0.745743231897084,40
5,4,0.857359679820738,0.660702195790161,40
1,5,0.930028979463679,0.847042397261979,40
4,5,0.851783586222296,0.437118572465882,40
2,5,0.902580788118556,0.381328397674635,40
3,5,0.871545044077314,0.633589041734634,40
5,5,0.881534216594232,0.567474364380812,40
1,6,0.930671116177966,0.905281038153998,40
4,6,0.868202564486595,0.428456787379994,40
2,6,0.881455300400856,0.923477305496953,40
3,6,0.855106943240276,0.627439459213606,40
5,6,0.883768722880275,0.30388587230846,40
1,7,0.932633251953271,0.781955890983412,40
4,7,0.856055943790531,0.656955099004492,40
2,7,0.893658863972164,0.715048593129355,40
3,7,0.855856861999254,0.581718921715698,40
5,7,0.859427837063094,0.759522651040067,40
1,8,0.93246250971655,0.832990264909253,40
4,8,0.902989298305966,0.577189131981158,40
2,8,0.844030400169912,0.587291893423856,40
3,8,0.872731940427993,0.194707263290936,40
5,8,0.879518232207655,0.631304291715118,40
1,9,0.930264540410778,0.902498894586426,40
4,9,0.860571975237789,0.656884716485208,40
2,9,0.891966907852432,0.781244153091624,40
3,9,0.866951257551866,0.617611918159319,40
5,9,0.857457785160177,0.744440620138938,40
1,10,0.927638226490768,0.944312549305788,40
4,10,0.864170578855761,0.256046965093855,40
2,10,0.890948490712967,0.561133816985422,40
3,10,0.869705259296795,0.743179576041775,40
5,10,0.863014279521373,0.380947572394804,40
1,11,0.929637811095079,0.904834647600599,40
4,11,0.851494414262224,0.236801265755135,40
2,11,0.905614990024958,0.727867740411009,40
3,11,0.860442562082339,0.745812963424757,40
5,11,0.861945555847015,0.666124557241499,40
1,12,0.93582833404643,0.63486681587431,40
4,12,0.899348216430485,0.55327536371839,40
2,12,0.854040669029593,0.695373978886721,40
3,12,0.870283205743538,0.635993365333405,40
5,12,0.854969130757576,0.285346093857654,40
1,13,0.931855097113009,0.8069584595701,40
4,13,0.849135211719458,0.515023371000522,40
2,13,0.906954372809045,0.679748661456306,40
3,13,0.861976791024972,0.647632483612582,40
5,13,0.873479995664172,0.348202168218994,40
1,14,0.930946153474669,0.889700780164857,40
4,14,0.868136367286901,0.241663017064299,40
2,14,0.874939508058743,0.818352411397802,40
3,14,0.868589659940514,0.748274101964167,40
5,14,0.861773921770573,0.142225346407118,40
1,15,0.929696064548019,0.89336035474045,40
4,15,0.845165324422562,0.727101517668024,40
2,15,0.904416060988625,0.428052068602226,40
3,15,0.870196895182719,0.610762493630865,40
5,15,0.863907857432456,0.514608479572089,40
1,1,0.963246593201462,0.514831262545592,41
2,1,0.957595469822846,0.837419249027539,41
4,1,0.927760410224898,0.169220395530222,41
3,1,0.92012740328468,0.196507645308253,41
5,1,0.929437852583964,0.642945639364168,41
1,2,0.959276306115746,0.962635677443794,41
2,2,0.953133332228643,0.776318338536913,41
4,2,0.922256511323714,0.667788857908589,41
3,2,0.923830588686189,0.73720791693471,41
5,2,0.924363287131666,0.657822074539379,41
1,3,0.959516165831419,0.939333081592304,41
2,3,0.953892738813203,0.198387390482858,41
4,3,0.923466456020928,0.676578807358121,41
3,3,0.912192808456116,0.731412256843915,41
5,3,0.934236815094941,0.220870511507749,41
1,4,0.959865262719782,0.90365884832828,41
2,4,0.952850696710613,0.74536244039954,41
4,4,0.922884618620841,0.833926916790067,41
3,4,0.918060040938861,0.863812161478075,41
5,4,0.921459168233724,0.579765766972781,41
1,5,0.963111885374485,0.842586661463558,41
2,5,0.954262441230882,0.773016462573131,41
4,5,0.920570481876586,0.177036284668114,41
3,5,0.928553203436133,0.183829462896747,41
5,5,0.936068910913058,0.656741333122214,41
1,6,0.959358139960496,0.889991131561542,41
2,6,0.953195420697549,0.524853708489461,41
4,6,0.918482451999849,0.820143045601974,41
3,6,0.921097351948842,0.490255204568631,41
5,6,0.935661395552389,0.517933494271035,41
1,7,0.959882681822161,0.881676928222289,41
2,7,0.95753795398256,0.707733550092959,41
4,7,0.924852770528962,0.575779209387631,41
3,7,0.915502986979622,0.720269870285287,41
5,7,0.926347482807047,0.268631535431645,41
1,8,0.961848300070673,0.878098428883675,41
2,8,0.954376365933415,0.573150644451984,41
4,8,0.928340356258532,0.623374760715084,41
3,8,0.917063869607306,0.700197727083019,41
5,8,0.932999994555677,0.545167172016164,41
1,9,0.961745127820551,0.840191413062574,41
2,9,0.954588508416475,0.549577354209314,41
4,9,0.92218281656814,0.679693890991139,41
3,9,0.922935805958972,0.846663359143523,41
5,9,0.924489786470017,0.572270787468635,41
1,10,0.961387390063831,0.856841286614342,41
2,10,0.949478673791854,0.589664307495207,41
4,10,0.925418016958641,0.644606719752151,41
3,10,0.914522214740267,0.700299329294981,41
5,10,0.935114472933351,0.532697851246393,41
1,11,0.962991071237484,0.762103868227955,41
2,11,0.95442911748519,0.812055378113282,41
4,11,0.925152106347574,0.44512501597231,41
3,11,0.919805492100952,0.479066745735304,41
5,11,0.932112315547946,0.426839672957251,41
1,12,0.963933099524085,0.667341221106973,41
2,12,0.951283667708441,0.764117767404432,41
4,12,0.921780987511954,0.468513668257994,41
3,12,0.92950098078108,0.627451151865744,41
5,12,0.934979233978501,0.571001108051323,41
1,13,0.960436504184253,0.933377745301348,41
2,13,0.954206519294619,0.729155137076869,41
4,13,0.925065977022844,0.633634408446091,41
3,13,0.917459774738094,0.703266323899904,41
5,13,0.936005946666533,0.66967587733995,41
1,14,0.95941918338548,0.962837598977964,41
2,14,0.952441927742149,0.739911339364822,41
4,14,0.928085082578961,0.628534176671944,41
3,14,0.914791907649813,0.328467995335453,41
5,14,0.937395579837224,0.482059197131046,41
1,15,0.962056854518859,0.815356034413773,41
2,15,0.955843592197134,0.785001762204825,41
4,15,0.923068049184314,0.216501358110366,41
3,15,0.920374973789334,0.722152815967246,41
5,15,0.932142202394232,0.790964151779468,41
1,1,0.92592525298016,0.914206869829599,42
4,1,0.893837580671116,0.748451832263377,42
2,1,0.863322910145579,0.450471739814888,42
3,1,0.859631531740342,0.331991874430277,42
5,1,0.85681846255052,0.392955539135684,42
1,2,0.927775588922169,0.93550639261721,42
4,2,0.894177074056349,0.498673272875108,42
2,2,0.849828976081707,0.764182850499729,42
3,2,0.854572774869314,0.701427490873447,42
5,2,0.864862494937297,0.295262931133233,42
1,3,0.928685608918471,0.875092432626215,42
4,3,0.859848667303494,0.724676530670661,42
2,3,0.897674781084459,0.810738309071094,42
3,3,0.845710739761634,0.820009140342354,42
5,3,0.868356397426838,0.795106107961563,42
1,4,0.928487475840855,0.882125193412806,42
4,4,0.869183830846283,0.429704075977123,42
2,4,0.888796745584419,0.484645534979564,42
3,4,0.865043153180226,0.343740570470057,42
5,4,0.872782741782467,0.652299924700284,42
1,5,0.927993992230005,0.845699481013709,42
4,5,0.906486059864427,0.426508655608338,42
2,5,0.851298213806588,0.319049421240217,42
3,5,0.852679165898859,0.64480051558609,42
5,5,0.861586043818563,0.523093988967339,42
1,6,0.930665193304744,0.856659072656561,42
4,6,0.906165943771414,0.660281082388154,42
2,6,0.843514720232123,0.609916953757814,42
3,6,0.849007151338005,0.798454901824724,42
5,6,0.867790837650698,0.818372929418319,42
1,7,0.930454139548402,0.81208212755025,42
4,7,0.907896403528764,0.470825485856744,42
2,7,0.849319289577837,0.857723426744039,42
3,7,0.868582083449572,0.451832911329738,42
5,7,0.855124166850405,0.597072838209838,42
1,8,0.926749606191415,0.947541282731169,42
4,8,0.90607307488286,0.663031592296688,42
2,8,0.832010789543891,0.715425450195057,42
3,8,0.854084853426784,0.836373951085081,42
5,8,0.861615444570965,-0.0834690484059108,42
1,9,0.92529421616177,0.92090865790249,42
4,9,0.90335946040879,0.561945801446672,42
2,9,0.85482835345884,0.519528434204219,42
3,9,0.846809284113315,0.729564601732182,42
5,9,0.86335193397871,0.163607694963451,42
1,10,0.928126457045765,0.843294169439515,42
4,10,0.895405029091056,0.781411409944415,42
2,10,0.86929172242856,0.661791635877218,42
3,10,0.850244434897144,0.651237320953054,42
5,10,0.851113721442654,0.273169052570113,42
1,11,0.927361337429634,0.892047899537275,42
4,11,0.889273216791798,0.59784521913261,42
2,11,0.880750978063869,0.396603465870836,42
3,11,0.851958932686804,0.392418571043531,42
5,11,0.862761246957771,-0.05173683485408,42
1,12,0.932384397598818,0.729636371287167,42
4,12,0.902231967997675,0.57295002734705,42
2,12,0.842398664501681,0.724373793971464,42
3,12,0.860551712958314,0.22808337424359,42
5,12,0.868235711648986,0.748004139013827,42
1,13,0.930562901444622,0.815095581118169,42
4,13,0.895983238196246,0.502321039161748,42
2,13,0.865369617118699,0.586807530172598,42
3,13,0.854040756716949,0.566760484604632,42
5,13,0.854341716212307,-0.0110053021195053,42
1,14,0.927252101288433,0.925175909460207,42
4,14,0.897580684868418,0.318924099338268,42
2,14,0.857039950788423,0.694706103187693,42
3,14,0.853359739543775,0.763071825587506,42
5,14,0.866465756746583,0.476205350335657,42
1,15,0.931581195153376,0.82790915185085,42
4,15,0.907532070344785,0.429500698976607,42
2,15,0.849041077898876,0.385480127374009,42
3,15,0.868617320716441,0.518691211459585,42
5,15,0.875411793416945,0.104934336610254,42
1,1,0.928596198823273,0.804415524250124,43
5,1,0.883764545578785,0.693998371781071,43
2,1,0.862750352846655,0.815791311162498,43
4,1,0.849614231598883,0.794741209669755,43
3,1,0.867079171049589,0.582762703277464,43
1,2,0.923630440036414,0.932978780835009,43
5,2,0.903574940153728,0.613674148496968,43
2,2,0.835625614303717,0.646060997902095,43
4,2,0.84269047281099,-0.237366376150041,43
3,2,0.877773130791648,0.523949292817278,43
1,3,0.92271312225006,0.954515177988093,43
5,3,0.908169878791764,0.581354175604473,43
2,3,0.832275450315048,0.578506275777328,43
4,3,0.860639396601195,0.568126209513224,43
3,3,0.858780540515544,0.395251796950059,43
1,4,0.92352246855974,0.939212382076839,43
5,4,0.908954975131988,0.407070470905942,43
2,4,0.832226983605272,0.502243540083151,43
4,4,0.860226310120909,0.654589989693998,43
3,4,0.87230438694057,0.569970270526014,43
1,5,0.925867721791687,0.88111269454197,43
5,5,0.871752805920862,0.471928430877164,43
2,5,0.860176742097163,0.84791425839203,43
4,5,0.868169469619383,0.420272610993263,43
3,5,0.870897964763257,0.0166125059070613,43
1,6,0.923909499346739,0.898719076466031,43
5,6,0.904722583388699,0.643841202961421,43
2,6,0.822418105250203,0.866717686682249,43
4,6,0.865097004293654,0.587304351719697,43
3,6,0.86589389436462,0.700349387080149,43
1,7,0.926003449156963,0.860164142065726,43
5,7,0.880884474605516,0.355203767670222,43
2,7,0.853967663213979,0.550449442258837,43
4,7,0.872112131568706,0.685167157108403,43
3,7,0.84890694386708,0.776469171192274,43
1,8,0.926862451805126,0.866015557649486,43
5,8,0.860034478750503,0.34192231581388,43
2,8,0.874930741862522,0.740533238972797,43
4,8,0.860626140404748,0.636931988911798,43
3,8,0.859040175529599,0.59999578277025,43
1,9,0.925540646505765,0.875175884770585,43
5,9,0.863890174063708,0.194106976752274,43
2,9,0.874002793055528,0.488828453148448,43
4,9,0.869573193967318,0.329048400784165,43
3,9,0.867115610616515,0.320570311592119,43
1,10,0.927749700142614,0.789121241739117,43
5,10,0.905374628379929,0.464713945626361,43
2,10,0.833310095134262,0.535704431127108,43
4,10,0.85737664388147,0.731657397053639,43
3,10,0.86784123495765,0.265714239366162,43
1,11,0.931997195649482,0.724677003290392,43
5,11,0.874770091050468,0.584329992512194,43
2,11,0.864810724699011,0.781200554453825,43
4,11,0.862113721189611,0.489393182023092,43
3,11,0.862148749332462,0.847692392647262,43
1,12,0.923261304843897,0.92498851632455,43
5,12,0.849420251750557,0.358443862090927,43
2,12,0.897973772574652,0.810811144662523,43
4,12,0.851196717141781,0.639675041542344,43
3,12,0.875568785756227,0.687460834137675,43
1,13,0.928729355915901,0.855354960067087,43
5,13,0.905954477376055,0.487300171801428,43
2,13,0.846083691057506,0.504658261724856,43
4,13,0.867302575913977,0.569885449755871,43
3,13,0.848576983650517,0.681372365597003,43
1,14,0.932898192980547,0.743539775259725,43
5,14,0.90177484687318,0.314299700922377,43
2,14,0.828301129770104,0.632564127478242,43
4,14,0.844775517674003,0.814694452894194,43
3,14,0.869471715897353,0.74181853647006,43
1,15,0.9236342460285,0.877876881401779,43
5,15,0.848665268339946,0.444313304599916,43
2,15,0.893579330772514,0.609866571551114,43
4,15,0.846806449909311,0.500003173653128,43
3,15,0.873651312598564,0.516127305996635,43
1,1,0.929208400778835,0.921624165938998,44
3,1,0.890169401930932,0.423338100602903,44
2,1,0.853127893694945,0.476018866210297,44
4,1,0.852702568668894,0.573763563810698,44
5,1,0.892966532575162,0.470421250029272,44
1,2,0.931330171812361,0.823073200977179,44
3,2,0.891442514704651,0.619996846615792,44
2,2,0.846194966522609,0.695815324111218,44
4,2,0.843442850108071,0.613192804021696,44
5,2,0.892681068894817,0.272147660333535,44
1,3,0.929347492203008,0.855507951942297,44
3,3,0.886136412820824,0.765151065314399,44
2,3,0.856815117801749,0.657322435775954,44
4,3,0.849603514611523,0.326719183210622,44
5,3,0.874455493183819,0.74595984280409,44
1,4,0.927636996218929,0.931059000975717,44
3,4,0.890700278613989,0.487411232698311,44
2,4,0.846692523718046,0.677256249879047,44
4,4,0.855961275250114,0.520973555417723,44
5,4,0.879741081968603,0.389981497538981,44
1,5,0.931589807590754,0.810903969190708,44
3,5,0.889398512267842,0.367260394018092,44
2,5,0.853719992347216,0.48147425954722,44
4,5,0.861707293390706,0.36582475528733,44
5,5,0.894030974030294,0.81728912259194,44
1,6,0.928218313376824,0.931785929750169,44
3,6,0.899519577948185,0.580506078986149,44
2,6,0.848421307361239,0.541469961916365,44
4,6,0.841934130157647,0.802122193874105,44
5,6,0.89918085209499,-0.0156058571895211,44
1,7,0.927954070639934,0.900282611011702,44
3,7,0.894677307719171,0.617305777071322,44
2,7,0.842907552247764,0.626307818773854,44
4,7,0.843964869755449,0.676895469253917,44
5,7,0.895445357718405,0.553388408154935,44
1,8,0.929217966518903,0.907308587603598,44
3,8,0.878061992405475,0.648821582043025,44
2,8,0.85372419092202,0.83882197372501,44
4,8,0.858727965239384,0.517031307686964,44
5,8,0.890353774575044,0.781649201665426,44
1,9,0.92847607002496,0.876144277861437,44
3,9,0.889973433663952,0.564595489561511,44
2,9,0.852009998142838,0.635368952267401,44
4,9,0.847919820608304,0.56529822131392,44
5,9,0.892131749032268,0.260878465939282,44
1,10,0.926889652385813,0.907984637474328,44
3,10,0.889449655031373,0.608724239676381,44
2,10,0.845593053168598,0.788226892090621,44
4,10,0.847250435389163,0.469046751368898,44
5,10,0.896128512301957,0.667756720481083,44
1,11,0.93803650663062,0.606469697364794,44
3,11,0.892492847058408,0.557780181308644,44
2,11,0.844850052288097,0.689899078155428,44
4,11,0.849147224495187,0.270560614423376,44
5,11,0.896328023522315,0.690549644338497,44
1,12,0.927895677468102,0.932256760458326,44
3,12,0.894704507632278,0.769055220809314,44
2,12,0.839374387669959,0.42607503725095,44
4,12,0.847193823591609,0.827237460039745,44
5,12,0.888022566899156,0.41958676927097,44
1,13,0.92918339460751,0.862803980094283,44
3,13,0.89034390777284,0.788215963235859,44
2,13,0.852225069154649,0.277921419816221,44
4,13,0.850783272585889,0.836250207783363,44
5,13,0.890302267950734,0.375031096593709,44
1,14,0.930020014076616,0.797089143256133,44
3,14,0.893756286625663,0.571235195896769,44
2,14,0.848380825857335,0.725318671939177,44
4,14,0.851362917305767,0.199253351274078,44
5,14,0.898219868308107,0.332972491774284,44
1,15,0.929998459610158,0.84226554415989,44
3,15,0.883905597819042,0.623520988039156,44
2,15,0.843396278753841,0.633469727188776,44
4,15,0.847339890653559,0.874575170487298,44
5,15,0.892108457821374,0.44568977639737,44
1,1,0.961038708173116,0.643697210858438,45
3,1,0.955633643515201,0.500517265423504,45
2,1,0.924704090598497,0.298135228577428,45
4,1,0.917332676816769,0.580502284866499,45
5,1,0.935049919067541,0.684522660508214,45
1,2,0.962133185153083,0.712133892933297,45
3,2,0.955307305261545,0.739379379637914,45
2,2,0.931596257387792,0.191410524860744,45
4,2,0.92816203727522,0.0967577059312632,45
5,2,0.937568672884595,0.447436572896621,45
1,3,0.959528994676088,0.895979054277389,45
3,3,0.952131112734693,0.656474934759334,45
2,3,0.925025187237066,0.776904200481959,45
4,3,0.92964517899278,0.588006325562024,45
5,3,0.918974861025832,0.750420033471816,45
1,4,0.9603016608225,0.919046374536939,45
3,4,0.948914458116281,0.271867840501587,45
2,4,0.934830576054399,0.555666685504679,45
4,4,0.925507444666744,0.513299717407286,45
5,4,0.932919672695118,0.551163641010594,45
1,5,0.957618097576813,0.947238911463743,45
3,5,0.956343387189094,0.397308598547244,45
2,5,0.926390639031212,0.815998116580286,45
4,5,0.931782469887694,0.223277901628723,45
5,5,0.92209033865827,0.141397258516389,45
1,6,0.961003238240307,0.929546854753146,45
3,6,0.954458509535088,0.673221405912877,45
2,6,0.9281860432839,0.673557058951534,45
4,6,0.929073186814292,0.721386900326433,45
5,6,0.923638342674185,0.701995892021868,45
1,7,0.961887522503028,0.790618387326049,45
3,7,0.954222221938324,0.719736899876922,45
2,7,0.926575132282605,0.810911662308001,45
4,7,0.915069189400416,0.787529402406014,45
5,7,0.928928908077923,0.591984502790061,45
1,8,0.960864109225784,0.902690936404736,45
3,8,0.958181251939298,0.632590663486878,45
2,8,0.927431702021573,0.712144608455925,45
4,8,0.937262623720793,0.276916109767337,45
5,8,0.91623000872359,0.684904422575042,45
1,9,0.960159453680527,0.894128240809762,45
3,9,0.957130712499292,0.801204420357793,45
2,9,0.928724342947408,0.71405035529686,45
4,9,0.927165878297348,0.626535924963533,45
5,9,0.919481599998773,0.642132117060797,45
1,10,0.959024491562348,0.918678052238025,45
3,10,0.955528435803908,0.71122892635104,45
2,10,0.926078205930097,0.680906308705753,45
4,10,0.928820063236247,0.376074640763046,45
5,10,0.926343894752161,0.727588701081951,45
1,11,0.962667884881944,0.752616736041501,45
3,11,0.954217445230361,0.38386331098036,45
2,11,0.931311642070518,0.677211920098505,45
4,11,0.934030359311201,0.747124278231892,45
5,11,0.922629530213303,0.256013932945761,45
1,12,0.959575532957152,0.858493977607538,45
3,12,0.954758212186427,0.667550892395026,45
2,12,0.930533366401982,0.789965051590371,45
4,12,0.92535598367954,0.663358844618551,45
5,12,0.925823150177209,0.683443448868174,45
1,13,0.960401200659123,0.857023666371829,45
3,13,0.953921957095542,0.774924354164294,45
2,13,0.926124250467892,0.627723820933392,45
4,13,0.92154111511636,0.639409369859095,45
5,13,0.931005084808612,0.432150725009582,45
1,14,0.961188575840852,0.897454849340263,45
3,14,0.956231939981097,0.819904137740724,45
2,14,0.928088865120394,0.624671163472376,45
4,14,0.924465339319971,0.662387174528337,45
5,14,0.930774701439545,0.389705751300561,45
1,15,0.960539903661403,0.869038516188688,45
3,15,0.954283604526639,0.825500722440086,45
2,15,0.925300490062853,0.739554613978772,45
4,15,0.932015141261324,0.681731019764319,45
5,15,0.923411793433792,0.195485911536868,45
1,1,0.92259375711735,0.905290181338052,46
3,1,0.907153382305965,0.531924926811575,46
4,1,0.850019738758046,0.517479618890662,46
2,1,0.869624658420197,0.757656447465587,46
5,1,0.860972218894694,0.178938763316927,46
1,2,0.926051001951579,0.849666365845359,46
3,2,0.915581135834265,0.616296068256986,46
4,2,0.846854167323009,0.756404895212623,46
2,2,0.856711914204303,0.619166613386221,46
5,2,0.847117707666517,0.482684751668019,46
1,3,0.920747148718297,0.933541520513221,46
3,3,0.911441026670441,0.779912404670692,46
4,3,0.848099506323677,0.651812682464631,46
2,3,0.8514068768945,0.671832375344061,46
5,3,0.860202832315407,-0.140565779624043,46
1,4,0.921388196540709,0.932854192346488,46
3,4,0.908412156899871,0.376026256148841,46
4,4,0.851840563119355,0.577269769775042,46
2,4,0.853746562422212,0.666070905557187,46
5,4,0.859278901114834,0.576837111243513,46
1,5,0.924884500695734,0.872168960578359,46
3,5,0.913525918535119,0.749282539943751,46
4,5,0.848882274381633,0.638210122300151,46
2,5,0.851029104848758,0.704279109300977,46
5,5,0.84687792996679,0.523038131805402,46
1,6,0.930430316467357,0.753729903238607,46
3,6,0.915609538381132,0.683733413147013,46
4,6,0.846113932520988,-0.435697692429249,46
2,6,0.86941273441243,0.4977208954163,46
5,6,0.85460764916137,0.474824774876881,46
1,7,0.921974481558044,0.913329099105475,46
3,7,0.914974242893067,0.810012178673569,46
4,7,0.839593427103014,0.822836189641612,46
2,7,0.859119550297477,0.599779663900045,46
5,7,0.861043935673193,0.461697519064132,46
1,8,0.927785621012263,0.737142181002924,46
3,8,0.91994378200136,0.721508084930353,46
4,8,0.834963839027883,0.720058451271765,46
2,8,0.857817537211248,0.898803219362665,46
5,8,0.855382555882717,0.431719522650936,46
1,9,0.9219074219042,0.942397479923041,46
3,9,0.917506684592485,0.651978216206384,46
4,9,0.844822733723137,0.798562228995354,46
2,9,0.862970253510848,0.566471616015062,46
5,9,0.854258210556065,0.606088818498335,46
1,10,0.923353811071109,0.873000454870842,46
3,10,0.87856520969873,0.690789958749605,46
4,10,0.871608924713836,0.808971010745286,46
2,10,0.865803245282441,0.588692371809822,46
5,10,0.841999718917979,0.287409588417395,46
1,11,0.924034062489634,0.919383960530094,46
3,11,0.906997235325721,0.269889127053078,46
4,11,0.847666260023677,0.650585211496367,46
2,11,0.859809420036274,0.67607101634997,46
5,11,0.861097537116507,0.777638053827882,46
1,12,0.927103082913476,0.75888776375143,46
3,12,0.918944379750388,0.413145113222032,46
4,12,0.850550887684038,0.795737732700309,46
2,12,0.861520918083046,0.752439048963318,46
5,12,0.857878883816608,0.486236536192096,46
1,13,0.92341267081175,0.883749228227013,46
3,13,0.897394275942027,0.848833152332461,46
4,13,0.853934942711038,0.75270845713138,46
2,13,0.862695641148903,0.63035051417616,46
5,13,0.845129670859767,0.448461402698845,46
1,14,0.926741664784831,0.843838707582582,46
3,14,0.899720186049358,0.721630049258416,46
4,14,0.856312374108493,0.605182322439886,46
2,14,0.874196705967551,0.332062055316131,46
5,14,0.858800940204092,0.307999619217587,46
1,15,0.922469950851969,0.926610818115304,46
3,15,0.899098435569571,0.206186887421827,46
4,15,0.859127008329099,0.401354024221582,46
2,15,0.869037534317498,0.235605602548759,46
5,15,0.869943865201784,0.0137212286233636,46
1,1,0.912718719157373,0.451458130400023,47
5,1,0.864904915720274,0.625856380143446,47
2,1,0.808451278878201,0.585757543997586,47
3,1,0.797728966743283,0.636610038858063,47
4,1,0.846386744241781,0.575156540871431,47
1,2,0.89872513262169,0.914355139333869,47
5,2,0.824459959129509,0.26831556854688,47
2,2,0.836220397907836,0.77492939974878,47
3,2,0.813125571626284,0.702978836849436,47
4,2,0.831484459983942,0.671794970473888,47
1,3,0.900270485002947,0.935253220268322,47
5,3,0.878328046103427,0.461882127751858,47
2,3,0.785783534543779,0.522774481726979,47
3,3,0.812643119471705,0.701769152440093,47
4,3,0.838535319089834,0.647985268299365,47
1,4,0.902860813651219,0.812745744061876,47
5,4,0.827678458210298,0.12388263740655,47
2,4,0.846795758224591,0.777790535428237,47
3,4,0.827308219905573,0.415356936623086,47
4,4,0.846084091993703,0.239481979821209,47
1,5,0.902434489682892,0.898252876497996,47
5,5,0.882812274664147,0.864581793641432,47
2,5,0.794956075875937,0.659858200206636,47
3,5,0.787999254717917,0.525637531335805,47
4,5,0.83655739706048,0.645037319742442,47
1,6,0.90541303444445,0.831020533081404,47
5,6,0.883205827121811,0.214385077376862,47
2,6,0.793341620760245,0.635883164760965,47
3,6,0.810551478144933,0.605543783141611,47
4,6,0.851827327340736,0.621299587689436,47
1,7,0.899373315581819,0.928616180173595,47
5,7,0.878379646938523,0.664540255587546,47
2,7,0.783723927222428,0.786760768454051,47
3,7,0.81818467789918,0.542316280087886,47
4,7,0.833207713717902,0.466866251288771,47
1,8,0.901453288653977,0.855360627751275,47
5,8,0.867460009852226,0.420539323904268,47
2,8,0.810865340632557,0.669544092986117,47
3,8,0.819455496651287,0.424269181264663,47
4,8,0.826270160541949,0.561387481338622,47
1,9,0.904401031893533,0.864079666445545,47
5,9,0.859699755869955,0.52531451090817,47
2,9,0.817258009830343,0.458187905713077,47
3,9,0.816704688262488,0.56805397918758,47
4,9,0.82824963290419,0.675037940776336,47
1,10,0.899743422356241,0.872402363410436,47
5,10,0.863640580515383,0.474584360548086,47
2,10,0.809297051660739,0.648212797242802,47
3,10,0.804838009239277,0.533395110583455,47
4,10,0.836022588172534,0.834341791247919,47
1,11,0.903256317633727,0.79864853020928,47
5,11,0.841864614690505,0.500190615004332,47
2,11,0.826103086472274,0.748719945525692,47
3,11,0.816634910086093,0.550352393553256,47
4,11,0.819508316267824,0.776076138247764,47
1,12,0.897067864981098,0.939840017196298,47
5,12,0.885196442520962,0.62578257430699,47
2,12,0.797438098727737,0.782499516518443,47
3,12,0.806175418580614,0.69381732962162,47
4,12,0.822584885415787,0.0137554663764962,47
1,13,0.899414164947603,0.947618689553164,47
5,13,0.854014320346095,0.423181913840047,47
2,13,0.817279266449406,0.797133410103361,47
3,13,0.802933083627259,0.316588716662542,47
4,13,0.829633604661669,0.249509274504068,47
1,14,0.905474981241278,0.785206166438956,47
5,14,0.878744526137868,0.791473478223606,47
2,14,0.800430021547537,0.704767191084963,47
3,14,0.810603194371978,0.445457341718766,47
4,14,0.826540112763569,0.247400095664192,47
1,15,0.902912526390557,0.748042265017415,47
5,15,0.881823433533663,0.525658538261603,47
2,15,0.796327174252231,0.802244911748608,47
3,15,0.810862974071095,0.669600815203909,47
4,15,0.828401367747061,0.662021780383132,47
1,1,0.956481892292672,0.895383970886457,48
2,1,0.949324398769361,-0.0079901595205632,48
3,1,0.918548089153656,0.834495216717707,48
4,1,0.906295736691157,0.590290817581464,48
5,1,0.934401794409598,0.666198169011991,48
1,2,0.95691778800827,0.877997743204657,48
2,2,0.947835912760143,0.879948868324898,48
3,2,0.918541112683495,0.969432138721717,48
4,2,0.920914276569014,0.337193806641533,48
5,2,0.923891868620974,0.743748178624192,48
1,3,0.956579521553221,0.908259068060123,48
2,3,0.951110503703871,0.333703656202839,48
3,3,0.918716351088719,0.613053428278366,48
4,3,0.918613637149096,0.274324725203654,48
5,3,0.936890124278854,0.746916959776664,48
1,4,0.956934587790329,0.871494584551724,48
2,4,0.948175337149618,0.813194039615484,48
3,4,0.91976344777381,0.650333145029462,48
4,4,0.915939266192654,0.784129969915452,48
5,4,0.928316530408409,0.451264916464493,48
1,5,0.954721831569838,0.942501651704263,48
2,5,0.9495675691373,0.301607281338096,48
3,5,0.917490083521446,0.351339050905352,48
4,5,0.919325247260164,0.568634403572286,48
5,5,0.931792979859234,0.216653243197614,48
1,6,0.954904156219986,0.945576696954081,48
2,6,0.947872574133714,0.344233626604903,48
3,6,0.926252937163864,0.580609711950301,48
4,6,0.935501063011074,0.533917383683946,48
5,6,0.908136286487686,0.681730815925169,48
1,7,0.958489767513292,0.824283424184887,48
2,7,0.949844202245519,0.700765890899795,48
3,7,0.921531585361757,0.519753147585577,48
4,7,0.93251744434578,0.531081829406914,48
5,7,0.912910604495482,0.233770905152502,48
1,8,0.957478799630402,0.888782542595789,48
2,8,0.949248707851125,0.810984800533934,48
3,8,0.912909504243557,0.371842219819078,48
4,8,0.909404079874088,0.528901328014225,48
5,8,0.939988245012604,0.558568644067969,48
1,9,0.960183032765577,0.655799599198548,48
2,9,0.947729826726014,0.627957697931404,48
3,9,0.914557614846172,0.790851091077041,48
4,9,0.914768305971324,0.706130952173034,48
5,9,0.931475673878358,0.452181856967977,48
1,10,0.95621425234335,0.839494871660519,48
2,10,0.946941740216103,0.68328547630658,48
3,10,0.921853081153956,0.548982731063233,48
4,10,0.926340639122051,0.654212481569575,48
5,10,0.916119424618454,0.646879020390502,48
1,11,0.959244877503424,0.828992793044056,48
2,11,0.950815644692255,0.839385259633676,48
3,11,0.916694220385792,0.59107884299849,48
4,11,0.916887062390001,0.453791733422919,48
5,11,0.930319411208356,0.556340600041743,48
1,12,0.955086119779467,0.919881059416442,48
2,12,0.948185465495561,0.540511409386175,48
3,12,0.919024977096347,-0.149385892067367,48
4,12,0.921354602501542,0.275338166523531,48
5,12,0.921502476070902,0.138808184964903,48
1,13,0.959922404855755,0.760409827477912,48
2,13,0.949427267938441,0.607718854474563,48
3,13,0.916986129983258,0.829924630741379,48
4,13,0.907135004102476,0.656558928799686,48
5,13,0.933623262649119,0.533928848842448,48
1,14,0.957275091728901,0.884431790719384,48
2,14,0.951281476650758,0.701749564906287,48
3,14,0.916028777351449,0.681910011376656,48
4,14,0.917158884393015,0.662949662671479,48
5,14,0.927776924481854,0.82855261042576,48
1,15,0.953883969286306,0.940999779231253,48
2,15,0.95044649519223,0.727339233367546,48
3,15,0.914800122841703,0.704775194574003,48
4,15,0.918402471531917,0.507008351882312,48
5,15,0.929178045985792,0.398174146208922,48
1,1,0.927790458585002,0.900908299350081,49
3,1,0.909588155390205,0.54188115718835,49
2,1,0.843953884357541,0.831596713907735,49
4,1,0.857606064617852,0.796355799686139,49
5,1,0.863008498427456,0.0044620335831297,49
1,2,0.923801102269595,0.951639296697906,49
3,2,0.913551458126976,0.606237215782231,49
2,2,0.848505956704375,0.477731944547354,49
4,2,0.865372251855319,0.791849299856889,49
5,2,0.859407106849924,0.723035950501651,49
1,3,0.938033587480931,0.463797866653573,49
3,3,0.896155417172982,0.721276379869385,49
2,3,0.86674773477238,0.575587973585803,49
4,3,0.850310561008265,0.792776593319049,49
5,3,0.865183663864763,0.413519768701931,49
1,4,0.925885781383532,0.904754085887915,49
3,4,0.909125765565599,0.789972553180589,49
2,4,0.850084410667538,0.568946383140419,49
4,4,0.853915559986726,0.745483495943236,49
5,4,0.867191720699314,-0.0148240148719621,49
1,5,0.932252025482733,0.666112096937558,49
3,5,0.908446464733359,0.738913229441885,49
2,5,0.852456700912777,0.597446243747182,49
4,5,0.861593036218735,0.128501714294353,49
5,5,0.865677665533458,0.194321022502912,49
1,6,0.930067241021106,0.849586485782798,49
3,6,0.89328073002394,0.512416014932212,49
2,6,0.862053866789011,0.596865384141442,49
4,6,0.861962742032074,0.560864361018439,49
5,6,0.864700174159173,0.684791218761812,49
1,7,0.927538207971375,0.918809452619773,49
3,7,0.903881169893221,0.655977509601683,49
2,7,0.847706469650142,0.859091740554462,49
4,7,0.864646560474649,0.194404231212169,49
5,7,0.859144893608806,0.709982895263097,49
1,8,0.929963079581231,0.877819539811649,49
3,8,0.904278010769366,0.492385973142827,49
2,8,0.851811354634229,0.761221038829405,49
4,8,0.867419372887714,0.289443229754562,49
5,8,0.868790153785479,0.601106904845778,49
1,9,0.927500376458548,0.878557848225818,49
3,9,0.908324301095851,0.289541284620576,49
2,9,0.847433913782849,0.665296194480519,49
4,9,0.855341688293501,0.841711335307485,49
5,9,0.853759021947291,-0.00125998837086616,49
1,10,0.925282183090921,0.946270114926647,49
3,10,0.888925836158542,0.559350090766024,49
2,10,0.859520356039546,0.607718896781291,49
4,10,0.863837128347717,0.763604714972871,49
5,10,0.851353986585386,0.60079239807673,49
1,11,0.924062474260961,0.958188939766054,49
3,11,0.903459717553588,0.0997485455879951,49
2,11,0.848214584987768,0.276918649309826,49
4,11,0.856559835797099,0.44045663502403,49
5,11,0.866594789605342,0.591091404537328,49
1,12,0.927687707591689,0.905582283868264,49
3,12,0.905703165765888,0.80024644730491,49
2,12,0.854524087876356,0.74202265930252,49
4,12,0.854403649639867,0.735949705435258,49
5,12,0.862483556528188,0.660637894044164,49
1,13,0.927854534856892,0.930227957052075,49
3,13,0.908550902809763,0.677610824979451,49
2,13,0.840881664892227,0.516823436862119,49
4,13,0.861856504622679,0.353740247272444,49
5,13,0.856830445402672,0.670207358460385,49
1,14,0.927520348234297,0.838970235625525,49
3,14,0.892688820895841,0.823111291310519,49
2,14,0.860292574398654,0.642244584958288,49
4,14,0.847757013393081,0.560351254620704,49
5,14,0.872317595999929,0.81398509852864,49
1,15,0.930757318613746,0.922393471312671,49
3,15,0.908518026007984,0.797288818189272,49
2,15,0.841713733962382,0.557580148717782,49
4,15,0.865389379289961,0.701686170036712,49
5,15,0.866550900771083,0.226719079951215,49
1,1,0.957279675376194,0.844445037354329,50
2,1,0.954051290102235,0.800234639250373,50
3,1,0.920659836156595,0.358952314232641,50
5,1,0.924042045028206,0.644168031292478,50
4,1,0.9065286346985,0.284948618842753,50
1,2,0.955435614054392,0.942322235066617,50
2,2,0.953983412106135,0.391225275439612,50
3,2,0.924247998291251,0.774782148455077,50
5,2,0.921173567406793,0.286849510354032,50
4,2,0.900524206435643,0.398892438100593,50
1,3,0.955805039306563,0.909551017596105,50
2,3,0.956331464581049,0.71257982035714,50
3,3,0.918647967696646,0.22192389968102,50
5,3,0.929761508507406,0.622137831346071,50
4,3,0.899557019428257,0.54226551079226,50
1,4,0.957534340989835,0.860834252785412,50
2,4,0.95449251768553,0.727906004356827,50
3,4,0.921293465595854,0.698377463719066,50
5,4,0.932489999536465,0.555055167914938,50
4,4,0.899653557247611,0.668832596133498,50
1,5,0.955129654460458,0.947621035204947,50
2,5,0.954426826155109,0.440011668846991,50
3,5,0.918447775761658,0.764496635558606,50
5,5,0.919487304803659,0.513056984665849,50
4,5,0.906248498236711,0.496036881034643,50
1,6,0.958558804703329,0.901827818041844,50
2,6,0.9534152363501,0.761374876623241,50
3,6,0.924448765190304,0.811001747432549,50
5,6,0.920551098070454,0.65294710320004,50
4,6,0.908166368383735,0.249423411942933,50
1,7,0.957484543282815,0.880269641859429,50
2,7,0.951475342971306,0.854341438178855,50
3,7,0.922649550921854,0.630966383553526,50
5,7,0.919927865738694,0.640886142979562,50
4,7,0.909072858839021,0.462547824637825,50
1,8,0.961425083735991,0.550749333595647,50
2,8,0.953896608343334,0.826369737108322,50
3,8,0.926194944061681,0.288435387265413,50
5,8,0.929574085855897,0.691626938735923,50
4,8,0.899102472119788,0.677133198798343,50
1,9,0.959779186164876,0.733857472773147,50
2,9,0.952940096212107,0.688065506797256,50
3,9,0.920821759577536,0.733790168391242,50
5,9,0.907799890453264,-0.119706579056935,50
4,9,0.928220163743593,0.637408919271028,50
1,10,0.956995140965005,0.861978564974343,50
2,10,0.954898835036694,0.465504799509993,50
3,10,0.92260921621755,0.784095731942787,50
5,10,0.914344112283005,0.510608032033513,50
4,10,0.90925529738496,0.594125131325097,50
1,11,0.955654590601794,0.884018186708983,50
2,11,0.951907688021136,0.554109126788748,50
3,11,0.918841065472803,0.799978729631308,50
5,11,0.921129643946302,0.453971970639615,50
4,11,0.903420401768681,0.698688142566044,50
1,12,0.957409288449087,0.892208967589645,50
2,12,0.955560260698627,0.734767402523786,50
3,12,0.919294104488312,0.797407309874759,50
5,12,0.9245724272203,0.63494083204046,50
4,12,0.908450308863763,0.609687160705036,50
1,13,0.956468175376091,0.858506482329291,50
2,13,0.953587883702677,0.878872484131573,50
3,13,0.921948900532521,0.488038161483559,50
5,13,0.920338365144962,0.459375970111409,50
4,13,0.908703174814061,0.601150743914948,50
1,14,0.957139135349117,0.913403710776906,50
2,14,0.956213663561575,0.361430668014192,50
3,14,0.919629990361209,0.756865810688236,50
5,14,0.929312113488494,0.248086699067727,50
4,14,0.893406302217073,0.832846427141416,50
1,15,0.954842883580743,0.951831380360492,50
2,15,0.952003464418927,0.717193462535692,50
3,15,0.924784666462928,0.290389097313993,50
5,15,0.927012613557734,0.393970409140305,50
4,15,0.892289350204311,0.459486346243393,50
1,1,0.930937718500748,0.809196454837874,51
2,1,0.907895279552356,0.406887840486303,51
4,1,0.847939315962696,0.882898419790261,51
5,1,0.85069439463559,0.747321631906369,51
3,1,0.897419290621596,0.710039508355173,51
1,2,0.926511584632488,0.905885198003404,51
2,2,0.901685426312048,0.842624195992165,51
4,2,0.854348263954725,0.77911755919753,51
5,2,0.857574439208667,0.433372804035001,51
3,2,0.887744339953298,0.690011465150538,51
1,3,0.929979935468245,0.815168525800568,51
2,3,0.906264096575792,0.707159385066743,51
4,3,0.855212366885134,0.21976657522708,51
5,3,0.863914328538846,0.263090761321936,51
3,3,0.895833469790577,0.773690407123043,51
1,4,0.926935681275432,0.881702357992768,51
2,4,0.909556007247948,0.298501694569083,51
4,4,0.846456092318959,0.565534327431987,51
5,4,0.85019526628654,0.413899246743818,51
3,4,0.898367952312085,0.654134936469775,51
1,5,0.927939494635995,0.909968575188269,51
2,5,0.90461329200131,0.40626829600542,51
4,5,0.835808953469392,0.573094132410362,51
5,5,0.859319226181542,0.11746128708145,51
3,5,0.902841601248823,0.510896510696214,51
1,6,0.927508239847774,0.922132677798861,51
2,6,0.899924963599181,0.797368089401159,51
4,6,0.83938715847746,0.677657445239447,51
5,6,0.86750362615306,0.560904671396162,51
3,6,0.896951852221642,0.722678460172523,51
1,7,0.925650616152264,0.936152685000406,51
2,7,0.900094841903855,0.632765697061958,51
4,7,0.84788684480573,0.763933057227882,51
5,7,0.846702433562015,0.577059557060955,51
3,7,0.903773418501909,0.487348113644957,51
1,8,0.928197670115262,0.926169209629075,51
2,8,0.910395336337283,0.670884247923616,51
4,8,0.848030969501782,0.546904159611664,51
5,8,0.861928536452014,0.764836503391603,51
3,8,0.887386253359874,0.665199373439116,51
1,9,0.928195092301346,0.902681028829578,51
2,9,0.892888554041126,0.527061573063265,51
4,9,0.869187556251572,0.613843095688249,51
5,9,0.855481006406342,0.569606850313765,51
3,9,0.891024886310316,0.41052232536532,51
1,10,0.926649986466491,0.926616977615153,51
2,10,0.905557841466121,0.661381407455949,51
4,10,0.847227101783498,0.722939940648454,51
5,10,0.84940411052952,0.764310685505092,51
3,10,0.900369877037322,0.60650858682279,51
1,11,0.932879417130123,0.704827551801157,51
2,11,0.900628137442561,0.812114637393973,51
4,11,0.854276477923042,0.394425768640535,51
5,11,0.84764798077236,0.463742531624547,51
3,11,0.896513135324522,0.102591539452634,51
1,12,0.93162167212009,0.789710678512931,51
2,12,0.905941769922435,0.846874042936382,51
4,12,0.859906460117862,0.472595959396843,51
5,12,0.888265714629405,0.732116281282444,51
3,12,0.854305960211865,0.85303062455056,51
1,13,0.927742119634885,0.89277070929203,51
2,13,0.905055497816481,0.634756578028097,51
4,13,0.845621585169178,0.686343303504655,51
5,13,0.855121807460095,0.776001064594511,51
3,13,0.892727087578993,0.637314027203807,51
1,14,0.924718524322353,0.953726817165334,51
2,14,0.901899203861325,0.486544247379044,51
4,14,0.849215168897418,0.320935942636199,51
5,14,0.845464177608936,0.927366843836301,51
3,14,0.897991210127307,0.783416188151605,51
1,15,0.928362368006538,0.873319883236241,51
2,15,0.905658834170535,0.576757280644127,51
4,15,0.851648379581994,0.658693433609947,51
5,15,0.844652108065456,0.370335125540389,51
3,15,0.898491659991855,0.518792776179441,51
1,1,0.907460207958024,0.814567142467515,52
5,1,0.828408314430986,0.256189317800126,52
2,1,0.837133697420221,0.826826049033206,52
3,1,0.815636156658909,0.336254782709519,52
4,1,0.85028175576045,0.760032759922501,52
1,2,0.906903239001932,0.903480717757212,52
5,2,0.83444778912422,0.623441423419852,52
2,2,0.811071000738095,0.618099773592705,52
3,2,0.7971007563158,0.635101765852339,52
4,2,0.852108609071385,0.204712277888308,52
1,3,0.910329857659115,0.860349578982419,52
5,3,0.825653740447593,0.531540933350832,52
2,3,0.827736135499246,0.674437748316119,52
3,3,0.812689861696131,0.419115962205562,52
4,3,0.846611830371591,0.466092360148386,52
1,4,0.90696076580115,0.877736692782981,52
5,4,0.855866759069159,0.523235252635796,52
2,4,0.797436995564927,0.846907657754617,52
3,4,0.795221201727474,0.594998284040611,52
4,4,0.854089136524342,0.566686951660092,52
1,5,0.915635974257633,0.818220632327179,52
5,5,0.794043056804882,-0.282205038371203,52
2,5,0.8603350727603,0.815553147171535,52
3,5,0.826513055709452,0.317232008495798,52
4,5,0.852859213399096,-0.183380085236866,52
1,6,0.904250063497107,0.912775852781107,52
5,6,0.808712572847717,0.708458678146493,52
2,6,0.828990126280861,0.585526679372245,52
3,6,0.792608633405822,0.4543427236701,52
4,6,0.856045345099126,0.309145231364826,52
1,7,0.908329216405563,0.888210813686708,52
5,7,0.826243353537963,0.0376307353066978,52
2,7,0.812884811293811,0.687680376042117,52
3,7,0.807808974624496,0.542639861439669,52
4,7,0.853819967956988,0.365007314215507,52
1,8,0.91502783675758,0.729357888704038,52
5,8,0.813584960903759,0.265951871105533,52
2,8,0.834879896486157,0.823907331998996,52
3,8,0.813313321567954,0.827562914498036,52
4,8,0.844630869116402,0.719800454298248,52
1,9,0.906583129678458,0.9331618581019,52
5,9,0.790248732859,0.465829841274076,52
2,9,0.860555267993307,0.720895850989938,52
3,9,0.796244444568682,0.595694215366182,52
4,9,0.850174236331717,0.600951326552913,52
1,10,0.907359993588918,0.929904885158467,52
5,10,0.806129250993128,0.465882029371699,52
2,10,0.847219922051942,0.692191189780941,52
3,10,0.805666916072713,-0.0663704164979833,52
4,10,0.843201307449862,0.24787035331316,52
1,11,0.910973236695032,0.825139830875588,52
5,11,0.860240751453375,-0.0747345167490287,52
2,11,0.790815449617916,0.748457532101821,52
3,11,0.789151733577297,0.737678664019442,52
4,11,0.86183322024398,0.420597793024908,52
1,12,0.906417998298942,0.896708025194629,52
5,12,0.816599663723933,0.57526066478547,52
2,12,0.83546034180467,0.821704503101989,52
3,12,0.7933259109997,0.545906652853242,52
4,12,0.848294955346285,0.636285727972288,52
1,13,0.907116768604286,0.914826505592351,52
5,13,0.794067893327201,0.552272475111396,52
2,13,0.847013461629437,0.750710027911333,52
3,13,0.811391961287194,0.543051161887415,52
4,13,0.842947740197247,0.306603738491787,52
1,14,0.91527464462988,0.674790428495337,52
5,14,0.825155170888769,0.450146469768845,52
2,14,0.823866408923885,0.616539801957615,52
3,14,0.796209470658366,0.569750400955257,52
4,14,0.850823083137125,0.696799995680657,52
1,15,0.906407560110186,0.941322767968604,52
5,15,0.857310585350115,0.720487998944126,52
2,15,0.792991337801408,0.514088718413833,52
3,15,0.802849828087282,0.749991091015523,52
4,15,0.84300678432156,0.674343295089953,52
1,1,0.930475655332209,0.976102768321371,53
4,1,0.892626639752755,0.395586111947409,53
2,1,0.868315899485056,0.646486281307305,53
3,1,0.844645039164713,0.761360235797839,53
5,1,0.865051011810253,0.736680930509323,53
1,2,0.928516826181165,0.939305731390025,53
4,2,0.872964026765926,0.468762984972397,53
2,2,0.894964973047541,0.73720227615913,53
3,2,0.849570405789871,0.445661028165734,53
5,2,0.862013729211145,0.515536581122467,53
1,3,0.940641301766879,0.694087784050281,53
4,3,0.862118243673599,0.56335942750006,53
2,3,0.903590321383268,0.737744411860964,53
3,3,0.862582480170877,0.428252375615755,53
5,3,0.866811956308553,0.579639252777021,53
1,4,0.93411078563515,0.880829364036241,53
4,4,0.892124550617567,0.18096619674957,53
2,4,0.867568008743327,0.795046841912933,53
3,4,0.864603792102091,0.660720165302448,53
5,4,0.864573278275896,0.498960711738341,53
1,5,0.930821081700279,0.935069346723956,53
4,5,0.855164810432164,0.80648525396851,53
2,5,0.903248468399558,0.404061534923979,53
3,5,0.854912237337436,0.454194487130093,53
5,5,0.856286149292403,0.396816080446244,53
1,6,0.931628345216817,0.920669860685032,53
4,6,0.859828244449706,0.567872449910969,53
2,6,0.909589147948086,0.868518164619615,53
3,6,0.856353366265114,0.393424723553643,53
5,6,0.861449792033751,0.388986756814009,53
1,7,0.935334165909009,0.777766744980564,53
4,7,0.879510852210529,0.606378340369759,53
2,7,0.888613621983891,0.567023833653534,53
3,7,0.847294322291752,0.865155433449188,53
5,7,0.860192786471864,0.486082705552871,53
1,8,0.935671008049782,0.73302837239496,53
4,8,0.905000636438873,0.773445109188906,53
2,8,0.866327187856748,0.732307377187866,53
3,8,0.853459040721589,0.746561329909125,53
5,8,0.854870614202173,0.420630248266464,53
1,9,0.932977781473984,0.909970445854922,53
4,9,0.887055300043751,0.853538424370869,53
2,9,0.874778122196654,0.793351923996216,53
3,9,0.856438413790026,0.0703294467240878,53
5,9,0.853205443020822,0.690119218848157,53
1,10,0.931964202479986,0.905584761441153,53
4,10,0.886147216945939,0.355039660134824,53
2,10,0.877328416143057,0.873627207133161,53
3,10,0.856686031916421,0.754318815581765,53
5,10,0.857554587286896,0.333410070052864,53
1,11,0.933039081196481,0.912037637777062,53
4,11,0.867119087098302,0.213062829323254,53
2,11,0.897422729132272,0.789730695383589,53
3,11,0.857601644014308,0.878394153078513,53
5,11,0.85345292513538,0.35407692283893,53
1,12,0.934080873230282,0.885617446822839,53
4,12,0.874675621056851,0.731490235994258,53
2,12,0.883487431664761,0.79114052357239,53
3,12,0.857682075945535,0.284154209854052,53
5,12,0.865825358938018,0.0636758311490621,53
1,13,0.931150982195814,0.926410679866339,53
4,13,0.874196922312999,0.263541408563843,53
2,13,0.888449868966362,0.724440224135423,53
3,13,0.850454146657181,0.677088311477745,53
5,13,0.863516792109982,0.063541462166851,53
1,14,0.934417559453801,0.85665137928983,53
4,14,0.874069702900867,0.530148174865746,53
2,14,0.886753944334249,0.664831616079221,53
3,14,0.854199924475123,0.60265962142127,53
5,14,0.854265084895293,0.398368590356643,53
1,15,0.935844926745527,0.838142376567664,53
4,15,0.876650026558894,-0.0170642839150612,53
2,15,0.897489365358119,0.710805220595431,53
3,15,0.860783316820099,0.253135756619917,53
5,15,0.851247247034481,0.147801449537505,53
1,1,0.985535487099329,0.954325736202969,54
2,1,0.983092799823721,0.431134878261369,54
3,1,0.971894961902123,0.604063682416042,54
4,1,0.966453378382626,0.762463526892635,54
5,1,0.967351098444149,0.528521062195704,54
1,2,0.985866485935985,0.916033563566278,54
2,2,0.984199569926262,0.696274276822375,54
3,2,0.973202691188906,0.743568858150778,54
4,2,0.967825405098625,0.36888574308717,54
5,2,0.970440903897084,0.583431175408553,54
1,3,0.98459879915842,0.869006173207844,54
2,3,0.983734768863359,0.685491245790535,54
3,3,0.972888390478106,0.622583313283926,54
4,3,0.964520421246275,0.544285334432045,54
5,3,0.967053236761438,0.571082028188732,54
1,4,0.984441514946283,0.950606774661174,54
2,4,0.982406684676196,0.734300019316073,54
3,4,0.971299761421,0.641036949991169,54
4,4,0.970023733873336,0.091024389469107,54
5,4,0.962678919826887,0.547340832011949,54
1,5,0.984675071264361,0.935998092690196,54
2,5,0.982108405887756,0.893557797433294,54
3,5,0.973937586530208,0.530370969721743,54
4,5,0.966839078551932,0.422653184146577,54
5,5,0.966918010946738,0.316913204988451,54
1,6,0.984631311929012,0.906741139525138,54
2,6,0.981900988290157,0.709027519292064,54
3,6,0.971507702861884,0.614361822449717,54
4,6,0.966362998622144,0.650871514021611,54
5,6,0.963674267042325,0.77753657113957,54
1,7,0.986032341798003,0.825825830501957,54
2,7,0.983567010498423,0.552208759617884,54
3,7,0.972849722680808,0.544380500012386,54
4,7,0.967371025894802,0.192118376677575,54
5,7,0.969618094476184,0.426750995270122,54
1,8,0.98509985378266,0.829471008496197,54
2,8,0.982623424520471,0.913531410742241,54
3,8,0.970206806617966,0.700595330061765,54
4,8,0.966455172229499,0.632303258115729,54
5,8,0.963114378364997,0.450671117663333,54
1,9,0.985634304872689,0.78848682471972,54
2,9,0.983798632024716,0.594781474162319,54
3,9,0.971034302124964,0.649806064065941,54
4,9,0.968107792784462,0.328932479058129,54
5,9,0.968009435279795,0.246296579396228,54
1,10,0.984317603407487,0.947241972736669,54
2,10,0.98231033664299,0.764924632785122,54
3,10,0.972233441575425,0.42843575722312,54
4,10,0.965037702981896,0.752468933005026,54
5,10,0.965057137879106,0.214478382004562,54
1,11,0.984757506611357,0.916403477207308,54
2,11,0.982232772179384,0.555455153464631,54
3,11,0.97230197173471,0.825187351413878,54
4,11,0.962077640260564,0.790617367143397,54
5,11,0.967561109564206,0.897778010957369,54
1,12,0.984413574805656,0.887378657763072,54
2,12,0.983263423496194,0.601420169160972,54
3,12,0.971129599142367,0.715943018974295,54
4,12,0.968547500581207,0.397080044424508,54
5,12,0.962000662168766,0.583682739829584,54
1,13,0.985533424015603,0.735451254502777,54
2,13,0.981445221435776,0.84141021737723,54
3,13,0.971660310348018,0.848308353316589,54
4,13,0.962812556930564,0.556310433622569,54
5,13,0.967121456653124,0.271997193232624,54
1,14,0.983632900952882,0.929218608726912,54
2,14,0.982368676725856,0.584358115177057,54
3,14,0.970797261224903,0.728623799204578,54
4,14,0.967770956295338,0.385463991236856,54
5,14,0.966144359233555,0.398783991244187,54
1,15,0.985816037643179,0.721890315453948,54
2,15,0.982382686135462,0.828060674075917,54
3,15,0.972326324627451,0.501661921470535,54
4,15,0.963541408474802,0.609377657232838,54
5,15,0.969755976440441,0.230075224631636,54
1,1,0.907785756554056,0.88277251522365,55
4,1,0.781109072610475,0.754089498289477,55
2,1,0.869345044101329,0.605097662598667,55
3,1,0.80169132165546,0.670734354404985,55
5,1,0.832044358869027,0.0744490023556398,55
1,2,0.905219023031952,0.891179797845126,55
4,2,0.791741486940921,0.700571766091867,55
2,2,0.860583570535046,0.709814431005883,55
3,2,0.818760108204353,0.854806961663474,55
5,2,0.823165828192068,0.722625233374845,55
1,3,0.913290935063905,0.69025384795969,55
4,3,0.783630515981304,0.606757924722204,55
2,3,0.861745267762771,0.817860243276788,55
3,3,0.813132375913344,0.630075938508504,55
5,3,0.818555334619502,0.448426871570291,55
1,4,0.90901443452968,0.858923368531107,55
4,4,0.782187778777685,0.608311726433642,55
2,4,0.868126307514925,0.682260004793905,55
3,4,0.806727783689146,0.210367562085616,55
5,4,0.828143378482618,0.524642641841879,55
1,5,0.903596694355409,0.940149027147904,55
4,5,0.779982785384873,0.843190808767665,55
2,5,0.864963154639242,0.570526835392795,55
3,5,0.827447188671951,0.352651714081633,55
5,5,0.823116112677925,0.279173420943284,55
1,6,0.911511695077315,0.783581801756599,55
4,6,0.776799817108049,0.649911589653134,55
2,6,0.871632700240993,-0.0168135626432531,55
3,6,0.807498991760684,0.6542200839329,55
5,6,0.835482614372976,0.128442981606357,55
1,7,0.905747041663337,0.882481962764193,55
4,7,0.795120306658288,0.218214249932145,55
2,7,0.865554002154458,0.680722199981713,55
3,7,0.804323163295741,0.517555065570333,55
5,7,0.827135024217857,-0.325943891970998,55
1,8,0.90563867858702,0.867515619537609,55
4,8,0.785599215550913,0.456247497925696,55
2,8,0.867518396009055,0.52978861418977,55
3,8,0.804111881587866,0.60805764506606,55
5,8,0.819180927913582,0.169394352904089,55
1,9,0.911447101579096,0.786540436076574,55
4,9,0.793725700373257,-0.123361499117535,55
2,9,0.858355557103492,0.741417496757272,55
3,9,0.81857539261056,0.301683438136963,55
5,9,0.83946256435033,0.486818538614444,55
1,10,0.906019034312912,0.908484205982286,55
4,10,0.789030395515693,0.439714718017742,55
2,10,0.864873963947203,0.597932328142017,55
3,10,0.817816176745192,0.444296126518013,55
5,10,0.810737223683155,0.54055783747125,55
1,11,0.903036266567955,0.913085330350062,55
4,11,0.78712870279711,0.743990678358207,55
2,11,0.860677956738358,0.655099149703217,55
3,11,0.820814632380935,0.582241271860698,55
5,11,0.834206342568411,0.234000474767707,55
1,12,0.90445894072076,0.955438671966334,55
4,12,0.774496693423762,0.721886911607113,55
2,12,0.873028962121181,0.6542533926579,55
3,12,0.807639394785909,0.803114463418837,55
5,12,0.811057559435995,0.269597734945387,55
1,13,0.906189391245652,0.865780649008977,55
4,13,0.791390764433602,0.422030424443119,55
2,13,0.858853567302898,0.898475731121535,55
3,13,0.822583252063395,0.639700083165936,55
5,13,0.835757517003773,0.602712819381786,55
1,14,0.90758712785793,0.865494996097849,55
4,14,0.788067628377576,0.598844127053097,55
2,14,0.862214653538194,0.760592650365861,55
3,14,0.820866184779395,0.731784776967618,55
5,14,0.803048740406025,0.670543842848995,55
1,15,0.905971950431254,0.885136149372154,55
4,15,0.785671764499157,0.197035351732337,55
2,15,0.866085622776054,0.727071713645879,55
3,15,0.80851932353494,0.729025948914398,55
5,15,0.821239950474679,0.375413987981033,55
1,1,0.936646656298947,0.5770668071713,56
4,1,0.904153804633116,0.462661073167682,56
2,1,0.842253993031824,0.851440836019724,56
3,1,0.858292433040584,0.22622975645214,56
5,1,0.857899943354702,0.316446125636778,56
1,2,0.927102950766955,0.898449106666475,56
4,2,0.894293827007896,0.477711102384072,56
2,2,0.857627931046314,0.651846902803916,56
3,2,0.853839129151328,0.6924645195121,56
5,2,0.865692063729722,0.481288906114896,56
1,3,0.927571207138985,0.879567294709522,56
4,3,0.902614082898361,0.757096410562743,56
2,3,0.8485907622669,0.877969762159911,56
3,3,0.849034552661949,0.883413917847427,56
5,3,0.85503653276003,0.711760178080254,56
1,4,0.92783435081674,0.91850189384937,56
4,4,0.892594503506505,0.549758595659513,56
2,4,0.86535898386479,0.661786068129273,56
3,4,0.858321842180439,0.634888428853423,56
5,4,0.855655823770993,0.540076838471242,56
1,5,0.930308185768778,0.868049809945416,56
4,5,0.905042701217196,0.490680910154979,56
2,5,0.847758658646952,0.721691794900176,56
3,5,0.860943026493598,0.301735628635097,56
5,5,0.857759406607155,0.624349998576128,56
1,6,0.925461577208978,0.935722684579826,56
4,6,0.899727990638202,0.454704371499128,56
2,6,0.841558729592,0.697946253387936,56
3,6,0.856173416186543,0.793768124003482,56
5,6,0.862405136475723,0.270014976568319,56
1,7,0.9313288338435,0.819227244340245,56
4,7,0.86892894767559,0.0886152871063864,56
2,7,0.882438979097424,0.667816258256971,56
3,7,0.86527885812777,0.721857494403677,56
5,7,0.862336027961572,0.548683226870428,56
1,8,0.927272315148328,0.917638848504024,56
4,8,0.902440042749512,0.806776523162437,56
2,8,0.848304655826757,0.791362603654278,56
3,8,0.84846279844215,0.560977553724374,56
5,8,0.866205422011988,0.246400605601333,56
1,9,0.924553787096642,0.968908530419732,56
4,9,0.882455572402531,0.509217582342868,56
2,9,0.867807275906214,0.821460548112934,56
3,9,0.856602477695059,0.533086712427665,56
5,9,0.860164471038171,0.663617033550276,56
1,10,0.929993212829466,0.850244715431713,56
4,10,0.897791611824344,0.535107207435573,56
2,10,0.84635488071266,0.772337019380843,56
3,10,0.860739641435853,0.426259627224914,56
5,10,0.861876652671093,0.121210922205697,56
1,11,0.928783846179931,0.87999117734142,56
4,11,0.89450612209885,0.518715393495119,56
2,11,0.86255095244725,0.380084414475305,56
3,11,0.856657758239122,0.48939352386519,56
5,11,0.862643119030688,-0.16315590250774,56
1,12,0.92854166642842,0.894074772823355,56
4,12,0.898625684025304,0.750452102259308,56
2,12,0.852319132245471,0.594113370299922,56
3,12,0.852879232016978,0.729321907476941,56
5,12,0.854288561931806,0.413776177147824,56
1,13,0.929900494840985,0.8138376749956,56
4,13,0.898029369043887,0.361126477359159,56
2,13,0.857358881706995,-0.251219953995903,56
3,13,0.870351281668393,0.0594106365818777,56
5,13,0.853936816379505,0.727849533173861,56
1,14,0.925827781881814,0.941098139075733,56
4,14,0.895953407596,0.717665676386821,56
2,14,0.854544331343378,0.253290379902453,56
3,14,0.856611067022913,0.639319539123197,56
5,14,0.864216197640991,0.833608345286782,56
1,15,0.930756092432751,0.774207249173508,56
4,15,0.89121761360878,0.716711542953148,56
2,15,0.843043307341968,0.749811285063719,56
3,15,0.859741687774778,0.55824097080661,56
5,15,0.860758047059313,0.146890720052839,56
1,1,0.955212086138656,0.91593469734167,57
2,1,0.955810384839776,0.777367231550036,57
4,1,0.920490445132335,0.394928569417726,57
5,1,0.926053514139493,0.133226763300529,57
3,1,0.915629341901872,0.817000281245107,57
1,2,0.954873479832283,0.913635736808723,57
2,2,0.955501796383472,0.65429331440363,57
4,2,0.918154222572662,0.593615601925568,57
5,2,0.918849647653064,0.395075771842848,57
3,2,0.929308300046153,0.0486772441707812,57
1,3,0.955723778997834,0.855308953906774,57
2,3,0.955103123685399,0.892049949900571,57
4,3,0.924297683801649,0.395196050658451,57
5,3,0.932792279525927,0.59730712697155,57
3,3,0.903366854455653,0.79298966336062,57
1,4,0.956972356732604,0.851887574836783,57
2,4,0.956369026428304,0.682440786111676,57
4,4,0.9215791933674,0.798839781174484,57
5,4,0.904509115233198,0.526161745728603,57
3,4,0.933452906547694,0.766485602242849,57
1,5,0.955424743258494,0.901637488323881,57
2,5,0.954452149138566,0.718035654293378,57
4,5,0.922139672321679,0.513156607043751,57
5,5,0.929044134833095,0.500616548631429,57
3,5,0.91023045037765,0.717292317988327,57
1,6,0.955124808723377,0.868437928164428,57
2,6,0.956770986664559,0.600855182745251,57
4,6,0.920065850734035,0.394250752821941,57
5,6,0.913820117357005,0.46224873238897,57
3,6,0.936205990982322,0.808209471182027,57
1,7,0.954409651109691,0.939106745861489,57
2,7,0.955302184675069,0.71046649235642,57
4,7,0.919017687232837,0.643751452865804,57
5,7,0.924842212404787,0.479187009803589,57
3,7,0.921907313251096,0.734923914084439,57
1,8,0.960051138775721,0.54383605232738,57
2,8,0.955207478436061,0.787917119158428,57
4,8,0.918648848090696,0.662670898127218,57
5,8,0.920601285092542,0.364678285099866,57
3,8,0.937967815610431,0.622897822180695,57
1,9,0.957259778350788,0.863255166307497,57
2,9,0.956501852215661,0.687032302457428,57
4,9,0.922929912963466,0.464528325099616,57
5,9,0.936697772892814,0.614410064254218,57
3,9,0.906769299488796,0.845927127583724,57
1,10,0.955682150232532,0.849509900315161,57
2,10,0.95256209572005,0.804915781495196,57
4,10,0.915285857872673,0.502366626439761,57
5,10,0.909931614792687,0.492389244074361,57
3,10,0.932294187227296,0.834701455428011,57
1,11,0.95542673580297,0.903387319934941,57
2,11,0.95567193217906,0.560857717757111,57
4,11,0.924476349356331,0.685485679270884,57
5,11,0.9106309837551,0.633776673388472,57
3,11,0.926216311590666,-0.140576596926091,57
1,12,0.962450072805077,0.708988826649659,57
2,12,0.954420648936418,0.642340469369923,57
4,12,0.91847906881344,0.24450679746421,57
5,12,0.917829194279443,0.566472085613536,57
3,12,0.927076770025702,0.212773921307529,57
1,13,0.955120341738546,0.933639708473952,57
2,13,0.955282062763516,0.757096644710023,57
4,13,0.919552904376024,0.714393275025232,57
5,13,0.91384094398945,0.295915397627824,57
3,13,0.925515805052983,0.490964111701985,57
1,14,0.95619575090078,0.896656576190141,57
2,14,0.957474260323786,0.803367770813353,57
4,14,0.924701397530741,0.753601266393557,57
5,14,0.932035466392483,0.292476915515169,57
3,14,0.911480777207771,0.760933330716706,57
1,15,0.95504216880063,0.953057601092115,57
2,15,0.955480408895398,0.826234749161861,57
4,15,0.920297628872777,0.416768970969928,57
5,15,0.916209285578904,0.423993040653986,57
3,15,0.933984125329229,0.579472456389441,57
1,1,0.930332967247542,0.850235466127105,58
3,1,0.86679808067618,0.710092687511811,58
2,1,0.878215650086649,0.733624686602709,58
4,1,0.857330430311236,0.501518354287673,58
5,1,0.864205612983185,0.773488977837161,58
1,2,0.926525516481214,0.940577749545277,58
3,2,0.872640027652953,0.147468180250167,58
2,2,0.856622594854956,0.470608998824096,58
4,2,0.849320038890937,0.546586165932332,58
5,2,0.882430054610382,0.568641590843281,58
1,3,0.932481936724246,0.810732898899994,58
3,3,0.852079785205407,0.539343982780563,58
2,3,0.892960345497884,0.843502075705996,58
4,3,0.853188771317349,0.61380365809081,58
5,3,0.852182926647957,0.492483843276448,58
1,4,0.928994402117738,0.887129911032341,58
3,4,0.885546670802672,0.773327681136017,58
2,4,0.855016556426175,0.657359473134306,58
4,4,0.854524426854606,0.468761094260822,58
5,4,0.862764010778712,0.333719966775999,58
1,5,0.928476865347082,0.949740829540442,58
3,5,0.865179071113734,0.415082730218921,58
2,5,0.885440026890198,0.738713173741473,58
4,5,0.853580609482924,0.617876866435255,58
5,5,0.860224614519848,0.477196162186716,58
1,6,0.930637960657356,0.844508514171246,58
3,6,0.873860382989702,0.588946704169132,58
2,6,0.8663917783023,0.508883182119275,58
4,6,0.86616955050123,0.509347359346621,58
5,6,0.876693831875232,0.316419045933193,58
1,7,0.929086522272505,0.876949853398038,58
3,7,0.858425030444317,0.706017028922581,58
2,7,0.883710572584774,0.58510168840982,58
4,7,0.867704516070643,0.616596095045421,58
5,7,0.853981331461903,0.728655975630485,58
1,8,0.92576160174946,0.94777072179245,58
3,8,0.87249177487626,0.438735509485537,58
2,8,0.869154927403111,0.735152699075734,58
4,8,0.850283144985994,0.508647458651986,58
5,8,0.868480684036242,0.461518966143807,58
1,9,0.933230552462245,0.727435660842316,58
3,9,0.915288093118103,0.450591312015835,58
2,9,0.837479660233687,0.767123792363301,58
4,9,0.851931922764175,0.774529102000899,58
5,9,0.860913695453031,0.651312389688329,58
1,10,0.928410756581659,0.930646502071199,58
3,10,0.878246924802342,0.583222654339868,58
2,10,0.868780908814624,0.452151460857226,58
4,10,0.861687931508107,0.018370247841919,58
5,10,0.867330758362561,0.633179764606947,58
1,11,0.927399918175608,0.936351152814225,58
3,11,0.880133993471146,0.513003617357282,58
2,11,0.869744885061005,0.444093630997531,58
4,11,0.844609570198831,0.409873713277123,58
5,11,0.86714026232808,-0.250508732504224,58
1,12,0.93083035131926,0.81954689835571,58
3,12,0.881920106014856,0.679586299104362,58
2,12,0.865797111057868,0.301804888909486,58
4,12,0.830254538048786,0.818235263247427,58
5,12,0.881763160578209,0.419047334718124,58
1,13,0.929244051274007,0.846051701994842,58
3,13,0.900475517242572,0.6395917071584,58
2,13,0.82970076775117,0.932383945194664,58
4,13,0.850429405478123,0.639068271471151,58
5,13,0.877487557495077,0.714527396027251,58
1,14,0.92798109350042,0.912367082176519,58
3,14,0.910228216544434,0.849807111948723,58
2,14,0.847230674170424,0.13649673778144,58
4,14,0.842045971459214,0.663449054006937,58
5,14,0.851049561606506,0.606886694859132,58
1,15,0.926172815208524,0.911610059754509,58
3,15,0.880026856409799,0.464997751667038,58
2,15,0.856963503115813,0.721017351674181,58
4,15,0.862286880882673,0.789657985838486,58
5,15,0.853804783219202,0.591686458805736,58
1,1,0.957599543905717,0.921740687922243,59
2,1,0.945340227318283,0.650332039802571,59
4,1,0.921502119223139,0.650835545835088,59
3,1,0.914835295564053,0.423973937564775,59
5,1,0.921886664909092,0.507439147326133,59
1,2,0.95759537807336,0.856858844953332,59
2,2,0.950008139866562,0.764294502767787,59
4,2,0.923919104605897,0.71828592786279,59
3,2,0.912594535093974,0.819038417418066,59
5,2,0.913126992449668,0.328190928291526,59
1,3,0.956970421374487,0.944099226428535,59
2,3,0.950136255435596,0.589486894139692,59
4,3,0.922710104936467,0.565003655126359,59
3,3,0.918530494318199,0.683600143506645,59
5,3,0.911985828486828,0.612320775055056,59
1,4,0.956741316407879,0.923030289489547,59
2,4,0.947096628075901,0.859876920853204,59
4,4,0.921303769446695,0.674966678609404,59
3,4,0.912226130270581,0.474253538980726,59
5,4,0.917213786436309,0.0282315354141747,59
1,5,0.955595712020249,0.901573065257548,59
2,5,0.948784732992785,0.56853054021759,59
4,5,0.920884914655963,0.777243506702209,59
3,5,0.916441510593079,0.599679690732341,59
5,5,0.907555251904949,0.586970135957454,59
1,6,0.956242826347243,0.939284230834807,59
2,6,0.950243385945674,0.545135074463999,59
4,6,0.925133746085168,0.70664400026173,59
3,6,0.910065130324462,0.677447840648591,59
5,6,0.923051056325078,0.51604486312413,59
1,7,0.956463246552434,0.878215595408595,59
2,7,0.949858758828205,0.697228982997128,59
4,7,0.925606083271445,0.596425136642615,59
3,7,0.921725000160265,0.5456370244955,59
5,7,0.913813537013268,0.324581378518289,59
1,8,0.957162782825966,0.879707221283977,59
2,8,0.949558163178165,0.573189297721534,59
4,8,0.921598697425836,0.449695215390109,59
3,8,0.921025561204634,0.313343394298539,59
5,8,0.922083286364935,0.357784127183422,59
1,9,0.957328355958004,0.881522713411151,59
2,9,0.949165169974091,0.555225871998259,59
4,9,0.921530457071524,0.471855189195492,59
3,9,0.911320586009369,0.779789606651545,59
5,9,0.912154439935292,-0.347659542379814,59
1,10,0.956723934457862,0.964192170069799,59
2,10,0.949745087911068,0.488843654996444,59
4,10,0.921756904339486,0.807781881367417,59
3,10,0.909167808302287,0.733225871203718,59
5,10,0.913418160867561,0.769443014055431,59
1,11,0.95639934180405,0.880340431768951,59
2,11,0.948675876652641,0.566274943442511,59
4,11,0.925156136977001,0.723938422755099,59
3,11,0.916331009111661,0.621256796733782,59
5,11,0.917232725904882,0.32904936469959,59
1,12,0.959166190648798,0.763225990104774,59
2,12,0.949265830401312,0.703141505256343,59
4,12,0.921183628822482,0.676248011731104,59
3,12,0.907973815597566,0.889751475767713,59
5,12,0.923322550676052,0.0726593707407687,59
1,13,0.96483172836801,0.558896532777959,59
2,13,0.947169936492115,0.679650452592073,59
4,13,0.929584907127394,0.354903914398321,59
3,13,0.910743586957103,0.448923858327412,59
5,13,0.920051141948083,0.503547233039537,59
1,14,0.957441228344215,0.843367339730772,59
2,14,0.950113782517347,0.575367008167834,59
4,14,0.92548574427764,0.634017911001913,59
3,14,0.908728108413133,0.89337433174896,59
5,14,0.921603503713099,0.614938388110376,59
1,15,0.954724311655476,0.942635293527213,59
2,15,0.949111945190268,0.822272350402809,59
4,15,0.924534433219417,0.545086132747186,59
3,15,0.911094386665783,0.665182273857894,59
5,15,0.917520633625965,0.580259455546326,59
1,1,0.928914463204813,0.879376009771747,60
4,1,0.884012708794741,0.401088068445165,60
2,1,0.866395199215617,0.694684442240451,60
3,1,0.862498075078786,0.76757349120836,60
5,1,0.850204452013924,0.454342366890611,60
1,2,0.93359316368544,0.801363237798702,60
4,2,0.91036078084981,0.617814804795366,60
2,2,0.837692721273507,0.698721755115318,60
3,2,0.861753501201005,0.685046365268505,60
5,2,0.842765391003364,0.609647301405887,60
1,3,0.928583121558476,0.843912232950765,60
4,3,0.846370469453344,0.351484931333616,60
2,3,0.907618238460904,0.688671106178276,60
3,3,0.859600142827772,0.403592489932397,60
5,3,0.854040822156986,0.395032571572873,60
1,4,0.928965080526805,0.838865590371857,60
4,4,0.878944836509329,0.721053838302396,60
2,4,0.862593737075463,0.8027880680464,60
3,4,0.857581698624662,0.589964832531138,60
5,4,0.857397925694758,0.675004089275765,60
1,5,0.928962962234463,0.836478370482216,60
4,5,0.902432029594912,0.595762486104809,60
2,5,0.843712198124376,0.633981520718924,60
3,5,0.859576725348429,0.425431210118778,60
5,5,0.844575938316602,0.57420429336666,60
1,6,0.925577799574904,0.931474274778611,60
4,6,0.90801617211891,0.215735522581985,60
2,6,0.834939743947571,0.827526997675595,60
3,6,0.859176495762554,0.725472759292958,60
5,6,0.860193624751383,0.519542615450135,60
1,7,0.9305252641832,0.833238583697995,60
4,7,0.901884875144945,0.676596870472562,60
2,7,0.8548925238091,0.470959442128668,60
3,7,0.868634003140898,0.562487090962063,60
5,7,0.849821105501218,0.163020064657249,60
1,8,0.927953861740687,0.846904743568516,60
4,8,0.881863561561297,0.882676807212041,60
2,8,0.851676298186889,0.836848052590211,60
3,8,0.851784457774491,0.652232929241375,60
5,8,0.844218725343224,0.584120991073481,60
1,9,0.930308416504101,0.820369028739447,60
4,9,0.865450553304907,0.327148999512829,60
2,9,0.885436972526908,0.603486894356717,60
3,9,0.865592982967068,-0.188748991723655,60
5,9,0.855903879194394,0.280214634734249,60
1,10,0.92649374498703,0.925295588351156,60
4,10,0.907677228892325,0.673844612605885,60
2,10,0.83900212762116,0.645872331332766,60
3,10,0.852206983245181,0.704140396786233,60
5,10,0.849295593129548,0.317475311134636,60
1,11,0.925659001007269,0.940848339974652,60
4,11,0.897445603578237,0.0217240833702657,60
2,11,0.847598774270747,0.558238997869962,60
3,11,0.860889687362791,0.16273009251355,60
5,11,0.849680644248601,0.372346886417936,60
1,12,0.927029096521814,0.916966856295905,60
4,12,0.90991186930675,0.714335266732516,60
2,12,0.839090424908364,0.684933608514644,60
3,12,0.864320543594619,0.706068469662823,60
5,12,0.850312201388982,0.620255481449899,60
1,13,0.929034392474713,0.81527665204825,60
4,13,0.909954261790241,0.500448597866062,60
2,13,0.836862641895964,0.699869931295113,60
3,13,0.848086205020374,0.649977687911615,60
5,13,0.86430950420009,0.310481351004432,60
1,14,0.925341737099289,0.967779412704257,60
4,14,0.895025432082911,0.602508869964876,60
2,14,0.85520576586827,0.711251350251101,60
3,14,0.849047837740361,0.893084788001161,60
5,14,0.851226810795887,0.62399764424171,60
1,15,0.92792858493847,0.887937427343442,60
4,15,0.902526678931941,0.319851569380279,60
2,15,0.843181953963459,0.659852191715718,60
3,15,0.862659225767865,0.470698072942876,60
5,15,0.850743414595989,0.41396171200709,60
1,1,0.957336333121185,0.917962550641305,61
2,1,0.94008087362842,0.815267673762278,61
3,1,0.934118324931134,0.67714166998071,61
4,1,0.921904643524105,0.506192960972752,61
5,1,0.934504811087631,0.539568841190501,61
1,2,0.958662744192684,0.84397353352426,61
2,2,0.955937318054266,0.704293635525567,61
3,2,0.923563718740633,0.566034739659376,61
4,2,0.919350440442921,0.613929031830952,61
5,2,0.933390717964823,0.339325671271834,61
1,3,0.956880966775813,0.920493401894973,61
2,3,0.95695860336915,0.730850778498533,61
3,3,0.920800574105554,0.242015707833024,61
4,3,0.920785373552204,0.59055472529243,61
5,3,0.938537995415549,0.607912131768,61
1,4,0.958075494423243,0.897532401420858,61
2,4,0.955560798461143,0.761097252539159,61
3,4,0.927217033764922,0.629601062447298,61
4,4,0.924172651868924,0.68077516619593,61
5,4,0.925114177163722,0.498277986072616,61
1,5,0.959264308320849,0.844650741264531,61
2,5,0.95379736470883,0.613323582944409,61
3,5,0.923467127940616,0.338445981783171,61
4,5,0.922200144684818,0.446219669657958,61
5,5,0.939378599533317,0.390381073780081,61
1,6,0.961136332942644,0.776656156028552,61
2,6,0.957188617517948,0.457003298963438,61
3,6,0.921510099973232,0.56276101056667,61
4,6,0.927311030489432,0.355690253669165,61
5,6,0.939622084155843,0.640844996202976,61
1,7,0.956397525260945,0.946248490925531,61
2,7,0.960035269095482,0.638889633358639,61
3,7,0.922151527526261,0.404640977664811,61
4,7,0.923145928063343,0.560824436962083,61
5,7,0.931890011106556,0.463983391852599,61
1,8,0.957076940574707,0.899122646275411,61
2,8,0.959073523316819,0.297659182086824,61
3,8,0.918140382163415,0.90514157253112,61
4,8,0.920631922832387,0.362307008552972,61
5,8,0.937661766529251,0.469943867739708,61
1,9,0.958189446277553,0.79900100938215,61
2,9,0.959028323350308,0.623244646723613,61
3,9,0.92116730078197,0.578926593167199,61
4,9,0.925975685218063,0.6548140568601,61
5,9,0.929903960849629,0.0226189634190233,61
1,10,0.959095379102906,0.836483553157466,61
2,10,0.958307914534823,0.634399813983388,61
3,10,0.92439148497632,0.66957807342623,61
4,10,0.921075523963225,0.695645188720156,61
5,10,0.931979839811117,0.618253843703274,61
1,11,0.956615591698381,0.908227373389307,61
2,11,0.958103264249058,0.341744249607809,61
3,11,0.925412155971104,0.655361602485993,61
4,11,0.927077870668802,0.413401426828056,61
5,11,0.924733830898169,0.11303342937706,61
1,12,0.956331470673975,0.928788431525569,61
2,12,0.955543178131319,0.263928549250091,61
3,12,0.922559954172924,0.792438980644392,61
4,12,0.923133436696215,0.745635589875314,61
5,12,0.933952429305162,0.381513380397345,61
1,13,0.959110006471133,0.866327627289701,61
2,13,0.954441203929459,0.736008422825525,61
3,13,0.920055797960752,0.768454559320657,61
4,13,0.925212332803778,0.664956800226368,61
5,13,0.931231160765138,0.706229907692961,61
1,14,0.956201161031872,0.954492034387378,61
2,14,0.958982344495888,0.90691498242761,61
3,14,0.914742033221475,0.709662260634956,61
4,14,0.922225652871858,0.596426741605944,61
5,14,0.933574309599651,0.511439092716493,61
1,15,0.962008771315819,0.66682313479387,61
2,15,0.952271618318702,0.67466046933992,61
3,15,0.925053817754047,0.474633260996238,61
4,15,0.925642593051509,0.435066233416071,61
5,15,0.933622890198897,-0.0810103252976443,61
1,1,0.92344724197171,0.936456963186941,62
5,1,0.880920111327467,0.253608335764309,62
2,1,0.874771115082437,0.659802096113457,62
3,1,0.875134607023087,0.620247886655946,62
4,1,0.857852216321599,0.782678181237404,62
1,2,0.928964886929425,0.761456089835686,62
5,2,0.908354751752361,0.783981802546263,62
2,2,0.851050291678459,0.664185731027474,62
3,2,0.862026696547553,0.527049613285827,62
4,2,0.871386138434233,0.707439018745752,62
1,3,0.928297784037603,0.865637312144878,62
5,3,0.906517089166886,0.286725459935791,62
2,3,0.848735357591616,0.838318774930443,62
3,3,0.857530488248302,0.626042117635341,62
4,3,0.876877046464874,0.54620608544823,62
1,4,0.92693118289243,0.873257634900955,62
5,4,0.887782200966522,0.493088275756002,62
2,4,0.867397556543039,0.568280791559949,62
3,4,0.85792074132012,0.507145333350259,62
4,4,0.873913350824841,0.277716449184417,62
1,5,0.930989768798485,0.706566959771978,62
5,5,0.892403554088967,0.577041379859777,62
2,5,0.863421727055125,0.669204474638323,62
3,5,0.860782066662297,0.627455715096363,62
4,5,0.866045932399018,0.644697366986113,62
1,6,0.934272704745978,0.716232546878755,62
5,6,0.896080538353383,0.394194674121746,62
2,6,0.863238336095381,0.578855756700971,62
3,6,0.868090812865785,0.462580435054824,62
4,6,0.872988544086631,0.598572657094784,62
1,7,0.927699166402456,0.893666906626922,62
5,7,0.886736838743551,0.545353610341072,62
2,7,0.875825449249312,0.707036186379555,62
3,7,0.860400115095315,0.605988985404989,62
4,7,0.873691597070662,0.662201969918951,62
1,8,0.923858381089493,0.945867850683765,62
5,8,0.898894091403476,-0.0379333476379329,62
2,8,0.847518682689565,0.925423237736278,62
3,8,0.871474946057097,0.846746100214613,62
4,8,0.866921526889003,0.557717025802564,62
1,9,0.925819553843024,0.928109373361589,62
5,9,0.896677963927037,0.73871512431481,62
2,9,0.851510360179852,0.607441306133993,62
3,9,0.862352017835493,0.681545486587852,62
4,9,0.863754058251998,0.432474176038592,62
1,10,0.925037539784029,0.923184776447254,62
5,10,0.900625571083431,0.848445526431245,62
2,10,0.845535540247115,0.813440418850761,62
3,10,0.844374510487116,0.901490270168489,62
4,10,0.882956641572613,0.567481086463154,62
1,11,0.925304332984398,0.868360223999128,62
5,11,0.904656742079607,0.382933807537485,62
2,11,0.850812733285234,0.619880625672923,62
3,11,0.864043092937955,0.706814304559578,62
4,11,0.865194109535302,0.41127629101013,62
1,12,0.924506802856657,0.907327708507912,62
5,12,0.869527546295005,0.184475694057425,62
2,12,0.891381825774179,0.713023077822555,62
3,12,0.863934932632331,0.76493310200669,62
4,12,0.865544943508012,0.761147459207459,62
1,13,0.929862939790997,0.83690381614049,62
5,13,0.908908643122487,0.13387454925847,62
2,13,0.849639913997166,0.419916473434846,62
3,13,0.858317457839954,0.258442748773517,62
4,13,0.882289364231497,0.192329698369096,62
1,14,0.931557634144715,0.734914150999718,62
5,14,0.893988727363781,0.688010684723548,62
2,14,0.86506094573241,0.840133308315389,62
3,14,0.852339963347667,0.661176725939438,62
4,14,0.87724489521336,0.0602489577402563,62
1,15,0.925418001515854,0.913215529133387,62
5,15,0.904642610154227,0.445398010233239,62
2,15,0.848993489580963,0.549677547198149,62
3,15,0.862762382213628,0.569604094148379,62
4,15,0.870181306764373,0.734740204412346,62
1,1,0.899811253072866,0.831846370458884,63
4,1,0.7567150972223,0.603766445824526,63
2,1,0.83174492991311,0.810721537328296,63
3,1,0.798131276809974,0.711311610378878,63
5,1,0.794488585109653,0.233819094222119,63
1,2,0.893917565472797,0.949989177897921,63
4,2,0.768756833083482,0.289087847828861,63
2,2,0.830244141264854,0.77216783851336,63
3,2,0.786002098395072,0.687109398097855,63
5,2,0.804245693958093,0.782783498668382,63
1,3,0.896615571147703,0.887061559628121,63
4,3,0.759191456368247,0.619192571864645,63
2,3,0.829220486665059,0.68634435533407,63
3,3,0.784781054494904,0.564566870268897,63
5,3,0.807578018950148,0.495205390731227,63
1,4,0.899666048113557,0.880471054448155,63
4,4,0.75996973123286,0.476701618521443,63
2,4,0.831080810479406,0.791026703743953,63
3,4,0.782755975834864,0.43004872687446,63
5,4,0.814552573149596,0.136892135513746,63
1,5,0.89913979662095,0.909537790593488,63
4,5,0.748353801536284,0.567546264458325,63
2,5,0.836068619157912,0.703226092045765,63
3,5,0.774731829343113,0.640734356629833,63
5,5,0.804733867239717,0.446149689945957,63
1,6,0.896987697296863,0.887620720862712,63
4,6,0.756704899921199,0.521101124695791,63
2,6,0.83837475040928,0.671213313151853,63
3,6,0.775290163205781,0.420573003743364,63
5,6,0.812037572139585,0.619602769270673,63
1,7,0.889562007612529,0.976630976860716,63
4,7,0.741704138655364,0.779827046803383,63
2,7,0.848359684622051,0.501827922850854,63
3,7,0.799718415817034,0.593984907292658,63
5,7,0.789796197635464,0.418438791972834,63
1,8,0.891815666109083,0.932005981345999,63
4,8,0.747172222221347,0.125625380678245,63
2,8,0.834821103161854,0.28878396247616,63
3,8,0.785971667374669,0.755010112562889,63
5,8,0.812709329889447,0.581429704506705,63
1,9,0.893950910463863,0.89980197290965,63
4,9,0.753111397393901,0.0982517010339307,63
2,9,0.838546411754135,0.28919675369653,63
3,9,0.800169287330305,0.735308595361681,63
5,9,0.812516894272018,0.280916073745819,63
1,10,0.915277666374418,0.32642733570516,63
4,10,0.76290640895206,0.48589564731617,63
2,10,0.828767215093655,0.784764345395527,63
3,10,0.808971177260879,0.316378728104872,63
5,10,0.807965819891141,0.462191578713519,63
1,11,0.897562025625547,0.846085099086295,63
4,11,0.74797814184853,0.866148039041132,63
2,11,0.814966941798385,0.756369745911001,63
3,11,0.777851631621173,0.707664413047901,63
5,11,0.815148224733297,0.737102502049861,63
1,12,0.900898032517121,0.852530343839335,63
4,12,0.758721847416321,0.535027825440209,63
2,12,0.840466470305051,0.609648076579502,63
3,12,0.769395151783754,0.689455163758745,63
5,12,0.822111921476998,0.457405313297428,63
1,13,0.899519439532609,0.851255528185763,63
4,13,0.742753065121982,0.551495844993826,63
2,13,0.841885677144401,0.658050434351967,63
3,13,0.784020315656455,0.133507237685326,63
5,13,0.816271904776695,0.26458541986879,63
1,14,0.902315545792342,0.865066576830537,63
4,14,0.7650518367101,0.621209718589507,63
2,14,0.839228481289942,0.461400713780858,63
3,14,0.791045139562141,0.447809444288676,63
5,14,0.818914110225116,0.356980081466961,63
1,15,0.901058865009176,0.834307169205073,63
4,15,0.771133104277586,0.751187298487019,63
2,15,0.817290166203248,0.817620023225195,63
3,15,0.782915497419274,0.588029429542001,63
5,15,0.816611032097787,0.607334654645657,63
1,1,0.928724630317808,0.875210178390358,64
3,1,0.902505726037349,0.518487727700028,64
2,1,0.850982324774359,0.875685789241513,64
5,1,0.835989544175727,0.556077415001179,64
4,1,0.88336363543601,0.369808341700095,64
1,2,0.925058736594209,0.962794090445034,64
3,2,0.905269364800195,0.491724267377943,64
2,2,0.858872323096008,0.665999112802765,64
5,2,0.840456372934576,0.554030662840204,64
4,2,0.885135345655802,0.48154605969384,64
1,3,0.926853136849457,0.910221207703254,64
3,3,0.876616111109116,0.736635257122602,64
2,3,0.882152193887682,0.757180004314828,64
5,3,0.825773958812717,0.800372271147848,64
4,3,0.890278473484221,0.699067098128388,64
1,4,0.927760465780387,0.899381424176812,64
3,4,0.903998626225851,0.301231906174974,64
2,4,0.848890250627611,0.449007954131999,64
5,4,0.837289416609179,0.554061586201015,64
4,4,0.877903238299709,0.430362461467282,64
1,5,0.927700563493764,0.879038454222733,64
3,5,0.903648727051846,0.592215768336013,64
2,5,0.853041439770417,0.78771196117332,64
5,5,0.83293730694465,0.753389839658249,64
4,5,0.887358835400197,0.591340954557942,64
1,6,0.928699677602055,0.821614901611675,64
3,6,0.887143973286764,0.564891702690212,64
2,6,0.869506633219226,0.656940447003802,64
5,6,0.82956661791534,0.743054185873396,64
4,6,0.880644278446015,0.319894419127656,64
1,7,0.928036923785129,0.91342393373861,64
3,7,0.870055713038813,0.662988752997874,64
2,7,0.875696852866931,0.892076702113206,64
5,7,0.845314537894052,0.526856034551219,64
4,7,0.879328696695705,0.364299575479417,64
1,8,0.928848264268818,0.838656771979067,64
3,8,0.903991443199081,0.748284806587772,64
2,8,0.847858494836653,0.608999795232964,64
5,8,0.851548804324398,0.777723334549978,64
4,8,0.866893511981452,0.760717141415718,64
1,9,0.931471987104226,0.783079485967031,64
3,9,0.888189559336731,0.10778253985543,64
2,9,0.867559221856481,0.261632685466653,64
5,9,0.848770120645452,0.254244131905701,64
4,9,0.891442092238788,0.808296516554762,64
1,10,0.925857127758831,0.888822040096779,64
3,10,0.884919475762673,0.771571407458527,64
2,10,0.862301402220394,0.720256782274133,64
5,10,0.837039818298036,0.386540067731278,64
4,10,0.886370774870008,0.185550648854101,64
1,11,0.926472078731672,0.910766192746856,64
3,11,0.9012567412741,0.667439453570512,64
2,11,0.855382826870509,0.596829921846757,64
5,11,0.839499437985841,0.667943841311013,64
4,11,0.879878547453268,0.45883911610445,64
1,12,0.930682192470182,0.828606547424629,64
3,12,0.904521811531827,0.421840090861505,64
2,12,0.856107234736075,0.587951503439505,64
5,12,0.834785079846476,0.351660037440751,64
4,12,0.88476616403409,0.172949668165562,64
1,13,0.934679632014764,0.621242706427398,64
3,13,0.892257362719713,0.698889651334001,64
2,13,0.860147447906625,0.657474470010802,64
5,13,0.843545222993546,0.254323812250448,64
4,13,0.87811202719341,0.771959368322215,64
1,14,0.931178910263334,0.859162235922379,64
3,14,0.894472289639219,0.637949882709607,64
2,14,0.868584505044112,0.719514099740508,64
5,14,0.845288808428232,0.553225805885058,64
4,14,0.880498198991675,0.822674672285286,64
1,15,0.930348536257051,0.889394500219918,64
3,15,0.914031309168357,0.710981124859088,64
2,15,0.848191380491179,0.826791490060227,64
5,15,0.85795508580168,0.132293132262987,64
4,15,0.882043192608415,0.631553849106683,64
1,1,0.923304118181797,0.951118775640845,65
3,1,0.884128430396135,0.699068938856145,65
2,1,0.875706317395409,0.206670467896854,65
4,1,0.837239141573362,0.785571998675572,65
5,1,0.883695417737852,0.728259046209161,65
1,2,0.929985767859609,0.811235403119516,65
3,2,0.861372416522672,0.382966421370334,65
2,2,0.906978458464518,0.528535726484438,65
4,2,0.8548578991459,0.670754154174586,65
5,2,0.889541486985541,0.374380764014713,65
1,3,0.925556045931941,0.931500675973272,65
3,3,0.867626499591121,0.597855677188916,65
2,3,0.891259583287215,0.871578375642869,65
4,3,0.842431922956801,0.557436763428285,65
5,3,0.885712645372612,0.373225604986829,65
1,4,0.928897842088642,0.848633479707925,65
3,4,0.916938910463055,0.559872410753749,65
2,4,0.844410060010366,0.765819083519115,65
4,4,0.85917095158372,0.606590015005104,65
5,4,0.881647258246743,0.530876588648774,65
1,5,0.932972910255693,0.585177409790175,65
3,5,0.859327442794496,0.436929721387375,65
2,5,0.900738514400577,0.852988146548834,65
4,5,0.855755261780629,0.240694854538646,65
5,5,0.880987965355152,0.377191852024652,65
1,6,0.925796597616131,0.896909484910085,65
3,6,0.877002676435233,0.694349782445203,65
2,6,0.886139565505962,0.654811467375392,65
4,6,0.838093730325281,0.758707677656242,65
5,6,0.881763650392603,0.780438803228739,65
1,7,0.927565514134617,0.876667701720902,65
3,7,0.861083552038368,0.489486671812831,65
2,7,0.90016846320128,0.839436742903352,65
4,7,0.849926597902071,0.37989774578725,65
5,7,0.878791052879837,0.501549861009034,65
1,8,0.927461155014183,0.867358254467297,65
3,8,0.867717419334273,0.626117951914589,65
2,8,0.896759765816967,0.71275903112351,65
4,8,0.845813930166867,0.387905254415021,65
5,8,0.87930907168453,0.28173262032894,65
1,9,0.925624020581107,0.941703186204105,65
3,9,0.858183594750003,0.793976973886853,65
2,9,0.897692398771498,0.88495326781665,65
4,9,0.843496460381731,0.578322514110831,65
5,9,0.884893658853175,0.428875421146844,65
1,10,0.926343850473741,0.896837892902442,65
3,10,0.859205504771501,0.68692767997068,65
2,10,0.905374589946253,0.787639827342313,65
4,10,0.843901920371756,0.608033428465475,65
5,10,0.884306933036551,0.66436135063087,65
1,11,0.924551608212027,0.9401452487731,65
3,11,0.87028288659303,0.596875947679633,65
2,11,0.879284846095532,0.65605859464386,65
4,11,0.8410401422044,0.576195578466354,65
5,11,0.880931725901481,-0.0503341061395597,65
1,12,0.923234234294518,0.934622617958617,65
3,12,0.903840107854489,0.409423116894981,65
2,12,0.854413502824939,0.767271123690275,65
4,12,0.845430458530675,0.43485607988236,65
5,12,0.873053523353125,0.618739399694129,65
1,13,0.925722249816702,0.933355000988145,65
3,13,0.873904779714432,0.669747177013549,65
2,13,0.895491582819348,0.572263245551441,65
4,13,0.847733333161983,0.520047018667345,65
5,13,0.886281910802913,0.108171903987699,65
1,14,0.931783684629464,0.712945953543423,65
3,14,0.867071909601403,0.40993314863619,65
2,14,0.89730968315502,0.553871689758353,65
4,14,0.843632036738276,0.472827323438065,65
5,14,0.883446219792462,0.326872664792849,65
1,15,0.929552097868539,0.823591954608578,65
3,15,0.873080981040815,0.631530177527483,65
2,15,0.888178102914039,0.615814976882762,65
4,15,0.845982963824936,0.615490666798251,65
5,15,0.884623775344851,0.560685906680064,65
1,1,0.931604686226903,0.752553075372357,66
3,1,0.902958530167196,0.518594604411137,66
2,1,0.858714577943821,0.595516473153699,66
4,1,0.853947862878886,0.38872517713996,66
5,1,0.874431238221179,0.554936530245422,66
1,2,0.927790522060891,0.863326348855882,66
3,2,0.900490834651161,0.569430346854857,66
2,2,0.854189734082058,0.833262912241846,66
4,2,0.855694087669756,0.860851613202924,66
5,2,0.850299727139114,0.640561283143718,66
1,3,0.927309863015343,0.873086294958084,66
3,3,0.880251082605733,0.699902140036771,66
2,3,0.873905964879904,0.798844685705867,66
4,3,0.865257561167786,0.403194220671568,66
5,3,0.849908524039035,0.675845764771092,66
1,4,0.925765381383512,0.920861877351628,66
3,4,0.903544530606436,0.312784946068977,66
2,4,0.846975996491021,0.4953957310905,66
4,4,0.864062872613782,0.240500246521615,66
5,4,0.873492887777516,0.540335153364135,66
1,5,0.933744215377393,0.656775280255707,66
3,5,0.894899935572134,0.539006179811529,66
2,5,0.859815949046719,0.683730819681928,66
4,5,0.853310216580489,0.576044105948603,66
5,5,0.85302435845299,0.411081026013689,66
1,6,0.926892423085976,0.862032395327307,66
3,6,0.876976285243042,0.537854336689209,66
2,6,0.874849442935693,0.517283486924678,66
4,6,0.854624948203964,0.55683715832795,66
5,6,0.857117948054336,0.473575612233634,66
1,7,0.922122839344292,0.96566313067401,66
3,7,0.876175786137271,0.687471219065191,66
2,7,0.871512360421687,0.780838519566502,66
4,7,0.870640612578733,0.517681636985629,66
5,7,0.848198125660156,0.493639727139833,66
1,8,0.926279410897915,0.920921177614713,66
3,8,0.908646056152161,0.847317892840291,66
2,8,0.839553644151317,0.831641329281683,66
4,8,0.853001688677882,0.663280778203544,66
5,8,0.865921857977933,0.701280217714216,66
1,9,0.925813448242327,0.875263495730348,66
3,9,0.879852696874333,0.206661253814342,66
2,9,0.877621167035668,0.592709822260868,66
4,9,0.856945070134976,0.777383334516621,66
5,9,0.854838244367246,0.590625678867582,66
1,10,0.928960048783909,0.77975242515371,66
3,10,0.870026068607757,0.612361742452084,66
2,10,0.882030828935711,0.787409505276503,66
4,10,0.859899378908485,0.643414125778477,66
5,10,0.84764939709732,0.433672309704092,66
1,11,0.927275203100661,0.892839234291925,66
3,11,0.891413132085402,0.494274460968063,66
2,11,0.867901933570408,0.746488181418915,66
4,11,0.862020757319213,0.0785138731995177,66
5,11,0.857705903094459,-0.0951675307194746,66
1,12,0.925818079003861,0.901097384044238,66
3,12,0.894110760439657,0.62066593662261,66
2,12,0.850169284842875,0.827455380017864,66
4,12,0.868652258124638,0.614928818926359,66
5,12,0.848509839282491,0.712957915503646,66
1,13,0.92678253119769,0.881367605402584,66
3,13,0.91037710736498,0.52898245637326,66
2,13,0.842993859308058,0.557095521972275,66
4,13,0.851966263459067,0.73679857427181,66
5,13,0.865939992374757,0.545183851990684,66
1,14,0.925791071948057,0.899546878610652,66
3,14,0.908041174838867,0.680790811842248,66
2,14,0.850153660354302,0.52847158692427,66
4,14,0.864214376307581,0.378782026130308,66
5,14,0.840324320259456,0.537907360609567,66
1,15,0.928539054220442,0.875772151579689,66
3,15,0.904473442953401,0.74181203465168,66
2,15,0.845236976020764,0.810477451125783,66
4,15,0.867751202651356,0.549857795713086,66
5,15,0.851532691499582,0.557732080686921,66
1,1,0.984272570529427,0.920608794392335,67
2,1,0.985168944408765,0.820551599147418,67
3,1,0.97471316836951,0.503394082545942,67
4,1,0.968073730312655,0.600680899293796,67
5,1,0.977458023790367,0.648391777016325,67
1,2,0.985294764902052,0.748077579758562,67
2,2,0.984687772371005,0.753039563452776,67
3,2,0.973510129273802,0.737684791291235,67
4,2,0.971840649532236,0.666233161986514,67
5,2,0.971538579629384,0.66791815270077,67
1,3,0.985506663166122,0.944778157176035,67
2,3,0.985754801741315,0.567864660662012,67
3,3,0.975556229467034,0.516400681564299,67
4,3,0.974227624712359,0.237481392095102,67
5,3,0.977703601943439,0.266468499328619,67
1,4,0.985127483283416,0.816917008043066,67
2,4,0.984867892182489,0.744112618067809,67
3,4,0.975213472655388,0.750021194267364,67
4,4,0.970530430824986,0.48465011440403,67
5,4,0.97690472742066,0.137571074024926,67
1,5,0.985270197655821,0.865962944124817,67
2,5,0.984488855647662,0.781739617310822,67
3,5,0.975220863945687,0.10262837957377,67
4,5,0.9664821540497,0.612758937282111,67
5,5,0.977657806619827,0.49510465730447,67
1,6,0.983778345822105,0.946194730004331,67
2,6,0.983944909296218,0.566227870681127,67
3,6,0.976046023041411,0.718391862274493,67
4,6,0.969187206976238,0.689392688333823,67
5,6,0.973232484088288,0.431244972741877,67
1,7,0.986829300951378,0.762932710366654,67
2,7,0.985753822652415,0.70697863229985,67
3,7,0.974690892583353,0.781407769715058,67
4,7,0.972136497977489,0.494527606837496,67
5,7,0.976040970060509,0.822018994224185,67
1,8,0.98447481831383,0.938910592022424,67
2,8,0.983968956343648,0.717389406056381,67
3,8,0.974949751147586,0.743236209409386,67
4,8,0.970150848874137,0.634407099408263,67
5,8,0.971955374369136,0.77206874298378,67
1,9,0.98438516088208,0.929309298633052,67
2,9,0.984897745844504,0.748491531028529,67
3,9,0.974490663338133,0.633647812561162,67
4,9,0.964881184584343,0.679978230078232,67
5,9,0.977188071423349,0.876119015061785,67
1,10,0.985419379300451,0.846271664112015,67
2,10,0.985677093187597,0.553298549204008,67
3,10,0.972716324720797,0.678364905070941,67
4,10,0.968591252515902,0.552626236286333,67
5,10,0.976043475921338,0.341555498764964,67
1,11,0.984270663488149,0.935901294342308,67
2,11,0.984365371197416,0.237359512790232,67
3,11,0.974043902166487,0.675482724825478,67
4,11,0.967223910207443,0.574114738549716,67
5,11,0.976232565030962,0.467985634997368,67
1,12,0.984878133685933,0.818689765444205,67
2,12,0.984533375709079,0.397240740176583,67
3,12,0.974528450205608,0.846785241258185,67
4,12,0.9699678682139,0.891470542234739,67
5,12,0.975541619336929,0.477328052878267,67
1,13,0.984773021777909,0.877989003221149,67
2,13,0.984693617947788,0.899195915773706,67
3,13,0.973459943208727,0.271737088794848,67
4,13,0.972901204321755,0.291262954037739,67
5,13,0.973844478335027,0.412064351097802,67
1,14,0.985383050852894,0.890317887898587,67
2,14,0.984803806576831,0.857646911974373,67
3,14,0.974942214881939,0.488403513571149,67
4,14,0.969791909201366,0.78810062113872,67
5,14,0.973885068193538,0.418536394408465,67
1,15,0.985274045639308,0.875832602477776,67
2,15,0.985074718740883,0.794130134489029,67
3,15,0.976329263637568,0.753790237710546,67
4,15,0.97065827629447,0.644065719530217,67
5,15,0.975925190474739,0.633053555289192,67
1,1,0.962929830209893,0.739249604355168,68
3,1,0.952158184582675,0.589824415863671,68
2,1,0.929855483872797,0.386295036235992,68
5,1,0.926133260260335,0.076420743910671,68
4,1,0.930286986776837,0.6222682754372,68
1,2,0.959322656852492,0.897900593793236,68
3,2,0.948268515066702,0.895341036373742,68
2,2,0.920355905523265,0.674678990160843,68
5,2,0.930748284814311,0.639752906070433,68
4,2,0.907454930960727,0.835490347858761,68
1,3,0.959147427674449,0.931823593564834,68
3,3,0.951838711381425,0.515310971431932,68
2,3,0.921106790535016,0.575210244316042,68
5,3,0.920484593472129,0.333016698235546,68
4,3,0.920188176981747,0.664888322642909,68
1,4,0.959886454596976,0.917177272085537,68
3,4,0.951526649303779,0.485429995600588,68
2,4,0.927661948349769,0.61607318074579,68
5,4,0.917509820336098,0.474665356633073,68
4,4,0.92828475592244,0.106748571698123,68
1,5,0.959610458727345,0.886242338382391,68
3,5,0.950362936391886,0.780406042021222,68
2,5,0.92349617789766,0.774790791459813,68
5,5,0.915067238443927,0.454776929628269,68
4,5,0.92903204849565,0.331997791019888,68
1,6,0.959198613329429,0.887231501087434,68
3,6,0.950954986839851,0.799878880124593,68
2,6,0.92263719382769,0.236778696520996,68
5,6,0.919221210118982,0.207422647401857,68
4,6,0.919860992422121,0.497940307686887,68
1,7,0.959586118946894,0.907464785480928,68
3,7,0.949940612793032,0.488637016814884,68
2,7,0.923976205629863,0.740745407704188,68
5,7,0.925097730930156,0.771118380921068,68
4,7,0.907201020693689,0.594523690227645,68
1,8,0.959455973856476,0.892065241720775,68
3,8,0.949428130579027,0.785339552307617,68
2,8,0.920726533195304,0.760727206810029,68
5,8,0.92836876194546,0.451868089312442,68
4,8,0.912485744983379,0.824467461222421,68
1,9,0.958151926032208,0.913745141171685,68
3,9,0.949713621742153,0.248001634628811,68
2,9,0.926053552019271,0.778283394249331,68
5,9,0.930433389996297,0.728894745206562,68
4,9,0.907914745793371,0.648083464417034,68
1,10,0.964946325452443,0.606031877420195,68
3,10,0.949793058664089,0.877020406832987,68
2,10,0.923095111703486,0.690735977920222,68
5,10,0.915912156518364,0.490036743370607,68
4,10,0.918305838128979,0.684710087143575,68
1,11,0.959475638389658,0.855687952958699,68
3,11,0.952080482210987,0.425475360074538,68
2,11,0.92088895981769,0.783945911622684,68
5,11,0.92609983891454,0.852425858370156,68
4,11,0.916856779636419,0.412167564058048,68
1,12,0.959096835985297,0.897051403506133,68
3,12,0.950681470081176,0.746686178209759,68
2,12,0.92585156972902,0.516937337506166,68
5,12,0.927968839653767,0.423652513803519,68
4,12,0.908651968617813,0.678633881261805,68
1,13,0.958059182832987,0.926841813735836,68
3,13,0.953213394676526,0.552606769121661,68
2,13,0.923292025386258,0.698067315655011,68
5,13,0.919515616870223,0.546183611570232,68
4,13,0.925417515076687,0.550898987000827,68
1,14,0.963856653151559,0.72873634133001,68
3,14,0.951638494461774,0.390914334800841,68
2,14,0.923406047808062,0.719538513370898,68
5,14,0.932023684794538,0.778756115830964,68
4,14,0.910607166170097,0.736004290396822,68
1,15,0.960678867793472,0.922776436996455,68
3,15,0.951087449694931,0.5885000787799,68
2,15,0.932721661696928,0.603786261923395,68
5,15,0.923943139262718,0.550749146723816,68
4,15,0.913863948239357,0.728967572710686,68
1,1,0.924358157986176,0.875369200891101,69
2,1,0.909734099845574,0.110319332399169,69
4,1,0.843082288760756,0.538096324235735,69
3,1,0.855384598920332,0.506973903312681,69
5,1,0.872030947412073,0.280850846105503,69
1,2,0.926438178203295,0.860217006084857,69
2,2,0.899695812323419,0.730906858303349,69
4,2,0.847667555424249,0.531908223590849,69
3,2,0.873986232572884,0.537675711942059,69
5,2,0.866957977163528,0.366549262829466,69
1,3,0.933315053732817,0.662152894412918,69
2,3,0.898036330607484,0.483017581702516,69
4,3,0.857885927421133,0.509240417854918,69
3,3,0.863940882257943,0.522624620351184,69
5,3,0.873811060805791,0.373874557834617,69
1,4,0.924478516772977,0.908543311714444,69
2,4,0.902074331612752,0.724055883574711,69
4,4,0.860577270574104,0.377666665119969,69
3,4,0.857036853667223,0.47755698160248,69
5,4,0.869980332150643,0.0670799971675841,69
1,5,0.927183267520823,0.847102675926548,69
2,5,0.909103713383122,0.566453257237938,69
4,5,0.855427184319649,0.761924797874155,69
3,5,0.860677451445273,0.769544331592467,69
5,5,0.862380741786771,0.559648459308814,69
1,6,0.92205040312656,0.879363786407042,69
2,6,0.907917470757425,0.364944518107699,69
4,6,0.852802673786206,0.649689587261237,69
3,6,0.851858351798318,0.907484470281282,69
5,6,0.859555511400683,0.504516102775358,69
1,7,0.927444641680897,0.823373636764836,69
2,7,0.904575070511849,0.794189503791264,69
4,7,0.845215396836264,0.657087731762263,69
3,7,0.864014051364043,0.751596221223825,69
5,7,0.868254917108507,0.570365675013127,69
1,8,0.924936750747361,0.919336574971023,69
2,8,0.896534930159037,0.608010946646228,69
4,8,0.86527551509931,0.841006107064708,69
3,8,0.850208030844122,0.33368852108402,69
5,8,0.875761186430855,0.56488929889072,69
1,9,0.924716012153607,0.880000962768045,69
2,9,0.905450024533152,0.552286339336735,69
4,9,0.851855436768795,0.442764836117088,69
3,9,0.862655670067215,0.647011862819731,69
5,9,0.865240989965107,0.589261262601318,69
1,10,0.926275142567658,0.849803210720847,69
2,10,0.912074104931439,0.853803214192635,69
4,10,0.844532574483844,0.409143406165022,69
3,10,0.85701046564464,0.745390614507889,69
5,10,0.8689160372216,0.281352345498437,69
1,11,0.923053225523379,0.957045600777913,69
2,11,0.90650758692476,0.827429647938282,69
4,11,0.842616308839312,0.713327139581178,69
3,11,0.854206411685531,0.621711544304028,69
5,11,0.86800877792496,0.54361773686517,69
1,12,0.925733469938475,0.896469893948288,69
2,12,0.910534738550159,0.523733694936041,69
4,12,0.84753868997038,0.109874240244578,69
3,12,0.861760602140988,0.56023754710441,69
5,12,0.866640639376118,0.140661661156635,69
1,13,0.927469259402824,0.800869674147081,69
2,13,0.899512404434647,0.710803781340094,69
4,13,0.854140744534715,0.699363376678689,69
3,13,0.864482875014893,0.41372057796537,69
5,13,0.875761700768008,0.581232860054181,69
1,14,0.925249333909705,0.822444644146487,69
2,14,0.911531752856511,0.795313436114571,69
4,14,0.844652931531036,0.628684923721706,69
3,14,0.867941197158358,0.345267848902095,69
5,14,0.864200878693823,0.225751563872237,69
1,15,0.922174653871559,0.920226560571479,69
2,15,0.904044952423397,0.516415998594191,69
4,15,0.844417631842081,0.517971775888546,69
3,15,0.858635937006681,0.533402564476149,69
5,15,0.871330696427424,0.355193770313162,69
1,1,0.962338880186078,0.76070186803061,70
3,1,0.957962861306731,0.704306741632789,70
2,1,0.929998443437378,0.650767269606475,70
4,1,0.913815129864786,0.831822354012378,70
5,1,0.923329897743424,0.299450448113904,70
1,2,0.95910268169878,0.907671913483484,70
3,2,0.951713568826561,0.786204276837019,70
2,2,0.928807156040107,0.866990260408914,70
4,2,0.919529164533391,0.77986328159864,70
5,2,0.923180555602414,0.833422765956411,70
1,3,0.958235989728064,0.951952062254455,70
3,3,0.95769193569978,0.730147432327021,70
2,3,0.930015667343862,0.646811352454262,70
4,3,0.920690400318797,0.381573123099123,70
5,3,0.925524403835425,0.0344957698155653,70
1,4,0.960531006498206,0.797466371584877,70
3,4,0.955383351927451,0.815766651777238,70
2,4,0.934312628436196,0.682443870093832,70
4,4,0.916680186055655,0.424391786480131,70
5,4,0.925875524440415,0.534774012095587,70
1,5,0.958326292697848,0.922951991791889,70
3,5,0.947892509610171,0.690401944250082,70
2,5,0.945443275531091,0.675159881212514,70
4,5,0.913578606070974,0.682734794974488,70
5,5,0.918711917025251,0.241152653684507,70
1,6,0.960206351060687,0.852791480070543,70
3,6,0.955247321547659,0.369176794649066,70
2,6,0.930205627322206,0.919603751917962,70
4,6,0.913530338572846,0.78638293884978,70
5,6,0.925332134075091,0.31551474235699,70
1,7,0.958640522955715,0.915620873809399,70
3,7,0.957379503437866,0.608852562467155,70
2,7,0.930214696240643,0.752168485342816,70
4,7,0.914407988792015,0.750801867638327,70
5,7,0.92498493551894,0.418015350322506,70
1,8,0.959765520701564,0.833358736641533,70
3,8,0.957289547834887,0.610553076934306,70
2,8,0.925463482028705,0.648676491662415,70
4,8,0.918812913504489,0.691213815869755,70
5,8,0.922928886922743,0.755748241182914,70
1,9,0.957939263547378,0.924139995920239,70
3,9,0.957684715990891,0.716011726591858,70
2,9,0.928375778083987,0.637301030072419,70
4,9,0.915000833759637,0.74202670387728,70
5,9,0.921725951432828,0.574304450865024,70
1,10,0.960529380515396,0.861860716528532,70
3,10,0.956978485262488,0.700536945778517,70
2,10,0.927529622377987,0.775673177515802,70
4,10,0.922479728698801,0.154459992288302,70
5,10,0.920488940849046,0.3766962286711,70
1,11,0.9582479395047,0.949788869950702,70
3,11,0.957680415660621,0.457482373931901,70
2,11,0.924320596971911,0.851634652216732,70
4,11,0.919820570230989,0.482044888935169,70
5,11,0.923835808771761,0.429925936019317,70
1,12,0.961336935579093,0.817726898658904,70
3,12,0.953803967941586,0.485034980815742,70
2,12,0.929664326228928,0.69626522815172,70
4,12,0.922412648530116,0.629243505401702,70
5,12,0.928921716294889,0.393867995683309,70
1,13,0.958207174857089,0.956388735835121,70
3,13,0.956680002670116,0.844364450450453,70
2,13,0.928414949282546,0.591948043019295,70
4,13,0.918154084330301,0.626874030796527,70
5,13,0.921484705237059,0.77524515351196,70
1,14,0.960130823019138,0.829356845341796,70
3,14,0.957552345160866,0.506944573227655,70
2,14,0.928545929426784,0.195504820068478,70
4,14,0.918069110555132,0.400075700726847,70
5,14,0.921764832612697,0.0564686870381696,70
1,15,0.960168424718875,0.869366839318352,70
3,15,0.958255574795013,0.705966587405947,70
2,15,0.930282294412905,0.408646677527939,70
4,15,0.919937399950513,0.70249841126553,70
5,15,0.921529185803064,0.34553674408159,70
1,1,0.984280602931279,0.894894229890442,71
2,1,0.983401001835903,0.557706212041381,71
4,1,0.970833188505816,0.561343626641787,71
3,1,0.97395693156473,0.579887482787121,71
5,1,0.968336564573874,0.575842508636686,71
1,2,0.98471849198841,0.877475343676356,71
2,2,0.983526255025445,0.757606056170674,71
4,2,0.971656154561859,0.614217242462578,71
3,2,0.974026794910386,0.637838200503605,71
5,2,0.968644115993508,0.649364674373053,71
1,3,0.98450381598101,0.797874014273287,71
2,3,0.983266051818993,0.647222490863606,71
4,3,0.971428872916544,0.621655658495014,71
3,3,0.973241624297627,0.841571536324661,71
5,3,0.967508136071729,0.205766816152818,71
1,4,0.984000191118649,0.930540011163939,71
2,4,0.983473421785719,0.729533796022678,71
4,4,0.968746349403546,0.682425107804242,71
3,4,0.975616643641796,0.704347453951144,71
5,4,0.964218368176365,0.178608302048025,71
1,5,0.985203414755876,0.806205931101415,71
2,5,0.983159165193415,0.622436862118739,71
4,5,0.971582605718299,0.514898502354785,71
3,5,0.975954122716414,0.739210067334367,71
5,5,0.967236823982464,0.702868715401424,71
1,6,0.985703074763704,0.930885299789294,71
2,6,0.983618668601522,0.5966195811153,71
4,6,0.969996484843805,0.9141807922609,71
3,6,0.977779009298464,0.516281407922395,71
5,6,0.967517398562375,0.75772805033688,71
1,7,0.984622610757038,0.857878398778464,71
2,7,0.981449631986092,0.741265219355508,71
4,7,0.971297286956068,0.370194441475415,71
3,7,0.974272744829872,0.785767099479829,71
5,7,0.966811396340241,0.414116099757294,71
1,8,0.984165288879116,0.925207654911167,71
2,8,0.983346156313374,0.742105558385401,71
4,8,0.968565117023975,0.814270386358839,71
3,8,0.974510637708801,0.847578852556075,71
5,8,0.96822191726991,0.237711256587509,71
1,9,0.984858923703349,0.787593485729073,71
2,9,0.982982120176714,0.608727113448868,71
4,9,0.970829736599511,0.464244138667582,71
3,9,0.976761264045666,-0.108385290883723,71
5,9,0.966816072711078,0.612433224105211,71
1,10,0.985107278678652,0.813841121324544,71
2,10,0.984297943052764,0.534390653666264,71
4,10,0.971303940083782,0.742625782836708,71
3,10,0.971422737902376,0.648417580855944,71
5,10,0.972762419446873,-0.0123805480884693,71
1,11,0.983789180366705,0.94507177249168,71
2,11,0.98211097868362,0.655518572073292,71
4,11,0.970700991968108,0.757153205568836,71
3,11,0.973896218818561,0.757624753466573,71
5,11,0.969204765381149,0.144706250801196,71
1,12,0.984263462613188,0.924962574358645,71
2,12,0.98199034826518,0.875847834669462,71
4,12,0.969232324390073,0.51464161780519,71
3,12,0.974928477798582,0.557317910828598,71
5,12,0.965891578319521,0.382866391555681,71
1,13,0.984816045816486,0.765073158993318,71
2,13,0.98287395703519,0.835416145264185,71
4,13,0.97056909959184,0.803521344848284,71
3,13,0.975143196847349,0.625410061998898,71
5,13,0.964810782260855,0.463493492594319,71
1,14,0.985334669240215,0.837050466690218,71
2,14,0.982976229659655,0.756385410326363,71
4,14,0.973587136241112,0.358893489506045,71
3,14,0.975690413518634,0.604920975677505,71
5,14,0.966843226612759,0.31140212044334,71
1,15,0.984545750268072,0.89148603265831,71
2,15,0.982840977876739,0.470676846264212,71
4,15,0.97020341345881,0.33033386959538,71
3,15,0.973051473551761,0.623506637123621,71
5,15,0.971412493260205,0.101759890926691,71
1,1,0.930016630185963,0.652033036660237,72
4,1,0.898769296402612,0.631031300526989,72
2,1,0.858396631755034,0.783986285068111,72
3,1,0.843855520220791,0.72310939994745,72
5,1,0.871822000022531,0.719438070027109,72
1,2,0.918251834923981,0.95745758474778,72
4,2,0.90877525883677,0.769283719513538,72
2,2,0.841275308911786,0.590695250324225,72
3,2,0.850628585436143,0.655760744971079,72
5,2,0.874877136582615,0.55700533284823,72
1,3,0.924975647625491,0.800034571153662,72
4,3,0.899999849225814,0.45456675533832,72
2,3,0.865297391805412,0.715990854589754,72
3,3,0.856387392694629,0.520160232180371,72
5,3,0.876302113761335,0.755410344347098,72
1,4,0.926442290556578,0.816181034619328,72
4,4,0.911812325594887,0.764705086763146,72
2,4,0.85776498996355,0.660194260001393,72
3,4,0.846038940643134,0.522499592074668,72
5,4,0.876258365295735,0.370049764429336,72
1,5,0.92436289246971,0.784141023597068,72
4,5,0.909762303230424,0.599023709310969,72
2,5,0.854471457214203,0.400392727429257,72
3,5,0.851516437427575,0.551882472124896,72
5,5,0.878723354650439,0.536302091816024,72
1,6,0.920236986060293,0.925284956499842,72
4,6,0.890311844483391,0.476110232079179,72
2,6,0.870875903231463,0.663887845717562,72
3,6,0.84993316094107,0.883481767866384,72
5,6,0.871449420964276,0.503505242956184,72
1,7,0.925707495501637,0.819701317566984,72
4,7,0.888722646982981,0.447735087291399,72
2,7,0.872427023254121,0.446400649631975,72
3,7,0.858454519483509,0.620620441260858,72
5,7,0.880643439954967,0.319994464081841,72
1,8,0.921681854060146,0.932713916444221,72
4,8,0.902712148819207,0.736416138841991,72
2,8,0.848628101304777,0.702287225571152,72
3,8,0.852384157423713,0.464938494666633,72
5,8,0.883726334988174,0.62575629412875,72
1,9,0.918358979685271,0.951547909860361,72
4,9,0.898327603566607,0.484413171147209,72
2,9,0.855868557548391,0.735822922225945,72
3,9,0.85090664655978,0.651589620689628,72
5,9,0.872902233966643,0.434293202942059,72
1,10,0.920955061938613,0.897755148075345,72
4,10,0.900803424879888,0.858096154420696,72
2,10,0.848725921644178,0.691804658734636,72
3,10,0.845549894150887,0.835642051400537,72
5,10,0.878690516026225,0.745535115579449,72
1,11,0.919886275144418,0.950353155054569,72
4,11,0.908012225310905,0.751830182743701,72
2,11,0.85442926116062,0.72047148947841,72
3,11,0.850495173679789,0.180323969743547,72
5,11,0.876132466704128,0.60842894343421,72
1,12,0.924818750417875,0.779083115640149,72
4,12,0.898837354951784,0.525987513252138,72
2,12,0.858869333906026,0.704781519563838,72
3,12,0.858058074899375,0.562646850452369,72
5,12,0.877007845390161,0.475677911711352,72
1,13,0.920911535076538,0.890081134730447,72
4,13,0.911070845628442,0.422471015160862,72
2,13,0.849995964869319,0.789711675133302,72
3,13,0.848184185559713,0.505004351603048,72
5,13,0.874103375710954,0.303714464105305,72
1,14,0.924358684780507,0.845878916531412,72
4,14,0.886485259167812,0.772404731787703,72
2,14,0.878734662163983,0.482280959116153,72
3,14,0.857667382623431,0.588214369094804,72
5,14,0.878675604290491,0.496249071352982,72
1,15,0.921919078424193,0.870086406578779,72
4,15,0.910465521486617,-0.00324894604570927,72
2,15,0.843419452263815,0.901831953792315,72
3,15,0.845120119396622,0.673392015971474,72
5,15,0.873009513342841,0.270701196880212,72
1,1,0.930513367256851,0.942325858036306,73
4,1,0.880234945236859,0.361579284500514,73
2,1,0.898476369767008,0.843321330190265,73
3,1,0.851939551586299,0.798617215134895,73
5,1,0.888501376600412,0.67385762687498,73
1,2,0.93276062835184,0.87921565214612,73
4,2,0.901870275283839,0.489463244082426,73
2,2,0.875957596820939,0.778486137535008,73
3,2,0.852177202188008,0.440006114844162,73
5,2,0.890866878164867,0.315932668264865,73
1,3,0.932989264023976,0.861298058088543,73
4,3,0.906725409018327,0.40963164663506,73
2,3,0.87446718244913,0.820885614556385,73
3,3,0.853775536054965,0.562219122332907,73
5,3,0.890118943905304,0.318795522627582,73
1,4,0.934293066463759,0.831551435156668,73
4,4,0.878188516796349,0.647335652223573,73
2,4,0.898856442502295,0.681279457784845,73
3,4,0.853643002724112,0.580277812431463,73
5,4,0.886882360766648,0.0554045102573651,73
1,5,0.936430606672488,0.781419985280054,73
4,5,0.912834831313864,0.700206300265356,73
2,5,0.867362672440592,0.839327108758878,73
3,5,0.869084192358647,0.163864861631517,73
5,5,0.881965354729865,0.482264346505147,73
1,6,0.930280291695734,0.930468724095553,73
4,6,0.896985943536274,0.338670204649277,73
2,6,0.886187093908612,0.58827558458231,73
3,6,0.854966572208218,0.479083073146081,73
5,6,0.887240914751415,0.538371090336935,73
1,7,0.934033122489816,0.886659851761444,73
4,7,0.913778790010351,0.676510494940634,73
2,7,0.85386540571267,0.716077883586198,73
3,7,0.867486633686871,0.612882239504109,73
5,7,0.884254956563975,0.434468894687477,73
1,8,0.93277627030978,0.925915980248617,73
4,8,0.88935423920645,0.478271049535306,73
2,8,0.882778621292321,0.796668117273472,73
3,8,0.846235597114599,0.706823924625694,73
5,8,0.88659648760111,0.451396424542784,73
1,9,0.933323013401153,0.886202868671712,73
4,9,0.91473913744667,0.465936726964513,73
2,9,0.867654548397438,0.684500261467261,73
3,9,0.859994510029312,0.86003376040465,73
5,9,0.878240950020001,0.515636575284054,73
1,10,0.931485561469521,0.933397035914655,73
4,10,0.899291577403771,0.59288794332232,73
2,10,0.879280773033243,0.803175769052844,73
3,10,0.851570297114517,0.805487657559223,73
5,10,0.886280398915646,0.309239168561117,73
1,11,0.930919810393475,0.906579577393506,73
4,11,0.86959410756265,0.176635855253326,73
2,11,0.916713634174571,0.704928478222483,73
3,11,0.853343410467833,0.178859028318574,73
5,11,0.889938702115875,-0.254742423307686,73
1,12,0.936365466912672,0.728919067444283,73
4,12,0.892643138074732,0.373279778703306,73
2,12,0.885563505673962,0.513817108396467,73
3,12,0.84879884200993,0.632315166168389,73
5,12,0.890456913708703,0.266342388285038,73
1,13,0.931453488674196,0.915313673904648,73
4,13,0.884259054345399,0.716922052774378,73
2,13,0.88486978545359,0.871385678876687,73
3,13,0.858438526684772,0.769944889858849,73
5,13,0.88404867113991,0.642831124875937,73
1,14,0.931232116056304,0.904622764306193,73
4,14,0.912783837964057,0.63217485041433,73
2,14,0.857476618336756,0.733692113327907,73
3,14,0.868634816389493,0.474302768140355,73
5,14,0.883073030183486,0.770590079041926,73
1,15,0.934052117979679,0.858401344584536,73
4,15,0.903804536102709,0.799413165245132,73
2,15,0.872872412960084,0.888254837746778,73
3,15,0.853717329082506,0.62630394029408,73
5,15,0.873166551627319,0.368682341323155,73
1,1,0.954192452394598,0.910336097635542,74
2,1,0.951630245575817,0.519208103784003,74
4,1,0.918545767455512,0.627670499287382,74
3,1,0.913000085076813,0.76461573436433,74
5,1,0.91962175166632,0.5337354283903,74
1,2,0.957245504967878,0.847965871276951,74
2,2,0.951521944466741,0.778715766100764,74
4,2,0.916681385147913,0.567512952839654,74
3,2,0.914505498533362,0.738545525228321,74
5,2,0.918632934545495,-0.00796355741610884,74
1,3,0.958046665320362,0.738578420336173,74
2,3,0.952935155665589,0.435257566269462,74
4,3,0.919840701167047,0.742435003880042,74
3,3,0.921187027393434,0.116206805742389,74
5,3,0.921596956812868,0.518713999103867,74
1,4,0.956180935929601,0.866449373469742,74
2,4,0.952887303126244,0.743644926566819,74
4,4,0.921266913845017,0.674709617941095,74
3,4,0.915840504929898,0.687681624677699,74
5,4,0.920554509377473,0.50614469065784,74
1,5,0.961459482321069,0.618373153078589,74
2,5,0.953648053418081,0.641061176793494,74
4,5,0.920046818119888,0.508513467995874,74
3,5,0.919915607408735,0.526427770264124,74
5,5,0.923430627394289,0.0453292759888808,74
1,6,0.95425244078146,0.95297603588434,74
2,6,0.945947634274624,0.694296321541799,74
4,6,0.921141767946913,0.720915211871199,74
3,6,0.915943013105537,0.90497876636604,74
5,6,0.920980023980786,0.407947138424905,74
1,7,0.955132431816565,0.891768475757285,74
2,7,0.951691730227785,0.54069322241539,74
4,7,0.918673767276079,0.69528722287874,74
3,7,0.921508463979669,0.581721194111386,74
5,7,0.921441465790346,0.702990339028834,74
1,8,0.955205039654723,0.847263114227492,74
2,8,0.954703232645935,0.445044891278565,74
4,8,0.919544104824149,0.615346110863631,74
3,8,0.913042735018091,0.595104981474135,74
5,8,0.918569217441268,0.67994552052837,74
1,9,0.95506781205828,0.899284886659866,74
2,9,0.952069416487242,0.76958446415057,74
4,9,0.917391111266408,0.777114886977911,74
3,9,0.918758761588562,0.60325589762772,74
5,9,0.916404376460829,0.887318653196861,74
1,10,0.956180034737285,0.87571880070493,74
2,10,0.949250791333775,0.42911543247295,74
4,10,0.918171774341192,0.728365467348786,74
3,10,0.926160415632793,0.25833048599,74
5,10,0.918283912028466,0.398874180970692,74
1,11,0.95455131379569,0.887426834497607,74
2,11,0.95272420234717,0.633610050121865,74
4,11,0.923580750961099,0.214431756456576,74
3,11,0.920912688331607,0.566918555099386,74
5,11,0.918633530814674,0.65009062289326,74
1,12,0.954992518892598,0.90849185623654,74
2,12,0.947553362873526,0.717736478704324,74
4,12,0.917391806721583,0.594078678885804,74
3,12,0.913744271206894,0.418084805128296,74
5,12,0.916231340909781,0.627441326127677,74
1,13,0.953704761335667,0.904480362635319,74
2,13,0.939133344519281,0.747297178362481,74
4,13,0.925810576578838,0.332874666269642,74
3,13,0.912735574142831,0.77523527368812,74
5,13,0.920178355024915,0.696996656315704,74
1,14,0.955530522406803,0.823434521842661,74
2,14,0.952539075115628,0.705500593705895,74
4,14,0.925892706950626,0.750988182229865,74
3,14,0.909991225456196,0.603644161979138,74
5,14,0.915730920079617,0.532466730009108,74
1,15,0.955379555996125,0.855126063576008,74
2,15,0.954332963518513,0.474668294251079,74
4,15,0.916556032346359,0.168405216016529,74
3,15,0.924534301841138,0.656307707569752,74
5,15,0.923915436088005,0.327235469324607,74
1,1,0.928084773675534,0.847103763367543,75
4,1,0.873135030557009,0.0549227652639307,75
2,1,0.881940965534077,0.605884967742873,75
3,1,0.847423585496601,0.676416628038495,75
5,1,0.884273459284039,0.552459019798781,75
1,2,0.924190111477077,0.932514744110277,75
4,2,0.843660341258666,0.71751437251998,75
2,2,0.906960738696781,0.617588360573257,75
3,2,0.866798442792695,0.759266847662407,75
5,2,0.868643642789544,0.48094830114153,75
1,3,0.928932652205064,0.756824265826369,75
4,3,0.853015802192007,0.476391543825049,75
2,3,0.89649518543949,0.693234960854103,75
3,3,0.860695733612713,0.0152612520855679,75
5,3,0.888060443437815,0.418734718187259,75
1,4,0.933311994744531,0.68511700522632,75
4,4,0.86408653422639,0.0964967862870841,75
2,4,0.902893026228146,0.790876815547994,75
3,4,0.86972513322718,0.503541564172152,75
5,4,0.871716200309866,0.506898158732551,75
1,5,0.926327759859406,0.950421041157682,75
4,5,0.874917850845741,0.457067599124907,75
2,5,0.885148477078427,0.767765120850002,75
3,5,0.86131063462977,-0.122250636063058,75
5,5,0.886717749658797,0.434957263838919,75
1,6,0.927175810304868,0.804949084850202,75
4,6,0.895221112426572,0.418380861586857,75
2,6,0.853026502735031,0.758572775413229,75
3,6,0.856045706940608,0.53818375492554,75
5,6,0.892502927559866,0.056113141987422,75
1,7,0.9243309749297,0.934878599885776,75
4,7,0.855676998362336,0.707465086465728,75
2,7,0.898540418649604,0.708437259936592,75
3,7,0.859343977370453,0.621810774891942,75
5,7,0.877774997615791,0.139518492271267,75
1,8,0.929162825738275,0.759749801218587,75
4,8,0.853273077284145,0.75466185901289,75
2,8,0.902502992802838,0.693431558313037,75
3,8,0.881974030384121,0.526255066380017,75
5,8,0.870051396542324,0.0460027068792647,75
1,9,0.936380875583748,0.359600804260156,75
4,9,0.851937002536809,0.679521165862107,75
2,9,0.901146903881662,0.834230394379736,75
3,9,0.864396709727911,0.587156038144843,75
5,9,0.879437995986633,0.581782429461978,75
1,10,0.924053019364901,0.957274856631882,75
4,10,0.849032101370709,0.745502531238436,75
2,10,0.896560925342007,0.806462210606789,75
3,10,0.848664932019293,0.816384750548068,75
5,10,0.883609054336095,0.767795627158968,75
1,11,0.926279710067857,0.863124102978056,75
4,11,0.860406521747957,0.596283375645779,75
2,11,0.895148657052574,0.511381733807918,75
3,11,0.862069875396207,0.836242862218845,75
5,11,0.867500829581723,0.0768156031799241,75
1,12,0.926839983378217,0.888282670207499,75
4,12,0.860770668162551,0.60001970558295,75
2,12,0.903804088714121,0.719857614421769,75
3,12,0.869709522739606,0.719790173329231,75
5,12,0.873031146577858,0.871467025776069,75
1,13,0.925205626549083,0.937844401797236,75
4,13,0.872114001516732,0.367701569053238,75
2,13,0.875119372785767,0.759742987205019,75
3,13,0.866261066626211,0.769016507603965,75
5,13,0.881128861369665,0.545747430800004,75
1,14,0.930439567031284,0.782192986034467,75
4,14,0.876976339874673,0.237832239255579,75
2,14,0.886169144904702,0.565098021265583,75
3,14,0.871028529309201,0.336448588680906,75
5,14,0.884093177707361,0.442119743857111,75
1,15,0.926686622848664,0.856258131941651,75
4,15,0.867605950457901,0.589218423198705,75
2,15,0.881267404571269,0.796201732821448,75
3,15,0.86768852946935,0.624871901284374,75
5,15,0.874289126460318,0.571967663733247,75
1,1,0.958594034971725,0.944139557532921,76
2,1,0.946669144623861,0.561846384698984,76
3,1,0.927780707262549,0.285701033297357,76
4,1,0.90862577797523,0.495122994950933,76
5,1,0.926666052191493,0.57119776719496,76
1,2,0.961337902693273,0.879192795715639,76
2,2,0.949369054417942,0.679857897255976,76
3,2,0.927089691048054,0.535734659354805,76
4,2,0.920561665774567,0.51596999310772,76
5,2,0.919237904889959,0.577622481745528,76
1,3,0.961513555877427,0.850999352684238,76
2,3,0.951868152624085,0.696638520240992,76
3,3,0.931304049405349,0.57969873244314,76
4,3,0.926180720094673,0.293062153204078,76
5,3,0.918595231340049,0.465460055604109,76
1,4,0.961996783882624,0.548913499197587,76
2,4,0.9479799903567,0.266098313348718,76
3,4,0.923536304901775,0.777643468750355,76
4,4,0.911957070243204,0.757275653329099,76
5,4,0.92531885937502,0.239696370373938,76
1,5,0.959146787699133,0.903271169410151,76
2,5,0.949463585342501,0.870907972679823,76
3,5,0.933174424619926,0.622156326397164,76
4,5,0.91448309601395,0.703658898658573,76
5,5,0.925038981661174,0.40844927555241,76
1,6,0.960485369544063,0.872531135262239,76
2,6,0.95074606587411,0.754884632690809,76
3,6,0.931132227090349,0.564547355964627,76
4,6,0.918665884925995,0.505184351839483,76
5,6,0.921672634436262,0.782908533874234,76
1,7,0.959873820129786,0.876902342164063,76
2,7,0.949522935222693,0.844008208432896,76
3,7,0.926396248886747,0.60237166779251,76
4,7,0.91593555725841,0.802377595471078,76
5,7,0.920138671486443,0.377731464711024,76
1,8,0.959868719481441,0.912512011265006,76
2,8,0.948084904024943,0.632372374025225,76
3,8,0.925922563946086,0.758930499856184,76
4,8,0.915914420855375,-0.0347882558385782,76
5,8,0.925995803270601,0.739583515265038,76
1,9,0.95934691248577,0.953425860621143,76
2,9,0.950829220070679,0.402676030842163,76
3,9,0.929665422225459,0.832794430825256,76
4,9,0.923605074441181,0.591239097216954,76
5,9,0.92645215583651,0.133572882382419,76
1,10,0.961672792204639,0.725528558476578,76
2,10,0.946872932513621,0.742637188143303,76
3,10,0.925899731494306,0.568820591412832,76
4,10,0.915833058342875,0.210721569425619,76
5,10,0.923510767374822,0.777771308070649,76
1,11,0.958127242822145,0.92166972971233,76
2,11,0.94780231668945,0.790009980227106,76
3,11,0.926257102888291,0.578863255482077,76
4,11,0.917003820031309,0.852801200631545,76
5,11,0.919146586056249,0.0993925566930799,76
1,12,0.959511405328645,0.923323132020015,76
2,12,0.948307075167355,0.659333545110123,76
3,12,0.922264280936629,0.843362713932049,76
4,12,0.911676717704711,0.57580623481939,76
5,12,0.926811156627888,0.522817901829837,76
1,13,0.963362210558776,0.660657731046439,76
2,13,0.948358972376366,0.779292507735367,76
3,13,0.92310573087896,0.493434006260987,76
4,13,0.923539282458731,0.496371618890683,76
5,13,0.929923430456951,0.343818495435889,76
1,14,0.958965680134249,0.867281106333873,76
2,14,0.950938606730373,0.56479304197356,76
3,14,0.930830319531382,0.590630221973049,76
4,14,0.915581736095816,0.676005894967643,76
5,14,0.91754728055072,0.317288459621381,76
1,15,0.959192822199601,0.939919677772523,76
2,15,0.950300366482729,0.749622235517858,76
3,15,0.926276441485094,0.745054899794197,76
4,15,0.910711866510618,0.548536570846023,76
5,15,0.924326057303466,0.574457008479484,76
1,1,0.930312237019421,0.858997767293677,77
2,1,0.90192484969932,0.867191145543091,77
3,1,0.845174285445925,0.477511293896525,77
4,1,0.835895093682018,0.577531170258637,77
5,1,0.861576738435766,0.5396603334485,77
1,2,0.928072743992616,0.914724844221732,77
2,2,0.909383386581829,0.696356944937028,77
3,2,0.829507660322292,0.746695729352453,77
4,2,0.842459498597161,0.634579751144117,77
5,2,0.859336587504673,0.858671350063612,77
1,3,0.932860380586003,0.782810618956667,77
2,3,0.890279091439292,0.729466239023856,77
3,3,0.843596550909477,0.712970899018021,77
4,3,0.847029063087492,0.624370479653926,77
5,3,0.842107828117104,0.472668140211398,77
1,4,0.924359268672549,0.928306967748031,77
2,4,0.903842679225895,0.539118787658344,77
3,4,0.837065430556395,0.63267228232113,77
4,4,0.832923208878832,0.805807329487252,77
5,4,0.846384568762686,0.528309063180543,77
1,5,0.929961395450227,0.846620884241169,77
2,5,0.901155179616788,0.759189101010719,77
3,5,0.839506564171294,0.623392570079244,77
4,5,0.85299690190869,0.743753126435902,77
5,5,0.842636287194826,0.640390197053293,77
1,6,0.931562182774136,0.797931556897272,77
2,6,0.883965646380369,0.42897536053683,77
3,6,0.868136001238558,0.576322333121092,77
4,6,0.850009718320894,0.434216476921597,77
5,6,0.833833529156321,0.489487142279973,77
1,7,0.927510461627025,0.862074768470764,77
2,7,0.886065478384778,0.651740528333796,77
3,7,0.848652690477307,0.799468153681792,77
4,7,0.837792709889631,0.417384379981909,77
5,7,0.855835151521211,0.492498067479571,77
1,8,0.929571416374168,0.86810368470588,77
2,8,0.906843250422344,0.71495337148816,77
3,8,0.831716557430433,0.516068219024884,77
4,8,0.839802991566011,0.811268602585398,77
5,8,0.847724365976207,0.706872842416384,77
1,9,0.927606553501716,0.869343954957529,77
2,9,0.90390364255749,0.646438111340039,77
3,9,0.838741166036119,0.56451788467552,77
4,9,0.846145154339834,0.285043816605303,77
5,9,0.841591836718942,0.246268751222625,77
1,10,0.928248994013704,0.839218569465572,77
2,10,0.902923483949232,0.648014600108788,77
3,10,0.850368429724604,0.814708867201372,77
4,10,0.837017814199915,0.64261921974738,77
5,10,0.842597731867659,0.627913589768319,77
1,11,0.924681237274412,0.935797240248253,77
2,11,0.895260688686487,0.13505033832873,77
3,11,0.847697906263446,0.6956807524481,77
4,11,0.837511878608373,0.590348777080333,77
5,11,0.842137387500644,-0.182754696768899,77
1,12,0.930008093773765,0.743784103952343,77
2,12,0.892342391581141,0.656737268719076,77
3,12,0.851523419990745,0.543972348281232,77
4,12,0.850290999114274,0.440614574099955,77
5,12,0.846406983444044,0.530424504928066,77
1,13,0.92946959247252,0.825273069237224,77
2,13,0.898272143800202,0.67474745562575,77
3,13,0.855837578200806,0.240045801494468,77
4,13,0.842061751858556,0.461650064252973,77
5,13,0.854777686489131,-0.181486942068465,77
1,14,0.92658856098515,0.919824033948943,77
2,14,0.90307598155384,0.727892587422584,77
3,14,0.84276670809551,0.590762375105675,77
4,14,0.842922893634228,0.494162607521627,77
5,14,0.843320131827778,0.578013211757341,77
1,15,0.926102015816964,0.919665342292195,77
2,15,0.900553575835086,0.629180768504306,77
3,15,0.838106238210053,0.192502933975337,77
4,15,0.847685687020268,0.581363476254105,77
5,15,0.840084492646829,0.387289942254926,77
1,1,0.922254546470389,0.951404106118364,78
4,1,0.911153610478213,0.719396962605385,78
2,1,0.848769697017537,0.711960036589554,78
3,1,0.8558423435265,0.750726537729451,78
5,1,0.88104608862657,0.762458758711662,78
1,2,0.925576971089248,0.921904834295024,78
4,2,0.913138187061063,0.468324735869856,78
2,2,0.843254253619006,0.76689066913456,78
3,2,0.853072931299769,0.562491845220819,78
5,2,0.881836101514926,0.412434574851442,78
1,3,0.929566774155068,0.694902999228436,78
4,3,0.91094181810016,0.525869393503202,78
2,3,0.852527212987931,0.752300381095528,78
3,3,0.86598630083782,0.727433095117163,78
5,3,0.872203774660735,0.70700177039127,78
1,4,0.925034220135426,0.868112271751294,78
4,4,0.862239450559798,0.558220113890032,78
2,4,0.89560955256708,0.923824510285763,78
3,4,0.856819526392054,0.682212137657324,78
5,4,0.884143240471191,0.603163569589743,78
1,5,0.925940631324664,0.815708255877232,78
4,5,0.891156809474978,0.52247766752797,78
2,5,0.876526980566579,0.337863080071318,78
3,5,0.848225082212841,0.408102154537258,78
5,5,0.88266314534876,0.348728798132939,78
1,6,0.924576823974801,0.911079516276989,78
4,6,0.911485181185561,0.839359255105871,78
2,6,0.848431739057809,0.680326249688967,78
3,6,0.859302903338513,0.633490788819435,78
5,6,0.874406222307108,0.659529493868546,78
1,7,0.933101268570333,0.514727727383347,78
4,7,0.886582936803821,0.673262307571024,78
2,7,0.872456262176355,0.519927546690868,78
3,7,0.858133491623892,0.827923640952112,78
5,7,0.86812983342523,0.750827894644238,78
1,8,0.924224823224268,0.906454905024859,78
4,8,0.915431354814806,0.378246758456536,78
2,8,0.845064382116783,0.766162791299615,78
3,8,0.859187123390813,0.280496959652042,78
5,8,0.884020866105811,0.509253500656108,78
1,9,0.922600682033287,0.924471871478943,78
4,9,0.909562945948465,0.268012035189971,78
2,9,0.842584468622112,0.840130968227165,78
3,9,0.859089300055267,0.700112957472066,78
5,9,0.881792710850572,0.535686697932273,78
1,10,0.922492869143585,0.937695435550279,78
4,10,0.915274499229722,0.598511167301138,78
2,10,0.844586742783108,0.656957834554249,78
3,10,0.856346584361821,0.40459944755234,78
5,10,0.874315783730876,0.328748776525476,78
1,11,0.924572703644896,0.88135897678737,78
4,11,0.898254594669871,0.637029711662323,78
2,11,0.859745701220532,0.801601097965112,78
3,11,0.855130125410449,0.571653615107787,78
5,11,0.886420550139923,0.437849162383114,78
1,12,0.924768315355866,0.910352577116404,78
4,12,0.901833442201793,0.40590034628364,78
2,12,0.856380821750351,0.409538457734215,78
3,12,0.852211103342398,0.322878921298999,78
5,12,0.892155459872325,0.20869461680082,78
1,13,0.922863794026052,0.938531673660916,78
4,13,0.907763750134321,0.775890375810429,78
2,13,0.84315595803205,0.662321320290615,78
3,13,0.860636976628665,0.61252661837402,78
5,13,0.871175508187401,0.513998512007137,78
1,14,0.9278727038545,0.819225001711654,78
4,14,0.89658834392338,0.663274777149598,78
2,14,0.859882369486938,0.456706260019673,78
3,14,0.857972870645599,0.572376667024502,78
5,14,0.887028286025229,0.74273313392527,78
1,15,0.926403588625074,0.793310688618085,78
4,15,0.898510700781414,0.499461277481981,78
2,15,0.861087944418398,0.709899607824325,78
3,15,0.862329911650359,0.558950372717735,78
5,15,0.882887305688664,0.755035009899505,78
1,1,0.925398554423286,0.886823840727945,79
4,1,0.854539245835046,0.418172484764688,79
2,1,0.905000794634322,0.833442486850547,79
3,1,0.86191789895988,0.628218585795111,79
5,1,0.861357295344467,0.673737727441805,79
1,2,0.926894653699565,0.87210337669879,79
4,2,0.855635181000066,0.518388085596706,79
2,2,0.90815328873436,0.828135318425304,79
3,2,0.869125169096185,0.493869800486387,79
5,2,0.859680796338164,0.465911959131922,79
1,3,0.930723341919427,0.801933081610689,79
4,3,0.890762684636383,0.658739137303155,79
2,3,0.86763795350963,0.665336462608238,79
3,3,0.875528591570448,0.649537937612756,79
5,3,0.858271157468862,0.351982663267674,79
1,4,0.926534033282834,0.931555855246673,79
4,4,0.912732672246287,0.391364432146473,79
2,4,0.842260097216224,0.602404534467805,79
3,4,0.871935045608355,0.575104685980781,79
5,4,0.866518085957947,0.634102682703903,79
1,5,0.927994716546566,0.884397101262573,79
4,5,0.866324297169512,0.722656539097093,79
2,5,0.8858624055001,0.808430840435896,79
3,5,0.860290394450582,0.543956985761941,79
5,5,0.863736466468848,0.428084215819237,79
1,6,0.926055188450477,0.893940295910163,79
4,6,0.86459195698224,0.529581592819609,79
2,6,0.88631144651042,0.710136603152622,79
3,6,0.863348284515486,0.807188375835222,79
5,6,0.86019332234442,0.505275302268608,79
1,7,0.927942802831743,0.891122991885819,79
4,7,0.883019923886152,0.607352775777046,79
2,7,0.86266858436352,0.679722147169502,79
3,7,0.863454044663356,0.629266701749188,79
5,7,0.877920957327235,0.362229613727159,79
1,8,0.930586164370566,0.723393961369079,79
4,8,0.899856749269714,0.632575429379332,79
2,8,0.85192235662577,0.788844437189578,79
3,8,0.867343381270271,0.495753329544395,79
5,8,0.867901882320725,0.181667186460429,79
1,9,0.927932929653788,0.868191393634855,79
4,9,0.874873628808969,0.591504241041414,79
2,9,0.881835211972561,0.792557215236342,79
3,9,0.857406932286661,0.779995834665471,79
5,9,0.859400355208484,0.0180905731299511,79
1,10,0.92532455881775,0.925300128732684,79
4,10,0.885491471480361,0.524843652075186,79
2,10,0.860264567201773,0.751958958499723,79
3,10,0.873252383862046,0.683637998878315,79
5,10,0.873405047838476,0.48314830861325,79
1,11,0.930780453435641,0.824073991079608,79
4,11,0.90619915474555,0.499712063273569,79
2,11,0.851626759491021,0.782631863788671,79
3,11,0.8699059666108,0.752182034085579,79
5,11,0.857602010187624,0.649781813126481,79
1,12,0.926121713314501,0.920705521235556,79
4,12,0.881567690397677,0.432453375614088,79
2,12,0.876825870541885,0.688150607894466,79
3,12,0.874480578283855,0.730685252993835,79
5,12,0.85464854351648,0.573553032043571,79
1,13,0.923231043856709,0.948297101856342,79
4,13,0.846651164485188,0.577543960909515,79
2,13,0.90993274347833,0.744245474051952,79
3,13,0.862596300976725,0.730546409004201,79
5,13,0.860651877704043,0.642065177681145,79
1,14,0.925777727456531,0.918387761768291,79
4,14,0.878836799339434,0.16653224566451,79
2,14,0.874018777059352,0.267823714011504,79
3,14,0.874259309030743,0.590651290318152,79
5,14,0.86434662690557,0.0399745340082781,79
1,15,0.937878244068663,0.554267174174597,79
4,15,0.860655798842158,0.405303173657075,79
2,15,0.894541377413484,0.802532775478298,79
3,15,0.877987407674164,0.107359532794568,79
5,15,0.858124511484257,0.611152491538535,79
1,1,0.927603295396078,0.836280209804146,80
4,1,0.883431691667237,0.470500184562022,80
3,1,0.872343289380923,0.647192434129123,80
5,1,0.866526962654207,0.294878594469859,80
2,1,0.871342290562147,0.851134202012737,80
1,2,0.922959679872436,0.961242849499393,80
4,2,0.894895228100708,0.730479998038219,80
3,2,0.858882645711358,0.626526614477543,80
5,2,0.838767103387623,0.354898281873052,80
2,2,0.875616147397077,0.588759947771234,80
1,3,0.930509642834215,0.829274958104885,80
4,3,0.900836050304673,0.130341241379207,80
3,3,0.856008302807137,0.720231580592677,80
5,3,0.842957722365573,0.325082466083992,80
2,3,0.875243116747472,0.592609088185158,80
1,4,0.927148175329785,0.908064317730473,80
4,4,0.906025982004691,0.462303489517439,80
3,4,0.859844044150299,0.634520198882072,80
5,4,0.874583602642047,0.278926569335735,80
2,4,0.835490586307108,0.714102804682805,80
1,5,0.929395915383046,0.807104009640272,80
4,5,0.915210905434817,0.61734776478568,80
3,5,0.851168372147096,0.853008173968303,80
5,5,0.843285937179815,0.618146793232577,80
2,5,0.874678979914037,0.717870690245267,80
1,6,0.927845539444311,0.872107281655062,80
4,6,0.906692417367807,0.427455735671905,80
3,6,0.852537753577175,0.432878505571243,80
5,6,0.870166677143384,0.14092645038297,80
2,6,0.861336897487291,0.717407552571782,80
1,7,0.929337812942606,0.80247934040303,80
4,7,0.87604906511896,0.452999331631927,80
3,7,0.879647789967408,0.818564168525582,80
5,7,0.84990526447,-0.0845216582936872,80
2,7,0.869711581738704,0.45476611101638,80
1,8,0.925117700158219,0.961460201362069,80
4,8,0.905334782413245,0.543453368303516,80
3,8,0.850171077120744,0.60870115114378,80
5,8,0.855817265333365,0.686424571145419,80
2,8,0.86604598185869,0.641319896156281,80
1,9,0.929165929589542,0.79182820918068,80
4,9,0.899072599134148,0.726581470277095,80
3,9,0.857800321956838,0.305137024402286,80
5,9,0.841722167890453,0.390782888805223,80
2,9,0.877333592384943,0.754899130151613,80
1,10,0.935989555897686,0.605707943979871,80
4,10,0.895455537057023,0.633110776947102,80
3,10,0.864874135977372,0.68917045547771,80
5,10,0.862449537420629,0.472363539373323,80
2,10,0.852913954910151,0.687902651408693,80
1,11,0.926108945575744,0.928035876912491,80
4,11,0.906087502332568,0.721512693299222,80
3,11,0.85645008318077,0.35252253160695,80
5,11,0.857064882419774,0.445913932399083,80
2,11,0.861048132854858,0.759836708188212,80
1,12,0.924209267298416,0.93905990874019,80
4,12,0.892984846736182,0.602577697090195,80
3,12,0.867909286671222,0.650771122417394,80
5,12,0.859065945739314,0.163087072884301,80
2,12,0.856367023196637,0.852507883139534,80
1,13,0.927916440683531,0.864734544801302,80
4,13,0.906337395739689,0.527857462840388,80
3,13,0.857186809156323,0.645590186783712,80
5,13,0.861014406905514,0.206567852072074,80
2,13,0.855865814816302,0.611244196349093,80
1,14,0.928861007158122,0.791914537863485,80
4,14,0.903720521416247,0.761949723835097,80
3,14,0.859051081063166,0.674721797165343,80
5,14,0.847006029550803,0.616467153171857,80
2,14,0.865646114102477,0.523158893246634,80
1,15,0.925192488568651,0.941987775294851,80
4,15,0.895204245373161,0.608627691484663,80
3,15,0.852808306668027,0.843130753327579,80
5,15,0.873306878354162,0.459547398983319,80
2,15,0.845522143882352,0.83798069074107,80
1,1,0.926635920972942,0.898146378044205,81
3,1,0.85610301122478,0.557805913982898,81
2,1,0.897438832025122,0.547872518311191,81
4,1,0.862846954247189,0.628632319632335,81
5,1,0.853856879058648,0.785468395525147,81
1,2,0.926905392547981,0.933003146981369,81
3,2,0.857388858591458,0.657271149268152,81
2,2,0.897332104066792,0.591045258061194,81
4,2,0.869080109230473,0.207123043306932,81
5,2,0.857200244559095,0.642340294542837,81
1,3,0.926363188623569,0.920694114857207,81
3,3,0.876228446690055,0.557605115702876,81
2,3,0.893686457734768,0.617922665654194,81
4,3,0.845945468369052,0.431838277072801,81
5,3,0.87396808357992,0.318044559635885,81
1,4,0.932208518948865,0.732637629530461,81
3,4,0.88417484760995,0.423351386834283,81
2,4,0.872018698773851,0.648923213976693,81
4,4,0.85775824000448,0.608989381709969,81
5,4,0.87386057426595,0.149355722071613,81
1,5,0.92449019285064,0.948280487276795,81
3,5,0.876611507360622,0.0370474587581351,81
2,5,0.876408264758367,0.634162700719148,81
4,5,0.843003961182158,0.770124105502753,81
5,5,0.871762825487093,0.450653703286102,81
1,6,0.93070338012164,0.750746349857423,81
3,6,0.866269740340903,0.660124121580585,81
2,6,0.890366469292543,0.826850431185027,81
4,6,0.847837035715241,0.60342123871867,81
5,6,0.868947631237349,0.103206973497722,81
1,7,0.927820867308912,0.88658493941532,81
3,7,0.860542859810208,0.411378475064061,81
2,7,0.899062028434592,0.874825452730945,81
4,7,0.852253002907207,0.666329188576336,81
5,7,0.856472228833029,0.581396193529489,81
1,8,0.927050627775124,0.845644210963232,81
3,8,0.869256197503789,0.683485931571743,81
2,8,0.890184230588587,0.642560117448985,81
4,8,0.839099737250642,0.666523547534792,81
5,8,0.879968023812848,0.495829367580535,81
1,9,0.925500508406621,0.906928801858744,81
3,9,0.856151677360287,0.649233806744202,81
2,9,0.890218606959696,0.745923320529204,81
4,9,0.851752263775889,0.876838265999518,81
5,9,0.854764395332835,0.552995648825246,81
1,10,0.937853790551656,0.490862234308924,81
3,10,0.881456970038365,0.500339335511066,81
2,10,0.873837286485888,0.886751278331886,81
4,10,0.84061091719375,0.436202306994807,81
5,10,0.888950610226276,0.600432300216696,81
1,11,0.925745652413231,0.925522968952529,81
3,11,0.869158501657753,0.778136142622617,81
2,11,0.877704961093791,0.676890523332556,81
4,11,0.849210498663067,0.714495041919704,81
5,11,0.86589784696644,0.49005108878489,81
1,12,0.928564774378444,0.880867534170881,81
3,12,0.856962543768556,0.692761420870856,81
2,12,0.897437992654374,0.352440950905306,81
4,12,0.84990188291101,0.320397346388544,81
5,12,0.877364290430346,0.502833026302709,81
1,13,0.927212079717478,0.890181055828761,81
3,13,0.861137753216394,0.6970436884963,81
2,13,0.88894658298786,0.574839883528076,81
4,13,0.862082750093831,0.634050833377998,81
5,13,0.860399563948421,0.642422449982955,81
1,14,0.92278195961224,0.955000231494622,81
3,14,0.871189436526748,0.716729223946961,81
2,14,0.883799739350797,0.659147797833382,81
4,14,0.856966516752768,0.162077698212486,81
5,14,0.877089964012593,0.545326124705766,81
1,15,0.926366499212227,0.895199945567029,81
3,15,0.872996248404307,0.429665903879495,81
2,15,0.880114663081917,0.782378448172031,81
4,15,0.843359196029528,0.301793057834772,81
5,15,0.879890655843435,0.585833368219714,81
1,1,0.929730733012988,0.835364964184282,82
2,1,0.899661437341017,0.650116224861673,82
3,1,0.853583206220865,0.369577660034685,82
5,1,0.842916134736489,0.81340135618782,82
4,1,0.866265197870311,0.556637263623896,82
1,2,0.931230641640343,0.824125596796582,82
2,2,0.91163917387861,0.657357864560834,82
3,2,0.838484685302387,0.268703231409986,82
5,2,0.862847582501669,0.361799263523336,82
4,2,0.88508530579402,0.503235030942335,82
1,3,0.925020739128921,0.928388314270513,82
2,3,0.901630346113487,0.73349817793517,82
3,3,0.851312337196038,0.814960591444638,82
5,3,0.837573015949283,0.504843259424202,82
4,3,0.882338504151194,0.739625871194727,82
1,4,0.926717335210692,0.911890852786202,82
2,4,0.900524568934492,0.737376971769829,82
3,4,0.867533608483578,0.378004002845148,82
5,4,0.840488325858183,0.381514015208279,82
4,4,0.864793315760636,0.582140460927577,82
1,5,0.928168839502812,0.863253195879766,82
2,5,0.897112681024138,0.844829930147461,82
3,5,0.854816230131778,0.724013619300536,82
5,5,0.851700729707279,0.366840237721146,82
4,5,0.863500205451237,0.807961556736002,82
1,6,0.927781746792872,0.869759828825586,82
2,6,0.909138287424858,0.787061144193201,82
3,6,0.845617366601447,0.557381955229917,82
5,6,0.846310467682731,0.271240962346214,82
4,6,0.872778745004141,0.315173188109917,82
1,7,0.929068858671659,0.863482379899777,82
2,7,0.906801576895759,0.790185161274462,82
3,7,0.852896403294388,0.607108577926094,82
5,7,0.840154786711134,0.53415986536722,82
4,7,0.883593836396575,0.633128972624347,82
1,8,0.929203630940425,0.81770101868715,82
2,8,0.912496968528228,0.591073041201699,82
3,8,0.843921736591725,0.52790141932647,82
5,8,0.841581853062626,0.656933134938473,82
4,8,0.884713404793175,0.590735576127085,82
1,9,0.932046533852825,0.730102004214715,82
2,9,0.903900329203854,0.625530772452561,82
3,9,0.84080741967506,0.698513502816305,82
5,9,0.848543269328502,0.407439293079356,82
4,9,0.886397528678039,0.534187784142899,82
1,10,0.926577609178424,0.937540340276133,82
2,10,0.904494003979429,0.732301330711731,82
3,10,0.847742755179538,0.727532850171925,82
5,10,0.835613537996556,0.793243112359749,82
4,10,0.875715578161642,0.594513191719446,82
1,11,0.927052158040549,0.930847193555153,82
2,11,0.90860037190126,0.844016216502642,82
3,11,0.845731801625255,0.617357217938993,82
5,11,0.835144795207094,0.371336552655841,82
4,11,0.868036586633632,0.699495626554989,82
1,12,0.932799977747757,0.762113220958234,82
2,12,0.905611656418415,0.599032597400058,82
3,12,0.846860725033217,0.460076566875488,82
5,12,0.853601754513182,0.583287416994079,82
4,12,0.859600361721602,0.0411172715594763,82
1,13,0.925838018158289,0.930942671840923,82
2,13,0.904631487429274,0.659045721805028,82
3,13,0.846494353793163,0.770872247444264,82
5,13,0.83935409938313,0.456560306623978,82
4,13,0.877127309302386,0.640298437817585,82
1,14,0.92969488214382,0.875570938821757,82
2,14,0.90976599462449,0.369880961469915,82
3,14,0.845167167409589,0.650197314527275,82
5,14,0.839778049296332,0.448847958916392,82
4,14,0.875080166595418,0.3001277811517,82
1,15,0.926880006539873,0.88940195229926,82
2,15,0.903969643511753,0.603528811274234,82
3,15,0.850382725859166,0.625576102314166,82
5,15,0.852201542400803,0.767065682658176,82
4,15,0.863339457614214,0.505377495385287,82
1,1,0.925477496807712,0.834534551239687,83
4,1,0.907416697256554,0.28443987187389,83
2,1,0.848870539902461,0.574008763443208,83
5,1,0.836034727884014,0.653546575770416,83
3,1,0.869772855003128,0.438208540519822,83
1,2,0.931563029945918,0.658158120005583,83
4,2,0.851732388159319,0.200809414168542,83
2,2,0.908399852019214,0.603965072011536,83
5,2,0.852098597061105,0.128878259808341,83
3,2,0.885164039035288,0.316544774993408,83
1,3,0.929201444799711,0.729653392966551,83
4,3,0.844224883164521,0.333563934411953,83
2,3,0.900709082693734,0.830397023228167,83
5,3,0.834130138230685,0.449472130728947,83
3,3,0.875667586739107,0.851229919203518,83
1,4,0.92936753354625,0.792299151552726,83
4,4,0.9024956748862,0.678101804790718,83
2,4,0.848578978931993,0.554742960218175,83
5,4,0.827936791404355,-0.226590987539331,83
3,4,0.887003440235455,0.619263716799017,83
1,5,0.926702586199662,0.871569255814979,83
4,5,0.911715966947536,0.453386886348025,83
2,5,0.85096894212888,0.163460248437138,83
5,5,0.881124747837587,0.364135394795804,83
3,5,0.836196536204541,0.752066497855806,83
1,6,0.922470965118619,0.914756235953448,83
4,6,0.888398061732709,0.679638094597104,83
2,6,0.860310583848195,0.753621117663663,83
5,6,0.824356079754503,0.532507058516521,83
3,6,0.887286576861279,0.726926238331545,83
1,7,0.922291122077179,0.957431861427425,83
4,7,0.893013521142323,0.564938769653426,83
2,7,0.860895917413964,0.733853525720943,83
5,7,0.83538747171699,0.548115113474313,83
3,7,0.868387363955021,0.521272599159259,83
1,8,0.923487047472026,0.904778528752896,83
4,8,0.880899863346704,0.614973529084894,83
2,8,0.875563657778272,0.661877154254909,83
5,8,0.865778341803096,0.417106812329181,83
3,8,0.842436576688381,0.48132415398955,83
1,9,0.924003271365896,0.901033334093518,83
4,9,0.906487380568684,0.399099884781657,83
2,9,0.838929988151848,0.888648627418031,83
5,9,0.835374857146906,0.710965947606651,83
3,9,0.872596819902975,0.303644464876904,83
1,10,0.921290866660602,0.942049567096425,83
4,10,0.895144084809562,0.352163870827058,83
2,10,0.850725745712253,0.714636404790449,83
5,10,0.862620273587223,0.826817584142395,83
3,10,0.847552931383551,0.80542021198121,83
1,11,0.92636615312812,0.770153531423124,83
4,11,0.86759989350171,0.728752300004204,83
2,11,0.870244645880977,0.798582565973062,83
5,11,0.884366349831503,0.689616705961344,83
3,11,0.829605575401951,0.784356936610432,83
1,12,0.924405605165108,0.910084220324731,83
4,12,0.900195792722585,0.528838308121682,83
2,12,0.859279358204729,0.393228108872782,83
5,12,0.847054665252859,0.339055000533711,83
3,12,0.868484635280753,0.473652033350342,83
1,13,0.925831380701835,0.889240484250778,83
4,13,0.898848301348195,0.779037990720202,83
2,13,0.851087126532702,0.647163976913185,83
5,13,0.836130678115417,0.347375235602495,83
3,13,0.880473065797082,0.247977688427045,83
1,14,0.928192883317817,0.818131578823595,83
4,14,0.893610753523916,0.467446297978996,83
2,14,0.855972787038355,0.779389201809831,83
5,14,0.846672462683767,0.525523257934713,83
3,14,0.858216107878454,0.486927398244488,83
1,15,0.926409635221478,0.876311033994091,83
4,15,0.901901447299502,0.94115471376961,83
2,15,0.843153857222058,0.821441438020178,83
5,15,0.823544425422558,0.799706088937808,83
3,15,0.884950117573564,0.754449474727001,83
1,1,0.95781228319485,0.830187161168314,84
2,1,0.954847550760166,0.588309564270407,84
4,1,0.922592087550761,0.278510607274831,84
3,1,0.924479027682719,0.686511916803821,84
5,1,0.924343971247738,0.330859547405597,84
1,2,0.959820636426619,0.856332346199805,84
2,2,0.948600444466492,0.691980627721253,84
4,2,0.921769897205733,0.844400588034185,84
3,2,0.933978320829092,0.331479637153594,84
5,2,0.920120646771492,0.560648304519161,84
1,3,0.958018847849487,0.922005601373393,84
2,3,0.952962409900221,0.70268275965716,84
4,3,0.922314827496579,0.702384763326866,84
3,3,0.935300096119166,0.526128613782637,84
5,3,0.913800732476483,0.384052454375231,84
1,4,0.958610300726319,0.840970399596799,84
2,4,0.955437644375394,0.718197640730998,84
4,4,0.925804370032364,0.660613240293819,84
3,4,0.927035923860094,0.663539950515587,84
5,4,0.917918991110654,0.55488982012881,84
1,5,0.955968644405773,0.871251994738688,84
2,5,0.956822199856699,0.516682948820885,84
4,5,0.917227082904988,0.475419971856163,84
3,5,0.937295192673853,0.684721305356577,84
5,5,0.913230092071839,0.22632926011861,84
1,6,0.960373539692095,0.697410770279738,84
2,6,0.951971104410727,0.656564854390122,84
4,6,0.926505188437325,0.466895279373581,84
3,6,0.929752578779072,0.636776630990011,84
5,6,0.928013076656072,0.392120807027135,84
1,7,0.95734933214296,0.878603242520805,84
2,7,0.952861804893203,0.630151643729732,84
4,7,0.919777277286158,0.743173867785093,84
3,7,0.938632179075016,0.422404390854079,84
5,7,0.914923846598976,0.633719011655581,84
1,8,0.960137061598705,0.791970216493547,84
2,8,0.953274943000221,0.768350292362854,84
4,8,0.915699803348699,0.774155715510025,84
3,8,0.93550424988863,0.562650088814869,84
5,8,0.921508743114135,0.558322383684724,84
1,9,0.95558225288923,0.954198962207891,84
2,9,0.94886947016059,0.624091650732116,84
4,9,0.91959010868675,0.536760901648728,84
3,9,0.933439726367563,0.515527936235018,84
5,9,0.910917418525677,0.227272981362362,84
1,10,0.960686048818625,0.615984614257372,84
2,10,0.946564238210728,0.855671837092782,84
4,10,0.922218102504456,0.672467383870076,84
3,10,0.931227225663428,0.758278331702366,84
5,10,0.916262512186482,0.0470825183445273,84
1,11,0.958909038834667,0.800378085690492,84
2,11,0.949737076640808,0.594085767989621,84
4,11,0.921404662088095,0.572490084743933,84
3,11,0.931825024156881,0.740725798593674,84
5,11,0.91679111482941,0.499763043098197,84
1,12,0.955781014990278,0.926371663242015,84
2,12,0.951711098518844,0.524488213270546,84
4,12,0.918454889986247,0.558904359553038,84
3,12,0.91650834872538,0.728432748090874,84
5,12,0.928104731628546,0.459874520403334,84
1,13,0.957533418139797,0.92680424567729,84
2,13,0.95072444245977,0.865413288484274,84
4,13,0.920283844327819,0.385306291099723,84
3,13,0.928592722902028,0.600646923522919,84
5,13,0.92261187390298,0.124189887063477,84
1,14,0.957363554251144,0.8958667059477,84
2,14,0.951437845665116,0.627033857622762,84
4,14,0.927990022253976,0.566329186790257,84
3,14,0.933218224470958,0.596747252076291,84
5,14,0.910918371859211,0.77643353396761,84
1,15,0.955497521107503,0.979492624971878,84
2,15,0.950733165110248,0.472477385799939,84
4,15,0.923335509476047,0.739247564318411,84
3,15,0.931087022389729,0.895533227432755,84
5,15,0.914848748311836,0.492032253353403,84
1,1,0.923944269520511,0.918991903856133,85
3,1,0.904083334069019,0.702275409365109,85
2,1,0.834216397182795,0.830335437108896,85
4,1,0.85049894633826,0.55191347340217,85
5,1,0.866919841036039,0.282201514281386,85
1,2,0.933432743220984,0.536696090258715,85
3,2,0.905771001555761,0.690292532929119,85
2,2,0.839820556216509,0.520730403448229,85
4,2,0.842302756431828,0.612303213687357,85
5,2,0.8667185726004,0.291526880972278,85
1,3,0.926530039294346,0.912300635691884,85
3,3,0.890069185642567,0.739117810667859,85
2,3,0.848405697996086,0.738533308682557,85
4,3,0.844632624232751,0.234123041022559,85
5,3,0.867697036458155,0.462380208200433,85
1,4,0.929205707098278,0.771013195210749,85
3,4,0.881762640810054,0.227609379963927,85
2,4,0.866408282894224,0.487508646968266,85
4,4,0.858476405455418,0.399070790230016,85
5,4,0.873962355100284,0.60954537336313,85
1,5,0.928138773907067,0.847427233539822,85
3,5,0.906871609307121,0.798410389975799,85
2,5,0.845006029212805,0.608717169379638,85
4,5,0.835734305536922,0.48218795160406,85
5,5,0.868185141097195,0.660990631814692,85
1,6,0.922482257880836,0.948048276015297,85
3,6,0.887683092063554,0.802854618156566,85
2,6,0.847078859754267,0.680739234266715,85
4,6,0.841973813670204,0.716995495128377,85
5,6,0.861072485437468,0.406767947928953,85
1,7,0.931895553947785,0.79566737084423,85
3,7,0.904379679765619,0.517336755073342,85
2,7,0.840750300107806,0.702819405818822,85
4,7,0.834315553553893,0.493429493608616,85
5,7,0.873969904226855,0.123535524741878,85
1,8,0.925622017437891,0.89778268867002,85
3,8,0.884747785382161,0.633903513657046,85
2,8,0.856645006362689,0.674507731558232,85
4,8,0.847955126425856,0.80513579217382,85
5,8,0.859547296105478,0.36162568543772,85
1,9,0.925825637858704,0.91934315079696,85
3,9,0.906138460187647,0.648655340292939,85
2,9,0.837999409835903,0.534821532646176,85
4,9,0.842608634042828,0.556048915114902,85
5,9,0.875728672322806,0.522828554788617,85
1,10,0.926109014073929,0.908293522524143,85
3,10,0.895870860417795,0.684531975353125,85
2,10,0.847651175201371,0.641130149256461,85
4,10,0.857757220956308,0.501631390342596,85
5,10,0.860153918217129,0.570848515704466,85
1,11,0.92567141235613,0.918260691939581,85
3,11,0.90972994075296,0.300392101052621,85
2,11,0.835992207712567,0.714369497124026,85
4,11,0.845008008324699,0.763289349480521,85
5,11,0.873507043984663,0.625383900410213,85
1,12,0.924706382342886,0.884298002768471,85
3,12,0.902478159066362,0.105687761593784,85
2,12,0.829431896059577,0.465875951153699,85
4,12,0.850461908333718,0.399949506789535,85
5,12,0.871983723408538,0.44543171830281,85
1,13,0.929170296240213,0.859480154865105,85
3,13,0.906604568336068,0.510341546737602,85
2,13,0.839471969861817,0.799616352520601,85
4,13,0.845416371275605,0.681637990118201,85
5,13,0.855598647697131,0.620302367734594,85
1,14,0.928936158868161,0.858730809242896,85
3,14,0.881875274656189,0.586274518024938,85
2,14,0.855290325883459,0.699673713126505,85
4,14,0.843908402422607,0.474659532893379,85
5,14,0.870701440485525,0.453367745651013,85
1,15,0.930657818334661,0.61688258601575,85
3,15,0.906070218439363,0.681565087004012,85
2,15,0.838151257383231,0.767118107747002,85
4,15,0.841259689474891,0.499730628681552,85
5,15,0.861601852285813,0.510832471494851,85
1,1,0.956810684980042,0.886704482617365,86
2,1,0.953056369241363,0.433052695473305,86
3,1,0.913343911347713,0.824367273127012,86
4,1,0.918330831471041,0.633892653327872,86
5,1,0.927735073917044,0.511484329912812,86
1,2,0.959057742272369,0.712546477974516,86
2,2,0.954315625903884,0.760414326831354,86
3,2,0.91340700762022,0.472735898585085,86
4,2,0.92393785357925,0.636155756680353,86
5,2,0.924280216045905,0.568769449791304,86
1,3,0.956504050844381,0.913801313400394,86
2,3,0.954012346799488,0.719179842042713,86
3,3,0.916904002525062,0.37887430692589,86
4,3,0.922621729422308,0.7211129654066,86
5,3,0.921327464670404,0.108078356804862,86
1,4,0.957741753588346,0.863561857802187,86
2,4,0.952419293914387,0.608018280918801,86
3,4,0.912115785049362,0.338475082254558,86
4,4,0.923851055615155,0.3420545792068,86
5,4,0.925311043423117,0.540955021032364,86
1,5,0.957863369476935,0.931418358546105,86
2,5,0.951990968764481,0.638213247332913,86
3,5,0.913912741720758,0.51473595464896,86
4,5,0.919742092990809,0.722992492629638,86
5,5,0.92362739725464,0.649082150231384,86
1,6,0.959119693581083,0.831641779083213,86
2,6,0.948379765950556,0.804043505781665,86
3,6,0.905911328332132,0.730033591711916,86
4,6,0.920496887893429,0.149586100421568,86
5,6,0.93237544186374,0.477760818259122,86
1,7,0.957321766402489,0.924867941169016,86
2,7,0.95446074253598,0.570201642383633,86
3,7,0.915175523915238,0.794952451502588,86
4,7,0.928810702489585,0.625948769881393,86
5,7,0.917310471739952,0.546968406667038,86
1,8,0.957328042510975,0.863430348599833,86
2,8,0.953824213619319,0.697601719734158,86
3,8,0.913086329015135,0.528549345240198,86
4,8,0.925201299363809,0.517200271987456,86
5,8,0.918527139149433,0.675939614971217,86
1,9,0.961937249982181,0.346840727512019,86
2,9,0.948552517894263,0.602387745939415,86
3,9,0.925019772826464,0.557074989120869,86
4,9,0.92482002582881,0.618753660245124,86
5,9,0.927688093667338,0.108142252364685,86
1,10,0.955451687980423,0.932459308700075,86
2,10,0.95393393309999,0.329836454856014,86
3,10,0.907839927419826,0.658848614069905,86
4,10,0.929828417881734,0.681154249189375,86
5,10,0.922315516771511,0.687831810256016,86
1,11,0.958234250498385,0.862660498354441,86
2,11,0.955516974923379,0.556578625336742,86
3,11,0.909626001099615,0.753873960607039,86
4,11,0.920447703732968,0.916995580374897,86
5,11,0.926998102020482,0.133314963735641,86
1,12,0.959316553571117,0.863750847289492,86
2,12,0.954151306457851,0.452154331252757,86
3,12,0.912561837761609,0.414694073600182,86
4,12,0.931634147056948,0.146426459914265,86
5,12,0.927888744116481,0.39964500859323,86
1,13,0.956641773250124,0.914687475385562,86
2,13,0.950359989816568,0.878867205308164,86
3,13,0.923024232738889,0.565092712346948,86
4,13,0.923686237230788,0.604736647952465,86
5,13,0.917806089504385,0.878801571443245,86
1,14,0.961357101120446,0.777775366171461,86
2,14,0.954190128947037,0.586538345633768,86
3,14,0.914360374988447,0.578090368188853,86
4,14,0.925084996194879,0.599339179528835,86
5,14,0.928951822874422,0.385880013431448,86
1,15,0.95692288661164,0.905378968629612,86
2,15,0.951986925786595,0.852468690899242,86
3,15,0.913325861620915,0.67894440603213,86
4,15,0.915073381685672,0.801590187889577,86
5,15,0.928995544443714,0.406380899750457,86
1,1,0.930203086911965,0.892468622947664,87
3,1,0.874435317524936,0.574355573621908,87
2,1,0.87482735006536,0.825447879076995,87
5,1,0.849371937299237,0.439051765349663,87
4,1,0.883838661892898,0.788566218178003,87
1,2,0.929643282610434,0.911777968580743,87
3,2,0.869523107431461,0.580745763954992,87
2,2,0.869597078850241,0.592849893233512,87
5,2,0.846234109241449,0.600984350965888,87
4,2,0.88676634244526,-0.220360492548017,87
1,3,0.928386288936286,0.93383434494218,87
3,3,0.880297675297622,0.327077011426121,87
2,3,0.873061561775899,0.486787310654167,87
5,3,0.85736323851229,0.668383725154248,87
4,3,0.871605958977562,0.804611042770738,87
1,4,0.930967107640684,0.883975698563557,87
3,4,0.862629344577576,0.210059056601636,87
2,4,0.88744232403616,0.64147874628055,87
5,4,0.841097500410338,0.55095968649388,87
4,4,0.888411002460784,0.46206464459895,87
1,5,0.931208242474076,0.917998465683948,87
3,5,0.880787498923192,0.645803433588337,87
2,5,0.860241591273182,0.747821768411398,87
5,5,0.891852468302726,0.258080216926378,87
4,5,0.837111599394196,0.683738849769561,87
1,6,0.932463807622372,0.865682347201315,87
3,6,0.853383640250215,0.558200001533163,87
2,6,0.900597016348564,0.77571456400258,87
5,6,0.844508767501945,0.0068420908842513,87
4,6,0.890590427860759,0.515071922811058,87
1,7,0.936025477231408,0.667459051237516,87
3,7,0.90385997336079,0.787414090628799,87
2,7,0.836751847361406,0.651027949267811,87
5,7,0.850141132113609,0.429097512286423,87
4,7,0.887631152659936,0.723073861689344,87
1,8,0.932506571276093,0.804294548745513,87
3,8,0.892353609113319,0.84335432538196,87
2,8,0.850757976816698,0.616866730072985,87
5,8,0.86011328716711,-0.126125091949421,87
4,8,0.887540348754837,0.624518044311691,87
1,9,0.928055649476222,0.950914918168698,87
3,9,0.905636699864198,0.71298024537453,87
2,9,0.832624541141304,0.796993343443684,87
5,9,0.847571554554626,0.483973951786473,87
4,9,0.893461821864734,0.684879501552862,87
1,10,0.92952371820476,0.897479225589613,87
3,10,0.891109218751544,0.303152209334572,87
2,10,0.865294677407141,0.641059982423824,87
5,10,0.864449577418845,0.486551726993537,87
4,10,0.85367486843184,0.492199042868658,87
1,11,0.930798331080968,0.866981297357041,87
3,11,0.862597618510007,0.607072640293063,87
2,11,0.884094515168473,0.748081583368642,87
5,11,0.83667324538525,0.648929239467321,87
4,11,0.896787916797889,0.656835837964565,87
1,12,0.931908559197238,0.839852910700135,87
3,12,0.892095504259588,0.458012974768681,87
2,12,0.854145462291243,0.831449140700654,87
5,12,0.861551635740172,0.355527219181143,87
4,12,0.869055876688577,0.514195560561229,87
1,13,0.928298716140284,0.956312912561513,87
3,13,0.893674346173187,0.28928938420841,87
2,13,0.848361700253855,0.432451441985613,87
5,13,0.844770630447926,0.435743246998024,87
4,13,0.897102611967412,0.244900709599212,87
1,14,0.936171362638879,0.472274674244602,87
3,14,0.879766289298167,0.511290987413506,87
2,14,0.884488855000714,0.556415721474947,87
5,14,0.855518442739938,0.335300814096573,87
4,14,0.901878205727591,0.32114481721246,87
1,15,0.930744950922903,0.902448284650933,87
3,15,0.910362230058658,0.672847152332822,87
2,15,0.836966860098054,0.807782059512908,87
5,15,0.845984677553781,0.606112065259847,87
4,15,0.895098164404876,0.744566738920739,87
1,1,0.928023438420612,0.812194680482635,88
5,1,0.900877873977776,0.38265854690851,88
2,1,0.845890182836152,0.876880563043579,88
3,1,0.859735054602081,0.614597803386632,88
4,1,0.877036914120349,0.675746534715528,88
1,2,0.928508660151715,0.762501885263051,88
5,2,0.891523958305546,0.650923199920158,88
2,2,0.858006893724343,0.435671197013719,88
3,2,0.858922415842406,0.121386177488641,88
4,2,0.883727013070187,0.28438347087325,88
1,3,0.930756458138868,0.785430565620736,88
5,3,0.900666666430591,0.369230960881693,88
2,3,0.848215729217156,0.782278012620772,88
3,3,0.847047166806901,0.774934456813909,88
4,3,0.878085490637327,0.459910223629131,88
1,4,0.929726383009567,0.800678676775689,88
5,4,0.862508492600344,0.471734884707953,88
2,4,0.880431309701873,0.854456008724203,88
3,4,0.85746434390352,0.643159636222209,88
4,4,0.871009861906343,0.750597912847112,88
1,5,0.926596442770402,0.881506314919165,88
5,5,0.87470681384936,0.57960408099851,88
2,5,0.87217162143717,0.730143246852522,88
3,5,0.853585782131953,0.421959886065517,88
4,5,0.878725984957104,0.361166418528822,88
1,6,0.936284723194521,0.653509127207719,88
5,6,0.907584608424179,0.41949107615588,88
2,6,0.847108119046258,0.0150977471618828,88
3,6,0.861060850216837,0.147463049074918,88
4,6,0.877264600096811,0.23303985212026,88
1,7,0.929779112438099,0.892761182777023,88
5,7,0.908534686062081,-0.0102893149273621,88
2,7,0.839735763701353,0.601454815734839,88
3,7,0.859475170731506,0.598332707923834,88
4,7,0.875652295315307,-0.0636907793138881,88
1,8,0.925315488313534,0.921327521399853,88
5,8,0.911202155063529,0.623876179317741,88
2,8,0.840053615409926,0.747175322755434,88
3,8,0.852564930214417,0.664645028832913,88
4,8,0.876403636470826,0.550154466141534,88
1,9,0.925097876572401,0.949005585578218,88
5,9,0.889178776865317,0.510830716999833,88
2,9,0.849540364159746,0.875616196201476,88
3,9,0.860634322134565,0.914549721672053,88
4,9,0.875951624032733,0.740564392919971,88
1,10,0.925808770355255,0.91523738512468,88
5,10,0.851437315917719,0.256379726331095,88
2,10,0.894342322369097,0.906671580066987,88
3,10,0.851081584910797,0.644009621039056,88
4,10,0.877247519969193,0.548610212540573,88
1,11,0.929042623409423,0.857861811893596,88
5,11,0.841820222676009,0.194240322599917,88
2,11,0.911084689532334,0.825197550034947,88
3,11,0.859678440702347,0.148263972940174,88
4,11,0.880203421698767,0.379588630268619,88
1,12,0.928977877603826,0.90561770799253,88
5,12,0.886280926290445,0.652220666397967,88
2,12,0.869777622092516,0.614262462654578,88
3,12,0.852913935919154,0.645786790536107,88
4,12,0.886519593290141,0.645871445508832,88
1,13,0.928687344816993,0.889521052681227,88
5,13,0.887903492399222,0.489680334327308,88
2,13,0.864363173004261,0.60313371267347,88
3,13,0.861075715717647,0.391299282448039,88
4,13,0.865501937370527,0.511069159438423,88
1,14,0.924183564818609,0.952251742590082,88
5,14,0.909260415522959,0.344584734610896,88
2,14,0.84483246719966,0.599508429774521,88
3,14,0.857749654284375,0.710295689413558,88
4,14,0.875263895523093,0.431979540798872,88
1,15,0.922699569604596,0.956539699454622,88
5,15,0.905693731317387,0.847475021112111,88
2,15,0.834129871987836,0.621766230711068,88
3,15,0.854376437940021,0.54605815644444,88
4,15,0.872383295170911,0.490043277263971,88
1,1,0.929743353421204,0.802942791404146,89
4,1,0.862454085349954,0.592841781647699,89
2,1,0.882909853959051,0.508390497616721,89
3,1,0.85673599030891,0.583191013084962,89
5,1,0.891445301378332,0.224014674137513,89
1,2,0.930375091878919,0.807950132901612,89
4,2,0.895772008533963,0.395608933512144,89
2,2,0.851780896157562,0.827666826651677,89
3,2,0.850157282613179,0.53208930140787,89
5,2,0.884213802033045,0.283865807344628,89
1,3,0.925774765502118,0.957191177232085,89
4,3,0.847032883087973,0.568900069230452,89
2,3,0.895216485428807,0.81090023787286,89
3,3,0.85433315990254,0.343959693616267,89
5,3,0.88641354112725,0.696083316951609,89
1,4,0.930051883718326,0.859712385669501,89
4,4,0.904275423856631,0.497235373689057,89
2,4,0.842002110850517,0.672579658200467,89
3,4,0.855154557450174,0.695009066749132,89
5,4,0.881290873696346,0.0406038521807746,89
1,5,0.926276060365607,0.924990502324047,89
4,5,0.876945252139416,0.324591708124225,89
2,5,0.868581417882123,0.677957216452788,89
3,5,0.839697401896909,0.569372801761896,89
5,5,0.888906263886122,-0.0509212240242294,89
1,6,0.927824956265957,0.915532237765421,89
4,6,0.844331812998611,0.438730106329769,89
2,6,0.904980177135086,0.92892391825994,89
3,6,0.86539856805831,0.187597803220959,89
5,6,0.871693639075172,0.103634521996398,89
1,7,0.927930783310119,0.847461185618039,89
4,7,0.896036838222554,-0.0489776466182587,89
2,7,0.849397002786457,0.836293840722557,89
3,7,0.859215003703745,0.584947504022477,89
5,7,0.869189118988637,0.791571373035235,89
1,8,0.927818735927449,0.918956886715868,89
4,8,0.875323469431044,0.494700757200931,89
2,8,0.864174036542235,0.67729327412636,89
3,8,0.852249901152637,0.684815885351457,89
5,8,0.888408728365596,0.492915599319988,89
1,9,0.928173057490376,0.872967258828789,89
4,9,0.868351206827576,0.579654780216491,89
2,9,0.884199862706938,0.59961272335512,89
3,9,0.84761230401461,0.77062606229825,89
5,9,0.883384436338132,0.396657757558665,89
1,10,0.930421347875542,0.855865623985077,89
4,10,0.84861539203465,0.651756005747354,89
2,10,0.897324586715486,0.746049297965576,89
3,10,0.857195899512834,0.527095058282285,89
5,10,0.87840643583735,0.82030349380427,89
1,11,0.927581430766588,0.916217088007197,89
4,11,0.888979971590796,0.199133486005648,89
2,11,0.860542165141026,0.487722048334112,89
3,11,0.850790041446474,0.541914575082799,89
5,11,0.868039290719532,0.425002131460565,89
1,12,0.930649113674599,0.845722676964071,89
4,12,0.843622436305764,0.271110907874024,89
2,12,0.904095744351899,0.797965449994441,89
3,12,0.841013685945954,0.349922019504912,89
5,12,0.894830398608486,0.385912935924711,89
1,13,0.928766888323783,0.896489432322077,89
4,13,0.875324476527528,0.747750832057435,89
2,13,0.869915283763653,0.691824032830773,89
3,13,0.849422534715645,0.653500099486628,89
5,13,0.872762625250636,0.648555514272103,89
1,14,0.924866445271001,0.958360487300518,89
4,14,0.903571598222108,0.525181558369379,89
2,14,0.835850010930306,0.866100002618363,89
3,14,0.841364208939276,0.746935359282429,89
5,14,0.882424034281855,0.601852809090751,89
1,15,0.935811667797028,0.436571848110417,89
4,15,0.857811216972806,0.310160715155467,89
2,15,0.878884571029537,0.666458474420757,89
3,15,0.846478235902171,0.641264302056963,89
5,15,0.891783764581423,0.678676385390395,89
1,1,0.959715032012352,0.820274542451723,90
2,1,0.951646008452536,0.81693626999665,90
3,1,0.917049266858836,0.538608637609389,90
5,1,0.911215200973753,0.70760516662126,90
4,1,0.912124539725095,0.467165169697236,90
1,2,0.957598969945309,0.866211655547305,90
2,2,0.95418343369771,0.670000990782093,90
3,2,0.918963988521745,0.746557406954467,90
5,2,0.921395242635137,0.63777570682611,90
4,2,0.907088125965185,0.663007615745943,90
1,3,0.962041204921842,0.741073201012756,90
2,3,0.951776022663034,0.577267366439897,90
3,3,0.912565060451121,0.496858868374124,90
5,3,0.910919411823324,0.35682443746713,90
4,3,0.939375092858292,0.45982792476246,90
1,4,0.958734724875439,0.855426373794494,90
2,4,0.951350849449715,0.604572221611534,90
3,4,0.912801519295556,0.84231499863422,90
5,4,0.925919436378202,0.465920696096498,90
4,4,0.905767720975754,0.499492369933311,90
1,5,0.95770246394908,0.934657805320504,90
2,5,0.950825319723534,0.760862915245571,90
3,5,0.914793771446871,0.720780113533646,90
5,5,0.922054797416003,0.696216036303797,90
4,5,0.915775396737991,0.813016251939584,90
1,6,0.95709986102162,0.931173384326476,90
2,6,0.954223487787317,0.621150300024153,90
3,6,0.915406551662462,0.674252750090704,90
5,6,0.918897536315382,0.709482253349433,90
4,6,0.912256598365934,0.533578016398149,90
1,7,0.961814827256176,0.750842699841426,90
2,7,0.953386300985965,0.639678246495687,90
3,7,0.920737533360312,0.474207836993901,90
5,7,0.912821316135811,0.24718335764105,90
4,7,0.926484784098448,0.393948005541383,90
1,8,0.958456124117435,0.856050797344484,90
2,8,0.950164116981945,0.920812429696261,90
3,8,0.916709422879307,0.500320032110832,90
5,8,0.925655868126839,0.614293059726761,90
4,8,0.904733023422954,0.603869737269302,90
1,9,0.958467099585772,0.869503735078838,90
2,9,0.952573808267148,0.682891687619234,90
3,9,0.917195866359482,0.327740837845327,90
5,9,0.91428615229795,0.183512734936936,90
4,9,0.923363091649648,0.405146211133294,90
1,10,0.958661018998473,0.823757186286354,90
2,10,0.953081445713096,0.605987711654373,90
3,10,0.912254660606259,0.888557472777145,90
5,10,0.906852620325121,0.856615550255231,90
4,10,0.926220928007278,0.54037765880213,90
1,11,0.958303249617014,0.906669409354984,90
2,11,0.951273720807275,0.846056928337774,90
3,11,0.914739594374234,0.465443121254335,90
5,11,0.910453292588099,0.0878884921962771,90
4,11,0.920428820010989,0.314188945892126,90
1,12,0.960002009229967,0.78747574346309,90
2,12,0.953133437041381,0.596129806996261,90
3,12,0.91370577064151,0.538881242495064,90
5,12,0.90911701643868,0.543066001607054,90
4,12,0.924983895339441,0.568941999455003,90
1,13,0.955113040859699,0.985693195428061,90
2,13,0.952974075751872,0.72699970222172,90
3,13,0.917014401314482,0.649193479836461,90
5,13,0.912944368443523,0.674019277033032,90
4,13,0.912442947174305,0.344998933198,90
1,14,0.95645712318989,0.94897281365611,90
2,14,0.952152277505751,0.811505681414241,90
3,14,0.910994526102046,0.785985498149851,90
5,14,0.898770989339138,0.470257181282084,90
4,14,0.932285417566115,0.321188151905209,90
1,15,0.956052662483143,0.936085985509712,90
2,15,0.949857212635289,0.741778891551487,90
3,15,0.912682968323787,0.430207993692595,90
5,15,0.921465913418185,0.437787542988706,90
4,15,0.902712190546829,0.795985873937086,90
1,1,0.926376130547899,0.865361218465604,91
5,1,0.885207347475075,0.129176834236735,91
2,1,0.872870181184722,0.684009149413635,91
3,1,0.859743074301758,0.202595681313009,91
4,1,0.879405059678671,0.68125099642149,91
1,2,0.926663953184258,0.917660367136406,91
5,2,0.899241747378003,0.440554997995823,91
2,2,0.857564971560576,0.673304669262889,91
3,2,0.846120208270298,0.319091872197593,91
4,2,0.89214505469786,-0.130741274515304,91
1,3,0.929261835158342,0.779952569613992,91
5,3,0.894139242213094,0.653516782497717,91
2,3,0.861888459534581,0.665948775113892,91
3,3,0.843003969826013,0.65637942677655,91
4,3,0.878048590286026,0.74529788872286,91
1,4,0.927347770258395,0.916137979674736,91
5,4,0.856961239579943,0.389203421064134,91
2,4,0.90466588689077,0.748237842186276,91
3,4,0.855786903905124,0.810055514433968,91
4,4,0.876391819525984,0.526527283239041,91
1,5,0.926310039562317,0.905700016669314,91
5,5,0.891322637202036,0.869063977716703,91
2,5,0.859279204075729,0.722073658434783,91
3,5,0.857454689850964,0.326583825454223,91
4,5,0.88776150604478,0.509786845607125,91
1,6,0.929526759828986,0.797047372527406,91
5,6,0.90151583788145,0.528804965251231,91
2,6,0.854722039060075,0.685450606597445,91
3,6,0.844887480809952,0.886410188382443,91
4,6,0.887939549277015,0.414512619364132,91
1,7,0.928428178269865,0.862018000036319,91
5,7,0.855147345329645,0.403496113631057,91
2,7,0.900203009009525,0.826370137155136,91
3,7,0.850097338938727,0.398507404668091,91
4,7,0.876749994173002,0.464236926651409,91
1,8,0.92882410214409,0.863642055180981,91
5,8,0.867381166008994,-0.0181624655238586,91
2,8,0.891071521082379,0.822537090859882,91
3,8,0.854160185883829,0.504894959979055,91
4,8,0.88275113719233,0.587501490689617,91
1,9,0.925333513860642,0.891154646209429,91
5,9,0.881131620778308,0.262484241102538,91
2,9,0.879680672502931,0.791797102617415,91
3,9,0.863140217176011,0.514888632456091,91
4,9,0.873148940284442,0.530513685721072,91
1,10,0.937242033693648,0.479864512040995,91
5,10,0.894501441804186,0.523743321287743,91
2,10,0.857748751394786,0.594655453462523,91
3,10,0.866921171181531,0.393030174970588,91
4,10,0.87852161360513,0.594485114567217,91
1,11,0.929271870000667,0.707029955047263,91
5,11,0.875850967850651,0.196895997006786,91
2,11,0.876745262586742,0.538237951576354,91
3,11,0.85093879361532,0.393495178365452,91
4,11,0.891194677869855,0.476654316856257,91
1,12,0.925363091864664,0.939268620952413,91
5,12,0.875585802845699,0.660399316272282,91
2,12,0.872416673500464,0.893295571665811,91
3,12,0.843314812933371,0.78993695713059,91
4,12,0.879058239870107,0.339801114263293,91
1,13,0.925531962769908,0.90447808642543,91
5,13,0.856989761872417,0.629957598938998,91
2,13,0.906021121765277,0.770534797904873,91
3,13,0.850617255649917,0.662104062962814,91
4,13,0.872931774772296,0.800875125039364,91
1,14,0.925746846742603,0.892638762927656,91
5,14,0.896982916036455,0.584809631707603,91
2,14,0.845189621874584,0.740528483497511,91
3,14,0.848988909880645,0.700572039052006,91
4,14,0.892206383907816,0.780316304183898,91
1,15,0.928949823443378,0.859703419416385,91
5,15,0.903855059646563,0.631629883685538,91
2,15,0.852246046149656,0.746973148793667,91
3,15,0.855860242287332,0.488416166658029,91
4,15,0.881939372139616,0.147175724688136,91
1,1,0.958487917418571,0.959209769639144,92
2,1,0.955542734434916,0.75261154450458,92
4,1,0.923937632597372,0.137194355197147,92
3,1,0.924781469946191,0.538067964280026,92
5,1,0.928841645783577,0.464450073998238,92
1,2,0.958665090096819,0.942148305150025,92
2,2,0.95597365124319,0.688386443755559,92
4,2,0.918287308524107,0.79823360024297,92
3,2,0.929410327712549,0.537114003958421,92
5,2,0.921980601360034,0.847529098748004,92
1,3,0.960978859994406,0.851524904000322,92
2,3,0.951999735796912,0.922622353600309,92
4,3,0.92144316207994,0.634830122354327,92
3,3,0.923425196641905,0.734571659608032,92
5,3,0.925054052897777,0.458084731033346,92
1,4,0.960264325229368,0.824338123201429,92
2,4,0.955204085117774,0.681072932972738,92
4,4,0.927212039199425,0.436743147516654,92
3,4,0.926436145838852,0.443006428565048,92
5,4,0.92491188620938,0.570292298640925,92
1,5,0.960514311787354,0.867002880861611,92
2,5,0.950488061964569,0.414873851184597,92
4,5,0.920946560541962,0.301843748200938,92
3,5,0.923078716510363,0.285122341159176,92
5,5,0.934827193196766,0.390637324542719,92
1,6,0.96236875352325,0.798463806075238,92
2,6,0.957335674585038,0.659770232815238,92
4,6,0.92150372397144,0.725630478446347,92
3,6,0.9213909054096,0.711102256043059,92
5,6,0.929544629538095,0.61449230348155,92
1,7,0.959324512364152,0.903795563275418,92
2,7,0.954425412491248,0.639298224436196,92
4,7,0.920234033438683,0.511108303379565,92
3,7,0.924309755600102,0.621664779125637,92
5,7,0.919883374163657,0.50402465329766,92
1,8,0.960381021602336,0.850492757053713,92
2,8,0.956003042850617,0.611036094607822,92
4,8,0.917425649088502,0.761256109440992,92
3,8,0.927437722467409,0.824179872720788,92
5,8,0.928462162208397,0.667439243860083,92
1,9,0.962281166532072,0.820253663593578,92
2,9,0.955487725129848,0.640392820977089,92
4,9,0.919195667973342,0.839258588199054,92
3,9,0.924425688755536,0.744420305198452,92
5,9,0.932068712520516,0.163771948050768,92
1,10,0.958371639071523,0.926941104723918,92
2,10,0.952748755185046,0.404804413997282,92
4,10,0.920507006346918,0.574269451199505,92
3,10,0.924791197069747,0.6212433088125,92
5,10,0.931167034572857,0.654476832131767,92
1,11,0.961171876914865,0.7941763249335,92
2,11,0.95689008146706,0.719259754495841,92
4,11,0.920344069111333,0.469228170487006,92
3,11,0.921281888504253,0.842192582685959,92
5,11,0.926066691991232,0.386959687009116,92
1,12,0.958986724203791,0.924418895733256,92
2,12,0.952608148005207,0.823423674153716,92
4,12,0.920673125948213,0.732009964546922,92
3,12,0.923863612387485,0.627306823592587,92
5,12,0.934744109455197,0.690402110869852,92
1,13,0.961368963445181,0.813161988341092,92
2,13,0.953777988672816,0.418249295551859,92
4,13,0.91967057038711,0.724304481287066,92
3,13,0.928972243173624,0.0224654320812759,92
5,13,0.925959443071646,0.692787958715934,92
1,14,0.96100754574137,0.8766459840584,92
2,14,0.956400550297469,0.366314618859445,92
4,14,0.919660150863055,0.267488322322552,92
3,14,0.931709540148862,0.561526364134105,92
5,14,0.932187086468423,0.451107175378393,92
1,15,0.959821231276966,0.820895012759698,92
2,15,0.954465452417997,0.836437559903768,92
4,15,0.920108457871861,0.540435905590749,92
3,15,0.92302407989608,0.737920334065132,92
5,15,0.92676293720678,0.471609362308633,92
1,1,0.959476640106797,0.847622986971981,93
3,1,0.946929174198811,0.732452013346013,93
2,1,0.920775064521892,0.693738860021004,93
4,1,0.921979045621876,0.553730980597852,93
5,1,0.91706963609524,0.607426388683127,93
1,2,0.957803169279229,0.883606191013179,93
3,2,0.952765384801078,0.215190579837251,93
2,2,0.92147508019238,0.586289771421671,93
4,2,0.92002282434991,0.774736925365642,93
5,2,0.92066868695279,0.296384307234658,93
1,3,0.958088978853308,0.903658331293582,93
3,3,0.952989666739377,0.809046456069592,93
2,3,0.916145737657772,0.639342219618,93
4,3,0.925060281885501,0.33460900805501,93
5,3,0.917915860580291,0.496467183604889,93
1,4,0.958949195035439,0.885782836052654,93
3,4,0.948653340883694,0.830468139668343,93
2,4,0.918277735493331,0.639425558972793,93
4,4,0.929099240658211,0.699664807139511,93
5,4,0.914465573642976,0.706115548787291,93
1,5,0.959656747702722,0.840838982069853,93
3,5,0.946531625058274,0.695168642434109,93
2,5,0.926154115168553,0.543571082956245,93
4,5,0.911859958331023,0.448053047555861,93
5,5,0.933885194906703,0.547513694782803,93
1,6,0.957974665969852,0.917119944854082,93
3,6,0.953706253319296,0.70674619347673,93
2,6,0.916585722793557,0.50052684180686,93
4,6,0.922530141079002,0.441246423051872,93
5,6,0.921481315774374,0.646018584296692,93
1,7,0.960144024770522,0.87398443083088,93
3,7,0.953557674567518,0.643630577374282,93
2,7,0.913095638213492,0.569801679913287,93
4,7,0.922079182090492,0.741057409699481,93
5,7,0.923078796999285,0.791566222886744,93
1,8,0.9593437564004,0.831495499859418,93
3,8,0.953401927112592,0.282831294361448,93
2,8,0.910475356445044,0.901593523660332,93
4,8,0.911172017422585,0.760558413629259,93
5,8,0.930571566683702,0.270039014830738,93
1,9,0.958705109764449,0.933321758305853,93
3,9,0.949585929805624,0.786257011024834,93
2,9,0.919926270478496,0.770023688182435,93
4,9,0.920000390556749,0.324927433161623,93
5,9,0.917304658024292,0.609606076999496,93
1,10,0.961700172113438,0.843610745149524,93
3,10,0.946390739223897,0.768658614884358,93
2,10,0.922021160363822,0.360963264687517,93
4,10,0.920626509139582,0.657246213678687,93
5,10,0.916425112671495,0.734307539831083,93
1,11,0.96095686723274,0.829377043561082,93
3,11,0.932755689094998,0.318666509244334,93
2,11,0.932886079552918,0.698255828891165,93
4,11,0.920782624011352,0.0639018381464767,93
5,11,0.929640765257046,0.552320106509999,93
1,12,0.957345676058361,0.973446746028364,93
3,12,0.952968937850444,0.786829144797234,93
2,12,0.914515601639619,0.65196883012848,93
4,12,0.916780105458887,0.838997570796616,93
5,12,0.920833163019101,0.446937770371021,93
1,13,0.957958961318306,0.92887187562477,93
3,13,0.950394816322234,0.772784183028871,93
2,13,0.916317004966526,0.774653380790397,93
4,13,0.917838897501378,0.681497923570572,93
5,13,0.928129002740647,0.643475052206046,93
1,14,0.959441617009202,0.8385946002306,93
3,14,0.950858944219628,0.81152034711278,93
2,14,0.917556423585835,0.502649726638037,93
4,14,0.916859522497889,0.754474996081748,93
5,14,0.921409121687754,-0.0341081487741932,93
1,15,0.958012263498086,0.918749596945002,93
3,15,0.956352260809377,0.428723640265906,93
2,15,0.907346448223022,0.788773990551586,93
4,15,0.922115881443436,0.544866848443898,93
5,15,0.924860185307335,0.380574439681054,93
1,1,0.93120812092166,0.800741546338038,94
2,1,0.887004310183918,0.703145234772503,94
3,1,0.864502517945117,0.627513837792963,94
4,1,0.852761107130763,0.584451247557478,94
5,1,0.854675419189317,0.613997177874153,94
1,2,0.93092192805293,0.807294046328138,94
2,2,0.894077770461228,0.67836837630571,94
3,2,0.859904331060543,0.39925374798696,94
4,2,0.862158968231614,0.415973733199219,94
5,2,0.871990940240624,0.555124734011447,94
1,3,0.926641192225192,0.937107252939876,94
2,3,0.918423679433023,0.714322329179856,94
3,3,0.833714876651968,0.737053014497926,94
4,3,0.842982707067988,0.593704756735542,94
5,3,0.864454834294157,0.50163076426135,94
1,4,0.928009007675259,0.906865654958085,94
2,4,0.894014044375256,0.668595080568771,94
3,4,0.847578146511682,0.66218779207683,94
4,4,0.834106421315168,0.771532018177322,94
5,4,0.858006652684874,0.5599696735039,94
1,5,0.933051469104534,0.859536944103527,94
2,5,0.91470858006852,0.805120395313541,94
3,5,0.841294834232894,0.364494442458124,94
4,5,0.845732874513524,0.211867301449672,94
5,5,0.874409440823378,0.653799122260634,94
1,6,0.926644738616721,0.949709221011616,94
2,6,0.896791769158665,0.829017618530007,94
3,6,0.850464493209486,0.619181473190319,94
4,6,0.844044604370747,0.603328020195668,94
5,6,0.841193899564482,0.607821190700553,94
1,7,0.930178406100794,0.828608957850249,94
2,7,0.916101092004809,0.665017705339502,94
3,7,0.834607842465253,0.694465886016282,94
4,7,0.835248371410309,0.612772549027484,94
5,7,0.866661398874943,0.268822548735107,94
1,8,0.935603308293099,0.68034584922305,94
2,8,0.887911715911852,0.75712369761187,94
3,8,0.856895439088236,0.647041695043564,94
4,8,0.863031768970775,0.460943484064275,94
5,8,0.841948995622067,0.749805020020129,94
1,9,0.926460436843661,0.940105201954797,94
2,9,0.911908876803022,0.54262888338516,94
3,9,0.840034873658651,0.552017590212079,94
4,9,0.856337045560651,0.839546599248972,94
5,9,0.845683405877423,0.595112619840765,94
1,10,0.925334504611611,0.937528586688909,94
2,10,0.898801817463857,0.691147342403911,94
3,10,0.84693847437451,0.408629222477626,94
4,10,0.850280945156884,0.534470260229484,94
5,10,0.851555965635322,0.420548115346212,94
1,11,0.926659571153286,0.929696610946639,94
2,11,0.892601821738055,0.504985338281031,94
3,11,0.847236590739907,0.592179217586802,94
4,11,0.83954330824569,0.46697022157213,94
5,11,0.865403777303153,0.311260406609036,94
1,12,0.928945972146613,0.800818267761569,94
2,12,0.914177487458501,0.4976988693524,94
3,12,0.832147110791619,0.739697317700817,94
4,12,0.839627049120523,0.816029664901899,94
5,12,0.863563038959749,0.693317780009094,94
1,13,0.92938541201215,0.868406318949442,94
2,13,0.886136944096467,0.668298551412132,94
3,13,0.858684230960975,0.70871213006412,94
4,13,0.842891444981558,0.54187710546628,94
5,13,0.869918784180251,0.602399120022022,94
1,14,0.92667316322671,0.891537569039892,94
2,14,0.893944740482558,0.455858966520265,94
3,14,0.872899773189987,0.572995915991466,94
4,14,0.845594178142689,0.438890702871722,94
5,14,0.861910423576516,0.444564968723052,94
1,15,0.932495772788042,0.509163946269853,94
2,15,0.890832879674395,0.60068727891694,94
3,15,0.860813457493303,0.876873201371667,94
4,15,0.846748735245827,0.53637356792584,94
5,15,0.850913346262073,0.512627543610305,94
1,1,0.963080408313422,0.834875486879588,95
2,1,0.953663267903513,0.831346075968465,95
3,1,0.91808667685658,0.769060871609777,95
5,1,0.911977905547745,0.449342839746862,95
4,1,0.940387373446403,0.444341431073881,95
1,2,0.963814771955436,0.685784407284455,95
2,2,0.954020941184474,0.498156369160499,95
3,2,0.920041561055244,0.445115795081549,95
5,2,0.917533343177228,0.248008754079509,95
4,2,0.939133913120033,0.227720240844136,95
1,3,0.959234049852384,0.911798264231285,95
2,3,0.953898721496906,0.598709874186994,95
3,3,0.916635586193225,0.642541877366274,95
5,3,0.913927423548622,0.789124128345028,95
4,3,0.930211236988124,0.439141054085241,95
1,4,0.960162589520813,0.934204255130782,95
2,4,0.954442965699874,0.73965389038533,95
3,4,0.91646780331209,0.571137599351052,95
5,4,0.91429373313822,0.176871553718782,95
4,4,0.944069841246436,0.534861718216201,95
1,5,0.960285725844732,0.912900492387472,95
2,5,0.953304565887535,0.827058782107018,95
3,5,0.923000804175548,0.506043251828476,95
5,5,0.900290045849843,0.806953319898604,95
4,5,0.941963320923071,0.620050307886448,95
1,6,0.961280735576035,0.912371007948479,95
2,6,0.952305965519079,0.745486470883894,95
3,6,0.921391532393154,0.797291705571734,95
5,6,0.905644944005168,0.593320367744751,95
4,6,0.944458876842586,0.619103572542624,95
1,7,0.961096202643612,0.892706957930492,95
2,7,0.95405855775536,0.837314770232755,95
3,7,0.916195499712452,0.630770639162596,95
5,7,0.907316354931584,0.556183677626404,95
4,7,0.938002928458766,0.636546792707415,95
1,8,0.962390734394238,0.749725375614635,95
2,8,0.952206790938343,0.706426530953618,95
3,8,0.929429533351788,0.695533164192115,95
5,8,0.943474641920203,0.0687965813103902,95
4,8,0.901138064071586,0.744838117963213,95
1,9,0.959570727264715,0.940554896102386,95
2,9,0.95259026323224,0.455383288046667,95
3,9,0.922184170770292,0.518034741818021,95
5,9,0.901659447373556,0.756400852920878,95
4,9,0.935988776788164,0.493235337032508,95
1,10,0.958825040275715,0.96316807665931,95
2,10,0.954046694703767,0.462220784438954,95
3,10,0.922723367000864,0.576448126683044,95
5,10,0.921276749090039,0.670569349398383,95
4,10,0.923941635822107,0.655650786273384,95
1,11,0.961114557625119,0.92500784395559,95
2,11,0.952156084257681,0.919072444379295,95
3,11,0.921669216298259,0.579373096961455,95
5,11,0.909088547870726,0.780933130080836,95
4,11,0.934742506538367,0.686379769813915,95
1,12,0.961541717595885,0.84904151962321,95
2,12,0.95286872555369,0.727349720490673,95
3,12,0.925153517475392,0.600882004925314,95
5,12,0.90221793372816,0.453366432691764,95
4,12,0.939634543289777,0.597370413735016,95
1,13,0.963467666481011,0.790609705307563,95
2,13,0.952909033732334,0.787950202623644,95
3,13,0.925952785883656,0.460831474077373,95
5,13,0.921392862781259,0.614967649097779,95
4,13,0.921692730026446,0.765253757477195,95
1,14,0.961003245427057,0.891864353911451,95
2,14,0.957901036321103,0.651473200664774,95
3,14,0.924297810432038,0.43866485120133,95
5,14,0.905004170486879,0.819067052361225,95
4,14,0.940539636944412,0.562190027363467,95
1,15,0.963772827369752,0.6553221046242,95
2,15,0.955206622395964,0.684398125688872,95
3,15,0.91798247290068,0.392622763228779,95
5,15,0.924657304435898,0.172890930146571,95
4,15,0.941851994812515,0.577899387170944,95
1,1,0.959764747426889,0.76850985869766,96
2,1,0.950820426996678,0.284856784804823,96
3,1,0.925246371861006,0.482770731901714,96
5,1,0.93116119143548,0.458474803960525,96
4,1,0.911424853365044,0.178858918840953,96
1,2,0.959486629415396,0.655361775519424,96
2,2,0.949614158281964,0.511350151847188,96
3,2,0.928201187540001,0.478055964764636,96
5,2,0.92530215204503,0.29379982451247,96
4,2,0.914569286851691,0.241924621741428,96
1,3,0.956288596504736,0.855748574587594,96
2,3,0.948775174668355,0.836815261385752,96
3,3,0.92576794293346,0.716942342611672,96
5,3,0.931069588361593,0.792191137531411,96
4,3,0.898519052028972,0.912133882554009,96
1,4,0.955067579662935,0.897114370356031,96
2,4,0.948305209190476,0.645260782253163,96
3,4,0.930995001329364,0.401242296493426,96
5,4,0.926944152634654,0.473556616423327,96
4,4,0.904591868147122,0.463425005842672,96
1,5,0.957817121763594,0.857743447681234,96
2,5,0.947330557212621,0.642292119062246,96
3,5,0.928590172668162,0.787786855585019,96
5,5,0.919794073699655,0.450911476669936,96
4,5,0.917382457514135,0.702336932998189,96
1,6,0.954351406115049,0.940347012780487,96
2,6,0.948711311935188,0.355004791672779,96
3,6,0.926085001610868,0.689355724973165,96
5,6,0.931679260742313,0.534283902967923,96
4,6,0.901882799708949,0.54665940750207,96
1,7,0.957955374666686,0.855650602375629,96
2,7,0.945604977692364,0.853917803407016,96
3,7,0.927167081124745,0.53523024827823,96
5,7,0.926884313804027,0.592492139131301,96
4,7,0.906994861188352,0.520588036936112,96
1,8,0.954946256382629,0.937435269702401,96
2,8,0.949424544824116,0.494754878033855,96
3,8,0.925472660070439,0.653250183377898,96
5,8,0.926818417390998,0.588129140029923,96
4,8,0.901994956061701,0.863063733916623,96
1,9,0.95569309001793,0.925686350229781,96
2,9,0.953311639560991,0.616636718778949,96
3,9,0.924950639291928,0.593459211214935,96
5,9,0.927235441775419,0.0729675287348441,96
4,9,0.899744225147432,0.466276329413135,96
1,10,0.95953034035017,0.722572864168971,96
2,10,0.945707766528745,0.848094296260191,96
3,10,0.930669093611765,0.551326497354444,96
5,10,0.937227186722146,0.540081368157441,96
4,10,0.907082960772245,0.558917224779694,96
1,11,0.956972058346192,0.880971882586565,96
2,11,0.944149043559726,0.787506550605083,96
3,11,0.929505794184401,0.612657450383658,96
5,11,0.928157862090349,0.385958599240818,96
4,11,0.907050128871448,0.774488453228244,96
1,12,0.958184950274943,0.857101090830233,96
2,12,0.94677058202663,0.81776475122152,96
3,12,0.927710148084621,0.547735643064266,96
5,12,0.928904025573527,0.617247385941662,96
4,12,0.906254187800439,0.633708804650254,96
1,13,0.9572501298836,0.761772333157678,96
2,13,0.950243376924486,0.765528378833034,96
3,13,0.926067846930057,0.607030595690593,96
5,13,0.92831047568867,0.437418863785508,96
4,13,0.909216074166022,0.603160576377442,96
1,14,0.953649414781673,0.991449720075717,96
2,14,0.947452236196812,0.430655802910037,96
3,14,0.924530563923341,0.880108203199036,96
5,14,0.931853424415203,0.683824652720388,96
4,14,0.898324920590278,0.855436125157281,96
1,15,0.95962851888288,0.74279477476537,96
2,15,0.947230841267851,0.756347454037312,96
3,15,0.919482221581519,0.754407188743431,96
5,15,0.909628393655524,-0.0354840041679138,96
4,15,0.920440289883245,0.552840736591103,96
1,1,0.959932610074726,0.960311720314132,97
2,1,0.948566978649557,0.634881264291168,97
4,1,0.927037753427907,0.674448304854081,97
3,1,0.909536716930484,0.851566534745573,97
5,1,0.924647084621212,0.33227255795057,97
1,2,0.960011438146585,0.956691676656388,97
2,2,0.94864542902672,0.789070371751905,97
4,2,0.915686386648177,0.58456169564298,97
3,2,0.920874904045758,0.530274744532106,97
5,2,0.932173468950021,0.38778889565222,97
1,3,0.961493145720189,0.915084014625747,97
2,3,0.949844591077052,0.652795748442247,97
4,3,0.918689048649436,0.577645315318294,97
3,3,0.920361785788466,0.576397693592617,97
5,3,0.930880759197088,0.633373699329366,97
1,4,0.96372222163184,0.832008701481654,97
2,4,0.948033758315458,0.534496073308882,97
4,4,0.923872609610246,0.260535636672366,97
3,4,0.915333548273883,0.760980547053199,97
5,4,0.930137388421791,0.249167152442589,97
1,5,0.962387453501213,0.722831869345362,97
2,5,0.952408706457459,0.544187120522013,97
4,5,0.917462071383667,0.80017447467143,97
3,5,0.921092611089056,0.520579065445229,97
5,5,0.922533717852954,0.622508610677695,97
1,6,0.961666208974933,0.857751723642533,97
2,6,0.948079237557284,0.823560672777312,97
4,6,0.919397471993234,0.601335477070388,97
3,6,0.914981906132002,0.575290064700253,97
5,6,0.925629371182995,0.792868164114099,97
1,7,0.962555339206579,0.879296395055076,97
2,7,0.947145786800179,0.626901618117393,97
4,7,0.925280695693543,0.144833894075256,97
3,7,0.916401150735021,0.600009984736718,97
5,7,0.923988304270458,0.717691939914591,97
1,8,0.961821032379934,0.89809688800855,97
2,8,0.945286064392359,0.484452690285243,97
4,8,0.92216830997622,0.876285279058163,97
3,8,0.916918848190085,0.574242550262807,97
5,8,0.929377824670971,0.420334155824456,97
1,9,0.962229861294349,0.861305978347782,97
2,9,0.951390921451399,0.779343347725999,97
4,9,0.921917247598016,0.567958699127068,97
3,9,0.920506081250941,0.498254438013303,97
5,9,0.92846140714436,0.346734447184775,97
1,10,0.960490574945971,0.944064508066769,97
2,10,0.947351134658985,0.684268754582667,97
4,10,0.927006597043408,0.324479019203826,97
3,10,0.919076993985288,0.575738809763953,97
5,10,0.917526025548438,0.346839085514042,97
1,11,0.961672807064328,0.895598180663106,97
2,11,0.948479172808591,0.762210040292987,97
4,11,0.921636904309373,0.495641561652861,97
3,11,0.925276375952307,0.152235607382996,97
5,11,0.92530759042864,0.148357539804788,97
1,12,0.962667248044883,0.803445264737356,97
2,12,0.949831018126242,0.204579322239771,97
4,12,0.921170889336552,0.84207183642949,97
3,12,0.916464225735794,0.728051706464951,97
5,12,0.923539971052583,0.504934859519431,97
1,13,0.961294547162856,0.896855978533781,97
2,13,0.949959095221839,0.373838511569478,97
4,13,0.919402657067006,0.701655802283189,97
3,13,0.911721628707245,0.824741797487966,97
5,13,0.927389303177313,0.131766777697765,97
1,14,0.963260694933172,0.839483054790285,97
2,14,0.947765522111842,0.919305354476676,97
4,14,0.919377119143414,0.539782144568359,97
3,14,0.922732532656159,0.470619232174353,97
5,14,0.925676928809235,0.619217277946198,97
1,15,0.962025238781719,0.852890576844637,97
2,15,0.948826082626977,0.745051188408309,97
4,15,0.921348774513898,0.671904003513586,97
3,15,0.91347004504586,0.63308142268818,97
5,15,0.928952255225303,0.603128184015451,97
1,1,0.928704476950819,0.885170491377446,98
5,1,0.892186654700001,0.568104658647676,98
2,1,0.854084868581233,0.724745577602219,98
3,1,0.856793001783975,0.785075791488724,98
4,1,0.885292697075688,0.290800131099396,98
1,2,0.933345806117119,0.778330132611886,98
5,2,0.84654573459419,0.346217164830577,98
2,2,0.896574626264937,0.709419234699916,98
3,2,0.859652632731481,0.63404346285095,98
4,2,0.884799905481598,0.360721631399053,98
1,3,0.929142772496269,0.885945092812667,98
5,3,0.906039875867698,0.416184100086797,98
2,3,0.841921344448787,0.854134996038996,98
3,3,0.864846513147363,0.515231581485619,98
4,3,0.875151990718262,0.357026236190602,98
1,4,0.930254101093142,0.835915577362877,98
5,4,0.911837748826625,0.13020941195212,98
2,4,0.838293747162998,0.625289124113556,98
3,4,0.869027714496634,0.242610465442069,98
4,4,0.892175184792841,0.625354325323321,98
1,5,0.927586495817775,0.883296883567074,98
5,5,0.861208898934094,0.745898089735592,98
2,5,0.880954801239125,0.877881924472178,98
3,5,0.855531368654414,0.282150626806459,98
4,5,0.878224735190471,0.525532401756987,98
1,6,0.92991051311813,0.872858363175032,98
5,6,0.862444442698753,0.528644707376064,98
2,6,0.897381585822544,0.752075881877828,98
3,6,0.864098730179208,0.437090387721897,98
4,6,0.875486680741845,0.687590537817602,98
1,7,0.92674415673634,0.937352690629003,98
5,7,0.873221594354286,0.431370107540698,98
2,7,0.862229503322774,0.780024729223224,98
3,7,0.8574425892531,0.743208253286692,98
4,7,0.886830788061155,0.471597670510664,98
1,8,0.927768017203716,0.904924891513769,98
5,8,0.851691933287477,0.268641203635124,98
2,8,0.900569313599866,0.862313165814934,98
3,8,0.863298614500133,0.766317472445068,98
4,8,0.878173716769771,0.325021098951289,98
1,9,0.925978391666359,0.928405446242387,98
5,9,0.870454238821256,0.342395677907218,98
2,9,0.870203323158364,0.76930932654091,98
3,9,0.857279382475973,0.433403721340844,98
4,9,0.878815184428086,0.649674952943058,98
1,10,0.930083287096807,0.882688832251947,98
5,10,0.877269062387643,0.508345153934442,98
2,10,0.880813386289382,0.657819053656055,98
3,10,0.868022285268237,0.683158870415462,98
4,10,0.875088303982199,0.735968730243851,98
1,11,0.929857419719107,0.831768769223912,98
5,11,0.90072792079039,0.533968961726926,98
2,11,0.848587750042169,0.605428286392734,98
3,11,0.851803744217588,0.637729271211188,98
4,11,0.890815887648345,0.520156344121005,98
1,12,0.932368781155173,0.809462409908132,98
5,12,0.847363796060409,0.196548967377408,98
2,12,0.898383124849327,0.568937189559013,98
3,12,0.869012273093693,0.359673042624992,98
4,12,0.887665330364236,0.498627529895472,98
1,13,0.927506249858198,0.873540047373041,98
5,13,0.906806594338241,0.528363263591254,98
2,13,0.839412607318724,0.809084916977918,98
3,13,0.878538370974225,0.631965590897344,98
4,13,0.875444924511185,0.645218713690962,98
1,14,0.929462428841324,0.876642303800053,98
5,14,0.878666772514326,0.73149665797481,98
2,14,0.853977116353894,0.827967419345995,98
3,14,0.868422012170369,0.604562225049046,98
4,14,0.877102659943862,0.65676728739071,98
1,15,0.930709444397247,0.839263411608687,98
5,15,0.847485416232923,0.754314580403644,98
2,15,0.899782417383883,0.78566386272078,98
3,15,0.854356336907337,0.775571008966356,98
4,15,0.882446193468369,0.275480563588806,98
1,1,0.95498583827652,0.884622744847522,99
2,1,0.947385472116675,0.817768236225788,99
3,1,0.919756536546474,0.725368164756265,99
5,1,0.925509516803543,0.660672431154602,99
4,1,0.911686089043248,0.682167557494448,99
1,2,0.953395459704878,0.913345016635955,99
2,2,0.950993604135936,0.409554903753436,99
3,2,0.917752894885781,0.659603488343518,99
5,2,0.914645805493215,0.59595611759245,99
4,2,0.923129741876915,0.833843575720227,99
1,3,0.955735195314895,0.867386222193501,99
2,3,0.953280589941014,0.748724767547904,99
3,3,0.918964803016078,0.641736880960362,99
5,3,0.907017600971472,0.234231354635644,99
4,3,0.936548805851815,0.241355926153927,99
1,4,0.955411887712846,0.894857017728341,99
2,4,0.944763184063883,0.903692535307798,99
3,4,0.929277003032056,0.564507663274886,99
5,4,0.918512036507438,0.505736591192533,99
4,4,0.922577838017672,0.594765909825817,99
1,5,0.957604188313442,0.791053672395188,99
2,5,0.947911263846346,0.749233322598949,99
3,5,0.914384322555856,0.613674079136013,99
5,5,0.91946182031484,0.40980732677796,99
4,5,0.934590851936909,0.0222434352948259,99
1,6,0.952174214018524,0.93968385605024,99
2,6,0.952247248911007,0.182798882568574,99
3,6,0.920952194166915,0.448117919221251,99
5,6,0.928016284091789,0.767432502902973,99
4,6,0.905204741266731,0.542941514767395,99
1,7,0.953796492875475,0.927697978103223,99
2,7,0.949723521821979,0.636051537778953,99
3,7,0.914898644665527,0.548635748386607,99
5,7,0.908929972056932,0.256739602576219,99
4,7,0.933634025121376,0.272591220630666,99
1,8,0.954090691084282,0.905796550392576,99
2,8,0.953943176497115,0.692403645713228,99
3,8,0.918535119705338,0.666182000956023,99
5,8,0.933641979739543,0.358318272613406,99
4,8,0.902575275755117,0.749548573346001,99
1,9,0.955744214984314,0.887449150397554,99
2,9,0.951183867252274,0.633291266457135,99
3,9,0.91800111184669,0.510503087648089,99
5,9,0.908591453186856,0.734437214014504,99
4,9,0.935729390120484,0.540825355086155,99
1,10,0.954386234917771,0.896108424613805,99
2,10,0.950169778958273,0.654990182412658,99
3,10,0.916415128475633,0.640610547423065,99
5,10,0.923710876485192,0.63997056264653,99
4,10,0.912450525025487,0.452697634854136,99
1,11,0.95446343398874,0.918535051786915,99
2,11,0.948289639721809,0.807596374221597,99
3,11,0.919030098457036,0.67398257560031,99
5,11,0.930019920062674,0.761963092993002,99
4,11,0.903005629664131,0.633845308842625,99
1,12,0.955951767535775,0.729272156243522,99
2,12,0.950186658747525,0.834842533569856,99
3,12,0.915511585930823,0.753445751583117,99
5,12,0.921332018374343,0.532649622119539,99
4,12,0.913347650181447,0.647428459784966,99
1,13,0.960208638425188,0.650613192568944,99
2,13,0.951515653125684,0.651447520672682,99
3,13,0.916383785044458,0.277425369342421,99
5,13,0.917911668523482,0.633591869977694,99
4,13,0.916149046086107,0.638205043357617,99
1,14,0.954660379513917,0.844157590536694,99
2,14,0.947753347606546,0.70645253223733,99
3,14,0.922246226747154,0.280079528783473,99
5,14,0.922870781609446,0.414192317440088,99
4,14,0.910158595030043,0.556885817340621,99
1,15,0.954447358405137,0.845283133612022,99
2,15,0.95102482794571,0.676245123149737,99
3,15,0.918121143380615,0.83275484364895,99
5,15,0.915172145446328,0.211089294961639,99
4,15,0.918442847832329,0.445907964544512,99
1,1,0.919515585089723,0.920160011530499,100
3,1,0.862876773288693,0.392296879409859,100
2,1,0.882739659003235,0.862572655667205,100
5,1,0.847593211337851,0.55713605307708,100
4,1,0.861009052303693,0.565754977809608,100
1,2,0.923102503011217,0.785895610956893,100
3,2,0.847675968050425,0.419026735281253,100
2,2,0.902117744282263,0.575251074857128,100
5,2,0.848906925378433,0.318000415447691,100
4,2,0.858203326625498,0.575774672883839,100
1,3,0.921425555906794,0.864655043865538,100
3,3,0.841853957802411,0.531006862390067,100
2,3,0.899684026593504,0.881581220270176,100
5,3,0.839511980986875,0.663215933011044,100
4,3,0.868689977716729,0.422901647289041,100
1,4,0.924275819866173,0.800886872538655,100
3,4,0.849686282235,0.264164929487231,100
2,4,0.900850018056023,0.228920122417488,100
5,4,0.872161998934959,0.423523742698749,100
4,4,0.842690586401305,0.761880340037346,100
1,5,0.916984604546895,0.93039856142552,100
3,5,0.841957048239134,0.69809331972572,100
2,5,0.899764379023396,0.446215587150953,100
5,5,0.844946896729902,0.73091668532671,100
4,5,0.86369228715351,0.194530344544001,100
1,6,0.918169918036081,0.906052682015898,100
3,6,0.848934560636931,0.738383452185537,100
2,6,0.900248103394532,0.879476840003265,100
5,6,0.844213895984192,0.191993421182151,100
4,6,0.863017328139654,0.562807576225387,100
1,7,0.920158595292871,0.899677367981153,100
3,7,0.867361859706792,0.572288989650172,100
2,7,0.869589298922361,0.812669283101852,100
5,7,0.837226558470964,0.714570293173204,100
4,7,0.858862871673167,0.652437853666728,100
1,8,0.918894992187341,0.930102731388786,100
3,8,0.874544046841145,0.73776117945041,100
2,8,0.861290167237016,0.833379387167125,100
5,8,0.851899408099531,0.681254118690262,100
4,8,0.85987401132088,0.587823028541057,100
1,9,0.920424498684957,0.889316083557159,100
3,9,0.845128245822782,0.731822461983008,100
2,9,0.883603054103467,0.898540046310601,100
5,9,0.828564193384899,0.832010815586705,100
4,9,0.865078764302366,0.761421428480125,100
1,10,0.921317594824221,0.855523425999092,100
3,10,0.844418593542027,0.508394923969982,100
2,10,0.904332457820228,0.671828978777437,100
5,10,0.838102289933886,0.37772884061215,100
4,10,0.864405834184893,0.473428829439308,100
1,11,0.921492275582527,0.825530949796624,100
3,11,0.847629806267321,0.712372435827475,100
2,11,0.896324419516831,0.575660748636231,100
5,11,0.84562943271976,0.600745833483386,100
4,11,0.852049531704115,0.648709777205996,100
1,12,0.930799071310268,0.529291158542363,100
3,12,0.852439406519631,0.56561450654733,100
2,12,0.903010128340766,0.631572477337465,100
5,12,0.846663078919851,0.130936925535941,100
4,12,0.866252544721438,-0.00357595502122467,100
1,13,0.919711397640792,0.872774977333652,100
3,13,0.859227231234255,0.440205212016469,100
2,13,0.877263224295215,0.266008291103264,100
5,13,0.829350343104396,0.713217868107034,100
4,13,0.866277669680836,0.776207472092031,100
1,14,0.922324660694687,0.648005119866538,100
3,14,0.850537835111557,0.236847371999962,100
2,14,0.899194340584374,0.621369237647893,100
5,14,0.849642877300022,0.327721269934609,100
4,14,0.864077697651383,0.189499199125483,100
1,15,0.922350227312286,0.876561031000021,100
3,15,0.845801625019976,0.308226851294896,100
2,15,0.903290809548574,0.792217286015078,100
5,15,0.848696092561529,0.0248410326983342,100
4,15,0.865671169640138,0.278525321058585,100
