"canonical_direction","fold","train","test","seed"
1,1,0.998380317373835,0.96000728632308,0
2,1,0.997957083168222,0.639655594033401,0
4,1,0.992968379011221,0.693118935658167,0
3,1,0.986293136507565,0.57641489102356,0
6,1,0.988145493450508,0.493027687061631,0
5,1,0.980368372427562,0.677464665892189,0
1,2,0.998342754724925,0.987813875374234,0
2,2,0.997531343777968,0.930214817395027,0
4,2,0.993759964281215,0.694723491198323,0
3,2,0.987465136981652,0.935853989913477,0
6,2,0.9880877758658,0.207870918961308,0
5,2,0.983423138501381,0.634881755743982,0
1,3,0.998208361154759,0.968772450608563,0
2,3,0.997345910451504,0.962722507496256,0
4,3,0.992389442387174,0.993146310370075,0
3,3,0.985818419355207,0.750729120331278,0
6,3,0.986910198169674,0.460987339891804,0
5,3,0.983762116074812,0.454562895263313,0
1,4,0.998268453513594,0.970972315079281,0
2,4,0.997338026323694,0.885809503032998,0
4,4,0.99286674714919,0.82240198816717,0
3,4,0.987359848615261,0.726156887706459,0
6,4,0.9854491176425,0.283558592399768,0
5,4,0.980997493804109,0.812602121681498,0
1,5,0.998387237145574,0.902248311076928,0
2,5,0.997181607366253,0.991866929032034,0
4,5,0.993463760671899,0.934865492710427,0
3,5,0.990344631480746,0.368838163568561,0
6,5,0.987593353326291,-0.162882159892877,0
5,5,0.977673712598869,0.677205971524039,0
1,6,0.998124691658185,0.996204491159662,0
2,6,0.997523656839218,0.881841813166785,0
4,6,0.993295543636301,0.635475249182453,0
3,6,0.987169267776891,0.814981083716409,0
6,6,0.981562538103419,0.497006632386523,0
5,6,0.983894912208395,0.808760567467798,0
1,7,0.998442469705015,0.943134328537549,0
2,7,0.997440926404846,0.914605730643357,0
4,7,0.993284069622219,0.904812140690712,0
3,7,0.986713127941478,0.345216966835817,0
6,7,0.986546009460227,0.771228683882799,0
5,7,0.982001103822952,0.184518077711971,0
1,8,0.998224743419978,0.982890687938415,0
2,8,0.997250245388777,0.905193554165611,0
4,8,0.993074021073975,0.818546745315903,0
3,8,0.986701888377261,0.7941897046679,0
6,8,0.987274118282268,0.568940514161687,0
5,8,0.98141790974322,-0.0687155147947055,0
1,9,0.998138434278507,0.975878358959658,0
2,9,0.997444111280685,0.972863219353027,0
4,9,0.992911364025291,0.310092904892664,0
3,9,0.986478910065185,0.787472272962986,0
6,9,0.987384484485228,-0.0500782039229169,0
5,9,0.981710254645115,0.45780992473801,0
1,10,0.998234231353282,0.977921929040357,0
2,10,0.997300143470443,0.945543120525407,0
4,10,0.993170592502957,0.883257704644998,0
3,10,0.98658785711575,0.798641286425846,0
6,10,0.989826995803321,-0.330589074422341,0
5,10,0.980413942754367,0.86297875646805,0
1,11,0.998333809120726,0.985017248493036,0
2,11,0.997527158325864,0.692949936185307,0
4,11,0.99274380577137,0.859076460031041,0
3,11,0.986152147380676,0.919481371433646,0
6,11,0.987038898449288,0.606737026159497,0
5,11,0.980960715999102,0.451170101447602,0
1,12,0.998227681710942,0.991554500762672,0
2,12,0.997331103884491,0.985784997216488,0
4,12,0.992382027615574,0.978938505533322,0
3,12,0.987136032165029,0.880929992612085,0
6,12,0.986621370741629,0.318039214889348,0
5,12,0.980786250349631,-0.0506707308240553,0
1,13,0.998208517533201,0.98823002416431,0
2,13,0.997762421024287,0.873563220883682,0
4,13,0.993559876828499,-0.115071313095456,0
3,13,0.988161790014197,0.669222462411615,0
6,13,0.986471301788149,0.787120955981992,0
5,13,0.979582862841596,0.795938308252103,0
1,14,0.99888866845504,0.914134547759913,0
2,14,0.997126591240076,0.98923892606311,0
4,14,0.993161241238274,0.894336094937486,0
3,14,0.986436050289537,0.975395302088435,0
6,14,0.988117246617054,0.0807404465515321,0
5,14,0.980603073028472,0.507648706115142,0
1,15,0.998126415244667,0.985269855228074,0
2,15,0.997122900296704,0.982730813671928,0
4,15,0.993525225045761,0.537142598277567,0
3,15,0.992910250499423,0.624099685378595,0
6,15,0.986761054403466,0.217548294251889,0
5,15,0.98708045372562,0.412706328051764,0
1,1,0.998404147510266,0.964417614490633,1
2,1,0.997645810539955,0.917120613046807,1
4,1,0.992217544064558,0.976288347099191,1
3,1,0.986148692971602,0.892951856635319,1
6,1,0.98360485062778,0.425626087401207,1
5,1,0.98023381897817,0.258889056363619,1
1,2,0.998021549679468,0.990755729855631,1
2,2,0.997867175157437,0.822194511548354,1
4,2,0.993143838307415,0.933727062590379,1
3,2,0.98606295994669,0.813068372492895,1
6,2,0.983318789343458,0.649024606178858,1
5,2,0.980742048204583,0.223587675764118,1
1,3,0.998076850308152,0.908949397445286,1
2,3,0.997245109975949,0.970164286166997,1
4,3,0.994014200409029,0.449923137459345,1
3,3,0.993076445912637,0.83615170255739,1
6,3,0.988454396957876,0.968289462091878,1
5,3,0.986606593209782,0.300647409979965,1
1,4,0.998167433876969,0.967015153421565,1
2,4,0.997131810460755,0.972378689248692,1
4,4,0.993212521085363,-0.0224201097052309,1
3,4,0.986511175576501,0.704347923831403,1
6,4,0.9828951617143,0.146025209126946,1
5,4,0.97821911695739,0.772098949864236,1
1,5,0.998040566493495,0.984120692356739,1
2,5,0.997495989105447,0.772900335647391,1
4,5,0.993263070237162,0.254628247233024,1
3,5,0.985876034602695,0.959816597123046,1
6,5,0.982880782745815,0.604645729923128,1
5,5,0.98030482682987,0.56163254556822,1
1,6,0.998728381859209,0.923711919789879,1
2,6,0.997052495029513,0.988514010433751,1
4,6,0.993510279620521,0.93572616213382,1
3,6,0.986721650832103,0.871263726349805,1
6,6,0.982234346507788,0.703235855117127,1
5,6,0.979584450599517,0.459530317151805,1
1,7,0.998277157841489,0.909246563355911,1
2,7,0.997402586588108,0.935477289559392,1
4,7,0.993210695991479,0.901561041554337,1
3,7,0.985275751902486,0.555584103232377,1
6,7,0.982224995950482,0.625022695316606,1
5,7,0.980447776469327,0.68810558787117,1
1,8,0.998102402679148,0.935748734616623,1
2,8,0.997378551970303,0.842744153553775,1
4,8,0.992021118697088,0.97611106447751,1
3,8,0.985594265427379,0.849410707585107,1
6,8,0.982424724896493,0.862866145886002,1
5,8,0.979454166787972,0.30225956253317,1
1,9,0.997949678984954,0.977856864895878,1
2,9,0.997671963723751,0.797772689618482,1
4,9,0.993986918923237,0.729489884480636,1
3,9,0.985835799701146,0.58375769184747,1
6,9,0.98304445289318,0.342645652045441,1
5,9,0.981495199559095,0.955777305200696,1
1,10,0.998102825425944,0.97227663596059,1
2,10,0.997357303291582,0.98548366125001,1
4,10,0.994247749877786,0.175628384272846,1
3,10,0.985802804192069,0.916537467749806,1
6,10,0.983927932714135,-0.356196335857118,1
5,10,0.979624999988385,0.828401184644919,1
1,11,0.998048287247454,0.997938430525856,1
2,11,0.997474148628896,0.842822483780471,1
4,11,0.993985541139736,0.883286214426775,1
3,11,0.986403187188469,0.9440351373921,1
6,11,0.985891049235599,-0.417362979251772,1
5,11,0.980933064076385,0.66266041867482,1
1,12,0.998052695558255,0.968490357957249,1
2,12,0.997266770624453,0.937011388925694,1
4,12,0.993281612610823,0.863515502491027,1
3,12,0.986578862831963,0.307543897185555,1
6,12,0.983054204436727,-0.674832327403263,1
5,12,0.97919778602318,-0.359317116944222,1
1,13,0.998108258222796,0.932566902909808,1
2,13,0.997510692664804,0.991472774521629,1
4,13,0.993342129873023,0.106983789107649,1
3,13,0.986477928317818,0.856208113698035,1
6,13,0.98216220022533,0.546916465202924,1
5,13,0.980191583029987,0.649407167112148,1
1,14,0.99806073804366,0.987337160938444,1
2,14,0.997022729015987,0.982788814718726,1
4,14,0.992600062474711,0.976193730390771,1
3,14,0.985931232261901,0.772036839868026,1
6,14,0.980043781876073,0.590810268079004,1
5,14,0.980183788611631,0.310094288300642,1
1,15,0.998124780748717,0.987848784699917,1
2,15,0.997202304750917,0.963583938253023,1
4,15,0.993259718237859,0.846388045129181,1
3,15,0.985833692862726,0.976690187847975,1
6,15,0.984368810101755,-0.117162684407959,1
5,15,0.982386613010764,0.631807037323459,1
1,1,0.999326767377932,0.980588881362345,2
2,1,0.998926395358987,0.991150927913078,2
3,1,0.997836695310454,0.810996405130579,2
4,1,0.995523445685744,0.986507737958391,2
5,1,0.996204173126705,0.629323720186566,2
6,1,0.994309838685721,0.551183872972687,2
1,2,0.99964385352509,0.935256875832786,2
2,2,0.999231711502404,0.763456247033787,2
3,2,0.998026913047274,0.777686073795637,2
4,2,0.995955296880742,0.719826883684098,2
5,2,0.996084476910822,0.472739254866383,2
6,2,0.991917327813962,0.604163744142706,2
1,3,0.999268519923459,0.998616562239268,2
2,3,0.998989636799881,0.905687225524311,2
3,3,0.997577859406631,0.971351797668818,2
4,3,0.996139621551765,0.231325252710495,2
5,3,0.996878004653009,0.401012094463863,2
6,3,0.991573524139483,0.632995740526182,2
1,4,0.999374310885303,0.877817441907627,2
2,4,0.999031336026423,0.949947807003094,2
3,4,0.997909241815459,0.952830172729186,2
4,4,0.995492980855164,0.77319730199748,2
5,4,0.996054112186628,0.843540915548316,2
6,4,0.992048820398639,0.651657042204759,2
1,5,0.999367480501051,0.965973296816708,2
2,5,0.999076724038188,0.946018027278417,2
3,5,0.997753268849383,0.974773239221223,2
4,5,0.995092461722072,0.958579656424048,2
5,5,0.995661805998425,0.868702670872637,2
6,5,0.993426587662734,0.641864749157858,2
1,6,0.999304531655015,0.994752176239553,2
2,6,0.999072964677185,0.819485551969601,2
3,6,0.997841609008012,0.974131535380187,2
4,6,0.99515245127852,0.311270531608105,2
5,6,0.993907315686859,0.768468841194519,2
6,6,0.993295998481543,0.857558357304049,2
1,7,0.999288215506771,0.976810866145011,2
2,7,0.99909822624421,0.568109061789941,2
3,7,0.998407747391229,0.270302961194639,2
4,7,0.995793033916468,0.661455255618335,2
5,7,0.996035007720668,0.415294617513562,2
6,7,0.99224103440471,0.035343453235847,2
1,8,0.999280552554021,0.984784003022271,2
2,8,0.998889438911141,0.979208412808329,2
3,8,0.997854078027392,0.917658002265981,2
4,8,0.995730200629053,0.602412035334134,2
5,8,0.996295132767205,-0.274276534268595,2
6,8,0.991350552149187,0.776123441850167,2
1,9,0.999495897221489,0.839737336607399,2
2,9,0.999047995641796,0.917421775250691,2
3,9,0.997748114107824,0.748582831213999,2
4,9,0.995468641722417,0.834343825959899,2
5,9,0.996112544001205,0.604032287781422,2
6,9,0.991810502672574,0.357759891346056,2
1,10,0.999399872802235,0.9868790024272,2
2,10,0.999033522144064,0.988030540776714,2
3,10,0.997923214005761,0.945485336305995,2
4,10,0.99532307093387,0.930547138792201,2
5,10,0.996403084762229,0.433512229319849,2
6,10,0.991934482226899,0.698148180948274,2
1,11,0.999313883722953,0.989062579682151,2
2,11,0.999000181943821,0.960365642036325,2
3,11,0.997762075899376,0.85082279499753,2
4,11,0.996587596808245,0.0737168605471017,2
5,11,0.995333873198831,0.727441406907908,2
6,11,0.991609545870496,0.371984181764919,2
1,12,0.999329394116613,0.948286582689592,2
2,12,0.999011591586302,0.967881428438479,2
3,12,0.997769143052982,0.960800396630216,2
4,12,0.995716994140488,0.830745693205314,2
5,12,0.995882100732272,0.0890435224234401,2
6,12,0.99269146084,0.0437135173772693,2
1,13,0.999278838904248,0.995102480400825,2
2,13,0.999140262440966,0.720814422542393,2
3,13,0.997811712710876,0.861726107560895,2
4,13,0.995029083608901,0.880896100941515,2
5,13,0.995898761366239,0.506976956109989,2
6,13,0.992492841286652,-0.229764171661089,2
1,14,0.999458137257409,0.86446926588843,2
2,14,0.999145058009283,0.295108492805808,2
3,14,0.997976999959251,0.621871956328627,2
4,14,0.997419436597549,0.590798463504745,2
5,14,0.996132352736177,0.84401129230388,2
6,14,0.996253441430728,-0.0200010721202926,2
1,15,0.999307891949734,0.941218396864796,2
2,15,0.998884071465981,0.950088541221253,2
3,15,0.998033676142419,0.73327574673549,2
4,15,0.995688854835309,0.827593259252233,2
5,15,0.996060359706884,0.0145772301073621,2
6,15,0.991123311192505,0.809696626210723,2
1,1,0.999966870371276,0.990628801074094,3
2,1,0.99996148199963,0.921729420147817,3
3,1,0.999886709061656,0.68713101736626,3
4,1,0.999744591979409,0.729760229090177,3
6,1,0.999803181506372,0.411183744256231,3
5,1,0.999612724376622,-0.246419117773537,3
1,2,0.999969241307353,0.982763299716164,3
2,2,0.999951883174932,0.962507926276547,3
3,2,0.999887596832222,0.757978789946952,3
4,2,0.999824543363062,0.238390282144624,3
6,2,0.999750107945742,0.939719093985408,3
5,2,0.999611395055637,0.572636622016258,3
1,3,0.999965695271362,0.989810812536862,3
2,3,0.99994894325479,0.971317482168543,3
3,3,0.99988592154179,0.759505390580364,3
4,3,0.999794859673307,0.794418681512156,3
6,3,0.999760319143242,0.963468504731636,3
5,3,0.999628287605475,0.717031449175757,3
1,4,0.99997512073656,0.989365039481516,3
2,4,0.999954763805983,0.874382343973617,3
3,4,0.999903037983424,0.887496373885033,3
4,4,0.999833101391499,0.719609524505662,3
6,4,0.999768511677811,0.541590835538289,3
5,4,0.999641737773674,0.0197505681148468,3
1,5,0.999972224915758,0.971981262677077,3
2,5,0.99996007100016,0.962694233428469,3
3,5,0.999904447639139,0.870391435852192,3
4,5,0.999733050801693,0.817099396203083,3
6,5,0.999755833326125,0.707677069663178,3
5,5,0.99974202226703,0.0778624623936958,3
1,6,0.999969769543819,0.982251912502736,3
2,6,0.99994886950631,0.997020336235356,3
3,6,0.999885273564215,0.996400681008162,3
4,6,0.999799326031209,0.668515177718574,3
6,6,0.999796085582901,0.421234672732701,3
5,6,0.999611588415469,0.912810154264113,3
1,7,0.999971594882098,0.888116531688426,3
2,7,0.99994798621478,0.994927248283515,3
3,7,0.999877785780655,0.992720273440485,3
4,7,0.999771709840396,0.820536339698666,3
6,7,0.999802140925131,0.7759279841192,3
5,7,0.999543877166272,0.846933378751957,3
1,8,0.999981005267496,0.958685784947736,3
2,8,0.999956187797912,0.87785882339584,3
3,8,0.999885040820612,0.834547473275235,3
4,8,0.999827668630901,0.338762999846683,3
6,8,0.999752463564069,0.0968478376558833,3
5,8,0.999576926203475,0.983802894908568,3
1,9,0.999966839896861,0.992724187495716,3
2,9,0.999954461499325,0.945349264495265,3
3,9,0.999886865981091,0.80024853739127,3
4,9,0.999756796515078,0.977099575971751,3
6,9,0.9997627632319,0.94387771176667,3
5,9,0.999671741762706,0.37376059103781,3
1,10,0.999968889883405,0.98587505342487,3
2,10,0.999950891949428,0.96545229693613,3
3,10,0.999927476935994,0.798104733384698,3
4,10,0.999804961459676,0.182199178126151,3
6,10,0.999775257960754,0.171642686229352,3
5,10,0.999610447127307,0.565714014575721,3
1,11,0.99996625503275,0.988379128256898,3
2,11,0.999955166182286,0.638423055760375,3
3,11,0.999888289843303,0.485089074430961,3
4,11,0.999878847517805,0.868579778456472,3
6,11,0.999792071104941,-0.546067714216126,3
5,11,0.999648070681335,0.931953476536631,3
1,12,0.999967493642144,0.992873557083738,3
2,12,0.999952025730714,0.978271389849036,3
3,12,0.999885203576992,0.927790633245102,3
4,12,0.999753411020159,0.950576731304448,3
6,12,0.999779805497099,0.278051784243864,3
5,12,0.99958666079954,0.759428840363898,3
1,13,0.999967597984124,0.969201660721277,3
2,13,0.999952659594021,0.812508490906948,3
3,13,0.999891564126476,0.0149262658670337,3
4,13,0.999745460158925,0.696677426622368,3
6,13,0.999759149131837,0.441779766454929,3
5,13,0.999579740519489,0.789952978165033,3
1,14,0.999968632728647,0.989139876965284,3
2,14,0.999960740783446,0.952836729965604,3
3,14,0.999895074212391,0.525714137868681,3
4,14,0.999778112113405,0.471715049182037,3
6,14,0.999773973787386,0.804890806775402,3
5,14,0.999592556956449,0.472722576134942,3
1,15,0.999968777076535,0.898234821493448,3
2,15,0.999954600862619,0.887817742053369,3
3,15,0.999884409623365,0.722393288393467,3
4,15,0.999758430119247,0.792318593266409,3
6,15,0.999782905362736,0.0207862339225161,3
5,15,0.999569841991624,0.57405154769448,3
1,1,0.999483390223239,0.914593720877873,4
3,1,0.999249378441215,0.367896184225463,4
2,1,0.997784614516685,0.86363128985261,4
4,1,0.995417048993672,0.931302762348307,4
5,1,0.995451874209468,0.542503352692144,4
6,1,0.991831550907227,0.567943120871438,4
1,2,0.999461057036544,0.979487088870663,4
3,2,0.999171142625548,0.986176841997608,4
2,2,0.997899033179309,0.943475543573576,4
4,2,0.995781204358126,0.952970947132983,4
5,2,0.996887184338079,0.374879987235443,4
6,2,0.993371083191265,0.3484216438452,4
1,3,0.999470009945229,0.970754712364656,4
3,3,0.999284124870206,0.90388719319187,4
2,3,0.997897297927542,0.923127752198951,4
4,3,0.995333133554886,0.600456163311732,4
5,3,0.996869372389422,0.635242662280139,4
6,3,0.990886465807604,-0.225837371510248,4
1,4,0.999434017365943,0.962337603309519,4
3,4,0.999150826430345,0.987624240693726,4
2,4,0.997996330689415,0.650752171138608,4
4,4,0.99753540519837,0.623440813694483,4
5,4,0.997755594813976,-0.320240610557766,4
6,4,0.995918125818557,0.262497648336189,4
1,5,0.999417397284917,0.997585761986498,4
3,5,0.999171637676628,0.996084537151223,4
2,5,0.997819010385658,0.96365418324209,4
4,5,0.995981374729257,0.654067420525943,4
5,5,0.99685289756499,0.809844089075225,4
6,5,0.990501141387848,0.577359195458409,4
1,6,0.999479490760571,0.985492028552087,4
3,6,0.999307209890419,0.828519175607775,4
2,6,0.998012068614791,0.77394509409391,4
4,6,0.995615854196588,0.775932070849791,4
5,6,0.996150884919843,0.774917841548645,4
6,6,0.991696868387262,0.407144404530234,4
1,7,0.999386633609311,0.979273428713066,4
3,7,0.999211588219509,0.878890148974029,4
2,7,0.997736367026927,0.51817708236918,4
4,7,0.995421309684348,0.807713924603145,4
5,7,0.996573638723532,0.581870834220419,4
6,7,0.99080464687589,0.890374416884098,4
1,8,0.99945005778758,0.984170431760138,4
3,8,0.999284126874621,0.841525274882104,4
2,8,0.998175093809187,0.842677279548008,4
4,8,0.995080430684747,0.90466938120532,4
5,8,0.996738018180729,0.801353639203585,4
6,8,0.991066912964502,0.0427612616050426,4
1,9,0.999447616593036,0.959710320994755,4
3,9,0.999117611564327,0.993354737363444,4
2,9,0.997875292536191,0.757402203133812,4
4,9,0.995293236360153,0.817606536581076,4
5,9,0.996660079238942,0.332134312306328,4
6,9,0.99125704691798,0.322919512658469,4
1,10,0.999465312173754,0.978162540723486,4
3,10,0.999283349586011,0.903392841526006,4
2,10,0.9978713089899,0.869185346061019,4
4,10,0.995317978802966,0.795548540297437,4
5,10,0.996625422111321,0.462933880069215,4
6,10,0.990969363876168,0.926634501244126,4
1,11,0.999534129731672,0.929067894564411,4
3,11,0.999279054406685,0.724610412288282,4
2,11,0.997971514135266,0.971229547533674,4
4,11,0.995297765411615,0.785853822549967,4
5,11,0.996728590005346,0.773658549426527,4
6,11,0.99092519307185,-0.593153662558884,4
1,12,0.999670761433931,0.923893046247073,4
3,12,0.999238164688583,-0.215008005553948,4
2,12,0.997883032862461,0.797230778665492,4
4,12,0.99485471236122,0.461537587662846,4
5,12,0.996810488931247,0.183483523324524,4
6,12,0.991243952398846,0.454485067447593,4
1,13,0.999444985196827,0.992358826650712,4
3,13,0.999205574823625,0.956556007159112,4
2,13,0.997828112863713,0.977251375090085,4
4,13,0.994980045576909,0.943853687714951,4
5,13,0.995877628493135,0.382218796720757,4
6,13,0.991212174712432,0.694493019471841,4
1,14,0.999432093363504,0.994027980255532,4
3,14,0.999246015918144,0.783135459395706,4
2,14,0.997986346353469,0.876614556853764,4
4,14,0.995855865172254,0.803362816561529,4
5,14,0.99746852550534,0.121244551747686,4
6,14,0.990691857162232,0.588160573330028,4
1,15,0.999567850530932,0.978363067245609,4
3,15,0.999215375644424,0.988997524758911,4
2,15,0.998230538075261,0.424100555268383,4
4,15,0.994879731400667,0.934291487937433,4
5,15,0.996735354787569,0.832097124742037,4
6,15,0.991027922240215,0.937092586288358,4
1,1,0.999999954350028,0.954745749628739,5
2,1,0.999999932619415,0.931129891402601,5
4,1,0.999999856988874,0.931058534545115,5
3,1,0.999999707658923,0.669847033440689,5
5,1,0.999999777139892,0.459069148672163,5
6,1,0.999999310056016,0.142253228707842,5
1,2,0.9999999525371,0.951449824666266,5
2,2,0.999999934428217,0.873201878365444,5
4,2,0.999999860805842,0.858287152543531,5
3,2,0.999999657813153,0.786773591265244,5
5,2,0.999999623635401,0.535108022344569,5
6,2,0.999999304299339,0.856547100786132,5
1,3,0.9999999469236,0.930674414210866,5
2,3,0.999999941223743,0.902024276547781,5
4,3,0.999999879627308,0.836471246041837,5
3,3,0.999999685920141,0.797720408576153,5
5,3,0.999999704758826,0.499566173717012,5
6,3,0.999999299616546,0.629689664354695,5
1,4,0.999999957657558,0.96079080966146,5
2,4,0.999999940601258,0.933433075682493,5
4,4,0.999999864696269,0.933769152501957,5
3,4,0.999999693553588,0.830377198375257,5
5,4,0.99999969974165,0.806808196263196,5
6,4,0.999999314626577,0.504849102138752,5
1,5,0.999999953149011,0.960186539954298,5
2,5,0.999999940616837,0.931862300686746,5
4,5,0.999999876464416,0.209165411711619,5
3,5,0.999999728842597,0.698481402402208,5
5,5,0.999999783662026,0.925965093731798,5
6,5,0.99999935416743,0.528822955070192,5
1,6,0.999999969299752,0.984770152395245,5
2,6,0.999999938024787,0.985446165799872,5
4,6,0.999999901209433,0.390820640561139,5
3,6,0.9999996574536,0.979586499580148,5
5,6,0.999999688591276,0.567429343107903,5
6,6,0.999999322756384,-0.302012979447654,5
1,7,0.999999949466296,0.959219596603047,5
2,7,0.999999930365436,0.981716835519291,5
4,7,0.999999861189816,0.449312474734511,5
3,7,0.999999680862465,0.533482039952145,5
5,7,0.999999690303976,0.58079266250206,5
6,7,0.999999288225974,0.491660916825544,5
1,8,0.999999947703301,0.982327238310035,5
2,8,0.999999926159437,0.984845113241666,5
4,8,0.999999866231124,0.657395990178139,5
3,8,0.999999857126026,0.637552672937465,5
5,8,0.9999997072785,0.602944285630751,5
6,8,0.999999739811536,0.462786665113687,5
1,9,0.999999970129352,0.938335247908915,5
2,9,0.999999928444574,0.985326225241646,5
4,9,0.999999858122855,0.978613074501743,5
3,9,0.999999693789427,0.823964302601072,5
5,9,0.999999719437638,0.247109542626603,5
6,9,0.999999304547744,-0.24694751352685,5
1,10,0.999999950600966,0.995448531649857,5
2,10,0.999999960999838,0.783904516811919,5
4,10,0.999999869095375,0.855270987182998,5
3,10,0.99999967827848,0.803803374618593,5
5,10,0.999999740913665,0.934393667713844,5
6,10,0.999999355783213,0.435279312676374,5
1,11,0.999999955510052,0.92556612932385,5
2,11,0.999999926377021,0.980231750539277,5
4,11,0.999999854697847,0.846551979757816,5
3,11,0.999999611274214,0.927696406397537,5
5,11,0.99999971050912,0.460620120248593,5
6,11,0.999999476377262,0.11257604055289,5
1,12,0.999999951739914,0.880111310365289,5
2,12,0.999999939552823,0.934262978472636,5
4,12,0.999999865862632,0.986006677385231,5
3,12,0.999999735327337,0.735604563047082,5
5,12,0.999999717045041,0.365263585490706,5
6,12,0.999999311919651,0.597375809931813,5
1,13,0.999999948467388,0.956857473675611,5
2,13,0.999999924671665,0.970460341248301,5
4,13,0.999999863382622,0.839755370215501,5
3,13,0.999999678384408,0.674765769468373,5
5,13,0.999999677928656,0.335286706196574,5
6,13,0.999999264435087,0.768578384685121,5
1,14,0.999999947755621,0.982669833087949,5
2,14,0.999999933749569,0.958922812231727,5
4,14,0.999999857717136,0.91904430147156,5
3,14,0.999999653828328,0.830727706109477,5
5,14,0.999999684772558,0.645042331057904,5
6,14,0.999999280710067,-0.238604718704662,5
1,15,0.999999952689228,0.909346937720545,5
2,15,0.999999937826077,0.961502411362269,5
4,15,0.999999868204924,0.675734796078515,5
3,15,0.999999779881304,0.750908350586118,5
5,15,0.999999709422983,0.707387576274022,5
6,15,0.999999643402242,0.383921486644413,5
1,1,0.999869236088357,0.952026612220404,6
2,1,0.999797993104261,0.924280904376746,6
3,1,0.999527400658244,0.940041064005665,6
5,1,0.998910917264684,0.63205330082177,6
4,1,0.999199347155524,0.716797369710469,6
6,1,0.998945761157776,-0.262898715509105,6
1,2,0.9998648988405,0.99267431622682,6
2,2,0.999761198798551,0.983109969664584,6
3,2,0.999512293685258,0.978477540642106,6
5,2,0.999439103527414,0.163300338220022,6
4,2,0.998595024285192,0.867347527367921,6
6,2,0.99832668238517,0.797031446106386,6
1,3,0.999868863858166,0.978128252008972,6
2,3,0.999810795897833,0.78292544241068,6
3,3,0.999555619058301,0.727377837892337,6
5,3,0.998806768351609,-0.30644170695637,6
4,3,0.999210229542035,0.949368626928855,6
6,3,0.998498200157312,0.440007939068052,6
1,4,0.999871593396873,0.967550373215494,6
2,4,0.99976479312852,0.971605482316011,6
3,4,0.999562251893429,0.844417039680593,6
5,4,0.998677550825472,0.938180337421825,6
4,4,0.998747026160321,0.764405178435434,6
6,4,0.998666429746556,0.663527771592364,6
1,5,0.999873722118311,0.941571607461194,6
2,5,0.999782756528434,0.931634923341848,6
3,5,0.999507572081724,0.818852424151585,6
5,5,0.999125611943276,-0.181209941870249,6
4,5,0.99885197122168,0.679377040394755,6
6,5,0.9983297675394,0.488436798297988,6
1,6,0.999863606955623,0.994255515975372,6
2,6,0.999819160833038,0.642254337344582,6
3,6,0.999526884415402,0.966636427447317,6
5,6,0.99880163999408,0.797046061203014,6
4,6,0.999146355456237,0.796783312674091,6
6,6,0.998306575387761,0.354359973860351,6
1,7,0.999859888945399,0.995047688597565,6
2,7,0.999788621600981,0.885295670700524,6
3,7,0.999506866359994,0.831802547479658,6
5,7,0.999435549857312,0.677854896234662,6
4,7,0.998955994794381,0.758218782662086,6
6,7,0.999059412787283,0.136302158731236,6
1,8,0.999891376361449,0.970256699453259,6
2,8,0.99980652629085,0.96730977715762,6
3,8,0.999568730151709,0.890476595237926,6
5,8,0.998953163944684,0.87387185315828,6
4,8,0.999035829937959,0.61287564866354,6
6,8,0.998347134125799,0.740760664984839,6
1,9,0.999883218638698,0.931603508183324,6
2,9,0.999779146653098,0.907492395682025,6
3,9,0.99952816270306,0.870668602075494,6
5,9,0.99892414279501,0.878042908495837,6
4,9,0.999117409375516,0.733714253745258,6
6,9,0.998417074363343,-0.469221785267208,6
1,10,0.999895175330727,0.990818693514985,6
2,10,0.999823693170212,0.936588753264242,6
3,10,0.999597410870403,0.864983409091835,6
5,10,0.998748234018978,0.583033702450743,6
4,10,0.9991538240362,-0.383127924022043,6
6,10,0.998389917049371,0.303734414663054,6
1,11,0.999883218421745,0.907859310251464,6
2,11,0.999767783412024,0.989062622098113,6
3,11,0.999513051641969,0.920003486595111,6
5,11,0.998885019953936,0.829924212073593,6
4,11,0.999078801590579,0.830614744087147,6
6,11,0.998266686893941,0.866729892278668,6
1,12,0.999869904438873,0.937399917821435,6
2,12,0.999796671549606,0.855186422811248,6
3,12,0.999688843038724,0.415040452542562,6
5,12,0.998831493209573,0.349589824786594,6
4,12,0.999092036243337,0.361899931475669,6
6,12,0.998201266559171,0.479720588781529,6
1,13,0.999914425079392,0.966915198246162,6
2,13,0.999800750533556,0.898833677168817,6
3,13,0.999558893140171,0.830743698002101,6
5,13,0.999046467208782,0.856642594422392,6
4,13,0.998997953024681,0.663699228288134,6
6,13,0.99840818245746,0.723080904493272,6
1,14,0.999867547733173,0.987787124365853,6
2,14,0.999786509206936,0.913386953335042,6
3,14,0.999537507015425,0.756083827236108,6
5,14,0.999066836546961,0.919065155258032,6
4,14,0.999086867322474,0.69409640832007,6
6,14,0.998455787691875,0.463168093737367,6
1,15,0.99987216854737,0.991903711620787,6
2,15,0.999823619941881,0.941219449423542,6
3,15,0.999532342820801,0.956873936223419,6
5,15,0.99916863016799,0.498624286014183,6
4,15,0.999179516881633,0.847686977219126,6
6,15,0.99835381622392,0.822326456263919,6
1,1,0.999964931971367,0.990911200393604,7
2,1,0.999949595718998,0.764700304594568,7
3,1,0.999898504324392,0.729122051160845,7
4,1,0.999875744579961,0.821654425957073,7
5,1,0.999780955410721,0.721513445090852,7
6,1,0.99979002035446,0.309988917604845,7
1,2,0.999965700151518,0.967261067234089,7
2,2,0.999942470948649,0.965921409968243,7
3,2,0.999889095513413,0.540168134317049,7
4,2,0.999712276700536,0.386822827592079,7
5,2,0.999658926564409,0.533971148361036,7
6,2,0.999450628062544,0.824775986915366,7
1,3,0.999963207256129,0.992948091868437,7
2,3,0.999949625682931,0.857609477714931,7
3,3,0.999904111392409,0.774394001680205,7
4,3,0.99968106850071,0.200598557754267,7
5,3,0.999705094285294,0.614678244043132,7
6,3,0.999473331616783,-0.451193477954204,7
1,4,0.999965965989015,0.982659949031659,7
2,4,0.999944849497764,0.990046210201871,7
3,4,0.999905687947997,0.659361666666243,7
4,4,0.999728914996802,0.924814527927845,7
5,4,0.999769032156529,0.439276322318467,7
6,4,0.999447250282398,0.765009231023657,7
1,5,0.999979156456782,0.941670374226274,7
2,5,0.999948362713771,0.896666062714121,7
3,5,0.999917004723008,0.869134440009119,7
4,5,0.999785524644297,0.767223055207733,7
5,5,0.999776838085348,0.826793992694388,7
6,5,0.999450390816256,0.66162845492666,7
1,6,0.999963210642604,0.982641865056283,7
2,6,0.999943057564185,0.922229070041213,7
3,6,0.99990289630599,0.704942601879652,7
4,6,0.999686591699113,0.845705928558833,7
5,6,0.999759032836559,0.235074439388908,7
6,6,0.999473355623181,0.599960186220333,7
1,7,0.999965217940809,0.994018190217739,7
2,7,0.999947005642876,0.915223204945937,7
3,7,0.999902989296651,0.726416880423941,7
4,7,0.999696603223854,0.917752251860771,7
5,7,0.999752028502507,0.568511261993482,7
6,7,0.999450663080369,0.838943842188115,7
1,8,0.999966608065061,0.935707807455103,7
2,8,0.999945666194495,0.960510645281108,7
3,8,0.999899409289822,0.383064214171021,7
4,8,0.999646849502245,0.835425369089336,7
5,8,0.999751831822065,0.646200616352295,7
6,8,0.999512678106946,0.797401276826433,7
1,9,0.999971454523244,0.946860530412238,7
2,9,0.999960403357063,0.904965726564364,7
3,9,0.999917763634874,0.838039347877176,7
4,9,0.999691436664288,0.925290002879522,7
5,9,0.999750551758288,0.59417510847731,7
6,9,0.999586389545472,0.36914605424532,7
1,10,0.999965006151146,0.988466435177825,7
2,10,0.999952322384316,0.975523407838189,7
3,10,0.99989220758116,0.954376281876755,7
4,10,0.999746722360116,0.731816385261638,7
5,10,0.999793356939922,0.534336217445291,7
6,10,0.999460274622278,0.484932224662187,7
1,11,0.999965304430437,0.981534216407048,7
2,11,0.999938743927312,0.990062708578159,7
3,11,0.999893653361509,0.846364503969301,7
4,11,0.999738216993008,0.750277794584491,7
5,11,0.99975815539932,0.620769804388106,7
6,11,0.999440678719899,0.536041835105331,7
1,12,0.999978497480233,0.776456626886115,7
2,12,0.99995596209929,0.805938396165824,7
3,12,0.999912540880636,0.837928011718401,7
4,12,0.99970471336067,0.779429686113535,7
5,12,0.999737974556895,0.762057254374094,7
6,12,0.999411237935698,0.323916158055541,7
1,13,0.999965283159683,0.967043729366991,7
2,13,0.999944325812631,0.988655445755294,7
3,13,0.999891323263555,0.701567304763283,7
4,13,0.999711800993807,0.912227128489148,7
5,13,0.999729380863577,0.450125094384813,7
6,13,0.999611412314853,-0.259320259531893,7
1,14,0.999973448075355,0.980125076655645,7
2,14,0.999946640178204,0.98251228847295,7
3,14,0.999886555019981,0.975538527964584,7
4,14,0.999772973141574,0.509357257719206,7
5,14,0.999790913740794,0.765413815563687,7
6,14,0.999422395590245,0.754438801661059,7
1,15,0.999966830030253,0.991240139031378,7
2,15,0.999959336867776,0.972159560968959,7
3,15,0.999899940006714,0.975079506601891,7
4,15,0.999762340814366,0.747814921036058,7
5,15,0.999739965264392,0.945868484934829,7
6,15,0.99950024903785,0.853357668493689,7
1,1,0.999655728787127,0.819238142340399,8
2,1,0.999176900125346,0.961209853523159,8
4,1,0.997968835206238,0.860798052676576,8
3,1,0.996028862107773,0.723347794024523,8
5,1,0.996236776937019,0.288915463408012,8
6,1,0.992397520808213,0.79380591004174,8
1,2,0.999374625976299,0.980722423751286,8
2,2,0.999354234198948,0.767710106291791,8
4,2,0.997937619621467,0.949638657957962,8
3,2,0.995269009336927,0.887194520171157,8
5,2,0.996346730740094,0.419274522151312,8
6,2,0.992288144513774,0.461904970206801,8
1,3,0.999396975625559,0.977611826656083,8
2,3,0.999143307864454,0.980041894992865,8
4,3,0.99825453238682,0.441669165543757,8
3,3,0.995549570902095,0.917488852513033,8
5,3,0.996363971651542,0.455320768943179,8
6,3,0.993738581536816,-0.0775737096389741,8
1,4,0.99939178629583,0.979548845496138,8
2,4,0.99916585688157,0.952567951327261,8
4,4,0.997924089203455,0.652589661667863,8
3,4,0.997664829922648,0.849638988930419,8
5,4,0.997357266027392,0.717376242937089,8
6,4,0.99615483767337,0.150244611932737,8
1,5,0.999404789397437,0.898047225067863,8
2,5,0.999152090444234,0.893241908608549,8
4,5,0.997966737595823,0.824383807671529,8
3,5,0.995008821987641,0.782203133414341,8
5,5,0.996137995394511,0.442134576526094,8
6,5,0.993298240202892,-0.443820425495155,8
1,6,0.999441705977766,0.979229017569059,8
2,6,0.999257777469453,0.698615021355141,8
4,6,0.997817323130082,0.970837447298296,8
3,6,0.995252790846352,0.938994695705106,8
5,6,0.996149932238973,0.392127196761072,8
6,6,0.992502886585144,0.675520441826899,8
1,7,0.99942633552957,0.978279210240233,8
2,7,0.999218753290749,0.888958522594024,8
4,7,0.998271267331767,0.851566923503491,8
3,7,0.994793576722837,0.950705177539155,8
5,7,0.996314968601806,0.726767005147005,8
6,7,0.992464134627889,0.939426438387367,8
1,8,0.999379056353485,0.986190053078034,8
2,8,0.999287893278306,0.71959590500041,8
4,8,0.998043143112145,0.451300960654579,8
3,8,0.995743087808426,0.788792458510633,8
5,8,0.996196257784051,0.560157487403597,8
6,8,0.992841261787205,0.309430657865969,8
1,9,0.99932337572734,0.997736723294601,8
2,9,0.999176889837959,0.932181596834452,8
4,9,0.997899887163562,0.927884207348749,8
3,9,0.995700579041158,0.369051300991828,8
5,9,0.996138031592217,0.47090820137561,8
6,9,0.99263226092824,-0.301447731649929,8
1,10,0.999345672479348,0.996891901898151,8
2,10,0.999119772909407,0.965993244509908,8
4,10,0.99795304040988,0.527122671347173,8
3,10,0.99531780868783,0.944377904846949,8
5,10,0.994277513748088,0.507649233139433,8
6,10,0.992573327403278,0.350944575217873,8
1,11,0.99936089021992,0.954864975524632,8
2,11,0.99886189101222,0.974067163666901,8
4,11,0.997877199409277,0.580070483808566,8
3,11,0.995516438281064,0.835172780371213,8
5,11,0.995921185743678,0.181541001509789,8
6,11,0.991649230266311,0.879160881322726,8
1,12,0.999374148351904,0.977427942300189,8
2,12,0.999158201260827,0.904676265453832,8
4,12,0.997872752187153,0.88316601162643,8
3,12,0.995519228594521,0.782305276220636,8
5,12,0.995316782116393,0.568826860584628,8
6,12,0.992642947864131,0.581700492623039,8
1,13,0.999385261687933,0.998083831145096,8
2,13,0.999123606413244,0.994494801256035,8
4,13,0.998111671335194,0.656636811741513,8
3,13,0.994721488428767,0.818605857315935,8
5,13,0.997520989035791,0.303597983801793,8
6,13,0.992025479544546,0.690471095525694,8
1,14,0.999390102894187,0.723068691647232,8
2,14,0.999241962004334,0.933351241383412,8
4,14,0.997993234428786,0.711436522983668,8
3,14,0.996054147756991,0.564960109609975,8
5,14,0.996122102621338,0.779685063369013,8
6,14,0.992559585732445,0.873037649177712,8
1,15,0.999567844149981,0.841885075187359,8
2,15,0.999300718585573,0.915346205765059,8
4,15,0.998271985472982,0.857530296577902,8
3,15,0.995028057133724,0.930245406142703,8
5,15,0.996102070105084,0.394760724160532,8
6,15,0.99246651982357,0.625277800481402,8
1,1,0.999966805055083,0.985611689237373,9
2,1,0.999941542872641,0.918142948037096,9
3,1,0.999897282448979,0.591986888473473,9
5,1,0.999810185169728,0.736954561477864,9
4,1,0.99966983184003,0.21505787226392,9
6,1,0.999470353393093,-0.0340297909367487,9
1,2,0.999968605293385,0.993407260894885,9
2,2,0.99993441307084,0.983342980892908,9
3,2,0.999890802610583,0.961491268886426,9
5,2,0.99972930120321,0.972166759097628,9
4,2,0.99968634407289,0.810107041323989,9
6,2,0.999539965111861,0.603745239460312,9
1,3,0.999968827546594,0.992805924142464,9
2,3,0.999956388595301,0.983192087787099,9
3,3,0.999909238133465,0.489020964894894,9
5,3,0.999807135218479,0.460509485954603,9
4,3,0.999603493953751,0.708484228544334,9
6,3,0.999513429420679,0.77578608409899,9
1,4,0.999966472597737,0.980652261936644,9
2,4,0.999941609830486,0.967964632604557,9
3,4,0.999880590666664,0.479620063364725,9
5,4,0.999676267007704,0.558306736355676,9
4,4,0.999479270601191,0.830636333008568,9
6,4,0.999581243273245,0.922136607736233,9
1,5,0.999967339738855,0.983499990033926,9
2,5,0.99994042312809,0.955360329190745,9
3,5,0.999878056231297,0.910746253346155,9
5,5,0.999763277458515,0.551087587342669,9
4,5,0.999652682685404,0.615467894722077,9
6,5,0.999509436476453,-0.470614287263385,9
1,6,0.999971259613036,0.967920192062683,9
2,6,0.999941691628165,0.943082613163695,9
3,6,0.999878709086739,0.973003621639588,9
5,6,0.999721886483434,0.885926867344958,9
4,6,0.999706085441476,0.629208534509964,9
6,6,0.999459615950871,0.554576429422929,9
1,7,0.999969129764308,0.976824934330327,9
2,7,0.999943146002448,0.964093791070638,9
3,7,0.999888304733833,0.787896374781143,9
5,7,0.999767004350116,0.653901693548363,9
4,7,0.999805040358335,0.277208993470173,9
6,7,0.999438212781638,0.948354006146327,9
1,8,0.999967440947163,0.994240881089661,9
2,8,0.999945271865883,0.728415814471488,9
3,8,0.999899348785099,0.622969404757061,9
5,8,0.999849148543981,0.827434437962307,9
4,8,0.999790283770641,0.56326318449381,9
6,8,0.9997302350197,0.770000741486283,9
1,9,0.999972293953712,0.80470272740703,9
2,9,0.99994529521934,0.781002209511543,9
3,9,0.999883579905308,0.943100266052302,9
5,9,0.999727996116507,0.730637841563964,9
4,9,0.999708858529857,0.64311967684264,9
6,9,0.999636607551702,-0.0929855113870256,9
1,10,0.999982708263143,0.955738921281066,9
2,10,0.999951806063076,0.982881374891204,9
3,10,0.999907565837067,0.69374196885355,9
5,10,0.999819821775912,0.752113479779195,9
4,10,0.999681099981881,0.889229850132642,9
6,10,0.999483226857318,0.497207302930766,9
1,11,0.999976631983421,0.756439484110973,9
2,11,0.999955435052329,0.911485476575022,9
3,11,0.999905061911472,0.568816285507553,9
5,11,0.999850287162632,0.492460571189795,9
4,11,0.999657342242259,0.879778169450436,9
6,11,0.999491619845522,0.754202647661145,9
1,12,0.999966472154098,0.986393089041013,9
2,12,0.999950136848902,0.790028946749008,9
3,12,0.99988377225708,0.942596590000311,9
5,12,0.999796343264542,0.533055298720511,9
4,12,0.999731472554823,0.572402101250451,9
6,12,0.999455735785893,0.837928604858988,9
1,13,0.999972643841835,0.963876903427208,9
2,13,0.999948593232815,0.802054080097827,9
3,13,0.999888504914728,0.786543348597228,9
5,13,0.999703259508979,0.833723856980835,9
4,13,0.999682118977456,0.900674903821618,9
6,13,0.999530526724296,0.234772721130263,9
1,14,0.99997293978368,0.954216314154864,9
2,14,0.999946306282527,0.967144382264823,9
3,14,0.999899454728559,0.543709230678939,9
5,14,0.999801547367312,0.59473270318655,9
4,14,0.999629413841429,0.885712283320377,9
6,14,0.999443961253697,0.669888599942131,9
1,15,0.999973024503937,0.884363298628488,9
2,15,0.999941918357939,0.991998544297712,9
3,15,0.999887636567477,0.99077392367495,9
5,15,0.99972813612657,0.140038997972986,9
4,15,0.99971449541864,0.853212851800216,9
6,15,0.999520309859343,0.177930696381014,9
1,1,0.999439627309618,0.992839320797027,10
2,1,0.999115718242144,0.932478166420567,10
3,1,0.997866666372,0.962442382480803,10
4,1,0.994969969045911,0.779939172829879,10
5,1,0.996533105256555,0.693219743682724,10
6,1,0.991040755411264,0.202568119331888,10
1,2,0.999442720462309,0.991799218309124,10
2,2,0.999058691163651,0.988899881832415,10
3,2,0.997837969119311,0.94801501238697,10
4,2,0.994472051745912,0.818393797668579,10
5,2,0.996819950764446,0.958374558154986,10
6,2,0.991452071356563,0.803809441821192,10
1,3,0.99938699396813,0.983429265975269,10
2,3,0.998978055906991,0.982095128506997,10
3,3,0.997653117647108,0.700296102063472,10
4,3,0.995021195915654,0.759841319090086,10
5,3,0.997210584945109,0.34831961122307,10
6,3,0.992819033583753,0.513549115671646,10
1,4,0.999445047797445,0.973869982260214,10
2,4,0.999211249738558,0.775507170542635,10
3,4,0.99783242882011,0.919586765671007,10
4,4,0.995267535726998,0.779394956005308,10
5,4,0.996987897873368,0.378798678382379,10
6,4,0.992046615009738,0.539070479142675,10
1,5,0.999509545410583,0.964225476897957,10
2,5,0.999236947603184,0.937180434905348,10
3,5,0.99768936212473,0.987999201184307,10
4,5,0.995068246460624,0.904160758849046,10
5,5,0.996712100567959,0.866452535001103,10
6,5,0.991167428725057,0.786635530506747,10
1,6,0.999432309432196,0.991505761825563,10
2,6,0.999122488602112,0.895269347787562,10
3,6,0.99806778882856,0.671660035007936,10
4,6,0.995846024347779,0.591311006683831,10
5,6,0.995142149969556,0.899483555203057,10
6,6,0.990897126038813,0.826635630525487,10
1,7,0.999618199388969,0.956912229258518,10
2,7,0.999116409575465,0.94517097714082,10
3,7,0.997455162810984,0.868970779168439,10
4,7,0.994786398904748,0.185095187277739,10
5,7,0.996542060727996,0.73983649178603,10
6,7,0.991871980900555,-0.548132833722553,10
1,8,0.999435223211491,0.953502106082609,10
2,8,0.999163908559964,0.812611734574991,10
3,8,0.997947463358544,0.281128440611063,10
4,8,0.997537581382716,0.586933394742282,10
5,8,0.9964879398366,0.276560086071282,10
6,8,0.995304218181505,0.00879145032872873,10
1,9,0.999554936406278,0.873246708792089,10
2,9,0.998957254239844,0.997535017623672,10
3,9,0.998023598198958,0.875579337132,10
4,9,0.993719711110881,0.924155936593027,10
5,9,0.996478907094371,0.90612223050432,10
6,9,0.991714717927889,0.824764561945344,10
1,10,0.999405821079349,0.990481784319741,10
2,10,0.999011206225697,0.950291990795968,10
3,10,0.997850887798553,0.851643216119547,10
4,10,0.995162312411944,0.50163417030153,10
5,10,0.996469173062599,0.666489512103726,10
6,10,0.991594643836993,-0.375806776958902,10
1,11,0.999352261081776,0.987949238460121,10
2,11,0.999109741254962,0.794967752839977,10
3,11,0.997636822501374,0.643120838981001,10
4,11,0.994944417256473,0.811162298226328,10
5,11,0.996746035417339,0.508457567072809,10
6,11,0.991704480245988,0.647769875684781,10
1,12,0.999419369482607,0.994630656504756,10
2,12,0.999173797364767,0.904957750885216,10
3,12,0.997829763131543,0.867210047002142,10
4,12,0.994474443447786,0.968081062464425,10
5,12,0.996586722234624,0.694526089567477,10
6,12,0.992239485898114,0.0141325622951421,10
1,13,0.999417444357032,0.961233349321078,10
2,13,0.999122718183695,0.970456465984801,10
3,13,0.997919759962637,0.755264980968285,10
4,13,0.994783386404725,0.798277841679233,10
5,13,0.996679280468256,0.496095997124541,10
6,13,0.991449897675028,0.214459670679061,10
1,14,0.999424436447108,0.968014451329193,10
2,14,0.999060701211035,0.984208683989082,10
3,14,0.997725535783835,0.876089435386974,10
4,14,0.994619519462735,0.655028726139937,10
5,14,0.996608819204633,0.575301781893366,10
6,14,0.99151535084833,-0.189605833261266,10
1,15,0.999513548022299,0.885838190476544,10
2,15,0.99915502020793,0.975049401111753,10
3,15,0.997896743442859,0.820178557019886,10
4,15,0.994897632738823,0.609234105864164,10
5,15,0.995760443078976,0.837385593305876,10
6,15,0.991121976390933,0.00283529623084587,10
1,1,0.999474872810553,0.988920967834494,11
2,1,0.999105379626889,0.993621395797641,11
3,1,0.998241987000122,0.970736476380846,11
4,1,0.995144850310883,0.919577563921685,11
5,1,0.996359346338588,0.860739434431353,11
6,1,0.99324682645118,0.576115579022758,11
1,2,0.999477736056658,0.974811490538642,11
2,2,0.999225389186181,0.949851220838708,11
3,2,0.998034937883295,0.746432795130745,11
4,2,0.995007726407917,0.899103841981767,11
5,2,0.994967596116209,0.837490893900931,11
6,2,0.99340803639518,0.616823298831811,11
1,3,0.999497696829563,0.926825123960224,11
2,3,0.999087052218083,0.96700744640118,11
3,3,0.998049152429475,0.0114166892788782,11
4,3,0.997914033628428,0.633863360969363,11
5,3,0.996457813538165,0.555855694036165,11
6,3,0.995365382823533,0.450656536108839,11
1,4,0.999433284354978,0.997156574486425,11
2,4,0.999231758669447,0.947197191647775,11
3,4,0.998438128004093,0.727216238609903,11
4,4,0.994858294737928,0.496758258247617,11
5,4,0.996309724651398,0.116388269211973,11
6,4,0.993895672660362,0.328470939873179,11
1,5,0.999452789386341,0.974373750829117,11
2,5,0.999145745204525,0.973943502020251,11
3,5,0.998136172346671,0.904945291101763,11
4,5,0.996290469709087,0.615634220516353,11
5,5,0.997812961025767,0.643186890437475,11
6,5,0.993185961076998,0.630471190656455,11
1,6,0.999631516143062,0.947973092156508,11
2,6,0.999174867223351,0.984576380604782,11
3,6,0.997982435161568,0.968617397760916,11
4,6,0.995298977861755,0.832926584446041,11
5,6,0.996406365638688,0.379398911457078,11
6,6,0.992858040274343,0.576207041374527,11
1,7,0.999442115528656,0.917006588681135,11
2,7,0.999116221978608,0.973947083676172,11
3,7,0.997832249513891,0.971267144720626,11
4,7,0.995139263656755,0.91012255853697,11
5,7,0.996275681298428,0.514726620775527,11
6,7,0.99283343043357,0.905026351602972,11
1,8,0.999411479653078,0.978139219289894,11
2,8,0.99926575274436,0.744651573247346,11
3,8,0.997608014096004,0.882717321350567,11
4,8,0.995365934413584,0.49306243129548,11
5,8,0.996278549972296,0.65377101879056,11
6,8,0.993226306851049,0.44184361051364,11
1,9,0.999509461081559,0.884130038327156,11
2,9,0.999188281654294,0.484450555047013,11
3,9,0.997986673943205,0.824845966554361,11
4,9,0.99595785486701,0.33637600061156,11
5,9,0.995769806026093,0.681941406257465,11
6,9,0.993505703281282,0.0522015926207484,11
1,10,0.999430062538369,0.989454430037698,11
2,10,0.999230186723502,0.902271019286054,11
3,10,0.997943697441871,0.903721145442089,11
4,10,0.994693942768413,0.932363881251512,11
5,10,0.996623606457586,-0.0167959339343836,11
6,10,0.99315204142739,0.579995274483015,11
1,11,0.999454668921474,0.972072466486,11
2,11,0.999152867310829,0.990694319631015,11
3,11,0.997968896806493,0.862306479718584,11
4,11,0.995052637267831,0.950204719829883,11
5,11,0.996532679620339,0.281669001021225,11
6,11,0.993356928438568,-0.111939540175538,11
1,12,0.999403413880768,0.988001027114847,11
2,12,0.999135317533059,0.927616647986297,11
3,12,0.997900644766182,0.866712253997343,11
4,12,0.994965277315131,0.0421568697203034,11
5,12,0.995909506272224,0.580985574029723,11
6,12,0.993120010917613,0.595976618355284,11
1,13,0.999532402530429,0.975093332402551,11
2,13,0.999345071328918,0.71854291954021,11
3,13,0.998384272518668,0.678596288066854,11
4,13,0.995073399541205,0.712289570924796,11
5,13,0.996349083151014,0.874959100827404,11
6,13,0.993005258444078,0.528000584432616,11
1,14,0.99943334363566,0.956762025320115,11
2,14,0.999212551981207,0.580208877615114,11
3,14,0.998226836384326,0.588902224639025,11
4,14,0.995469063112539,0.762379329940965,11
5,14,0.997189512565545,0.341401100750059,11
6,14,0.992204356859259,0.637365609105301,11
1,15,0.999425092130366,0.978947897598775,11
2,15,0.999155084135997,0.956549241073827,11
3,15,0.998048390969221,0.849697788080799,11
4,15,0.994652806964716,0.952225322430687,11
5,15,0.996530343464604,0.241287440037873,11
6,15,0.993398023449431,0.673927776740861,11
1,1,0.99844920020576,0.985293579923316,12
2,1,0.99737114461351,0.936030056727443,12
3,1,0.993703091068939,0.883075013283025,12
4,1,0.985560938456912,0.759170229291481,12
5,1,0.987552289237548,0.472618709097076,12
6,1,0.979977186693354,0.14189179307479,12
1,2,0.998955533159639,0.936279861605917,12
2,2,0.997460961367747,0.884628760554616,12
3,2,0.993680138994609,0.866676918078458,12
4,2,0.983859374512313,0.591245884755623,12
5,2,0.989448164325565,0.2331211472048,12
6,2,0.977128805237085,0.853645116057452,12
1,3,0.998333762667546,0.973989475803829,12
2,3,0.99732522745999,0.964400351867403,12
3,3,0.992978488891296,0.752829911684559,12
4,3,0.985717707497174,0.812172764966452,12
5,3,0.9869421633069,0.671746449155987,12
6,3,0.977805193288321,0.854301283872726,12
1,4,0.998672368995299,0.854621291040273,12
2,4,0.997497405460057,0.895520838378613,12
3,4,0.993950565507285,0.777199106198008,12
4,4,0.984303883105993,0.812857382027101,12
5,4,0.988385047328538,0.939256326625324,12
6,4,0.979441970372543,0.814546862247145,12
1,5,0.998495569865666,0.944204131098976,12
2,5,0.997489336206545,0.878435368042372,12
3,5,0.993567090747812,0.742400375559596,12
4,5,0.993672673524868,0.690878413557765,12
5,5,0.985409171415598,0.608932613209815,12
6,5,0.983606241148451,0.939518906891322,12
1,6,0.998572664636655,0.96947483539723,12
2,6,0.997246272721969,0.874672586863347,12
3,6,0.992405079181752,0.939823363245253,12
4,6,0.98340496497775,0.947982249529418,12
5,6,0.986382749110236,0.502619146151332,12
6,6,0.978514961422128,0.747954803633701,12
1,7,0.998377924998046,0.999442888764318,12
2,7,0.996952128720589,0.996168652954619,12
3,7,0.993189834382387,0.854213455212581,12
4,7,0.985838667275468,0.841481546892157,12
5,7,0.986277737994163,0.699958280554934,12
6,7,0.978644350639349,0.896347386257504,12
1,8,0.998310722208911,0.996874284584522,12
2,8,0.997473982939541,0.90720289980741,12
3,8,0.994018769845205,0.669194959010269,12
4,8,0.983967052624688,0.930419385561615,12
5,8,0.987146140783497,0.518938228633442,12
6,8,0.980964950785772,0.426833069493316,12
1,9,0.998432547795803,0.915011077910995,12
2,9,0.997386603117587,0.844142925971195,12
3,9,0.993296359999832,0.670403599935765,12
4,9,0.984016336628304,0.194245597073544,12
5,9,0.986112540275839,0.514444627268108,12
6,9,0.979348344333343,0.29355019394934,12
1,10,0.998384067657277,0.999097140441169,12
2,10,0.997434665393848,0.967382587971425,12
3,10,0.993216185604393,0.848660127894891,12
4,10,0.98437234247045,0.702419886165537,12
5,10,0.986833534747895,0.547275774195206,12
6,10,0.979569357301871,0.169734004360851,12
1,11,0.998321066949586,0.945261320893509,12
2,11,0.997187915617278,0.901804428842154,12
3,11,0.993024187884191,0.814336733388808,12
4,11,0.983273908937934,0.495027365615635,12
5,11,0.986057851936297,0.55224057508853,12
6,11,0.980704922655983,-0.170295207111007,12
1,12,0.998528646517757,0.989773980976992,12
2,12,0.997396975748902,0.830956523859178,12
3,12,0.993149791531071,0.9525268299009,12
4,12,0.98358693661422,0.96944410110011,12
5,12,0.987163257933165,0.798817196873545,12
6,12,0.978886526847164,0.433657508765348,12
1,13,0.998477586152917,0.896051669848641,12
2,13,0.997152594615644,0.981753219149758,12
3,13,0.992626246620223,0.958022024925724,12
4,13,0.985098265987595,0.695951196703163,12
5,13,0.986966608246939,0.414373575460416,12
6,13,0.978599522757454,-0.204021073377213,12
1,14,0.998471972770095,0.976770440208902,12
2,14,0.997336174052174,0.878806256263129,12
3,14,0.992525970647759,0.978563622774908,12
4,14,0.983572774134951,0.98337053701811,12
5,14,0.986527790084706,0.711174066901984,12
6,14,0.979898495901276,0.765914348269288,12
1,15,0.998380028730205,0.99555586082548,12
2,15,0.996862655302631,0.986267666002941,12
3,15,0.992898902051892,0.973544329817284,12
4,15,0.98431201920132,0.609129684323422,12
5,15,0.987018420295065,0.585409768833164,12
6,15,0.978956337541783,0.562322905389892,12
1,1,0.999875312674174,0.969497890672076,13
2,1,0.999779603443081,0.982246928389722,13
3,1,0.99954542460115,0.981699621150563,13
5,1,0.999041505452069,0.877981563259844,13
4,1,0.9989699749578,0.526555396934308,13
6,1,0.998346910636831,0.529495834449168,13
1,2,0.999863794364795,0.981683005246917,13
2,2,0.999788981587923,0.840178464604417,13
3,2,0.99950808968306,0.840877467128625,13
5,2,0.998912404607067,0.668079715180315,13
4,2,0.999033727667752,0.295568028362569,13
6,2,0.998012933757898,-0.389740060012385,13
1,3,0.999874381969907,0.960167798270771,13
2,3,0.999770464829963,0.903177496527029,13
3,3,0.999576074480388,0.602909769133328,13
5,3,0.999124534728362,0.241585590886003,13
4,3,0.998715213409687,0.860088569520374,13
6,3,0.997913727927679,0.743416145510511,13
1,4,0.99987908017112,0.985261981404243,13
2,4,0.999817514889817,0.801527713587683,13
3,4,0.999550254353841,0.786157272492975,13
5,4,0.99890667626284,0.639443139362224,13
4,4,0.99883144446937,0.801900437644662,13
6,4,0.997988340198093,0.687984146524009,13
1,5,0.999886174206681,0.906146593263231,13
2,5,0.999810430302553,0.458803783332212,13
3,5,0.999661131175931,0.642031513533923,13
5,5,0.998977252730208,0.871186790463151,13
4,5,0.999096881118772,0.700974263257471,13
6,5,0.997940400659948,0.140393371890113,13
1,6,0.999888250402141,0.976386369713187,13
2,6,0.999831927021908,0.900954192285744,13
3,6,0.99964559472898,0.373808083771542,13
5,6,0.999192238793398,0.165241988784347,13
4,6,0.999127028941796,0.835255253915944,13
6,6,0.99795551010667,0.880858596701559,13
1,7,0.999879880961388,0.979410068047619,13
2,7,0.999775227686343,0.986303745062183,13
3,7,0.999582606541287,0.817799956818062,13
5,7,0.998933216101884,0.928636949593,13
4,7,0.999028183787779,0.695058892119009,13
6,7,0.997835837957364,0.924719948598139,13
1,8,0.999886944236132,0.90424548532467,13
2,8,0.999770462916588,0.986288309673095,13
3,8,0.999535482241689,0.879694420394638,13
5,8,0.99924426332102,0.765852809538052,13
4,8,0.998907931384673,0.915218186585511,13
6,8,0.997803086819934,0.494749144866323,13
1,9,0.999874143402601,0.850306100726171,13
2,9,0.999777457128168,0.942946559480237,13
3,9,0.999610431820367,0.502796735036553,13
5,9,0.999257907873986,0.544478231883346,13
4,9,0.99904744024771,0.0800769997575093,13
6,9,0.997830837734601,0.695900946927051,13
1,10,0.999874281370848,0.986136642172146,13
2,10,0.9997752151917,0.951479899657298,13
3,10,0.999559370632445,0.846675814995076,13
5,10,0.998907322068187,0.759497890949488,13
4,10,0.999133866022415,0.633196968809639,13
6,10,0.997785412543649,-0.0231780534949902,13
1,11,0.999874204235085,0.992972580139124,13
2,11,0.99977383378785,0.974100835352148,13
3,11,0.999510491483815,0.891869133455687,13
5,11,0.998770701160829,0.839233434591233,13
4,11,0.998760363268049,0.723059126082207,13
6,11,0.998037062606163,0.679999979915214,13
1,12,0.999896414562323,0.993677864695694,13
2,12,0.99982030698194,0.743788963544138,13
3,12,0.999629151015852,0.632810242755215,13
5,12,0.999477875961282,0.620076529035921,13
4,12,0.999208121856677,0.868061998835639,13
6,12,0.998858436783469,0.406575892740926,13
1,13,0.99989281078302,0.978300082158091,13
2,13,0.999805745201522,0.910009548615587,13
3,13,0.999605514973234,0.410976295062505,13
5,13,0.998975540670407,0.446947644730828,13
4,13,0.999103347612726,-0.225509251155695,13
6,13,0.997907959143425,-0.0342803764462769,13
1,14,0.999881265863745,0.983704395614677,13
2,14,0.999778618808634,0.971785645134412,13
3,14,0.999556864658393,0.957681630261458,13
5,14,0.998965640411478,0.328182041984281,13
4,14,0.999174431097995,0.940431828326281,13
6,14,0.997770983951429,0.119222423414997,13
1,15,0.999914981330679,0.95413488929508,13
2,15,0.999774551833868,0.951830570974007,13
3,15,0.999491951159333,0.969994875640064,13
5,15,0.999013409610671,0.630397869788077,13
4,15,0.999003452851276,0.774033123762318,13
6,15,0.997832896449372,0.800242864387171,13
1,1,0.998159214849465,0.988260984836094,14
2,1,0.997263176596532,0.944814761668966,14
3,1,0.993586485842435,0.874756201962353,14
4,1,0.986562918249509,0.0143490791313954,14
6,1,0.986961914348643,0.612564873763304,14
5,1,0.977567284817866,0.594639965645313,14
1,2,0.998240326103622,0.992086657189965,14
2,2,0.997319579967938,0.962806795226302,14
3,2,0.994066040053305,0.975796897766502,14
4,2,0.985941291992514,0.883222996582235,14
6,2,0.986090079092404,0.942294889363001,14
5,2,0.981179179532652,0.426895934788739,14
1,3,0.997993972612322,0.992781395569989,14
2,3,0.997523371629614,0.821977714159454,14
3,3,0.993615632985481,0.703249897620499,14
4,3,0.986937429838529,0.251630527517373,14
6,3,0.98760110365166,-0.599611985003616,14
5,3,0.977905341179283,0.213819079962969,14
1,4,0.998314741602307,0.970477784925743,14
2,4,0.997514115070438,0.772260207479335,14
3,4,0.993812407087526,0.84149788636162,14
4,4,0.985437191463318,0.89752491788713,14
6,4,0.986807283671409,0.401161630156521,14
5,4,0.978838686028361,0.937425998181907,14
1,5,0.998226749734558,0.991167613204463,14
2,5,0.997423560550037,0.921202829503475,14
3,5,0.995028217841399,0.543290458275827,14
4,5,0.984469069656238,0.87375020910981,14
6,5,0.98707428899519,-0.306317579906067,14
5,5,0.977459020282529,0.88797719688061,14
1,6,0.99839824673539,0.96392585116847,14
2,6,0.996938575078957,0.992084509312203,14
3,6,0.99364855039888,0.889190834115404,14
4,6,0.986481084486146,0.93842310990238,14
6,6,0.989245437933244,0.545031302409301,14
5,6,0.976432838380148,0.87744068280085,14
1,7,0.998183890889576,0.988065888397622,14
2,7,0.997298036703761,0.917100304322331,14
3,7,0.994746592567312,0.518009948829972,14
4,7,0.985964560586125,0.689812966888521,14
6,7,0.986080175844543,0.642874675701524,14
5,7,0.978913142318845,-0.118019134747038,14
1,8,0.998236383911774,0.990491815403516,14
2,8,0.997143158205186,0.979992166295914,14
3,8,0.993245438105263,0.979398477713945,14
4,8,0.985965630937956,0.975726985414123,14
6,8,0.986249805789057,0.435659516838537,14
5,8,0.978253435631457,0.171428247196826,14
1,9,0.998790572144945,0.948160732343118,14
2,9,0.997339291505066,0.834005999331493,14
3,9,0.99388925453923,0.803333519396424,14
4,9,0.992828589179941,0.711487426745677,14
6,9,0.986840960232628,0.0918367930705382,14
5,9,0.984564542683823,0.451662804355212,14
1,10,0.998512522726272,0.932376763914222,14
2,10,0.997029355307925,0.984737014384774,14
3,10,0.993860934937437,0.947556856718973,14
4,10,0.985546478851689,0.926308371917966,14
6,10,0.986113120749721,0.679610218329874,14
5,10,0.977553534896371,0.452204701073658,14
1,11,0.998211483182689,0.986184587769987,14
2,11,0.997114865719248,0.950755713856848,14
3,11,0.993731948946518,0.878049330650562,14
4,11,0.98674076228501,0.177800794924146,14
6,11,0.982500501954154,0.45722097714743,14
5,11,0.979345568344704,-0.136999052403706,14
1,12,0.998286272191739,0.967665466602064,14
2,12,0.99788043756163,0.614182348150237,14
3,12,0.993985599815012,0.875012037749728,14
4,12,0.986661016009632,0.899878509397765,14
6,12,0.987381702953223,0.200897135429282,14
5,12,0.979613482442394,0.123872753422397,14
1,13,0.998177478271222,0.99685704619554,14
2,13,0.997128460904157,0.840881587218692,14
3,13,0.993607166335958,0.888784388214173,14
4,13,0.985470816589382,0.849470110026543,14
6,13,0.986090915765245,0.417036289944366,14
5,13,0.977402033795891,0.903001607014209,14
1,14,0.998185129448019,0.970944496331869,14
2,14,0.996801132288978,0.992542202103982,14
3,14,0.993437058243867,0.973561152596376,14
4,14,0.985464468020157,0.914311968338582,14
6,14,0.988685397494714,0.855051769058833,14
5,14,0.978770103709208,0.59114359713912,14
1,15,0.99868999644663,0.927938205605077,14
2,15,0.997564979248013,0.787612729963499,14
3,15,0.993950889637601,0.888915764853115,14
4,15,0.988852541370447,0.701944090775661,14
6,15,0.987019529043648,0.567146152173093,14
5,15,0.980967121635211,0.534080035201342,14
1,1,0.999447977794276,0.958486426847439,15
2,1,0.99917071311048,0.920923326415315,15
3,1,0.998170350574445,0.852817448994342,15
4,1,0.995361239914179,0.700756679301907,15
5,1,0.996527614641087,0.876262343390711,15
6,1,0.990362183739359,0.376775693613663,15
1,2,0.999435381769882,0.983003630068702,15
2,2,0.999264647693755,0.907185815098563,15
3,2,0.997839744139501,0.976957663814972,15
4,2,0.995143213813041,0.708319642940656,15
5,2,0.995929592743655,0.51936428266753,15
6,2,0.99086374749853,0.700464791944228,15
1,3,0.99958655130122,0.962732694563265,15
2,3,0.999299459774217,0.928577818050741,15
3,3,0.99802326490124,0.888081733453048,15
4,3,0.995080282451905,0.819545731943493,15
5,3,0.996173298628468,0.812565346885071,15
6,3,0.991111309028934,0.0211855128881344,15
1,4,0.999407221006365,0.946396122845048,15
2,4,0.999151897076039,0.994873385642393,15
3,4,0.998084233003442,0.19611725003422,15
4,4,0.996879559362063,0.361987466687048,15
5,4,0.996033273598759,0.0199793049396005,15
6,4,0.99075932516048,0.858870753594089,15
1,5,0.999392317440057,0.99059956689343,15
2,5,0.999033639254609,0.982883875135124,15
3,5,0.997870255964049,0.963258005840245,15
4,5,0.99475564931407,0.903740184211165,15
5,5,0.996278554749075,0.887773303384152,15
6,5,0.990726379291462,0.675140717658532,15
1,6,0.999400819555038,0.945275390923658,15
2,6,0.999076176532822,0.989153180881025,15
3,6,0.998061027574593,0.725613916397474,15
4,6,0.99435123656095,0.970354987532756,15
5,6,0.996150655032446,0.825746968831716,15
6,6,0.990911641539683,0.827635274394888,15
1,7,0.999471892195851,0.98475811882055,15
2,7,0.999188520227908,0.89978481967919,15
3,7,0.997731749651727,0.694063035536865,15
4,7,0.998167134735122,0.785340133254776,15
5,7,0.996281450007645,0.591624678195508,15
6,7,0.995807749981566,0.464063646962964,15
1,8,0.99963573982137,0.968638581084861,15
2,8,0.999161717008992,0.929958177661716,15
3,8,0.998279082727349,0.835716460184989,15
4,8,0.994715764847803,0.959633487500949,15
5,8,0.996451103386569,0.57543933641769,15
6,8,0.991171138567656,0.718521420429567,15
1,9,0.999413383556151,0.993436972223989,15
2,9,0.999106668330957,0.963891864292942,15
3,9,0.998267027086705,0.800030146027293,15
4,9,0.994661035217868,0.833685689879718,15
5,9,0.996298685226659,0.64269741877539,15
6,9,0.991395942466182,0.545455646573261,15
1,10,0.999393359889232,0.965285752023255,15
2,10,0.999168611559013,0.725053030975922,15
3,10,0.997945034484327,0.970585202446481,15
4,10,0.994802781845525,0.635575891028389,15
5,10,0.996045572923821,0.737768109789583,15
6,10,0.991141807668083,0.589572049708426,15
1,11,0.999408715024685,0.96115368926936,15
2,11,0.99923674928208,0.442048076968582,15
3,11,0.998053536801926,0.425343925775014,15
4,11,0.99474954721572,0.593223380819067,15
5,11,0.994772457592492,0.895794724464355,15
6,11,0.992710771768894,-0.626326708539852,15
1,12,0.999493608997807,0.937784147141044,15
2,12,0.999119625600877,0.987211973246719,15
3,12,0.998036620549014,0.784419899088677,15
4,12,0.994776158657894,0.842114476309576,15
5,12,0.996033850497092,0.51504274885311,15
6,12,0.990869654229382,0.632227180136704,15
1,13,0.999404816958518,0.939317651034093,15
2,13,0.999090704247114,0.994895457919324,15
3,13,0.998144615761489,0.975547810063364,15
4,13,0.994785326029577,0.735310978019596,15
5,13,0.99667045749351,0.474885559889919,15
6,13,0.992769290079581,0.298960589187788,15
1,14,0.999412063723711,0.990425625479041,15
2,14,0.999100382726336,0.922553062283645,15
3,14,0.998070313412751,0.615742549519858,15
4,14,0.994567161519244,0.959133580107186,15
5,14,0.995081408714703,0.763704176328545,15
6,14,0.991120366405783,0.722927541442793,15
1,15,0.999375114575186,0.99133726234646,15
2,15,0.999181191829077,0.721886607828515,15
3,15,0.998010235677181,0.793327497407183,15
4,15,0.995212403164721,-0.127964211961568,15
5,15,0.996923284137021,-0.200645534606596,15
6,15,0.991886165646304,-0.0140278245945428,15
1,1,0.999838993950674,0.972015770804053,16
2,1,0.999800654564493,0.992539784828394,16
4,1,0.999554404924639,0.453309745697638,16
3,1,0.998733096926882,0.842993232621594,16
5,1,0.998914879200625,0.917557834321716,16
6,1,0.997520593431284,0.648333223932944,16
1,2,0.999835463216792,0.986586328688579,16
2,2,0.999802775451579,0.289085474053629,16
4,2,0.999649342245237,0.76096926192696,16
3,2,0.998842071236192,0.824830414670978,16
5,2,0.99896356828296,0.707226175276652,16
6,2,0.998461198155304,0.20155920449401,16
1,3,0.999834418838906,0.989791435432925,16
2,3,0.999810189945753,0.904369507229916,16
4,3,0.999518628163209,0.791694941362338,16
3,3,0.998704276382768,0.898379100156368,16
5,3,0.998684944016586,0.628429174228874,16
6,3,0.99746072740287,0.725957734701844,16
1,4,0.999835894265124,0.960477629859424,16
2,4,0.999800156031293,0.968828521657647,16
4,4,0.999538146825539,0.986191199827683,16
3,4,0.998800294242962,0.897363961182981,16
5,4,0.998895232474871,0.41354520840669,16
6,4,0.996990602905923,0.521360869497712,16
1,5,0.999909789179023,0.914186297101002,16
2,5,0.999842625705631,0.92932991613622,16
4,5,0.999531711400317,0.967467318757628,16
3,5,0.998856654396724,0.314001319827863,16
5,5,0.998970131899312,-0.415928356654399,16
6,5,0.997207191687138,-0.0143251730418734,16
1,6,0.999838883671536,0.951834275147648,16
2,6,0.999813762941319,0.887116097692663,16
4,6,0.999605010628073,0.490092365458039,16
3,6,0.999318534771765,0.767269079404823,16
5,6,0.999102159178526,0.643728953912979,16
6,6,0.998880927960343,0.5203752066977,16
1,7,0.999845579952296,0.991950562738569,16
2,7,0.999835773145208,0.922042658376037,16
4,7,0.999608050511935,0.7880726132315,16
3,7,0.998776121862149,0.883897778434557,16
5,7,0.999082308439746,0.440516659603641,16
6,7,0.997023494295999,0.634381464054079,16
1,8,0.999827705897493,0.980424165605268,16
2,8,0.999809539821508,0.734849560166871,16
4,8,0.999484712167684,0.887790293019666,16
3,8,0.998937863925834,0.815211842801416,16
5,8,0.998981885391421,0.813156861548703,16
6,8,0.997085641236021,0.784992001543114,16
1,9,0.999818750520571,0.97660482284933,16
2,9,0.999772268276254,0.962376092118168,16
4,9,0.999515703490922,0.834956594494833,16
3,9,0.998947035565501,0.690996882023615,16
5,9,0.998703244793184,0.51349638449293,16
6,9,0.996987890919323,0.829340270033276,16
1,10,0.999828492074703,0.97768424573906,16
2,10,0.999774564057089,0.987816487909805,16
4,10,0.999541342679263,0.21632526036969,16
3,10,0.998832227703428,0.7968537066082,16
5,10,0.999067618231811,0.145226285301873,16
6,10,0.996941975041471,0.734076007474162,16
1,11,0.999847433642071,0.746483162254866,16
2,11,0.999781677756834,0.990766965429837,16
4,11,0.999524609907395,0.767614179321249,16
3,11,0.998720701876367,0.543713468480651,16
5,11,0.998725410745829,0.539139331325409,16
6,11,0.997442523119041,-0.244586629145926,16
1,12,0.999850772094037,0.982681279449513,16
2,12,0.999778404168352,0.965039831330857,16
4,12,0.999472751637013,0.989520248878948,16
3,12,0.998830211538055,0.959401211106772,16
5,12,0.998864629914282,0.543970047421726,16
6,12,0.997005304442256,0.878266419392157,16
1,13,0.999827815088145,0.984687834131441,16
2,13,0.999795709838895,0.946248336078323,16
4,13,0.999578066280766,0.80474906983607,16
3,13,0.999077809754493,0.407510778322003,16
5,13,0.99889832152596,0.128234878486059,16
6,13,0.99719683890045,-0.300186912462565,16
1,14,0.999845285461601,0.987561800453982,16
2,14,0.999796599783653,0.907506113074836,16
4,14,0.99948827949927,0.99736810084761,16
3,14,0.999003219472783,0.799466842060067,16
5,14,0.998999072060031,0.869923895794708,16
6,14,0.99727889668493,0.776516501873393,16
1,15,0.999896785638173,0.905821845634432,16
2,15,0.999848157306122,0.885025785149962,16
4,15,0.999614998701192,0.486932030297272,16
3,15,0.998813480509904,0.815429616330427,16
5,15,0.998836425787726,0.614328844426503,16
6,15,0.997008211575161,0.727311272793308,16
1,1,0.999999963905552,0.98530119343838,17
2,1,0.999999917051422,0.965319582959782,17
3,1,0.999999889137876,0.49482789109355,17
4,1,0.999999673432879,0.864156629099939,17
5,1,0.999999720530498,0.00592410564438348,17
6,1,0.999999108375637,0.904787763110821,17
1,2,0.999999967500011,0.976931227260449,17
2,2,0.999999936126629,0.941925944103429,17
3,2,0.999999889455275,0.65946819803462,17
4,2,0.999999643396866,0.902959098520992,17
5,2,0.999999666663431,0.762091590652922,17
6,2,0.9999991424094,0.870491252350323,17
1,3,0.999999970045505,0.990867570036221,17
2,3,0.999999941125613,0.828895399312802,17
3,3,0.999999876848842,0.965350576262785,17
4,3,0.999999689194368,0.798214977799167,17
5,3,0.999999758310472,0.711128916045,17
6,3,0.999999155514574,0.587936363484966,17
1,4,0.999999967166299,0.932409488306274,17
2,4,0.999999920654295,0.983122904320564,17
3,4,0.999999882813851,0.538101063144769,17
4,4,0.999999659657976,0.937621080507548,17
5,4,0.999999666830574,0.748588382207453,17
6,4,0.999999115116436,0.946389414528946,17
1,5,0.999999972111226,0.92599215772572,17
2,5,0.999999934548612,0.992051100828972,17
3,5,0.999999884700652,0.95466100846532,17
4,5,0.999999685922388,0.730375071801357,17
5,5,0.999999740649891,0.647204480658112,17
6,5,0.999999216877823,0.506862621939553,17
1,6,0.999999972061927,0.967013820987544,17
2,6,0.999999922174317,0.840065071613642,17
3,6,0.999999835212752,0.925427265998187,17
4,6,0.999999649440547,0.937522952023613,17
5,6,0.999999733350658,0.104077751810784,17
6,6,0.999999316929592,0.404230189646237,17
1,7,0.999999962901733,0.981769609794096,17
2,7,0.999999922711081,0.784506021774927,17
3,7,0.999999866899394,0.803407384780588,17
4,7,0.999999694723012,0.624610825404452,17
5,7,0.999999650494764,0.704965656454242,17
6,7,0.999999167779909,-0.112945488950134,17
1,8,0.999999966569015,0.921464910830922,17
2,8,0.99999992210163,0.962178010840962,17
3,8,0.999999874284114,0.975935270082923,17
4,8,0.999999690115014,0.897202640433265,17
5,8,0.999999780955442,0.62773379224569,17
6,8,0.999999152522176,0.458732675682787,17
1,9,0.999999962842156,0.946287816516746,17
2,9,0.999999924002962,0.923452242532031,17
3,9,0.999999872490774,0.875815139566609,17
4,9,0.999999705269773,0.60188954030434,17
5,9,0.999999775572335,0.510112461218307,17
6,9,0.999999179546685,0.603916773656302,17
1,10,0.999999962872849,0.990557830416842,17
2,10,0.99999992429737,0.960711914716113,17
3,10,0.999999872459036,0.970266681747413,17
4,10,0.999999685952239,0.433655628447572,17
5,10,0.999999725814687,0.142993428284316,17
6,10,0.999999207579196,0.182955465938487,17
1,11,0.999999961784156,0.981858898650575,17
2,11,0.999999923363041,0.876072131897071,17
3,11,0.999999854892689,0.524673260088683,17
4,11,0.999999853935647,0.865035142612411,17
5,11,0.999999728009187,0.473122509076894,17
6,11,0.999999738370777,0.167226399304876,17
1,12,0.999999962586376,0.981781014526776,17
2,12,0.999999921190951,0.967043901493342,17
3,12,0.999999872668344,0.8177750068349,17
4,12,0.999999603115089,0.909686584068357,17
5,12,0.999999742494908,0.367115650256756,17
6,12,0.999999199009769,-0.155031638898618,17
1,13,0.999999962020003,0.99508114208996,17
2,13,0.999999918981594,0.952236178411722,17
3,13,0.99999988240431,0.421849120529222,17
4,13,0.999999648749086,0.869436471950978,17
5,13,0.999999734616543,0.480519131051644,17
6,13,0.999999162159391,-0.361347510055303,17
1,14,0.999999972525967,0.859511961339522,17
2,14,0.999999968112761,0.889709464637265,17
3,14,0.999999898076623,0.534403381783159,17
4,14,0.999999655612519,0.885772522480159,17
5,14,0.999999722886813,0.357919861992344,17
6,14,0.999999713335374,0.0459165517325115,17
1,15,0.999999963299718,0.900236360181484,17
2,15,0.999999909728645,0.988028223190269,17
3,15,0.999999863165707,0.986504179101083,17
4,15,0.999999749093753,0.0822665275162478,17
5,15,0.999999748649741,0.857720264697935,17
6,15,0.999999178053508,0.729465972241929,17
1,1,0.999845405083216,0.952308301931844,18
2,1,0.999734208112511,0.990469243816057,18
4,1,0.999439080821252,0.939671257100028,18
3,1,0.998758927826174,0.809950255948645,18
5,1,0.999180483940755,0.264407820609899,18
6,1,0.998228331981021,0.572442569161332,18
1,2,0.999850025922379,0.985208912314081,18
2,2,0.999803137777289,0.473075498533553,18
4,2,0.999457281847506,0.867025621891661,18
3,2,0.999092774935466,0.748595355673395,18
5,2,0.999127799750104,0.114956321793422,18
6,2,0.998298086758747,0.485195693776285,18
1,3,0.999845713486191,0.982781042783584,18
2,3,0.999801823149053,0.314518831040244,18
4,3,0.999536206535121,0.409341698281995,18
3,3,0.999488781813777,0.787181830014243,18
5,3,0.99898205157708,0.458897887338979,18
6,3,0.999076483429618,0.451246999940292,18
1,4,0.999852195727939,0.991460727057542,18
2,4,0.999773819080668,0.92942402834726,18
4,4,0.999462402165013,0.784387927377961,18
3,4,0.998957966821528,0.946235295417486,18
5,4,0.999069163633431,0.485543143155893,18
6,4,0.998153867760555,0.699406897560401,18
1,5,0.999845425339519,0.990938055712991,18
2,5,0.999765084804723,0.890423523723474,18
4,5,0.999481555289372,0.870405692541953,18
3,5,0.998942308002815,0.820638436188006,18
5,5,0.99883104038209,0.525359152389402,18
6,5,0.998362171960361,0.758482477513042,18
1,6,0.999856541630984,0.927294125283268,18
2,6,0.999768539809462,0.976061807386221,18
4,6,0.999436840879142,0.734337619428297,18
3,6,0.998936583044209,0.933415000229153,18
5,6,0.999013670177194,0.597141459242158,18
6,6,0.998381795196091,-0.184892191956584,18
1,7,0.99985365494108,0.974350107162589,18
2,7,0.999776329686567,0.934547569549998,18
4,7,0.999397033734521,0.989272364377276,18
3,7,0.999110181475249,0.503212643316159,18
5,7,0.999014998469169,0.736128730623168,18
6,7,0.998318855078261,-0.15128276459618,18
1,8,0.99988060303879,0.988541122542298,18
2,8,0.999778910824359,0.978741835177986,18
4,8,0.999522883155048,0.962936085115027,18
3,8,0.998868206331339,0.916570041736182,18
5,8,0.999140348837663,0.988679674952104,18
6,8,0.998369793787533,0.756826206255993,18
1,9,0.99984475503381,0.981125297633454,18
2,9,0.999770376880733,0.800530935126657,18
4,9,0.999481962598509,-0.345351573488084,18
3,9,0.999037177747613,0.55489242732805,18
5,9,0.999237596275292,-0.193899545001988,18
6,9,0.998160385807168,0.593727358678361,18
1,10,0.999845034017419,0.953583709769807,18
2,10,0.99980368686265,0.895375665802528,18
4,10,0.999580368380097,0.529094186087436,18
3,10,0.998939706906124,0.165621726219861,18
5,10,0.999113646190148,0.532442850269064,18
6,10,0.998401212563723,-0.0356934505078863,18
1,11,0.99987101515045,0.949981994766067,18
2,11,0.999728463185426,0.984919133201713,18
4,11,0.999412526966519,0.873920799272732,18
3,11,0.998994986023008,0.90544491391366,18
5,11,0.999033802507377,0.860011833556799,18
6,11,0.998243114280265,0.357456275702322,18
1,12,0.99986850624837,0.987046035663852,18
2,12,0.999789456810349,0.95190334517609,18
4,12,0.999553008868595,0.949081041694527,18
3,12,0.998988658652388,0.892865424216656,18
5,12,0.998992844383618,-0.142707076276109,18
6,12,0.998135601299382,0.915966327201027,18
1,13,0.999851673563366,0.956619073870419,18
2,13,0.999744348042479,0.962108646590118,18
4,13,0.999404256286411,0.873803312283953,18
3,13,0.998970986507278,0.562234869404182,18
5,13,0.999005129327322,0.0866009012637701,18
6,13,0.998252749621344,0.459814641278789,18
1,14,0.999916736150792,0.941631259696251,18
2,14,0.999771420136726,0.996561686282539,18
4,14,0.999438050470593,0.964201275984345,18
3,14,0.998984353218704,0.942523010788445,18
5,14,0.99901514433329,0.667779676323338,18
6,14,0.99837528299831,0.45997419419323,18
1,15,0.999884499359885,0.934340899350033,18
2,15,0.999768960619326,0.961949137284429,18
4,15,0.999568748305166,0.637695272550276,18
3,15,0.999082622651493,0.641954946504205,18
5,15,0.998898047210433,0.831115822618442,18
6,15,0.998409956816478,0.525328869456524,18
1,1,0.999868842762308,0.993664371296912,19
2,1,0.999795592361863,0.986739927386568,19
3,1,0.999593229421522,0.757563435762341,19
4,1,0.998884534533013,0.708788684963231,19
6,1,0.999190265170285,0.107893319215797,19
5,1,0.998593155510177,0.31442267555666,19
1,2,0.999878377678926,0.990797682127241,19
2,2,0.999821346710709,0.864442371721886,19
3,2,0.999586568904458,0.566015239838358,19
4,2,0.99952131264279,0.696279771011906,19
6,2,0.999212645046902,-0.174296041397104,19
5,2,0.999011320010224,-0.0728519977700706,19
1,3,0.999876497664844,0.962599357097505,19
2,3,0.999820648854451,0.891843831134425,19
3,3,0.999566465063212,0.739119399991673,19
4,3,0.999036963975541,0.801950168616749,19
6,3,0.999170629421577,0.318064247011516,19
5,3,0.99829814389469,0.746369458154912,19
1,4,0.999869256033692,0.981056435494611,19
2,4,0.999773822938729,0.98829385786795,19
3,4,0.999573233262441,0.973513157088479,19
4,4,0.99889445008108,0.608252254162007,19
6,4,0.999511256724803,0.452151024199097,19
5,4,0.998229993296864,0.649924411393679,19
1,5,0.999893009099639,0.956948479318261,19
2,5,0.999826474770888,0.975885462551446,19
3,5,0.999582413125187,0.982069456203479,19
4,5,0.998843394157398,0.897413674254097,19
6,5,0.999283159748798,0.89523129972826,19
5,5,0.998375471123086,0.699206689638612,19
1,6,0.999871971437087,0.983384277145209,19
2,6,0.999811374032247,0.713540239390669,19
3,6,0.999593575420293,0.761477790138396,19
4,6,0.99891869517321,0.129160183108474,19
6,6,0.999180966220411,-0.12840559299821,19
5,6,0.998443202505992,0.268110287760204,19
1,7,0.999879211837968,0.999405608139584,19
2,7,0.999822398501237,0.892219674973797,19
3,7,0.999669588186276,0.792678563314666,19
4,7,0.998882112257107,0.858322813386586,19
6,7,0.999143166973666,-0.179116383044888,19
5,7,0.998454272413064,0.510930429197853,19
1,8,0.999878613819273,0.933547879219128,19
2,8,0.999788381353332,0.992251476160775,19
3,8,0.999569025147955,-0.104946993374698,19
4,8,0.998864813106607,0.973102298426679,19
6,8,0.999140407264519,0.435177726301703,19
5,8,0.998435690721018,0.359366423924664,19
1,9,0.999926254807083,0.960801600974869,19
2,9,0.999816389383531,0.644500852187559,19
3,9,0.999515092348698,0.961519357469155,19
4,9,0.998998160623211,0.894706781382501,19
6,9,0.999200085445263,0.644119788305425,19
5,9,0.998429877179103,0.641356672813592,19
1,10,0.999886472355853,0.979212641818263,19
2,10,0.999808063217048,0.945893706608714,19
3,10,0.999565823657064,0.966842195328646,19
4,10,0.998923038455369,0.64366045360784,19
6,10,0.999322485961719,0.346244162446713,19
5,10,0.998363219749138,0.82629106589438,19
1,11,0.999876539480532,0.992653519792482,19
2,11,0.999811927889044,0.868932298624751,19
3,11,0.999567320923673,0.53744023846539,19
4,11,0.998960340790499,0.720802940448759,19
6,11,0.999175980769663,0.454254008009849,19
5,11,0.998449470404737,-0.548091200807764,19
1,12,0.999892836049349,0.989080953098326,19
2,12,0.99987818227198,0.886806461685121,19
3,12,0.999629647220466,0.923237610727737,19
4,12,0.998954135459776,0.931302285207576,19
6,12,0.999160363888178,0.834569601837861,19
5,12,0.998493112667505,0.635798873105384,19
1,13,0.999871769445563,0.97267643181806,19
2,13,0.999815750670433,0.825146525795254,19
3,13,0.999583499914503,0.739621008689999,19
4,13,0.998885955731109,0.739778170797026,19
6,13,0.999105782481681,0.779236141284131,19
5,13,0.998460415351647,0.414366546879599,19
1,14,0.999888644902214,0.896115231798603,19
2,14,0.999806721250466,0.944501400674644,19
3,14,0.999552755405726,0.62652515305672,19
4,14,0.998913441453916,0.885917631730036,19
6,14,0.998939832836488,0.725823221840652,19
5,14,0.998540041080961,0.8346322455057,19
1,15,0.999880120386562,0.942746195196411,19
2,15,0.999818790025157,0.956169738248558,19
3,15,0.99954860445108,0.785120498693104,19
4,15,0.999259132179699,0.447445404502755,19
6,15,0.999174709209994,0.483905865255094,19
5,15,0.998547087100605,0.459157393170791,19
1,1,0.999959024619033,0.942312585369168,20
2,1,0.999956024108372,0.642887134302891,20
4,1,0.999887143275771,0.635792725576779,20
3,1,0.999797037305458,0.951762555691798,20
5,1,0.999853702116627,0.138005817149321,20
6,1,0.99976177279939,0.724546634293106,20
1,2,0.999961397412196,0.975051099687749,20
2,2,0.999953664350661,0.890501248599478,20
4,2,0.999863564517628,0.93054587839518,20
3,2,0.999761668813553,0.90374578108925,20
5,2,0.999700614123833,0.772358073341947,20
6,2,0.99962756698632,0.82044577277966,20
1,3,0.999959699917178,0.975717100321515,20
2,3,0.999948682713296,0.966026200769422,20
4,3,0.999876036759275,0.861075774204708,20
3,3,0.999809625932907,0.863316124009935,20
5,3,0.999740943819288,0.792460391679094,20
6,3,0.99963314348311,0.707413487038286,20
1,4,0.99995930725041,0.908353451675723,20
2,4,0.999939827713312,0.981788664340608,20
4,4,0.999887483174943,0.226962109983774,20
3,4,0.99980860267224,0.225413468144528,20
5,4,0.999708421054763,0.280017924077933,20
6,4,0.999643804220323,0.667639369646027,20
1,5,0.999980150705257,0.925536666394413,20
2,5,0.999942521640224,0.992571819011035,20
4,5,0.999905180843154,0.826788740820391,20
3,5,0.999796833640221,0.978593569963239,20
5,5,0.999785862669889,0.422244096758302,20
6,5,0.999646791163776,0.877150737888235,20
1,6,0.999973532303719,0.880000342791802,20
2,6,0.999954842418683,0.876864019304991,20
4,6,0.999892888241235,0.977366141602475,20
3,6,0.999780824786554,0.876461525600452,20
5,6,0.999785489123364,0.863220493369083,20
6,6,0.999665694228518,0.698293861208119,20
1,7,0.999963882221791,0.939572607042911,20
2,7,0.999946872570365,0.913488271619655,20
4,7,0.999885010810264,0.791283506228621,20
3,7,0.999782941547222,0.927745325825401,20
5,7,0.999766744969716,0.698692432874995,20
6,7,0.999655900904704,0.663776670888698,20
1,8,0.999968756951859,0.973088359314538,20
2,8,0.999949796196723,0.934302699150749,20
4,8,0.999882672283822,0.881106938918783,20
3,8,0.99977362541811,0.917151708082057,20
5,8,0.999745582369677,0.620278066461264,20
6,8,0.999694153292761,0.104977168319028,20
1,9,0.999955288991817,0.988494706661981,20
2,9,0.999944214190029,0.980553994976609,20
4,9,0.999879130223087,0.985840239118335,20
3,9,0.999763369967173,0.838899197445979,20
5,9,0.999756928226977,0.952333294656427,20
6,9,0.99965238444116,0.365443731340621,20
1,10,0.999955924253322,0.997177103789497,20
2,10,0.999944720886515,0.989073907375145,20
4,10,0.999874374522009,0.19967338168265,20
3,10,0.999821073908421,0.772767557330272,20
5,10,0.999754106965899,0.601639455729404,20
6,10,0.999642033562786,0.674263729857453,20
1,11,0.999964881645334,0.952756991554286,20
2,11,0.999958582340934,0.782905991131649,20
4,11,0.999907867027746,0.764555905500282,20
3,11,0.999796622104047,0.843804703815487,20
5,11,0.999875956911534,0.605626480984513,20
6,11,0.999628236905772,0.0934680181405191,20
1,12,0.999955185439818,0.989244229220877,20
2,12,0.999951353224156,0.965944797112311,20
4,12,0.999882345495472,0.928943020103493,20
3,12,0.999854392211764,0.334614299680194,20
5,12,0.999752413825571,0.57301304479948,20
6,12,0.999637903539251,0.295554658067314,20
1,13,0.999955709807125,0.987769310012335,20
2,13,0.999953195707137,0.17380642275735,20
4,13,0.999912639543309,0.469597648216758,20
3,13,0.999877633503884,0.537517967238704,20
5,13,0.999774559744986,0.578708336891332,20
6,13,0.9998114778012,-0.599980558045048,20
1,14,0.999956960989602,0.995055735457761,20
2,14,0.999956624440551,0.959967786006082,20
4,14,0.9998766821004,0.925132970206635,20
3,14,0.999786991988316,0.89953246357425,20
5,14,0.999759622923922,0.372525911312782,20
6,14,0.999672542094912,0.612651131971823,20
1,15,0.999957873603336,0.895830062617014,20
2,15,0.99995149708287,0.97471695000201,20
4,15,0.999880763880867,0.755642369003437,20
3,15,0.999782520942893,0.912356826310213,20
5,15,0.999765456112003,-0.00561558735109257,20
6,15,0.999658709201825,0.74668683491204,20
1,1,0.999350417275104,0.955769862786419,21
2,1,0.99940186626315,0.824539692694074,21
3,1,0.998416892004342,0.189156029085123,21
4,1,0.995117401054138,0.915496765522787,21
6,1,0.996160502614725,0.687440183059519,21
5,1,0.993595328270857,0.78024431383089,21
1,2,0.999407301142229,0.988740598554192,21
2,2,0.999182965725267,0.923365979678815,21
3,2,0.998298141581172,0.910416958505968,21
4,2,0.994310107856121,0.866677199721562,21
6,2,0.99633576291713,0.371606799178491,21
5,2,0.99397460632993,0.506479012044981,21
1,3,0.999428155466332,0.980514578349922,21
2,3,0.999228912718722,0.987178830231691,21
3,3,0.998431499858275,0.902786220394623,21
4,3,0.994746267679645,0.89656241368011,21
6,3,0.996699813351556,0.733726768853371,21
5,3,0.993497307298752,0.778831819980849,21
1,4,0.999486957870842,0.92894463430894,21
2,4,0.999270446438276,0.953664593662042,21
3,4,0.998432233493581,0.891307127268684,21
4,4,0.995110485653848,0.891061450314595,21
6,4,0.996188906732072,0.50873102814021,21
5,4,0.99335105818699,0.674906135103856,21
1,5,0.999384557262024,0.989923100201465,21
2,5,0.999241801829704,0.911717489436285,21
3,5,0.998527484541932,0.420052305647263,21
4,5,0.995969142103905,0.69569443969756,21
6,5,0.996402031917885,0.701648273730794,21
5,5,0.995358818953139,0.391550434666441,21
1,6,0.99958396167052,0.831766032904614,21
2,6,0.999280469765313,0.900688693307317,21
3,6,0.998451192594158,0.734796679808027,21
4,6,0.996382625913234,0.648416426831158,21
6,6,0.994989090890706,0.845165748078189,21
5,6,0.993645921227759,0.783108383110624,21
1,7,0.999442942343987,0.968174179183216,21
2,7,0.999244559055881,0.978543098997826,21
3,7,0.998293937895596,0.975387008531576,21
4,7,0.996144401433415,0.00421856931971347,21
6,7,0.996800217122847,0.497441658928901,21
5,7,0.992960640782071,0.670601849342504,21
1,8,0.999460270571249,0.97735073176444,21
2,8,0.999301185941969,0.962282524625083,21
3,8,0.998506891040384,0.38107431162038,21
4,8,0.997707437611145,0.713991355672567,21
6,8,0.996317207766531,0.63807115486706,21
5,8,0.995570757587304,0.0947870278903484,21
1,9,0.99943013464733,0.898181452783317,21
2,9,0.999212495360776,0.844272501419155,21
3,9,0.998292744896674,0.952977585396744,21
4,9,0.995002560422668,0.737883081162128,21
6,9,0.996427381303178,0.0922856971069234,21
5,9,0.992982675056326,0.392857247168722,21
1,10,0.999376832310065,0.983576121357116,21
2,10,0.999134628247178,0.972114942945157,21
3,10,0.998340430173571,0.716509457566088,21
4,10,0.995306531406051,0.410374825205014,21
6,10,0.995401663213053,0.710851117022934,21
5,10,0.993253086867917,0.389529702115467,21
1,11,0.999379838286185,0.99208985057704,21
2,11,0.999253387610762,0.934297655403165,21
3,11,0.998254515093527,0.988475040252584,21
4,11,0.995300484557741,0.957737186774809,21
6,11,0.996945874982768,0.607179059292151,21
5,11,0.993402338341399,0.63858621103903,21
1,12,0.999417556682745,0.991889957067667,21
2,12,0.999253612698613,0.958213974929899,21
3,12,0.998513282037552,0.792391884313657,21
4,12,0.995494715719901,0.820129483859164,21
6,12,0.99646780241775,0.577225048063806,21
5,12,0.992708445934679,0.740138707323895,21
1,13,0.999421181451234,0.915690055155107,21
2,13,0.999308556113124,0.81832757454639,21
3,13,0.998576460122578,0.828011429011037,21
4,13,0.994994254959623,0.955629485202628,21
6,13,0.996292385806713,0.0451604593192571,21
5,13,0.993642741825824,0.735054814191717,21
1,14,0.999346549071332,0.977857093959334,21
2,14,0.999144981737535,0.980035428014854,21
3,14,0.998192113918193,0.885453728835997,21
4,14,0.995370100300191,0.800321106679209,21
6,14,0.996181586998893,0.772425575111149,21
5,14,0.993140354640108,0.418089825199214,21
1,15,0.999603851574555,0.957143059552957,21
2,15,0.999269317980462,0.96004005177626,21
3,15,0.998382090756564,0.967811036165803,21
4,15,0.995590148333073,0.908785492010672,21
6,15,0.996300286203806,-0.0895088841779315,21
5,15,0.993480219599456,0.226632451461503,21
1,1,0.999224972790477,0.975908157884739,22
2,1,0.999077517413603,0.963237433286484,22
4,1,0.99802939019718,0.293090585324077,22
3,1,0.994416567405879,0.899787608706767,22
5,1,0.994843324164339,0.674458021608347,22
6,1,0.991488945610537,0.773109530891674,22
1,2,0.999248634176195,0.980561207295482,22
2,2,0.998990365524178,0.953662377025013,22
4,2,0.997651651916713,0.976702236324106,22
3,2,0.994369114182431,0.0552564775625256,22
5,2,0.995728237036362,0.611745196116655,22
6,2,0.991572800417925,-0.260320310920532,22
1,3,0.999271482228034,0.97842392236596,22
2,3,0.999153424995246,0.884874228424811,22
4,3,0.997896536946984,0.634170650878501,22
3,3,0.995784717851142,0.619779366854372,22
5,3,0.995784001914066,0.864078602794947,22
6,3,0.991435709599549,0.732104790348213,22
1,4,0.999236549502472,0.949273745319428,22
2,4,0.999100108387954,0.918437219216012,22
4,4,0.997731782780911,0.815397442126438,22
3,4,0.994051495281265,0.851909357379347,22
5,4,0.995906362439915,0.850843883966848,22
6,4,0.991760821343033,0.294523864725417,22
1,5,0.999421658300584,0.935447759199369,22
2,5,0.999162391851887,0.929350132127285,22
4,5,0.998136691817433,0.54336159320437,22
3,5,0.995304001580217,0.772656141607937,22
5,5,0.996191378444585,-0.00778291717982477,22
6,5,0.990691705926021,0.807347890840821,22
1,6,0.999276962122002,0.990454474439884,22
2,6,0.999057277932088,0.979344616480854,22
4,6,0.997697064434476,0.887539029906089,22
3,6,0.99451649457667,0.358789966834177,22
5,6,0.995699770590005,0.889766774881133,22
6,6,0.991835688896433,-0.33301841300656,22
1,7,0.999223229766975,0.991408870277493,22
2,7,0.999095148577309,0.893420851323072,22
4,7,0.997822411430479,0.536880899392021,22
3,7,0.994522596588768,0.718793142999504,22
5,7,0.994664285944355,0.581101918414155,22
6,7,0.991690046375647,0.648345421488585,22
1,8,0.999275089378356,0.99396116000819,22
2,8,0.999089444197212,0.963881328319182,22
4,8,0.997878201074162,0.647278238061251,22
3,8,0.994168819858339,0.925273943644182,22
5,8,0.995704548931664,0.639801050381657,22
6,8,0.991282497401926,0.635287646017701,22
1,9,0.999476957949618,0.923015571862408,22
2,9,0.999230193874608,0.888654019046177,22
4,9,0.997803907157139,0.955191946906761,22
3,9,0.993649910261853,0.915682318774833,22
5,9,0.996605455481301,0.962460689602953,22
6,9,0.992685276074804,0.789135103187508,22
1,10,0.999241691678024,0.854466701570405,22
2,10,0.998936456551292,0.990795478815339,22
4,10,0.997885560285981,0.14261422446461,22
3,10,0.997397243687997,0.545422760381401,22
5,10,0.995767454118501,0.1598057416485,22
6,10,0.995508226510589,0.0100607943104315,22
1,11,0.999264312094126,0.885199449620294,22
2,11,0.999066127875856,0.973670357438206,22
4,11,0.997885659088988,0.250426120956297,22
3,11,0.993996999802934,0.967535417529568,22
5,11,0.995620206100291,0.379082005093836,22
6,11,0.991457282646803,0.913697429217284,22
1,12,0.999287560729207,0.984752303319484,22
2,12,0.99922196643714,0.895886156152976,22
4,12,0.997845574056463,0.960964308199673,22
3,12,0.994546187262399,0.843470428452821,22
5,12,0.995762549235183,0.73539043562614,22
6,12,0.991295783672085,0.541310137462673,22
1,13,0.999234477356945,0.942221520488012,22
2,13,0.99907641775303,0.972375557381781,22
4,13,0.997806431873347,0.256956902261575,22
3,13,0.99451863506131,0.784006183469175,22
5,13,0.995834484499831,0.529858893403521,22
6,13,0.991836326932126,0.037173466054122,22
1,14,0.999304129571531,0.972359821389689,22
2,14,0.999260143937134,0.85355161515314,22
4,14,0.997983306923931,0.886873342017717,22
3,14,0.994946779128859,-0.139716661721096,22
5,14,0.996647367938145,0.310617666203182,22
6,14,0.991648149544266,0.520748104772652,22
1,15,0.99922317452698,0.985092997417436,22
2,15,0.999076955616242,0.978327449990389,22
4,15,0.998059131525116,0.233392003332922,22
3,15,0.994652368681482,0.919151728492584,22
5,15,0.99654100042108,0.522133496030117,22
6,15,0.992340852681378,0.67989994126368,22
1,1,0.998761094111757,0.820258309657095,23
2,1,0.997093981839108,0.990134282228378,23
3,1,0.992643364244665,0.905391946633328,23
4,1,0.985207801901699,0.641125054020722,23
5,1,0.988661516051162,0.545689420551979,23
6,1,0.973559659366508,0.612020321145068,23
1,2,0.998450124012608,0.9766523473813,23
2,2,0.997512267653238,0.96810575243115,23
3,2,0.994891271939823,0.474654936247553,23
4,2,0.985479864542876,0.793602472410094,23
5,2,0.984158824541499,0.782441719962657,23
6,2,0.976654724139579,0.860874995324573,23
1,3,0.998421122735271,0.968664319555566,23
2,3,0.997496934325493,0.985467994703302,23
3,3,0.993216748115486,0.919893475521395,23
4,3,0.984668222979036,0.975358520649774,23
5,3,0.990285150718559,0.813914896816838,23
6,3,0.975676672366089,0.84809382633267,23
1,4,0.998356579877411,0.910954171124902,23
2,4,0.997596435633122,0.908083957924053,23
3,4,0.993613671650908,0.621172526433838,23
4,4,0.981282119146365,0.892140250734207,23
5,4,0.989677332623073,0.921009244693962,23
6,4,0.977243455539219,0.282781877467494,23
1,5,0.998257249305436,0.974708210870511,23
2,5,0.997950273251115,0.580689191051948,23
3,5,0.993025808106628,0.969347098185711,23
4,5,0.984837840697582,0.848227769571349,23
5,5,0.9900942246496,0.950767923078582,23
6,5,0.982038043891291,0.155764132895661,23
1,6,0.998146418362394,0.989530149057656,23
2,6,0.997193534013048,0.989429791026791,23
3,6,0.992949519631173,0.941496989775072,23
4,6,0.985062661972415,0.807790608667602,23
5,6,0.989232338675809,-0.176534377765854,23
6,6,0.973670988346071,0.94371011088693,23
1,7,0.998317545619139,0.986738834127605,23
2,7,0.997447109903177,0.940386042735734,23
3,7,0.993009986910012,0.957234427261671,23
4,7,0.983747360177424,0.704762335649032,23
5,7,0.989467849579947,0.291802823488654,23
6,7,0.975001873996215,0.635442857575608,23
1,8,0.998286783735073,0.984186993872036,23
2,8,0.997451265630303,0.899975827408137,23
3,8,0.994050091193609,0.789415418791262,23
4,8,0.984320055448939,0.413120360452459,23
5,8,0.989721070346931,0.798565358555849,23
6,8,0.97481499997147,0.109296483123119,23
1,9,0.997985062996408,0.988386308948619,23
2,9,0.99722882321462,0.97899194195759,23
3,9,0.99155024289022,0.915792797655474,23
4,9,0.987596961458439,0.670606417079385,23
5,9,0.989402109555396,0.895782628192795,23
6,9,0.975807989576905,0.590559939576536,23
1,10,0.99829571878065,0.98256449108025,23
2,10,0.997389237044228,0.97917132335559,23
3,10,0.99321232788261,0.712486821286113,23
4,10,0.983758316318452,0.451930518159412,23
5,10,0.989646769529357,-0.0161305603311137,23
6,10,0.976050342412024,-0.334038822839976,23
1,11,0.998191926143237,0.987518877437276,23
2,11,0.99784265114933,0.850727272939547,23
3,11,0.993998422908745,0.335390404470806,23
4,11,0.984922105281209,0.537619251131959,23
5,11,0.989751204220741,0.249505859195012,23
6,11,0.974113247763137,0.455090314132171,23
1,12,0.998384029360793,0.886161164371776,23
2,12,0.997625502433636,0.759322181522163,23
3,12,0.993649611261434,0.666041925683616,23
4,12,0.98568362672313,0.783423603327546,23
5,12,0.988644638102336,0.521260404570929,23
6,12,0.975214107520663,0.641188126059053,23
1,13,0.998142094673149,0.994096981887476,23
2,13,0.997780749812198,0.734704426200769,23
3,13,0.993798562668646,0.810024453814514,23
4,13,0.983507932587351,0.86377691334465,23
5,13,0.990939169580005,-0.171919286177547,23
6,13,0.976359403947677,0.649830962676887,23
1,14,0.998835051062681,0.950282848039688,23
2,14,0.997765345248393,0.576438164730324,23
3,14,0.993526540840482,0.486656113201085,23
4,14,0.992628598825509,0.708355779357535,23
5,14,0.98996369903646,0.245351776187497,23
6,14,0.985701317482833,0.207050169808225,23
1,15,0.998216236306061,0.988260981614425,23
2,15,0.997332140891257,0.940700077789429,23
3,15,0.992942285934693,0.962027237276933,23
4,15,0.983513310824078,0.83259678418303,23
5,15,0.988752409054096,0.966583963952917,23
6,15,0.975370140254738,0.541380458004765,23
1,1,0.997882475642079,0.894670893774934,24
2,1,0.996845392236496,0.991181372576541,24
3,1,0.99268626985019,0.678968116793127,24
4,1,0.9867768154011,0.712670364553704,24
6,1,0.985855527889186,0.297857927129207,24
5,1,0.981874910213126,0.546898130574383,24
1,2,0.997892358530572,0.991096354651714,24
2,2,0.997295466571486,0.963735647877007,24
3,2,0.993299083258708,0.862159833269425,24
4,2,0.989396713284023,0.67268264262394,24
6,2,0.98695737564192,0.479677551658695,24
5,2,0.980208463197995,0.878912872246031,24
1,3,0.997787230193028,0.992756878699907,24
2,3,0.997095437194039,0.987317775775016,24
3,3,0.993085548769861,0.703454601789705,24
4,3,0.986446866440099,0.876896434376604,24
6,3,0.987069898184338,0.586845315333772,24
5,3,0.981027036270269,0.770743194710021,24
1,4,0.997804608547742,0.992572030908815,24
2,4,0.997300369514437,0.474690392866844,24
3,4,0.993042818380948,0.623447725687196,24
4,4,0.992400027493504,0.601255454163182,24
6,4,0.986805673881957,0.782449334516556,24
5,4,0.985586896679196,0.680421067245587,24
1,5,0.997269509130664,0.908736330813645,24
2,5,0.998007257635342,0.937351451098721,24
3,5,0.991497410070495,0.795520350655014,24
4,5,0.985847876268398,0.149268291749433,24
6,5,0.987957193042435,0.0297014716228778,24
5,5,0.981628699305339,0.173981801955668,24
1,6,0.998021653384451,0.968043394090508,24
2,6,0.997298914467076,0.939697482713727,24
3,6,0.992132574659089,0.87945202060953,24
4,6,0.986233512770783,0.875820610553559,24
6,6,0.987170313996431,0.947370131359332,24
5,6,0.981402309668141,0.285910347955043,24
1,7,0.998331213813792,0.882042617938668,24
2,7,0.99730420119788,0.976068004683863,24
3,7,0.993039072854259,0.896656123177182,24
4,7,0.987175617376305,0.881887281039241,24
6,7,0.987398396799058,-0.29433443453289,24
5,7,0.979304578371403,0.728648323526516,24
1,8,0.99790891548716,0.987652341829503,24
2,8,0.997106955860077,0.951323848684762,24
3,8,0.992201025946185,0.967472277364534,24
4,8,0.986339259097908,0.540221279835802,24
6,8,0.987305556704911,0.763073567165561,24
5,8,0.981283055244727,0.302472225371437,24
1,9,0.997977038284996,0.951712664900245,24
2,9,0.997305453153626,0.965053744174541,24
3,9,0.992510452673182,0.935218405837903,24
4,9,0.986100025820468,0.909358760350309,24
6,9,0.986717249830458,0.896108356519537,24
5,9,0.981873749988932,0.438741094851059,24
1,10,0.998191861296902,0.887530347886999,24
2,10,0.997196263851234,0.975355016594324,24
3,10,0.992166063191285,0.802598322684661,24
4,10,0.987138798004575,0.845721410777837,24
6,10,0.988675311193546,0.418181003105413,24
5,10,0.981434756418299,0.0385920624017611,24
1,11,0.997759903280681,0.994149360845811,24
2,11,0.996954913229313,0.992709411012782,24
3,11,0.993013369973525,0.529637534777846,24
4,11,0.985115908461129,0.882778170533769,24
6,11,0.990046032720291,-0.1831278498239,24
5,11,0.980415784505832,0.668751168484249,24
1,12,0.997854612133051,0.991041882635753,24
2,12,0.997411289212464,0.897208141108424,24
3,12,0.993149873224282,0.856166411608321,24
4,12,0.986497434650506,0.910555074277414,24
6,12,0.987800450559254,-0.256759908459577,24
5,12,0.980487751020777,0.805199937466111,24
1,13,0.99807343844705,0.98038082756857,24
2,13,0.997365049977222,0.870793155522457,24
3,13,0.993784888781629,0.875754140245423,24
4,13,0.986179517576244,0.958462400926837,24
6,13,0.987390083864316,0.893143260503662,24
5,13,0.981754654821553,0.645280107717495,24
1,14,0.99855000652985,0.962666455126446,24
2,14,0.99755846893398,0.915794876295299,24
3,14,0.994149478671374,0.743178358234981,24
4,14,0.987504934980063,0.893522048292734,24
6,14,0.988483150476103,0.201590125720689,24
5,14,0.981674246701677,0.770387562480485,24
1,15,0.997859411294929,0.990139508597558,24
2,15,0.997683193837298,0.949374560257607,24
3,15,0.993741895562617,0.576977511355846,24
4,15,0.986995194682632,0.499183878459486,24
6,15,0.981212909336818,0.821761830848287,24
5,15,0.982793504265093,0.949921431667834,24
1,1,0.99997718034361,0.959461034493225,25
2,1,0.999960646358029,0.632888608528003,25
3,1,0.999907048607511,0.217395272457647,25
4,1,0.999883364560137,0.925822890855012,25
5,1,0.999769597682621,0.739283541401261,25
6,1,0.999843560426544,-0.75262467889815,25
1,2,0.999973278975187,0.996098711967424,25
2,2,0.999952726281591,0.965576858434985,25
3,2,0.999885459723317,0.953410009649858,25
4,2,0.99975759473132,0.831376766757535,25
5,2,0.999773327669585,0.866869184266766,25
6,2,0.999714669216426,0.318990031124944,25
1,3,0.999974163728382,0.909985598162591,25
2,3,0.99994846660265,0.969937024370123,25
3,3,0.999893762289044,0.965924490844377,25
4,3,0.999856110941173,0.708068276743534,25
5,3,0.999753063340257,0.841963238200626,25
6,3,0.999717348717661,0.64224777058445,25
1,4,0.999971693971048,0.992983739718657,25
2,4,0.999945401548188,0.967756330677011,25
3,4,0.999889461291511,0.865478590721654,25
4,4,0.999813844789815,0.804238741897524,25
5,4,0.99976706210424,0.668885106880547,25
6,4,0.999690291349208,0.769293165889794,25
1,5,0.999975955204226,0.967125393846667,25
2,5,0.999951389562243,0.965210129858799,25
3,5,0.999899284809805,0.856531872727597,25
4,5,0.999771621225713,0.692445910748091,25
5,5,0.999706824050632,0.710867679548967,25
6,5,0.999694072658747,0.593685490801021,25
1,6,0.999974410563078,0.89971427347612,25
2,6,0.99995457366458,0.777346052804472,25
3,6,0.999903775786988,0.491470523530131,25
4,6,0.999825603352825,0.402476976411911,25
5,6,0.999841631565038,0.421093341130879,25
6,6,0.999722713857704,0.645049464035379,25
1,7,0.99997975626882,0.983892189555838,25
2,7,0.999959401106484,0.946115972134795,25
3,7,0.999918496547758,0.74466088999737,25
4,7,0.999756217390963,0.878824308001064,25
5,7,0.999772382522415,0.821126363874367,25
6,7,0.999691490082274,0.916543378490962,25
1,8,0.999972572290333,0.99337494921015,25
2,8,0.999954106403815,0.984898913350121,25
3,8,0.999902662534672,0.84158274386241,25
4,8,0.999795336969705,0.51103204422978,25
5,8,0.999762903743747,0.584872864847695,25
6,8,0.999701650283998,0.109054314203994,25
1,9,0.999982862593734,0.941168388804216,25
2,9,0.999948236246857,0.981399524714129,25
3,9,0.999892889766634,0.93388228020351,25
4,9,0.999784867796407,0.814051073530472,25
5,9,0.999816577754695,0.571314891966682,25
6,9,0.999722961914814,0.891796729861432,25
1,10,0.999983873225604,0.958300092282255,25
2,10,0.999961415180356,0.951849222842061,25
3,10,0.999913307844032,0.961453531412399,25
4,10,0.999764817794951,0.913355040263974,25
5,10,0.9997675155048,0.554293931565012,25
6,10,0.999711617146721,0.801791903339416,25
1,11,0.99997440323845,0.870706124225035,25
2,11,0.999951624030376,0.991815076392709,25
3,11,0.999897162591634,0.576820552526175,25
4,11,0.999718786003476,0.906954680347467,25
5,11,0.999774215849518,0.567105048052722,25
6,11,0.999744836023526,0.689114697911112,25
1,12,0.999973829052053,0.989776552932442,25
2,12,0.99996578152226,0.921673005611361,25
3,12,0.999892891487532,0.97083018801262,25
4,12,0.999777964995477,0.870317820133895,25
5,12,0.999769062718584,0.434466972561437,25
6,12,0.999798229959361,-0.620731669001365,25
1,13,0.999974546684602,0.923532869991658,25
2,13,0.999952756485433,0.951921723897586,25
3,13,0.999893007116762,0.972950441503582,25
4,13,0.999763375675583,0.76324524457916,25
5,13,0.99977059772247,0.648656374224367,25
6,13,0.999691153666293,0.780515903564393,25
1,14,0.99997540036206,0.960299558133328,25
2,14,0.99995750178493,0.959626385228855,25
3,14,0.999897138601873,0.851712769056825,25
4,14,0.999758966482858,0.591369738213859,25
5,14,0.99970270868624,0.827176832159815,25
6,14,0.999696736419888,0.670827542115856,25
1,15,0.999974844033886,0.983221064022124,25
2,15,0.99995428210283,0.829497145551497,25
3,15,0.999901768373373,0.128053302761926,25
4,15,0.999779660626922,0.565098518339046,25
5,15,0.999750799250743,0.717202785424253,25
6,15,0.999693234401124,0.755609505801182,25
1,1,0.998469013437764,0.925744110357602,26
2,1,0.997177771496288,0.948264508563096,26
3,1,0.992561551075242,0.850421027213909,26
4,1,0.983930620995598,0.872243657878029,26
6,1,0.985740465562188,0.52224489679459,26
5,1,0.975077812927635,0.279980309351078,26
1,2,0.998192374038489,0.970911291559594,26
2,2,0.996976360335923,0.98001041247349,26
3,2,0.994503043297667,0.554569963824544,26
4,2,0.984728343849061,0.832335075130682,26
6,2,0.989386035041503,0.568620410541958,26
5,2,0.976595439713653,0.623969189433503,26
1,3,0.99889901942607,0.959845704094397,26
2,3,0.997019638253359,0.963921378402842,26
3,3,0.993458600421007,0.931577585796733,26
4,3,0.985352051809287,0.673525489705088,26
6,3,0.988648425051134,0.748467764400259,26
5,3,0.974631622360023,0.553622673736865,26
1,4,0.998286761605245,0.989121311656136,26
2,4,0.997315712493504,0.907029150910263,26
3,4,0.993925421991406,0.692382880360734,26
4,4,0.983843847996059,0.833578984219692,26
6,4,0.98960731893883,0.0467318283421366,26
5,4,0.976628166220272,0.453058314982022,26
1,5,0.99808277647048,0.982413636825178,26
2,5,0.997952421814251,0.188821477501901,26
3,5,0.993501313094885,0.557954482679569,26
4,5,0.991624106945079,0.767138854829005,26
6,5,0.9895708676412,0.593783269368731,26
5,5,0.985137482692032,0.24861311643464,26
1,6,0.998119786652649,0.980706989881446,26
2,6,0.997262780664003,0.955128056655043,26
3,6,0.992694507799714,0.935328277752401,26
4,6,0.984009932111366,0.823862697749002,26
6,6,0.988026152331785,0.0233562006873454,26
5,6,0.97353910865227,0.492294257940437,26
1,7,0.998157627171641,0.987094126759461,26
2,7,0.996740665226041,0.98612485970321,26
3,7,0.993018294837144,0.685772588248309,26
4,7,0.985383271828594,0.681993638379113,26
6,7,0.987937839030342,0.273934012422539,26
5,7,0.973052810956652,0.630967975993031,26
1,8,0.998352072904138,0.904440853408634,26
2,8,0.997041121358378,0.846392018778422,26
3,8,0.992859907888459,0.980085471483667,26
4,8,0.983329858194763,0.966441523257295,26
6,8,0.988222893441197,0.431519600676268,26
5,8,0.975869641290109,0.669794185734228,26
1,9,0.998063742118064,0.99815191714796,26
2,9,0.997185565203371,0.914481567708017,26
3,9,0.99294219946061,0.376017328445196,26
4,9,0.986715009925461,0.780732123527233,26
6,9,0.988197569354456,0.764845149499475,26
5,9,0.974516552103478,0.898608090202497,26
1,10,0.998395906708995,0.983512879592571,26
2,10,0.997176768445348,0.877439885032424,26
3,10,0.992878510541959,0.683757864600414,26
4,10,0.984133340468594,0.7837994988244,26
6,10,0.982944691864843,0.648810212144998,26
5,10,0.977493054025424,0.734236064010735,26
1,11,0.998089272360904,0.98847388692633,26
2,11,0.997079299411506,0.977138042973159,26
3,11,0.992930080958885,0.854601126328879,26
4,11,0.984219807586852,-0.295662626181181,26
6,11,0.987868863352216,0.205114471477162,26
5,11,0.973456953036966,0.649627264236029,26
1,12,0.998261118168054,0.989680875891799,26
2,12,0.996933128577294,0.991140278052804,26
3,12,0.994047206344946,0.633729540412534,26
4,12,0.985706998158343,0.847490922720926,26
6,12,0.988082729256785,0.644107486452389,26
5,12,0.974310658211161,0.724038035420767,26
1,13,0.99811567617414,0.990038485990593,26
2,13,0.99690752138126,0.954589732837678,26
3,13,0.993188952211587,0.810965587994888,26
4,13,0.983353855077438,0.843567444304855,26
6,13,0.987813178722795,0.0866529705164494,26
5,13,0.974838585278406,0.638774726024877,26
1,14,0.998277569677807,0.944318762421873,26
2,14,0.997100286299125,0.964515951570621,26
3,14,0.992938115204549,0.871066461708593,26
4,14,0.986485970736007,0.628359772039348,26
6,14,0.987208765131401,0.707915624631828,26
5,14,0.975944345211602,0.378899642127863,26
1,15,0.998173439641729,0.993292498811505,26
2,15,0.997562757542822,0.579950083038852,26
3,15,0.99259213865771,0.977245951307718,26
4,15,0.984415001327215,0.792205469690765,26
6,15,0.991337265488272,0.607081978857238,26
5,15,0.975326422009627,0.260994365069437,26
1,1,0.999870025270834,0.941932036140001,27
2,1,0.999815046824009,0.976792497437485,27
4,1,0.999492719248064,0.710434721545861,27
3,1,0.998892563672842,0.857226256209773,27
6,1,0.998950299615833,-0.179155352207433,27
5,1,0.998311715704621,0.711621330387544,27
1,2,0.99986338557177,0.990295327913734,27
2,2,0.999803289034476,0.385211371004983,27
4,2,0.999521132328712,0.509927583611942,27
3,2,0.999102115183169,0.588932338607238,27
6,2,0.999188499549542,0.218077063583983,27
5,2,0.997693272799565,0.654116784580338,27
1,3,0.999940525313039,0.911042316658588,27
2,3,0.999860013082635,0.785994264966893,27
4,3,0.999513861657718,0.976068335339451,27
3,3,0.999014827838999,0.8720113383703,27
6,3,0.998885805563906,0.674500281233058,27
5,3,0.99753667405536,0.691021893257938,27
1,4,0.999867576027515,0.966677811376859,27
2,4,0.999716987317482,0.991798882570591,27
4,4,0.999471946341935,0.751459196120988,27
3,4,0.998913418873481,0.965730476964008,27
6,4,0.998899598968797,0.537746485316787,27
5,4,0.997467402404656,0.807523933651162,27
1,5,0.999875171585455,0.924209061977376,27
2,5,0.999774317658815,0.854683150279789,27
4,5,0.999362728729151,0.956856462647489,27
3,5,0.998843977794907,0.79435429913342,27
6,5,0.998887693832586,0.905841480086019,27
5,5,0.997674094313701,-0.104321424841364,27
1,6,0.999883320365475,0.965616424690128,27
2,6,0.999809553764652,0.790248510540892,27
4,6,0.999528746392527,0.866474727866424,27
3,6,0.998955907254148,0.85482886757573,27
6,6,0.998499482405696,0.798490794258354,27
5,6,0.99810379981299,0.852666102103856,27
1,7,0.999863021121774,0.978759136602967,27
2,7,0.999785539175242,0.780035286410865,27
4,7,0.99949994686713,0.172594348911741,27
3,7,0.999447285961937,0.70236362632882,27
6,7,0.998871970685797,0.285117131341714,27
5,7,0.998964584646877,0.292221785337477,27
1,8,0.999866962607935,0.993284261509523,27
2,8,0.999792304038355,0.5910769825812,27
4,8,0.999556140381755,0.825212602737326,27
3,8,0.998925491445549,0.670026354094665,27
6,8,0.998916740904078,0.440596198844497,27
5,8,0.997702824142695,-0.204355691229268,27
1,9,0.999887875484484,0.970177824659004,27
2,9,0.999801918482637,0.982685479165859,27
4,9,0.999509290304899,0.633167572301609,27
3,9,0.998772151683984,0.928995816757049,27
6,9,0.998840307416578,0.649087688209674,27
5,9,0.997598289892353,0.727388061109731,27
1,10,0.999866695529337,0.991960802070512,27
2,10,0.999777816699744,0.933869388768118,27
4,10,0.999441710236435,0.885026502773477,27
3,10,0.998733565835445,0.857860148152773,27
6,10,0.999056223730536,-0.111605980709418,27
5,10,0.997638477662708,0.863654895969291,27
1,11,0.999885692359974,0.865428033383055,27
2,11,0.999783443053034,0.935014618071373,27
4,11,0.999431180236143,0.96104428144694,27
3,11,0.998959542465524,0.825614680993872,27
6,11,0.998861381408412,0.195751261715024,27
5,11,0.997437039747311,0.468527731860046,27
1,12,0.999872867182889,0.96306776540936,27
2,12,0.999778838011017,0.927167326702989,27
4,12,0.999594416198687,0.358595892965032,27
3,12,0.998868282409015,0.854235670042499,27
6,12,0.998852083152435,0.695890299447228,27
5,12,0.997455490915363,0.776316819524342,27
1,13,0.999873105684087,0.983088910748506,27
2,13,0.999749305587027,0.994750210954165,27
4,13,0.99946105861259,0.953715747537417,27
3,13,0.998867058356927,0.926763346490169,27
6,13,0.998865970486347,-0.0744295920942214,27
5,13,0.99760134931793,0.0543516336098401,27
1,14,0.999877247626121,0.994871441664259,27
2,14,0.999778014942059,0.988847725517435,27
4,14,0.999484440072475,0.930803474849974,27
3,14,0.998944312910536,0.896526576184572,27
6,14,0.998885782400119,0.833009466017955,27
5,14,0.997415794168652,0.8233877630867,27
1,15,0.999866519215961,0.99035285586747,27
2,15,0.999787045884721,0.867324976394562,27
4,15,0.999520135184178,0.534794590334224,27
3,15,0.998934317302338,-0.108660473766458,27
6,15,0.998939496852765,-0.104130796216571,27
5,15,0.99765649661427,-0.412530205070942,27
1,1,0.999417226153291,0.96873900894227,28
2,1,0.999160377986712,0.92447745817344,28
3,1,0.99796355265486,0.891373359464894,28
5,1,0.996281093493986,0.857584860788137,28
4,1,0.993408462446729,0.466821855720301,28
6,1,0.990607459481983,-0.643322733893699,28
1,2,0.999411383152722,0.957563458459868,28
2,2,0.999096228993069,0.934210855377491,28
3,2,0.997859272421566,0.896080896510227,28
5,2,0.996833834995966,0.345389857553688,28
4,2,0.992151174269526,0.903867575779376,28
6,2,0.993354348923648,0.342120979014716,28
1,3,0.999459619252763,0.917933972049058,28
2,3,0.999225365422601,0.897987793452931,28
3,3,0.998008995876886,0.736138382819162,28
5,3,0.99673558781235,0.15238626562754,28
4,3,0.994366700793074,0.83226783105297,28
6,3,0.990049303870518,0.58795744670135,28
1,4,0.999417297093584,0.988880139151858,28
2,4,0.999280858517725,0.88052233260952,28
3,4,0.998288018784362,0.833560331589834,28
5,4,0.995164597434464,0.222222078284122,28
4,4,0.994603092194352,0.789260475459334,28
6,4,0.989164215597763,0.622477467801428,28
1,5,0.999422201788917,0.968074309590314,28
2,5,0.999135344885295,0.746561874847335,28
3,5,0.997877564933828,0.648818017877964,28
5,5,0.997818863739252,0.786944098807187,28
4,5,0.997128154419046,0.265349404631618,28
6,5,0.99510888746329,0.478400377568749,28
1,6,0.999738125900212,0.990760658446625,28
2,6,0.999325634922813,0.910626475806135,28
3,6,0.998289622451749,0.957693412746198,28
5,6,0.997784358471819,0.169032473707721,28
4,6,0.993233674894464,0.972282968583722,28
6,6,0.990299362141967,0.695656596154248,28
1,7,0.999468299633285,0.894650915474286,28
2,7,0.999084374468539,0.924976836992405,28
3,7,0.9979275619858,0.901435694978703,28
5,7,0.996460750536133,0.909979371855365,28
4,7,0.993354071621091,0.955796413014804,28
6,7,0.98997710609434,-0.188163201172866,28
1,8,0.999425822511177,0.961180143990537,28
2,8,0.999118413335607,0.932285392005091,28
3,8,0.997946709604735,0.835914662210541,28
5,8,0.996730520310619,0.507259497509298,28
4,8,0.993132749461317,0.841815508434155,28
6,8,0.989512185036649,0.412977641622143,28
1,9,0.999410530974089,0.993455579936729,28
2,9,0.999050440368795,0.986131890168104,28
3,9,0.998407507193073,0.772983539425256,28
5,9,0.995160424366831,0.729653988534823,28
4,9,0.996618124178455,0.686068887283687,28
6,9,0.989465643922674,0.868505133598088,28
1,10,0.999421478898348,0.99136860653479,28
2,10,0.999084478766058,0.972818667746652,28
3,10,0.997920646150043,0.948197002967316,28
5,10,0.994972109344394,0.799352702354943,28
4,10,0.995079235694417,0.714961334721743,28
6,10,0.988141905161809,0.42347134303654,28
1,11,0.999590133449082,0.974942559663056,28
2,11,0.999144142424783,0.990343598122491,28
3,11,0.997809231238779,0.975631566682364,28
5,11,0.996391934487916,0.610623581270851,28
4,11,0.993229076450152,0.857620798345193,28
6,11,0.989525753172141,0.888347940600849,28
1,12,0.999449229723496,0.968050818961655,28
2,12,0.999132012634476,0.949166703031453,28
3,12,0.997889019088808,0.97096218722003,28
5,12,0.995821856047248,0.672254517596628,28
4,12,0.994727559126937,0.706433642353969,28
6,12,0.988844815949845,0.404496714317651,28
1,13,0.999357575922134,0.986512373428541,28
2,13,0.999115582439776,0.952028787717384,28
3,13,0.998104639810364,0.227254019588001,28
5,13,0.994951214825171,0.743369345463009,28
4,13,0.995135726221826,0.458576017620286,28
6,13,0.989879305727689,0.715117747182958,28
1,14,0.999357309299836,0.989539977823738,28
2,14,0.99917351304783,0.926432762977283,28
3,14,0.99787985785321,0.771985412709036,28
5,14,0.994451184003708,0.31616867076491,28
4,14,0.994962190224432,0.866246071099125,28
6,14,0.989160259543434,0.382158309893915,28
1,15,0.99943879894988,0.957966020989328,28
2,15,0.99903692836157,0.980164841312067,28
3,15,0.998186236960681,0.451356586387963,28
5,15,0.996607203512954,0.728137427354809,28
4,15,0.993386426123742,0.515466674449621,28
6,15,0.989138643590468,0.490413273227657,28
1,1,0.999849007011589,0.984908466490476,29
2,1,0.999783345305548,0.821171135442603,29
3,1,0.999466776825947,0.919350316951984,29
4,1,0.998922747447333,0.580488816493391,29
6,1,0.99893191227739,0.297299490740952,29
5,1,0.998417133651185,0.941971600404386,29
1,2,0.999926877127151,0.856427297890997,29
2,2,0.999776359989206,0.927154124649049,29
3,2,0.999532593582272,0.810613336211638,29
4,2,0.998887216298425,0.691550865142512,29
6,2,0.999214582758277,0.514560987345735,29
5,2,0.998561264596864,-0.383188244685512,29
1,3,0.999848263158988,0.959830115435549,29
2,3,0.999795526157517,0.969806168415587,29
3,3,0.99939638073388,0.881794580858368,29
4,3,0.998898953364985,0.852506645364476,29
6,3,0.999241350786268,0.416375044450242,29
5,3,0.998573798606823,0.822351620645094,29
1,4,0.999841666604439,0.953273747744661,29
2,4,0.999738394499653,0.994807631340617,29
3,4,0.999422884496508,0.679730472541788,29
4,4,0.998910941565893,0.930445734429097,29
6,4,0.999167826877069,0.872155502598464,29
5,4,0.998386975098075,0.884204817574776,29
1,5,0.999864718848152,0.971178707228804,29
2,5,0.99978864878297,0.992998310641868,29
3,5,0.99951391632721,0.930267556306016,29
4,5,0.998784608018221,0.954226675529045,29
6,5,0.999189868625991,0.352847514785551,29
5,5,0.998582334544752,0.715988103112671,29
1,6,0.999855275767296,0.986042876847274,29
2,6,0.999784886169735,0.883100745428384,29
3,6,0.999407524807532,0.710886217529235,29
4,6,0.999366449142832,0.755599833174069,29
6,6,0.999455899285909,0.507660619599475,29
5,6,0.998967686407938,0.375326724479735,29
1,7,0.999853460322067,0.884036781264238,29
2,7,0.999761626861863,0.963455222082607,29
3,7,0.99938249165373,0.844869256301593,29
4,7,0.998879114558533,0.748772133149906,29
6,7,0.999121242135505,0.567225721719191,29
5,7,0.998602253964989,0.45208478147483,29
1,8,0.999847108118823,0.975518863316515,29
2,8,0.999770175411814,0.951043165036411,29
3,8,0.999332782141065,0.831628673277086,29
4,8,0.998887977807131,0.825128879324521,29
6,8,0.998784566360117,0.467226303653056,29
5,8,0.998730194522837,0.820640053683525,29
1,9,0.999851007972054,0.9664523682838,29
2,9,0.999770908541429,0.857864345137103,29
3,9,0.999358307198476,0.98027381794031,29
4,9,0.999044554096913,0.655771256094607,29
6,9,0.999173626221456,0.913389605798739,29
5,9,0.998398863846905,0.417050661897054,29
1,10,0.999841388615965,0.978171420889398,29
2,10,0.999769112009871,0.887669256888196,29
3,10,0.999392556296474,0.751963714226878,29
4,10,0.998846078426514,0.891129946048468,29
6,10,0.999134467576598,0.755369969014899,29
5,10,0.998516550337717,0.668131326102413,29
1,11,0.999826746399527,0.994291333807069,29
2,11,0.999786386723675,0.907871351926603,29
3,11,0.99944020604582,-0.0539816765588581,29
4,11,0.998934548598832,0.775370987177208,29
6,11,0.999129865595273,0.323912500077687,29
5,11,0.99835297296465,0.975488564975227,29
1,12,0.999837400229254,0.997205353293518,29
2,12,0.99977243278644,0.90181085435258,29
3,12,0.999516740249129,0.503226977864923,29
4,12,0.999081324572108,-0.362874209350486,29
6,12,0.999154685700863,0.515042748523914,29
5,12,0.998377553661373,0.626959458017157,29
1,13,0.999842770912044,0.992689142616274,29
2,13,0.999756527051052,0.969783544277732,29
3,13,0.999363246509484,0.889194381160592,29
4,13,0.998891402868801,0.851852935923573,29
6,13,0.999135359204854,0.410419023729396,29
5,13,0.998492626506617,0.0501299514752585,29
1,14,0.99984279526961,0.796449768554307,29
2,14,0.999737732823105,0.991382851138127,29
3,14,0.999484420887814,0.629982564338637,29
4,14,0.998719326081294,0.920613138906269,29
6,14,0.999112259629662,0.299613229071021,29
5,14,0.998633125011593,0.522013249260012,29
1,15,0.999883279383499,0.963052781925449,29
2,15,0.999812151576926,0.914349011550954,29
3,15,0.99953090557143,0.684693579197199,29
4,15,0.998864059161224,0.599316669614064,29
6,15,0.999275512623347,0.615511006984037,29
5,15,0.998510557266964,0.0611952694803335,29
1,1,0.993934261783907,0.975194284347449,30
2,1,0.992965604357602,0.9979947371349,30
4,1,0.982419165857961,-0.191893468201872,30
3,1,0.967834197628937,0.966734799164699,30
5,1,0.969533114700321,0.885103828844172,30
6,1,0.949325718573428,0.776097508892439,30
1,2,0.995806325004241,0.920290651828176,30
2,2,0.994067030344934,0.911147469011818,30
4,2,0.982774992281736,0.708074110434427,30
3,2,0.980337960839828,0.821305845524317,30
5,2,0.971878564899238,0.411059755031037,30
6,2,0.962239228503387,0.549939016595982,30
1,3,0.993586165002613,0.980856171366412,30
2,3,0.994286336497447,0.755802268272596,30
4,3,0.984782777438152,0.698327015798278,30
3,3,0.970482643781136,0.606602803166621,30
5,3,0.970191282647569,0.275722725861443,30
6,3,0.951124644886541,0.181923231677171,30
1,4,0.993834869377207,0.990193609383571,30
2,4,0.994604474643325,0.931649928314102,30
4,4,0.981174046317816,0.979600158185866,30
3,4,0.968171264247309,0.979066486846293,30
5,4,0.970404985000465,0.795378877126235,30
6,4,0.95216368793218,0.718080208341613,30
1,5,0.993524290049767,0.998397877830984,30
2,5,0.99303492278042,0.976213812137064,30
4,5,0.98113855631502,0.981183667452086,30
3,5,0.968178620631183,0.83876767323465,30
5,5,0.969195639640877,0.737054595692342,30
6,5,0.948259470919573,0.636279389423495,30
1,6,0.993901031024368,0.978255301609526,30
2,6,0.993572458020392,0.97212977857459,30
4,6,0.982275109560278,0.948188086523419,30
3,6,0.96995254932275,0.740298771122318,30
5,6,0.970104495957588,0.401817837322443,30
6,6,0.954659320744177,-0.40016426662555,30
1,7,0.995305825474333,0.905240468211873,30
2,7,0.993926609468198,0.854221125755632,30
4,7,0.984350800623957,0.250294781888979,30
3,7,0.967789813686608,0.896042586717298,30
5,7,0.969581013047343,0.641458014054856,30
6,7,0.94729087389251,0.82616093701984,30
1,8,0.99391338551251,0.979150211547198,30
2,8,0.994014945589713,0.897191217730046,30
4,8,0.982150884455988,0.870203552992263,30
3,8,0.967973630199071,0.929259770166216,30
5,8,0.969693096692065,0.459414124587258,30
6,8,0.95005610223613,0.947191375649584,30
1,9,0.994595897869768,0.842244794786319,30
2,9,0.993347559782531,0.959306295649029,30
4,9,0.98325621218099,0.919186289568981,30
3,9,0.967353273031428,0.867453887058825,30
5,9,0.969727777569685,0.355156467384596,30
6,9,0.951899611266069,0.152203046583348,30
1,10,0.993454500421706,0.983048743312092,30
2,10,0.993471709786537,0.965744909542522,30
4,10,0.982197915488464,0.878021675850841,30
3,10,0.973857812838811,0.712156248899859,30
5,10,0.975620931511342,-0.0490342549325893,30
6,10,0.947791653664732,0.863703323022424,30
1,11,0.994730970155082,0.988096051807412,30
2,11,0.993175320793721,0.985325307904026,30
4,11,0.978132255456469,0.986065531814412,30
3,11,0.969462768961255,0.861634275882244,30
5,11,0.971329661563844,0.878707217662719,30
6,11,0.949931623222412,0.797188245243428,30
1,12,0.993584446851156,0.982099435803255,30
2,12,0.993790118325594,0.459735467572439,30
4,12,0.968673353229941,0.019158256421121,30
3,12,0.980221286658334,0.956803945602982,30
5,12,0.976115922095448,0.394860229538203,30
6,12,0.952685284596113,0.533699138587915,30
1,13,0.993627587267728,0.987577512500224,30
2,13,0.993882183060866,0.919445425398439,30
4,13,0.980879559008157,0.828932333477241,30
3,13,0.969484495779272,0.788851357580645,30
5,13,0.969991540137121,0.907649925632007,30
6,13,0.954072494786994,-0.374593000029069,30
1,14,0.994047829917784,0.982463072560591,30
2,14,0.994379060955859,0.74885118167316,30
4,14,0.984520579604822,0.805757128108177,30
3,14,0.967856987435981,0.787225281166424,30
5,14,0.962053493780909,0.843813641889304,30
6,14,0.947411360321532,0.922378322550793,30
1,15,0.993689916925106,0.978892237269091,30
2,15,0.993246557047854,0.941859272204399,30
4,15,0.981961945547604,0.534152678144046,30
3,15,0.970905415105753,0.534118210705541,30
5,15,0.96662092400358,0.246775170001969,30
6,15,0.948929496984702,0.768477297142401,30
1,1,0.9995996518578,0.928457053925979,31
2,1,0.999185051909184,0.984014625718855,31
3,1,0.998181107270722,0.970598529291596,31
4,1,0.996176754824091,0.90139880988116,31
6,1,0.996553133826395,-0.143627813416328,31
5,1,0.993423655805731,0.565433978953227,31
1,2,0.999462099968177,0.883183524008914,31
2,2,0.999167050319778,0.932587211042117,31
3,2,0.998187134853997,0.713858968406692,31
4,2,0.996224330150568,0.585951926526864,31
6,2,0.996571589712915,0.859114170096933,31
5,2,0.993574251265215,0.875780078585029,31
1,3,0.999355356085711,0.988383399923653,31
2,3,0.999131019030473,0.983597309129607,31
3,3,0.998088823560453,0.964351553752419,31
4,3,0.997934896601704,0.520064329829965,31
6,3,0.996480647156341,0.670800103769756,31
5,3,0.996756373350506,0.43430407641885,31
1,4,0.999364687105812,0.990892756168185,31
2,4,0.999129813548942,0.929371583643466,31
3,4,0.998408681405168,0.895114390690478,31
4,4,0.995723644635015,0.36675084919474,31
6,4,0.996770194320421,0.172107016967849,31
5,4,0.993855078014309,0.489371001072792,31
1,5,0.999383837820065,0.955963672663695,31
2,5,0.999318301592127,0.604691032002741,31
3,5,0.998476190936177,0.486350238812178,31
4,5,0.996713957354427,0.576813317267153,31
6,5,0.997148019249733,0.48876908878683,31
5,5,0.993376227169919,0.666884427774494,31
1,6,0.999341410087541,0.987564818050931,31
2,6,0.99907929163958,0.943217164262546,31
3,6,0.998155035941068,0.966209758713667,31
4,6,0.996038913081632,0.696765322514877,31
6,6,0.996547907461223,0.0964159202332886,31
5,6,0.993186552486635,0.338778076758157,31
1,7,0.999445755481592,0.972235590548986,31
2,7,0.999194628077406,0.879365980766384,31
3,7,0.998183208992649,0.928341929759444,31
4,7,0.995861327205335,0.94386141590077,31
6,7,0.995110431688511,0.402357977075147,31
5,7,0.99562568220102,0.841706980874881,31
1,8,0.999509569571502,0.985191805421595,31
2,8,0.99922464913066,0.845282964189806,31
3,8,0.998282362487343,0.884588932099127,31
4,8,0.996098547079217,0.637288742664223,31
6,8,0.996515565632919,0.805850180562014,31
5,8,0.993132446482397,0.225286421357971,31
1,9,0.999354912772281,0.9814094144268,31
2,9,0.999059379340263,0.982279736138476,31
3,9,0.998129101894138,0.887539646302986,31
4,9,0.996323083584097,0.850897233162751,31
6,9,0.996528296935667,0.628357828159981,31
5,9,0.993423776699508,0.706267065331973,31
1,10,0.999410549453369,0.934968163702355,31
2,10,0.999347006143256,0.83329758016742,31
3,10,0.998171388719991,0.985377603414872,31
4,10,0.996075766646852,0.66847461595511,31
6,10,0.995603624056448,0.409435544038315,31
5,10,0.993536939230195,-0.268436654241457,31
1,11,0.999319907905986,0.994707592003664,31
2,11,0.999147050752837,0.859076719935191,31
3,11,0.998354143886777,0.166112885210473,31
4,11,0.995711869858651,0.979529336814523,31
6,11,0.996635028839564,0.42375027671417,31
5,11,0.993366395709541,0.731436560981036,31
1,12,0.999390113855113,0.990922513768834,31
2,12,0.999169015030487,0.9720614400398,31
3,12,0.998216729893931,0.958447658287937,31
4,12,0.995344457298751,0.94112446073027,31
6,12,0.996564723358256,0.960347819161054,31
5,12,0.993742660173744,0.851309372898677,31
1,13,0.999396795012333,0.951034084580013,31
2,13,0.99925328782109,0.946911016477562,31
3,13,0.998064740224101,0.895652635351866,31
4,13,0.995942012631953,0.707989070362584,31
6,13,0.996607159484818,0.850920735492191,31
5,13,0.993420186663352,0.561561907635825,31
1,14,0.999354697006018,0.994566519491442,31
2,14,0.999147006977946,0.928830739070411,31
3,14,0.99813305825984,0.979673725519324,31
4,14,0.996124609843431,0.666136086118935,31
6,14,0.997432981980933,0.567264686805584,31
5,14,0.9931930522232,0.284994383424594,31
1,15,0.999450381101244,0.966145790959844,31
2,15,0.99922264691598,0.958139802470301,31
3,15,0.998196441125547,0.57400212926143,31
4,15,0.995730166029393,0.85559072698088,31
6,15,0.996624652988635,0.561836464778366,31
5,15,0.993355285919532,0.866312216449812,31
1,1,0.999487660641761,0.911554098080298,32
2,1,0.999069886772431,0.923223870315202,32
4,1,0.997948728634194,0.448268764136871,32
3,1,0.995481893311483,0.943555785425233,32
6,1,0.996114191214693,0.133195844027892,32
5,1,0.993581605375725,0.617403176570046,32
1,2,0.999146079880848,0.993867676133521,32
2,2,0.999087579933396,0.920437593903977,32
4,2,0.997628655415862,0.732150072240043,32
3,2,0.995299335425901,0.543357734544322,32
6,2,0.996050388297964,0.130467429563078,32
5,2,0.993771948984406,0.320222239481436,32
1,3,0.999245855893756,0.989035220782721,32
2,3,0.999126795503269,0.734689202694902,32
4,3,0.997497269294422,0.883830914282924,32
3,3,0.995591233133991,0.651369238346485,32
6,3,0.995074757064949,0.279568447817074,32
5,3,0.994141726001668,0.724114914735758,32
1,4,0.999319184380373,0.96755995978348,32
2,4,0.998925312522673,0.954818509744905,32
4,4,0.997564001042948,0.862635726646078,32
3,4,0.995498245226342,0.433367455478648,32
6,4,0.996466987479421,0.761822837458359,32
5,4,0.993061385285925,0.505978177626326,32
1,5,0.999571044525583,0.927602277641396,32
2,5,0.999118487968788,0.836182836539035,32
4,5,0.997840015114327,0.337338470747488,32
3,5,0.997258209855024,0.951672727470525,32
6,5,0.995686772773651,0.670630929097297,32
5,5,0.99531400694302,0.0587725768583513,32
1,6,0.999190761747752,0.972036763051347,32
2,6,0.998836316768086,0.987511286388702,32
4,6,0.997460685885069,0.800177614931938,32
3,6,0.995537426940328,0.922263370033491,32
6,6,0.996770873776953,0.326117759622251,32
5,6,0.992992913480439,0.917823595656437,32
1,7,0.999234449098282,0.974129531969351,32
2,7,0.999015960424143,0.797280216669327,32
4,7,0.99747967144929,0.530134334005349,32
3,7,0.99547574465498,0.676737980576008,32
6,7,0.995982574671537,0.777431628530664,32
5,7,0.993356606243954,0.330021345626952,32
1,8,0.999154478645388,0.980501919247773,32
2,8,0.998827653431386,0.993691259499914,32
4,8,0.997290156626801,0.899810900457164,32
3,8,0.995156643722583,0.710293991729728,32
6,8,0.995752984598253,0.448204085380047,32
5,8,0.993692387579003,0.324577497947013,32
1,9,0.999317050586011,0.941701359190716,32
2,9,0.999068174297123,0.907378513898198,32
4,9,0.997388518283102,0.933027882896638,32
3,9,0.99574365194471,0.769739940630345,32
6,9,0.994502939545849,0.600325126086299,32
5,9,0.993433128670879,0.953814492973331,32
1,10,0.999294657695402,0.839538242605908,32
2,10,0.999032423141336,0.928102064940941,32
4,10,0.997605599714664,0.954237727840836,32
3,10,0.995000416609925,0.851939744176407,32
6,10,0.995740944625981,0.47706308671829,32
5,10,0.994052109938385,0.417893417105082,32
1,11,0.999205443430778,0.985315215237782,32
2,11,0.998969800582419,0.990683619047667,32
4,11,0.997441626350791,0.895422819296584,32
3,11,0.995789236574847,0.936846115251922,32
6,11,0.995724732559088,0.303867405348075,32
5,11,0.993428346443313,0.719759332354614,32
1,12,0.999252479895579,0.973932603997188,32
2,12,0.998972280028213,0.876183009171528,32
4,12,0.997676013269439,0.711522935536295,32
3,12,0.995473633322601,0.513152949628022,32
6,12,0.995981677892752,0.597136760286485,32
5,12,0.99268529434785,0.83861019983239,32
1,13,0.999257828600277,0.967494624693393,32
2,13,0.998986927039478,0.977227169682074,32
4,13,0.997432937970251,0.620744241197014,32
3,13,0.995953990862135,0.684730392101276,32
6,13,0.996301818238711,0.727509897266225,32
5,13,0.992697348359891,0.943858045054676,32
1,14,0.99925016064468,0.973137593731652,32
2,14,0.998996915465332,0.907736856830422,32
4,14,0.997621231599239,0.761266259796367,32
3,14,0.99538449981546,0.935817714154764,32
6,14,0.995859409616201,0.684942551974544,32
5,14,0.993871799687217,0.427524824819653,32
1,15,0.999215918172271,0.960281237298573,32
2,15,0.999069697376008,0.867477090518295,32
4,15,0.997381835914231,0.6382501364188,32
3,15,0.995368346488137,0.855275340954017,32
6,15,0.996005329170901,0.353469008601142,32
5,15,0.993366193431125,0.624230405906586,32
1,1,0.988685298992428,0.840052376572146,33
2,1,0.987178639275683,0.930728914171436,33
3,1,0.968527393534545,0.214707495866915,33
4,1,0.926080979557315,0.878534705987286,33
5,1,0.947205348818806,0.261571260011389,33
6,1,0.901325188464596,-0.0958477767978293,33
1,2,0.989554766279357,0.882348399570228,33
2,2,0.986895346532465,0.935640316229235,33
3,2,0.970665011222393,0.934758196766489,33
4,2,0.921458864847852,0.758590363109287,33
5,2,0.927680668383586,0.679012174174862,33
6,2,0.904647464366598,0.960839091503713,33
1,3,0.988918111970205,0.980310898541777,33
2,3,0.98616967760447,0.951579111156753,33
3,3,0.964775667497304,0.96706355762777,33
4,3,0.925674928600802,0.905174297363712,33
5,3,0.940179993287318,0.695481612867218,33
6,3,0.898241825071122,0.769200751958536,33
1,4,0.989270955274194,0.93598433949685,33
2,4,0.985139973029839,0.99398217554541,33
3,4,0.964957115741332,0.775761658505111,33
4,4,0.936972780216151,0.509009007648914,33
5,4,0.933061308716768,0.820959614768806,33
6,4,0.895157674531681,0.316037397205507,33
1,5,0.98778094309593,0.998062899841092,33
2,5,0.986526242718324,0.939004090045267,33
3,5,0.964061834354115,0.900166291032769,33
4,5,0.923467142153954,0.976049703553965,33
5,5,0.943242347535901,0.544768254635689,33
6,5,0.899700211258985,0.764087747474086,33
1,6,0.991187657126087,0.719292108188667,33
2,6,0.985432389913835,0.959793598485037,33
3,6,0.964211742031172,0.824316537473103,33
4,6,0.925527356954336,0.751710992796808,33
5,6,0.939186777887175,0.0992721091671916,33
6,6,0.896333351573299,0.602382947780009,33
1,7,0.988350243748782,0.990337652840021,33
2,7,0.986713740426838,0.813279338592099,33
3,7,0.964822686786659,0.938028097280975,33
4,7,0.928725298900924,0.643330209631704,33
5,7,0.947334810285912,0.46270225034949,33
6,7,0.897907379061393,0.293776565046745,33
1,8,0.988565081259832,0.98915828273916,33
2,8,0.988355189127876,0.776170212521356,33
3,8,0.969415741379698,0.0689466385039009,33
4,8,0.928710132971552,0.45152567037774,33
5,8,0.940122995789468,0.870193043580161,33
6,8,0.884651996236022,0.794039792499499,33
1,9,0.989065096622711,0.961740200388185,33
2,9,0.987476022375993,0.820809718761931,33
3,9,0.968937343469651,0.878961577106448,33
4,9,0.925964610534811,0.664463712999552,33
5,9,0.946988461151328,0.713294027372412,33
6,9,0.896896168751742,-0.175348512317413,33
1,10,0.988642792979723,0.976851381173671,33
2,10,0.988539377295464,0.575448069105798,33
3,10,0.965496513246537,0.93263965198777,33
4,10,0.921815048956583,0.870429906432635,33
5,10,0.941205290386055,0.583859887568892,33
6,10,0.900579731225681,0.497102010558031,33
1,11,0.989336922567524,0.986801234733806,33
2,11,0.983319236937558,0.992890481401057,33
3,11,0.96273476269274,0.974049585072631,33
4,11,0.925828076172935,0.936912609359735,33
5,11,0.942626403924284,0.817360785473246,33
6,11,0.893385704774941,0.930048875103108,33
1,12,0.988052750899752,0.994407537267777,33
2,12,0.986159037595555,0.965065416721461,33
3,12,0.963290464594207,0.71496498774466,33
4,12,0.923164168140481,0.965666916270601,33
5,12,0.941953173369658,0.623195187077868,33
6,12,0.894592696782849,0.849721884188698,33
1,13,0.988815581613894,0.943221557880539,33
2,13,0.98520659390624,0.972135282863528,33
3,13,0.966106159691618,0.967195163346237,33
4,13,0.953574488327851,0.509553870695839,33
5,13,0.944853251107772,0.315280710536611,33
6,13,0.909022700741347,0.61767263046897,33
1,14,0.990704398606918,0.963008642569979,33
2,14,0.986909918311971,0.887394123890875,33
3,14,0.963092362302529,0.954520593428974,33
4,14,0.926933484089614,0.814692041755118,33
5,14,0.949431916294403,0.809817263645056,33
6,14,0.897855252060574,0.182584433618091,33
1,15,0.988840414946233,0.93542332559542,33
2,15,0.987855193499151,0.812897936815113,33
3,15,0.967865470101778,0.818579445018667,33
4,15,0.92648896370985,0.805125977329492,33
5,15,0.942060302523141,0.570445430730513,33
6,15,0.901752066276773,-0.098578679627983,33
1,1,0.999993161482738,0.958963683731651,34
2,1,0.999990842526955,0.944536463908776,34
4,1,0.999983640799775,0.782770334949263,34
3,1,0.999955956324787,0.697589232448617,34
5,1,0.999961195848667,0.378593976132364,34
6,1,0.999930494870333,-0.31874010907266,34
1,2,0.99999335323076,0.983138623299864,34
2,2,0.999990238821814,0.974020493815148,34
4,2,0.999982600477284,0.312293540701729,34
3,2,0.999956172714001,0.781876740514768,34
5,2,0.999959808008355,0.531836125092999,34
6,2,0.999920777634263,0.877030195152134,34
1,3,0.999994533788816,0.968586445019639,34
2,3,0.999992572067162,0.956455611593711,34
4,3,0.999983774159478,0.883093543371402,34
3,3,0.999953534579656,0.875375762209638,34
5,3,0.999947379054472,0.809437332050557,34
6,3,0.999923772366612,0.851568657416743,34
1,4,0.999995374965497,0.988627425606855,34
2,4,0.999991363162468,0.500318386014546,34
4,4,0.999981995386008,0.977698977599299,34
3,4,0.99998078629147,0.567304872175887,34
5,4,0.999967127772275,0.490154084789038,34
6,4,0.999948385457598,0.535027669825456,34
1,5,0.999994035364445,0.941539471949973,34
2,5,0.999990636464945,0.989682917594931,34
4,5,0.999983347156792,0.525204332915376,34
3,5,0.999960460513119,0.886541381665265,34
5,5,0.999957066280537,0.803135618001797,34
6,5,0.999918454644876,0.954320959525692,34
1,6,0.999993413702667,0.897997035354212,34
2,6,0.999990569289668,0.805315134899373,34
4,6,0.999981347142642,0.755884303841813,34
3,6,0.999964918161044,0.823310878256044,34
5,6,0.999964516688419,-0.056228443203138,34
6,6,0.999916983383317,0.284339466708364,34
1,7,0.999993349853095,0.974341340654945,34
2,7,0.999991224917735,0.95530273521455,34
4,7,0.999981914365239,0.80467964102222,34
3,7,0.999965155622677,0.682134931038322,34
5,7,0.999961301120021,0.0965100705323177,34
6,7,0.999935129101406,0.706762291558318,34
1,8,0.999993279928594,0.981386771908498,34
2,8,0.999990059281548,0.957072414815348,34
4,8,0.999978149029198,0.927986100849519,34
3,8,0.999954795181859,0.583420667456029,34
5,8,0.999961284461772,0.375796052085742,34
6,8,0.999943873320919,0.159355064137945,34
1,9,0.999992937360696,0.993503073775407,34
2,9,0.999990270348709,0.958076903161634,34
4,9,0.999981547971267,0.87252932077144,34
3,9,0.999958653814604,0.751106738996659,34
5,9,0.999956494020339,0.935838580410245,34
6,9,0.999920724242216,0.692170567464458,34
1,10,0.999995343811059,0.686801096591653,34
2,10,0.999992666066996,0.891756203901566,34
4,10,0.999983117978336,-0.100266024890268,34
3,10,0.99995385216182,0.956305195741829,34
5,10,0.999956396170558,0.859300327714012,34
6,10,0.999931293609992,0.756817654820443,34
1,11,0.99999351759164,0.992724607903329,34
2,11,0.99999451704029,0.818439660561391,34
4,11,0.999983130235806,0.946141529582615,34
3,11,0.999962234193331,0.880439286468994,34
5,11,0.999960813428149,0.586226231492103,34
6,11,0.999933472127777,0.393592084198026,34
1,12,0.999993911851378,0.953177598943071,34
2,12,0.999991492915271,0.825999224297877,34
4,12,0.999979625466521,0.930818717237746,34
3,12,0.999956235969477,0.735498526961021,34
5,12,0.999960208098861,0.302486809511839,34
6,12,0.999916197417532,-0.00159154123667429,34
1,13,0.999994944369592,0.829261514877016,34
2,13,0.999990937385425,0.917695867023929,34
4,13,0.999979585601922,0.968960102490903,34
3,13,0.999961562782842,0.603198031741917,34
5,13,0.999955257573804,0.905609715345957,34
6,13,0.999918970432471,0.614883996057585,34
1,14,0.999992978861357,0.997412817844271,34
2,14,0.999990695737723,0.973245201363165,34
4,14,0.999981994298413,0.764319057964104,34
3,14,0.999957163156764,0.911276891763248,34
5,14,0.999957443393276,0.753537671569695,34
6,14,0.999919574472434,0.336114700478011,34
1,15,0.999993208838272,0.996337057246495,34
2,15,0.999990759100902,0.706014782682595,34
4,15,0.999982225776843,0.939822951772129,34
3,15,0.999956783288582,0.630268990729209,34
5,15,0.999952581880415,0.729067971122998,34
6,15,0.999924866624396,0.0607315283707422,34
1,1,0.999855539324047,0.989549898488498,35
2,1,0.999790961564626,0.445962996589669,35
3,1,0.999489631699577,0.725690807761245,35
4,1,0.998670430882466,0.317854896819781,35
5,1,0.99907249130773,0.287104041868715,35
6,1,0.998435954647918,-0.461907169277581,35
1,2,0.999858574556824,0.988824924419716,35
2,2,0.999756727185516,0.946728004244142,35
3,2,0.999510494677731,0.281659667856371,35
4,2,0.998815457681556,0.917228553509222,35
5,2,0.998916517936773,0.693395829184569,35
6,2,0.998457711649864,0.952337478221127,35
1,3,0.999906503601588,0.975321708798515,35
2,3,0.999756448647717,0.974471668778234,35
3,3,0.999431873150263,0.841544327592149,35
4,3,0.998691610816687,0.798873523821462,35
5,3,0.999041945908658,0.659958711010689,35
6,3,0.99833207030416,0.164987554666132,35
1,4,0.999852809414341,0.975379743777144,35
2,4,0.999759761529261,0.724302546831182,35
3,4,0.999454505975541,0.871944124401607,35
4,4,0.999003787158958,0.61085019367021,35
5,4,0.99934125657706,0.458251387387663,35
6,4,0.99830204520752,0.711984770813848,35
1,5,0.9998550813114,0.979618648787336,35
2,5,0.999748891002625,0.948908512495032,35
3,5,0.999443493809714,0.669142423879463,35
4,5,0.998837438489686,0.646701863294253,35
5,5,0.998905108459582,0.337237218766464,35
6,5,0.998182052771124,0.708836711195556,35
1,6,0.999880639257877,0.958304790865205,35
2,6,0.999733837590812,0.987236509195318,35
3,6,0.999346067916988,0.985481235688888,35
4,6,0.998583631520435,0.94697327830264,35
5,6,0.999054950545646,0.905192468443117,35
6,6,0.998447380264837,0.671186313291094,35
1,7,0.999869772173552,0.826215176697444,35
2,7,0.999763531616454,0.940647299848365,35
3,7,0.999464516142496,0.983925679726765,35
4,7,0.998650386770323,0.894854951249999,35
5,7,0.998833492623242,0.786125753955782,35
6,7,0.998496398140972,0.431430499200062,35
1,8,0.9998522709843,0.873159945761048,35
2,8,0.999745824307283,0.984182383343773,35
3,8,0.999428879142979,0.967338412198331,35
4,8,0.99858127930158,0.946952024249058,35
5,8,0.998961200626898,0.929594217292662,35
6,8,0.998385409195544,0.429314530886376,35
1,9,0.999881534348216,0.992472783288903,35
2,9,0.999763568322015,0.982164949654249,35
3,9,0.999524473148165,0.869615127857725,35
4,9,0.998522960489198,0.91193183150293,35
5,9,0.998971364895931,0.590791626492864,35
6,9,0.998371626351938,0.693989033264088,35
1,10,0.999842411915014,0.994694282615895,35
2,10,0.999715295018217,0.981806125347077,35
3,10,0.99941707105572,0.953324914043483,35
4,10,0.998741003791582,0.816926030997264,35
5,10,0.998815364728923,0.534634775762721,35
6,10,0.998579469425867,0.578229279839165,35
1,11,0.999843162566062,0.980337198531234,35
2,11,0.999736368387828,0.943866926308342,35
3,11,0.999401369004943,0.894747487143555,35
4,11,0.998341816063248,0.832325416044314,35
5,11,0.998992003716919,0.831187652956166,35
6,11,0.998388318085259,0.323550331984556,35
1,12,0.999860644758643,0.779968421743727,35
2,12,0.999753361248125,0.937908580689407,35
3,12,0.999526124330607,0.0831123879266166,35
4,12,0.99857154502973,0.402800928394186,35
5,12,0.998972321986799,0.165147131012668,35
6,12,0.998370186461095,0.491951527298282,35
1,13,0.999848082303594,0.990950151756438,35
2,13,0.999760343748791,0.908817611631483,35
3,13,0.9994953474397,0.609327757731412,35
4,13,0.998714550434369,-0.52604448249404,35
5,13,0.999058798764646,-0.223629276017112,35
6,13,0.998230418968363,0.525496611119553,35
1,14,0.999873162327827,0.978680768155974,35
2,14,0.999796112123392,0.891404930703023,35
3,14,0.999560157333125,0.840228699402139,35
4,14,0.998787709365579,0.669804341173267,35
5,14,0.999021667509642,-0.231309106339629,35
6,14,0.998325094665745,0.958931807403631,35
1,15,0.999841559997442,0.997400376242766,35
2,15,0.99980415537891,0.832533061796357,35
3,15,0.999498605837712,0.366465647645421,35
4,15,0.999355946289937,0.675814103929607,35
5,15,0.999062950813793,0.672310588094839,35
6,15,0.998927353965293,-0.358181063753022,35
1,1,0.999809600731301,0.985986595001036,36
2,1,0.999761192134677,0.944857326394563,36
3,1,0.999492117794632,0.602046843316475,36
4,1,0.998416195728316,0.813494525840894,36
5,1,0.998749188165481,0.749945161759888,36
6,1,0.997857050809146,0.776685563402682,36
1,2,0.999865507306682,0.887584545066384,36
2,2,0.999768587713468,0.978698399203148,36
3,2,0.999466221322179,0.620097401748505,36
4,2,0.999451415537465,0.960332781855792,36
5,2,0.998866440079477,0.589501208161447,36
6,2,0.998948182263474,0.0280427543563277,36
1,3,0.999826790815767,0.988510806992734,36
2,3,0.999786573577973,0.854809242524982,36
3,3,0.999628719295284,0.744230301813316,36
4,3,0.99861565779138,0.781068648437798,36
5,3,0.9987429107494,0.736043388438494,36
6,3,0.997894949391036,0.890474180828093,36
1,4,0.999814350701313,0.984217120950408,36
2,4,0.999747898450834,0.970867843775879,36
3,4,0.999540046338823,0.927063377241014,36
4,4,0.998774192666282,0.470580095436007,36
5,4,0.998663813046945,0.847300982242621,36
6,4,0.997770208203653,0.724258798277981,36
1,5,0.999847381353836,0.981029451462446,36
2,5,0.999777672676892,0.967525239155996,36
3,5,0.999534992747293,0.924287036374344,36
4,5,0.999050604694587,0.774413941592273,36
5,5,0.998361763372681,0.797145909371931,36
6,5,0.997967502904275,0.852280470961148,36
1,6,0.999826110238051,0.917488588210362,36
2,6,0.999768241575463,0.944424348375759,36
3,6,0.999510773889111,0.843116685165973,36
4,6,0.998510624443236,0.663252056481978,36
5,6,0.998733668376804,0.75195044502066,36
6,6,0.997880000865507,-0.295431824375201,36
1,7,0.999824317596071,0.886544564014087,36
2,7,0.99975839982343,0.984458690119701,36
3,7,0.999498042950742,0.676367755964507,36
4,7,0.99866806849703,0.700821694704025,36
5,7,0.998774168401791,0.55337267050237,36
6,7,0.997762449210856,0.630138568407091,36
1,8,0.9998131115345,0.992757622236612,36
2,8,0.999762582015597,0.905665292113082,36
3,8,0.999530493021361,0.828419737911864,36
4,8,0.99841725737653,0.962635946703578,36
5,8,0.998961120177453,-0.383019583115696,36
6,8,0.997862039886201,0.876090659025454,36
1,9,0.999813877999208,0.976852095119164,36
2,9,0.999772609721965,0.975705175117103,36
3,9,0.999439637999969,0.995507838603366,36
4,9,0.998684308111231,0.742439876525624,36
5,9,0.99883778505821,0.468862340736155,36
6,9,0.997877231854531,0.463156313418809,36
1,10,0.999838132050792,0.95657503649419,36
2,10,0.999780026129976,0.964699874418875,36
3,10,0.999527481319436,0.864693476093908,36
4,10,0.998476421128632,0.949196360652108,36
5,10,0.998775419546956,0.867149936729079,36
6,10,0.997790733289069,0.878096511480003,36
1,11,0.999827028047963,0.939007749407836,36
2,11,0.999748541281078,0.987536434959325,36
3,11,0.999453094693269,0.992027839204725,36
4,11,0.998694008968134,0.873747553563988,36
5,11,0.998744322260091,0.265259922558953,36
6,11,0.998457467472334,0.539532856520181,36
1,12,0.9998978544603,0.93745634197566,36
2,12,0.999794158216167,0.783571938016289,36
3,12,0.999495024386858,0.90415657575443,36
4,12,0.998774168180703,0.8785307621841,36
5,12,0.998890210323122,0.355695439145404,36
6,12,0.997820243533935,0.781638599047394,36
1,13,0.999814645880415,0.991991027511303,36
2,13,0.999744847097282,0.972244527192335,36
3,13,0.999466337796033,0.954255950166965,36
4,13,0.998534469988668,0.0513663141643434,36
5,13,0.998840204809966,0.338792275375547,36
6,13,0.997891768446847,-0.451254739818748,36
1,14,0.999841526116461,0.916521235744257,36
2,14,0.999808892366693,0.993612535933967,36
3,14,0.999485416306249,0.961058090967952,36
4,14,0.998751735552191,0.749678785797458,36
5,14,0.998940057679646,0.488704048245668,36
6,14,0.998010032088841,0.462005239410994,36
1,15,0.999813688801616,0.993533802766604,36
2,15,0.999798458185056,0.752312227730682,36
3,15,0.999497458654602,0.874168956679164,36
4,15,0.998543334543193,0.636705051513393,36
5,15,0.998517937950573,0.511665865420295,36
6,15,0.998174597548612,0.142661281722678,36
1,1,0.999380646008364,0.995960803312612,37
2,1,0.999180378495918,0.939861242399861,37
3,1,0.99797905176945,0.958882120111317,37
4,1,0.996232061000821,0.655630050348609,37
5,1,0.996311544941121,0.377006946387494,37
6,1,0.993265103498953,0.892525857470621,37
1,2,0.999359693606693,0.994148247013049,37
2,2,0.999163365870839,0.963420180870693,37
3,2,0.997927260370368,0.967222787031131,37
4,2,0.995822140275062,0.7123180349879,37
5,2,0.994870837085264,0.788840316276504,37
6,2,0.994067018970766,0.475955123349967,37
1,3,0.999436289371751,0.991737840620001,37
2,3,0.999202879754779,0.702106726436341,37
3,3,0.99874566291605,0.462497303566292,37
4,3,0.995618415745367,0.642803428290145,37
5,3,0.996226988382435,0.331040089174096,37
6,3,0.993500435767158,0.794225198348014,37
1,4,0.99933638299149,0.99498866721626,37
2,4,0.999303852072631,0.717532753599696,37
3,4,0.998213927715704,0.267185884986559,37
4,4,0.995088607150513,0.667062570639553,37
5,4,0.996272983164562,0.562001462737916,37
6,4,0.993997530967273,-0.690713963124228,37
1,5,0.999394138275193,0.916050497611198,37
2,5,0.9992267909731,0.987966142706759,37
3,5,0.998091313526503,0.481597849836083,37
4,5,0.995744909396824,0.847829942519965,37
5,5,0.996024596555747,0.844633424312361,37
6,5,0.993461588514345,0.676960184258848,37
1,6,0.999442614336097,0.712920095774142,37
2,6,0.999054384754294,0.962197273452348,37
3,6,0.998177213943443,0.889362020127816,37
4,6,0.99542032201451,0.940910414064495,37
5,6,0.995762472968429,0.694980397597829,37
6,6,0.993533942669102,0.492586167054414,37
1,7,0.999443594189921,0.947384820324161,37
2,7,0.999209816738666,0.901675568615085,37
3,7,0.997914421430681,0.948055088538564,37
4,7,0.996432359536388,0.746956592250853,37
5,7,0.996387309908263,0.638267569627857,37
6,7,0.99348544365183,0.855894663551565,37
1,8,0.999372077401334,0.9713348060738,37
2,8,0.999060955695272,0.977406718970293,37
3,8,0.998029372983692,0.855180961535755,37
4,8,0.99518130501793,0.971888348407144,37
5,8,0.994404051851442,0.919750193400458,37
6,8,0.993848885097798,0.884646242036142,37
1,9,0.999548816105786,0.98255635263492,37
2,9,0.999245123398468,0.938667461110721,37
3,9,0.997652995611359,0.982994760351646,37
4,9,0.995611794524314,0.836989219221753,37
5,9,0.99589978445645,0.91816583993986,37
6,9,0.993582161942091,0.678794159379063,37
1,10,0.999382931242369,0.891645700423048,37
2,10,0.999163443479081,0.985983841203741,37
3,10,0.997879409048612,0.699483396976079,37
4,10,0.995204814243395,0.77352619270343,37
5,10,0.996213706914094,0.037302550930444,37
6,10,0.993329286254629,0.417484117077939,37
1,11,0.999373623122497,0.963997695853333,37
2,11,0.99919878263714,0.954965923322402,37
3,11,0.998004685004169,0.742050027568859,37
4,11,0.994724331054268,0.574747303642808,37
5,11,0.996930151239543,-0.456213490639692,37
6,11,0.993750765004994,0.572317194808826,37
1,12,0.999663045182092,0.965008513359568,37
2,12,0.999205294028706,0.921401504700303,37
3,12,0.997989360743504,0.947657771214419,37
4,12,0.995556773591929,0.21428909714054,37
5,12,0.99596293964204,0.462401927025984,37
6,12,0.99390174734953,-0.582225883147159,37
1,13,0.999309333929617,0.979443164672991,37
2,13,0.999322859862451,0.914396480932412,37
3,13,0.997911541621444,0.383175152885889,37
4,13,0.997627570775558,0.831699658472196,37
5,13,0.996163713177656,-0.0099386173276713,37
6,13,0.99526212116477,0.318690753159867,37
1,14,0.999423409417514,0.984838418680861,37
2,14,0.99924187114367,0.849731261346415,37
3,14,0.998020484894051,0.853870082394529,37
4,14,0.994943787916602,0.907570163438971,37
5,14,0.996142610992925,0.944758621572285,37
6,14,0.993553323215377,0.787021446254933,37
1,15,0.999346925601762,0.994945942249949,37
2,15,0.999164838339819,0.701477535348656,37
3,15,0.997652372780472,0.965821035692128,37
4,15,0.995382326382977,0.979290903193367,37
5,15,0.996052472758786,0.276547336175085,37
6,15,0.99442662484449,0.205046075683919,37
1,1,0.997970728951212,0.986210531873948,38
2,1,0.997225085196582,0.989050601585472,38
3,1,0.992779461363496,0.858834745654337,38
4,1,0.989723139730763,0.784943085795806,38
5,1,0.981522455615607,0.943685786468606,38
6,1,0.979893258583797,0.47135006204064,38
1,2,0.998057448726513,0.990928108695968,38
2,2,0.99710440805036,0.995307513647841,38
3,2,0.993179555506884,0.974037962522828,38
4,2,0.98817106065461,0.591083739719523,38
5,2,0.987157376709454,0.699880149837379,38
6,2,0.975895515688164,0.768502076910517,38
1,3,0.998142210741357,0.955891672168752,38
2,3,0.997419520083139,0.936080898429819,38
3,3,0.993049027122139,0.866695948817773,38
4,3,0.983032529210294,0.817096120787667,38
5,3,0.988565975219912,-0.389260251317028,38
6,3,0.979123744469077,0.516346907858225,38
1,4,0.998828442048751,0.943352668493566,38
2,4,0.997598235243312,0.867992442857493,38
3,4,0.993329851706102,0.981004768457614,38
4,4,0.984993900436541,0.624077931209791,38
5,4,0.986565399226413,0.651290384265886,38
6,4,0.980905243653633,0.742239131980708,38
1,5,0.998042953432875,0.994709999018837,38
2,5,0.997772804189463,0.796477920700419,38
3,5,0.993366104165397,0.932423850407754,38
4,5,0.983908794351158,0.864689420858862,38
5,5,0.988318779551892,0.876513561261249,38
6,5,0.981401281231249,0.0249211591974851,38
1,6,0.998053444446659,0.924292144844857,38
2,6,0.997552008978355,0.964587492203539,38
3,6,0.993130678891792,0.768043095902321,38
4,6,0.982873097586344,0.882803960867012,38
5,6,0.988906426600407,0.817141109568504,38
6,6,0.978141171081366,0.310493944130298,38
1,7,0.998170154076649,0.95946398696789,38
2,7,0.997598388606233,0.894126439213171,38
3,7,0.994356731623374,0.737354708786268,38
4,7,0.989606078374955,-0.159964793218304,38
5,7,0.982120596344954,0.908604869253002,38
6,7,0.978547353771568,0.763123497298898,38
1,8,0.998228287909558,0.960835984955732,38
2,8,0.997504890613669,0.901298718609518,38
3,8,0.992279263241527,0.978407159799566,38
4,8,0.983666970018395,0.935744171663965,38
5,8,0.989561649877682,0.721228840441348,38
6,8,0.979620546272624,0.310988583812741,38
1,9,0.998178410017178,0.961928174831678,38
2,9,0.997855057364239,0.881796719348642,38
3,9,0.993849736324233,0.845972106381863,38
4,9,0.984245157389218,0.780963632941604,38
5,9,0.984715541910382,0.675247858709854,38
6,9,0.980819226165669,0.47258871020933,38
1,10,0.998018194692892,0.998047309413517,38
2,10,0.99776521041356,0.762901932916111,38
3,10,0.994123689256297,0.51846437728707,38
4,10,0.992399956472884,0.638514273721296,38
5,10,0.989381997456789,0.710049178135143,38
6,10,0.985339694484843,0.637904272930488,38
1,11,0.998104601709771,0.980225761942808,38
2,11,0.99740589483469,0.871825648877906,38
3,11,0.99259166870097,0.88473988933995,38
4,11,0.980582476262931,0.741248466190962,38
5,11,0.989494976623073,0.290487129272541,38
6,11,0.978812914492142,0.561648656067138,38
1,12,0.998057929048968,0.984961310355777,38
2,12,0.997497223549982,0.994559625262597,38
3,12,0.99335049375129,0.0261430355532471,38
4,12,0.987112113393227,0.433795207126889,38
5,12,0.986572025216251,0.752738542934551,38
6,12,0.975902627548233,0.851198957751956,38
1,13,0.998317422052352,0.901372333128601,38
2,13,0.997529529200028,0.839989877060374,38
3,13,0.992506163129466,0.96251933900892,38
4,13,0.982609194292845,0.439112891711597,38
5,13,0.989144919509184,0.811937531292084,38
6,13,0.978978513715749,0.12323263748812,38
1,14,0.997932694887797,0.995711452579308,38
2,14,0.997609099421249,0.9473572522693,38
3,14,0.993106301680862,0.130097827234208,38
4,14,0.983727463211087,0.913924323486916,38
5,14,0.989021339369973,-0.0364214970416644,38
6,14,0.977905579985394,0.644260038892716,38
1,15,0.998279775401177,0.968451594439537,38
2,15,0.997524564105432,0.95427814046483,38
3,15,0.992905160899548,0.880781711348325,38
4,15,0.983013713185297,0.896994654036734,38
5,15,0.988802326959086,0.867454108036107,38
6,15,0.978733283371583,0.671151016131489,38
1,1,0.999849463595789,0.963537142390048,39
2,1,0.999782782998719,0.97869991651403,39
3,1,0.999401947850589,0.973451026390391,39
4,1,0.998523374533553,0.59215012523066,39
6,1,0.998731899449315,0.91960273528027,39
5,1,0.998260484289438,0.220095397444139,39
1,2,0.999845997347029,0.928953237092518,39
2,2,0.999773812772736,0.939386452456341,39
3,2,0.999541640601125,0.385377496478962,39
4,2,0.999410441892991,0.803854811805002,39
6,2,0.998837719309917,0.969389941048776,39
5,2,0.99865246063344,0.463084438029935,39
1,3,0.999841887035967,0.915741761437437,39
2,3,0.999779159675114,0.94957263044954,39
3,3,0.999408383474831,0.526755583822457,39
4,3,0.998563611006014,0.974362296880756,39
6,3,0.998343972129363,0.856075902828843,39
5,3,0.997806139002634,0.891016102952118,39
1,4,0.999858992258546,0.825606773529098,39
2,4,0.999814754494918,0.921073597696119,39
3,4,0.999511092165373,0.505450971129525,39
4,4,0.998777124685521,0.69328620623261,39
6,4,0.998669623614402,-0.081553073066592,39
5,4,0.997836256134174,0.787069795448365,39
1,5,0.999918025726744,0.956458657273479,39
2,5,0.999806308994674,0.780655968424334,39
3,5,0.999443490478137,0.971817220971789,39
4,5,0.998619955532773,0.791528863983553,39
6,5,0.998935997226492,0.0846210552935954,39
5,5,0.997818742737225,-0.0162392389989084,39
1,6,0.999827530737824,0.988890076960183,39
2,6,0.999795961300234,0.93380314006549,39
3,6,0.99936758956399,0.966824915514786,39
4,6,0.998590603156304,0.381947033012135,39
6,6,0.998795258285926,0.00333641656797402,39
5,6,0.99789103062171,0.291045287906169,39
1,7,0.999823276308742,0.995805429386073,39
2,7,0.99975706836131,0.984099278950681,39
3,7,0.999509059667335,0.825977281037723,39
4,7,0.998602090963885,0.750413102355388,39
6,7,0.998712946166527,0.588303159467339,39
5,7,0.99799806042694,0.240849808678882,39
1,8,0.999834135364693,0.862821376120752,39
2,8,0.999781985314026,0.968400687215432,39
3,8,0.999413642494066,0.621567532193121,39
4,8,0.998728107859946,0.588199906452122,39
6,8,0.998744314803818,0.508167440291033,39
5,8,0.997714698140578,0.831703577295339,39
1,9,0.999828169128826,0.997121857513656,39
2,9,0.999829557631707,0.955300729531666,39
3,9,0.9994035865683,0.966863453785298,39
4,9,0.999076684850019,0.125482855085334,39
6,9,0.998731655048845,0.702705126244115,39
5,9,0.997931966525314,0.826619129310971,39
1,10,0.999825885179643,0.966374319317941,39
2,10,0.999787164481856,0.95279883700554,39
3,10,0.999423964782632,0.878113435013891,39
4,10,0.998593973282825,0.516232468141693,39
6,10,0.99922962953196,0.0710956316433049,39
5,10,0.997841428096035,0.651448042902645,39
1,11,0.99985249951429,0.868252723887841,39
2,11,0.999812333684198,0.920836515921805,39
3,11,0.999438718767787,0.973436970782703,39
4,11,0.998488464341549,0.97311166859054,39
6,11,0.998756501827355,0.485375487298006,39
5,11,0.997907903569581,0.431852701287315,39
1,12,0.999868931696078,0.980742084037807,39
2,12,0.999804315955453,0.952768071272966,39
3,12,0.999480172385539,0.769503762279035,39
4,12,0.998646038307183,0.83208801347434,39
6,12,0.998768062791737,0.77868482958845,39
5,12,0.998107879454274,0.585548773026549,39
1,13,0.999832257452152,0.979414451543741,39
2,13,0.999782739163923,0.966286524399919,39
3,13,0.999384758883933,0.472353158372295,39
4,13,0.998506800007747,0.948008674183973,39
6,13,0.998734896014095,0.774671753058279,39
5,13,0.997928852366802,0.613385214590599,39
1,14,0.999843511902078,0.979067420277524,39
2,14,0.999791048425488,0.947964722468565,39
3,14,0.999416223140014,0.932076520075438,39
4,14,0.998489500445568,0.793879175254593,39
6,14,0.998774266190676,0.497935977643145,39
5,14,0.99776732935354,0.533648051678866,39
1,15,0.999835038265127,0.984479067413342,39
2,15,0.999769285754386,0.933037830866857,39
3,15,0.999467892663969,0.795241244983772,39
4,15,0.998643191550523,0.693100180699752,39
6,15,0.99897777251108,0.0304484245822551,39
5,15,0.997683210880227,0.771460253710645,39
1,1,0.998519406809255,0.841022234374517,40
2,1,0.997748014948589,0.891445429389147,40
4,1,0.99212860231287,0.97883119926633,40
3,1,0.986734015125394,0.767335986450732,40
6,1,0.983833022702263,0.75733917864618,40
5,1,0.979171256138632,0.889061494216847,40
1,2,0.99815914470552,0.977741286913721,40
2,2,0.997435107023527,0.945723981215014,40
4,2,0.991401693575866,0.976259124292225,40
3,2,0.985659185160756,0.676298803769975,40
6,2,0.989385194758302,0.819154145984856,40
5,2,0.981202953495083,0.254183570692715,40
1,3,0.998327084176938,0.980349908241002,40
2,3,0.997336179054229,0.927302743896163,40
4,3,0.991414074104187,0.851290873930441,40
3,3,0.985833644991411,0.871952391803053,40
6,3,0.98663873736632,0.418573220482956,40
5,3,0.980297893048035,0.838719606638616,40
1,4,0.99886439559326,0.96621410449011,40
2,4,0.997991085056883,0.861087061555698,40
4,4,0.994490662265798,0.727435548231859,40
3,4,0.985172286448836,0.959045096504506,40
6,4,0.988418044090903,0.603802008272836,40
5,4,0.980751296494848,0.64142036142748,40
1,5,0.998264735871902,0.92104858739341,40
2,5,0.997356790922342,0.975922664880882,40
4,5,0.993692044167844,0.380632361535198,40
3,5,0.993866744874902,0.672665950562631,40
6,5,0.986687892439218,0.197328630061841,40
5,5,0.983620841014217,0.0893021582506699,40
1,6,0.998105142408372,0.971138547026608,40
2,6,0.998367555298095,0.582723817278406,40
4,6,0.993196228701358,0.85157819168768,40
3,6,0.98556626854683,0.881301072659072,40
6,6,0.986795483032489,0.593605647227529,40
5,6,0.98052982043241,0.793628037789025,40
1,7,0.997853216986712,0.980155291131033,40
2,7,0.9973494375111,0.96838866580614,40
4,7,0.992519608444342,0.581161345912389,40
3,7,0.984300861067883,0.598754897325711,40
6,7,0.986915203656415,0.376839465609378,40
5,7,0.980765375184263,0.33476162458971,40
1,8,0.998133012583378,0.994306431453316,40
2,8,0.997531383127778,0.96204951198897,40
4,8,0.992920925043407,0.830196830690653,40
3,8,0.98481062734236,0.964534444193985,40
6,8,0.986401523760062,0.860615672952882,40
5,8,0.981524450486648,0.796762048736704,40
1,9,0.998038757572627,0.984805186153508,40
2,9,0.997059217151222,0.974883515484611,40
4,9,0.993236836658247,0.878360328640501,40
3,9,0.986470875166995,0.71534347918495,40
6,9,0.988226180923839,0.0802763371645443,40
5,9,0.979981138817207,0.810442143054357,40
1,10,0.998044189974677,0.995756395202087,40
2,10,0.997514581921261,0.962446013676119,40
4,10,0.992814585931721,0.866452746008382,40
3,10,0.988746440357541,0.617521631680178,40
6,10,0.989103817539535,0.329868169467725,40
5,10,0.978486196173858,0.891834652138198,40
1,11,0.998113869028127,0.988264710774037,40
2,11,0.997545155479189,0.907331528893551,40
4,11,0.992454815927044,0.950137299671823,40
3,11,0.984747572641401,0.964924225485647,40
6,11,0.987301042925021,0.359802831620181,40
5,11,0.981725454442853,-0.25743469630418,40
1,12,0.997777487219338,0.996483653831964,40
2,12,0.997216072963118,0.970587279607302,40
4,12,0.992477728439035,0.834723814378942,40
3,12,0.984682423793644,0.858804822731897,40
6,12,0.986650603946075,0.25025071731695,40
5,12,0.982097617820669,0.512057355481752,40
1,13,0.998072845851386,0.982004257322456,40
2,13,0.997575635362234,0.922634209995491,40
4,13,0.99313152419768,0.978374902645754,40
3,13,0.985569587071299,0.841112821116896,40
6,13,0.983648331644605,0.859469235952075,40
5,13,0.981618928617615,0.888349882724921,40
1,14,0.998110778101547,0.977971436305491,40
2,14,0.997856748750699,0.850763624451902,40
4,14,0.993566411453276,0.748925874521514,40
3,14,0.985733186263963,0.816719772104742,40
6,14,0.98771008359333,0.476060632649059,40
5,14,0.980967447248314,0.643639074303255,40
1,15,0.998088858393115,0.872063416319999,40
2,15,0.997227419818935,0.998856765898218,40
4,15,0.992912888466348,0.480634630400825,40
3,15,0.983790585658651,0.808442345223444,40
6,15,0.986208546235543,0.917598072939175,40
5,15,0.979786381202652,0.952294321367405,40
1,1,0.999517211350983,0.987105192894323,41
2,1,0.999229964640067,0.892544899171664,41
3,1,0.998473694408751,0.183001855787934,41
4,1,0.994543640327015,0.890555220330189,41
6,1,0.996059742322626,0.797122774667991,41
5,1,0.992648692201267,0.600794269223026,41
1,2,0.999410489561534,0.975231066987657,41
2,2,0.999045229917846,0.966955022097767,41
3,2,0.998077633799343,0.405971998744456,41
4,2,0.996126217627046,0.63981235700155,41
6,2,0.994798985404973,0.780930410012809,41
5,2,0.992157178638275,0.828038371518587,41
1,3,0.999410504142026,0.951373613876643,41
2,3,0.999013698887284,0.939569354870173,41
3,3,0.99789729373908,0.875514984479398,41
4,3,0.994814867684571,0.728526534749984,41
6,3,0.995437514136399,0.306477209403088,41
5,3,0.993535665701375,0.0575718852781401,41
1,4,0.99936641737777,0.987577421189172,41
2,4,0.999111511185268,0.940547414115927,41
3,4,0.998393773541655,0.804969754473439,41
4,4,0.994463720298439,0.413952605434804,41
6,4,0.995958285119501,0.224349544799195,41
5,4,0.991422330323685,0.758327227153992,41
1,5,0.999395086581314,0.987268158817968,41
2,5,0.999046414740477,0.96355745333712,41
3,5,0.998050550949094,0.864180014816442,41
4,5,0.996694905375353,0.778398186179734,41
6,5,0.993841242506657,0.788117876468798,41
5,5,0.992207690198762,0.727187625445704,41
1,6,0.999470971424515,0.924235746378473,41
2,6,0.99900524743861,0.990664388647519,41
3,6,0.997939622114906,0.865569333834203,41
4,6,0.995064786060017,0.786445100216625,41
6,6,0.995061426721911,0.639225324641395,41
5,6,0.991260027594697,0.870822021377657,41
1,7,0.999429782037946,0.956341255943691,41
2,7,0.999047462596479,0.975218868506239,41
3,7,0.998113876925765,0.685265462726106,41
4,7,0.994063308675565,0.734359969046785,41
6,7,0.995857617277136,0.395957978167876,41
5,7,0.992129853896538,0.88688647592911,41
1,8,0.999403123688884,0.994698563932213,41
2,8,0.999074992700068,0.928557686920507,41
3,8,0.998084696576942,0.819276693726441,41
4,8,0.994421794535277,0.448658270196299,41
6,8,0.991340086766041,0.194285095224042,41
5,8,0.993626229154162,0.903831934952263,41
1,9,0.999663400596146,0.932516045184781,41
2,9,0.999100016117592,0.969605890341444,41
3,9,0.998077774254984,0.992770728196539,41
4,9,0.996601279906048,0.166438242346032,41
6,9,0.994267150038082,0.907709863554855,41
5,9,0.991853505085433,0.67405072714538,41
1,10,0.999481779178415,0.978696817723552,41
2,10,0.999102284358872,0.945158420857652,41
3,10,0.9983706969429,0.975214488052957,41
4,10,0.996615408426882,0.640270886219165,41
6,10,0.994775351553024,0.690089172037416,41
5,10,0.992198866286934,0.432123980151597,41
1,11,0.999380242036375,0.995925612390374,41
2,11,0.999283751294334,-0.0124115320851194,41
3,11,0.998276231537197,0.907350884500538,41
4,11,0.995721772815716,0.631811399690386,41
6,11,0.996016817560718,0.936296423289735,41
5,11,0.992782651140355,0.541175841929022,41
1,12,0.99951710186981,0.962867795526565,41
2,12,0.999163056496439,0.755963738964786,41
3,12,0.998109077366847,0.904867760401486,41
4,12,0.997457044998692,0.40215649725897,41
6,12,0.996162773818586,0.820215710824344,41
5,12,0.995452588678877,-0.171580838419378,41
1,13,0.999383179859839,0.969718718741485,41
2,13,0.999093841760798,0.76791896271436,41
3,13,0.998117681484657,0.861126780827118,41
4,13,0.994171625625588,-0.0139217382700006,41
6,13,0.99598293508485,-0.408709714845324,41
5,13,0.992135626649172,0.441533229277978,41
1,14,0.999415654121331,0.989016890746438,41
2,14,0.99914365114968,0.97510769063021,41
3,14,0.998113602525596,0.94911505861502,41
4,14,0.99477969717953,0.960289692531316,41
6,14,0.995604085865392,0.893118654359306,41
5,14,0.992173801373259,0.526838632473207,41
1,15,0.999463933256354,0.976355138546982,41
2,15,0.998978863782045,0.986989957829756,41
3,15,0.998079246323307,0.986193381815602,41
4,15,0.9946483785096,0.802442203094713,41
6,15,0.996095032122168,0.563505454676897,41
5,15,0.991376877361052,0.739918405936038,41
1,1,0.999481474655098,0.990397390045439,42
2,1,0.999237533973479,0.966755882172564,42
3,1,0.998279064170875,0.969672311865971,42
4,1,0.996216788500601,0.811164047775129,42
5,1,0.99680988739694,0.239191353781349,42
6,1,0.990717061662807,0.670328582852618,42
1,2,0.999238652926046,0.994626784968941,42
2,2,0.999178166891026,0.95486637229459,42
3,2,0.998237315798541,0.807162659252793,42
4,2,0.994249264974964,0.664238238446167,42
5,2,0.995998708095407,0.32704287786043,42
6,2,0.991263067281846,0.781145277576979,42
1,3,0.99952667209505,0.894818453734174,42
2,3,0.999227368395827,0.980113050337698,42
3,3,0.998197720757925,0.941185203469871,42
4,3,0.994625404232927,0.833832112450423,42
5,3,0.996564551604808,0.540582147922568,42
6,3,0.991259502065333,0.346411620113703,42
1,4,0.999310881449279,0.972192191790255,42
2,4,0.999230865427779,0.97028161267033,42
3,4,0.998356735974501,0.899403047720303,42
4,4,0.99790516343972,0.569772406615585,42
5,4,0.993984542187044,0.878870878145737,42
6,4,0.991192755023237,0.605415673009222,42
1,5,0.999311712044405,0.944564900618901,42
2,5,0.999202946027986,0.942648556549017,42
3,5,0.998092098685909,0.972447639468601,42
4,5,0.994884705526715,0.850094869418821,42
5,5,0.996569868984168,0.770966059801012,42
6,5,0.990492437003015,0.40202344107158,42
1,6,0.999346047923531,0.992315702445621,42
2,6,0.999167163200384,0.970045642937735,42
3,6,0.998347643480853,0.699100876731312,42
4,6,0.994201974537776,0.527322344106571,42
5,6,0.996557656607259,0.380753720202312,42
6,6,0.991437088838105,-0.217722710899642,42
1,7,0.99930055673567,0.903402057636588,42
2,7,0.999178525938512,0.947550251457967,42
3,7,0.998212242738008,0.789660653054515,42
4,7,0.994390829055841,0.768252349867604,42
5,7,0.994959551525547,0.92459380425651,42
6,7,0.990623158368601,0.902683418419366,42
1,8,0.999250173868974,0.990461422540805,42
2,8,0.99921218468003,0.943919343318802,42
3,8,0.998278654640934,0.872856253595364,42
4,8,0.9949838175847,0.584970761400603,42
5,8,0.996307607805113,0.531613032481643,42
6,8,0.989723827106772,0.672265616096044,42
1,9,0.999308577530403,0.981096652779343,42
2,9,0.999094490296824,0.975266503229781,42
3,9,0.998090010986439,0.843906900623186,42
4,9,0.994531375573833,0.110087353904937,42
5,9,0.995353233534937,0.702673350618606,42
6,9,0.990706567566409,0.234010686035205,42
1,10,0.999212803542077,0.959569440565973,42
2,10,0.999268141149875,0.573868210746506,42
3,10,0.998140248384542,0.413443066909959,42
4,10,0.997851007013353,0.843265794390785,42
5,10,0.996613437581638,0.770809964459449,42
6,10,0.995509113757763,0.059462389104495,42
1,11,0.99922718887598,0.989706241684839,42
2,11,0.999208380509838,0.883231383830762,42
3,11,0.998061721053134,0.696432256309662,42
4,11,0.994801807028603,0.803910440537614,42
5,11,0.995214564752569,0.802521280740695,42
6,11,0.991330585402956,0.65847370110754,42
1,12,0.999220434021417,0.943333231926503,42
2,12,0.999326153239195,0.690690998268862,42
3,12,0.99818609806567,0.637389445912578,42
4,12,0.994941198945517,0.781163115356969,42
5,12,0.995650161652,0.709667455547066,42
6,12,0.990677280564899,0.685949889038794,42
1,13,0.999261174950733,0.973545175533189,42
2,13,0.999094453564893,0.982639552535649,42
3,13,0.998177026493223,0.977814420585218,42
4,13,0.995308573922974,0.387121886170848,42
5,13,0.995349195246443,0.470602861746266,42
6,13,0.991189475797893,0.706615520096297,42
1,14,0.999259358645753,0.993287636213403,42
2,14,0.999276723446212,0.600549536192516,42
3,14,0.998385070280305,0.812071373277791,42
4,14,0.994422393849242,0.822081087998892,42
5,14,0.995835539148746,0.810775519716521,42
6,14,0.991368248527086,0.254976523548141,42
1,15,0.999301497080488,0.963129625007387,42
2,15,0.999048568696972,0.99629325360609,42
3,15,0.998055412470079,0.923344643738866,42
4,15,0.994644257369193,0.843245712977144,42
5,15,0.996037763876347,0.623487652985802,42
6,15,0.990299476415078,0.836624329997815,42
1,1,0.997363775706496,0.98989698696971,43
2,1,0.997155531566523,0.949274646654674,43
4,1,0.993160982642402,0.756128404928987,43
3,1,0.985760306034204,0.345946945410611,43
5,1,0.989137496855212,0.752957985460643,43
6,1,0.971925663439628,0.353850750932798,43
1,2,0.99762875056507,0.992610576922495,43
2,2,0.997119362708977,0.973472992755905,43
4,2,0.993968896483137,0.507687579921744,43
3,2,0.984552956121451,0.876163725367042,43
5,2,0.985993790440838,0.713536515290754,43
6,2,0.973995542751474,0.438591430032091,43
1,3,0.997334816340231,0.979150429469473,43
2,3,0.996193668045698,0.946094956751375,43
4,3,0.993111463292049,0.36284275952019,43
3,3,0.992322699441302,0.699471645978233,43
5,3,0.986286873393183,-0.257154409351055,43
6,3,0.986320711125389,0.178387693424847,43
1,4,0.997615324788547,0.91875465144651,43
2,4,0.997082201421824,0.986166370943766,43
4,4,0.994186076887283,0.160010119442092,43
3,4,0.985865905053287,0.796694720107501,43
5,4,0.98412706689281,0.432291776932779,43
6,4,0.97337035624585,0.765971403260973,43
1,5,0.997740358032659,0.987814250656862,43
2,5,0.996791692962115,0.977390879254837,43
4,5,0.992398494275656,0.890181206276292,43
3,5,0.985312261805254,0.959463403576489,43
5,5,0.986019195765374,0.924360756228557,43
6,5,0.976062951954341,0.343221875256125,43
1,6,0.997646815646373,0.980799194332371,43
2,6,0.997033016501736,0.968185325312144,43
4,6,0.993092776915199,0.773668085704844,43
3,6,0.984175643908406,0.979349069227671,43
5,6,0.987342989395981,0.136802077545199,43
6,6,0.973659284456162,0.778946386157464,43
1,7,0.997647450431799,0.87805815766247,43
2,7,0.997209100274019,0.94434028163648,43
4,7,0.992019799942181,0.970172326313118,43
3,7,0.984844098873416,0.89306996732178,43
5,7,0.986066934680226,0.929860247215723,43
6,7,0.974161354839472,-0.398978921636124,43
1,8,0.997542426601883,0.968249360454784,43
2,8,0.997313896105557,0.81521672537426,43
4,8,0.992635817140815,0.878846263273171,43
3,8,0.988235403279782,0.671413667443087,43
5,8,0.986780166192257,0.728868758961497,43
6,8,0.973291555323773,0.68591080738401,43
1,9,0.998358704252155,0.931960486410508,43
2,9,0.997562104005015,0.732245035497635,43
4,9,0.994103925481845,0.829132399297446,43
3,9,0.985831012496196,0.897595808028231,43
5,9,0.986966870098807,0.585191444297494,43
6,9,0.979152219738223,0.351706629787551,43
1,10,0.997799619421875,0.928827317359978,43
2,10,0.997360381165019,0.872262472213239,43
4,10,0.993055832151174,0.321219882505951,43
3,10,0.984834463876028,0.842411868587761,43
5,10,0.985530480707989,0.260826645979627,43
6,10,0.971917714439671,0.851923681606518,43
1,11,0.997660575982974,0.985949322487422,43
2,11,0.997011112734515,0.967892929375338,43
4,11,0.992931738581003,0.961266099768656,43
3,11,0.984965053370398,0.968581582530281,43
5,11,0.985703050017747,0.44110966711749,43
6,11,0.973868715041624,0.973758272019325,43
1,12,0.997759447203884,0.949863498847043,43
2,12,0.997304424753402,0.870983497278478,43
4,12,0.992021951395981,0.90601991347643,43
3,12,0.985095358575056,0.851198862787209,43
5,12,0.985677391065842,0.658601309429798,43
6,12,0.977210780707411,-0.254553821913498,43
1,13,0.997526828415234,0.962986893597074,43
2,13,0.997260496672033,0.797635656291954,43
4,13,0.99312601276375,0.859472770185694,43
3,13,0.984196386983429,0.813170520847775,43
5,13,0.981663899300329,0.456574277828058,43
6,13,0.976225190705515,0.718753681413413,43
1,14,0.997477196199074,0.963706905250344,43
2,14,0.997626860272775,0.951605791684212,43
4,14,0.992758446803573,0.663231737789748,43
3,14,0.985346090520827,0.899476443887804,43
5,14,0.986374136144286,0.105394294656328,43
6,14,0.974796686096992,0.596104520135832,43
1,15,0.998211630778837,0.924917795280242,43
2,15,0.997259022474185,0.452571830185394,43
4,15,0.992581780061673,0.931389084342523,43
3,15,0.986162452495055,0.170873320525497,43
5,15,0.985756061193024,0.146045475998002,43
6,15,0.973457860023185,0.367034300241489,43
1,1,0.999699313082536,0.888887991670821,44
2,1,0.999109211939091,0.994920193224378,44
3,1,0.998120841879265,0.951874119161441,44
4,1,0.996809298512856,0.69316827105019,44
5,1,0.9947248014104,0.79030217869955,44
6,1,0.992981262909599,0.831840606422605,44
1,2,0.999585482538251,0.966861631668164,44
2,2,0.999427372522092,0.725252908888994,44
3,2,0.998212583565217,0.885477007308937,44
4,2,0.994964381679088,0.621666640814487,44
5,2,0.995153431947081,0.306952255666782,44
6,2,0.993551901800199,0.801452156793867,44
1,3,0.999525074221202,0.967121862435592,44
2,3,0.999215046346094,0.958571531325367,44
3,3,0.997863918859347,0.985757058752514,44
4,3,0.994611789525982,0.201716161561032,44
5,3,0.996203654873918,0.824032721872047,44
6,3,0.993236720429252,0.120951902444556,44
1,4,0.999475777346442,0.986025545158672,44
2,4,0.99915286631344,0.986843035360312,44
3,4,0.998165290247718,0.1072934383946,44
4,4,0.994819582939383,0.931109144574708,44
5,4,0.996327048447431,0.298839068538043,44
6,4,0.992686622098107,0.979749440878888,44
1,5,0.99948535646594,0.99100466660358,44
2,5,0.999248567597503,0.811486793301403,44
3,5,0.998208081715574,0.643381326258443,44
4,5,0.995035597036486,0.722323484629402,44
5,5,0.996528508156239,-0.133727279412814,44
6,5,0.993046986962885,0.697463094945343,44
1,6,0.999597999828562,0.926162106645903,44
2,6,0.999317457871331,0.951988157729151,44
3,6,0.998043317436412,0.900111898239908,44
4,6,0.99510259342025,0.95197637770562,44
5,6,0.996051568374269,0.962947349265185,44
6,6,0.994319158698168,0.450722847871454,44
1,7,0.999445191932743,0.992468537960221,44
2,7,0.99916592344339,0.975374117320185,44
3,7,0.99781962551047,0.9300601821755,44
4,7,0.994487958803919,0.432355956408926,44
5,7,0.996039314587033,0.758791566478464,44
6,7,0.993345135714439,-0.22382197915736,44
1,8,0.999480512717666,0.987459711976563,44
2,8,0.99916261064644,0.965050402792582,44
3,8,0.997950512208383,0.970611774350306,44
4,8,0.995124922076162,0.613036858723639,44
5,8,0.996220142111411,0.279452250743683,44
6,8,0.992819048772578,0.164532731982729,44
1,9,0.999466032428804,0.993245105673366,44
2,9,0.999203715012745,0.916000432090492,44
3,9,0.997776868995078,0.631269805431138,44
4,9,0.995086443923894,0.48672685308812,44
5,9,0.994328133776183,0.722292825882534,44
6,9,0.993831001665367,0.864055771555454,44
1,10,0.99944121849294,0.99685313360912,44
2,10,0.999192867640093,0.255692857264533,44
3,10,0.998472845747926,0.726440734310074,44
4,10,0.994415976234345,0.503604106946077,44
5,10,0.996169757992044,0.584991946275526,44
6,10,0.993180412629004,-0.320916556981847,44
1,11,0.999400829478118,0.99171815686458,44
2,11,0.999161599067334,0.900944650611648,44
3,11,0.997828299732537,0.691737431642973,44
4,11,0.994496840016485,0.945659391322522,44
5,11,0.995982034668987,-0.120952880831316,44
6,11,0.992993643678148,0.818337398698642,44
1,12,0.999577828646413,0.768990338662648,44
2,12,0.999182310833072,0.887963434507506,44
3,12,0.997944903283502,0.939844926915007,44
4,12,0.996395593205157,0.769110335410951,44
5,12,0.996197524527213,0.755257278679089,44
6,12,0.993152297557361,0.0624538566599149,44
1,13,0.999498719896905,0.960412926357923,44
2,13,0.999198977307893,0.935091587859293,44
3,13,0.998005498529648,0.910041477841671,44
4,13,0.995156059566865,0.9107590488005,44
5,13,0.996722142203748,0.84762586356633,44
6,13,0.992535468840671,0.754408164391307,44
1,14,0.999465335039906,0.977675224421471,44
2,14,0.9991335741986,0.983794441999784,44
3,14,0.998136216978102,0.31166693173772,44
4,14,0.995235723731243,0.533540954834818,44
5,14,0.995811506983372,0.709037293709973,44
6,14,0.993702463566131,0.349769922150518,44
1,15,0.999456067740176,0.964447133708399,44
2,15,0.999154300144654,0.980330851868607,44
3,15,0.997975247503265,0.124750796982078,44
4,15,0.997273905482848,0.656005414407849,44
5,15,0.996194307611979,-0.0446154652960825,44
6,15,0.996242193965976,0.441316062497563,44
1,1,0.999365784740322,0.979534165166213,45
2,1,0.999220495191373,0.972050765524445,45
4,1,0.997843748656436,0.773677515582561,45
3,1,0.995960672048644,0.662878479265107,45
5,1,0.996187282001334,0.907965263254805,45
6,1,0.991829273179054,0.720239226174958,45
1,2,0.999412674272779,0.961018252881089,45
2,2,0.999283816118826,0.987144998836599,45
4,2,0.998148167712384,0.180381763088256,45
3,2,0.995979898409347,0.876251150445455,45
5,2,0.996314477811386,0.866353440755597,45
6,2,0.994580011135561,0.452953483147837,45
1,3,0.999344664616397,0.97414464346555,45
2,3,0.999269267934862,0.784232161062892,45
4,3,0.99827198215918,0.871504006954525,45
3,3,0.99573898089901,0.870698405400449,45
5,3,0.996912506719156,0.606954153764512,45
6,3,0.993221101931694,0.513446859963755,45
1,4,0.999406350320371,0.941227507657622,45
2,4,0.999268139853883,0.940790247727922,45
4,4,0.997927156498956,0.432701975638255,45
3,4,0.997445364958852,0.393968395275568,45
5,4,0.99627583459474,0.574031563826034,45
6,4,0.991830970878884,0.694213865136007,45
1,5,0.999421312765104,0.953755436375016,45
2,5,0.999353732179764,0.644353059157645,45
4,5,0.99837357391945,0.664143965604844,45
3,5,0.995605869116325,0.815747879954491,45
5,5,0.995355995916177,0.794137994277923,45
6,5,0.992968275186167,0.150381826488779,45
1,6,0.999342552618814,0.97840827204837,45
2,6,0.999256779369911,0.966761414726735,45
4,6,0.997810882398431,0.925133409961725,45
3,6,0.995830496612275,0.750558039402153,45
5,6,0.996152545994517,0.18180274048859,45
6,6,0.991841438549086,0.527706501582445,45
1,7,0.999372622287392,0.985475757726233,45
2,7,0.999247651518308,0.980812815429571,45
4,7,0.99781991558585,0.960271807816072,45
3,7,0.995725344599674,0.787292572653049,45
5,7,0.996252180016585,0.536125079297879,45
6,7,0.992189427387273,-0.112008141599204,45
1,8,0.999443669317133,0.861960637633885,45
2,8,0.99930729034216,0.948532327708427,45
4,8,0.997903813291263,0.917204099285102,45
3,8,0.995896049075497,0.693801784339806,45
5,8,0.996127808813251,0.104334469959948,45
6,8,0.992311187568078,0.896013366016087,45
1,9,0.999382701899296,0.979263854322375,45
2,9,0.999239164783145,0.957645093396104,45
4,9,0.997620504383585,0.970415265053917,45
3,9,0.995671339809552,0.908410561662974,45
5,9,0.996130473454761,0.911398630227017,45
6,9,0.992520833235575,0.0902389228056467,45
1,10,0.999579182397976,0.876976248050304,45
2,10,0.999281108996355,0.733543649775736,45
4,10,0.997934381136126,0.975728303977262,45
3,10,0.995699018320695,0.891643853482748,45
5,10,0.996661546012428,0.871820207782189,45
6,10,0.992683928807147,0.676710897883023,45
1,11,0.99937779942062,0.964936401061191,45
2,11,0.999265866424378,0.961344392170412,45
4,11,0.997824107239802,0.918574076152288,45
3,11,0.995431492544082,0.853999973477506,45
5,11,0.99492198759216,0.723073403640524,45
6,11,0.99287051563812,0.718518366739707,45
1,12,0.999336069384651,0.980052535407815,45
2,12,0.999236789320566,0.985272462142904,45
4,12,0.997883294308876,0.667823994456822,45
3,12,0.995645052841364,0.945919430536791,45
5,12,0.996205962707475,0.115261662693155,45
6,12,0.992555346371507,0.835808962439083,45
1,13,0.999318996365147,0.977546365521893,45
2,13,0.999356461925528,0.748426146700375,45
4,13,0.998111682334203,0.623142328093732,45
3,13,0.997660860222758,0.824702824837917,45
5,13,0.996234083993892,0.4436197424324,45
6,13,0.995940074068943,0.474182466557257,45
1,14,0.999313729318632,0.990261640801688,45
2,14,0.999236083700585,0.971575536091393,45
4,14,0.997923299371984,0.236034625057137,45
3,14,0.995652544321168,0.882663198911304,45
5,14,0.996174384606891,0.60391201531866,45
6,14,0.992104920759411,0.935742661398532,45
1,15,0.999260386400917,0.996210033871289,45
2,15,0.999169477707291,0.978468500203075,45
4,15,0.997971106091852,0.924086197053668,45
3,15,0.995182416334013,0.696246938933599,45
5,15,0.996068951574069,0.233889513533082,45
6,15,0.992511874314191,0.575921256699768,45
1,1,0.997836353218437,0.995663161681695,46
2,1,0.997116400120406,0.961898089149085,46
3,1,0.994052884420342,0.91164889019668,46
4,1,0.984778956802236,0.618897137717522,46
5,1,0.986363598896515,0.766474470904773,46
6,1,0.979956475812934,0.290263450496979,46
1,2,0.998037261929927,0.983379628702393,46
2,2,0.997917213904376,0.337295067409659,46
3,2,0.994902882274303,-0.307787010331926,46
4,2,0.984022394688418,0.918201358806121,46
5,2,0.986136312189067,0.555871837054841,46
6,2,0.980674100874737,0.413550708964354,46
1,3,0.99815917465099,0.940068793325074,46
2,3,0.99730226966621,0.957011339472536,46
3,3,0.993592458701433,0.88169265606458,46
4,3,0.984947575945124,0.779003147390025,46
5,3,0.990592536520925,0.398421689924628,46
6,3,0.978465768133858,0.877260534639649,46
1,4,0.997964050897027,0.992278491059517,46
2,4,0.997207947408954,0.842835346796825,46
3,4,0.993817685726921,0.855917670059602,46
4,4,0.983745745179457,0.893989555813461,46
5,4,0.981082131677536,0.827929984231197,46
6,4,0.981953068880244,0.825543544928322,46
1,5,0.997809460471411,0.988554607941144,46
2,5,0.997300790673532,0.983859180528407,46
3,5,0.994302036421669,0.831491632317011,46
4,5,0.984924873086287,0.845597227499301,46
5,5,0.984454341720368,0.486003338794298,46
6,5,0.97875731529026,0.284986531974308,46
1,6,0.997897948005338,0.971437272467449,46
2,6,0.997284143610959,0.922786693678598,46
3,6,0.994016732696856,0.970504653727259,46
4,6,0.985606292810752,0.428871932457946,46
5,6,0.989286161906675,0.906311940593957,46
6,6,0.978880125539302,0.102827453635198,46
1,7,0.998094266076938,0.881748716235421,46
2,7,0.997210297415203,0.99052410907438,46
3,7,0.9942349409433,0.971094157752773,46
4,7,0.984726707436363,0.818527208929175,46
5,7,0.986230821676597,0.925443562610634,46
6,7,0.979441805026081,-0.579566884367425,46
1,8,0.99805236688907,0.875047683139432,46
2,8,0.996663035851869,0.978826867816379,46
3,8,0.993896293196374,0.738308027670279,46
4,8,0.984170178165986,0.832706792083335,46
5,8,0.986096516261366,0.085688312612675,46
6,8,0.976362348574959,0.765212996104514,46
1,9,0.997918947350337,0.928064663752604,46
2,9,0.99723625419686,0.968202124505351,46
3,9,0.99398923872796,0.842480519931304,46
4,9,0.984760610153296,0.954329991216942,46
5,9,0.986055663193863,0.525936492084726,46
6,9,0.978898235446992,0.633730732393859,46
1,10,0.997675054497419,0.984174355533507,46
2,10,0.997641924510795,0.697605321761384,46
3,10,0.994944715428819,0.653478744502848,46
4,10,0.992596440742442,0.632606068791007,46
5,10,0.98624544192848,0.451769924597332,46
6,10,0.98473427827995,0.684800631651122,46
1,11,0.997777501575261,0.96936586361813,46
2,11,0.997653547481398,0.673873868437346,46
3,11,0.993796454671408,0.958276945179734,46
4,11,0.984955655912077,0.0951712620369493,46
5,11,0.986843612880887,0.461039816506888,46
6,11,0.979180962294836,-0.318100390923453,46
1,12,0.997837021599471,0.990191310518479,46
2,12,0.997371871495992,0.897050926101904,46
3,12,0.99437687772976,0.938755106575355,46
4,12,0.987193575651348,0.617100534247008,46
5,12,0.987431814327228,0.315528820715361,46
6,12,0.978723895232755,0.741529049956564,46
1,13,0.998045032403881,0.942734128274773,46
2,13,0.997544532489269,0.83063017995547,46
3,13,0.994151541150203,0.865945272561468,46
4,13,0.982622674767558,0.865341994118615,46
5,13,0.986726358864554,0.869462606861627,46
6,13,0.980291090890997,0.754833784681574,46
1,14,0.997834210604345,0.990334626091463,46
2,14,0.997438939307608,0.910688632235865,46
3,14,0.994028052749631,0.0908016472419261,46
4,14,0.986101942188693,0.54803711533492,46
5,14,0.986097118101765,0.20478049708878,46
6,14,0.97771534072975,0.685774314429745,46
1,15,0.998653568460749,0.826544083506701,46
2,15,0.997260634745077,0.978428836176403,46
3,15,0.994251160830542,0.875996907243045,46
4,15,0.985240965968143,0.853557251085867,46
5,15,0.98719463189686,0.450719471446288,46
6,15,0.979086645752309,0.788102794630832,46
1,1,0.997570103385057,0.989911094913002,47
2,1,0.997766146956835,0.67925145958331,47
4,1,0.993142316706266,0.752689735162786,47
3,1,0.98583008055887,0.564588794081692,47
5,1,0.987602806096722,0.0413059370976186,47
6,1,0.97208257359266,0.588418470962564,47
1,2,0.997913875569858,0.974034601923939,47
2,2,0.997261400219776,0.988371547778935,47
4,2,0.99358624933746,-0.0717903555622698,47
3,2,0.981944522303343,0.736932365551899,47
5,2,0.988295991265637,-0.17229305300635,47
6,2,0.972512999126623,0.817503204769057,47
1,3,0.998575528076944,0.930708425890952,47
2,3,0.99749541532622,0.948484258312644,47
4,3,0.992948896482104,0.655983702273253,47
3,3,0.992430776797187,0.984947950843231,47
5,3,0.987061119259464,0.648907054662322,47
6,3,0.98442340391723,0.0499697870472915,47
1,4,0.998108415637651,0.968837307909734,47
2,4,0.997373348197826,0.961377222186761,47
4,4,0.99256627275614,0.904243210481642,47
3,4,0.981938611888435,0.383235515994946,47
5,4,0.987847757690789,0.837311313814641,47
6,4,0.973130841241746,0.437352107712184,47
1,5,0.997841054214622,0.995245270577464,47
2,5,0.997468636452413,0.903451210130797,47
4,5,0.993297963249288,0.538319850529717,47
3,5,0.982029099718908,0.707778198101679,47
5,5,0.984057193910939,0.706646008498967,47
6,5,0.976830087330934,0.232728363143028,47
1,6,0.997880965514986,0.979216718582313,47
2,6,0.997243604243457,0.995393216804925,47
4,6,0.993928246912168,0.812520629450928,47
3,6,0.979617524352972,0.802275923272794,47
5,6,0.986790343157449,-0.0981815309388223,47
6,6,0.974375091553553,0.250680191187408,47
1,7,0.99779433635909,0.993597435055128,47
2,7,0.997485764085169,0.916041417080022,47
4,7,0.993119146426172,0.859608899346648,47
3,7,0.980047369386127,0.89273106003562,47
5,7,0.981976291593079,0.918726626826143,47
6,7,0.976411727824803,0.946317138175898,47
1,8,0.997941353100164,0.951635178082161,47
2,8,0.997860403975996,0.504763669322204,47
4,8,0.99260029666633,0.892917119072821,47
3,8,0.97988977511654,0.808996064509876,47
5,8,0.986721947748737,0.606646244691363,47
6,8,0.973749592340568,0.820455780870875,47
1,9,0.998409265170346,0.911729634519012,47
2,9,0.997463406872245,0.987556522982878,47
4,9,0.993254230267032,0.817277546628032,47
3,9,0.982214944177499,0.891593052729018,47
5,9,0.986483292517551,0.535141590066566,47
6,9,0.971791712048229,0.496477212243555,47
1,10,0.997896492307204,0.991956574256791,47
2,10,0.997455511733568,0.917552026499147,47
4,10,0.993162871439263,0.728310886708793,47
3,10,0.980807330795935,0.599046652280527,47
5,10,0.98629950954148,0.73778007544843,47
6,10,0.972742052793905,0.289642020796503,47
1,11,0.998076902670691,0.839646112752127,47
2,11,0.997838780723283,0.867250134961214,47
4,11,0.99515131182928,0.722180736697232,47
3,11,0.982484077550785,0.944923280224192,47
5,11,0.986128971805718,0.832794913336156,47
6,11,0.976212898597348,-0.0495387598027908,47
1,12,0.997773000785023,0.990352822496924,47
2,12,0.997568195977933,0.902306765146565,47
4,12,0.993371386556365,0.929332979010847,47
3,12,0.981043011906079,0.874366097877766,47
5,12,0.98790748182314,0.879150225696473,47
6,12,0.97358004606527,0.86871826463997,47
1,13,0.997876743667203,0.97630466498712,47
2,13,0.99735047479199,0.995485066056756,47
4,13,0.993253697755113,0.745306385453514,47
3,13,0.981149835088616,0.921487816803243,47
5,13,0.986663038765731,0.66396987760301,47
6,13,0.972614197657364,0.420261195882391,47
1,14,0.998087721755315,0.962941847095119,47
2,14,0.997248034681711,0.98574164336662,47
4,14,0.992725079717572,0.988716525756185,47
3,14,0.980817801472803,0.922946936204323,47
5,14,0.986287509606704,0.740127133391584,47
6,14,0.973463753168852,0.760573856767719,47
1,15,0.998007334722717,0.951010937936438,47
2,15,0.997693216024848,0.969049969573617,47
4,15,0.99339039395671,0.896294866768316,47
3,15,0.981296973891627,0.919637783926,47
5,15,0.988936792721423,0.623562390058452,47
6,15,0.973329913884564,0.538275979148089,47
1,1,0.999507565264699,0.973281962311067,48
2,1,0.999213362960017,0.985739273047086,48
3,1,0.998493309490688,0.758745969972003,48
4,1,0.995344426790308,0.94957113215065,48
6,1,0.99677412290481,0.600088608231356,48
5,1,0.993044410995,0.722644211447918,48
1,2,0.999495946861507,0.975913528312284,48
2,2,0.999252367286716,0.881572468471327,48
3,2,0.998286565397448,0.781598883845631,48
4,2,0.995289168089566,0.801162529440162,48
6,2,0.996657250678486,0.0946573231804221,48
5,2,0.993604926637565,0.494136158470234,48
1,3,0.999504848811263,0.995859881510432,48
2,3,0.999349662950527,0.64455992467688,48
3,3,0.998129439263304,0.976892419264664,48
4,3,0.995047586290159,0.841178757295349,48
6,3,0.996212357759122,0.486199871641875,48
5,3,0.993239370026785,-0.602883165467235,48
1,4,0.999451549836385,0.978026210185484,48
2,4,0.999206748513733,0.95570103543401,48
3,4,0.998264163417554,0.930377202945316,48
4,4,0.995345771100515,0.474524324308613,48
6,4,0.996616958088195,0.762851197080649,48
5,4,0.993180321923161,0.361211491173873,48
1,5,0.99947816557849,0.998008028767585,48
2,5,0.999200011246754,0.984891829736243,48
3,5,0.998454145072401,0.930032305212412,48
4,5,0.994932618182897,0.698856978778298,48
6,5,0.997036963196079,0.865626652659774,48
5,5,0.99298593378192,0.564676137386208,48
1,6,0.99943504823711,0.985207479036083,48
2,6,0.999247535078066,0.966174853234524,48
3,6,0.998287612309464,0.783290961566626,48
4,6,0.995227923981737,0.809740960206741,48
6,6,0.996592264993008,0.586617331556972,48
5,6,0.9924743295084,0.883751745086579,48
1,7,0.999578466502098,0.97083751708437,48
2,7,0.999334596555379,0.974910395201227,48
3,7,0.998310353076996,0.929152282176938,48
4,7,0.994764802528714,0.75182024486865,48
6,7,0.99657389916836,0.309776859933155,48
5,7,0.993229728132016,0.371850271378025,48
1,8,0.999463401324763,0.974258444513954,48
2,8,0.999297518558993,0.631209355318957,48
3,8,0.998223166235125,0.734371872265265,48
4,8,0.99527365430309,0.546762157225616,48
6,8,0.9966923439713,0.818314044241067,48
5,8,0.992524462877214,-0.0193941578354937,48
1,9,0.999656997646549,0.928271111617315,48
2,9,0.999343476844067,0.885655557709185,48
3,9,0.998190610047628,0.984755670579236,48
4,9,0.997733338897479,0.648093454944645,48
6,9,0.996950607796271,0.568025000765549,48
5,9,0.995561177427244,0.444602659251969,48
1,10,0.999457640822345,0.982296634185332,48
2,10,0.9992562740366,0.959961644863107,48
3,10,0.998408053021466,-0.271736107881395,48
4,10,0.994508667612864,0.546719201502388,48
6,10,0.996429838667734,0.71649093343279,48
5,10,0.992873613753725,0.834708545617416,48
1,11,0.999511103816352,0.989733922838047,48
2,11,0.999175999676819,0.975724590232597,48
3,11,0.99818297747964,0.719400586587438,48
4,11,0.995139958455114,0.894824045033271,48
6,11,0.994732530677237,0.733751745450338,48
5,11,0.994150577604338,0.844302404616867,48
1,12,0.999529335055529,0.825663098978377,48
2,12,0.999270513354009,0.752669800996372,48
3,12,0.9983732963384,0.953233608133411,48
4,12,0.9944728144769,0.729938308558295,48
6,12,0.997444250854408,-0.218218497842751,48
5,12,0.993162784795001,0.60023708070488,48
1,13,0.999614065186556,0.908580692366475,48
2,13,0.999276325781502,0.905840874624867,48
3,13,0.998465369986565,0.79835679408745,48
4,13,0.995073886228785,0.886451212950376,48
6,13,0.996895225947061,0.476589949394689,48
5,13,0.992853837169024,0.673196972947919,48
1,14,0.999491465818924,0.997603226358408,48
2,14,0.99921379615508,0.988062666692297,48
3,14,0.998248877512364,0.961530779242608,48
4,14,0.996659345169628,0.709652615938004,48
6,14,0.996405449178774,0.355754424434866,48
5,14,0.992945216041374,0.802719588113115,48
1,15,0.999502588004312,0.935272130647006,48
2,15,0.99918289337725,0.980099107789866,48
3,15,0.998438365039799,0.593522442886861,48
4,15,0.995236400413439,0.89886105907457,48
6,15,0.996587793467752,0.450693707578445,48
5,15,0.994271944145855,0.719062346886255,48
1,1,0.99772890661003,0.990066120408082,49
2,1,0.997101272143204,0.993138586040592,49
3,1,0.992434444154902,0.913587603342369,49
4,1,0.983459274871101,0.555838198086108,49
5,1,0.987099305017279,0.570063939743685,49
6,1,0.977535255964242,0.0558985497830851,49
1,2,0.997740691757641,0.949455258730873,49
2,2,0.99753783469047,0.95494030362002,49
3,2,0.991592979055177,0.663396590778153,49
4,2,0.983944205440269,0.825859743376346,49
5,2,0.987393364538603,0.838376254043861,49
6,2,0.977874232279363,0.256939323445826,49
1,3,0.997453476479118,0.999013616549189,49
2,3,0.997252966582877,0.984490847529109,49
3,3,0.992542724845154,0.94255199009238,49
4,3,0.987317857132386,0.733530107981985,49
5,3,0.988875272367758,0.937382590984182,49
6,3,0.974251547120081,0.90017408233607,49
1,4,0.997582120228473,0.982332360246016,49
2,4,0.997510198140565,0.935608867993201,49
3,4,0.992571939817752,0.173982485673016,49
4,4,0.9834110372982,0.900943652426318,49
5,4,0.982931999866429,0.650983960543449,49
6,4,0.977095990839815,0.451436257015703,49
1,5,0.998396423715621,0.934790790790299,49
2,5,0.997536874843115,0.973737378345342,49
3,5,0.992342126258626,0.952614193356822,49
4,5,0.984822679622288,0.808055237017586,49
5,5,0.986999575936805,0.111405441390766,49
6,5,0.976600105609898,0.0343416657927752,49
1,6,0.998302093588764,0.807981819031202,49
2,6,0.997641657176957,0.793847272572847,49
3,6,0.993456221688247,0.769833189599514,49
4,6,0.982762359041115,0.829516638743452,49
5,6,0.986440926174064,-0.0142622308341874,49
6,6,0.978550663599853,0.276038629555793,49
1,7,0.997597626503397,0.98542322222286,49
2,7,0.99731722520001,0.893722529596695,49
3,7,0.992168413541997,0.938948748371647,49
4,7,0.98355311944632,0.293137537951408,49
5,7,0.988060058035981,-0.228480585947621,49
6,7,0.975486293263056,0.846031790987765,49
1,8,0.99761047353253,0.995306474223188,49
2,8,0.997354276861678,0.908887055361989,49
3,8,0.992388069490937,0.934022927123547,49
4,8,0.983208410705241,0.981144518907518,49
5,8,0.987658515281841,0.724608734644067,49
6,8,0.977389031126294,0.768505681731352,49
1,9,0.997358733629961,0.948129677995386,49
2,9,0.998095755628768,0.539841558413349,49
3,9,0.993990464655916,0.407030396798824,49
4,9,0.992243114758426,0.716192222527596,49
5,9,0.99020384018077,0.604365319113714,49
6,9,0.985547766594011,0.319910493543491,49
1,10,0.997700895468799,0.993647490060474,49
2,10,0.99730405065544,0.968840709921612,49
3,10,0.993313226706623,0.521152777395368,49
4,10,0.983031960004117,0.781627383595851,49
5,10,0.986553840785178,0.46352989493318,49
6,10,0.975617073522477,0.709251049509372,49
1,11,0.997472363857032,0.9981858900213,49
2,11,0.997334502223215,0.85191484122444,49
3,11,0.992403791558976,0.893087754743958,49
4,11,0.98223331632146,0.801215117473404,49
5,11,0.98717771891696,0.276392091656952,49
6,11,0.976756006682457,0.826871753471333,49
1,12,0.997710446356242,0.969040588454136,49
2,12,0.997372707883633,0.96093484766446,49
3,12,0.991008287075181,0.980216061356921,49
4,12,0.98264916401892,0.905119990182767,49
5,12,0.986319865745199,0.760930278502951,49
6,12,0.978086604211867,0.400032307180953,49
1,13,0.997416885363035,0.983704463979545,49
2,13,0.997051202617041,0.972720089517275,49
3,13,0.991657881041545,0.968063867512566,49
4,13,0.982129646939144,0.866418972645531,49
5,13,0.987193276938982,0.876169275611203,49
6,13,0.977857758720141,-0.0943754894350818,49
1,14,0.997713496522345,0.839078592796214,49
2,14,0.997557248259029,0.925255757958994,49
3,14,0.992882335871578,0.841206569685787,49
4,14,0.983467155566711,0.799641090052726,49
5,14,0.983020931658848,0.832454178902375,49
6,14,0.975095601958998,0.754811030465267,49
1,15,0.997311194658278,0.997281273700296,49
2,15,0.997223918794716,0.986216871141358,49
3,15,0.992160709285304,0.85628807889338,49
4,15,0.98118791874846,0.932092182663703,49
5,15,0.986528214438047,0.367146307659482,49
6,15,0.975236172556315,0.918446467843826,49
1,1,0.998122407002172,0.994102162461984,50
2,1,0.997628466353317,0.878488741100203,50
3,1,0.992970003024837,0.83802017458926,50
4,1,0.983985757241971,0.950160880312186,50
6,1,0.98613666534885,0.733979595553653,50
5,1,0.979529900846905,0.718169986462603,50
1,2,0.998317691648002,0.811301076608159,50
2,2,0.997458385773703,0.978269205169282,50
3,2,0.993071864366998,0.695468610011338,50
4,2,0.983183359878725,0.867067051517856,50
6,2,0.982911130892514,0.427641779894175,50
5,2,0.979033101703915,0.405370377158837,50
1,3,0.998128410319424,0.993271724447647,50
2,3,0.99744948517213,0.906302679889939,50
3,3,0.993545756457791,0.647346570779899,50
4,3,0.992582945151554,0.595905355242882,50
6,3,0.985178129356746,0.605061280226773,50
5,3,0.985428455637165,0.596562033330012,50
1,4,0.998168418916327,0.989730601416302,50
2,4,0.997227085873936,0.980284026165776,50
3,4,0.993295876955398,0.968775941390343,50
4,4,0.98302922183429,0.853953484745343,50
6,4,0.988836612716507,0.904700981716745,50
5,4,0.979448789088921,0.704665440113918,50
1,5,0.998235545645776,0.986174865225238,50
2,5,0.997510889351452,0.84803688563006,50
3,5,0.993041258274615,0.738019427203975,50
4,5,0.982922849824195,0.782039759289227,50
6,5,0.982821423890942,0.817390099208751,50
5,5,0.980411580084478,0.707260366090583,50
1,6,0.998251102919173,0.998565750571926,50
2,6,0.997480220616603,0.983889691469681,50
3,6,0.993709638239856,0.591239127775359,50
4,6,0.982270826379948,0.977996693152083,50
6,6,0.985625811279583,0.658206166060591,50
5,6,0.979698868611399,0.891255860619218,50
1,7,0.998628678719806,0.831374948286608,50
2,7,0.997478406000565,0.968021848052332,50
3,7,0.992874444981761,0.943531679373969,50
4,7,0.982844336359973,0.541639655075257,50
6,7,0.985108857905169,0.721563697486109,50
5,7,0.978924034168533,0.602112998538651,50
1,8,0.998228309724752,0.753583086064377,50
2,8,0.997520305033529,0.910655786099611,50
3,8,0.993155277146616,0.73763496003145,50
4,8,0.98199481143488,0.839295657248605,50
6,8,0.987336101792536,0.780997567252408,50
5,8,0.97821799890679,0.442450440042299,50
1,9,0.998773476594256,0.941897880725122,50
2,9,0.997755649725252,0.747747966720068,50
3,9,0.993087734250802,0.937995520022264,50
4,9,0.984233401584667,-0.315887644015186,50
6,9,0.986237456531088,0.109819863216709,50
5,9,0.97863398118554,0.715153586455771,50
1,10,0.998237961755523,0.977000006233843,50
2,10,0.997797764909676,0.813194244586321,50
3,10,0.994050532490092,0.210509114198287,50
4,10,0.982961498970861,0.891380422137488,50
6,10,0.988225603403428,-0.422153397353594,50
5,10,0.979485727094135,0.547739488395302,50
1,11,0.998294233451708,0.995198961414556,50
2,11,0.997674290741474,0.975996783575614,50
3,11,0.993275503459732,0.869501943745848,50
4,11,0.984021366807191,0.835137751482636,50
6,11,0.985259975669762,0.486801503847735,50
5,11,0.980175796870972,0.759619474349276,50
1,12,0.998106068304046,0.978915384442035,50
2,12,0.99760016160418,0.958352148798195,50
3,12,0.992563154816613,0.956007482616308,50
4,12,0.983371014967326,0.794086305479812,50
6,12,0.985327517807534,0.194830834867606,50
5,12,0.979266358373671,0.904016451394909,50
1,13,0.998728758978758,0.846637831989411,50
2,13,0.997592813633429,0.969092869218983,50
3,13,0.993818923289518,0.820325755233529,50
4,13,0.983087414191122,0.862311161641475,50
6,13,0.985785085112985,0.932328374758285,50
5,13,0.978958550328209,-0.175566926273347,50
1,14,0.998230994040608,0.991188909239694,50
2,14,0.997356873200506,0.979500193556729,50
3,14,0.993715204802225,0.936528569007834,50
4,14,0.986045858947433,0.808077946283682,50
6,14,0.98594040356008,0.544818481509251,50
5,14,0.9786478550137,0.852975725188674,50
1,15,0.99822792042459,0.978924323974571,50
2,15,0.997470158346427,0.980283549797072,50
3,15,0.993216258304311,0.895850711794776,50
4,15,0.984636893390993,0.808609813799347,50
6,15,0.985125175962476,0.907195768637071,50
5,15,0.978965433819043,0.542643686563337,50
1,1,0.999353145769129,0.9327460891456,51
2,1,0.999200357018862,0.985927551682044,51
4,1,0.997863865335075,0.818201187401908,51
3,1,0.995173549546474,0.795984914945292,51
6,1,0.995326208709342,0.131058781721141,51
5,1,0.992559356561437,0.238111460246712,51
1,2,0.999450077021841,0.972597168604419,51
2,2,0.999185529997942,0.894678960171884,51
4,2,0.997479582351732,0.98659993404656,51
3,2,0.996674259471551,0.834434305725598,51
6,2,0.994650220776198,0.845003305789399,51
5,2,0.993412058308368,0.683179749845814,51
1,3,0.999288491413452,0.996969658072728,51
2,3,0.999217751523596,0.900322945884426,51
4,3,0.997987755488044,0.871639168705014,51
3,3,0.994894213100215,0.700315037186099,51
6,3,0.99437523489704,0.539562464019871,51
5,3,0.99281107428089,-0.40485730327557,51
1,4,0.999314150890707,0.930652587056461,51
2,4,0.999195219219077,0.942103641973137,51
4,4,0.9977906465919,0.298733273343238,51
3,4,0.994780937306317,0.864856998406058,51
6,4,0.995180976929701,0.7191544526599,51
5,4,0.992552372027642,0.679941880524656,51
1,5,0.999259357114881,0.988644683537383,51
2,5,0.999016764839866,0.98378385118781,51
4,5,0.997600372034015,0.984457980528655,51
3,5,0.995043680371197,0.39852001397701,51
6,5,0.995858458036941,0.164745221331953,51
5,5,0.992501355356139,0.280799163978547,51
1,6,0.999383332468358,0.873558877930727,51
2,6,0.998879978363157,0.99938874887058,51
4,6,0.997817868061565,0.717691760921282,51
3,6,0.994948988104479,0.854079459090304,51
6,6,0.994806575252454,0.806075426113481,51
5,6,0.993598300764313,0.727455456504418,51
1,7,0.999633634107657,0.859743749426097,51
2,7,0.999084604459059,0.946269794185358,51
4,7,0.997759397284715,0.93065297930676,51
3,7,0.995404873371554,0.871828113837923,51
6,7,0.99481423663297,0.259299301197836,51
5,7,0.992278875899221,0.409550701020805,51
1,8,0.999321249576337,0.996541193816511,51
2,8,0.999093149970789,0.970560645493929,51
4,8,0.997913660998115,0.884928401581625,51
3,8,0.994488811341438,0.84760967834638,51
6,8,0.995332432725113,0.758647255974457,51
5,8,0.992407642230491,0.583470795099805,51
1,9,0.999374438716007,0.942136498596975,51
2,9,0.999195498541815,0.867172592738164,51
4,9,0.998027312302971,0.859807674011835,51
3,9,0.995351164479837,0.918353843119827,51
6,9,0.995233504974868,-0.294026715760132,51
5,9,0.992652975599488,0.847032190045292,51
1,10,0.999323348614335,0.86825061793421,51
2,10,0.999168186179732,0.967352954428223,51
4,10,0.997839514135104,0.463727930341923,51
3,10,0.995108985590498,0.817570530599715,51
6,10,0.996184899308263,0.150955073470952,51
5,10,0.991914146802015,0.414955787434823,51
1,11,0.999307188936554,0.980443598606481,51
2,11,0.999064698618666,0.980151819523572,51
4,11,0.997815233337076,0.642942207229232,51
3,11,0.994902697371075,0.743662718326991,51
6,11,0.996047407670144,0.699269617477516,51
5,11,0.992491495670905,0.44163332904964,51
1,12,0.999291847893058,0.986469359619509,51
2,12,0.999100211797918,0.958701072870845,51
4,12,0.997950849529262,0.349175070239984,51
3,12,0.996524909193057,0.778752085482776,51
6,12,0.995885053710699,0.190016184906896,51
5,12,0.992540329735728,0.351731413367194,51
1,13,0.99940198883292,0.977828723390673,51
2,13,0.999245748194544,0.756850642546488,51
4,13,0.998280439379782,-0.0641072710852183,51
3,13,0.997796871336949,0.619945002512851,51
6,13,0.99696589258109,0.80408991307545,51
5,13,0.995508803874047,0.773448332719741,51
1,14,0.999349824084609,0.938997008126258,51
2,14,0.999284468848993,0.750366627072223,51
4,14,0.998176526354102,0.824923167523394,51
3,14,0.995017519816821,0.859466262566959,51
6,14,0.995479656608539,0.586188647660573,51
5,14,0.991894312825506,0.848660048200291,51
1,15,0.999342588340974,0.935465611937144,51
2,15,0.999185800742738,0.890654926459624,51
4,15,0.99817081665182,0.927132772435734,51
3,15,0.995036910515632,0.852313389545972,51
6,15,0.995412294465186,0.157091235000921,51
5,15,0.991839221807889,0.45775452951281,51
1,1,0.999417519634998,0.936287348726388,52
2,1,0.99914604918906,0.800710933939157,52
4,1,0.997696464370872,0.799550508986786,52
3,1,0.995832430191961,0.451177542838009,52
5,1,0.996483584899471,0.525585350421585,52
6,1,0.993299439984684,0.766986740028935,52
1,2,0.99943287783334,0.984098483131087,52
2,2,0.999137020359177,0.926301729520965,52
4,2,0.998141231627406,0.680376774395341,52
3,2,0.996407951390888,0.801612882718648,52
5,2,0.996636682162497,-0.0323762262084592,52
6,2,0.993678665024984,-0.251936921948039,52
1,3,0.99949084416376,0.966767026141513,52
2,3,0.999155133646784,0.97995709927899,52
4,3,0.997935585587222,0.964841669256306,52
3,3,0.996294347625733,0.906115957571894,52
5,3,0.995656448531996,0.852857177931032,52
6,3,0.993594243210816,0.636757385522527,52
1,4,0.9995000654967,0.883577530571357,52
2,4,0.999044420401692,0.985318908182849,52
4,4,0.997917943767054,0.931385458735488,52
3,4,0.995939918297146,0.836359505659404,52
5,4,0.996583355320553,0.260458173110612,52
6,4,0.993534524896391,0.661034776695507,52
1,5,0.999407329312558,0.98364293648675,52
2,5,0.999220502072787,0.961381975498295,52
4,5,0.998076925838214,0.856579674712383,52
3,5,0.996158123664183,0.75284711764262,52
5,5,0.998084835978689,0.513709271228161,52
6,5,0.994223349258759,0.464768080900401,52
1,6,0.999428944181641,0.9938159211858,52
2,6,0.999137807920552,0.732069805695907,52
4,6,0.997859241644888,0.0541981880349995,52
3,6,0.997822379347259,0.912656612300882,52
5,6,0.996026119787891,0.458030007133604,52
6,6,0.996126691540681,0.808209707795241,52
1,7,0.999436776535141,0.951488047314254,52
2,7,0.999021651964889,0.97302561041248,52
4,7,0.997816672737594,0.865179397587503,52
3,7,0.996824821177994,0.641034195828446,52
5,7,0.996458354461079,0.730214032612776,52
6,7,0.993443101806465,0.48396474517927,52
1,8,0.999438067242015,0.925668665539743,52
2,8,0.999118386115899,0.972600309189011,52
4,8,0.998301821484791,0.566241770319687,52
3,8,0.99591959044434,0.976069729644175,52
5,8,0.9963430609641,0.88647075310502,52
6,8,0.993347290724235,0.756306015444916,52
1,9,0.999419288172862,0.987174049988678,52
2,9,0.999170438286788,0.95581681898355,52
4,9,0.998205467792453,0.894402547714669,52
3,9,0.996155029690893,0.838642669944457,52
5,9,0.996636928602466,0.872116294462468,52
6,9,0.993485093644745,0.829896263717488,52
1,10,0.999408372214332,0.99384868298492,52
2,10,0.999121451072493,0.921152417165504,52
4,10,0.997806015351975,0.917535421706089,52
3,10,0.995792918024149,0.683577864349564,52
5,10,0.996532319454317,0.391865469523229,52
6,10,0.994319393021385,0.433341289327911,52
1,11,0.999462592409298,0.934672717361012,52
2,11,0.999309117026005,0.835204563486331,52
4,11,0.99809508516152,0.952560172101644,52
3,11,0.996386033812721,0.792040239764015,52
5,11,0.996511675887923,-0.123477017513462,52
6,11,0.993336105093551,0.166020119080505,52
1,12,0.999430387359385,0.819176922756267,52
2,12,0.999143546264883,0.953304599455599,52
4,12,0.997926725158114,0.24778933752235,52
3,12,0.996229623860155,0.785520469308241,52
5,12,0.996602788721159,0.279401564365529,52
6,12,0.993532604552502,0.637902269050004,52
1,13,0.999697408784974,0.950369064782251,52
2,13,0.999169479545808,0.92161824551069,52
4,13,0.99778307229785,0.790799362723909,52
3,13,0.996224071895295,0.71512759503724,52
5,13,0.996546138676711,0.339177117956186,52
6,13,0.993627135986641,0.12068423451609,52
1,14,0.999505054375889,0.99124463148151,52
2,14,0.999181179434154,0.937783449188589,52
4,14,0.998151881898323,0.534480916551165,52
3,14,0.995857230591473,0.74383969063353,52
5,14,0.996712606040416,0.844247740299112,52
6,14,0.993627229324106,0.215930493788661,52
1,15,0.99940775842497,0.995774866694229,52
2,15,0.999063906198799,0.976175522706512,52
4,15,0.998363094463272,0.666129930995667,52
3,15,0.995992730973907,0.910874707379118,52
5,15,0.996467958414561,0.843028536204366,52
6,15,0.994845660035152,0.24473950154501,52
1,1,0.999973725115198,0.981562159942977,53
2,1,0.999949911301543,0.935985990329981,53
3,1,0.99989515369661,0.968069234369483,53
5,1,0.999699424894358,0.946998489880322,53
4,1,0.999764216015482,0.908781863255101,53
6,1,0.999639767896356,0.375306832721989,53
1,2,0.999980016437163,0.866978773355493,53
2,2,0.999949052423106,0.983077847117541,53
3,2,0.999891675600819,0.89590643214311,53
5,2,0.999756963409488,0.0214957512828562,53
4,2,0.999705981426957,0.922917318075232,53
6,2,0.999542923311749,0.0989767673220157,53
1,3,0.999971769743879,0.981122684845616,53
2,3,0.999964364710128,0.949765773575094,53
3,3,0.99988714576576,0.976949714262736,53
5,3,0.999828496616964,0.347556859194783,53
4,3,0.999765660069965,0.777855113130471,53
6,3,0.999455284115057,0.918365305347025,53
1,4,0.999972304257057,0.982110668025692,53
2,4,0.999953385603907,0.981265708527859,53
3,4,0.999902057027109,0.671723294808985,53
5,4,0.999708400280751,0.463343543479445,53
4,4,0.999762430384118,0.753442439034705,53
6,4,0.999459074919869,0.297159097365191,53
1,5,0.999980509510849,0.977370817666571,53
2,5,0.999959742008516,0.919844905393554,53
3,5,0.999907364357276,0.9800520285403,53
5,5,0.999734415892238,0.477164212047421,53
4,5,0.999780220424889,0.418560128040546,53
6,5,0.999467698112417,0.236088249125157,53
1,6,0.99997192696886,0.977886723970289,53
2,6,0.999945244691229,0.975390637491232,53
3,6,0.999891440518624,0.966082765264776,53
5,6,0.999759184923486,-0.281077759394796,53
4,6,0.999682209186218,0.622145934762054,53
6,6,0.99943570515132,0.727889846610935,53
1,7,0.999970392185726,0.968506784454099,53
2,7,0.999951491085191,0.940837356221346,53
3,7,0.999894168223907,0.785659313534216,53
5,7,0.999687666129641,0.902997046490053,53
4,7,0.999759481420256,0.342950019757806,53
6,7,0.999399440764623,0.851995672491317,53
1,8,0.999974542752571,0.894726507037175,53
2,8,0.999952599358414,0.506784474220133,53
3,8,0.999878537214198,0.440843040234828,53
5,8,0.999896593520982,0.95834587102035,53
4,8,0.999846912219744,0.332621478741313,53
6,8,0.999772499990511,0.274496583136062,53
1,9,0.99997197444945,0.993841305299962,53
2,9,0.999951115592099,0.854557758723613,53
3,9,0.999921334031619,0.70276558123723,53
5,9,0.999771635153288,0.325481829777036,53
4,9,0.999700278009573,0.685971516679052,53
6,9,0.999468428845912,-0.118801086010395,53
1,10,0.999977991220982,0.970341034022434,53
2,10,0.999953230017506,0.972627621464947,53
3,10,0.999911605257738,-0.0071230341526897,53
5,10,0.999731616402666,0.819410165561716,53
4,10,0.999719645649467,0.788521400639353,53
6,10,0.999428563588296,0.949156984559922,53
1,11,0.999970899167273,0.993789080298858,53
2,11,0.999955668171819,0.969321166399407,53
3,11,0.999886604848284,0.988871481372569,53
5,11,0.999701816208501,0.949887529670906,53
4,11,0.999761465205582,0.717516945674344,53
6,11,0.999428176271342,0.531960991388321,53
1,12,0.999972189879593,0.972942549384691,53
2,12,0.999957154734954,0.894590858848988,53
3,12,0.999892286700445,0.820515083534345,53
5,12,0.999708205183496,0.838701906821384,53
4,12,0.999747527024881,0.880800720830681,53
6,12,0.999463086157098,0.267069518500185,53
1,13,0.999971707787604,0.986067692275731,53
2,13,0.999956838302521,0.815719887643168,53
3,13,0.99991087779299,0.657331280913676,53
5,13,0.999645681185339,0.825809924163785,53
4,13,0.99966930260707,0.812240973061072,53
6,13,0.999491926187559,0.844581959041389,53
1,14,0.999974334281209,0.787288620824925,53
2,14,0.999951053638004,0.949699103696025,53
3,14,0.999897934483212,0.846569665806219,53
5,14,0.99969554538376,0.952184440847291,53
4,14,0.999746810862331,0.564958727989896,53
6,14,0.999432585769719,0.711306937208202,53
1,15,0.999974189628261,0.86406473837371,53
2,15,0.999951277857006,0.988937315223651,53
3,15,0.999883312786155,0.702330724322865,53
5,15,0.999678882790867,0.8994771325214,53
4,15,0.999736147202179,0.877132926871624,53
6,15,0.999442247151182,0.211872640412888,53
1,1,0.999823480509534,0.766322255946779,54
2,1,0.999761761566655,0.948779670267399,54
4,1,0.999472293498438,0.603441713867415,54
3,1,0.998914371373496,0.580496984191427,54
5,1,0.999034910663428,0.102750218192388,54
6,1,0.997940688947549,0.762238740590829,54
1,2,0.999824077584024,0.935719453428469,54
2,2,0.999768990430594,0.927869894362807,54
4,2,0.999466649023978,0.851643286230642,54
3,2,0.99875742727478,0.883323914085594,54
5,2,0.998912477639018,0.383699069019947,54
6,2,0.998021988365116,-0.099540042010418,54
1,3,0.999817239171795,0.983591588636128,54
2,3,0.999730622362221,0.990305948491614,54
4,3,0.999589759564006,0.384584193026861,54
3,3,0.998697645489035,0.761436433536374,54
5,3,0.998928364091977,0.0423853753533929,54
6,3,0.997839709907918,0.472957909772573,54
1,4,0.999820744483588,0.972700872617664,54
2,4,0.999780900660375,0.916885204007868,54
4,4,0.999447098053991,0.882776663237073,54
3,4,0.998762931898021,0.752419321157276,54
5,4,0.998342470431655,0.347735474178845,54
6,4,0.998092430955641,0.660614360042437,54
1,5,0.999814236267431,0.988541700136156,54
2,5,0.999776735630227,0.846496660851027,54
4,5,0.99947119102474,0.69636168215483,54
3,5,0.998672066598824,0.836704382019348,54
5,5,0.998962026025244,0.343850913120585,54
6,5,0.998115680927117,0.344952268322766,54
1,6,0.99985868668145,0.943156095165215,54
2,6,0.999805252730004,0.990726550503717,54
4,6,0.999452723003808,0.941997971306933,54
3,6,0.998676801165526,0.908389739823889,54
5,6,0.998928824720965,0.892777048350526,54
6,6,0.997867777616877,0.861166150079566,54
1,7,0.999816551757098,0.960453384054667,54
2,7,0.999790274774515,0.825665145824594,54
4,7,0.999529922785605,0.128693327452877,54
3,7,0.998537484253505,0.834418349538664,54
5,7,0.998728101530467,0.448201785356979,54
6,7,0.997981481561681,0.699395851233474,54
1,8,0.999818401964045,0.97709935016745,54
2,8,0.999783264139385,0.925392639407029,54
4,8,0.999456744644867,0.890830670090616,54
3,8,0.998839399928015,0.602373508051511,54
5,8,0.999126588481109,0.123720747011941,54
6,8,0.99814389183527,-0.070182409324287,54
1,9,0.999813155670973,0.966661388850817,54
2,9,0.999738228241505,0.991072889756903,54
4,9,0.999456314993284,0.310812143628272,54
3,9,0.998680992570151,0.924421430653338,54
5,9,0.998874482620654,0.613319815982499,54
6,9,0.997936143082108,0.851454696958858,54
1,10,0.999834498613709,0.884267447324498,54
2,10,0.999800518021796,0.773477766710649,54
4,10,0.999395671551024,0.817557539370306,54
3,10,0.998706561119552,0.650824063856032,54
5,10,0.998848259948987,0.955266311422153,54
6,10,0.99852146586234,0.287059346932246,54
1,11,0.999891831678961,0.965894057765051,54
2,11,0.999753594193071,0.990373650167504,54
4,11,0.999527441579285,0.914189988468928,54
3,11,0.998919900778952,0.631152188793995,54
5,11,0.998856947477447,0.888901668259249,54
6,11,0.998016062074087,0.302785378326472,54
1,12,0.999819654480932,0.872150021426727,54
2,12,0.999772271731812,0.981754392290068,54
4,12,0.999435452797687,0.847466821775402,54
3,12,0.998725274030178,0.581271086499183,54
5,12,0.998881464593015,0.622990775921712,54
6,12,0.998013617534712,0.143282661279944,54
1,13,0.999809663591819,0.989577372605882,54
2,13,0.999805356408227,0.906709711104347,54
4,13,0.999482137700907,0.774960505980018,54
3,13,0.998805616831241,0.615635533739581,54
5,13,0.998893201233213,0.77621173601107,54
6,13,0.998062528528003,0.82293610227772,54
1,14,0.999807396095869,0.995253930713148,54
2,14,0.999800331781401,0.30987309511464,54
4,14,0.999418982118068,0.952374418494748,54
3,14,0.99863004680924,0.666256333257524,54
5,14,0.999007115033633,0.486246359244631,54
6,14,0.998144701975709,-0.335120309986836,54
1,15,0.999845482070217,0.983600340940556,54
2,15,0.999796849532825,0.90187967058511,54
4,15,0.999526870192823,0.688598607782757,54
3,15,0.999404071776966,0.862272598822702,54
5,15,0.998949255581417,0.22819002278581,54
6,15,0.998830852811154,0.242605171048097,54
1,1,0.998155766037529,0.970030939512182,55
2,1,0.99715054364874,0.975020949061376,55
4,1,0.993356755641372,0.872326858698076,55
3,1,0.9867449081969,0.925951603818721,55
6,1,0.986115195165742,0.708017160774689,55
5,1,0.979854689918203,0.838443554745443,55
1,2,0.998077897285277,0.972537269479244,55
2,2,0.997389818483974,0.937524353246125,55
4,2,0.994417912399405,0.883146675959487,55
3,2,0.985384600972986,0.887217704638643,55
6,2,0.986780085122923,0.809864856452525,55
5,2,0.981151721037497,0.591153565795621,55
1,3,0.998103057573572,0.982578016498932,55
2,3,0.99702817110852,0.988747719706427,55
4,3,0.99409283771876,0.869598740824272,55
3,3,0.98771851794565,0.899675159201898,55
6,3,0.986508253359738,0.035130086468702,55
5,3,0.980231429506068,0.815798013740579,55
1,4,0.998784408345835,0.858807508898744,55
2,4,0.997467026081733,0.95631140071081,55
4,4,0.993500803201295,0.789417836570803,55
3,4,0.986080056503907,0.910276348338342,55
6,4,0.986218671747218,0.833895939347149,55
5,4,0.980635489414311,0.479736148038031,55
1,5,0.998103668978557,0.951584958470557,55
2,5,0.99718506062768,0.996396313353569,55
4,5,0.993676242937813,0.948918492352358,55
3,5,0.985372098901754,0.716261907125545,55
6,5,0.986392904671078,0.671610112002369,55
5,5,0.980059885337986,0.750043691876872,55
1,6,0.997902540994497,0.977428108526537,55
2,6,0.997637167859686,0.904286039865579,55
4,6,0.994718836863147,-0.260422047485418,55
3,6,0.992443447703175,0.804813218267703,55
6,6,0.986202809146255,0.365667906209467,55
5,6,0.985439620082431,0.484628049771302,55
1,7,0.998872420663222,0.800343642989969,55
2,7,0.997853034631716,0.94634131959631,55
4,7,0.994518071789184,0.932430419719941,55
3,7,0.985588103100164,0.853757436375106,55
6,7,0.990614756608523,0.811800784240696,55
5,7,0.980579194679119,0.600725940164683,55
1,8,0.99812410212927,0.991171857882717,55
2,8,0.997183396003671,0.98449682367332,55
4,8,0.994272479089807,0.692705710701076,55
3,8,0.986163705998453,0.933614808712053,55
6,8,0.986505401213174,0.182310901075491,55
5,8,0.979752627996969,0.798561133044579,55
1,9,0.998052490441094,0.990955645122144,55
2,9,0.997324966462162,0.876435858264226,55
4,9,0.993939070520396,0.836121559505887,55
3,9,0.986937327755625,0.593538608408642,55
6,9,0.983481095281617,0.696123687259917,55
5,9,0.979845639573829,0.433547171188503,55
1,10,0.99817281458673,0.936367078336883,55
2,10,0.997275006181602,0.93452376851901,55
4,10,0.994143280141163,0.919525128903848,55
3,10,0.98645684469738,0.662067260716916,55
6,10,0.986294258726398,0.535213789955664,55
5,10,0.980521897533406,-0.283304635097773,55
1,11,0.998094477029384,0.98856882595667,55
2,11,0.997294135979834,0.964355318554484,55
4,11,0.994229104338405,0.84623226892962,55
3,11,0.98668672228232,0.842323849687738,55
6,11,0.984850922019193,0.773426645120481,55
5,11,0.980991928417332,0.84877795003961,55
1,12,0.997996823198447,0.997993049244233,55
2,12,0.997968033167121,0.640828897034847,55
4,12,0.994590486275077,0.576704730596618,55
3,12,0.985525755573153,0.965244084276388,55
6,12,0.986468444335975,0.0124378799904241,55
5,12,0.98056482296986,0.779776311699019,55
1,13,0.998057347451414,0.989720483558288,55
2,13,0.997287121848384,0.842245603954483,55
4,13,0.993641840383451,0.925058022689373,55
3,13,0.98659424378364,0.685478151569827,55
6,13,0.987310772355528,-0.239110826561078,55
5,13,0.980009102631649,0.887380999255461,55
1,14,0.998069920337102,0.997257384896848,55
2,14,0.997464977354269,0.932923948041357,55
4,14,0.992448561577554,0.915723223569313,55
3,14,0.986381914469277,0.188443423409923,55
6,14,0.985928849653031,0.904787170183546,55
5,14,0.981610644923649,-0.222920684149073,55
1,15,0.998011511182788,0.997329262491386,55
2,15,0.997380762384343,0.948123783005156,55
4,15,0.994105419974229,0.847210977531796,55
3,15,0.985975295677636,0.830076440263976,55
6,15,0.987981069505412,-0.146826106757221,55
5,15,0.982582939267675,0.362538293175845,55
1,1,0.999999958183452,0.986743182926602,56
2,1,0.999999932764974,0.952917622938999,56
5,1,0.999999847168949,0.928673653832794,56
3,1,0.999999718862088,0.885900707644847,56
4,1,0.999999649266119,0.686369564607268,56
6,1,0.999999507436452,0.541067143572783,56
1,2,0.999999955992866,0.961275899341917,56
2,2,0.999999931990341,0.719616920706892,56
5,2,0.999999864801829,0.357260707934597,56
3,2,0.999999847318828,0.801273269268147,56
4,2,0.99999972502418,0.165412889227546,56
6,2,0.999999671852198,0.646426065075078,56
1,3,0.999999964888616,0.964607704105266,56
2,3,0.999999950157691,0.857006016212283,56
5,3,0.999999890956167,-0.320057351792541,56
3,3,0.999999601518964,0.928279331504412,56
4,3,0.999999670698843,0.430387955261646,56
6,3,0.999999473607627,0.406670540249043,56
1,4,0.999999948960967,0.993559332522424,56
2,4,0.999999936572938,0.887283835550981,56
5,4,0.999999856197023,0.41544622545159,56
3,4,0.999999648112182,0.731613751512614,56
4,4,0.999999578643373,0.805657324004372,56
6,4,0.999999494289474,0.166243252858322,56
1,5,0.99999995526576,0.979038881470067,56
2,5,0.999999940010586,0.733465454545064,56
5,5,0.99999985274087,0.892426908567593,56
3,5,0.999999642744517,0.885762714641734,56
4,5,0.999999629041647,0.171890339085375,56
6,5,0.999999436440639,0.313865021916608,56
1,6,0.999999958973458,0.962644987745172,56
2,6,0.999999934320735,0.912431100879501,56
5,6,0.9999998531702,0.806088662564192,56
3,6,0.999999628495131,0.755694681561638,56
4,6,0.999999641218456,0.502242870277146,56
6,6,0.99999949999152,0.234881471440635,56
1,7,0.999999961462222,0.82380151845805,56
2,7,0.999999922452836,0.976918104183518,56
5,7,0.999999851401599,0.917262546887393,56
3,7,0.999999645983605,0.789809388756559,56
4,7,0.999999644164449,0.963678658989067,56
6,7,0.999999367586353,0.0309336879415988,56
1,8,0.999999974482302,0.912266880322549,56
2,8,0.999999952840142,0.710691373671024,56
5,8,0.999999835016854,0.869133663629762,56
3,8,0.999999668742816,0.631875915551839,56
4,8,0.999999604858749,0.931159614715471,56
6,8,0.999999466341588,0.323423261867256,56
1,9,0.999999956537558,0.980608208798512,56
2,9,0.999999933906719,0.839924521471867,56
5,9,0.999999857667406,0.700401532457591,56
3,9,0.99999960810665,0.7082327982621,56
4,9,0.999999543169476,0.800697899649081,56
6,9,0.999999408746938,0.93908693934436,56
1,10,0.999999970629247,0.676331549313041,56
2,10,0.999999953904441,0.920476959638164,56
5,10,0.999999877288228,-0.308652004944187,56
3,10,0.999999629124726,0.839425176256836,56
4,10,0.999999655880009,0.799018562754002,56
6,10,0.99999942118131,0.540605228391961,56
1,11,0.999999953407482,0.991179081063471,56
2,11,0.999999933080584,0.959083753273368,56
5,11,0.999999842744478,0.719077505418558,56
3,11,0.999999663887967,0.649606262366983,56
4,11,0.999999636628934,0.769370380165991,56
6,11,0.999999432212906,-0.367712069253569,56
1,12,0.999999959635527,0.993865123076007,56
2,12,0.999999936680107,0.914467764427256,56
5,12,0.9999998749209,0.760004620755432,56
3,12,0.999999709996755,0.60223382329065,56
4,12,0.999999666716871,0.568811608433572,56
6,12,0.999999418504551,0.658944099649704,56
1,13,0.999999954668714,0.978860056562444,56
2,13,0.999999932308454,0.970859220304248,56
5,13,0.999999826862829,0.960975906027075,56
3,13,0.999999656712515,0.974737795791715,56
4,13,0.999999653306203,0.663852025388132,56
6,13,0.99999940963506,0.523749999242574,56
1,14,0.999999956263448,0.986837978584156,56
2,14,0.999999904081885,0.992400076021083,56
5,14,0.999999847282189,0.798562098231493,56
3,14,0.99999965261542,0.097985363539105,56
4,14,0.999999670000028,0.269303723604969,56
6,14,0.999999333574998,0.830113540114028,56
1,15,0.999999953971773,0.913811650822598,56
2,15,0.999999917865983,0.993222296757699,56
5,15,0.999999859199547,0.164257455660664,56
3,15,0.999999730841339,0.741672996359946,56
4,15,0.999999787938425,0.164158693092432,56
6,15,0.999999404471901,0.878257441080664,56
1,1,0.999821114673169,0.994073075891851,57
2,1,0.999810852523121,0.819712181049493,57
3,1,0.999546612023968,0.898206620958991,57
4,1,0.998847652983886,0.702763019136452,57
5,1,0.999007167906132,0.309233618160868,57
6,1,0.998504191978626,0.50171298871295,57
1,2,0.999850254622386,0.944264430242004,57
2,2,0.999774112915406,0.97397570981068,57
3,2,0.99949000371756,0.934703893673309,57
4,2,0.998805849565954,0.813200194836589,57
5,2,0.99900173871932,0.938626795307314,57
6,2,0.998532040561942,0.527104540430108,57
1,3,0.9998606006094,0.830831002399939,57
2,3,0.999785396339716,0.975827982748705,57
3,3,0.999498543643245,0.755447059743108,57
4,3,0.999122807826168,0.559741067707766,57
5,3,0.998733030292205,0.841577119259942,57
6,3,0.998349714526383,0.475244695452079,57
1,4,0.999907574228745,0.952247771709862,57
2,4,0.999782553500538,0.861856060877161,57
3,4,0.99945447558017,0.908386692827163,57
4,4,0.999004637741843,0.399325721326744,57
5,4,0.99888083447894,0.715909809695851,57
6,4,0.998341895993853,0.0352082839721206,57
1,5,0.999824396455084,0.996388295255864,57
2,5,0.999775440050491,0.984129752572609,57
3,5,0.999515439559171,-0.735673640121684,57
4,5,0.998817233441721,0.95807104863938,57
5,5,0.999072499085611,0.534261156018802,57
6,5,0.998461376405569,0.829205431787151,57
1,6,0.999845128213526,0.96091925934546,57
2,6,0.999802088115924,0.692497379348143,57
3,6,0.99953582449251,0.848971770967262,57
4,6,0.998734193936358,0.824413774795346,57
5,6,0.999315764208446,0.817414353393768,57
6,6,0.998358202290516,0.804888068185856,57
1,7,0.999854888460091,0.930744791546661,57
2,7,0.999798709194001,0.89808148696517,57
3,7,0.999559711916309,0.930670486807064,57
4,7,0.998875278128424,-0.129272590764312,57
5,7,0.998965981126451,0.798026311097612,57
6,7,0.998255770998877,-0.11175170666281,57
1,8,0.999874002825747,0.812466012692682,57
2,8,0.999839190607973,0.943011427459204,57
3,8,0.999582839132408,0.922552772123412,57
4,8,0.998851759497273,0.798540092323545,57
5,8,0.998978835187201,0.205669929929391,57
6,8,0.998403706862784,0.677445170664266,57
1,9,0.999865572824866,0.987346503979489,57
2,9,0.999817721638451,0.94809923515465,57
3,9,0.999537814153782,0.978935840215472,57
4,9,0.998816724665113,0.747716214489061,57
5,9,0.998998689242539,0.907340749798619,57
6,9,0.998518512976951,0.4387815658595,57
1,10,0.999833370166796,0.979428578543225,57
2,10,0.999791024870783,0.967608700452104,57
3,10,0.999504859945777,0.774924108990908,57
4,10,0.998721671302229,0.915144125494579,57
5,10,0.999052031145139,0.345801123748334,57
6,10,0.998668112827102,0.260032526319156,57
1,11,0.99983725185799,0.949550505724333,57
2,11,0.999780687729021,0.991307325242116,57
3,11,0.999522539711219,0.651487344238287,57
4,11,0.99884015693998,0.913281487753158,57
5,11,0.999015797240733,0.901870959268136,57
6,11,0.998518992963735,0.105657019217411,57
1,12,0.999833893174547,0.984349427173901,57
2,12,0.999787144151617,0.865387422970693,57
3,12,0.999487491066867,0.7633395691329,57
4,12,0.998913244643517,0.691004117938196,57
5,12,0.998819674666439,0.274112611856494,57
6,12,0.998485809609641,0.154812567306456,57
1,13,0.999846034613562,0.983159577160919,57
2,13,0.999778954162044,0.984686001104838,57
3,13,0.999441291814547,0.987205312473661,57
4,13,0.99878020694621,0.91894805454071,57
5,13,0.999072506881076,0.879241639310696,57
6,13,0.998356265413152,0.731112919832111,57
1,14,0.999832093291383,0.988485872535536,57
2,14,0.999794411261827,0.985357887704545,57
3,14,0.999598119776585,0.616018482915041,57
4,14,0.998770657482826,0.776094419642487,57
5,14,0.999011608787649,0.579466934612941,57
6,14,0.998397011536987,0.517234925411379,57
1,15,0.999830637659069,0.987500937758345,57
2,15,0.999752727090255,0.986855329593241,57
3,15,0.999552631096738,0.645218607056019,57
4,15,0.999447909784663,0.635029346893075,57
5,15,0.99933945618844,0.225430664734455,57
6,15,0.999001180132516,0.227749629091599,57
1,1,0.999519261566672,0.994086357271036,58
2,1,0.999149753307994,0.98668387935682,58
4,1,0.998234402194138,0.913171543871042,58
3,1,0.995672289679393,0.888097275942872,58
5,1,0.996785775450832,0.312235707018858,58
6,1,0.993738104086874,0.619328635856651,58
1,2,0.99945600150416,0.973155858708242,58
2,2,0.99920106877055,0.915344030563233,58
4,2,0.998177313030017,-0.0057858730915238,58
3,2,0.995429375802275,0.758709761594828,58
5,2,0.997399641528377,0.414309459880762,58
6,2,0.993578396256824,0.85980477294158,58
1,3,0.999448364973138,0.991050376336723,58
2,3,0.999117867419468,0.965837363652645,58
4,3,0.998142708318706,0.850926407616935,58
3,3,0.995721874931293,0.673608316739536,58
5,3,0.996665598957665,0.129036727473877,58
6,3,0.993976104057161,0.631478586538121,58
1,4,0.999491784204666,0.997731930224931,58
2,4,0.999267040042317,0.927740235297523,58
4,4,0.998396104439813,0.846606350371921,58
3,4,0.995623984114864,0.562063399679592,58
5,4,0.995701037797972,0.891925104696735,58
6,4,0.9939479406054,0.348904250810761,58
1,5,0.999471283546854,0.951212823836982,58
2,5,0.999137944311833,0.788703813085958,58
4,5,0.998177952261191,0.432160378174032,58
3,5,0.996984978666712,0.497026186053049,58
5,5,0.996428513163641,0.795880057796997,58
6,5,0.993854631772567,0.598690387767257,58
1,6,0.999483105692592,0.934854986945587,58
2,6,0.999012472686993,0.99006858726411,58
4,6,0.998124743437013,0.151177666317606,58
3,6,0.995511273482295,0.784209526251386,58
5,6,0.996784982778298,0.869497908574225,58
6,6,0.993068758501824,0.710492021949192,58
1,7,0.999489125374757,0.988076390104594,58
2,7,0.999131807652679,0.929160149780919,58
4,7,0.998330460239545,-0.0127397499595492,58
3,7,0.995532590785157,0.787912966275272,58
5,7,0.99670997145735,0.392153369864691,58
6,7,0.99377184552771,0.590470985816796,58
1,8,0.999494412187191,0.913261057974077,58
2,8,0.999227889131535,0.583963781805481,58
4,8,0.998403135704792,0.593638882407722,58
3,8,0.99766333107887,0.628854319956706,58
5,8,0.996643100553491,0.696388239094258,58
6,8,0.995572340086518,-0.309220594183,58
1,9,0.999503295161496,0.978100929796798,58
2,9,0.999167640294103,0.96448868779051,58
4,9,0.998053372304035,0.967056325612181,58
3,9,0.995206747285045,0.937735485747892,58
5,9,0.99662249040929,0.940330850673506,58
6,9,0.993892039049083,0.439777261583905,58
1,10,0.999624752707543,0.973412040542961,58
2,10,0.999172801562634,0.880782825467822,58
4,10,0.997895250872831,0.953454903093433,58
3,10,0.995501821287563,0.721097854077482,58
5,10,0.99662604101406,0.793941369793936,58
6,10,0.993459560411134,0.0932453480152861,58
1,11,0.999459402869351,0.927913971899992,58
2,11,0.999127534939647,0.929541638075292,58
4,11,0.997975004174313,0.946035424214115,58
3,11,0.99515969547526,0.978215569878187,58
5,11,0.997228015585829,0.898481227066052,58
6,11,0.993877037603963,0.781862837172775,58
1,12,0.999449270792109,0.99524078653251,58
2,12,0.999219711218325,0.922638169884287,58
4,12,0.998085745412919,0.984432268900637,58
3,12,0.997648259251968,0.538093284172095,58
5,12,0.995178476589267,0.99120505958971,58
6,12,0.994003212315862,0.706304107260859,58
1,13,0.999448565873816,0.969041836710034,58
2,13,0.999055863620324,0.969561374774284,58
4,13,0.998137584883474,0.807765774334673,58
3,13,0.994975906582824,0.972595607242624,58
5,13,0.995659573571216,0.84591660719548,58
6,13,0.994645852092756,0.811642076269863,58
1,14,0.999606671759214,0.81845773247812,58
2,14,0.999137974735065,0.967920377769924,58
4,14,0.997709888663563,0.988692599916838,58
3,14,0.995382662238703,0.728168498905789,58
5,14,0.996514426286854,0.722432089475216,58
6,14,0.994093845737281,0.797825770308836,58
1,15,0.999453474963496,0.970991953261427,58
2,15,0.999206590060492,0.796878423971131,58
4,15,0.998293611028906,0.845785015945833,58
3,15,0.995180315113551,0.871706473483838,58
5,15,0.996647320387507,-0.155547752205323,58
6,15,0.993969275748162,-0.0670738267513081,58
1,1,0.999859537368448,0.994897571800132,59
2,1,0.999773664768858,0.931766031815881,59
3,1,0.999539195308631,0.970951115878779,59
4,1,0.998876038215834,0.863625479510082,59
5,1,0.999064079176572,0.683538624861698,59
6,1,0.998623970451762,0.111725351879519,59
1,2,0.999879149893928,0.879690626516652,59
2,2,0.999764565017845,0.95899187979828,59
3,2,0.999574602190486,0.878989584211476,59
4,2,0.998841908102514,0.773509193454699,59
5,2,0.999065128456411,0.703909415204889,59
6,2,0.998737487317743,-0.287734799581547,59
1,3,0.999881381991355,0.994073055163346,59
2,3,0.999822432918991,0.72357498231799,59
3,3,0.999643926334679,0.712838801031024,59
4,3,0.999502387030222,0.53828958113963,59
5,3,0.999062659224594,0.578271688606933,59
6,3,0.999205059369008,-0.0957925151253645,59
1,4,0.999917997819562,0.862833423378808,59
2,4,0.999755623655919,0.968883399463308,59
3,4,0.999548086037772,0.921573288302899,59
4,4,0.998894274623739,0.897967777641569,59
5,4,0.999104044608481,0.577935890254203,59
6,4,0.998690997974454,0.768447494108595,59
1,5,0.999865913215467,0.829203520861986,59
2,5,0.999769009472828,0.96514158414385,59
3,5,0.999570990436832,0.59495265963393,59
4,5,0.998976923056071,0.735438345184301,59
5,5,0.99927446019077,0.0329206200910064,59
6,5,0.998681908484674,0.506087348383691,59
1,6,0.999861814295065,0.964575338301723,59
2,6,0.999770092267988,0.971933508583493,59
3,6,0.999579216179362,0.954420428789023,59
4,6,0.998895457302581,0.931859918892471,59
5,6,0.999188829113328,0.856855767768119,59
6,6,0.998679019220818,0.852114966684166,59
1,7,0.999859532889416,0.99120837448302,59
2,7,0.999740110161438,0.973741330599773,59
3,7,0.999591444058108,0.967335490679885,59
4,7,0.998839347914878,0.33424138745319,59
5,7,0.998841551228553,0.625609903716051,59
6,7,0.998714341141354,0.761910361585397,59
1,8,0.999865647635879,0.982783107305903,59
2,8,0.999804809876175,0.970395739884163,59
3,8,0.999608449314096,0.659655063674916,59
4,8,0.998844481101872,0.695289792483646,59
5,8,0.99903394144691,0.360579100452972,59
6,8,0.998680097739389,-0.130429767026401,59
1,9,0.999866014466473,0.982460558808035,59
2,9,0.99977378264466,0.99011993142171,59
3,9,0.999658045708998,0.651951046648423,59
4,9,0.998981996445304,0.853635383722413,59
5,9,0.9992854636424,0.589479308285206,59
6,9,0.99852810586484,0.931393123015366,59
1,10,0.999856673225808,0.981538309867138,59
2,10,0.999783623523058,0.837667671095869,59
3,10,0.999544553501351,0.76870212618301,59
4,10,0.999101878940058,0.753513227961805,59
5,10,0.999064542787494,0.737886725684229,59
6,10,0.998637786231612,0.678982249467513,59
1,11,0.999861496162581,0.906940550088296,59
2,11,0.999766914821979,0.954720470870892,59
3,11,0.999563202124686,-0.171962650373292,59
4,11,0.998956005506894,0.726933548343235,59
5,11,0.999064076930047,0.376639224754806,59
6,11,0.99856143966387,0.950039741051425,59
1,12,0.999867337991023,0.94595389837066,59
2,12,0.999782504523977,0.950425313710922,59
3,12,0.999476263928103,0.943407837487255,59
4,12,0.998926035934064,0.80549802962964,59
5,12,0.999053670877521,0.954885208166305,59
6,12,0.998911196747501,0.499961389958514,59
1,13,0.999872926557292,0.932612831701067,59
2,13,0.999792075303533,0.582147558792241,59
3,13,0.999507119518675,0.961410359571519,59
4,13,0.998982597335868,0.137410296804249,59
5,13,0.99906915922872,0.238371780774884,59
6,13,0.998571801420287,0.452844018101838,59
1,14,0.999900576734073,0.969745932703837,59
2,14,0.999811100134806,0.743669898164986,59
3,14,0.999586469663615,0.890864294279061,59
4,14,0.998858841258737,0.917892669993676,59
5,14,0.99868779386136,0.755911181414851,59
6,14,0.998724352404298,0.679647377244417,59
1,15,0.999871296355905,0.936943856826182,59
2,15,0.999780084801353,0.93303876267972,59
3,15,0.999603029136142,0.722158226905365,59
4,15,0.998932611254719,0.799442577702152,59
5,15,0.999138011125633,0.236605228652931,59
6,15,0.998625072030504,0.620473015285391,59
1,1,0.99999983299816,0.917150126970407,60
2,1,0.99999964766054,0.857600198291862,60
4,1,0.999999380261419,0.87286393370296,60
3,1,0.99999826359775,0.805648151625067,60
5,1,0.999998709253223,0.705513558159797,60
6,1,0.999997302827371,0.286980738657664,60
1,2,0.999999803905103,0.993653685198419,60
2,2,0.999999652314354,0.713649631022125,60
4,2,0.999999373992113,0.161020571516074,60
3,2,0.999999296720465,0.0714418324968386,60
5,2,0.999998213672295,0.899619507297458,60
6,2,0.999997364487329,0.890978043589447,60
1,3,0.99999980609389,0.911032021728318,60
2,3,0.999999508386518,0.998140722138623,60
4,3,0.99999927755685,0.82923156089596,60
3,3,0.99999836618656,0.898721483172779,60
5,3,0.99999869996127,0.131659519009061,60
6,3,0.999997509164277,0.754516980585395,60
1,4,0.999999809892826,0.90885016052454,60
2,4,0.999999627574943,0.979755771195556,60
4,4,0.999999206182058,0.882113556980854,60
3,4,0.9999983566007,0.866923799112486,60
5,4,0.999998659231232,0.494563606901556,60
6,4,0.999997446257469,0.345249885045417,60
1,5,0.999999802909748,0.996947782144134,60
2,5,0.999999615573417,0.96504715510031,60
4,5,0.999999290958559,0.928365247683763,60
3,5,0.99999828852955,0.809769471477274,60
5,5,0.999998573333494,0.549569497490373,60
6,5,0.99999735918426,0.615907492138685,60
1,6,0.999999848959125,0.983814236306025,60
2,6,0.999999831357398,0.971323309416254,60
4,6,0.999999342528066,0.930093172582619,60
3,6,0.999998404321984,0.697868302533214,60
5,6,0.99999845640679,0.464231832735075,60
6,6,0.999997397296778,0.950330292811815,60
1,7,0.999999862401065,0.980450396428414,60
2,7,0.99999968176294,0.978485668875036,60
4,7,0.99999922782884,0.584509700505607,60
3,7,0.999998390710829,0.789345809483534,60
5,7,0.999998650012536,0.551397407633669,60
6,7,0.999998079566855,0.670095386709503,60
1,8,0.999999805066003,0.991371879305901,60
2,8,0.999999631657318,0.945191806053796,60
4,8,0.999999192479226,0.970017153321105,60
3,8,0.999998157192343,0.914618712571745,60
5,8,0.999998669751981,0.509333079879847,60
6,8,0.999997462418675,0.230426976411543,60
1,9,0.9999998984379,0.826576050770726,60
2,9,0.999999660063095,0.814153970318044,60
4,9,0.999999199807342,0.917576958733406,60
3,9,0.99999838268576,0.619833234145208,60
5,9,0.999998863787763,0.04973010923169,60
6,9,0.999997094995442,0.489650620923475,60
1,10,0.99999980875894,0.912033288094491,60
2,10,0.999999658481632,0.941757774991758,60
4,10,0.999999187165225,0.162077639379551,60
3,10,0.999999135156808,0.713824800543069,60
5,10,0.999998574095035,0.715155087518822,60
6,10,0.999997364493167,0.508409957728213,60
1,11,0.999999787760717,0.990392883187835,60
2,11,0.999999625509237,0.952535726697655,60
4,11,0.999999089417131,0.906193869476488,60
3,11,0.999998380182477,0.879229231236049,60
5,11,0.999998674613004,0.201104179643063,60
6,11,0.999997297619522,0.603697007495906,60
1,12,0.999999799936286,0.959266855603908,60
2,12,0.999999655103616,0.895986202014602,60
4,12,0.99999921786312,-0.0660501049326011,60
3,12,0.999998186436623,0.732312182111479,60
5,12,0.999998550604037,0.900692387836662,60
6,12,0.999997879635719,0.384649691422075,60
1,13,0.999999792679482,0.990091491173486,60
2,13,0.99999964294721,0.361579368430855,60
4,13,0.99999920993275,0.662754612909668,60
3,13,0.999998295715683,0.823147585624473,60
5,13,0.999998138411045,0.862794755984086,60
6,13,0.999997345380285,0.569339561690256,60
1,14,0.999999803644914,0.99078362048031,60
2,14,0.999999637958734,0.922852599083183,60
4,14,0.999999304278322,0.308232200259333,60
3,14,0.999999173403939,0.557084744440014,60
5,14,0.999999141990692,0.494588832558133,60
6,14,0.999998472660193,0.14542165310733,60
1,15,0.999999815613022,0.986613500524431,60
2,15,0.999999694452907,0.908901649803353,60
4,15,0.99999910972757,0.985507436275287,60
3,15,0.999998270798819,0.895055433634409,60
5,15,0.999998665392574,0.90448244379019,60
6,15,0.999997218552033,0.632141742690597,60
1,1,0.9981491567322,0.982924961305634,61
2,1,0.996785096123139,0.997384835574843,61
3,1,0.992491914589517,0.965472478993038,61
4,1,0.98541433562484,0.832415068985442,61
6,1,0.98764899197524,0.895427471689975,61
5,1,0.976775121308228,0.28726725942377,61
1,2,0.998136799010124,0.957932805279419,61
2,2,0.997356435377448,0.894095565892169,61
3,2,0.992620831023872,0.73610834450011,61
4,2,0.986211129269598,0.853177483366106,61
6,2,0.98713786713845,0.813268608174615,61
5,2,0.981163608577633,0.286977847084785,61
1,3,0.997706908748162,0.996051338425985,61
2,3,0.996914051073323,0.893610076192404,61
3,3,0.992537677878295,0.87986972740792,61
4,3,0.984191280810975,0.969294774675166,61
6,3,0.987922942249221,0.204845874746092,61
5,3,0.978710962067624,0.589300603764084,61
1,4,0.997657045737975,0.992646385014961,61
2,4,0.997277583580888,0.929023603135625,61
3,4,0.993710866029998,-0.121501234932977,61
4,4,0.992518232004528,0.694092611322551,61
6,4,0.990103376862187,0.30136616792413,61
5,4,0.985411848948149,0.487491710038847,61
1,5,0.998688982089555,0.923284623079164,61
2,5,0.997426414131094,0.940315666846457,61
3,5,0.993782393796757,0.905254429260633,61
4,5,0.984857939000854,0.569578012369806,61
6,5,0.988023502905418,0.103191444376897,61
5,5,0.97708608093118,0.249831415945107,61
1,6,0.997739721897765,0.976808813096291,61
2,6,0.99779050368411,0.481352157112838,61
3,6,0.99334988224091,0.835913867950126,61
4,6,0.985293421243423,0.777387502570888,61
6,6,0.987357736936426,-0.284374171105013,61
5,6,0.976933609347643,0.329312462726587,61
1,7,0.997923389490769,0.965692992880638,61
2,7,0.997103906086987,0.947560136470395,61
3,7,0.992640669058625,0.987335443418815,61
4,7,0.98377403049043,0.861065499117345,61
6,7,0.987305227885565,0.970484958986225,61
5,7,0.977114804298744,0.583278785481907,61
1,8,0.997850007138582,0.995810027815617,61
2,8,0.99715458199536,0.901869810713011,61
3,8,0.993837693978997,0.858526800292349,61
4,8,0.985530296465805,0.496862081944935,61
6,8,0.987694006283054,-0.0538488476543164,61
5,8,0.976212843985186,0.107406965383102,61
1,9,0.997782662113734,0.990134626871464,61
2,9,0.996897520057972,0.971589471765124,61
3,9,0.993608676180895,0.822645449750393,61
4,9,0.985106780236285,0.539812267300729,61
6,9,0.983042832261555,0.826538323317351,61
5,9,0.977488127814598,0.873438458541387,61
1,10,0.998314064946107,0.887323566286305,61
2,10,0.997224946860346,0.877359116901509,61
3,10,0.992842436981682,0.975770428876456,61
4,10,0.985062891643575,0.85500877426265,61
6,10,0.987585468227353,0.840678022163652,61
5,10,0.977627929284085,0.261385996755609,61
1,11,0.998070509380173,0.944393647337573,61
2,11,0.997475050701234,0.947672006930885,61
3,11,0.993882590652033,0.794510841645083,61
4,11,0.984421341812448,0.91813132881233,61
6,11,0.987186429751224,0.445304993713557,61
5,11,0.982366875749931,0.644687460138236,61
1,12,0.997978841758011,0.820346867976498,61
2,12,0.997295234971497,0.955963126410097,61
3,12,0.993681147681208,0.799828134913889,61
4,12,0.984358223784237,0.984931543795696,61
6,12,0.988758547269302,0.458973757811139,61
5,12,0.976135968173727,0.551266092320213,61
1,13,0.997793669199803,0.984959551552977,61
2,13,0.997025517228624,0.98582873558747,61
3,13,0.993464624483698,0.953341630182184,61
4,13,0.986869814766623,0.625371598577472,61
6,13,0.988970860504309,0.763165364264698,61
5,13,0.97586768959305,0.823197906322604,61
1,14,0.997791803847153,0.964282147399836,61
2,14,0.997184514565671,0.959427603118598,61
3,14,0.993870124937785,0.415492883296738,61
4,14,0.984822671088613,0.839816219431869,61
6,14,0.987043773557858,-0.0034426450693877,61
5,14,0.976365311394696,0.828896575258762,61
1,15,0.99783056321651,0.931766306321047,61
2,15,0.997144981708696,0.870326681890725,61
3,15,0.993730475044272,0.737916224715123,61
4,15,0.983811931955747,0.206200932844577,61
6,15,0.984155335990931,0.80304074753732,61
5,15,0.976618526374773,0.457374714799213,61
1,1,0.999402021004196,0.969662837334587,62
2,1,0.999093704101009,0.980302531578525,62
3,1,0.997909656116767,0.461679209682664,62
4,1,0.994834319858276,0.926011710414989,62
6,1,0.996047767476833,0.851866659629942,62
5,1,0.993647607624764,0.536790344810916,62
1,2,0.999405785289821,0.983140245001483,62
2,2,0.999209861396847,0.947753141067087,62
3,2,0.997916173478752,0.698615772543661,62
4,2,0.997849219623193,0.690384094671867,62
6,2,0.995955058500178,0.577314101896984,62
5,2,0.995585754295283,0.620201508772021,62
1,3,0.999339952745048,0.981882051529076,62
2,3,0.999060649508902,0.930423591682502,62
3,3,0.997800337442188,0.976574334838455,62
4,3,0.995151310788675,0.421061443811868,62
6,3,0.996334248546307,0.778139690246092,62
5,3,0.994886552998807,0.233210466524191,62
1,4,0.999508619212365,0.941571612938129,62
2,4,0.99894896236354,0.979683680098953,62
3,4,0.997486822329815,0.965701766213759,62
4,4,0.994708260616447,0.657154018335694,62
6,4,0.996732557677807,0.830472851159185,62
5,4,0.993363414970193,0.699523838699447,62
1,5,0.999628596703563,0.968580759163683,62
2,5,0.999223632925282,0.688531362440112,62
3,5,0.997677388186937,0.869428396375281,62
4,5,0.99501825573563,0.767964170618979,62
6,5,0.996414545270996,0.218695338631522,62
5,5,0.993525561175866,0.0928576139763678,62
1,6,0.999399951742971,0.983898432341023,62
2,6,0.999113911074245,0.487978372978347,62
3,6,0.998453360627961,0.82723034079845,62
4,6,0.995203471427373,0.599095484142709,62
6,6,0.996081678406693,0.621649010084377,62
5,6,0.993260673753825,0.562382589018662,62
1,7,0.999559630147811,0.823926572786747,62
2,7,0.999266707249729,0.688229378341291,62
3,7,0.998086765290434,0.375208901597398,62
4,7,0.994386703951056,0.897484699972878,62
6,7,0.996115353605965,0.785996727516836,62
5,7,0.993954779428593,0.69713060284494,62
1,8,0.999397203896976,0.980573721138175,62
2,8,0.999007798806692,0.976200147993858,62
3,8,0.997763067805089,0.6479638425368,62
4,8,0.995027664418468,0.727610725535686,62
6,8,0.995295176160968,0.330145210731293,62
5,8,0.993553685651356,0.324030083443812,62
1,9,0.99938990163143,0.980105469443589,62
2,9,0.999096476415637,0.936569013666318,62
3,9,0.997896181192015,0.85459415569567,62
4,9,0.994692218454748,0.634914223478458,62
6,9,0.994474915696001,0.171523676630614,62
5,9,0.994112226336798,0.90962449451276,62
1,10,0.999377889444026,0.983952687378897,62
2,10,0.999068291195459,0.964554390761605,62
3,10,0.99746320402438,0.938255188021002,62
4,10,0.994580231364591,0.860206376492135,62
6,10,0.996222654658445,0.675914737715973,62
5,10,0.993822129388396,0.526171585522025,62
1,11,0.999370147749369,0.995195449123516,62
2,11,0.999093314059824,0.934983326050972,62
3,11,0.997744372611418,0.920950906497529,62
4,11,0.996644564327233,0.428935661088208,62
6,11,0.996453759185806,0.121535448442463,62
5,11,0.993243463910242,0.424904425917,62
1,12,0.999392982331199,0.967428441531415,62
2,12,0.99907443768089,0.917941092912254,62
3,12,0.997958175064045,0.826118311047772,62
4,12,0.9943132481771,0.745166671755729,62
6,12,0.996264201036872,0.0832885396255113,62
5,12,0.993135772240685,0.900099176087636,62
1,13,0.999411346690025,0.984554950096525,62
2,13,0.999061023457081,0.996720279715577,62
3,13,0.997789090091711,0.593798956645219,62
4,13,0.994311854958603,0.948691794347096,62
6,13,0.996371246352017,0.314532931720214,62
5,13,0.993548188080864,0.540889660115367,62
1,14,0.99943610481103,0.745885147338274,62
2,14,0.998910722560532,0.989870526645833,62
3,14,0.997962987607689,0.984099897417976,62
4,14,0.994465995225779,0.879306971129639,62
6,14,0.996172005957792,-0.0189294286846153,62
5,14,0.993805650714264,0.579369243503742,62
1,15,0.99937594241362,0.993798635915744,62
2,15,0.999208092706546,0.789782017711434,62
3,15,0.997812945196792,0.784501455459166,62
4,15,0.994910208580425,0.70756104150279,62
6,15,0.996761835322471,0.208066643059925,62
5,15,0.994101025985106,0.0944274338605567,62
1,1,0.999432486951542,0.99778645131489,63
2,1,0.999310768435371,0.949186940014316,63
3,1,0.997845411083146,0.726154892163007,63
4,1,0.995237451280795,0.679939794344378,63
5,1,0.995504522383578,0.816780820570043,63
6,1,0.991646474366196,0.316027517046133,63
1,2,0.999701795959009,0.946412921904964,63
2,2,0.999271551827786,0.929548310278873,63
3,2,0.998091556901282,0.887760815403351,63
4,2,0.995204457452904,0.811806728697827,63
5,2,0.995940343518799,0.574285731263212,63
6,2,0.990463360498744,0.874374964178897,63
1,3,0.999453606806777,0.961062390922935,63
2,3,0.999139764732658,0.904294257429375,63
3,3,0.998074808879302,0.791052998072381,63
4,3,0.994491551648491,0.679368303365443,63
5,3,0.996029575615794,0.483329548478016,63
6,3,0.990449000150121,0.107761718432115,63
1,4,0.999420309268724,0.98978215554766,63
2,4,0.999014633993809,0.979796257313691,63
3,4,0.997822265628486,0.660821749731004,63
4,4,0.994662789786022,0.470907804559574,63
5,4,0.994400347580199,0.637789957534252,63
6,4,0.990023202698728,0.476414060675164,63
1,5,0.999523891138123,0.935695149104907,63
2,5,0.999060433814687,0.98552052376874,63
3,5,0.997798101931414,0.883769707280546,63
4,5,0.995853358859286,0.806767371658382,63
5,5,0.995404061745364,0.476939339815261,63
6,5,0.989904893743132,0.921536614352114,63
1,6,0.999449005240124,0.989565652439381,63
2,6,0.999134372342252,0.95337635473343,63
3,6,0.997943475480523,0.940536249371792,63
4,6,0.994776725422757,0.889848570908551,63
5,6,0.995666331116128,0.712215443975318,63
6,6,0.993159736502714,0.0859017168102298,63
1,7,0.999453719768691,0.9803999538281,63
2,7,0.999246816790554,0.582486331838689,63
3,7,0.998219177153645,0.839592846307826,63
4,7,0.993915200653512,0.950940896705839,63
5,7,0.995868933463169,0.729339275828932,63
6,7,0.991782455246469,0.773087346922961,63
1,8,0.999492811594911,0.968010525653262,63
2,8,0.99918415247088,0.844778025321561,63
3,8,0.997705157535807,0.733121976299026,63
4,8,0.995470520854545,0.724095843157289,63
5,8,0.993886474547298,0.815953645686489,63
6,8,0.990779134063216,0.838561017316753,63
1,9,0.999421323496954,0.969497479891126,63
2,9,0.999136173671592,0.939360398063485,63
3,9,0.997548128838411,0.917818915062471,63
4,9,0.993951458682466,0.719003185946439,63
5,9,0.994187747094693,0.23680513180773,63
6,9,0.991380316455366,0.759014951116178,63
1,10,0.999440761330609,0.994691993503342,63
2,10,0.999140829862349,0.98023571879908,63
3,10,0.998171821394361,0.725856855521867,63
4,10,0.994600681234322,0.290392860862376,63
5,10,0.9966092779659,0.1442174411211,63
6,10,0.990816491697713,0.152725641114967,63
1,11,0.999445418441988,0.995130885735564,63
2,11,0.999105181991347,0.984787305999195,63
3,11,0.997780291576311,0.972243544615936,63
4,11,0.994863765380173,0.85825851957847,63
5,11,0.995380107554729,0.906387634963711,63
6,11,0.990460229188883,0.779132566234516,63
1,12,0.99945715310854,0.896698717672413,63
2,12,0.999025952740117,0.984217910257266,63
3,12,0.997982946068502,0.959488644755334,63
4,12,0.993877269006833,0.719164040992121,63
5,12,0.995337056418875,0.580810510322543,63
6,12,0.990633989378866,0.375383119111632,63
1,13,0.999407402271023,0.990510525107638,63
2,13,0.999209182569708,0.896345260465367,63
3,13,0.997985796622784,0.800209521320535,63
4,13,0.997704828293823,0.485418300485738,63
5,13,0.995522938989176,0.135567245319506,63
6,13,0.995692858483204,0.211046131079693,63
1,14,0.999418763664429,0.968492931533059,63
2,14,0.999088408365716,0.913631612355202,63
3,14,0.99764216702136,0.895116387034103,63
4,14,0.994709443697187,0.730650820892605,63
5,14,0.995093975870297,0.383144674980876,63
6,14,0.990835974957,0.56332008750067,63
1,15,0.999429898278229,0.995497729364181,63
2,15,0.999338891412172,0.63076281407702,63
3,15,0.997872371621668,0.883765566659577,63
4,15,0.993769529463021,0.885159082802093,63
5,15,0.995446280518458,0.454136584705037,63
6,15,0.992408613942404,0.795494272843499,63
1,1,0.999999964475454,0.935483300306931,64
2,1,0.999999942373689,0.641012195986951,64
3,1,0.999999870834714,0.337709145597581,64
4,1,0.999999763531122,0.712146009326973,64
6,1,0.999999761584723,0.759591802585747,64
5,1,0.999999732539428,0.471493027026086,64
1,2,0.999999963324954,0.992791517331755,64
2,2,0.99999993383322,0.9675489498443,64
3,2,0.999999872203196,0.709998081418534,64
4,2,0.99999970499905,0.906304998354023,64
6,2,0.999999756425138,0.15768310802469,64
5,2,0.999999666213796,0.224461304621388,64
1,3,0.999999965091447,0.98488608042997,64
2,3,0.999999928694033,0.972827093939482,64
3,3,0.999999863943587,0.819447479594677,64
4,3,0.999999671259746,0.572442075344715,64
6,3,0.999999767998422,-0.285456767127139,64
5,3,0.999999691236747,-0.0843823973757611,64
1,4,0.999999962625044,0.969447290367614,64
2,4,0.999999938043222,0.886642145446609,64
3,4,0.999999885081723,0.385488387493265,64
4,4,0.999999722062821,0.952477982002562,64
6,4,0.99999975937149,0.703943401091263,64
5,4,0.999999636029436,0.921694786184634,64
1,5,0.999999960685908,0.990095377589096,64
2,5,0.999999910233417,0.943090102281452,64
3,5,0.999999877621054,0.452868414136338,64
4,5,0.999999725093308,0.836915496213164,64
6,5,0.999999756824435,-0.107895887686712,64
5,5,0.99999965960386,0.910383689824549,64
1,6,0.999999961801797,0.928024517251573,64
2,6,0.999999930484173,0.984030405899608,64
3,6,0.999999872289098,0.537933192225106,64
4,6,0.999999741012187,0.208434781493324,64
6,6,0.99999972588382,0.130781611141747,64
5,6,0.999999701823137,-0.240911605697136,64
1,7,0.999999972798691,0.968658739998561,64
2,7,0.999999943271503,0.782910380366217,64
3,7,0.999999882431089,0.854781948732655,64
4,7,0.999999693469888,0.772201704887063,64
6,7,0.999999759512849,0.876000810528728,64
5,7,0.999999665509318,0.638178174788819,64
1,8,0.999999963207114,0.997063537835354,64
2,8,0.999999930128612,0.979369346239396,64
3,8,0.999999870992542,0.924577319881467,64
4,8,0.999999660459418,0.944967824719352,64
6,8,0.999999777515743,-0.0199912696302523,64
5,8,0.999999670410856,0.68767012394067,64
1,9,0.999999965859633,0.962535203958452,64
2,9,0.999999953813868,0.925277040193915,64
3,9,0.999999854765957,0.960828028761684,64
4,9,0.999999680391417,0.972549418984185,64
6,9,0.999999752255267,0.72740115296954,64
5,9,0.999999689948523,0.406526486478775,64
1,10,0.999999962468336,0.987535962456584,64
2,10,0.999999931412556,0.856547578627339,64
3,10,0.999999856561659,0.853533068493218,64
4,10,0.999999772977108,0.116949473729251,64
6,10,0.999999758368188,0.942370448717762,64
5,10,0.99999965932117,0.643429277648357,64
1,11,0.999999968011318,0.985686429648787,64
2,11,0.999999937633889,0.956299478552062,64
3,11,0.999999895030619,0.894941943688547,64
4,11,0.99999985984347,0.650011629305362,64
6,11,0.999999758929329,0.163885908174198,64
5,11,0.999999682098954,0.603212238405432,64
1,12,0.999999975568009,0.902683745612714,64
2,12,0.999999942621908,0.732083796379635,64
3,12,0.99999985177985,0.916660283105833,64
4,12,0.999999691274746,0.713795604935019,64
6,12,0.999999691452699,0.808279651959197,64
5,12,0.999999672931314,0.753075230600896,64
1,13,0.999999967380044,0.935698970408686,64
2,13,0.999999931373598,0.978511374583712,64
3,13,0.999999868480352,0.323090119336739,64
4,13,0.999999723896909,0.796683552525406,64
6,13,0.999999808759854,0.612289612060001,64
5,13,0.999999621594279,0.975264123377702,64
1,14,0.999999963558957,0.9886064504886,64
2,14,0.999999928814235,0.984381312048668,64
3,14,0.999999899682779,0.0754993083640662,64
4,14,0.999999698560874,0.0860957894121384,64
6,14,0.999999789976988,0.23168291526857,64
5,14,0.999999657486169,0.34555154883122,64
1,15,0.999999963525812,0.974203911983227,64
2,15,0.999999929591106,0.863530808446596,64
3,15,0.999999871597962,0.991240319131717,64
4,15,0.999999685849021,0.592352932179019,64
6,15,0.999999779664172,0.314090683926165,64
5,15,0.999999648848731,0.210204763197428,64
1,1,0.999833680849518,0.988171257058446,65
2,1,0.999803726670236,0.918743272926267,65
4,1,0.99948114985009,0.772262450853683,65
3,1,0.998911239630716,0.894057086409236,65
5,1,0.998916848378381,0.780989710371557,65
6,1,0.997187203897045,0.722248032771502,65
1,2,0.999849597664886,0.978775023058996,65
2,2,0.999810335155809,0.734113818731053,65
4,2,0.999456888031946,0.824238065507922,65
3,2,0.99884402838577,0.898960376793649,65
5,2,0.99845890689541,0.860109243271891,65
6,2,0.997719349318535,0.733411858423095,65
1,3,0.999839067596617,0.986604816744597,65
2,3,0.999772328882382,0.939939821087437,65
4,3,0.999541969742352,0.870193183548322,65
3,3,0.99886980929391,0.817078465063667,65
5,3,0.998878565279231,0.493798885630163,65
6,3,0.996996092227323,0.263090435742098,65
1,4,0.999859630544529,0.978744189793343,65
2,4,0.999761341800064,0.992703473771787,65
4,4,0.99933064005233,0.993761683553932,65
3,4,0.999213885769759,0.747314701044074,65
5,4,0.998819249575008,0.690487129536217,65
6,4,0.997110414412685,0.609548841468275,65
1,5,0.999849396200755,0.948128218532662,65
2,5,0.999794711864773,0.750563337305682,65
4,5,0.999420053616928,0.857082573051204,65
3,5,0.998877721369017,0.934258953462986,65
5,5,0.998905088297206,0.67595822119785,65
6,5,0.997859169635565,0.250105536024537,65
1,6,0.999913236746254,0.953817290929983,65
2,6,0.99978742771055,0.96754043236368,65
4,6,0.999514462450308,0.878397891383584,65
3,6,0.998982460518256,0.669641895011701,65
5,6,0.998972412639694,0.646782677156602,65
6,6,0.997436385695676,-0.630499288975369,65
1,7,0.999836147516775,0.99643693530608,65
2,7,0.999771172141885,0.973483398140698,65
4,7,0.999489733331925,0.064234750117403,65
3,7,0.998981613767354,0.90112939439579,65
5,7,0.998913599579196,-0.416347932936063,65
6,7,0.996926094810486,0.946133798190056,65
1,8,0.999870303485704,0.779986368044708,65
2,8,0.999793530511552,0.774496923882401,65
4,8,0.999445636560583,0.981102484990609,65
3,8,0.998948040961377,0.850728781472602,65
5,8,0.998971045305517,0.380129247366786,65
6,8,0.996756847033973,0.717119487506931,65
1,9,0.999850473439569,0.99633040673488,65
2,9,0.999782183450801,0.927935110163356,65
4,9,0.999439295344994,0.827123157441189,65
3,9,0.998845696149089,0.964252941365919,65
5,9,0.998852364084471,0.863413421991296,65
6,9,0.997167679045425,0.170462239543088,65
1,10,0.999848062593427,0.898075500933126,65
2,10,0.999790893580727,0.944268742914798,65
4,10,0.999488328350257,0.705911525451979,65
3,10,0.999451369016214,0.877064288682396,65
5,10,0.999085385836304,0.252554972863592,65
6,10,0.999008132319505,-0.112733313734079,65
1,11,0.999843710127261,0.988362280929476,65
2,11,0.999741707936162,0.98690539927449,65
4,11,0.999578609508633,0.587433771888542,65
3,11,0.998926787059574,0.460524652570427,65
5,11,0.998855799922027,0.734831737418807,65
6,11,0.996939911903597,0.543323845854487,65
1,12,0.99986438478042,0.97290183994296,65
2,12,0.999801739827219,0.968258089377662,65
4,12,0.99950261935409,0.774768611956212,65
3,12,0.99907777968167,0.665452291914365,65
5,12,0.998965406507942,0.432068301814976,65
6,12,0.997041257240308,0.802420488663588,65
1,13,0.999842119299334,0.992293493756435,65
2,13,0.99976745530156,0.944771752869398,65
4,13,0.999484410266655,0.952995416117067,65
3,13,0.999075508027874,0.749262360699111,65
5,13,0.998870291310448,0.916422364795694,65
6,13,0.997151574265954,0.557135232237134,65
1,14,0.999840024983578,0.985697292764267,65
2,14,0.999788264597075,0.858094674835641,65
4,14,0.999456565830748,0.904529643216994,65
3,14,0.998920499677435,0.520407312545102,65
5,14,0.998721556753634,-0.0290809180586232,65
6,14,0.997078091363258,0.654763094710439,65
1,15,0.999861882312744,0.789109278779192,65
2,15,0.999793432207213,0.958273457911792,65
4,15,0.999477788810807,0.586843065079259,65
3,15,0.998898881432973,0.87048023315464,65
5,15,0.999270122371861,-0.14725166453546,65
6,15,0.997114557713017,0.632605272184039,65
1,1,0.99937930407387,0.988766613428206,66
2,1,0.999147740010556,0.871600754872347,66
3,1,0.998371407927196,0.804949393816229,66
4,1,0.995469138836524,0.937199927517335,66
5,1,0.996465373334759,0.289618692549067,66
6,1,0.990848774719586,0.43793168211925,66
1,2,0.999513897753891,0.953533401252673,66
2,2,0.999167188403005,0.809259227695747,66
3,2,0.997978228876513,0.904374646767692,66
4,2,0.994890315380678,0.965231007941496,66
5,2,0.995232299729361,0.906164649445549,66
6,2,0.991578081547518,0.564405600153507,66
1,3,0.999336573788781,0.986036956671955,66
2,3,0.998997915448197,0.989026160409993,66
3,3,0.997930219497508,0.953143663911956,66
4,3,0.994383450667367,0.880311851686382,66
5,3,0.995325458779972,0.839005842153231,66
6,3,0.990952128708804,0.916656442094502,66
1,4,0.999402010681554,0.936809316522568,66
2,4,0.99904481277142,0.991556616999732,66
3,4,0.998493011056037,0.73806506931335,66
4,4,0.995094360082442,0.418464005337617,66
5,4,0.99611545081275,0.472094241324359,66
6,4,0.991238654052157,0.335804796216524,66
1,5,0.99930985143448,0.992873120076983,66
2,5,0.999122895696937,0.984332292163063,66
3,5,0.998155259605862,0.945629541666338,66
4,5,0.995209475753346,0.655860605673303,66
5,5,0.995218410778906,0.724249359111434,66
6,5,0.991421804496018,0.472846354422396,66
1,6,0.999331694096248,0.993368901153182,66
2,6,0.998974072207283,0.959901149889327,66
3,6,0.998104694367433,0.965040898974344,66
4,6,0.994618819669931,0.901579902043715,66
5,6,0.995704444564942,0.357537606236389,66
6,6,0.991048155098334,0.757469697684624,66
1,7,0.999291585121526,0.998126599253021,66
2,7,0.999025745419802,0.763249676840729,66
3,7,0.997980874120444,0.917811314065368,66
4,7,0.995809723243872,0.49256338887726,66
5,7,0.995833154709427,0.695396392204656,66
6,7,0.991186632509214,0.480190733379551,66
1,8,0.999367199713147,0.96525283716149,66
2,8,0.999039516641047,0.932683848349582,66
3,8,0.998281636792149,0.735310754447246,66
4,8,0.995296571402953,0.798683573945621,66
5,8,0.995177789542107,0.804470301381937,66
6,8,0.99105110552596,0.130117219880195,66
1,9,0.999308877811023,0.975991751327513,66
2,9,0.998870795155164,0.986841875925728,66
3,9,0.998112972716495,0.538642186950601,66
4,9,0.997773702426171,0.525607715293677,66
5,9,0.99592899367484,0.645619536381357,66
6,9,0.994795534255466,0.610350954460308,66
1,10,0.999338791208083,0.956237997885848,66
2,10,0.999084571571073,0.954937566623642,66
3,10,0.998139503575652,0.2196683171516,66
4,10,0.995453716268711,0.395633767306664,66
5,10,0.992995325264871,0.7696918057137,66
6,10,0.991858385056466,0.568822859333733,66
1,11,0.999414915892795,0.915912161399113,66
2,11,0.999100144861462,0.416406957105551,66
3,11,0.998399373590435,0.800261438413505,66
4,11,0.995103242814982,0.830851433294386,66
5,11,0.995248779491164,0.770160127106223,66
6,11,0.990760950963001,-0.209289276793237,66
1,12,0.999300807959617,0.965418788142996,66
2,12,0.999119860227141,0.831038642612632,66
3,12,0.998295416121951,0.180296155253475,66
4,12,0.995139275376654,0.571149585555246,66
5,12,0.995113014531378,0.297623577054335,66
6,12,0.990788102201339,0.725752171184669,66
1,13,0.999365287961346,0.909311876571202,66
2,13,0.999058443001836,0.986774450139342,66
3,13,0.998195840124276,0.348696369560046,66
4,13,0.994701659814469,0.660752416026924,66
5,13,0.994603329365029,0.704526619758476,66
6,13,0.991893349816094,0.830175955669743,66
1,14,0.999477860482161,0.830113236638091,66
2,14,0.999128808334008,0.926341274906947,66
3,14,0.997862527575826,0.990948657092468,66
4,14,0.995027781832369,0.674509880675773,66
5,14,0.995338278757521,0.385715181244844,66
6,14,0.990943022417376,0.464157869077445,66
1,15,0.999527265397504,0.965312191842152,66
2,15,0.999056961304257,0.967252150570632,66
3,15,0.998021225358582,0.905826191222588,66
4,15,0.995426629517065,0.857631254764849,66
5,15,0.994700778404427,0.361211895274356,66
6,15,0.992734080491515,0.450156046442397,66
1,1,0.999383194748687,0.990618710628819,67
2,1,0.999047597034041,0.944116105695971,67
3,1,0.997965834295336,0.841580019194749,67
4,1,0.99450933578874,0.614269800929685,67
5,1,0.995733747424639,0.499824625865326,67
6,1,0.994172026609296,0.206841993391476,67
1,2,0.999379100250284,0.993750417976972,67
2,2,0.999114837671996,0.836627134693537,67
3,2,0.998745858308885,0.717258500459862,67
4,2,0.994698831330591,0.674984166552657,67
5,2,0.996009989858169,0.250442343639884,67
6,2,0.994868761208382,0.0771409015425563,67
1,3,0.999478045564476,0.983610959525143,67
2,3,0.999183669465004,0.976950131149373,67
3,3,0.997632364349284,0.987396358378125,67
4,3,0.994685645310107,0.642510278155249,67
5,3,0.995508323724023,0.640441182450246,67
6,3,0.994605324947355,0.448747073351767,67
1,4,0.999326098625061,0.951785590135149,67
2,4,0.999183256706991,0.892071945517726,67
3,4,0.99789010820335,0.800427025051845,67
4,4,0.99480372126175,0.821033704866321,67
5,4,0.994323361332964,0.806454345088807,67
6,4,0.994560371836199,0.757857766002719,67
1,5,0.999647066406239,0.954005460265321,67
2,5,0.999119116747257,0.947368079249667,67
3,5,0.998161056995246,0.83221683855511,67
4,5,0.995531758394368,0.771416444006394,67
5,5,0.996374641318243,0.210560121542708,67
6,5,0.993761114108927,0.849244723806373,67
1,6,0.999419299394248,0.901114790478643,67
2,6,0.999121567126691,0.952750157823607,67
3,6,0.997935765735945,0.443098238567331,67
4,6,0.994552822695868,0.830771248037688,67
5,6,0.995403070493914,0.674013876061956,67
6,6,0.994579402253985,0.487235409424328,67
1,7,0.99940396868741,0.940209984014591,67
2,7,0.999105825455415,0.955644013337359,67
3,7,0.997984105199891,0.505400035935772,67
4,7,0.994749349246042,0.972908684613567,67
5,7,0.995261383260664,0.853289285261304,67
6,7,0.99474273800655,0.392865318738026,67
1,8,0.999344483845475,0.999244110262453,67
2,8,0.999149408779955,0.842365746085745,67
3,8,0.997966955272554,0.910179387252383,67
4,8,0.994671177003439,0.876582926225219,67
5,8,0.995727933433922,0.724449807412329,67
6,8,0.994332597243313,0.873307439653182,67
1,9,0.999365391412447,0.993180024242082,67
2,9,0.998962650142791,0.986445423778361,67
3,9,0.997834179570152,0.923357661764734,67
4,9,0.994669636605899,0.901154250357055,67
5,9,0.995569816536745,0.531821937329095,67
6,9,0.994579828019948,0.86178938571303,67
1,10,0.999354786721289,0.994305258941041,67
2,10,0.998998311914718,0.988977338185841,67
3,10,0.997903260836261,0.846309357053795,67
4,10,0.994628644688107,0.862648196143546,67
5,10,0.995552538474852,0.253174203833861,67
6,10,0.994556669755589,-0.255840532211472,67
1,11,0.999405887059285,0.983475325765473,67
2,11,0.999079110639348,0.964581581541231,67
3,11,0.998037019586767,0.828622193876584,67
4,11,0.996576942117574,0.803708433336348,67
5,11,0.995185753331482,0.666239775572595,67
6,11,0.993884582051294,0.82743854290495,67
1,12,0.999357228741322,0.99261916949452,67
2,12,0.999098578916519,0.932674094464272,67
3,12,0.998051844165753,0.693413524567777,67
4,12,0.99463097490346,0.470349305442777,67
5,12,0.995746232006225,0.759042343127178,67
6,12,0.9946764951101,0.366374330148437,67
1,13,0.999535468209493,0.873202226056303,67
2,13,0.999248898694397,0.849541263612711,67
3,13,0.99810248431488,0.600497242643205,67
4,13,0.997386054884655,0.84297786352947,67
5,13,0.995534445450611,0.715611879086081,67
6,13,0.995093107254228,0.584988219288124,67
1,14,0.999495408698054,0.975351842619527,67
2,14,0.999207877249189,0.877703204356633,67
3,14,0.997850444945718,0.979767461248476,67
4,14,0.994659586262457,0.784434194093205,67
5,14,0.994427297374488,0.679651846086072,67
6,14,0.994519308140962,0.0934027156669695,67
1,15,0.999460458910366,0.792966459097832,67
2,15,0.999086840392998,0.94027058010403,67
3,15,0.997706548742465,0.860837089154776,67
4,15,0.995666325735062,0.44532405174027,67
5,15,0.995582295898017,0.668725022686052,67
6,15,0.994070029084246,0.6201976951602,67
1,1,0.998297319952758,0.974332028508651,68
2,1,0.997367429039754,0.954692370149942,68
3,1,0.99399875062497,0.867435728684477,68
4,1,0.985175451842601,0.628547641826476,68
6,1,0.988628050700283,0.911347912828555,68
5,1,0.981071833683461,0.677700595644171,68
1,2,0.998509168282432,0.932943099306292,68
2,2,0.997141834489297,0.988761586989668,68
3,2,0.992983822156458,0.823161181154397,68
4,2,0.984990114832093,0.822900102987712,68
6,2,0.987030197714098,0.624054121709678,68
5,2,0.97941133733195,0.80276300854618,68
1,3,0.99863313305178,0.875277383023772,68
2,3,0.997421207135616,0.942315225012093,68
3,3,0.994070861522426,0.840678832836939,68
4,3,0.984045414769626,0.91085946691548,68
6,3,0.988143350188599,0.479496409703847,68
5,3,0.982450893774336,0.468975171629268,68
1,4,0.999164807616486,0.829910390163286,68
2,4,0.996745159673771,0.994663411802229,68
3,4,0.994416535764607,0.872911276035249,68
4,4,0.98520732622882,0.81828722606991,68
6,4,0.989235110580225,0.27264497593911,68
5,4,0.977911665606507,0.617960566021478,68
1,5,0.998321355348014,0.994575134661538,68
2,5,0.997432056020709,0.961263477715782,68
3,5,0.994048681199178,0.783987419556888,68
4,5,0.98543204188985,0.395236389798317,68
6,5,0.990903374718673,0.576319933781048,68
5,5,0.981071192855939,-0.0319201709453693,68
1,6,0.998219498501022,0.982746578476545,68
2,6,0.997173797127066,0.938345178656984,68
3,6,0.993379994785279,0.870498956204859,68
4,6,0.984848644771434,-0.216852404773409,68
6,6,0.984669699463131,0.576183898884021,68
5,6,0.981065269034487,0.198411238084206,68
1,7,0.998276993161195,0.984078015472574,68
2,7,0.997498562771622,0.802106597963377,68
3,7,0.994410955117573,0.871033082150743,68
4,7,0.984816550034481,0.960492831845093,68
6,7,0.985720626770503,0.618702774225602,68
5,7,0.981039318509372,0.923614057832257,68
1,8,0.99826411979473,0.919558663245413,68
2,8,0.997133946057676,0.996524279916754,68
3,8,0.994005563088417,0.513194006477958,68
4,8,0.984574269114152,0.681806750110305,68
6,8,0.988031306395646,-0.0827986386487447,68
5,8,0.980899208693503,0.366386279265754,68
1,9,0.998255673839253,0.994582927403606,68
2,9,0.997801540229939,0.846098302828355,68
3,9,0.994193789009749,-0.0298193578380429,68
4,9,0.9844286151236,0.83802038877085,68
6,9,0.988085044452395,0.448409746013096,68
5,9,0.981484912122498,0.841943461359796,68
1,10,0.998372181224993,0.946111737681186,68
2,10,0.997406701034102,0.846534795568359,68
3,10,0.992870585950381,0.975837512873167,68
4,10,0.984897683218108,0.846874972835948,68
6,10,0.990289391788166,0.882649302717821,68
5,10,0.980850829646942,0.62906621286918,68
1,11,0.99830103833825,0.976510236150519,68
2,11,0.997970297039629,0.354720132746733,68
3,11,0.995073981869497,0.7116511605957,68
4,11,0.984864442024691,0.861460785470752,68
6,11,0.988456849940307,0.833499791380623,68
5,11,0.980441531183758,0.66969427360935,68
1,12,0.998197179019682,0.996514023073346,68
2,12,0.997259457817013,0.97537674418072,68
3,12,0.993736036735161,0.786883409461767,68
4,12,0.990422570365905,0.281507689924174,68
6,12,0.988282968656127,0.577543197410931,68
5,12,0.97760444795768,0.88480729253621,68
1,13,0.998144589525331,0.993525862331996,68
2,13,0.99735462735118,0.767474385992349,68
3,13,0.99384932583865,0.431588660267475,68
4,13,0.984909840571455,0.656759022620418,68
6,13,0.988116791127055,0.192694321767801,68
5,13,0.97990922814069,0.336249339843692,68
1,14,0.998386865742691,0.973838476271059,68
2,14,0.997375494412995,0.907183352536383,68
3,14,0.99431245826171,0.681420226099618,68
4,14,0.993568018171136,0.734562361875856,68
6,14,0.988003899418855,0.105592788047913,68
5,14,0.986361029281525,0.614155283448434,68
1,15,0.998292704476211,0.985256669238097,68
2,15,0.99737980472563,0.896450607884033,68
3,15,0.993590585845595,0.986566359702882,68
4,15,0.984153894450113,0.540615618414332,68
6,15,0.988574752755831,0.807914140226532,68
5,15,0.982624985959286,0.689780131986695,68
1,1,0.998956978137276,0.903200471203398,69
2,1,0.997682987014581,0.873774074923197,69
4,1,0.994592722906295,0.84661241780676,69
3,1,0.983458018038829,0.67165922796735,69
5,1,0.989200907473917,0.386669187163805,69
6,1,0.973069721515811,0.259419601272822,69
1,2,0.998114261874707,0.979726158442769,69
2,2,0.99760205345239,0.749053805089041,69
4,2,0.994227450863759,0.764958118662607,69
3,2,0.981685551718452,0.830207695682592,69
5,2,0.986665045261495,0.121325220365169,69
6,2,0.977555102892602,0.440939010464919,69
1,3,0.998147213519656,0.975527164058202,69
2,3,0.997482877789825,0.973908573013397,69
4,3,0.993447907970871,0.764305009330054,69
3,3,0.987151960668046,0.624572462434728,69
5,3,0.988869887204359,0.887882933423245,69
6,3,0.969987796376175,0.930791559555788,69
1,4,0.998357104375966,0.912976413435193,69
2,4,0.997469663804387,0.817488755216769,69
4,4,0.992982447093889,0.864701370132783,69
3,4,0.98162407276878,0.945481351424819,69
5,4,0.987703662682097,0.741894956329902,69
6,4,0.976176990736502,-0.637484347037266,69
1,5,0.998457033781088,0.841056138432266,69
2,5,0.997757398909759,0.902594973861501,69
4,5,0.993627985238488,0.517841993286239,69
3,5,0.99229364600705,0.828664930147644,69
5,5,0.98864858873825,0.768769673778688,69
6,5,0.986097603833583,-0.0494728858404291,69
1,6,0.998186303052658,0.987493259608643,69
2,6,0.997347375687654,0.970029041280265,69
4,6,0.993696763838979,0.819274293612386,69
3,6,0.978648534670705,0.746464608620044,69
5,6,0.987636423143658,0.18620409855982,69
6,6,0.975685260313644,0.355372703540106,69
1,7,0.998175017918948,0.966044660106392,69
2,7,0.997318460301307,0.984204354210415,69
4,7,0.993098017516194,0.194753159833778,69
3,7,0.980615189888526,0.925050602684501,69
5,7,0.988041035013279,-0.00878547253216926,69
6,7,0.975260632042704,0.58898621832978,69
1,8,0.998091458821202,0.9840548147507,69
2,8,0.997815086437515,0.745747552193794,69
4,8,0.993683760654347,0.439525001822807,69
3,8,0.980701117737023,0.667511884312402,69
5,8,0.988738208582974,0.580475202427122,69
6,8,0.976569667180875,0.140314781458579,69
1,9,0.998224704282456,0.965967058463319,69
2,9,0.997389235007405,0.983838782043172,69
4,9,0.993492487371571,0.816661867132344,69
3,9,0.980977276111574,0.709339355263486,69
5,9,0.986797090634731,0.75562385405488,69
6,9,0.974257894927649,0.402235964267915,69
1,10,0.998093999194639,0.988892229301738,69
2,10,0.997056657622038,0.987007715140086,69
4,10,0.993313017189235,0.966279697918413,69
3,10,0.985878446481117,0.821963292750276,69
5,10,0.985517147557401,0.895885487485319,69
6,10,0.977173100779292,0.70876503376975,69
1,11,0.998173274554902,0.992325808063452,69
2,11,0.997301901275573,0.950121728950699,69
4,11,0.993245426764234,0.487967306410217,69
3,11,0.982170540476669,0.231352233564136,69
5,11,0.985717444495303,0.500575876581962,69
6,11,0.973715705011863,0.150087889978984,69
1,12,0.998031064658026,0.990027381868381,69
2,12,0.99773928568763,0.836132477012581,69
4,12,0.993342107260059,0.936147171322872,69
3,12,0.987090016843987,0.85155997515362,69
5,12,0.983616906608578,0.881399711881066,69
6,12,0.974416373274358,0.870170770685655,69
1,13,0.998090923146807,0.993894720492399,69
2,13,0.997251076946873,0.970837305733788,69
4,13,0.993106617654576,0.906773324607373,69
3,13,0.98319237497129,0.530796834623635,69
5,13,0.983273698710302,0.912335044012924,69
6,13,0.97483673883451,0.730033026193686,69
1,14,0.998187760323842,0.972866965188293,69
2,14,0.997425927025211,0.936229392770904,69
4,14,0.993712918710668,0.868229357071764,69
3,14,0.981018041551547,0.463562365344934,69
5,14,0.988566542486391,0.852655852120198,69
6,14,0.972404314677296,0.588002362063188,69
1,15,0.998156488738363,0.936353851725559,69
2,15,0.997400210373091,0.92324154780046,69
4,15,0.993373911945863,0.0133585291098893,69
3,15,0.979984037822647,0.943675308863332,69
5,15,0.988415537552857,0.187448071441292,69
6,15,0.975689352036223,0.586700555934013,69
1,1,0.999994612978361,0.952691501974314,70
2,1,0.999990573073361,0.98011418690971,70
3,1,0.999979662225776,0.901125000626755,70
4,1,0.999934137726681,0.710263469574433,70
6,1,0.999936285686637,0.682510695861215,70
5,1,0.999952090305867,0.427321879112851,70
1,2,0.999994233710456,0.902822019773617,70
2,2,0.999991065124392,0.962049606797716,70
3,2,0.999981290130422,0.855771441158814,70
4,2,0.99994100320115,0.892869476303778,70
6,2,0.999949325349998,-0.316890749400787,70
5,2,0.999956086047049,0.639206506852482,70
1,3,0.99999494245573,0.835466903724547,70
2,3,0.999990969848523,0.991106440438504,70
3,3,0.999981866229403,0.0343754535076004,70
4,3,0.999944478351249,0.878675017478451,70
6,3,0.999948636515981,0.569640252924729,70
5,3,0.999947643942207,0.68988160395862,70
1,4,0.999994010210588,0.985643236577964,70
2,4,0.999991446728441,0.94030567371998,70
3,4,0.99998210773097,0.797248312339663,70
4,4,0.999952859244265,0.70259673374771,70
6,4,0.999968545996742,0.519571437467752,70
5,4,0.99995914618636,0.614493864572948,70
1,5,0.999994626208564,0.976527011930756,70
2,5,0.999991504114215,0.980936256930802,70
3,5,0.999983354650353,0.919945956904472,70
4,5,0.999934849949254,0.914263235473465,70
6,5,0.999948670249442,0.617802307421422,70
5,5,0.999953722280115,0.361469945499198,70
1,6,0.999994800023241,0.925067688103467,70
2,6,0.999991167180096,0.811121204933144,70
3,6,0.999983340220052,0.504525411053973,70
4,6,0.999935827107666,0.733048974984272,70
6,6,0.999946950919467,0.309276950268517,70
5,6,0.99994204593791,0.80602879844067,70
1,7,0.999994373681191,0.955928186620936,70
2,7,0.999990657911324,0.985380954660868,70
3,7,0.99998279590604,0.533070428046726,70
4,7,0.999968318575957,0.593790516877148,70
6,7,0.999950336279201,0.00435700349052132,70
5,7,0.999958966843664,0.618352377744176,70
1,8,0.999994951561715,0.900880100487935,70
2,8,0.999990663772652,0.862755249470999,70
3,8,0.999977536556879,0.984799879016983,70
4,8,0.999938648410625,0.885733834627663,70
6,8,0.999946883222662,0.249612255322908,70
5,8,0.999951601052576,0.656574408565228,70
1,9,0.999994274762949,0.980954741037986,70
2,9,0.99999125959147,0.782699900794946,70
3,9,0.999984712839065,0.815774618693504,70
4,9,0.999935639106091,0.855958725069,70
6,9,0.999946614236227,0.34430435605935,70
5,9,0.999948654278412,0.19368728891757,70
1,10,0.999993747681712,0.996095828166306,70
2,10,0.999989418072966,0.969182905397656,70
3,10,0.999981435417989,0.686291414786563,70
4,10,0.99993601973007,0.806502020624413,70
6,10,0.999946284387407,0.808373924873294,70
5,10,0.999954196958756,0.793086002870942,70
1,11,0.999994198837965,0.984479664627006,70
2,11,0.999991145045779,0.966786526353259,70
3,11,0.999980545504674,0.934352311617078,70
4,11,0.999944755107602,0.0853350138688407,70
6,11,0.999950176659503,0.802626129367417,70
5,11,0.999952680108896,0.524247501379,70
1,12,0.999994157811595,0.972710801333425,70
2,12,0.999992019668714,0.796990258486906,70
3,12,0.999979809959993,0.850977394217478,70
4,12,0.999962253004021,0.447016688093549,70
6,12,0.999967829081552,0.424025923647023,70
5,12,0.999945886876724,0.799886022000347,70
1,13,0.999994494565977,0.976899765978889,70
2,13,0.999991939809923,0.535613164861525,70
3,13,0.999978952865962,0.931909284185408,70
4,13,0.999934664989917,0.594741463389951,70
6,13,0.999948819007458,0.606425415155621,70
5,13,0.999952511128681,-0.576839203426707,70
1,14,0.999995812250181,0.947658175859108,70
2,14,0.999991604304082,0.718465766791433,70
3,14,0.999980563710019,0.864553697912334,70
4,14,0.999934685508213,0.214453969899507,70
6,14,0.99994804626797,0.119844870988261,70
5,14,0.999947034089418,0.878030548458665,70
1,15,0.999994222663161,0.921143216977497,70
2,15,0.999993423517483,0.940998710339001,70
3,15,0.999980794073613,-0.0465164792403168,70
4,15,0.999935518032054,0.944158760636813,70
6,15,0.999948593310647,0.793990073221208,70
5,15,0.999955303670486,0.426606864945428,70
1,1,0.999371788104139,0.986177187641385,71
2,1,0.999201437071188,0.975934981483587,71
4,1,0.998125114585118,0.945198794214561,71
3,1,0.994356954556344,0.867542510334399,71
6,1,0.996178975370711,0.17091201026079,71
5,1,0.993861472502682,0.220553718541363,71
1,2,0.999511960788565,0.961215094624046,71
2,2,0.999350694851748,0.886871779509516,71
4,2,0.998069597498899,0.585522495290002,71
3,2,0.997767946934745,0.936881420849464,71
6,2,0.995782043717628,0.909859244922736,71
5,2,0.996312499182345,0.304311082003955,71
1,3,0.999497785430113,0.985611055367463,71
2,3,0.999362229049114,0.553606938374453,71
4,3,0.99829033096992,0.803758570678391,71
3,3,0.994625894816552,0.688367195866382,71
6,3,0.995943297372167,0.871568421493545,71
5,3,0.994104743162815,0.612593012528994,71
1,4,0.999355283224661,0.944316088656181,71
2,4,0.999446512506537,0.727877849656409,71
4,4,0.998059380865174,0.878634902180956,71
3,4,0.994493000135653,0.852672655548894,71
6,4,0.994702744412352,0.861344600761939,71
5,4,0.993762762179547,0.816364559620312,71
1,5,0.999571152941096,0.828140285376903,71
2,5,0.99913089309604,0.985080229236507,71
4,5,0.998140187786626,0.955577543915683,71
3,5,0.995372970509336,0.751727572444498,71
6,5,0.996897430170716,0.918749291059223,71
5,5,0.993282860341242,0.902063283929168,71
1,6,0.999408936178051,0.970311759978583,71
2,6,0.999170072029433,0.963967758535674,71
4,6,0.998225154570232,0.839178488535804,71
3,6,0.994830402697567,0.533751297326572,71
6,6,0.995850825136914,0.52929270292489,71
5,6,0.992962322687793,0.167868296709831,71
1,7,0.999446860149775,0.958849540149714,71
2,7,0.999167408119887,0.990233632143345,71
4,7,0.998092106610546,0.148024201138354,71
3,7,0.995015478077146,0.843621468460155,71
6,7,0.995481873415461,0.302363679350647,71
5,7,0.993681974547081,0.604586135985012,71
1,8,0.999434338390408,0.902013721286559,71
2,8,0.999195391687003,0.977825985139704,71
4,8,0.9982456988132,0.54502611778329,71
3,8,0.996505760155879,0.839629066863492,71
6,8,0.994761382169277,0.402856661374844,71
5,8,0.993166037068298,0.964536360240429,71
1,9,0.999614432266975,0.919437655732691,71
2,9,0.999085803192334,0.995437530861736,71
4,9,0.99800690053173,0.914326231189423,71
3,9,0.994630627927377,0.957918800195356,71
6,9,0.995662597625127,0.817652708913348,71
5,9,0.994073460055341,0.603277196072183,71
1,10,0.999424630014042,0.993555657404085,71
2,10,0.999250544754245,0.981995943965956,71
4,10,0.998438325867079,0.584076616800024,71
3,10,0.994811124971515,0.814130456752653,71
6,10,0.995595772568633,0.0164927362177078,71
5,10,0.993849806838672,0.800336369683185,71
1,11,0.999474310196691,0.901726546268031,71
2,11,0.99917898796501,0.973928706181047,71
4,11,0.998170681374884,0.982933856557201,71
3,11,0.994688038533796,0.932990632840289,71
6,11,0.995894423336647,-0.155538679983717,71
5,11,0.993845495523143,-0.171947852410884,71
1,12,0.999415402988808,0.995414867015285,71
2,12,0.999206920289102,0.987969006092947,71
4,12,0.998078979756981,0.877861548831511,71
3,12,0.994670153080707,0.978888984424229,71
6,12,0.995642192858402,0.592858992899033,71
5,12,0.993785111172071,0.528824084847832,71
1,13,0.999418956264252,0.994095713231617,71
2,13,0.999330141021886,0.858588000954728,71
4,13,0.998181176601906,0.802135303594677,71
3,13,0.994483845878993,0.480589176866553,71
6,13,0.994473961768563,0.59997996040941,71
5,13,0.993966869459292,0.86929022419584,71
1,14,0.999441471370124,0.96980153148711,71
2,14,0.999311020792581,0.914976330625048,71
4,14,0.998317186156895,0.77964894123945,71
3,14,0.994672605710053,0.913124116181631,71
6,14,0.995941528010415,0.623931220493581,71
5,14,0.993420632147639,0.564361617475075,71
1,15,0.999375099238568,0.997861893998098,71
2,15,0.999168232825841,0.981529040540387,71
4,15,0.998180132427629,0.819548460591539,71
3,15,0.994342378913825,0.702932986989128,71
6,15,0.995874051212325,-0.243410540113941,71
5,15,0.995194423516258,-0.0725993243104153,71
1,1,0.99783938245673,0.945364448243681,72
2,1,0.996823940620014,0.992731153644186,72
4,1,0.992342714758401,0.955326410525739,72
3,1,0.986288085262259,0.895950527078271,72
5,1,0.985910087539311,0.670406952805399,72
6,1,0.977952208354766,0.887880772769568,72
1,2,0.9979495444158,0.981378011801874,72
2,2,0.997035300583807,0.970015357312036,72
4,2,0.992977939767648,0.903920012336906,72
3,2,0.985716446905285,0.797483497533942,72
5,2,0.98529559981356,0.761137399386468,72
6,2,0.982385373926436,0.204255672897872,72
1,3,0.997749797111096,0.984061629683978,72
2,3,0.996837547522751,0.985109975931357,72
4,3,0.992324065245439,0.923856797189233,72
3,3,0.984650522502934,0.946807745353432,72
5,3,0.984874838143169,0.053940912946126,72
6,3,0.979544109500499,0.746464487972346,72
1,4,0.997830071201447,0.980938716107036,72
2,4,0.997266218522605,0.908468810723276,72
4,4,0.992652737281794,0.82036751413508,72
3,4,0.988463523180527,0.50084876818995,72
5,4,0.98278351022839,0.677828301033621,72
6,4,0.977306948906216,0.835842398212722,72
1,5,0.998286671433156,0.990609624600761,72
2,5,0.997128798195385,0.988023399976569,72
4,5,0.991292017610918,0.987319187691564,72
3,5,0.985516632520278,0.930724509424854,72
5,5,0.98590454523215,0.876011578750177,72
6,5,0.977310096419734,0.783469865104459,72
1,6,0.997817574495016,0.985499780360453,72
2,6,0.997104437998507,0.951728923704574,72
4,6,0.993286921794709,0.652194144897803,72
3,6,0.984526106485686,0.747214850768482,72
5,6,0.986422867918078,-0.536397345615584,72
6,6,0.977661292433229,0.4439414159727,72
1,7,0.99785265337744,0.967257560307853,72
2,7,0.997235153472577,0.844275444320701,72
4,7,0.994022074855547,0.608895328337527,72
3,7,0.985478647827881,0.735321191446001,72
5,7,0.980226200410008,0.798043547114493,72
6,7,0.98208110577918,0.916222973702798,72
1,8,0.997675092138689,0.982313440660304,72
2,8,0.997197728359644,0.93966385883294,72
4,8,0.993004221473455,-0.821721835921326,72
3,8,0.984548799163396,0.968734171731088,72
5,8,0.985417314068247,0.207231804190988,72
6,8,0.977656942800992,0.805491803238684,72
1,9,0.99816207387338,0.936507734072635,72
2,9,0.997148044402944,0.955655130162897,72
4,9,0.992894494460674,0.372117774175713,72
3,9,0.992737124976944,0.385509233078087,72
5,9,0.984585496695835,0.725949765278602,72
6,9,0.987618936079311,-0.0642881112866151,72
1,10,0.997879827460404,0.986669839260016,72
2,10,0.997085698215978,0.963797612277906,72
4,10,0.99292543884399,0.793579036451919,72
3,10,0.984792959092805,0.779481362872938,72
5,10,0.986052223297789,0.312965483748688,72
6,10,0.980018838466437,0.240889325166522,72
1,11,0.997710514092861,0.98976817301835,72
2,11,0.997221407728104,0.949722082214254,72
4,11,0.993963252168545,0.819045119368043,72
3,11,0.985067961456923,0.932277990098907,72
5,11,0.985329581800759,0.890875118808361,72
6,11,0.977182963049394,0.84089132435686,72
1,12,0.997894874109023,0.928852588510504,72
2,12,0.997033486664254,0.954971920834896,72
4,12,0.993084357291742,0.673584628155563,72
3,12,0.984350780847423,0.933584572388628,72
5,12,0.986081727598363,0.574319535048979,72
6,12,0.979291400387015,0.246602108543388,72
1,13,0.998846646733528,0.875426892709538,72
2,13,0.997572479028613,0.709161500170583,72
4,13,0.993843563013523,0.953390360496337,72
3,13,0.985332033069978,0.768389963469959,72
5,13,0.987755965193075,0.971023631607129,72
6,13,0.978821317720907,0.495535382876487,72
1,14,0.997822879634515,0.985893965994991,72
2,14,0.997368418384936,0.800260563754736,72
4,14,0.991664941924786,0.981873815172085,72
3,14,0.985745053308087,0.648276848172301,72
5,14,0.985037476562986,0.865138987797487,72
6,14,0.977057538089121,0.384525244774368,72
1,15,0.997833105964624,0.987170423067209,72
2,15,0.997205193147062,0.90340412409172,72
4,15,0.993116894425667,0.698151831297689,72
3,15,0.983472040669905,0.738987939703788,72
5,15,0.98768198992047,0.776999264061473,72
6,15,0.97719695608537,0.845444899980839,72
1,1,0.999999968987987,0.956800470659192,73
2,1,0.999999940411442,0.90329656924114,73
3,1,0.999999922709201,0.818923353603455,73
4,1,0.99999975098356,0.802361568876874,73
5,1,0.999999803311154,0.316881958320363,73
6,1,0.999999446457205,0.453120714749618,73
1,2,0.999999962251471,0.94898609245496,73
2,2,0.999999937875057,0.679003312252013,73
3,2,0.999999894041746,0.873072805321861,73
4,2,0.999999760251326,0.491505185809076,73
5,2,0.999999808164028,0.540388065689794,73
6,2,0.999999636384425,-0.578013885643686,73
1,3,0.999999957110083,0.995421426475764,73
2,3,0.999999925719431,0.860153595145226,73
3,3,0.999999897062138,0.722279024966824,73
4,3,0.999999734310945,0.828594139634347,73
5,3,0.999999809979189,0.0151641189357882,73
6,3,0.999999499177099,0.739262643920711,73
1,4,0.999999963939053,0.974405254062319,73
2,4,0.99999991868802,0.963083110846302,73
3,4,0.999999901639888,0.851670366188873,73
4,4,0.999999889287692,0.420830788103317,73
5,4,0.999999716609078,0.834261238309802,73
6,4,0.99999944204519,0.891759648149791,73
1,5,0.99999995697503,0.98453602331455,73
2,5,0.999999920735221,0.920509880757755,73
3,5,0.999999897920526,0.712251906877363,73
4,5,0.999999713749345,0.44654722293844,73
5,5,0.9999998132488,0.273523040334508,73
6,5,0.999999480605717,0.186692131291214,73
1,6,0.999999960994047,0.979463270370096,73
2,6,0.999999919298157,0.870771315731343,73
3,6,0.999999885235325,0.902391049949907,73
4,6,0.999999868261049,0.685837788383672,73
5,6,0.999999772845151,0.689141459140475,73
6,6,0.999999713729611,-0.126512245750075,73
1,7,0.99999995937189,0.98708537907649,73
2,7,0.999999948157488,0.944518845284234,73
3,7,0.999999904785896,-0.0508699951671205,73
4,7,0.9999997160177,0.909554639468203,73
5,7,0.999999794450971,0.63717541905443,73
6,7,0.999999559622227,0.61508181678157,73
1,8,0.999999976281456,0.958695106229212,73
2,8,0.999999921167869,0.914034079881493,73
3,8,0.999999883101199,0.996797415462489,73
4,8,0.999999772247789,0.403289590527592,73
5,8,0.999999771248462,0.65479339963906,73
6,8,0.999999461744184,-0.56491113956928,73
1,9,0.999999968085969,0.845512379000961,73
2,9,0.999999923684135,0.905596082173708,73
3,9,0.999999889627131,0.910429261594307,73
4,9,0.999999725129769,0.906019297715684,73
5,9,0.999999805316094,0.506031935871987,73
6,9,0.999999462845841,0.873278229867114,73
1,10,0.999999956628627,0.997583184386076,73
2,10,0.999999926367815,0.856248586397331,73
3,10,0.999999897060276,0.0182648716794143,73
4,10,0.999999738864285,-0.0571695480394879,73
5,10,0.99999980994841,0.243926338654024,73
6,10,0.999999465544992,0.317020858964969,73
1,11,0.999999960115136,0.931327162033934,73
2,11,0.999999914259706,0.98353205092084,73
3,11,0.999999892473514,0.495273636003092,73
4,11,0.999999797790399,0.791381661732006,73
5,11,0.999999685565569,0.967626357482489,73
6,11,0.999999473514017,0.441484138235335,73
1,12,0.999999959460816,0.996698055817123,73
2,12,0.999999919411286,0.888973824034059,73
3,12,0.999999901712941,0.754924816610045,73
4,12,0.999999743103654,0.410541918752298,73
5,12,0.999999751677933,0.750518543890722,73
6,12,0.999999472566014,0.250732346705408,73
1,13,0.999999972084126,0.954221677846618,73
2,13,0.999999938216184,0.991486454906405,73
3,13,0.999999913926059,0.0893603920711076,73
4,13,0.999999742479307,0.920556536068841,73
5,13,0.999999799688504,0.316345703725733,73
6,13,0.999999447225404,0.731734726549251,73
1,14,0.999999962443435,0.980186839172251,73
2,14,0.999999915065004,0.953883443822684,73
3,14,0.999999894188617,0.977077418060367,73
4,14,0.999999752087644,0.916994041448974,73
5,14,0.9999997635043,0.864531667980638,73
6,14,0.999999507944547,0.584774477291487,73
1,15,0.999999960873288,0.985494071857582,73
2,15,0.99999992590153,0.919512919128985,73
3,15,0.999999887850596,0.844639814678563,73
4,15,0.999999829187886,0.379725093000499,73
5,15,0.999999804406588,0.663517842586403,73
6,15,0.999999446209607,0.252374906417682,73
1,1,0.999369404807813,0.9949788901515,74
2,1,0.999188350136945,0.961919401832295,74
3,1,0.998141236218461,0.949432792151509,74
4,1,0.994236555158697,0.852277454571953,74
6,1,0.996547869884535,-0.206481454763714,74
5,1,0.991194713322218,0.687690585467462,74
1,2,0.999599826223147,0.939779603651411,74
2,2,0.99910471081299,0.979054080003302,74
3,2,0.99838082356122,0.884695860208962,74
4,2,0.995090850150477,0.621729728606345,74
6,2,0.994618035802617,0.532675735841628,74
5,2,0.991284516503271,0.766776496762379,74
1,3,0.999407865803426,0.962388817054138,74
2,3,0.999169862448824,0.950345996549206,74
3,3,0.998073163021277,0.863131839723052,74
4,3,0.993536812916814,0.559899211543819,74
6,3,0.99615964797776,0.572000864315602,74
5,3,0.991077240381297,0.188576986905444,74
1,4,0.999307299342922,0.984284524764165,74
2,4,0.999286390907131,0.703064501370748,74
3,4,0.998008555979338,0.933290984010746,74
4,4,0.994059733017302,0.676795778026551,74
6,4,0.996321324429017,0.41073785836837,74
5,4,0.993208834659608,0.326217327120965,74
1,5,0.999436553382116,0.984388488706229,74
2,5,0.99922030907386,0.983642654341667,74
3,5,0.998108754609699,0.894718108803424,74
4,5,0.99321384380544,0.80928972627749,74
6,5,0.995992633316792,0.6436750710935,74
5,5,0.992959759298707,0.64992003800199,74
1,6,0.999332401254231,0.960336643886481,74
2,6,0.999060094572631,0.993764630497907,74
3,6,0.998067455095106,0.396469819774293,74
4,6,0.993476813992472,0.937837371305293,74
6,6,0.99581901649003,-0.459335675587222,74
5,6,0.992100971688253,0.700494151362476,74
1,7,0.999405043869303,0.862429624953042,74
2,7,0.999108745289931,0.967560412173459,74
3,7,0.998015353782178,0.922628218038748,74
4,7,0.99334042939881,0.632146136338562,74
6,7,0.995792918373385,0.521051287629883,74
5,7,0.991155391424001,0.270358823170419,74
1,8,0.999367943572733,0.979779052186501,74
2,8,0.999099047793143,0.993236735597757,74
3,8,0.998186665080536,0.660924887097524,74
4,8,0.994115745306584,0.752119922937666,74
6,8,0.995895601742559,0.693001483793004,74
5,8,0.990789483381805,0.814315962340613,74
1,9,0.999293370760546,0.990518074856728,74
2,9,0.999276723930617,0.606789557800452,74
3,9,0.998327524636351,0.664837862633337,74
4,9,0.99786656103774,0.801748714420126,74
6,9,0.995832505647009,0.906890270462943,74
5,9,0.994388031335401,0.550075682275344,74
1,10,0.999326377011425,0.985319053205536,74
2,10,0.999189866498322,0.490955038737168,74
3,10,0.998043366980433,0.888018413526998,74
4,10,0.993530537385234,0.628126708165449,74
6,10,0.992633828566839,0.167186936045316,74
5,10,0.992879908948328,0.605133381827767,74
1,11,0.999394230094075,0.968628301387613,74
2,11,0.999155494539663,0.841728781652306,74
3,11,0.997763884169824,0.762884158956739,74
4,11,0.993357574683134,0.837615388444618,74
6,11,0.996037136027065,0.40427576104853,74
5,11,0.991259231893414,0.64327469390498,74
1,12,0.999449891960101,0.887575697275581,74
2,12,0.999138180059935,0.967592750343252,74
3,12,0.99837731829997,0.835819017197003,74
4,12,0.992837104289782,0.886345600123057,74
6,12,0.996202657129796,-0.256892118219499,74
5,12,0.991179601056432,0.568772146268452,74
1,13,0.999358952472281,0.939217573753771,74
2,13,0.999274586476772,0.986150320754729,74
3,13,0.998118007533562,0.918246349358139,74
4,13,0.993448736612528,0.586229861593144,74
6,13,0.995871986701611,0.689614310719903,74
5,13,0.991271559092391,-0.467514994140498,74
1,14,0.999287561004999,0.99586576130625,74
2,14,0.99915507581215,0.907213851970253,74
3,14,0.997980330120724,0.816447639158485,74
4,14,0.993713911023002,0.831206397227546,74
6,14,0.996173011784865,0.468496004801392,74
5,14,0.990506238166084,0.59999489908251,74
1,15,0.999318033078929,0.983258605254695,74
2,15,0.999156937030077,0.962077091483347,74
3,15,0.997921855978495,0.971406421381654,74
4,15,0.995473595254306,0.503629909426609,74
6,15,0.995501636883705,0.598456868112102,74
5,15,0.990774578300611,0.741329695601233,74
1,1,0.999316890231252,0.989450873099965,75
2,1,0.999239235285993,0.951066078485848,75
3,1,0.998007702994482,0.538046866423077,75
4,1,0.997969465181985,0.586778832709391,75
5,1,0.99659114389906,0.232689097285473,75
6,1,0.996191123248426,0.460004060954124,75
1,2,0.999553057637924,0.986802878013136,75
2,2,0.999406684510522,0.928637815278911,75
3,2,0.99878179826446,0.714619062533246,75
4,2,0.995180405742514,0.917458233451964,75
5,2,0.996087396056805,0.774257784993767,75
6,2,0.993857418478635,0.788323275423191,75
1,3,0.999409518644318,0.986740830500481,75
2,3,0.999161063351442,0.984328782376982,75
3,3,0.998322110172412,0.674357924160385,75
4,3,0.994594863355125,0.567891435975234,75
5,3,0.996920832399352,0.381464570933641,75
6,3,0.994625438903338,0.164289271125149,75
1,4,0.999462072697908,0.988669742271294,75
2,4,0.999240038619638,0.936591095275351,75
3,4,0.998014078654207,0.921520509102113,75
4,4,0.994795859607874,0.848519899125473,75
5,4,0.995799543107094,0.837089460072409,75
6,4,0.993522008883669,0.402601369435969,75
1,5,0.99964312867275,0.728410461053343,75
2,5,0.999116598383351,0.996964634847478,75
3,5,0.998036467444083,0.992188174293774,75
4,5,0.995237021147063,0.715676278518397,75
5,5,0.996224417215951,0.599448696009975,75
6,5,0.992963356084101,0.860648552466757,75
1,6,0.999369331656079,0.918314854801955,75
2,6,0.99917844292574,0.935786813599843,75
3,6,0.998119321224141,0.938489966708101,75
4,6,0.994910639707552,0.782171220412839,75
5,6,0.996522980288549,-0.0756532068848574,75
6,6,0.992795687137403,0.716432891135208,75
1,7,0.999360261339357,0.991541705951127,75
2,7,0.999176390390141,0.897193454280369,75
3,7,0.998241479997491,0.159229720227836,75
4,7,0.99566352547757,0.380008790555451,75
5,7,0.996634417948027,0.282231475787968,75
6,7,0.992795163626044,0.944370758041898,75
1,8,0.999355659361423,0.954689477365046,75
2,8,0.999198010271075,0.90588531717592,75
3,8,0.998046494479782,0.365383526528693,75
4,8,0.996125985953441,-0.0237558955312488,75
5,8,0.995096939636348,0.376396060257668,75
6,8,0.992830280058378,0.552273458763551,75
1,9,0.999430285838687,0.97522729484557,75
2,9,0.999233818875054,0.98701274837686,75
3,9,0.998087280395985,0.969412703765275,75
4,9,0.995097724126148,0.90735719578582,75
5,9,0.996597526718552,0.807636296560265,75
6,9,0.993382109817408,0.716200540289367,75
1,10,0.999395347518418,0.982626526363783,75
2,10,0.999161068132799,0.964817204940322,75
3,10,0.997993597116727,0.983005914995557,75
4,10,0.994686055261384,0.905694511098806,75
5,10,0.995938382197575,0.975262719660678,75
6,10,0.993148507393001,0.665547907788798,75
1,11,0.999369133365208,0.963662922043837,75
2,11,0.999157469654347,0.96648997292817,75
3,11,0.998084175543298,0.86657634633703,75
4,11,0.995542991173694,0.726836333231937,75
5,11,0.996845055896759,0.965201829993491,75
6,11,0.99307087599102,0.625189893319799,75
1,12,0.999351110524845,0.990349684128814,75
2,12,0.999048191650438,0.986119890362283,75
3,12,0.998181793466048,0.936460312735316,75
4,12,0.995805459544009,0.916510344963542,75
5,12,0.995088835985447,0.748976027517232,75
6,12,0.993392245408779,0.531141808960828,75
1,13,0.999534404507483,0.752848257560649,75
2,13,0.999249577103734,0.751903083120372,75
3,13,0.998187307082596,0.597672966062393,75
4,13,0.994356651114645,0.941997130327627,75
5,13,0.994798620417213,0.888246813864377,75
6,13,0.993908583205333,0.638193984426913,75
1,14,0.9994054060517,0.974567068010541,75
2,14,0.999180284813326,0.9615114467663,75
3,14,0.998095573856872,0.905271708472532,75
4,14,0.993895399320535,0.736508825671362,75
5,14,0.996620399256381,0.80153988794219,75
6,14,0.99308739267714,0.82349062297115,75
1,15,0.99945601718852,0.994175779845303,75
2,15,0.999232615909528,0.945259281760644,75
3,15,0.997958271927666,0.93136828583058,75
4,15,0.99493030147427,0.919232530670585,75
5,15,0.996661281217596,0.75698812946505,75
6,15,0.993297906798144,-0.403503197813628,75
1,1,0.999461330054465,0.928022058718554,76
2,1,0.999137313985388,0.930269722648055,76
3,1,0.998295585855729,0.46762629969862,76
4,1,0.993815868519094,0.90046413032312,76
6,1,0.995686381963512,0.180814361954183,76
5,1,0.99128131832656,0.73596341312207,76
1,2,0.999567655630559,0.88314893686802,76
2,2,0.999155585075875,0.630498515054011,76
3,2,0.998349412992016,0.840151594485738,76
4,2,0.997378474559916,0.607857042287936,76
6,2,0.995908301003949,0.325053068688297,76
5,2,0.99601177143479,0.286497961324941,76
1,3,0.999614794837074,0.951340141537711,76
2,3,0.999022647824043,0.968270450655556,76
3,3,0.998211515714711,0.914403249747992,76
4,3,0.99447147448596,0.938964565969464,76
6,3,0.995649035493416,0.191737422901669,76
5,3,0.990080711502366,0.928245279965964,76
1,4,0.999487944741892,0.993552526456247,76
2,4,0.999150572670379,0.874263625082284,76
3,4,0.99809565285414,0.969343833082752,76
4,4,0.994187139479755,0.974342909621182,76
6,4,0.995992646343538,0.730155159652447,76
5,4,0.991829307625203,0.311336828139646,76
1,5,0.999444697766785,0.991640288389576,76
2,5,0.999147316345686,0.932449057144743,76
3,5,0.998393200350084,0.555658337016633,76
4,5,0.994253687145929,0.507362896548622,76
6,5,0.995804664389748,0.0634750224040648,76
5,5,0.990798021486072,0.484331923920009,76
1,6,0.999392441260945,0.986718293392336,76
2,6,0.999067412207516,0.908201548540666,76
3,6,0.998240979049564,0.690212140114043,76
4,6,0.994797319395829,0.59109617925573,76
6,6,0.995553772394277,0.657692342178646,76
5,6,0.989947617862122,0.716024674969563,76
1,7,0.999422503744338,0.982018172226639,76
2,7,0.99907702586603,0.950507098497155,76
3,7,0.9981656775254,0.978930193869,76
4,7,0.995466748592924,0.478724226400497,76
6,7,0.996474560605645,0.76210933727866,76
5,7,0.989942913272517,0.89648367537958,76
1,8,0.99943189326438,0.84069532432223,76
2,8,0.999061363397375,0.930301904250575,76
3,8,0.998250650234816,0.767247710766358,76
4,8,0.994257142459964,0.909104625216123,76
6,8,0.995603158232291,0.75866662584358,76
5,8,0.990455171596546,0.521968078261765,76
1,9,0.999474444202255,0.916734924933334,76
2,9,0.999079046671827,0.988560785307509,76
3,9,0.998269670726895,0.917623319593339,76
4,9,0.994626815941864,0.847897605214846,76
6,9,0.995569950588957,0.317744907371005,76
5,9,0.989768395972668,0.322628805001165,76
1,10,0.999409321296388,0.99029902784421,76
2,10,0.99905737477738,0.893132769977932,76
3,10,0.998157917679891,0.945404837117421,76
4,10,0.994295445981807,0.606245460187587,76
6,10,0.995958969581143,0.0793338046561384,76
5,10,0.990166877757349,0.498586980163869,76
1,11,0.999472748841348,0.826371333045182,76
2,11,0.999157470255706,0.922227915346925,76
3,11,0.99828323932493,0.615678047540237,76
4,11,0.994124629519634,0.752598919973932,76
6,11,0.995645885844355,0.267146367678371,76
5,11,0.991251378311507,0.567184153861236,76
1,12,0.999420709253862,0.985816776487142,76
2,12,0.999087061293644,0.943859561132777,76
3,12,0.998146127793808,0.576653546811543,76
4,12,0.993378858937614,0.692852804040518,76
6,12,0.995566216075909,0.658765071928739,76
5,12,0.990742520361285,0.630871989136965,76
1,13,0.999448372658072,0.988678233796984,76
2,13,0.999139172543675,0.931537203726673,76
3,13,0.998094848654262,0.963663445990269,76
4,13,0.994573565848527,0.492789397872232,76
6,13,0.993451461953969,0.678135009623545,76
5,13,0.992267105327347,0.819546590250881,76
1,14,0.999481878072843,0.96847742716419,76
2,14,0.999048451249584,0.921363146426755,76
3,14,0.998057466707608,0.868892441419416,76
4,14,0.994579298220117,0.503477754130523,76
6,14,0.995755977793084,0.531705796752466,76
5,14,0.990431584333023,0.123109458754886,76
1,15,0.999463241783554,0.873169248246926,76
2,15,0.999179192627197,0.954781772379097,76
3,15,0.998292206273728,0.534428040996876,76
4,15,0.995339966772374,0.832920494085311,76
6,15,0.994364661928299,0.674805021528301,76
5,15,0.992389996875135,0.622795584125721,76
1,1,0.999318161485841,0.983067024482008,77
2,1,0.999067534777819,0.992965322596245,77
4,1,0.997760005283899,0.912516937034514,77
3,1,0.995567194385834,0.698226796597082,77
6,1,0.995989436340241,0.712499486474762,77
5,1,0.990447151256679,0.375247484741193,77
1,2,0.999312595085106,0.980955535611419,77
2,2,0.999093343158146,0.832043625434885,77
4,2,0.997726142202967,0.785375600357023,77
3,2,0.995111957907239,0.804523717156113,77
6,2,0.995950768553966,0.626323290167109,77
5,2,0.990502883819178,0.557341350881062,77
1,3,0.999334435675023,0.931598334333324,77
2,3,0.9991909602395,0.60706318700709,77
4,3,0.99780826363333,0.869319773834595,77
3,3,0.995369419882228,0.848181731895062,77
6,3,0.991868753612835,0.497058642228194,77
5,3,0.994322682020039,0.927325934226074,77
1,4,0.999250948360123,0.972006060046783,77
2,4,0.998908734017215,0.965545998560949,77
4,4,0.997825029732838,0.915010320305769,77
3,4,0.995496270027431,0.91723385492703,77
6,4,0.996105783598651,-0.321708238566474,77
5,4,0.989554133714412,0.89716480698651,77
1,5,0.999270028200576,0.974048049899842,77
2,5,0.998914774103088,0.993804181965719,77
4,5,0.9979227609408,0.376041800955408,77
3,5,0.995068043025565,0.865395642831107,77
6,5,0.996879316726053,0.280582480567903,77
5,5,0.990618833499099,0.594963989036564,77
1,6,0.999293724109203,0.975853417571207,77
2,6,0.998982186980086,0.796221052125881,77
4,6,0.997341903664005,0.89714598397838,77
3,6,0.99516580254154,0.245777237549156,77
6,6,0.996040835524984,0.662346435572995,77
5,6,0.990243306340578,0.467739476892414,77
1,7,0.99929276431993,0.969473371136726,77
2,7,0.999067235775531,0.942501437348449,77
4,7,0.997939576427202,0.759179274033659,77
3,7,0.995178988063959,0.928423743126386,77
6,7,0.995960255050752,-0.021142947365424,77
5,7,0.993440940128376,0.498125355282652,77
1,8,0.999274729946488,0.990031932263187,77
2,8,0.999035391321136,0.89403910388594,77
4,8,0.997894006092779,0.85380474920631,77
3,8,0.995324533411932,0.847767478339238,77
6,8,0.996100238134804,0.176774037892778,77
5,8,0.99032772952002,-0.352901423888931,77
1,9,0.999232215884459,0.99670380170614,77
2,9,0.999071132116428,0.995549800211481,77
4,9,0.997520704558645,0.991803179929162,77
3,9,0.995915975686968,0.76205741859896,77
6,9,0.995799399320346,0.942347304011633,77
5,9,0.990838582445338,0.714805671140405,77
1,10,0.999296568689681,0.962173211656088,77
2,10,0.99927212852849,0.0464163823724669,77
4,10,0.998080102832099,0.674842690564959,77
3,10,0.995150669883087,0.877914322722332,77
6,10,0.996121709941523,0.305230111445773,77
5,10,0.989677606722712,0.870247485879613,77
1,11,0.999508182936472,0.975050958288073,77
2,11,0.999157487796534,0.673808423026797,77
4,11,0.997690479992015,0.909153930384771,77
3,11,0.994083873956276,0.795555843137792,77
6,11,0.997188578386166,0.812030662225763,77
5,11,0.99113923092449,0.467903903349107,77
1,12,0.999265617839336,0.952183730344556,77
2,12,0.999143122911696,0.776119334723548,77
4,12,0.99799839423371,0.131732802486574,77
3,12,0.994863604309491,0.784596775508611,77
6,12,0.995857673452699,0.536513638785692,77
5,12,0.990948218705508,-0.00936617528591029,77
1,13,0.999327371127969,0.913406252661782,77
2,13,0.999024275227368,0.953972111586018,77
4,13,0.997831394615706,0.94694092789333,77
3,13,0.995531534410731,0.668947089330811,77
6,13,0.996035560865384,0.708164431579179,77
5,13,0.99019406069365,0.0953898542493279,77
1,14,0.999454945670379,0.924920464670763,77
2,14,0.999006727189016,0.972273070399398,77
4,14,0.998099702040581,0.727074107662724,77
3,14,0.995146812235155,0.929372699037764,77
6,14,0.996505442569289,0.23120839188068,77
5,14,0.989796686700144,0.773228923991672,77
1,15,0.999236551451931,0.995861565888285,77
2,15,0.999047360901721,0.801135634881284,77
4,15,0.998002118641528,0.492126083019552,77
3,15,0.997634972834948,0.829091163754029,77
6,15,0.995888986277318,0.678929626237114,77
5,15,0.996548149850976,0.534013110716802,77
1,1,0.999858506867421,0.948052347254268,78
2,1,0.999770086962973,0.864120989885036,78
3,1,0.999550461252289,0.869465810978365,78
4,1,0.9985070259545,0.940141901206228,78
5,1,0.999015798066029,0.663006416863518,78
6,1,0.998338136461188,-0.111443740399978,78
1,2,0.999851910381704,0.938600875890866,78
2,2,0.99978204738276,0.980032079989857,78
3,2,0.999523069163142,0.041619808306056,78
4,2,0.998560982698749,0.475832023829379,78
5,2,0.999124542564815,0.464281301646017,78
6,2,0.997413669877505,-0.205536924409498,78
1,3,0.99991814766919,0.931119688456134,78
2,3,0.999755549916827,0.991358559062908,78
3,3,0.999469404802427,0.970639433931441,78
4,3,0.99839405749147,0.775789713866914,78
5,3,0.999063843079665,0.262732921176761,78
6,3,0.997749698721989,0.56050618024877,78
1,4,0.999848584510631,0.947061074816286,78
2,4,0.999844569989981,0.63879858962022,78
3,4,0.999555393136033,0.901245589158657,78
4,4,0.99924954543192,0.132872488527966,78
5,4,0.998451840204372,0.767221606606878,78
6,4,0.997597367902457,0.865053497342502,78
1,5,0.999846352058447,0.968596970875694,78
2,5,0.999786595467853,0.893693139622518,78
3,5,0.999475113273023,0.946868475006007,78
4,5,0.998404895734161,0.882625133584969,78
5,5,0.998933203422057,0.788273702652204,78
6,5,0.997806812065182,0.233432019416847,78
1,6,0.999861778978715,0.96693502770817,78
2,6,0.999773000397144,0.990491484745513,78
3,6,0.999577953887515,0.955672920572332,78
4,6,0.998457396371123,0.844552569702361,78
5,6,0.999005395005632,0.846961572508965,78
6,6,0.997455150140353,0.786776441710913,78
1,7,0.999846654681425,0.921902064322233,78
2,7,0.999769204368045,0.952294721534399,78
3,7,0.999498962412743,0.874677900303053,78
4,7,0.998347651736701,0.76410971406006,78
5,7,0.99898977273699,-0.249333687839023,78
6,7,0.997646065432652,0.540372630121062,78
1,8,0.999852080769329,0.91730001859169,78
2,8,0.999758196592237,0.916397037820987,78
3,8,0.99950691717563,0.83257801630429,78
4,8,0.999265198046234,-0.13726033408116,78
5,8,0.998366293256161,0.961101621340853,78
6,8,0.997458613125794,0.894379436196365,78
1,9,0.999840266057063,0.996235874711834,78
2,9,0.99976151369471,0.961509578700062,78
3,9,0.999526980458937,0.915493092731684,78
4,9,0.998923483634874,0.672076570448093,78
5,9,0.999067366386445,0.785997384028345,78
6,9,0.997427635900048,0.750752900106984,78
1,10,0.999898241551976,0.932261233643354,78
2,10,0.999807915384828,0.9259459229661,78
3,10,0.999552432082573,0.662677168424686,78
4,10,0.998411636025808,0.985028451758142,78
5,10,0.99905633876873,0.718980331555396,78
6,10,0.997595276767605,0.60402520291739,78
1,11,0.999835807217357,0.99539303770508,78
2,11,0.999741564810495,0.99025075568703,78
3,11,0.999524305915004,0.699163978157736,78
4,11,0.998374321780488,0.686695340209712,78
5,11,0.999056885626262,0.69453168362089,78
6,11,0.997553888161285,0.364628091599957,78
1,12,0.999829585989098,0.994314292824971,78
2,12,0.999775913102296,0.951539187678343,78
3,12,0.999537214496474,0.776225666701971,78
4,12,0.998436044547191,0.809035122885692,78
5,12,0.998571834100258,0.896544915865309,78
6,12,0.998278095646679,0.594746906994151,78
1,13,0.99982811841482,0.979257117188051,78
2,13,0.999757061807689,0.964380326908171,78
3,13,0.999539831156485,0.833803238001155,78
4,13,0.998547301042453,0.773079307167873,78
5,13,0.998985313976565,0.792418206162594,78
6,13,0.99739850673589,0.702378557796447,78
1,14,0.999843127810872,0.983887928278988,78
2,14,0.999754711283799,0.946009655445636,78
3,14,0.999514779557815,0.893167012794358,78
4,14,0.998836916268686,0.848218806737372,78
5,14,0.998694200358463,0.655068339342552,78
6,14,0.997609913468805,0.280206585392357,78
1,15,0.999836710495715,0.997120821934998,78
2,15,0.999788352603848,0.237810678963786,78
3,15,0.999512426199358,0.417253495596772,78
4,15,0.999465916343639,0.480473523865823,78
5,15,0.99890973836062,0.403533450905298,78
6,15,0.998815751607078,-0.0432227342689014,78
1,1,0.998171857023555,0.955365322109037,79
2,1,0.997800373107815,0.841951003838072,79
3,1,0.994686350554357,0.874780212473546,79
4,1,0.980841581608928,0.664207290252562,79
5,1,0.988020380202302,0.659499788013876,79
6,1,0.97576512477965,0.226910665437642,79
1,2,0.998119535126079,0.967341705162438,79
2,2,0.997467009372079,0.977599900695977,79
3,2,0.994078319265255,0.771207585285085,79
4,2,0.981686459411138,0.840707244160747,79
5,2,0.99010113588754,0.851297494853053,79
6,2,0.972962578402886,0.441863420991001,79
1,3,0.998206783896119,0.983474627643574,79
2,3,0.99769013795039,0.962863847601404,79
3,3,0.993981241104022,0.918071821848425,79
4,3,0.981351317009332,0.814653237985823,79
5,3,0.987934886671617,0.688497549783728,79
6,3,0.972240419555724,0.920309176740665,79
1,4,0.998257369791901,0.976981235180117,79
2,4,0.997662726115327,0.893504927337289,79
3,4,0.993663860795249,0.765410417291372,79
4,4,0.989630782379853,-0.337416188106915,79
5,4,0.987071445129643,0.513671476679367,79
6,4,0.968526033469573,0.754916522949812,79
1,5,0.99813953331285,0.999835575132662,79
2,5,0.997642703514931,0.96803632312083,79
3,5,0.994116453992504,0.850843677377477,79
4,5,0.981466943231922,0.727974951302671,79
5,5,0.988194463584131,0.582336062472249,79
6,5,0.97333197724766,0.314058002411498,79
1,6,0.998719389885092,0.909820401933744,79
2,6,0.997589199077567,0.964368144323674,79
3,6,0.993832354884441,0.754851089485574,79
4,6,0.980177136411493,0.885658156959537,79
5,6,0.989233482028115,0.64378016696657,79
6,6,0.971493422617781,0.706537834216676,79
1,7,0.998678623853879,0.938948401108243,79
2,7,0.997577460360477,0.992016190730772,79
3,7,0.992591483236,0.976442163786139,79
4,7,0.981029910624244,0.843309727889588,79
5,7,0.988200507253851,0.83157464366767,79
6,7,0.974024768684604,0.624550438567744,79
1,8,0.998165260270752,0.987373302664018,79
2,8,0.997751222566122,0.834840175181094,79
3,8,0.993841821344421,0.82509134536365,79
4,8,0.992511522660085,0.68853921456576,79
5,8,0.9888321840153,0.267609884261641,79
6,8,0.983422775730682,-0.0974089931320302,79
1,9,0.998220900968716,0.855689952036992,79
2,9,0.997238789588054,0.98303422126988,79
3,9,0.993635399638363,0.850969148857538,79
4,9,0.98233054414666,0.813348652162087,79
5,9,0.987712397456141,0.352780912498705,79
6,9,0.973065794345224,0.632400100060141,79
1,10,0.998272653440779,0.983769911213563,79
2,10,0.997342353719789,0.975194291607756,79
3,10,0.994384130575312,0.365047174406684,79
4,10,0.981829058431394,0.804373148940973,79
5,10,0.987752781456812,0.610040034960137,79
6,10,0.974031336947997,0.0645107442129292,79
1,11,0.998294416351683,0.985643252591313,79
2,11,0.99760667627213,0.900918603136706,79
3,11,0.993434414907678,0.941667800161029,79
4,11,0.980942137737751,0.960454158401802,79
5,11,0.988225630514826,0.818618561334651,79
6,11,0.973807664924671,0.404092720635293,79
1,12,0.998248372265844,0.970332014958971,79
2,12,0.997671787114337,0.819088470628942,79
3,12,0.993935448386331,0.675368505469682,79
4,12,0.983072430540576,0.539235160125086,79
5,12,0.987126177095692,0.285085074066138,79
6,12,0.972893322428507,0.384153098261362,79
1,13,0.998201544159336,0.961408491216224,79
2,13,0.9975676936322,0.987031714044594,79
3,13,0.994027184640594,0.489612263027877,79
4,13,0.983266298823736,0.921040300275299,79
5,13,0.989837907538901,0.302644423745875,79
6,13,0.976411207647066,0.530128435464345,79
1,14,0.998098170117128,0.971293199701531,79
2,14,0.998125758516661,0.865113991370269,79
3,14,0.993786312540179,0.49552916881866,79
4,14,0.981640335522983,0.878872775039906,79
5,14,0.987965752883126,0.335769608933646,79
6,14,0.97233271521282,0.896107264541521,79
1,15,0.998126604448242,0.991833282232866,79
2,15,0.9977387583427,0.684796975403799,79
3,15,0.994345994428756,0.824578004940381,79
4,15,0.983193111937966,0.822620737680414,79
5,15,0.985567774064282,0.914314230027079,79
6,15,0.971874868256108,0.926064780551485,79
1,1,0.99806552716507,0.977099670692894,80
2,1,0.998088164379345,0.573925149006305,80
3,1,0.994000305093182,0.733378045516085,80
4,1,0.985956397420304,0.159856840029825,80
5,1,0.984242809664766,0.486133524268956,80
6,1,0.980720059537632,0.936593614518567,80
1,2,0.998307255096256,0.959367367449956,80
2,2,0.997544189388641,0.964583207280611,80
3,2,0.992903663184533,0.959963146927648,80
4,2,0.985375004547089,0.863731486091203,80
5,2,0.988132837069519,0.392910464306414,80
6,2,0.977652891088088,0.641348121728828,80
1,3,0.998934520829471,0.845302043057239,80
2,3,0.997720082689181,0.878565799005653,80
3,3,0.993484629637333,0.796081699686788,80
4,3,0.984362751977936,0.928183131166742,80
5,3,0.988372617766384,0.799457596070458,80
6,3,0.980720011045166,0.525479123622306,80
1,4,0.998098366951838,0.993221933011076,80
2,4,0.997593093921481,0.906138575065939,80
3,4,0.994159013401128,0.901103956489247,80
4,4,0.992111588569935,0.457181256472834,80
5,4,0.989659016023516,0.928394731941998,80
6,4,0.984412262258448,0.608828497463467,80
1,5,0.99828708367939,0.916058311085891,80
2,5,0.997520814792745,0.925568364809589,80
3,5,0.992902008779365,0.885636313868302,80
4,5,0.990105876758393,0.387222198396925,80
5,5,0.98775896376818,0.7704585691511,80
6,5,0.978689064506831,0.604699507240259,80
1,6,0.998068808276052,0.981630677963394,80
2,6,0.997392874440818,0.96174118108968,80
3,6,0.994722811369627,0.608649343021262,80
4,6,0.984516631928837,0.895610449983658,80
5,6,0.988538191671936,0.633601337821429,80
6,6,0.978374969491988,0.908004889579522,80
1,7,0.998150703634606,0.963179916922279,80
2,7,0.99749615204122,0.844215825212245,80
3,7,0.993610624420812,0.67779359476788,80
4,7,0.985700954604472,0.890749371617332,80
5,7,0.98782331095465,0.584670173089546,80
6,7,0.98276689779198,-0.513794437847353,80
1,8,0.998121317538043,0.974772995406811,80
2,8,0.996773128971111,0.996416011184504,80
3,8,0.993647331736741,0.662996472079529,80
4,8,0.98614468685208,0.891423331338833,80
5,8,0.987364605256173,0.181234883840366,80
6,8,0.97823814668488,0.765504264041064,80
1,9,0.998103580428189,0.995621896574229,80
2,9,0.997396179150401,0.953436672795305,80
3,9,0.993751755312937,0.750308149179518,80
4,9,0.986124599958239,0.897340762897082,80
5,9,0.988550246447521,0.313664879140572,80
6,9,0.97824522892299,0.781254040158119,80
1,10,0.998121924356521,0.991721353914053,80
2,10,0.997647593041649,0.974067204005351,80
3,10,0.993576276745526,0.847606722921657,80
4,10,0.986476953994116,0.707332300830239,80
5,10,0.984329348990651,0.583439843484893,80
6,10,0.981607016731463,0.215951672250481,80
1,11,0.99825588716467,0.96582190822351,80
2,11,0.997534051802674,0.933364882883801,80
3,11,0.993926707477093,0.576830611285909,80
4,11,0.986586571581129,0.639568818501928,80
5,11,0.987878180537363,0.651826674990354,80
6,11,0.979138842074631,0.532137655128172,80
1,12,0.998052082295272,0.963618604206585,80
2,12,0.997875468396233,0.727415774047527,80
3,12,0.99384270150148,0.794939513856535,80
4,12,0.985860039467412,0.86246338573229,80
5,12,0.987284823540141,0.795520048493326,80
6,12,0.980035081723526,0.135226172252041,80
1,13,0.997992368925934,0.997652162534767,80
2,13,0.997516008128454,0.881920868018929,80
3,13,0.99339289461553,0.975979686710062,80
4,13,0.984792230550641,0.917889649152797,80
5,13,0.988032773728283,0.157847201374263,80
6,13,0.981272966695283,0.647261598918517,80
1,14,0.998075374210619,0.945309930849363,80
2,14,0.997151922879567,0.988267992949915,80
3,14,0.992972398706317,0.87930395117198,80
4,14,0.985519230635792,0.731337734325791,80
5,14,0.990544016203967,0.34507996409008,80
6,14,0.980243308926234,0.389050372381269,80
1,15,0.998138986237144,0.975502786265984,80
2,15,0.997480826089401,0.949049710202258,80
3,15,0.993592286444344,0.896843815644199,80
4,15,0.985447784840926,0.952551932894263,80
5,15,0.987470610255191,0.415165342296664,80
6,15,0.980328071535663,0.629440030961408,80
1,1,0.999973056425176,0.916435562234527,81
2,1,0.99992838473974,0.984748384146783,81
3,1,0.999896470489358,0.513761700965369,81
5,1,0.999733311923344,0.456254863082152,81
4,1,0.999801181606385,0.771100476048296,81
6,1,0.999447265966852,0.67274736478031,81
1,2,0.999986734187932,0.972635577503404,81
2,2,0.999952702612467,0.854516766335273,81
3,2,0.999909657708172,0.783750559907895,81
5,2,0.999693077123483,0.855817172889969,81
4,2,0.999810565541281,0.356723680935881,81
6,2,0.999530028226307,0.523137852561636,81
1,3,0.999970685562936,0.985728325992813,81
2,3,0.999925731787136,0.98723312411458,81
3,3,0.999901308516287,0.808262097479873,81
5,3,0.999693930608348,0.69648246105813,81
4,3,0.999803037815738,0.869494405244337,81
6,3,0.999527992344113,0.541194512262147,81
1,4,0.999980325463487,0.951123355879308,81
2,4,0.999949396957046,0.855591467110644,81
3,4,0.99989243941007,0.910837220685776,81
5,4,0.999805486971044,0.46231891405908,81
4,4,0.999620185682596,0.956104843248651,81
6,4,0.99956441963812,0.621476499690226,81
1,5,0.999969727064965,0.997197325226216,81
2,5,0.999943972874227,0.850346712589382,81
3,5,0.999896185374839,0.967449486981755,81
5,5,0.999778605661049,0.706315664112734,81
4,5,0.999763866614894,0.645698712562774,81
6,5,0.999508489156869,0.85858052510557,81
1,6,0.999970461789012,0.994579985551295,81
2,6,0.99993557492919,0.973921329730166,81
3,6,0.999885742093881,0.602861948794634,81
5,6,0.999686790516752,0.879380063625983,81
4,6,0.999722692941851,0.6966780266296,81
6,6,0.999503224368504,0.706106416967766,81
1,7,0.999970652281575,0.986003952874681,81
2,7,0.999938459027353,0.930127615433302,81
3,7,0.999905252503302,0.392237847163373,81
5,7,0.999757071976857,0.854417843629336,81
4,7,0.99969503207359,0.860893316600054,81
6,7,0.9995040198974,0.664413101722955,81
1,8,0.999973224997832,0.94619934373769,81
2,8,0.999938612589364,0.971425692892382,81
3,8,0.99988333536137,0.941901824330355,81
5,8,0.999798354165513,0.801303852303222,81
4,8,0.999708300871817,0.760648241444076,81
6,8,0.999505511714341,0.416067522679492,81
1,9,0.999972199814075,0.912105076058578,81
2,9,0.99994177043255,0.9736413813531,81
3,9,0.999902444490835,0.808254451256031,81
5,9,0.999798241192511,0.352483341663122,81
4,9,0.999746806995672,0.786223318876822,81
6,9,0.999526349097364,0.848758108475338,81
1,10,0.999970483506982,0.945788103931118,81
2,10,0.999937214191082,0.910179512672934,81
3,10,0.999893847261238,0.848369174589085,81
5,10,0.999634872479182,0.875186253194592,81
4,10,0.999792997109902,0.910769213181181,81
6,10,0.999522611694346,0.734537902177826,81
1,11,0.999975017069299,0.916808670683371,81
2,11,0.999944622023657,0.373959055181578,81
3,11,0.999914600515688,0.816997701802999,81
5,11,0.999820521517465,0.425944636804296,81
4,11,0.999707142663966,0.819119395795158,81
6,11,0.999490433520066,0.567160508162735,81
1,12,0.999969552462591,0.999170126770412,81
2,12,0.999954739327098,0.8746643950389,81
3,12,0.99989113776463,0.88118299304006,81
5,12,0.999715413120007,0.896518174931199,81
4,12,0.999786293913852,0.898216361656575,81
6,12,0.99952611996173,0.761899494002022,81
1,13,0.999972824648604,0.939501954822927,81
2,13,0.999948395879223,0.523759462253554,81
3,13,0.999879540084172,0.463939385751237,81
5,13,0.999851866156737,0.895291892738557,81
4,13,0.999793584619691,0.79555535536689,81
6,13,0.999812749213525,-0.692889168351228,81
1,14,0.99997135204067,0.924569059004036,81
2,14,0.999933052666997,0.971109354023172,81
3,14,0.999901237180168,0.404127788351669,81
5,14,0.999701758317621,0.807475569880009,81
4,14,0.999817211903967,0.188696134136383,81
6,14,0.999706749922097,0.165309726883947,81
1,15,0.999968761584981,0.993914849220426,81
2,15,0.999939260382209,0.882241606426611,81
3,15,0.999896270710685,0.872006578410352,81
5,15,0.999689445278972,-0.0159600589254644,81
4,15,0.999795407100849,0.154185490217351,81
6,15,0.99950827420325,-0.6502394836259,81
1,1,0.999999963912861,0.980713224645416,82
2,1,0.999999940197987,0.838280545439474,82
3,1,0.999999881783235,0.927669335888576,82
5,1,0.99999983560955,0.250183199761713,82
4,1,0.999999596877619,0.844875579080759,82
6,1,0.99999961247275,0.401058985161883,82
1,2,0.999999961888763,0.995915566387547,82
2,2,0.999999937013723,0.921691149049531,82
3,2,0.999999880426501,-0.657872649834482,82
5,2,0.999999757884738,0.920446666514596,82
4,2,0.999999574356977,0.824032505830714,82
6,2,0.999999389050305,0.761806060410607,82
1,3,0.99999996042408,0.993579684227193,82
2,3,0.999999940822862,0.753998059361808,82
3,3,0.999999879808036,0.771844389161686,82
5,3,0.999999767699759,0.538499401096698,82
4,3,0.999999584646049,0.837016580576216,82
6,3,0.999999370342117,0.536365073636662,82
1,4,0.999999965022906,0.87976665109053,82
2,4,0.999999933776322,0.89272078236405,82
3,4,0.999999888021192,0.739729639526188,82
5,4,0.999999719915464,0.691844355522171,82
4,4,0.999999616871111,0.370128481507646,82
6,4,0.999999362420001,0.644912727488038,82
1,5,0.999999966441944,0.993064170842868,82
2,5,0.999999923984385,0.995844699994449,82
3,5,0.99999987406384,0.967561549023827,82
5,5,0.999999763180921,0.524037237204747,82
4,5,0.999999624330023,0.904759700946091,82
6,5,0.999999319490697,0.960247177685948,82
1,6,0.999999964764424,0.992191384575778,82
2,6,0.999999940083001,0.829008986569344,82
3,6,0.999999886412677,0.967604434787732,82
5,6,0.999999754152022,0.930864501040865,82
4,6,0.99999958108886,0.863735657652466,82
6,6,0.999999542367436,0.351645235542381,82
1,7,0.999999962583621,0.948515463470614,82
2,7,0.999999925571096,0.987806624582778,82
3,7,0.999999888735012,0.776254823222619,82
5,7,0.999999703397654,0.4642254422516,82
4,7,0.999999697642923,0.214940908306846,82
6,7,0.999999344954629,0.85006698017949,82
1,8,0.999999969788116,0.967317829731032,82
2,8,0.999999947862576,0.979340789756972,82
3,8,0.999999897517362,0.96414508880803,82
5,8,0.99999977005671,0.583642011178137,82
4,8,0.999999593407594,0.831092896675852,82
6,8,0.999999349754887,0.49047768369043,82
1,9,0.999999962625841,0.996393951303684,82
2,9,0.999999930765463,0.918683859311429,82
3,9,0.999999874636859,0.947332496580747,82
5,9,0.999999755075409,0.525268905635815,82
4,9,0.999999589222409,0.522642521357755,82
6,9,0.999999372578411,0.356845138821893,82
1,10,0.999999962344954,0.987934353239523,82
2,10,0.999999922939032,0.98470775464714,82
3,10,0.999999875950328,0.985906171475875,82
5,10,0.999999773426197,0.449154040486254,82
4,10,0.999999629283479,0.0271815122828631,82
6,10,0.999999329716636,-0.0581661195072253,82
1,11,0.999999977365113,0.902035907643456,82
2,11,0.999999935112469,0.899419129553347,82
3,11,0.999999870148094,0.968171404808992,82
5,11,0.999999770824263,0.455606999076487,82
4,11,0.999999766990055,0.444418644058606,82
6,11,0.99999946595348,0.917314476435183,82
1,12,0.999999964918743,0.935656295235218,82
2,12,0.999999926560644,0.993034148727241,82
3,12,0.999999875490659,0.890888549883972,82
5,12,0.99999972028005,0.810266543697316,82
4,12,0.999999664457134,0.677512226035085,82
6,12,0.999999418837609,0.497770396958008,82
1,13,0.99999996340249,0.976173677464654,82
2,13,0.999999935524988,0.843478302523683,82
3,13,0.999999885740519,0.826495365007416,82
5,13,0.999999643517783,0.748801602354521,82
4,13,0.999999577284751,0.757091618473028,82
6,13,0.999999394726688,0.816354193875702,82
1,14,0.99999997220336,0.685235947273261,82
2,14,0.999999955362187,0.95238076016792,82
3,14,0.999999900284488,0.224962107394953,82
5,14,0.999999748411349,0.881986787924813,82
4,14,0.999999538167744,0.902562865205738,82
6,14,0.999999364858515,0.584145271049001,82
1,15,0.999999963967125,0.9978760490283,82
2,15,0.999999945241509,0.959351540068382,82
3,15,0.99999989896625,0.824647303466825,82
5,15,0.999999852334749,0.313575526484903,82
4,15,0.999999850628299,0.189482940308886,82
6,15,0.999999771119456,0.17635443359915,82
1,1,0.994525866855811,0.98669550407861,83
2,1,0.994642677301196,0.736652428422054,83
3,1,0.983305261151549,0.019037558388988,83
4,1,0.965679360652463,0.876858582814739,83
5,1,0.965024354972514,0.302255493730438,83
6,1,0.9500958894972,0.18077500438793,83
1,2,0.99394107999834,0.969290279216038,83
2,2,0.994490649249267,0.698479242556066,83
3,2,0.98367570158075,0.751042753523516,83
4,2,0.980520505317634,0.787415023559948,83
5,2,0.963669007354728,0.329707647769478,83
6,2,0.956321588909947,0.71238790066702,83
1,3,0.995646243682682,0.878991970770235,83
2,3,0.993366990759478,0.979042957466353,83
3,3,0.98174734639714,0.973579223235062,83
4,3,0.96629945627615,0.939561407676111,83
5,3,0.968177299965069,0.846475505563914,83
6,3,0.952803176111324,0.655467147180547,83
1,4,0.994742949528844,0.9379655442876,83
2,4,0.992944218848787,0.905748442581051,83
3,4,0.975716836646518,0.946644777259053,83
4,4,0.968292692271294,0.715829995501251,83
5,4,0.966837872896479,0.595172663768801,83
6,4,0.949772670016639,-0.286332346029148,83
1,5,0.994874028709417,0.883531130149168,83
2,5,0.993120701861982,0.976751300019381,83
3,5,0.983046318343463,0.961175827645671,83
4,5,0.965629656290997,0.708835246570563,83
5,5,0.964189276371444,0.666999800833119,83
6,5,0.949228961012185,0.558840505670946,83
1,6,0.994390967383311,0.983271048299135,83
2,6,0.993307598283003,0.909012057185516,83
3,6,0.981233044499965,0.920587081428795,83
4,6,0.964892406776491,0.919041581456738,83
5,6,0.965983399690569,0.0465482838771485,83
6,6,0.949875277123723,0.205828104020281,83
1,7,0.994395779761025,0.947728169169901,83
2,7,0.993798775464952,0.836697588580401,83
3,7,0.981852790102062,0.878402949350371,83
4,7,0.971379496222451,0.65837827305704,83
5,7,0.950378435966924,0.564345731228868,83
6,7,0.949640348186659,0.980897999664724,83
1,8,0.994283353468611,0.995172768945265,83
2,8,0.993308511681532,0.940670311298669,83
3,8,0.981589924553769,0.973488706173228,83
4,8,0.965332382827326,0.796609995621361,83
5,8,0.963996964856548,0.429788000744629,83
6,8,0.945798358139328,-0.190491892905992,83
1,9,0.994468035128377,0.974619790566802,83
2,9,0.993621454815735,0.933747933766673,83
3,9,0.981589945882582,0.899195622889297,83
4,9,0.967036142936477,0.11456905657709,83
5,9,0.965856962697005,0.616927888132109,83
6,9,0.950362811949356,-0.689458423442108,83
1,10,0.994174893004493,0.97843658916235,83
2,10,0.992683051901074,0.969619972977529,83
3,10,0.981310449764213,0.973102100284013,83
4,10,0.964934390589129,0.844103552584036,83
5,10,0.967569861974434,0.242573139218178,83
6,10,0.947386984022999,0.872940924754132,83
1,11,0.994059043775127,0.99772974501396,83
2,11,0.992952379885883,0.986526669022327,83
3,11,0.981292646459731,0.905608912914498,83
4,11,0.963575985113339,0.747157795513695,83
5,11,0.963919325207337,0.740156062902263,83
6,11,0.944321880457977,0.740578139698914,83
1,12,0.993844540664068,0.996123250819367,83
2,12,0.992714969260381,0.991489052572019,83
3,12,0.981017952080002,-0.13258658906422,83
4,12,0.967055039568604,0.851228343837653,83
5,12,0.963789877225189,0.760492620697422,83
6,12,0.94806050379959,0.803075312819177,83
1,13,0.99498807000176,0.983204992818754,83
2,13,0.993278920691355,0.97370241704011,83
3,13,0.977912232301291,0.969324957905035,83
4,13,0.967521620167885,0.713026124050195,83
5,13,0.968602091334626,0.535678976651854,83
6,13,0.946741975509376,0.882716330579,83
1,14,0.995911683576283,0.942032489557302,83
2,14,0.993040359492488,0.937777782250789,83
3,14,0.981486340819176,0.944397215114503,83
4,14,0.967123511489045,0.490224593003983,83
5,14,0.96597070205681,0.561482977062209,83
6,14,0.948854306900697,-0.227518973914292,83
1,15,0.994331798058596,0.960652149985948,83
2,15,0.993689191399136,0.88388655767569,83
3,15,0.982980145627211,0.694122129581006,83
4,15,0.96562750856451,0.982398821925611,83
5,15,0.965428311498637,0.566753689305965,83
6,15,0.94877017537116,0.737572830631751,83
1,1,0.999419823851257,0.984579284885195,84
2,1,0.999282953265244,0.877714926963664,84
3,1,0.997988129378644,0.506731242189282,84
4,1,0.997978204438892,0.528556599125922,84
6,1,0.996180094305748,0.54319535339271,84
5,1,0.995679188492835,0.474799997514555,84
1,2,0.999485397148084,0.900567585781791,84
2,2,0.999275761012398,0.957618931380956,84
3,2,0.99786928363122,0.635731576781408,84
4,2,0.995763075390063,0.598897267742034,84
6,2,0.995902391676617,0.312489967814952,84
5,2,0.990870053363308,0.744724055029998,84
1,3,0.999444560426324,0.971432781925521,84
2,3,0.999273418156235,0.946702994498885,84
3,3,0.997917232680511,0.875781845172671,84
4,3,0.995161103234052,0.920855695012907,84
6,3,0.995925776763792,-0.279307411501216,84
5,3,0.99075400931041,0.851034654278734,84
1,4,0.999415915790093,0.997982805895509,84
2,4,0.999263457820953,0.900790786728794,84
3,4,0.997968500591918,0.652963723163277,84
4,4,0.994469603167864,0.727136273124607,84
6,4,0.994538803488889,0.55452994891543,84
5,4,0.992212383780801,0.69333248560819,84
1,5,0.999660353651898,0.933950545696928,84
2,5,0.999373078744481,0.781392382410533,84
3,5,0.99805858746081,0.947215746332911,84
4,5,0.995298155429941,0.788165196370631,84
6,5,0.995566362341423,0.821826249585697,84
5,5,0.991035151230578,0.818278595120938,84
1,6,0.999407290190194,0.97746497360996,84
2,6,0.999304175589854,0.837826925865544,84
3,6,0.99789384316493,0.984272239715644,84
4,6,0.995003270112082,0.71191300814607,84
6,6,0.995074535580348,0.364909482831711,84
5,6,0.991315119928958,0.329577219307708,84
1,7,0.99945140474293,0.847760303286737,84
2,7,0.999234402842621,0.942742843097274,84
3,7,0.997998900131575,0.125194413758253,84
4,7,0.993916033840028,0.769684536693024,84
6,7,0.995880442212089,0.826659090842675,84
5,7,0.990851710665967,0.754427003611537,84
1,8,0.999427061071694,0.970550908138093,84
2,8,0.999221998706144,0.969583833225236,84
3,8,0.997969931939886,0.570827205026696,84
4,8,0.994646125677692,0.868550150816111,84
6,8,0.995939299256536,0.534288267185714,84
5,8,0.993705640277188,0.373316852874106,84
1,9,0.999338650973038,0.998695769587712,84
2,9,0.999169741408049,0.970412689735824,84
3,9,0.997789498400931,0.819677858421521,84
4,9,0.994938919675964,0.680911220707675,84
6,9,0.995908199806062,0.545055937491138,84
5,9,0.990929120589835,0.700953786023152,84
1,10,0.999449964425851,0.978152397728018,84
2,10,0.999217047705872,0.969160791998408,84
3,10,0.99777692320308,0.916365885719303,84
4,10,0.99554144311077,0.463953145855351,84
6,10,0.995728926056352,-0.343419263524902,84
5,10,0.990875789060644,0.333453215082182,84
1,11,0.999412366035168,0.995446130779306,84
2,11,0.999148252521994,0.9934290060269,84
3,11,0.997949205765724,0.962106097940062,84
4,11,0.99466707921491,0.4546654781401,84
6,11,0.99584282251178,0.396499062723264,84
5,11,0.990479858285076,-0.145956257865429,84
1,12,0.999510134599653,0.920345958596033,84
2,12,0.999298668909602,0.979990879994663,84
3,12,0.998058991314973,0.848448301765366,84
4,12,0.994629664761613,0.584821516759063,84
6,12,0.99585054402735,0.446624181088354,84
5,12,0.990535797437345,0.511642778172993,84
1,13,0.999507751735743,0.885262912203419,84
2,13,0.999276859633076,0.821372544369157,84
3,13,0.997912062145739,0.937561283795371,84
4,13,0.994522062557957,0.830059672071403,84
6,13,0.995631031212868,0.674936193467759,84
5,13,0.991668703677491,0.346012900681312,84
1,14,0.999422441331495,0.997133587457691,84
2,14,0.999195918130361,0.975966568637135,84
3,14,0.997973359090072,0.922244570030165,84
4,14,0.994643260067781,0.857112178395362,84
6,14,0.996520895734292,-0.0213882295419479,84
5,14,0.990568659428519,0.202438425641285,84
1,15,0.999575013351164,0.936304232263882,84
2,15,0.999263027926228,0.979790861459039,84
3,15,0.998282578327179,0.728053024123076,84
4,15,0.99456333842973,0.924267663974069,84
6,15,0.995651664943634,0.697267947013074,84
5,15,0.991207317991849,0.736763813055071,84
1,1,0.999376743011789,0.932989614394984,85
2,1,0.999090579286862,0.960089436424871,85
4,1,0.997863239401977,0.914039893242201,85
3,1,0.995947375437449,0.490704724838368,85
5,1,0.994659115782254,0.266296707199366,85
6,1,0.993019302398715,0.91377857567601,85
1,2,0.999318653348888,0.980938943225465,85
2,2,0.999264799069587,0.590404198663958,85
4,2,0.9978628084746,0.802350003930631,85
3,2,0.994307657458643,0.523617016404678,85
5,2,0.995609863248554,0.60464423834695,85
6,2,0.993919040204188,0.56340240064,85
1,3,0.999759159786407,0.883389509006536,85
2,3,0.999381977628346,0.914026235535559,85
4,3,0.998225453704184,0.802480839534722,85
3,3,0.995840142092651,0.859022238993663,85
5,3,0.994909337761348,0.80061281775058,85
6,3,0.993717066760565,0.342813280140708,85
1,4,0.999369416717347,0.917271134586644,85
2,4,0.999192816983586,0.972086404815546,85
4,4,0.997932879608524,0.59905396516536,85
3,4,0.994562769276739,0.695306470017791,85
5,4,0.994998829356322,0.672169400793253,85
6,4,0.993552454826797,0.258922210326284,85
1,5,0.999357590025574,0.968959272052162,85
2,5,0.999209562917062,0.905184335685779,85
4,5,0.997925660384962,0.72059818695113,85
3,5,0.994393545769296,0.492708692234495,85
5,5,0.995880122427683,0.754326679247764,85
6,5,0.993153144596737,-0.0247653677356977,85
1,6,0.999344177588959,0.985050399654196,85
2,6,0.999201609120272,0.94831150932384,85
4,6,0.997893551339278,0.818782430114444,85
3,6,0.994851624355098,0.89949555515165,85
5,6,0.994901603059461,0.88536639090608,85
6,6,0.993733850945784,0.747944814621997,85
1,7,0.999341702087911,0.970246832285354,85
2,7,0.999045906633769,0.971557686127088,85
4,7,0.998092379382363,0.103499480247006,85
3,7,0.994601331657901,0.77492071973379,85
5,7,0.995293845986441,0.626319314142426,85
6,7,0.993042017025963,0.785995157461136,85
1,8,0.999349605371232,0.995368208005644,85
2,8,0.999107208008863,0.987454574416674,85
4,8,0.99810836256639,0.421811808146969,85
3,8,0.99503860500579,0.874111470193955,85
5,8,0.995877692896379,0.343404693725845,85
6,8,0.99406498279526,0.596796860666435,85
1,9,0.999401782684286,0.989165761520638,85
2,9,0.999190516085562,0.96489488076431,85
4,9,0.997981942733405,0.45613683997177,85
3,9,0.994808142960377,0.715246939684921,85
5,9,0.995397008125407,0.611076962227144,85
6,9,0.993556690946383,0.595607817379599,85
1,10,0.999408925196285,0.988086196116505,85
2,10,0.999176489817113,0.934515000949485,85
4,10,0.997825871513979,0.98463882629627,85
3,10,0.995968445344947,0.606302206508743,85
5,10,0.995638152868298,0.416676699055794,85
6,10,0.993425058770736,0.696404270874874,85
1,11,0.999406456934534,0.967523998618995,85
2,11,0.999248220189761,0.867781886384466,85
4,11,0.997455469171601,0.933681158634887,85
3,11,0.994605307275349,0.576852825106379,85
5,11,0.993702708404107,0.845479487084649,85
6,11,0.99343144288874,0.776846121332975,85
1,12,0.999358553894734,0.99380593315612,85
2,12,0.999176975105405,0.941127334772775,85
4,12,0.998315356896085,0.457975486272823,85
3,12,0.995298483443324,0.617946180382895,85
5,12,0.994323186670512,0.694061541971438,85
6,12,0.993210755593844,0.919801984224967,85
1,13,0.999356968732649,0.951900282091091,85
2,13,0.999101413054535,0.981455677624447,85
4,13,0.997596815533368,0.989649307518843,85
3,13,0.995008384259819,0.704750008294257,85
5,13,0.995270943324375,0.93564494747566,85
6,13,0.993402165751454,0.81816081376589,85
1,14,0.999358315616702,0.995218271630633,85
2,14,0.999166444102119,0.921925255889539,85
4,14,0.998021120358291,0.864407391569615,85
3,14,0.994814232352358,0.981403544173792,85
5,14,0.994801780697184,0.912098091125394,85
6,14,0.993747303734156,0.673305530026048,85
1,15,0.999312480821756,0.994546910758591,85
2,15,0.999194199546451,0.707455100259543,85
4,15,0.997712858700034,0.736024674868739,85
3,15,0.997614280187245,0.961502843030205,85
5,15,0.995525684842723,0.814472765571392,85
6,15,0.995998463368426,0.726985223984051,85
1,1,0.997846474100788,0.97976515272426,86
2,1,0.997247359518871,0.907356295233432,86
3,1,0.993208542227793,0.88460453828741,86
4,1,0.984237916765835,0.732848509803212,86
6,1,0.988423830575867,0.335773656586573,86
5,1,0.977521133431985,0.373333659621902,86
1,2,0.997713311219228,0.995749915480216,86
2,2,0.997617200300758,0.868437462789536,86
3,2,0.99364965055097,0.884109578855532,86
4,2,0.98394751002486,0.889465294653029,86
6,2,0.988246538868379,0.740263659354319,86
5,2,0.980774533072175,-0.108386692193832,86
1,3,0.997784693346384,0.995541256501922,86
2,3,0.996971983604055,0.98525069404051,86
3,3,0.993421299141998,0.905529649824225,86
4,3,0.986442637390806,0.699434369460339,86
6,3,0.989692086182736,0.304747935683959,86
5,3,0.980089178655713,0.753570051625649,86
1,4,0.997865194395515,0.84563530316548,86
2,4,0.997342678423248,0.88681956974619,86
3,4,0.993293566206259,0.818370945865524,86
4,4,0.984162507748371,0.424010123626206,86
6,4,0.987951577203139,0.68430808420095,86
5,4,0.976464460332804,0.783154747502363,86
1,5,0.99789461019677,0.983615437569856,86
2,5,0.997033983871187,0.980760661804249,86
3,5,0.993427677693527,0.611711974938804,86
4,5,0.98468308567266,0.955926560450021,86
6,5,0.987824614725612,0.421901167370973,86
5,5,0.977376203126611,0.617755484194236,86
1,6,0.998583720023859,0.925565265645257,86
2,6,0.996711476960497,0.99267237308354,86
3,6,0.993944980046851,0.908283359901732,86
4,6,0.984960601738923,0.98712796437798,86
6,6,0.991032206447905,0.838935813227526,86
5,6,0.976171257079176,0.889403145369985,86
1,7,0.998550441376034,0.8524009758536,86
2,7,0.997842236309784,0.210241702501451,86
3,7,0.993441165309774,0.933879401669531,86
4,7,0.984013527395439,0.962683280782872,86
6,7,0.989476572353189,0.153891011228942,86
5,7,0.977906298132209,0.612130196048712,86
1,8,0.997739951052404,0.954808080458464,86
2,8,0.99719515161161,0.952614233617868,86
3,8,0.993106407055975,0.59974340037321,86
4,8,0.984177879940714,0.909790870852811,86
6,8,0.988614134498822,0.0438251902150742,86
5,8,0.977640266959508,0.942976373472828,86
1,9,0.997699847288672,0.993553456542797,86
2,9,0.997253103032279,0.93975005112902,86
3,9,0.993150938722537,0.745670205801217,86
4,9,0.982539808930171,0.818937476859205,86
6,9,0.987803682739593,0.818828724760212,86
5,9,0.979328879754151,0.407000570750828,86
1,10,0.997743272883854,0.962678159439222,86
2,10,0.997278281757763,0.855932580752159,86
3,10,0.993195881719786,0.456585600413901,86
4,10,0.993443613540688,0.838786749346261,86
6,10,0.987776875062353,-0.137641911290887,86
5,10,0.986374098452416,0.36134510241845,86
1,11,0.998191765738833,0.934562614363077,86
2,11,0.997300512809772,0.917009730958007,86
3,11,0.992788801115357,0.904782225892807,86
4,11,0.984280497311499,0.932453571398655,86
6,11,0.975276510534049,0.234040287189162,86
5,11,0.979458506941187,0.82658054384546,86
1,12,0.997916478930088,0.988619430828479,86
2,12,0.997132338447946,0.952549198790821,86
3,12,0.993328604509635,0.967024543951297,86
4,12,0.98511972956013,0.850083319910991,86
6,12,0.987822259081806,0.67441596577591,86
5,12,0.976548941751984,0.093856420899877,86
1,13,0.99814276100364,0.968521959439621,86
2,13,0.99737217984456,0.896288587717076,86
3,13,0.99441812494835,0.837678422745477,86
4,13,0.983814178057001,0.489010922689905,86
6,13,0.988058645931679,0.637457594768559,86
5,13,0.977616444499509,0.673351329221086,86
1,14,0.997815506392277,0.998129908544732,86
2,14,0.997323566150609,0.738687807809998,86
3,14,0.992560416672523,0.974623829714812,86
4,14,0.987058791584606,0.514958340562414,86
6,14,0.98775200779679,0.90748366820262,86
5,14,0.976142639671589,0.795879194344179,86
1,15,0.997931312077181,0.964560992109114,86
2,15,0.997230067359656,0.892300823694358,86
3,15,0.993591516627214,0.961535343355562,86
4,15,0.98401464946506,0.902832355004361,86
6,15,0.988256118825072,0.471873740689565,86
5,15,0.978730485027181,0.106226983620496,86
1,1,0.999856240993917,0.992002801094891,87
2,1,0.99977622574051,0.955951551083753,87
3,1,0.999556520866437,0.810450296058848,87
4,1,0.998813330650511,0.688434250369616,87
5,1,0.998766355793359,0.5406328180107,87
6,1,0.997648397455232,0.419138343705878,87
1,2,0.99987577946897,0.959137806226827,87
2,2,0.999783981389496,0.953622780528873,87
3,2,0.99949547433849,0.938085476554672,87
4,2,0.998922129732244,0.890137718089159,87
5,2,0.998921526723806,0.699871362734798,87
6,2,0.998199166293542,0.0140640599583373,87
1,3,0.999852717025663,0.967314734088731,87
2,3,0.999777499057723,0.861086973453577,87
3,3,0.999530546967621,0.952593867998284,87
4,3,0.998782730912986,0.73592215582459,87
5,3,0.99896620861344,0.73940957947251,87
6,3,0.997585923514893,0.684216129755198,87
1,4,0.999851144961951,0.982550807731706,87
2,4,0.999779008564591,0.965603159543695,87
3,4,0.999496158439275,0.90685132315305,87
4,4,0.998947449620691,0.854451896034774,87
5,4,0.998648389791249,0.547562924195545,87
6,4,0.997615137228404,0.402605524222689,87
1,5,0.999884764480729,0.854035528491723,87
2,5,0.999800836350292,0.900001734764783,87
3,5,0.999478786528127,0.710243007530281,87
4,5,0.998759276781141,0.663870964133408,87
5,5,0.998445579093497,0.862889087895352,87
6,5,0.997692570098674,0.845262687888363,87
1,6,0.999867684190098,0.990240168081008,87
2,6,0.999782135273205,0.984345622837403,87
3,6,0.999606894173736,0.86098336923114,87
4,6,0.999160656218157,0.827475349026593,87
5,6,0.998774777320855,0.445451895367887,87
6,6,0.997453890719984,0.863105853108143,87
1,7,0.999845397879191,0.991562585028649,87
2,7,0.999771421079571,0.9856319551852,87
3,7,0.999456165968173,0.896877943102077,87
4,7,0.999011719249983,0.776284319474826,87
5,7,0.998544187088495,0.807348354282684,87
6,7,0.997727605920414,0.687872446651786,87
1,8,0.999853924159576,0.997198234059648,87
2,8,0.999715326642994,0.993732222661379,87
3,8,0.999475187533947,0.850032587452107,87
4,8,0.998894133838001,0.928301022364425,87
5,8,0.99882089108979,0.852326848366207,87
6,8,0.997224393809078,0.942475310942256,87
1,9,0.999861584919505,0.975163810101853,87
2,9,0.999830825074028,0.704040344787483,87
3,9,0.999513197410636,0.627746858318201,87
4,9,0.999482093879284,0.641913134840456,87
5,9,0.999182392113605,0.433073882254741,87
6,9,0.998902223444307,0.604572833883369,87
1,10,0.999885869266934,0.983946573674269,87
2,10,0.999820091317216,0.825201851448063,87
3,10,0.999565735124888,0.196756674707653,87
4,10,0.999163421215357,0.817492221335651,87
5,10,0.998556678476003,0.882850516488791,87
6,10,0.997629885906292,0.829561351140255,87
1,11,0.999849590722425,0.984093407494447,87
2,11,0.999779024761217,0.975180119300016,87
3,11,0.999479675490626,0.900569580680647,87
4,11,0.998989234006962,0.678042046855603,87
5,11,0.998526236223574,0.886941774796216,87
6,11,0.998251038036442,0.239094378844257,87
1,12,0.999864901891584,0.97489211413805,87
2,12,0.999798739828769,0.976988945941353,87
3,12,0.999530949055772,0.637501977697972,87
4,12,0.998761474461702,-0.622900758330112,87
5,12,0.999009030889471,0.775149859527722,87
6,12,0.997260241281627,0.0277953984222036,87
1,13,0.99984370300086,0.973969346870328,87
2,13,0.999799768385522,0.537468719826723,87
3,13,0.999414767411627,0.968779307827495,87
4,13,0.998639268064613,0.715918622886549,87
5,13,0.998811594455074,0.435096601439049,87
6,13,0.99760996457219,0.569815481017394,87
1,14,0.999850086607748,0.973433121563037,87
2,14,0.999750231617152,0.977422810123223,87
3,14,0.999465499287044,0.877295706093593,87
4,14,0.999083812544333,0.640984394635768,87
5,14,0.998551508374943,0.581754438325581,87
6,14,0.997607604496219,0.905446010372918,87
1,15,0.999917047060837,0.970628592099774,87
2,15,0.999834441904496,0.815857950928864,87
3,15,0.999532112122182,0.953473988954527,87
4,15,0.998915692841906,0.815886076131938,87
5,15,0.998776865564267,0.517471251253503,87
6,15,0.997706055016204,-0.192979177379027,87
1,1,0.999392671838453,0.962900924433875,88
2,1,0.99915964864828,0.934061716335664,88
4,1,0.997945170114077,0.843379755485422,88
3,1,0.994263737430066,0.855279977609291,88
5,1,0.996076814728335,0.489190783956835,88
6,1,0.992231177640104,0.131083114220737,88
1,2,0.999399093346755,0.987307552677246,88
2,2,0.999026393768914,0.968133876023153,88
4,2,0.998101095047578,0.93195845157695,88
3,2,0.993990737944599,0.843375863415681,88
5,2,0.996023525736669,0.420100344212769,88
6,2,0.991040897957441,0.306192032246871,88
1,3,0.999414651522809,0.97735333573303,88
2,3,0.999042642676623,0.982678908568889,88
4,3,0.998437519354531,0.248004129444025,88
3,3,0.995074197573567,0.730923065627076,88
5,3,0.996362870539355,-0.0925671009358504,88
6,3,0.988929705873377,0.868432445846638,88
1,4,0.999608282575252,0.948852328995055,88
2,4,0.99916648734879,0.958671084979244,88
4,4,0.997952874184888,0.94068811704773,88
3,4,0.994986712722238,0.819581319058157,88
5,4,0.996171919531512,0.318895893418079,88
6,4,0.989998837120688,0.673507399909353,88
1,5,0.999430583693565,0.97271340652772,88
2,5,0.999013316443192,0.98800071180337,88
4,5,0.997845942340927,0.944834421653057,88
3,5,0.994299519204334,0.826948998931876,88
5,5,0.995925401854576,0.877095965699165,88
6,5,0.989557952131308,0.420182864868954,88
1,6,0.999398947708634,0.932377328427429,88
2,6,0.999282988647204,0.913629076911767,88
4,6,0.997996430635673,0.759972176433321,88
3,6,0.994908308470309,-0.212548401686972,88
5,6,0.99674998327523,0.145812134552098,88
6,6,0.989373076227131,0.17240438610795,88
1,7,0.999395464046786,0.977338208739895,88
2,7,0.999211673281651,0.838833326685081,88
4,7,0.998219566734385,0.450036727655803,88
3,7,0.994482115108023,0.856035809427888,88
5,7,0.995915007487422,-0.168741549706969,88
6,7,0.99040025685342,-0.0472638174866075,88
1,8,0.999411351752665,0.984700669938524,88
2,8,0.999143421362971,0.955109647598668,88
4,8,0.998160887087087,0.925442600968095,88
3,8,0.994748858345512,0.920539890141532,88
5,8,0.996467092647885,0.721013031108483,88
6,8,0.989961193237883,0.735908693042831,88
1,9,0.999448764369375,0.985086831079731,88
2,9,0.999155117237345,0.875574271419467,88
4,9,0.998043041333582,0.917114571909943,88
3,9,0.994247455047204,0.977877194499337,88
5,9,0.996708812520682,0.873532281123207,88
6,9,0.990152481294829,0.920603231566282,88
1,10,0.999388591114775,0.984460982509029,88
2,10,0.999123311976095,0.972174154922716,88
4,10,0.998180063025796,-0.182897216382214,88
3,10,0.997362086976292,0.821983258434246,88
5,10,0.996128323436192,0.651885125011903,88
6,10,0.995283919800701,0.281132260367226,88
1,11,0.999461736031966,0.987156825004182,88
2,11,0.999187117382768,0.907841889872186,88
4,11,0.998105785988742,0.486324769200878,88
3,11,0.994582861322207,0.714424311905765,88
5,11,0.99509083813102,0.569150761269986,88
6,11,0.990180809694355,0.161037575327235,88
1,12,0.99940949055009,0.963495338883933,88
2,12,0.999135528796813,0.819600536084346,88
4,12,0.99779011417887,0.94721544280521,88
3,12,0.994639514271747,0.812736764727168,88
5,12,0.995901036637878,0.907223331016806,88
6,12,0.99256621539577,-0.34713424410681,88
1,13,0.999352214328827,0.991024811025538,88
2,13,0.999115256641969,0.956130282540885,88
4,13,0.998051150268822,0.905727689841337,88
3,13,0.994322815189729,0.504865124249976,88
5,13,0.996066329927941,0.864510760066822,88
6,13,0.989957164217739,-0.13514403038315,88
1,14,0.9995432250846,0.834341940563407,88
2,14,0.999211307329072,0.844858942591197,88
4,14,0.997959783117928,0.9626725263984,88
3,14,0.994255916083115,0.799369541007897,88
5,14,0.996280771430567,0.598483571635399,88
6,14,0.989441350022776,0.936014824141638,88
1,15,0.999397304776569,0.990075465509871,88
2,15,0.999004122972236,0.996022336584552,88
4,15,0.998300377895687,0.533487162310994,88
3,15,0.995262206754082,0.842265545595359,88
5,15,0.996074649691685,0.354410938019353,88
6,15,0.989480569635449,0.621208664111775,88
1,1,0.999840980160544,0.820083594263078,89
2,1,0.999801972221739,0.885584163533474,89
3,1,0.999619918477668,0.404380612007286,89
4,1,0.999421305791789,0.829117551097781,89
5,1,0.999047625837383,0.145241959987946,89
6,1,0.999069799559356,0.417465969366903,89
1,2,0.999824195622346,0.99609873689578,89
2,2,0.999838045869538,0.743926261804467,89
3,2,0.999592549327071,0.761565332332928,89
4,2,0.998851000011205,0.289160895690148,89
5,2,0.999156758761515,0.521160732838552,89
6,2,0.998185639237605,0.396362097167552,89
1,3,0.999834467363135,0.998375752626096,89
2,3,0.999770617745481,0.981762631667305,89
3,3,0.999561392225308,0.959450538386507,89
4,3,0.998906048879409,0.84258821951476,89
5,3,0.999029770362376,0.856645450842265,89
6,3,0.998391061667251,0.187661638961727,89
1,4,0.999835256467319,0.973511023660302,89
2,4,0.999769245314846,0.98140018486689,89
3,4,0.999580653960801,0.951960782837978,89
4,4,0.998781644527476,0.742856261606661,89
5,4,0.998951580359894,0.831327406143478,89
6,4,0.9981878056863,0.477705407372047,89
1,5,0.999896137397304,0.945585224318216,89
2,5,0.999828918433074,0.772306845230978,89
3,5,0.999595522139962,0.938604050512399,89
4,5,0.998843132399933,0.832727887547238,89
5,5,0.998999520928979,0.384052386020762,89
6,5,0.998181124167263,0.713100411420325,89
1,6,0.999831034824271,0.988440448200834,89
2,6,0.999768188948028,0.950976550136842,89
3,6,0.99950996460372,0.81455535476085,89
4,6,0.998790689702509,0.848178954436836,89
5,6,0.998989789786815,0.430470699356499,89
6,6,0.998241099073487,0.457518990485463,89
1,7,0.999832337104012,0.996070612785338,89
2,7,0.999814495270408,0.759471281585905,89
3,7,0.999588293650975,0.931361290229458,89
4,7,0.998811980312627,0.935187389433597,89
5,7,0.999240148150723,0.250043077618094,89
6,7,0.998306039474579,0.673444062145657,89
1,8,0.999887183072268,0.90036254484533,89
2,8,0.999817386200962,0.893735335522164,89
3,8,0.999611175626767,0.552273350489349,89
4,8,0.99879734289138,0.867639520012826,89
5,8,0.998984531010943,-0.221992645688936,89
6,8,0.998823855572817,0.321903093029815,89
1,9,0.999862684130378,0.969700554843029,89
2,9,0.999773495891838,0.994199586901202,89
3,9,0.99962944602111,0.720731281178438,89
4,9,0.999155518011745,0.795258445143503,89
5,9,0.998909574454284,0.780650312223408,89
6,9,0.998145404091865,0.970993464181683,89
1,10,0.999839451232395,0.993654784456553,89
2,10,0.999754551778398,0.994630407895635,89
3,10,0.999591455651959,0.802474150980012,89
4,10,0.998901051526487,0.674724930673584,89
5,10,0.998727292047364,0.717563956224398,89
6,10,0.997985586960583,0.937949610475187,89
1,11,0.999837233310472,0.99141171102233,89
2,11,0.999793390668664,0.860196897656366,89
3,11,0.999566936659255,0.969252991253826,89
4,11,0.998848579236554,0.698037611143975,89
5,11,0.998968326170719,0.987588040649354,89
6,11,0.998258811864269,0.600586154494956,89
1,12,0.999841870397178,0.993628098642591,89
2,12,0.999784171738466,0.979171490626148,89
3,12,0.999589314420704,0.836146514352073,89
4,12,0.998805273885255,0.88571198170261,89
5,12,0.998997322896002,0.579159723573494,89
6,12,0.998125630254787,0.625165905347177,89
1,13,0.99983677182025,0.989782430095884,89
2,13,0.999780631163788,0.953261228689973,89
3,13,0.999587357026154,0.909838924903235,89
4,13,0.998743814776774,0.904436512476996,89
5,13,0.998691630779886,0.706883538112556,89
6,13,0.998207901484058,0.816448210126308,89
1,14,0.999834179003968,0.986346397861,89
2,14,0.999776375649844,0.938709759207616,89
3,14,0.999593828244394,0.643261707985282,89
4,14,0.998858585584905,0.67426508125699,89
5,14,0.9989093541624,0.0515495839269339,89
6,14,0.998234159292572,0.113325184403486,89
1,15,0.999872990597148,0.911523472676815,89
2,15,0.999786278329517,0.884402025551804,89
3,15,0.999530028409814,0.923408894697185,89
4,15,0.998790800204636,0.73117978318164,89
5,15,0.99896870203551,0.729337417218881,89
6,15,0.998220458010101,-0.210465699265075,89
1,1,0.994563281593077,0.960180622917203,90
2,1,0.992974940131556,0.946482161211718,90
3,1,0.981845470248937,0.861029875635277,90
4,1,0.95916880894432,0.909717972504755,90
5,1,0.973004896904059,-0.196429308217768,90
6,1,0.940079332767575,0.833768664050554,90
1,2,0.994405437007488,0.98389709523932,90
2,2,0.992912608945007,0.980513619780514,90
3,2,0.983885014074404,0.74403421856137,90
4,2,0.957283456908118,0.952497191698863,90
5,2,0.968971215000308,0.291974492771482,90
6,2,0.942846004015205,0.895797914547252,90
1,3,0.994950613552482,0.964186202298616,90
2,3,0.993286600875655,0.950369936641445,90
3,3,0.982727407704211,0.810071446140806,90
4,3,0.960489443935577,0.50425964978024,90
5,3,0.962275275424651,0.62569768200403,90
6,3,0.943445290473101,0.922048892073842,90
1,4,0.994811217905378,0.995828919307669,90
2,4,0.994638029199046,0.664858687743603,90
3,4,0.983334606526188,0.848232879895042,90
4,4,0.962230655409373,0.497985141318308,90
5,4,0.968129163946353,0.76615730167807,90
6,4,0.943586234378534,0.208387706533837,90
1,5,0.996334582448711,0.952114863606324,90
2,5,0.993378037206802,0.992882485820529,90
3,5,0.982686049010073,0.869735933350816,90
4,5,0.958630572170133,0.91573600759604,90
5,5,0.971313104747306,0.480389730692584,90
6,5,0.943165732765463,0.75166893432629,90
1,6,0.994368615468619,0.995575084777143,90
2,6,0.992980993677061,0.975435813367391,90
3,6,0.983480718057256,0.934422771330993,90
4,6,0.96025975857141,0.949851484577254,90
5,6,0.968181727053569,0.850655093930663,90
6,6,0.939750666014661,0.805898404095264,90
1,7,0.994201056547543,0.985264275846804,90
2,7,0.993388682895241,0.963667439880262,90
3,7,0.983872612596941,0.76160870968433,90
4,7,0.96063966298361,0.888369080822775,90
5,7,0.969516917020223,0.638161347244822,90
6,7,0.938760449022989,0.700121909997585,90
1,8,0.995730455636975,0.914021802884014,90
2,8,0.992750728472349,0.954489779420954,90
3,8,0.982490564212788,0.944115455193843,90
4,8,0.959506347689734,0.615869636440553,90
5,8,0.968586387212966,0.620805221110975,90
6,8,0.943873152175181,0.394692382391309,90
1,9,0.994534517847558,0.974626986942138,90
2,9,0.994400242122806,0.813410301527413,90
3,9,0.982213538865673,0.942954019140066,90
4,9,0.959058323370758,0.817691171100814,90
5,9,0.969073006692362,0.799858872965228,90
6,9,0.938616139994997,0.651268226663291,90
1,10,0.994521291978429,0.995562090311878,90
2,10,0.992280926692334,0.990621705473669,90
3,10,0.981978384224984,0.979717871306978,90
4,10,0.960918832976675,0.920080638586459,90
5,10,0.973261041758939,0.978286501307466,90
6,10,0.939465113276577,0.851443569334085,90
1,11,0.994649908724891,0.972141116926538,90
2,11,0.993121308917657,0.95744802743988,90
3,11,0.981341866947102,0.785015685549962,90
4,11,0.965358930347877,0.737354553935914,90
5,11,0.968294430263917,0.616352597113086,90
6,11,0.936431956268943,0.739296618354838,90
1,12,0.994674746528865,0.976823997109717,90
2,12,0.993003089483948,0.92076407632337,90
3,12,0.983061214297705,0.541662492276101,90
4,12,0.960094193114595,0.609635184526074,90
5,12,0.969284939451307,0.402661358951035,90
6,12,0.94174080110986,-0.302417145500938,90
1,13,0.994472488745125,0.983710696693831,90
2,13,0.993707292295785,0.834259211470424,90
3,13,0.983361830727853,0.50064613610591,90
4,13,0.982220865724438,0.134314309380489,90
5,13,0.967894514861546,0.666818034998487,90
6,13,0.957214408665868,-0.164164369936797,90
1,14,0.99475830905576,0.929354582669262,90
2,14,0.99338033188519,0.969030239725988,90
3,14,0.983139661526409,0.9655689378249,90
4,14,0.958098230505903,0.891484969690977,90
5,14,0.967957096977175,0.530036809422084,90
6,14,0.94197890867099,0.260493117435825,90
1,15,0.994620712815084,0.982127006203529,90
2,15,0.993378266635725,0.926133130222191,90
3,15,0.982193217618854,0.289444036421787,90
4,15,0.96019512781673,0.929481928592753,90
5,15,0.964676217218121,0.633827987868649,90
6,15,0.94171763754603,-0.40704321930754,90
1,1,0.998273123226924,0.927337645313491,91
2,1,0.997471709264223,0.947522542608881,91
3,1,0.993833459978021,0.975463216247584,91
4,1,0.982367114661484,0.861218432519423,91
5,1,0.986181385790666,0.750320774682098,91
6,1,0.978363134367477,0.441760932384022,91
1,2,0.997797084302667,0.989096561640531,91
2,2,0.997360308804085,0.894526045526175,91
3,2,0.992952061257481,0.804106351683827,91
4,2,0.982610498585439,0.826286708871555,91
5,2,0.988480661020916,0.609583545777349,91
6,2,0.977379124908431,0.537610171720095,91
1,3,0.99828609352272,0.924432578841156,91
2,3,0.997401132595741,0.890806271577624,91
3,3,0.993223801232939,0.952095472761212,91
4,3,0.983134978484635,0.628598531975715,91
5,3,0.988173983974284,0.27182937390311,91
6,3,0.974896252911592,0.550528538420937,91
1,4,0.998127337013939,0.949062260109902,91
2,4,0.997429853612525,0.935423057919554,91
3,4,0.994371797884035,0.58766929954579,91
4,4,0.98129533993135,0.467134165429482,91
5,4,0.988284111827106,0.147850481082643,91
6,4,0.976423152331838,0.462089999590561,91
1,5,0.998000838872401,0.968344112560151,91
2,5,0.997341037949602,0.983509378513373,91
3,5,0.992874386448935,0.539933866540978,91
4,5,0.992771845804538,0.809912710466897,91
5,5,0.987871445342843,0.861696945122246,91
6,5,0.983768793500435,0.718182586012822,91
1,6,0.997950483561092,0.98824774529883,91
2,6,0.998023635091803,0.632086434099137,91
3,6,0.993229966735211,0.916598299493717,91
4,6,0.981495273357246,0.330471469404248,91
5,6,0.988014076464673,0.386324113481633,91
6,6,0.976431211432845,0.225460221138397,91
1,7,0.997951576496943,0.991777511659463,91
2,7,0.99749195133013,0.770219663085099,91
3,7,0.993030986199189,0.73569267021795,91
4,7,0.98843869394666,0.215431510602887,91
5,7,0.987846079579317,0.616836792535197,91
6,7,0.974197140573506,0.81678861450549,91
1,8,0.998002628890543,0.970267722996419,91
2,8,0.99727549473062,0.990644249022212,91
3,8,0.993399585165587,0.580014745469332,91
4,8,0.982647473070491,0.739707309907922,91
5,8,0.987064167339161,0.516055669793479,91
6,8,0.975885796374925,0.664805300630589,91
1,9,0.998108811226182,0.969620145887912,91
2,9,0.997559439459077,0.968577609763209,91
3,9,0.99362143210977,0.782293079547729,91
4,9,0.981004533692343,0.78039664904916,91
5,9,0.982193840685226,0.772460901205104,91
6,9,0.976793380721433,0.753345073758253,91
1,10,0.998181432158893,0.985954404484748,91
2,10,0.997326641867604,0.968501951436628,91
3,10,0.99280906770282,0.990848899933629,91
4,10,0.980916503158407,0.464615986794075,91
5,10,0.988092902206696,0.846951076341608,91
6,10,0.977087486564237,0.36874433580519,91
1,11,0.997977516860701,0.999059233024342,91
2,11,0.997592580471827,0.937798839002352,91
3,11,0.992793456316448,0.961144517999279,91
4,11,0.981595880686446,0.928524991024955,91
5,11,0.987471833961601,0.396578325965719,91
6,11,0.976674232962027,0.24653569856509,91
1,12,0.998627722911196,0.911179958231296,91
2,12,0.99749930851968,0.947082552806201,91
3,12,0.992939905180486,0.924341192549675,91
4,12,0.9816738470357,0.814320267062589,91
5,12,0.988102069852624,0.671556165700277,91
6,12,0.976773988389367,0.809795936395875,91
1,13,0.997990355390822,0.981114234771097,91
2,13,0.996926013474059,0.997040997517441,91
3,13,0.993678191850618,0.257126438212622,91
4,13,0.989837213070398,0.517722692129771,91
5,13,0.981895550599818,0.902950553412188,91
6,13,0.976500036377232,0.831138304245041,91
1,14,0.998040093014549,0.981869552513212,91
2,14,0.997487529418888,0.893127289526672,91
3,14,0.994661946070413,0.115491782162383,91
4,14,0.984447562755103,0.38279366077618,91
5,14,0.987792290760162,0.488314731233003,91
6,14,0.973816418860747,0.546780359323272,91
1,15,0.998372743469387,0.988375498816086,91
2,15,0.997635761575693,0.97977450091427,91
3,15,0.993121257915663,0.955758755097422,91
4,15,0.98186657250344,0.843292853278056,91
5,15,0.986947225592357,0.657946170732769,91
6,15,0.97695480318733,0.66388233580696,91
1,1,0.999502521692414,0.935409397111929,92
2,1,0.99911459773338,0.936817057424865,92
4,1,0.99787165549981,0.807256407539737,92
3,1,0.994636669787662,0.857467792545363,92
5,1,0.996078859431669,0.668297797376457,92
6,1,0.993526183959825,0.492943769123522,92
1,2,0.999695379797299,0.955674752864969,92
2,2,0.999167971497935,0.925778193201201,92
4,2,0.998315575870386,0.68586665383321,92
3,2,0.995654915004014,0.316348372219319,92
5,2,0.996182362519524,0.712443220424078,92
6,2,0.991472259353262,0.483227301822943,92
1,3,0.999488304809245,0.991092117469061,92
2,3,0.999151281698483,0.854400641039873,92
4,3,0.997994710452636,0.509498746639207,92
3,3,0.995351041665706,0.890111627713339,92
5,3,0.996935367347957,0.5034448464203,92
6,3,0.992068782903761,0.577972086760049,92
1,4,0.999456843055468,0.969210585900071,92
2,4,0.999137481578407,0.955421712696403,92
4,4,0.997866451282105,0.883022563369508,92
3,4,0.994862962506592,0.941193747077935,92
5,4,0.996212742149967,0.490921501309162,92
6,4,0.992115846201392,-0.104919774723777,92
1,5,0.999444347798205,0.981680166628632,92
2,5,0.999091285227607,0.943349974850049,92
4,5,0.99771747118541,0.871678173187764,92
3,5,0.995228554484693,0.80817755059045,92
5,5,0.995997280258454,0.608767617904589,92
6,5,0.991919097342864,0.646570976389444,92
1,6,0.99951794645907,0.909966242728555,92
2,6,0.999035694578618,0.872592747685699,92
4,6,0.997795013188086,0.97394597032503,92
3,6,0.994847868408388,0.278004797959458,92
5,6,0.995946651416716,0.631462967743959,92
6,6,0.992286165422858,0.132334710452821,92
1,7,0.999495237669127,0.985070441798497,92
2,7,0.999045696446629,0.97868987990969,92
4,7,0.997986177931473,0.0848771131457089,92
3,7,0.995628779405755,0.823131441863324,92
5,7,0.996045117302625,0.669024264741661,92
6,7,0.991510431317225,0.965807969305843,92
1,8,0.999556352645153,0.862982503917997,92
2,8,0.999103763919342,0.846211249234858,92
4,8,0.997831829804372,0.608748141100403,92
3,8,0.997614545565811,0.65795132178344,92
5,8,0.996081534485541,0.730251195628114,92
6,8,0.995703010450665,0.442492072554965,92
1,9,0.999489140210833,0.991631097125572,92
2,9,0.999198952030036,0.896545766746913,92
4,9,0.998011778646285,0.462544190971223,92
3,9,0.995133980337758,0.963238879015659,92
5,9,0.994461951615557,0.935278491880229,92
6,9,0.992603346118308,0.910332122721057,92
1,10,0.9995324660014,0.97451228721892,92
2,10,0.999087983894146,0.966081163410866,92
4,10,0.997524953957768,0.983228008800549,92
3,10,0.99595218038853,0.748063990485152,92
5,10,0.996427386412746,0.826508258385595,92
6,10,0.991486180545696,0.930147753507159,92
1,11,0.99942864073383,0.993475516833155,92
2,11,0.999009769244364,0.984737519095645,92
4,11,0.997866564809413,0.869564367809479,92
3,11,0.995572850943451,0.396191102840617,92
5,11,0.997275307104761,0.18585774067973,92
6,11,0.991215306305854,0.717737051373216,92
1,12,0.999539499823611,0.937611617712982,92
2,12,0.999196259043818,0.735862499558927,92
4,12,0.998153016768022,0.428393174827981,92
3,12,0.994935438841098,0.985386159764134,92
5,12,0.996217973715877,0.297607167691576,92
6,12,0.993070920584884,0.514025529121062,92
1,13,0.999409341506106,0.996820569416593,92
2,13,0.99909544525295,0.799022694261234,92
4,13,0.997729473886128,0.555920789275578,92
3,13,0.99527268730737,0.604908534255382,92
5,13,0.995953862110245,0.807439275812299,92
6,13,0.991259100958798,0.460393843302616,92
1,14,0.999459643554984,0.949391541354078,92
2,14,0.999091943691814,0.589365909667049,92
4,14,0.997819191002058,0.868288124462911,92
3,14,0.995144535845378,0.579716708988878,92
5,14,0.995201687908043,0.229191618524795,92
6,14,0.991937951297874,0.692398430303178,92
1,15,0.99951176333392,0.939379161984786,92
2,15,0.99917734560802,0.864847515883222,92
4,15,0.997486033491728,0.805532205299225,92
3,15,0.995934097525348,0.68727521764696,92
5,15,0.995976728580445,0.787980786674831,92
6,15,0.991911096368277,-0.0489855870733799,92
1,1,0.999479084772227,0.998535447384318,93
2,1,0.999205844281675,0.962620255101293,93
4,1,0.998186763305856,0.949247224549805,93
3,1,0.994977985951978,0.641378752482999,93
6,1,0.995646278757463,0.511651441239456,93
5,1,0.992172330522581,0.356827500148334,93
1,2,0.999472756903015,0.987458950052463,93
2,2,0.999064720670726,0.975611542931193,93
4,2,0.998348270251189,0.828519669455126,93
3,2,0.994781154731416,0.795332869964494,93
6,2,0.996444215936056,0.686033989348389,93
5,2,0.992647096467482,0.550569021236118,93
1,3,0.999622836452568,0.966955623830893,93
2,3,0.999327800274651,0.859040202513485,93
4,3,0.998237658122148,0.913944794473801,93
3,3,0.99533332391483,0.955516954526918,93
6,3,0.996480631582114,0.638498865372804,93
5,3,0.993427752534684,0.438618893658788,93
1,4,0.999536788757512,0.987345039127504,93
2,4,0.999307726719389,0.703376071694239,93
4,4,0.998440155530506,0.803490390775532,93
3,4,0.995070553305445,0.744016902244695,93
6,4,0.995099740194621,0.746440570847676,93
5,4,0.992881151305251,0.811017288768374,93
1,5,0.999472769336406,0.997354217831876,93
2,5,0.999226085604184,0.939555514226289,93
4,5,0.998298437203118,0.48062713783408,93
3,5,0.994341103072213,0.683810945513259,93
6,5,0.997402450288748,-0.187256150772648,93
5,5,0.992854183363035,0.678517549897431,93
1,6,0.999494234417807,0.811127352554889,93
2,6,0.999362440946955,0.672171290795779,93
4,6,0.99858502971083,0.460746250530672,93
3,6,0.99488014614822,0.96978573495774,93
6,6,0.996093432794567,0.721910160370987,93
5,6,0.992591223427006,0.34504495254062,93
1,7,0.999501733166779,0.642471828815125,93
2,7,0.999187385309154,0.986863825718256,93
4,7,0.998222705904009,0.600349596777861,93
3,7,0.994781480754159,0.903260297351164,93
6,7,0.996233069764969,0.0887239286796963,93
5,7,0.992491422415625,0.718280190326965,93
1,8,0.99948754647311,0.95706051687105,93
2,8,0.999230969173298,0.935371663183291,93
4,8,0.998165601142648,-0.0218052650835609,93
3,8,0.994623154240202,0.91469167044587,93
6,8,0.996516673472482,0.111843654717581,93
5,8,0.993103276002981,0.568581506511104,93
1,9,0.999551036554767,0.928235747961369,93
2,9,0.999218105149151,0.952251189246492,93
4,9,0.998458217564228,0.874915928419555,93
3,9,0.995318863139562,0.727844353208802,93
6,9,0.996177937952791,0.169379994217898,93
5,9,0.992321769101317,-0.425559469663614,93
1,10,0.999533457928511,0.722105619253204,93
2,10,0.999249894926807,0.948940553709933,93
4,10,0.998264393740903,0.367264127434797,93
3,10,0.995753688699932,0.657322197570332,93
6,10,0.99632558359037,0.704618544987275,93
5,10,0.992027467540575,0.833797994808623,93
1,11,0.999530580342937,0.892201025818807,93
2,11,0.999133189389204,0.976963881294801,93
4,11,0.997992218134803,0.919983251387274,93
3,11,0.994900528730564,0.596853052223752,93
6,11,0.996162232131365,0.583545209698282,93
5,11,0.992200223770002,0.366406741025118,93
1,12,0.99950646973045,0.977837882499585,93
2,12,0.999207520043306,0.920456047459568,93
4,12,0.998154584568883,0.874737210101575,93
3,12,0.995487978534374,0.835583114477014,93
6,12,0.996042392915077,0.568066430319988,93
5,12,0.992040935816256,0.861693982253891,93
1,13,0.999457021302347,0.993356305004708,93
2,13,0.999105653076569,0.987662319572399,93
4,13,0.998207620272411,0.724222088792193,93
3,13,0.995272600537637,0.718192799825105,93
6,13,0.996201842362088,0.799801791750506,93
5,13,0.991706376566447,0.692971837976001,93
1,14,0.999505494186238,0.985849230657047,93
2,14,0.999275448521601,0.865647311549715,93
4,14,0.997760686658579,0.374755248731735,93
3,14,0.997830009687259,0.978747222686183,93
6,14,0.997637217908042,0.862150082550392,93
5,14,0.994829919844289,0.578122463467571,93
1,15,0.999621688146299,0.945703539720699,93
2,15,0.999284207145246,0.825694369364411,93
4,15,0.998184962978294,0.945167203871787,93
3,15,0.995186625799508,0.636900854341187,93
6,15,0.99627760448328,0.660358173817084,93
5,15,0.992958321224928,0.634681411848972,93
1,1,0.999841871571782,0.922999315698198,94
2,1,0.999827469514755,0.859126225628404,94
4,1,0.999627757936303,0.79956387233237,94
3,1,0.998759107190893,0.741688386496618,94
5,1,0.999062016796669,0.548245106840025,94
6,1,0.998135175515765,0.436755164796436,94
1,2,0.999822444151501,0.995593879361611,94
2,2,0.999809548385408,0.970587212228001,94
4,2,0.999563831956001,0.864998233984315,94
3,2,0.998658157880987,0.586880478390067,94
5,2,0.999092985597357,0.798682725217468,94
6,2,0.998149271744524,0.00483008883978778,94
1,3,0.999822312597704,0.992494020381353,94
2,3,0.999768543636941,0.980198060554277,94
4,3,0.999518927104725,0.971509430714222,94
3,3,0.998700901155056,0.861542999087154,94
5,3,0.998946650004363,0.723603798271971,94
6,3,0.998093396725833,0.649603865328533,94
1,4,0.999823773497761,0.979507737464697,94
2,4,0.999772942262675,0.989061128634402,94
4,4,0.999537430016856,0.362292607293807,94
3,4,0.998800868439631,0.762597287674842,94
5,4,0.999017110772865,0.795314191644052,94
6,4,0.998217834372025,0.147169714315374,94
1,5,0.999822118486938,0.996910519897743,94
2,5,0.999800857976421,0.847638213378837,94
4,5,0.999566942924758,-0.424371809280854,94
3,5,0.998604952312691,0.963294874656771,94
5,5,0.998983425724476,0.922735849747134,94
6,5,0.998330715275264,0.894916867102547,94
1,6,0.999910714652767,0.949643960697525,94
2,6,0.999807341324345,0.949566589027842,94
4,6,0.999669091579971,0.873693280080772,94
3,6,0.998646692622738,0.855768484910622,94
5,6,0.999199673857019,0.449846865322394,94
6,6,0.998492671568789,0.33821716986026,94
1,7,0.999844947852492,0.967213076270872,94
2,7,0.99978683400393,0.916280188014312,94
4,7,0.999495364270065,0.966525452019214,94
3,7,0.99872656389744,0.775966423754567,94
5,7,0.999090319471461,0.570385984443651,94
6,7,0.998115730460652,0.606523126187613,94
1,8,0.999826745127814,0.966365946584402,94
2,8,0.999780084811846,0.992265050600082,94
4,8,0.999569613535871,0.84805176797818,94
3,8,0.998811933322974,0.800525394207272,94
5,8,0.999051318510513,0.673919233714314,94
6,8,0.998554335635721,-0.209063313339585,94
1,9,0.999848294964721,0.988769447132795,94
2,9,0.999821994675821,0.894327106544748,94
4,9,0.99956436141017,0.943583147074089,94
3,9,0.999008763665496,0.830118436317496,94
5,9,0.999187850264091,0.962729095105551,94
6,9,0.998086018672836,0.793107811739798,94
1,10,0.999821289307869,0.93996907083524,94
2,10,0.999799936871526,0.94705508584656,94
4,10,0.999497149850024,0.975507907900403,94
3,10,0.998702611987817,0.938391326018493,94
5,10,0.999008414520206,0.521001730642541,94
6,10,0.998242049051377,0.690752363943127,94
1,11,0.999835343479269,0.97880184054255,94
2,11,0.999830395525072,0.936558368357331,94
4,11,0.999498848140547,0.822764946253124,94
3,11,0.998715891423806,0.633539473821396,94
5,11,0.999086809801608,0.653794233962387,94
6,11,0.998315627318951,0.107935852029845,94
1,12,0.999827515342517,0.927399049370865,94
2,12,0.999774079010019,0.984259088913727,94
4,12,0.99958237187192,0.241096276064083,94
3,12,0.998889310912141,0.632053635268861,94
5,12,0.998876890027444,0.281240283498147,94
6,12,0.99815711299309,0.728421778940246,94
1,13,0.999822284965355,0.953955978265713,94
2,13,0.999822262741549,0.651350255737109,94
4,13,0.999563726904701,0.462795257545967,94
3,13,0.999532033231575,0.961952946341249,94
5,13,0.999251918626929,0.477284929072903,94
6,13,0.998821479363303,0.387546558361179,94
1,14,0.999817844484906,0.998525385069996,94
2,14,0.999788577957564,0.785593710581877,94
4,14,0.999567917029531,0.760049887931067,94
3,14,0.998782384149934,0.778181544986744,94
5,14,0.999168643475048,0.857333315622911,94
6,14,0.998115819499298,0.738687380267157,94
1,15,0.99987623859495,0.876018337475151,94
2,15,0.999764650982932,0.984945757306999,94
4,15,0.999560380019788,0.7111103707471,94
3,15,0.99881151393428,0.890791759901315,94
5,15,0.99906665950695,0.000997825296276078,94
6,15,0.997885691819241,0.830217914543663,94
1,1,0.999999958837055,0.973091814245465,95
2,1,0.999999936170247,0.882625320724867,95
3,1,0.999999875835792,0.907015655891213,95
4,1,0.999999877781951,0.541132960416676,95
5,1,0.999999823903174,0.233036253912517,95
6,1,0.999999762735066,0.663782969100243,95
1,2,0.999999964001836,0.900671313868166,95
2,2,0.999999935175842,0.849169134939758,95
3,2,0.999999852526206,0.865245002584169,95
4,2,0.999999737391761,0.672657065843222,95
5,2,0.999999606152354,0.872859051480975,95
6,2,0.999999412423555,-0.00357647840354779,95
1,3,0.999999957645148,0.986555869766728,95
2,3,0.999999934430492,0.864915327716385,95
3,3,0.999999854313757,0.887010132618642,95
4,3,0.999999650802977,-0.133365584827206,95
5,3,0.999999657592446,0.172803443083099,95
6,3,0.99999931492042,0.764547443147634,95
1,4,0.999999961195591,0.831156133776935,95
2,4,0.999999919248825,0.977317156836818,95
3,4,0.999999843103008,0.939746718330235,95
4,4,0.999999665304011,0.0855703822978106,95
5,4,0.999999718601509,0.563797615669711,95
6,4,0.999999248504615,0.719830771442641,95
1,5,0.99999995599406,0.9918459058346,95
2,5,0.999999933247241,0.949914533912614,95
3,5,0.999999865748435,0.767075683831339,95
4,5,0.99999965285311,0.798128722741562,95
5,5,0.999999698339827,0.658515609734728,95
6,5,0.99999972268619,-0.230850482637822,95
1,6,0.999999958279037,0.98985289381967,95
2,6,0.999999934207635,0.938528736236386,95
3,6,0.999999861518957,0.758403618192162,95
4,6,0.999999758396187,0.277180500273475,95
5,6,0.999999596682155,0.798599462655239,95
6,6,0.999999407492386,0.828283676383806,95
1,7,0.999999957396246,0.968140335552293,95
2,7,0.999999954598426,0.94029365863487,95
3,7,0.999999832187655,0.930972705053954,95
4,7,0.999999591744166,0.781297686335347,95
5,7,0.999999719891169,0.715591936645507,95
6,7,0.999999453518439,-0.115554888913031,95
1,8,0.9999999574347,0.994479887753282,95
2,8,0.999999926700837,0.982551257332689,95
3,8,0.99999989209805,0.542802123601553,95
4,8,0.999999681022844,0.119517748832996,95
5,8,0.999999706813557,0.562361130126443,95
6,8,0.999999245110693,0.688460643211775,95
1,9,0.999999959391781,0.972227103508579,95
2,9,0.99999994259994,0.751226360892995,95
3,9,0.999999872756654,0.849172007923288,95
4,9,0.999999667309538,0.759923433432652,95
5,9,0.999999724533519,0.00583805039812028,95
6,9,0.999999347980736,0.726280939772798,95
1,10,0.999999959185078,0.971244918482136,95
2,10,0.999999946678907,0.901444354275308,95
3,10,0.999999867502159,0.560632445310086,95
4,10,0.999999651555375,0.0476481216420129,95
5,10,0.999999702267364,0.493890020456721,95
6,10,0.999999447073455,-0.62566156406864,95
1,11,0.999999974555413,0.977023408112276,95
2,11,0.999999948157414,0.788597779050193,95
3,11,0.999999869727874,0.96648751055703,95
4,11,0.999999720000458,0.820425894507442,95
5,11,0.999999746413059,0.753875429343438,95
6,11,0.999999306439297,0.878953463780157,95
1,12,0.999999964975061,0.988694706947548,95
2,12,0.999999937698941,0.982856997967377,95
3,12,0.99999989536512,0.485307156770289,95
4,12,0.999999652959785,0.920171793860576,95
5,12,0.999999755459332,0.550439563575721,95
6,12,0.99999932065021,0.872155698810419,95
1,13,0.999999956436599,0.998083420258737,95
2,13,0.99999994083982,0.939841866430125,95
3,13,0.99999987668807,0.837778557648082,95
4,13,0.999999636853951,0.851398236475232,95
5,13,0.999999709176901,0.961781066218506,95
6,13,0.99999940028652,0.704350450782401,95
1,14,0.99999995366094,0.994719672119713,95
2,14,0.999999940305631,0.643916100394841,95
3,14,0.999999846115427,0.4548949516125,95
4,14,0.999999668948979,0.886761666455314,95
5,14,0.999999701745278,0.398458957786014,95
6,14,0.999999309203329,0.467746287844268,95
1,15,0.999999973753272,0.919413805521637,95
2,15,0.99999994184936,0.965767840813051,95
3,15,0.999999879653636,0.880478898835956,95
4,15,0.999999637052887,0.855436378956259,95
5,15,0.999999694732359,0.500860498947562,95
6,15,0.99999933633823,0.228244694516053,95
1,1,0.999548899766077,0.989013570851826,96
2,1,0.999265845696263,0.873424079378873,96
3,1,0.998795669008884,0.76280360363635,96
4,1,0.994753710194732,0.882555946509709,96
6,1,0.997034374256598,-0.145033118161388,96
5,1,0.994102421597041,0.755322649792019,96
1,2,0.999462171021012,0.992051275809369,96
2,2,0.999213762453721,0.948000545955857,96
3,2,0.998205168682719,0.774618889737375,96
4,2,0.994836670822204,0.838910967743604,96
6,2,0.996722026792476,0.124468136103079,96
5,2,0.994030609292325,0.731664530616751,96
1,3,0.999459729472734,0.976883747538744,96
2,3,0.999302224323277,0.298551816633694,96
3,3,0.998464888842016,0.474380753960201,96
4,3,0.998182836038353,0.929158327055023,96
6,3,0.996268598329136,0.752014480937889,96
5,3,0.99532837274224,0.345503045003519,96
1,4,0.999504260761633,0.968003477737961,96
2,4,0.999215942781863,0.967915420726039,96
3,4,0.998062983439668,0.964345600780121,96
4,4,0.994747121418613,0.947899564521218,96
6,4,0.997086411142943,0.929984818148469,96
5,4,0.994738810812257,0.348228484177259,96
1,5,0.999458591166441,0.995780401978118,96
2,5,0.999108648826123,0.983066075576855,96
3,5,0.998168101368577,0.919404808096176,96
4,5,0.994877534809027,0.909703510210786,96
6,5,0.996721218136104,0.0397856818431362,96
5,5,0.993963814259789,0.670844100367839,96
1,6,0.999492334296429,0.978579240103115,96
2,6,0.999154893985047,0.971700234847932,96
3,6,0.998341942313806,0.81166536179182,96
4,6,0.99499502181399,0.663150068300724,96
6,6,0.996676973545349,0.582389532532642,96
5,6,0.994046520730549,0.0489992486582275,96
1,7,0.999483931104246,0.964499252354421,96
2,7,0.99920365345801,0.963720133979659,96
3,7,0.998276313523768,0.920157554831542,96
4,7,0.994687981278855,0.933993601597987,96
6,7,0.997475453158109,0.372433928169213,96
5,7,0.993985539596997,0.829008963597119,96
1,8,0.99945316059191,0.995441175699238,96
2,8,0.999168779168725,0.983014649846353,96
3,8,0.998275776139873,0.984672115228182,96
4,8,0.995033681209233,0.817590874445908,96
6,8,0.996804825247618,0.240362838767646,96
5,8,0.99368626743669,0.7148437281129,96
1,9,0.999714423998557,0.948771212206844,96
2,9,0.999131789260548,0.996785641710727,96
3,9,0.998217950264403,0.981827217828738,96
4,9,0.995090892210299,0.85464377023094,96
6,9,0.997158852675791,0.566909385104198,96
5,9,0.993686001118912,0.824830670893352,96
1,10,0.99950815577324,0.965203201437987,96
2,10,0.999256842659686,0.935801196912154,96
3,10,0.998195080603644,0.649792642539733,96
4,10,0.994711835497658,0.805393687689683,96
6,10,0.996795705474895,0.839606458769045,96
5,10,0.993823736715477,0.60950715339768,96
1,11,0.999442995747644,0.989000116094324,96
2,11,0.999242794540911,0.86805650431064,96
3,11,0.998339659243884,0.71064138788389,96
4,11,0.995561384915858,0.819858102928107,96
6,11,0.996609236968725,0.950404847609763,96
5,11,0.99494750292133,-0.0488853140689,96
1,12,0.999489322038793,0.992040675625351,96
2,12,0.999465435976473,0.78460065274095,96
3,12,0.998386985444536,0.896404681910557,96
4,12,0.996590849270167,0.712588967998347,96
6,12,0.995614063612701,0.848112166171056,96
5,12,0.993859567127128,0.85448476551439,96
1,13,0.999451582526575,0.987089195610697,96
2,13,0.999086574480935,0.956662972454783,96
3,13,0.99834209294192,0.763061933177638,96
4,13,0.995178839333155,0.749526005494089,96
6,13,0.997218083981144,0.363121402680867,96
5,13,0.993842852715698,0.614112602795379,96
1,14,0.999615472536713,0.856516612058215,96
2,14,0.999280509090464,0.901681463712817,96
3,14,0.998389860460667,0.742155751267722,96
4,14,0.995839962763977,0.45727307045942,96
6,14,0.996097330383585,0.829012558552442,96
5,14,0.994301754006953,0.398518275574585,96
1,15,0.999536310957327,0.764759208443544,96
2,15,0.99909282308728,0.99390738453878,96
3,15,0.998279546447378,0.937431635412399,96
4,15,0.995121542898425,0.842038657481402,96
6,15,0.996648966858523,0.280433262540549,96
5,15,0.993821913091039,0.297439672581067,96
1,1,0.999960861568596,0.997578658116604,97
2,1,0.999951398711941,0.933361854686263,97
3,1,0.999882512488609,0.784076821361927,97
4,1,0.999650033111144,0.759659472691818,97
5,1,0.999784180661151,0.395696492168241,97
6,1,0.999234118120072,-0.0582453919156851,97
1,2,0.999966422690395,0.983929636817946,97
2,2,0.999948315854116,0.969212607354378,97
3,2,0.999886545274866,0.955510936405515,97
4,2,0.999879875282301,0.135324033800005,97
5,2,0.999677964738373,0.830288987462534,97
6,2,0.999180641601048,0.68185674820615,97
1,3,0.999974094561315,0.840123855977989,97
2,3,0.999964795501168,0.672496337765377,97
3,3,0.99990862743366,0.572544767025155,97
4,3,0.999878622268753,0.629466095502,97
5,3,0.999781348854199,0.434333001591604,97
6,3,0.999755075355154,0.18166429994446,97
1,4,0.999980467939947,0.97921930938954,97
2,4,0.99995283292825,0.948906397169283,97
3,4,0.999877183042347,0.96587007801421,97
4,4,0.999717739689179,0.787382517177411,97
5,4,0.999796189967396,0.814418019020715,97
6,4,0.99913413405858,0.787942599847766,97
1,5,0.999966064323508,0.988092596775958,97
2,5,0.999955453289726,0.938552108155806,97
3,5,0.999895180530074,0.686740294710649,97
4,5,0.999762192375078,0.380428831254008,97
5,5,0.999695945519305,0.826194499734999,97
6,5,0.999226003740142,0.233249887978316,97
1,6,0.99996491304347,0.982480916015886,97
2,6,0.999950170207259,0.947425148552166,97
3,6,0.999880479149807,-0.0877774115526464,97
4,6,0.99965280701487,0.715428495768868,97
5,6,0.999779527430864,0.0488764145128487,97
6,6,0.999213736082536,0.226488010542106,97
1,7,0.999962786561328,0.968918466946326,97
2,7,0.999944961527395,0.94406758661985,97
3,7,0.999874142414173,0.953023595302517,97
4,7,0.999802124535966,0.609300373068533,97
5,7,0.999698880305274,0.780974531599742,97
6,7,0.999299064241214,0.628223884773586,97
1,8,0.99997351401665,0.987402738205278,97
2,8,0.999957175776419,0.935795243773043,97
3,8,0.999899621964929,0.843351376485729,97
4,8,0.99970448344534,0.428925361622614,97
5,8,0.999708096454156,0.359004797818633,97
6,8,0.999146306769062,0.530842944737293,97
1,9,0.99996230038986,0.997948207890933,97
2,9,0.999943248637187,0.992985444214369,97
3,9,0.999872688230447,0.973141781990928,97
4,9,0.999665783298069,0.822070399017974,97
5,9,0.9997584503556,0.840899042212,97
6,9,0.99934581974315,0.357974689266655,97
1,10,0.999963209361449,0.925477254853757,97
2,10,0.999936820169892,0.995214212244083,97
3,10,0.999883117665199,0.871507368445158,97
4,10,0.999851707834809,0.280656955096485,97
5,10,0.999660136397853,0.93353400428816,97
6,10,0.999126743411669,0.812136194476353,97
1,11,0.99996682067781,0.802706846367235,97
2,11,0.999940519012641,0.996750820296644,97
3,11,0.999880648313217,0.945118652500396,97
4,11,0.999693702987869,0.73422951787468,97
5,11,0.999781922338669,0.327693184566125,97
6,11,0.999077916598575,0.63282878912625,97
1,12,0.999961198749955,0.982359885965387,97
2,12,0.999945784303757,0.911929986864749,97
3,12,0.999873657485794,0.850025532155488,97
4,12,0.999700420782752,0.527201968822539,97
5,12,0.999745979676881,-0.470701023427787,97
6,12,0.999127860391718,0.851846223027984,97
1,13,0.999965102864551,0.958679348708509,97
2,13,0.999950170740153,0.949630530793392,97
3,13,0.999871472086209,0.972347544271124,97
4,13,0.999698752921491,0.807945873906475,97
5,13,0.999792666580135,0.912000928319532,97
6,13,0.999120841556724,0.568854937133501,97
1,14,0.99996369223971,0.961526652285319,97
2,14,0.99995300920906,0.925597777884878,97
3,14,0.999857449566646,0.87817075400059,97
4,14,0.999646456341494,0.970961111641099,97
5,14,0.999760881298264,0.893631478057053,97
6,14,0.999200842089114,0.750740263199018,97
1,15,0.999968319288196,0.977483163398569,97
2,15,0.999948733551219,0.885575217111869,97
3,15,0.999886850523634,0.856780363829012,97
4,15,0.999775582764017,0.789252516648757,97
5,15,0.999713908974619,0.8928520733583,97
6,15,0.999139704418676,0.758513825000183,97
1,1,0.999966000422376,0.786788986705062,98
2,1,0.999946444916849,0.913369379055007,98
4,1,0.999906308599177,0.110526051228369,98
3,1,0.999709763210682,0.85229790954298,98
6,1,0.999793946754213,0.234007413767041,98
5,1,0.999707540207594,0.2077531425883,98
1,2,0.999966737136308,0.935348815050496,98
2,2,0.999945268278456,0.983398206369673,98
4,2,0.999903315615229,0.73637684307235,98
3,2,0.99982451842084,0.456666252053238,98
6,2,0.999782462159402,0.823041537652628,98
5,2,0.999667922837241,0.834830433446797,98
1,3,0.999966479891288,0.996949280493151,98
2,3,0.999960525893555,0.921273963880342,98
4,3,0.999909770995799,0.956030615923648,98
3,3,0.999757527339078,0.706934637571661,98
6,3,0.999800150251768,0.394599127511505,98
5,3,0.999689744790317,0.853504373482572,98
1,4,0.999964295224536,0.978799192560951,98
2,4,0.999945258490949,0.898083070451734,98
4,4,0.999905158799274,0.249669619249099,98
3,4,0.999716053723191,0.890618287651025,98
6,4,0.999785122856618,0.694020768667139,98
5,4,0.999718822092984,0.462342098980443,98
1,5,0.999972805051223,0.887720844860326,98
2,5,0.999940890161751,0.976296196370694,98
4,5,0.999905318605834,0.866159840265816,98
3,5,0.999743916093478,0.890444641170767,98
6,5,0.99978242118487,0.229992505873127,98
5,5,0.999666803350721,0.940686591807144,98
1,6,0.999966701587402,0.944273388214164,98
2,6,0.999942937673844,0.740149519093128,98
4,6,0.999889074864912,0.854619201288329,98
3,6,0.999714953912637,0.429147477113514,98
6,6,0.999782005646284,0.572479570922231,98
5,6,0.999693254829399,0.230688496967231,98
1,7,0.99997555324382,0.973524725764785,98
2,7,0.999952469281122,0.77062290112245,98
4,7,0.999923072723844,0.962163112810684,98
3,7,0.999704790609019,0.933829568273777,98
6,7,0.999832746327605,0.724650671383673,98
5,7,0.999689476397842,0.402339812279344,98
1,8,0.999964783159236,0.988980688194665,98
2,8,0.999950208989191,0.669172619703924,98
4,8,0.999919151599101,0.570647216768784,98
3,8,0.999867311226958,0.889319877905136,98
6,8,0.999778735794996,0.722174247798745,98
5,8,0.999791883142804,0.190748586925547,98
1,9,0.999965481854757,0.979809043571641,98
2,9,0.999949185501833,0.689828916414897,98
4,9,0.999914784549567,0.716772001514315,98
3,9,0.999725449166526,0.774047747578516,98
6,9,0.99987301740654,-0.0109246521164194,98
5,9,0.999688862273006,0.828834517198016,98
1,10,0.999966705808543,0.970541400770029,98
2,10,0.999944398077251,0.957936426351473,98
4,10,0.999898420063434,0.928829475200095,98
3,10,0.999703131836558,0.918863360464958,98
6,10,0.999783170576215,-0.0334635791163278,98
5,10,0.999717024774464,0.39240585744057,98
1,11,0.999964257570573,0.983708738717897,98
2,11,0.999947506223848,0.894694583754311,98
4,11,0.99989925275572,0.800013857671127,98
3,11,0.999725889050941,-0.103025972160655,98
6,11,0.999774916217482,0.298954101213277,98
5,11,0.999707581040416,-0.343669653098264,98
1,12,0.999963897090557,0.981347148446378,98
2,12,0.999944255328987,0.925274550080303,98
4,12,0.999898714392186,0.924939903385095,98
3,12,0.999700646107373,0.741944745737595,98
6,12,0.999781238345401,0.683125745634357,98
5,12,0.99967806728828,0.555959873970058,98
1,13,0.999971094290657,0.971885337903487,98
2,13,0.999939834966586,0.987886900887995,98
4,13,0.999887774177882,0.933544609580612,98
3,13,0.999739135111675,0.910989554129107,98
6,13,0.99974309717957,0.806362881786756,98
5,13,0.999677226013284,0.775973885473712,98
1,14,0.999985638555313,0.93596483624415,98
2,14,0.999952596225553,0.979601307272255,98
4,14,0.999909333800117,0.970981337351343,98
3,14,0.999723058858404,0.941043750981952,98
6,14,0.999793029115583,0.454949853217438,98
5,14,0.99972155580644,0.529125104701183,98
1,15,0.999961878560798,0.992123851728091,98
2,15,0.999946851160179,0.956645849173541,98
4,15,0.999905854246642,-0.152363680739223,98
3,15,0.999744698359932,0.789234760821858,98
6,15,0.999785584713608,0.775653875412974,98
5,15,0.999686912503508,0.811489942942308,98
1,1,0.999509086350002,0.979767010528297,99
2,1,0.999219158443686,0.883948962493081,99
3,1,0.998489462572871,0.0991134420954716,99
4,1,0.994151364823077,-0.178945776508647,99
6,1,0.996011349529986,0.209462898620692,99
5,1,0.991720364860542,0.143105518200605,99
1,2,0.999512457291519,0.947597112968383,99
2,2,0.998966635733197,0.977265038932469,99
3,2,0.998471989528682,0.764670768001504,99
4,2,0.992768550901015,0.83125422923735,99
6,2,0.994932146731313,0.902018085277041,99
5,2,0.991892820634688,0.863794580089565,99
1,3,0.999541177856315,0.987900749336018,99
2,3,0.999109948311653,0.94889293036647,99
3,3,0.998634648915316,0.933404700448354,99
4,3,0.9954071433235,0.662613466028289,99
6,3,0.996192454314282,-0.244426817091786,99
5,3,0.992187479303693,0.849645406413002,99
1,4,0.999593072450545,0.942244894553419,99
2,4,0.999197977851741,0.827612734181543,99
3,4,0.998511166685972,0.956704776783939,99
4,4,0.994921050348275,0.7036823234066,99
6,4,0.995479812096341,0.355545197093581,99
5,4,0.991982495935108,0.68654281782481,99
1,5,0.999481827762962,0.999274391308686,99
2,5,0.999128257471966,0.706043697423256,99
3,5,0.998226282801204,0.691822654742305,99
4,5,0.997809127220658,0.827047710828232,99
6,5,0.996746442989728,0.673088343414418,99
5,5,0.995613288140393,0.113120947930431,99
1,6,0.999532371795299,0.984626624597053,99
2,6,0.999085162330718,0.956982399014938,99
3,6,0.998313486545885,0.853041527020302,99
4,6,0.993590225932809,0.858934702616479,99
6,6,0.995689122123837,0.755102612344716,99
5,6,0.991918704606368,0.61776246084589,99
1,7,0.999570327601098,0.849811638914949,99
2,7,0.998887955056937,0.997211446710234,99
3,7,0.998451755204928,0.991455739578018,99
4,7,0.993927176956264,0.939173626970086,99
6,7,0.995586807345879,0.576014875223828,99
5,7,0.994752412367196,0.472379863884786,99
1,8,0.999531876991576,0.972726372735404,99
2,8,0.999238916712277,0.777767608425884,99
3,8,0.998190098262861,0.850140619561294,99
4,8,0.994147768936731,0.935347412129312,99
6,8,0.995645800821201,0.661764650844023,99
5,8,0.991947019393269,0.782097651306136,99
1,9,0.999555869013267,0.953069238486705,99
2,9,0.999211292249389,0.874265599844043,99
3,9,0.998421204463695,0.753782898051646,99
4,9,0.993944507084759,0.986775624333781,99
6,9,0.995528104651216,0.858698972339784,99
5,9,0.992174100003403,0.323303447712975,99
1,10,0.999459975054066,0.995759992846414,99
2,10,0.998920669995161,0.976353368512493,99
3,10,0.998189493111535,0.962958116286358,99
4,10,0.994086125528143,0.916055356235128,99
6,10,0.9957643359831,0.798374646978497,99
5,10,0.991024185117658,0.833757010971477,99
1,11,0.999503489177711,0.987717826349934,99
2,11,0.999057071219444,0.962942026714002,99
3,11,0.998412246809191,0.899952542019356,99
4,11,0.993753052831457,0.483393376093845,99
6,11,0.995476017681268,0.675179729992208,99
5,11,0.992422792985829,0.147534068634431,99
1,12,0.999491497719267,0.980575420903136,99
2,12,0.999072857475919,0.923339570143078,99
3,12,0.998354732130468,0.831238821329432,99
4,12,0.993707885467238,0.738251640939708,99
6,12,0.995835185538188,-0.774098629541864,99
5,12,0.991970912465326,0.629875414960639,99
1,13,0.999694347912963,0.960119283502441,99
2,13,0.999094025322267,0.981777401699748,99
3,13,0.998488087647177,0.944159559876838,99
4,13,0.99510765593249,0.573309262097864,99
6,13,0.99583849594039,-0.0669642602321976,99
5,13,0.99159722674791,0.905106776272773,99
1,14,0.999513300281555,0.993280023548095,99
2,14,0.999060321094937,0.71542186527133,99
3,14,0.998272390894593,0.979370226654732,99
4,14,0.993594293829436,0.581802485462213,99
6,14,0.995617053163626,0.657778565571707,99
5,14,0.992244643091296,-0.125210113425876,99
1,15,0.999498870397604,0.961408277916484,99
2,15,0.999100158001194,0.276786057473645,99
3,15,0.998638052533666,0.826407489135612,99
4,15,0.994075845134301,0.908199426349356,99
6,15,0.995864649529851,0.411888448508413,99
5,15,0.9922179520852,0.799860631047792,99
1,1,0.997945143870946,0.93376052281935,100
2,1,0.99752969524575,0.912064545946876,100
4,1,0.993857738669238,0.819578116788025,100
3,1,0.987352875239922,0.352045853405525,100
5,1,0.989556986558534,-0.0307514161576233,100
6,1,0.983942464826304,0.718219250507152,100
1,2,0.997892605150656,0.987948260743046,100
2,2,0.998111359232723,0.903991503910855,100
4,2,0.993756291032318,0.975611854398549,100
3,2,0.987203383458652,0.926497178360409,100
5,2,0.985645436451061,0.886019376919084,100
6,2,0.984478493437261,0.769472143271202,100
1,3,0.997931408829482,0.982751412721124,100
2,3,0.996998758937306,0.994572419651844,100
4,3,0.993925227280263,0.623104103324458,100
3,3,0.989276692701303,0.905264405742336,100
5,3,0.989019452391236,0.773899775633128,100
6,3,0.983495788555806,0.934062904821364,100
1,4,0.997979847653603,0.977418741795893,100
2,4,0.997696368435147,0.930149620133711,100
4,4,0.994623594325275,0.570708450264301,100
3,4,0.988446842268098,0.879801628883658,100
5,4,0.988962032882869,0.748725127926313,100
6,4,0.983823073246027,0.680318309661069,100
1,5,0.998107284872935,0.969534103813949,100
2,5,0.997710630498915,0.727139440862506,100
4,5,0.993372388647791,0.738562226830179,100
3,5,0.993270584185212,0.772882248942219,100
5,5,0.989857911698931,0.670953083780154,100
6,5,0.987096817126688,-0.199100946925685,100
1,6,0.997852747139786,0.960117661182194,100
2,6,0.997917328931776,0.668513559112978,100
4,6,0.994014704552034,-0.0200489438729668,100
3,6,0.987345146028597,0.905384305628298,100
5,6,0.989391186980805,0.780715316488138,100
6,6,0.983234879023095,-0.0168867065871202,100
1,7,0.997748919771909,0.989900914723677,100
2,7,0.997768274761127,0.947892983634124,100
4,7,0.993580216764118,0.432192049305779,100
3,7,0.987497264561527,0.709571640079931,100
5,7,0.989332400691659,0.496536881981718,100
6,7,0.982886226239693,0.720839768905546,100
1,8,0.998410591663765,0.742061972628863,100
2,8,0.997435497771961,0.968452648069002,100
4,8,0.993810312490451,0.968462162370115,100
3,8,0.986266449079923,0.866339101789565,100
5,8,0.98853988306912,0.245402295345204,100
6,8,0.982764277692732,0.712614410680671,100
1,9,0.998106553326815,0.970732326151779,100
2,9,0.99773873689611,0.873124587772121,100
4,9,0.993437519961508,0.986095328604655,100
3,9,0.987957209969905,0.851247912613079,100
5,9,0.992325183552317,0.718304132590082,100
6,9,0.985821497392445,0.747877425936802,100
1,10,0.998073721335714,0.949790171147927,100
2,10,0.997388675163637,0.981434401023472,100
4,10,0.99451813698124,0.488796953553502,100
3,10,0.987403279064667,0.865474836422523,100
5,10,0.988454125197138,-0.148248056578984,100
6,10,0.983362977322605,-0.192701641651465,100
1,11,0.998157430956619,0.906958285675042,100
2,11,0.997626367067699,0.966189921256223,100
4,11,0.99389110366937,0.744961565968351,100
3,11,0.986475873583888,0.929049121266468,100
5,11,0.989324869080679,0.457983600242054,100
6,11,0.983912525920744,0.845457122451961,100
1,12,0.997773766837949,0.985781450709351,100
2,12,0.997546641601351,0.742321815062592,100
4,12,0.993000630532528,0.90572042946984,100
3,12,0.987168286870104,0.278291363241534,100
5,12,0.986411082059651,0.832070304287284,100
6,12,0.982992202275934,-0.32067358325936,100
1,13,0.997935597905444,0.992101370788187,100
2,13,0.997505674261251,0.915921799924423,100
4,13,0.993770811313614,0.930472107996016,100
3,13,0.986774795035557,0.807639696803674,100
5,13,0.989282413865606,0.79275831461111,100
6,13,0.983688405477437,0.68420367358196,100
1,14,0.997892008016763,0.993835225742507,100
2,14,0.997943841748494,0.763457589509914,100
4,14,0.993497897675333,0.930952739506973,100
3,14,0.987137227809417,0.92044652604769,100
5,14,0.989859253802069,0.324836020114175,100
6,14,0.984527362334118,0.71591081264115,100
1,15,0.99882663891801,0.945253435927497,100
2,15,0.997675716640978,0.698682793702023,100
4,15,0.994073838300615,0.806901529810573,100
3,15,0.987045248537175,0.71016111350488,100
5,15,0.989217563359053,0.79469084735789,100
6,15,0.983679782336643,0.714321890698379,100
